<?xml version="1.0" encoding="UTF-8"?>
<gpx schemaLocation="http://www.topografix.com/GPX/1/1 https://www.topografix.com/GPX/1/1/gpx.xsd http://www.cluetrust.com/XML/GPXDATA/1/0 https://www.cluetrust.com/Schemas/gpxdata10.xsd" creator="COROS Wearables" version="1.1" xmlns="http://www.topografix.com/GPX/1/1" xmlns:xsi="http://www.w3.org/2001/XMLSchema-instance" xsi:schemaLocation="http://www.topografix.com/GPX/1/1 http://www.topografix.com/GPX/1/1/gpx.xsd http://www.garmin.com/xmlschemas/GpxExtensions/v3 http://www.garmin.com/xmlschemas/GpxExtensionsv3.xsd http://www.garmin.com/xmlschemas/TrackPointExtension/v1 http://www.garmin.com/xmlschemas/TrackPointExtensionv1.xsd http://www.garmin.com/xmlschemas/PowerExtension/v1 http://www.garmin.com/xmlschemas/PowerExtensionv1.xsd http://www.topografix.com/GPX/gpx_style/0/2 http://www.topografix.com/GPX/gpx_style/0/2/gpx_style.xsd" xmlns:gpxtpx="http://www.garmin.com/xmlschemas/TrackPointExtension/v1" xmlns:gpxx="http://www.garmin.com/xmlschemas/GpxExtensions/v3" xmlns:gpxpx="http://www.garmin.com/xmlschemas/PowerExtension/v1" xmlns:gpx_style="http://www.topografix.com/GPX/gpx_style/0/2">
  <metadata>
    <name>アパトレイル</name>
    <author>
      <name>gpx.studio</name>
      <link href="https://gpx.studio"/>
    </author>
    <link href="https://www.coros.com">
      <text>COROS</text>
    </link>
  </metadata>
  <trk>
    <name>アパトレイル</name>
    <type>running</type>
    <extensions>
      <gpx_style:line>
        <gpx_style:color>d551f0</gpx_style:color>
        <gpx_style:opacity>1</gpx_style:opacity>
        <gpx_style:width>6</gpx_style:width>
      </gpx_style:line>
    </extensions>
    <trkseg>
      <trkpt lat="36.872833" lon="138.211868">
        <ele>514.8453156998117</ele>
      </trkpt>
      <trkpt lat="36.872652" lon="138.211912">
        <ele>513.678762957469</ele>
      </trkpt>
      <trkpt lat="36.872571" lon="138.211934">
        <ele>513.2229663247715</ele>
      </trkpt>
      <trkpt lat="36.872492" lon="138.211916">
        <ele>512.8987696772452</ele>
      </trkpt>
      <trkpt lat="36.872256" lon="138.211805">
        <ele>513.1159568355841</ele>
      </trkpt>
      <trkpt lat="36.872045" lon="138.211671">
        <ele>514.5628359379256</ele>
      </trkpt>
      <trkpt lat="36.871917" lon="138.211628">
        <ele>515.450979994517</ele>
      </trkpt>
      <trkpt lat="36.871672" lon="138.211602">
        <ele>515.2452912369997</ele>
      </trkpt>
      <trkpt lat="36.871469" lon="138.211537">
        <ele>513.7334018813219</ele>
      </trkpt>
      <trkpt lat="36.871352" lon="138.211476">
        <ele>512.9563615491718</ele>
      </trkpt>
      <trkpt lat="36.871329" lon="138.211444">
        <ele>512.9269513813229</ele>
      </trkpt>
      <trkpt lat="36.8713151" lon="138.2114593">
        <ele>512.734286942473</ele>
      </trkpt>
      <trkpt lat="36.8713151" lon="138.2114593">
        <ele>512.734286942473</ele>
      </trkpt>
      <trkpt lat="36.87112952283604" lon="138.21094731735494">
        <ele>514.5993854735514</ele>
      </trkpt>
      <trkpt lat="36.870943945672096" lon="138.21043533470987">
        <ele>515.6250856210481</ele>
      </trkpt>
      <trkpt lat="36.870935151143115" lon="138.21041107177734">
        <ele>515.8000000000933</ele>
      </trkpt>
      <trkpt lat="36.870935151143115" lon="138.21041107177734">
        <ele>515.8000000000933</ele>
      </trkpt>
      <trkpt lat="36.87063474722264" lon="138.21014285087585">
        <ele>518.1250000000014</ele>
      </trkpt>
      <trkpt lat="36.870274260958766" lon="138.21006774902344">
        <ele>518.1375000001171</ele>
      </trkpt>
      <trkpt lat="36.870274260958766" lon="138.21006774902344">
        <ele>518.1375000001171</ele>
      </trkpt>
      <trkpt lat="36.869835946295055" lon="138.20994228443044">
        <ele>517.4862995962386</ele>
      </trkpt>
      <trkpt lat="36.86939763163134" lon="138.20981681983747">
        <ele>517.5056346023459</ele>
      </trkpt>
      <trkpt lat="36.8690531" lon="138.2097182">
        <ele>515.4529399175419</ele>
      </trkpt>
      <trkpt lat="36.8690531" lon="138.2097182">
        <ele>515.4529399175419</ele>
      </trkpt>
      <trkpt lat="36.8690434" lon="138.2097478">
        <ele>515.0222084909316</ele>
      </trkpt>
      <trkpt lat="36.8690338" lon="138.2097774">
        <ele>514.6347155451981</ele>
      </trkpt>
      <trkpt lat="36.8690326" lon="138.2098119">
        <ele>514.2826297471081</ele>
      </trkpt>
      <trkpt lat="36.8690315" lon="138.2098464">
        <ele>513.9932519891311</ele>
      </trkpt>
      <trkpt lat="36.8690362" lon="138.2098818">
        <ele>513.7387680326597</ele>
      </trkpt>
      <trkpt lat="36.869041" lon="138.2099172">
        <ele>513.4892237657216</ele>
      </trkpt>
      <trkpt lat="36.8690491" lon="138.2099518">
        <ele>513.25647481678</ele>
      </trkpt>
      <trkpt lat="36.8690573" lon="138.2099864">
        <ele>513.0029679347277</ele>
      </trkpt>
      <trkpt lat="36.869067" lon="138.210019">
        <ele>512.7296255969745</ele>
      </trkpt>
      <trkpt lat="36.8690768" lon="138.2100516">
        <ele>512.4458709509358</ele>
      </trkpt>
      <trkpt lat="36.8690883" lon="138.2100824">
        <ele>512.1670214971073</ele>
      </trkpt>
      <trkpt lat="36.8690999" lon="138.2101132">
        <ele>511.87784718270484</ele>
      </trkpt>
      <trkpt lat="36.8691135" lon="138.2101424">
        <ele>511.61127545191</ele>
      </trkpt>
      <trkpt lat="36.8691271" lon="138.2101717">
        <ele>511.28888334240764</ele>
      </trkpt>
      <trkpt lat="36.8691426" lon="138.2101987">
        <ele>510.9743105424568</ele>
      </trkpt>
      <trkpt lat="36.8691582" lon="138.2102257">
        <ele>510.65973774250597</ele>
      </trkpt>
      <trkpt lat="36.8691758" lon="138.2102496">
        <ele>510.3946081303159</ele>
      </trkpt>
      <trkpt lat="36.8691935" lon="138.2102736">
        <ele>510.1333548825209</ele>
      </trkpt>
      <trkpt lat="36.8692125" lon="138.2102942">
        <ele>509.910588629263</ele>
      </trkpt>
      <trkpt lat="36.8692316" lon="138.2103149">
        <ele>509.7001187449784</ele>
      </trkpt>
      <trkpt lat="36.8692523" lon="138.2103325">
        <ele>509.54079928873153</ele>
      </trkpt>
      <trkpt lat="36.8692731" lon="138.2103502">
        <ele>509.3546644287707</ele>
      </trkpt>
      <trkpt lat="36.8692954" lon="138.2103643">
        <ele>509.2139536393989</ele>
      </trkpt>
      <trkpt lat="36.8693178" lon="138.2103785">
        <ele>509.0938772747201</ele>
      </trkpt>
      <trkpt lat="36.8693412" lon="138.2103897">
        <ele>508.99586653807336</ele>
      </trkpt>
      <trkpt lat="36.8693646" lon="138.210401">
        <ele>508.8959607901064</ele>
      </trkpt>
      <trkpt lat="36.8693891" lon="138.2104112">
        <ele>508.8014537722181</ele>
      </trkpt>
      <trkpt lat="36.8694137" lon="138.2104214">
        <ele>508.71953045399937</ele>
      </trkpt>
      <trkpt lat="36.869439" lon="138.2104321">
        <ele>508.63337291399995</ele>
      </trkpt>
      <trkpt lat="36.8694644" lon="138.2104428">
        <ele>508.54990167043104</ele>
      </trkpt>
      <trkpt lat="36.8694907" lon="138.2104544">
        <ele>508.4802066493732</ele>
      </trkpt>
      <trkpt lat="36.8695171" lon="138.2104661">
        <ele>508.4206488359644</ele>
      </trkpt>
      <trkpt lat="36.8695434" lon="138.210478">
        <ele>508.3357694415236</ele>
      </trkpt>
      <trkpt lat="36.8695697" lon="138.2104899">
        <ele>508.2207847628325</ele>
      </trkpt>
      <trkpt lat="36.8695953" lon="138.2105028">
        <ele>508.1175794393673</ele>
      </trkpt>
      <trkpt lat="36.8696209" lon="138.2105157">
        <ele>508.0718543973759</ele>
      </trkpt>
      <trkpt lat="36.8696456" lon="138.2105306">
        <ele>508.0346301984517</ele>
      </trkpt>
      <trkpt lat="36.8696703" lon="138.2105456">
        <ele>507.98972174991</ele>
      </trkpt>
      <trkpt lat="36.8696933" lon="138.2105636">
        <ele>507.93117654053566</ele>
      </trkpt>
      <trkpt lat="36.8697164" lon="138.2105817">
        <ele>507.87242741216994</ele>
      </trkpt>
      <trkpt lat="36.8697376" lon="138.2106035">
        <ele>507.87755664095255</ele>
      </trkpt>
      <trkpt lat="36.8697589" lon="138.2106253">
        <ele>507.8692007812107</ele>
      </trkpt>
      <trkpt lat="36.8697782" lon="138.2106507">
        <ele>507.87005822970946</ele>
      </trkpt>
      <trkpt lat="36.8697975" lon="138.2106762">
        <ele>507.8718227493588</ele>
      </trkpt>
      <trkpt lat="36.8698147" lon="138.2107044">
        <ele>507.9100829863135</ele>
      </trkpt>
      <trkpt lat="36.8698319" lon="138.2107327">
        <ele>507.92497245303247</ele>
      </trkpt>
      <trkpt lat="36.8698462" lon="138.2107629">
        <ele>507.95865861172604</ele>
      </trkpt>
      <trkpt lat="36.8698605" lon="138.2107932">
        <ele>507.9781729609968</ele>
      </trkpt>
      <trkpt lat="36.8698722" lon="138.2108251">
        <ele>508.0181262110185</ele>
      </trkpt>
      <trkpt lat="36.8698839" lon="138.2108571">
        <ele>508.02162091241746</ele>
      </trkpt>
      <trkpt lat="36.8698939" lon="138.2108895">
        <ele>507.9942061217971</ele>
      </trkpt>
      <trkpt lat="36.8699039" lon="138.2109219">
        <ele>507.95579620312435</ele>
      </trkpt>
      <trkpt lat="36.8699122" lon="138.2109547">
        <ele>507.96537491694573</ele>
      </trkpt>
      <trkpt lat="36.8699206" lon="138.2109875">
        <ele>507.9879371057531</ele>
      </trkpt>
      <trkpt lat="36.8699275" lon="138.211021">
        <ele>508.02628732221314</ele>
      </trkpt>
      <trkpt lat="36.8699345" lon="138.2110545">
        <ele>508.0431810200223</ele>
      </trkpt>
      <trkpt lat="36.8699407" lon="138.2110889">
        <ele>508.0707014733466</ele>
      </trkpt>
      <trkpt lat="36.869947" lon="138.2111233">
        <ele>508.13821227202243</ele>
      </trkpt>
      <trkpt lat="36.8699527" lon="138.2111575">
        <ele>508.22636510052064</ele>
      </trkpt>
      <trkpt lat="36.8699585" lon="138.2111918">
        <ele>508.3209463415837</ele>
      </trkpt>
      <trkpt lat="36.869964" lon="138.2112265">
        <ele>508.425373982176</ele>
      </trkpt>
      <trkpt lat="36.8699696" lon="138.2112613">
        <ele>508.5362280008543</ele>
      </trkpt>
      <trkpt lat="36.8699752" lon="138.2112963">
        <ele>508.6068524141108</ele>
      </trkpt>
      <trkpt lat="36.8699808" lon="138.2113313">
        <ele>508.6639415262276</ele>
      </trkpt>
      <trkpt lat="36.8699872" lon="138.2113652">
        <ele>508.6729370511088</ele>
      </trkpt>
      <trkpt lat="36.8699937" lon="138.2113992">
        <ele>508.59041409381297</ele>
      </trkpt>
      <trkpt lat="36.8700001" lon="138.2114307">
        <ele>508.5266616818402</ele>
      </trkpt>
      <trkpt lat="36.8700065" lon="138.2114622">
        <ele>508.40323825403914</ele>
      </trkpt>
      <trkpt lat="36.8700105" lon="138.211492">
        <ele>508.264509652626</ele>
      </trkpt>
      <trkpt lat="36.8700145" lon="138.2115219">
        <ele>508.13182725145316</ele>
      </trkpt>
      <trkpt lat="36.8700153" lon="138.21155">
        <ele>507.89477910460033</ele>
      </trkpt>
      <trkpt lat="36.8700162" lon="138.2115782">
        <ele>507.633246776183</ele>
      </trkpt>
      <trkpt lat="36.8700216" lon="138.2116017">
        <ele>507.42207523286453</ele>
      </trkpt>
      <trkpt lat="36.870027" lon="138.2116252">
        <ele>507.18177987896024</ele>
      </trkpt>
      <trkpt lat="36.8700358" lon="138.2116503">
        <ele>506.9021596342803</ele>
      </trkpt>
      <trkpt lat="36.8700447" lon="138.2116754">
        <ele>506.6226850278456</ele>
      </trkpt>
      <trkpt lat="36.8700535" lon="138.2117041">
        <ele>506.28386663536696</ele>
      </trkpt>
      <trkpt lat="36.8700624" lon="138.2117328">
        <ele>505.86833173171294</ele>
      </trkpt>
      <trkpt lat="36.8700701" lon="138.2117635">
        <ele>505.4136000426994</ele>
      </trkpt>
      <trkpt lat="36.8700779" lon="138.2117943">
        <ele>504.9608909167068</ele>
      </trkpt>
      <trkpt lat="36.8700858" lon="138.2118263">
        <ele>504.5073074618955</ele>
      </trkpt>
      <trkpt lat="36.8700937" lon="138.2118583">
        <ele>504.0451450809665</ele>
      </trkpt>
      <trkpt lat="36.8701031" lon="138.2118905">
        <ele>503.6397986319636</ele>
      </trkpt>
      <trkpt lat="36.8701125" lon="138.2119227">
        <ele>503.26575127353675</ele>
      </trkpt>
      <trkpt lat="36.8701243" lon="138.2119546">
        <ele>502.87787478462377</ele>
      </trkpt>
      <trkpt lat="36.8701361" lon="138.2119865">
        <ele>502.5837449817863</ele>
      </trkpt>
      <trkpt lat="36.8701502" lon="138.2120169">
        <ele>502.2966992317006</ele>
      </trkpt>
      <trkpt lat="36.8701644" lon="138.2120473">
        <ele>502.05172035642954</ele>
      </trkpt>
      <trkpt lat="36.8701808" lon="138.2120747">
        <ele>501.9141464237742</ele>
      </trkpt>
      <trkpt lat="36.8701972" lon="138.2121022">
        <ele>501.76088592829535</ele>
      </trkpt>
      <trkpt lat="36.8702157" lon="138.2121266">
        <ele>501.6028449803827</ele>
      </trkpt>
      <trkpt lat="36.8702343" lon="138.2121511">
        <ele>501.5547103745303</ele>
      </trkpt>
      <trkpt lat="36.8702544" lon="138.2121732">
        <ele>501.4793019837655</ele>
      </trkpt>
      <trkpt lat="36.8702745" lon="138.2121953">
        <ele>501.3737444202061</ele>
      </trkpt>
      <trkpt lat="36.8702953" lon="138.2122161">
        <ele>501.2813134365353</ele>
      </trkpt>
      <trkpt lat="36.8703161" lon="138.2122369">
        <ele>501.2383720913099</ele>
      </trkpt>
      <trkpt lat="36.8703372" lon="138.2122575">
        <ele>501.1802714220197</ele>
      </trkpt>
      <trkpt lat="36.8703584" lon="138.2122782">
        <ele>501.11460092030507</ele>
      </trkpt>
      <trkpt lat="36.8703796" lon="138.2122986">
        <ele>501.0599582692844</ele>
      </trkpt>
      <trkpt lat="36.8704009" lon="138.212319">
        <ele>501.0509649599904</ele>
      </trkpt>
      <trkpt lat="36.8704225" lon="138.2123384">
        <ele>501.045500131557</ele>
      </trkpt>
      <trkpt lat="36.8704441" lon="138.2123579">
        <ele>501.0682192781943</ele>
      </trkpt>
      <trkpt lat="36.8704662" lon="138.2123767">
        <ele>501.0901228657927</ele>
      </trkpt>
      <trkpt lat="36.8704884" lon="138.2123956">
        <ele>501.10000000000036</ele>
      </trkpt>
      <trkpt lat="36.8705111" lon="138.2124141">
        <ele>501.08907404708225</ele>
      </trkpt>
      <trkpt lat="36.8705339" lon="138.2124326">
        <ele>501.0637391171824</ele>
      </trkpt>
      <trkpt lat="36.8705563" lon="138.2124508">
        <ele>501.024880891681</ele>
      </trkpt>
      <trkpt lat="36.8705788" lon="138.2124691">
        <ele>501.03324352672803</ele>
      </trkpt>
      <trkpt lat="36.8706006" lon="138.2124879">
        <ele>501.0627690338765</ele>
      </trkpt>
      <trkpt lat="36.8706225" lon="138.2125067">
        <ele>501.0946635185977</ele>
      </trkpt>
      <trkpt lat="36.8706436" lon="138.2125261">
        <ele>501.1090940968316</ele>
      </trkpt>
      <trkpt lat="36.8706648" lon="138.2125455">
        <ele>501.107433492705</ele>
      </trkpt>
      <trkpt lat="36.8706857" lon="138.2125648">
        <ele>501.09195779256</ele>
      </trkpt>
      <trkpt lat="36.8707066" lon="138.2125841">
        <ele>501.09708187078934</ele>
      </trkpt>
      <trkpt lat="36.8707268" lon="138.2126044">
        <ele>501.111911565063</ele>
      </trkpt>
      <trkpt lat="36.8707471" lon="138.2126248">
        <ele>501.11279643517605</ele>
      </trkpt>
      <trkpt lat="36.8707661" lon="138.2126461">
        <ele>501.1072466510102</ele>
      </trkpt>
      <trkpt lat="36.8707852" lon="138.2126675">
        <ele>501.1567697255538</ele>
      </trkpt>
      <trkpt lat="36.8708033" lon="138.2126901">
        <ele>501.1866285035072</ele>
      </trkpt>
      <trkpt lat="36.8708215" lon="138.2127127">
        <ele>501.2029235431668</ele>
      </trkpt>
      <trkpt lat="36.8708384" lon="138.2127372">
        <ele>501.19595314679856</ele>
      </trkpt>
      <trkpt lat="36.8708554" lon="138.2127617">
        <ele>501.17242199787574</ele>
      </trkpt>
      <trkpt lat="36.8708704" lon="138.2127883">
        <ele>501.11927359639344</ele>
      </trkpt>
      <trkpt lat="36.8708854" lon="138.2128149">
        <ele>501.0522870383799</ele>
      </trkpt>
      <trkpt lat="36.8708983" lon="138.2128433">
        <ele>500.95641840186937</ele>
      </trkpt>
      <trkpt lat="36.8709112" lon="138.2128718">
        <ele>500.85728468590423</ele>
      </trkpt>
      <trkpt lat="36.8709216" lon="138.2129017">
        <ele>500.7177190573429</ele>
      </trkpt>
      <trkpt lat="36.870932" lon="138.2129316">
        <ele>500.48901318530613</ele>
      </trkpt>
      <trkpt lat="36.8709397" lon="138.212962">
        <ele>500.25229730540934</ele>
      </trkpt>
      <trkpt lat="36.8709475" lon="138.2129924">
        <ele>500.00826170630785</ele>
      </trkpt>
      <trkpt lat="36.8709524" lon="138.2130236">
        <ele>499.72459286926374</ele>
      </trkpt>
      <trkpt lat="36.8709574" lon="138.2130549">
        <ele>499.44013760301834</ele>
      </trkpt>
      <trkpt lat="36.8709578" lon="138.2130873">
        <ele>499.11763031378797</ele>
      </trkpt>
      <trkpt lat="36.8709583" lon="138.2131197">
        <ele>498.7726032089962</ele>
      </trkpt>
      <trkpt lat="36.8709534" lon="138.213152">
        <ele>498.41398175547084</ele>
      </trkpt>
      <trkpt lat="36.8709486" lon="138.2131844">
        <ele>498.0465120506845</ele>
      </trkpt>
      <trkpt lat="36.8709401" lon="138.2132159">
        <ele>497.6938770790001</ele>
      </trkpt>
      <trkpt lat="36.8709316" lon="138.2132475">
        <ele>497.36725119999755</ele>
      </trkpt>
      <trkpt lat="36.8709213" lon="138.2132784">
        <ele>497.1152434346743</ele>
      </trkpt>
      <trkpt lat="36.870911" lon="138.2133094">
        <ele>496.8624201101726</ele>
      </trkpt>
      <trkpt lat="36.8709002" lon="138.2133398">
        <ele>496.6503454340222</ele>
      </trkpt>
      <trkpt lat="36.8708894" lon="138.2133703">
        <ele>496.5003074472936</ele>
      </trkpt>
      <trkpt lat="36.8708787" lon="138.2134004">
        <ele>496.3631863239917</ele>
      </trkpt>
      <trkpt lat="36.8708681" lon="138.2134305">
        <ele>496.31704864541587</ele>
      </trkpt>
      <trkpt lat="36.8708576" lon="138.2134605">
        <ele>496.3665204519342</ele>
      </trkpt>
      <trkpt lat="36.8708471" lon="138.2134906">
        <ele>496.437554219468</ele>
      </trkpt>
      <trkpt lat="36.8708371" lon="138.2135206">
        <ele>496.64399276006435</ele>
      </trkpt>
      <trkpt lat="36.8708272" lon="138.2135507">
        <ele>496.93439310947474</ele>
      </trkpt>
      <trkpt lat="36.8708176" lon="138.2135793">
        <ele>497.22356774536956</ele>
      </trkpt>
      <trkpt lat="36.8708081" lon="138.213608">
        <ele>497.60309038882616</ele>
      </trkpt>
      <trkpt lat="36.8707992" lon="138.2136354">
        <ele>497.98757146829337</ele>
      </trkpt>
      <trkpt lat="36.8707904" lon="138.2136629">
        <ele>498.3645340601914</ele>
      </trkpt>
      <trkpt lat="36.8707839" lon="138.2136904">
        <ele>498.7860112692856</ele>
      </trkpt>
      <trkpt lat="36.8707774" lon="138.2137179">
        <ele>499.23545899325063</ele>
      </trkpt>
      <trkpt lat="36.8707771" lon="138.2137452">
        <ele>499.6563314121426</ele>
      </trkpt>
      <trkpt lat="36.8707768" lon="138.2137726">
        <ele>500.0619988449913</ele>
      </trkpt>
      <trkpt lat="36.8707859" lon="138.2137989">
        <ele>500.4153753035756</ele>
      </trkpt>
      <trkpt lat="36.870795" lon="138.2138252">
        <ele>500.77687364735743</ele>
      </trkpt>
      <trkpt lat="36.8708122" lon="138.2138487">
        <ele>501.08760867973467</ele>
      </trkpt>
      <trkpt lat="36.8708295" lon="138.2138722">
        <ele>501.39143297926205</ele>
      </trkpt>
      <trkpt lat="36.870853" lon="138.2138921">
        <ele>501.65485129116735</ele>
      </trkpt>
      <trkpt lat="36.8708766" lon="138.213912">
        <ele>501.93285175914815</ele>
      </trkpt>
      <trkpt lat="36.870903" lon="138.2139276">
        <ele>502.14897678638886</ele>
      </trkpt>
      <trkpt lat="36.8709295" lon="138.2139432">
        <ele>502.15223539701833</ele>
      </trkpt>
      <trkpt lat="36.8709559" lon="138.2139535">
        <ele>502.1134072266652</ele>
      </trkpt>
      <trkpt lat="36.8709824" lon="138.2139639">
        <ele>502.0788556998606</ele>
      </trkpt>
      <trkpt lat="36.8710077" lon="138.2139696">
        <ele>501.9912392322917</ele>
      </trkpt>
      <trkpt lat="36.8710331" lon="138.2139754">
        <ele>501.90408874116963</ele>
      </trkpt>
      <trkpt lat="36.8710585" lon="138.2139797">
        <ele>501.7886866141662</ele>
      </trkpt>
      <trkpt lat="36.871084" lon="138.2139841">
        <ele>501.6740073485055</ele>
      </trkpt>
      <trkpt lat="36.8711115" lon="138.2139894">
        <ele>501.5611101007108</ele>
      </trkpt>
      <trkpt lat="36.871139" lon="138.2139948">
        <ele>501.45437867953217</ele>
      </trkpt>
      <trkpt lat="36.8711672" lon="138.2140006">
        <ele>501.35349186218144</ele>
      </trkpt>
      <trkpt lat="36.8711955" lon="138.2140064">
        <ele>501.2316393352581</ele>
      </trkpt>
      <trkpt lat="36.871222" lon="138.2140122">
        <ele>501.1130012997893</ele>
      </trkpt>
      <trkpt lat="36.8712486" lon="138.214018">
        <ele>500.99141348295655</ele>
      </trkpt>
      <trkpt lat="36.8712725" lon="138.2140245">
        <ele>500.8970616396813</ele>
      </trkpt>
      <trkpt lat="36.8712964" lon="138.214031">
        <ele>500.8079817252566</ele>
      </trkpt>
      <trkpt lat="36.8713176" lon="138.2140382">
        <ele>500.7360840387644</ele>
      </trkpt>
      <trkpt lat="36.8713388" lon="138.2140454">
        <ele>500.61223151551144</ele>
      </trkpt>
      <trkpt lat="36.8713606" lon="138.2140528">
        <ele>500.48482530671265</ele>
      </trkpt>
      <trkpt lat="36.8713825" lon="138.2140603">
        <ele>500.3584610806699</ele>
      </trkpt>
      <trkpt lat="36.8714068" lon="138.2140683">
        <ele>500.2349790978215</ele>
      </trkpt>
      <trkpt lat="36.8714312" lon="138.2140764">
        <ele>500.1185431448135</ele>
      </trkpt>
      <trkpt lat="36.8714569" lon="138.2140843">
        <ele>499.97069057475596</ele>
      </trkpt>
      <trkpt lat="36.8714827" lon="138.2140923">
        <ele>499.7508372647495</ele>
      </trkpt>
      <trkpt lat="36.8715075" lon="138.2140991">
        <ele>499.51559105580293</ele>
      </trkpt>
      <trkpt lat="36.8715323" lon="138.2141059">
        <ele>499.3091931323911</ele>
      </trkpt>
      <trkpt lat="36.8715574" lon="138.2141122">
        <ele>499.1208289859217</ele>
      </trkpt>
      <trkpt lat="36.8715825" lon="138.2141186">
        <ele>498.9281553905525</ele>
      </trkpt>
      <trkpt lat="36.8716081" lon="138.2141264">
        <ele>498.74754702947155</ele>
      </trkpt>
      <trkpt lat="36.8716338" lon="138.2141343">
        <ele>498.568380258652</ele>
      </trkpt>
      <trkpt lat="36.8716588" lon="138.2141433">
        <ele>498.41381212113026</ele>
      </trkpt>
      <trkpt lat="36.8716838" lon="138.2141524">
        <ele>498.3053010019438</ele>
      </trkpt>
      <trkpt lat="36.8717067" lon="138.2141613">
        <ele>498.20456351442175</ele>
      </trkpt>
      <trkpt lat="36.8717296" lon="138.2141703">
        <ele>498.10343792149877</ele>
      </trkpt>
      <trkpt lat="36.8717499" lon="138.2141793">
        <ele>498.03950034794497</ele>
      </trkpt>
      <trkpt lat="36.8717703" lon="138.2141883">
        <ele>497.97352105167215</ele>
      </trkpt>
      <trkpt lat="36.8717895" lon="138.2141951">
        <ele>497.8814768474879</ele>
      </trkpt>
      <trkpt lat="36.8718087" lon="138.214202">
        <ele>497.78939759871105</ele>
      </trkpt>
      <trkpt lat="36.871829" lon="138.2142066">
        <ele>497.67373012302096</ele>
      </trkpt>
      <trkpt lat="36.8718493" lon="138.2142112">
        <ele>497.55806260770316</ele>
      </trkpt>
      <trkpt lat="36.8718729" lon="138.214215">
        <ele>497.4234796882125</ele>
      </trkpt>
      <trkpt lat="36.8718966" lon="138.2142188">
        <ele>497.298743321448</ele>
      </trkpt>
      <trkpt lat="36.8719218" lon="138.2142244">
        <ele>497.17208159927327</ele>
      </trkpt>
      <trkpt lat="36.871947" lon="138.21423">
        <ele>497.04033465798756</ele>
      </trkpt>
      <trkpt lat="36.8719722" lon="138.2142367">
        <ele>496.91869039621963</ele>
      </trkpt>
      <trkpt lat="36.8719975" lon="138.2142434">
        <ele>496.8021423612306</ele>
      </trkpt>
      <trkpt lat="36.8720218" lon="138.21425">
        <ele>496.6494765041185</ele>
      </trkpt>
      <trkpt lat="36.8720461" lon="138.2142566">
        <ele>496.487714894679</ele>
      </trkpt>
      <trkpt lat="36.8720698" lon="138.2142635">
        <ele>496.3317850794779</ele>
      </trkpt>
      <trkpt lat="36.8720935" lon="138.2142704">
        <ele>496.2328863015488</ele>
      </trkpt>
      <trkpt lat="36.8721148" lon="138.2142776">
        <ele>496.15206037526997</ele>
      </trkpt>
      <trkpt lat="36.8721361" lon="138.2142848">
        <ele>496.06991830347107</ele>
      </trkpt>
      <trkpt lat="36.872156" lon="138.2142933">
        <ele>495.9819579072341</ele>
      </trkpt>
      <trkpt lat="36.8721759" lon="138.2143018">
        <ele>495.89891000167347</ele>
      </trkpt>
      <trkpt lat="36.872196" lon="138.2143127">
        <ele>495.8366647753424</ele>
      </trkpt>
      <trkpt lat="36.8722161" lon="138.2143237">
        <ele>495.8045797903094</ele>
      </trkpt>
      <trkpt lat="36.8722374" lon="138.2143377">
        <ele>495.8093829262775</ele>
      </trkpt>
      <trkpt lat="36.8722588" lon="138.2143517">
        <ele>495.8137491164273</ele>
      </trkpt>
      <trkpt lat="36.8722801" lon="138.2143695">
        <ele>495.8570192719586</ele>
      </trkpt>
      <trkpt lat="36.8723015" lon="138.2143873">
        <ele>495.9086878381675</ele>
      </trkpt>
      <trkpt lat="36.8723221" lon="138.214408">
        <ele>495.9875029561579</ele>
      </trkpt>
      <trkpt lat="36.8723428" lon="138.2144287">
        <ele>496.0659490363222</ele>
      </trkpt>
      <trkpt lat="36.8723626" lon="138.2144497">
        <ele>496.18644710338566</ele>
      </trkpt>
      <trkpt lat="36.8723825" lon="138.2144707">
        <ele>496.33993199897276</ele>
      </trkpt>
      <trkpt lat="36.872402" lon="138.2144903">
        <ele>496.4939912864502</ele>
      </trkpt>
      <trkpt lat="36.8724215" lon="138.2145099">
        <ele>496.6316154063077</ele>
      </trkpt>
      <trkpt lat="36.8724412" lon="138.2145279">
        <ele>496.73635122166445</ele>
      </trkpt>
      <trkpt lat="36.8724609" lon="138.2145459">
        <ele>496.85798484745965</ele>
      </trkpt>
      <trkpt lat="36.8724809" lon="138.2145637">
        <ele>496.97648507216877</ele>
      </trkpt>
      <trkpt lat="36.872501" lon="138.2145815">
        <ele>497.0724897162789</ele>
      </trkpt>
      <trkpt lat="36.8725203" lon="138.2145995">
        <ele>497.1993511425002</ele>
      </trkpt>
      <trkpt lat="36.8725396" lon="138.2146176">
        <ele>497.3514143269519</ele>
      </trkpt>
      <trkpt lat="36.8725578" lon="138.2146377">
        <ele>497.51328030871315</ele>
      </trkpt>
      <trkpt lat="36.8725761" lon="138.2146579">
        <ele>497.635783350189</ele>
      </trkpt>
      <trkpt lat="36.8725942" lon="138.2146792">
        <ele>497.77541315718645</ele>
      </trkpt>
      <trkpt lat="36.8726124" lon="138.2147005">
        <ele>497.914169081069</ele>
      </trkpt>
      <trkpt lat="36.8726303" lon="138.214722">
        <ele>498.0249899744961</ele>
      </trkpt>
      <trkpt lat="36.8726483" lon="138.2147436">
        <ele>498.13450917680416</ele>
      </trkpt>
      <trkpt lat="36.8726662" lon="138.2147644">
        <ele>498.24643448718723</ele>
      </trkpt>
      <trkpt lat="36.8726842" lon="138.2147852">
        <ele>498.369970114234</ele>
      </trkpt>
      <trkpt lat="36.8727029" lon="138.2148032">
        <ele>498.3438467535668</ele>
      </trkpt>
      <trkpt lat="36.8727216" lon="138.2148213">
        <ele>498.30346654332334</ele>
      </trkpt>
      <trkpt lat="36.8727397" lon="138.2148378">
        <ele>498.2513192387304</ele>
      </trkpt>
      <trkpt lat="36.8727579" lon="138.2148544">
        <ele>498.18722983209227</ele>
      </trkpt>
      <trkpt lat="36.8727748" lon="138.2148715">
        <ele>498.08614806872583</ele>
      </trkpt>
      <trkpt lat="36.8727918" lon="138.2148887">
        <ele>497.97509576703817</ele>
      </trkpt>
      <trkpt lat="36.872808" lon="138.2149085">
        <ele>497.92093194449535</ele>
      </trkpt>
      <trkpt lat="36.8728242" lon="138.2149283">
        <ele>497.8761450763883</ele>
      </trkpt>
      <trkpt lat="36.8728404" lon="138.2149507">
        <ele>497.83517852962314</ele>
      </trkpt>
      <trkpt lat="36.8728566" lon="138.2149731">
        <ele>497.7667487918498</ele>
      </trkpt>
      <trkpt lat="36.8728722" lon="138.2149965">
        <ele>497.6984708919189</ele>
      </trkpt>
      <trkpt lat="36.8728879" lon="138.21502">
        <ele>497.6167197598605</ele>
      </trkpt>
      <trkpt lat="36.8729032" lon="138.2150423">
        <ele>497.53438136419396</ele>
      </trkpt>
      <trkpt lat="36.8729186" lon="138.2150647">
        <ele>497.4686695735137</ele>
      </trkpt>
      <trkpt lat="36.8729334" lon="138.2150871">
        <ele>497.40744467162096</ele>
      </trkpt>
      <trkpt lat="36.8729482" lon="138.2151096">
        <ele>497.33603873833823</ele>
      </trkpt>
      <trkpt lat="36.872963" lon="138.2151326">
        <ele>497.2576088272977</ele>
      </trkpt>
      <trkpt lat="36.8729779" lon="138.2151557">
        <ele>497.1474078722773</ele>
      </trkpt>
      <trkpt lat="36.8729943" lon="138.2151794">
        <ele>497.0100299317397</ele>
      </trkpt>
      <trkpt lat="36.8730108" lon="138.2152031">
        <ele>496.87046729140025</ele>
      </trkpt>
      <trkpt lat="36.8730294" lon="138.2152269">
        <ele>496.6643265290693</ele>
      </trkpt>
      <trkpt lat="36.8730481" lon="138.2152508">
        <ele>496.46066293741393</ele>
      </trkpt>
      <trkpt lat="36.8730675" lon="138.2152746">
        <ele>496.25780839780765</ele>
      </trkpt>
      <trkpt lat="36.873087" lon="138.2152984">
        <ele>496.0687212711788</ele>
      </trkpt>
      <trkpt lat="36.8731062" lon="138.2153213">
        <ele>495.81018165454583</ele>
      </trkpt>
      <trkpt lat="36.8731255" lon="138.2153443">
        <ele>495.541735703565</ele>
      </trkpt>
      <trkpt lat="36.8731446" lon="138.2153663">
        <ele>495.2876386184697</ele>
      </trkpt>
      <trkpt lat="36.8731638" lon="138.2153883">
        <ele>495.0460524538512</ele>
      </trkpt>
      <trkpt lat="36.8731825" lon="138.2154095">
        <ele>494.8458903905497</ele>
      </trkpt>
      <trkpt lat="36.8732012" lon="138.2154308">
        <ele>494.66688837199615</ele>
      </trkpt>
      <trkpt lat="36.8732191" lon="138.2154515">
        <ele>494.50957115538216</ele>
      </trkpt>
      <trkpt lat="36.8732371" lon="138.2154722">
        <ele>494.3610465517281</ele>
      </trkpt>
      <trkpt lat="36.8732542" lon="138.2154929">
        <ele>494.1575903235395</ele>
      </trkpt>
      <trkpt lat="36.8732713" lon="138.2155136">
        <ele>493.9682561251485</ele>
      </trkpt>
      <trkpt lat="36.8732868" lon="138.2155346">
        <ele>493.82390788235574</ele>
      </trkpt>
      <trkpt lat="36.8733023" lon="138.2155557">
        <ele>493.7019963448213</ele>
      </trkpt>
      <trkpt lat="36.8733167" lon="138.2155766">
        <ele>493.5771680830047</ele>
      </trkpt>
      <trkpt lat="36.8733312" lon="138.2155976">
        <ele>493.4597876316482</ele>
      </trkpt>
      <trkpt lat="36.8733456" lon="138.2156183">
        <ele>493.36327122564757</ele>
      </trkpt>
      <trkpt lat="36.8733601" lon="138.2156391">
        <ele>493.28639345156137</ele>
      </trkpt>
      <trkpt lat="36.8733758" lon="138.2156606">
        <ele>493.1804187945414</ele>
      </trkpt>
      <trkpt lat="36.8733916" lon="138.2156822">
        <ele>493.03214574959367</ele>
      </trkpt>
      <trkpt lat="36.8734082" lon="138.2157049">
        <ele>492.88885290763517</ele>
      </trkpt>
      <trkpt lat="36.8734248" lon="138.2157277">
        <ele>492.7585531707856</ele>
      </trkpt>
      <trkpt lat="36.8734424" lon="138.215751">
        <ele>492.6323812683087</ele>
      </trkpt>
      <trkpt lat="36.8734601" lon="138.2157743">
        <ele>492.51917756524216</ele>
      </trkpt>
      <trkpt lat="36.8734783" lon="138.2157965">
        <ele>492.41217083818685</ele>
      </trkpt>
      <trkpt lat="36.8734966" lon="138.2158187">
        <ele>492.31731563034634</ele>
      </trkpt>
      <trkpt lat="36.8735157" lon="138.2158395">
        <ele>492.1684416431175</ele>
      </trkpt>
      <trkpt lat="36.8735349" lon="138.2158604">
        <ele>492.01275400443234</ele>
      </trkpt>
      <trkpt lat="36.873553" lon="138.2158814">
        <ele>491.8809146223359</ele>
      </trkpt>
      <trkpt lat="36.8735712" lon="138.2159024">
        <ele>491.76109774828643</ele>
      </trkpt>
      <trkpt lat="36.8735875" lon="138.2159239">
        <ele>491.67147715196836</ele>
      </trkpt>
      <trkpt lat="36.8736039" lon="138.2159454">
        <ele>491.5929458066779</ele>
      </trkpt>
      <trkpt lat="36.8736195" lon="138.215968">
        <ele>491.53584645692456</ele>
      </trkpt>
      <trkpt lat="36.8736351" lon="138.2159907">
        <ele>491.4905653506419</ele>
      </trkpt>
      <trkpt lat="36.8736505" lon="138.2160153">
        <ele>491.43370063483866</ele>
      </trkpt>
      <trkpt lat="36.873666" lon="138.21604">
        <ele>491.3847434731972</ele>
      </trkpt>
      <trkpt lat="36.873681" lon="138.2160667">
        <ele>491.37182150006413</ele>
      </trkpt>
      <trkpt lat="36.8736961" lon="138.2160934">
        <ele>491.4236626233386</ele>
      </trkpt>
      <trkpt lat="36.8737094" lon="138.2161209">
        <ele>491.5054987875608</ele>
      </trkpt>
      <trkpt lat="36.8737227" lon="138.2161485">
        <ele>491.59054939720875</ele>
      </trkpt>
      <trkpt lat="36.8737286" lon="138.2161753">
        <ele>491.7684408287918</ele>
      </trkpt>
      <trkpt lat="36.8737345" lon="138.2162021">
        <ele>491.9826739051081</ele>
      </trkpt>
      <trkpt lat="36.87373" lon="138.2162273">
        <ele>492.234303144348</ele>
      </trkpt>
      <trkpt lat="36.8737256" lon="138.2162526">
        <ele>492.5127771036048</ele>
      </trkpt>
      <trkpt lat="36.8737139" lon="138.2162745">
        <ele>492.89464228829627</ele>
      </trkpt>
      <trkpt lat="36.8737022" lon="138.2162964">
        <ele>493.31743299161406</ele>
      </trkpt>
      <trkpt lat="36.8736864" lon="138.2163171">
        <ele>493.7923483868737</ele>
      </trkpt>
      <trkpt lat="36.8736706" lon="138.2163378">
        <ele>494.3296527611042</ele>
      </trkpt>
      <trkpt lat="36.8736555" lon="138.2163582">
        <ele>494.99789992666035</ele>
      </trkpt>
      <trkpt lat="36.8736404" lon="138.2163787">
        <ele>495.72052927396146</ele>
      </trkpt>
      <trkpt lat="36.8736352" lon="138.2163978">
        <ele>496.2877047908396</ele>
      </trkpt>
      <trkpt lat="36.87363" lon="138.2164169">
        <ele>496.86836287317504</ele>
      </trkpt>
      <trkpt lat="36.8736396" lon="138.2164318">
        <ele>497.1793721914182</ele>
      </trkpt>
      <trkpt lat="36.8736492" lon="138.2164468">
        <ele>497.49452175070417</ele>
      </trkpt>
      <trkpt lat="36.8736686" lon="138.2164594">
        <ele>497.5130386948516</ele>
      </trkpt>
      <trkpt lat="36.8736881" lon="138.2164721">
        <ele>497.4909146714949</ele>
      </trkpt>
      <trkpt lat="36.8737111" lon="138.2164856">
        <ele>497.3688243857188</ele>
      </trkpt>
      <trkpt lat="36.8737342" lon="138.2164992">
        <ele>497.298615006692</ele>
      </trkpt>
      <trkpt lat="36.8737572" lon="138.2165146">
        <ele>497.34657516507673</ele>
      </trkpt>
      <trkpt lat="36.8737803" lon="138.21653">
        <ele>497.3779946984596</ele>
      </trkpt>
      <trkpt lat="36.8738024" lon="138.2165475">
        <ele>497.46094424138045</ele>
      </trkpt>
      <trkpt lat="36.8738246" lon="138.2165651">
        <ele>497.4869725701012</ele>
      </trkpt>
      <trkpt lat="36.8738452" lon="138.2165835">
        <ele>497.5062603880671</ele>
      </trkpt>
      <trkpt lat="36.8738659" lon="138.2166019">
        <ele>497.6004224203189</ele>
      </trkpt>
      <trkpt lat="36.8738854" lon="138.2166204">
        <ele>497.7661459373798</ele>
      </trkpt>
      <trkpt lat="36.8739049" lon="138.216639">
        <ele>497.88604280302707</ele>
      </trkpt>
      <trkpt lat="36.8739238" lon="138.2166568">
        <ele>497.9570549476279</ele>
      </trkpt>
      <trkpt lat="36.8739428" lon="138.2166747">
        <ele>498.05697903562026</ele>
      </trkpt>
      <trkpt lat="36.8739607" lon="138.2166918">
        <ele>498.2728313245717</ele>
      </trkpt>
      <trkpt lat="36.8739786" lon="138.2167089">
        <ele>498.46894121089235</ele>
      </trkpt>
      <trkpt lat="36.8739959" lon="138.2167253">
        <ele>498.6288175611513</ele>
      </trkpt>
      <trkpt lat="36.8740133" lon="138.2167418">
        <ele>498.77113948044905</ele>
      </trkpt>
      <trkpt lat="36.8740309" lon="138.2167585">
        <ele>498.8559560696467</ele>
      </trkpt>
      <trkpt lat="36.8740485" lon="138.2167753">
        <ele>499.03024481410637</ele>
      </trkpt>
      <trkpt lat="36.8740668" lon="138.2167923">
        <ele>499.20451965690154</ele>
      </trkpt>
      <trkpt lat="36.8740851" lon="138.2168094">
        <ele>499.34833399809645</ele>
      </trkpt>
      <trkpt lat="36.8741041" lon="138.2168263">
        <ele>499.3992953056768</ele>
      </trkpt>
      <trkpt lat="36.8741231" lon="138.2168433">
        <ele>499.3883006952939</ele>
      </trkpt>
      <trkpt lat="36.8741425" lon="138.2168592">
        <ele>499.44594521657325</ele>
      </trkpt>
      <trkpt lat="36.874162" lon="138.2168752">
        <ele>499.53104366209817</ele>
      </trkpt>
      <trkpt lat="36.8741813" lon="138.2168915">
        <ele>499.58266619425024</ele>
      </trkpt>
      <trkpt lat="36.8742007" lon="138.2169078">
        <ele>499.59340786715904</ele>
      </trkpt>
      <trkpt lat="36.8742207" lon="138.216924">
        <ele>499.59339688565535</ele>
      </trkpt>
      <trkpt lat="36.8742407" lon="138.2169403">
        <ele>499.619642292959</ele>
      </trkpt>
      <trkpt lat="36.874262" lon="138.2169556">
        <ele>499.61238547209524</ele>
      </trkpt>
      <trkpt lat="36.8742833" lon="138.2169709">
        <ele>499.6135962516613</ele>
      </trkpt>
      <trkpt lat="36.8743046" lon="138.2169858">
        <ele>499.56368669191465</ele>
      </trkpt>
      <trkpt lat="36.874326" lon="138.2170008">
        <ele>499.4714321779259</ele>
      </trkpt>
      <trkpt lat="36.8743474" lon="138.2170146">
        <ele>499.30723639584755</ele>
      </trkpt>
      <trkpt lat="36.8743688" lon="138.2170284">
        <ele>499.20946876635935</ele>
      </trkpt>
      <trkpt lat="36.8743908" lon="138.2170401">
        <ele>499.00985809985104</ele>
      </trkpt>
      <trkpt lat="36.8744129" lon="138.2170518">
        <ele>498.8261259896367</ele>
      </trkpt>
      <trkpt lat="36.8744352" lon="138.217061">
        <ele>498.54118322304817</ele>
      </trkpt>
      <trkpt lat="36.8744575" lon="138.2170703">
        <ele>498.225854532917</ele>
      </trkpt>
      <trkpt lat="36.87448" lon="138.2170778">
        <ele>497.81774033647093</ele>
      </trkpt>
      <trkpt lat="36.8745026" lon="138.2170853">
        <ele>497.4178552269195</ele>
      </trkpt>
      <trkpt lat="36.8745255" lon="138.2170915">
        <ele>496.9294344360857</ele>
      </trkpt>
      <trkpt lat="36.8745484" lon="138.2170977">
        <ele>496.4528571206878</ele>
      </trkpt>
      <trkpt lat="36.8745716" lon="138.2171029">
        <ele>495.9726087536248</ele>
      </trkpt>
      <trkpt lat="36.8745949" lon="138.2171082">
        <ele>495.4981695016077</ele>
      </trkpt>
      <trkpt lat="36.8746176" lon="138.2171127">
        <ele>495.0456447449304</ele>
      </trkpt>
      <trkpt lat="36.8746404" lon="138.2171173">
        <ele>494.6203412874246</ele>
      </trkpt>
      <trkpt lat="36.8746621" lon="138.2171209">
        <ele>494.17252551395603</ele>
      </trkpt>
      <trkpt lat="36.8746839" lon="138.2171246">
        <ele>493.73872123722566</ele>
      </trkpt>
      <trkpt lat="36.8747054" lon="138.217129">
        <ele>493.3838705198795</ele>
      </trkpt>
      <trkpt lat="36.874727" lon="138.2171334">
        <ele>493.02017488445307</ele>
      </trkpt>
      <trkpt lat="36.8747488" lon="138.2171389">
        <ele>492.69034246636704</ele>
      </trkpt>
      <trkpt lat="36.8747707" lon="138.2171445">
        <ele>492.3956273259803</ele>
      </trkpt>
      <trkpt lat="36.8747942" lon="138.2171512">
        <ele>492.0879406911964</ele>
      </trkpt>
      <trkpt lat="36.8748178" lon="138.2171579">
        <ele>491.7771394340804</ele>
      </trkpt>
      <trkpt lat="36.8748425" lon="138.2171652">
        <ele>491.5498140280031</ele>
      </trkpt>
      <trkpt lat="36.8748672" lon="138.2171725">
        <ele>491.31636916040964</ele>
      </trkpt>
      <trkpt lat="36.8748912" lon="138.2171793">
        <ele>491.08816139863586</ele>
      </trkpt>
      <trkpt lat="36.8749152" lon="138.2171862">
        <ele>490.8803246379465</ele>
      </trkpt>
      <trkpt lat="36.8749388" lon="138.2171931">
        <ele>490.68266655895246</ele>
      </trkpt>
      <trkpt lat="36.8749625" lon="138.2172001">
        <ele>490.5652146314369</ele>
      </trkpt>
      <trkpt lat="36.8749861" lon="138.2172088">
        <ele>490.5391491847676</ele>
      </trkpt>
      <trkpt lat="36.8750097" lon="138.2172176">
        <ele>490.5027959162525</ele>
      </trkpt>
      <trkpt lat="36.8750337" lon="138.2172283">
        <ele>490.53300886556383</ele>
      </trkpt>
      <trkpt lat="36.8750577" lon="138.2172391">
        <ele>490.5650461239876</ele>
      </trkpt>
      <trkpt lat="36.8750816" lon="138.217251">
        <ele>490.61844766901777</ele>
      </trkpt>
      <trkpt lat="36.8751056" lon="138.217263">
        <ele>490.68631154271316</ele>
      </trkpt>
      <trkpt lat="36.875129" lon="138.2172751">
        <ele>490.7447038873253</ele>
      </trkpt>
      <trkpt lat="36.8751525" lon="138.2172872">
        <ele>490.9200401024601</ele>
      </trkpt>
      <trkpt lat="36.875176" lon="138.217299">
        <ele>491.11129275502196</ele>
      </trkpt>
      <trkpt lat="36.8751995" lon="138.2173108">
        <ele>491.27181132476176</ele>
      </trkpt>
      <trkpt lat="36.8752225" lon="138.217322">
        <ele>491.37813965870214</ele>
      </trkpt>
      <trkpt lat="36.8752456" lon="138.2173332">
        <ele>491.4936557760136</ele>
      </trkpt>
      <trkpt lat="36.8752691" lon="138.2173441">
        <ele>491.57408462974706</ele>
      </trkpt>
      <trkpt lat="36.8752926" lon="138.217355">
        <ele>491.62843377366636</ele>
      </trkpt>
      <trkpt lat="36.8753164" lon="138.2173651">
        <ele>491.6533482621377</ele>
      </trkpt>
      <trkpt lat="36.8753403" lon="138.2173753">
        <ele>491.80343102841897</ele>
      </trkpt>
      <trkpt lat="36.8753637" lon="138.2173848">
        <ele>491.90137851527703</ele>
      </trkpt>
      <trkpt lat="36.8753872" lon="138.2173944">
        <ele>492.0016711047916</ele>
      </trkpt>
      <trkpt lat="36.8754102" lon="138.2174033">
        <ele>492.0464561524271</ele>
      </trkpt>
      <trkpt lat="36.8754333" lon="138.2174122">
        <ele>492.0635254610024</ele>
      </trkpt>
      <trkpt lat="36.8754558" lon="138.217421">
        <ele>492.11231287843253</ele>
      </trkpt>
      <trkpt lat="36.8754783" lon="138.2174298">
        <ele>492.1409410095338</ele>
      </trkpt>
      <trkpt lat="36.8755007" lon="138.2174394">
        <ele>492.18560833568984</ele>
      </trkpt>
      <trkpt lat="36.8755232" lon="138.2174491">
        <ele>492.21086620706023</ele>
      </trkpt>
      <trkpt lat="36.8755457" lon="138.2174591">
        <ele>492.44144760127926</ele>
      </trkpt>
      <trkpt lat="36.8755682" lon="138.2174691">
        <ele>492.658673165182</ele>
      </trkpt>
      <trkpt lat="36.8755899" lon="138.2174783">
        <ele>492.8945165599173</ele>
      </trkpt>
      <trkpt lat="36.8756117" lon="138.2174876">
        <ele>493.1135054124881</ele>
      </trkpt>
      <trkpt lat="36.8756328" lon="138.2174953">
        <ele>493.2244566526771</ele>
      </trkpt>
      <trkpt lat="36.8756539" lon="138.2175031">
        <ele>493.3471985745762</ele>
      </trkpt>
      <trkpt lat="36.8756749" lon="138.2175094">
        <ele>493.3853748913306</ele>
      </trkpt>
      <trkpt lat="36.875696" lon="138.2175158">
        <ele>493.4185481972684</ele>
      </trkpt>
      <trkpt lat="36.8757183" lon="138.2175189">
        <ele>493.2474562393949</ele>
      </trkpt>
      <trkpt lat="36.8757407" lon="138.217522">
        <ele>493.0714176100324</ele>
      </trkpt>
      <trkpt lat="36.8757641" lon="138.2175226">
        <ele>492.74314654410625</ele>
      </trkpt>
      <trkpt lat="36.8757875" lon="138.2175232">
        <ele>492.4281615998475</ele>
      </trkpt>
      <trkpt lat="36.875811" lon="138.2175237">
        <ele>492.12035199846787</ele>
      </trkpt>
      <trkpt lat="36.8758345" lon="138.2175242">
        <ele>491.81174475114636</ele>
      </trkpt>
      <trkpt lat="36.8758578" lon="138.2175256">
        <ele>491.5314945462859</ele>
      </trkpt>
      <trkpt lat="36.8758812" lon="138.2175271">
        <ele>491.2384128795369</ele>
      </trkpt>
      <trkpt lat="36.875905" lon="138.2175293">
        <ele>490.96757513960955</ele>
      </trkpt>
      <trkpt lat="36.8759288" lon="138.2175316">
        <ele>490.7187349281161</ele>
      </trkpt>
      <trkpt lat="36.8759531" lon="138.2175351">
        <ele>490.5226889079125</ele>
      </trkpt>
      <trkpt lat="36.8759775" lon="138.2175386">
        <ele>490.38838873011736</ele>
      </trkpt>
      <trkpt lat="36.8760022" lon="138.2175419">
        <ele>490.2304493859456</ele>
      </trkpt>
      <trkpt lat="36.8760269" lon="138.2175453">
        <ele>490.07363336135654</ele>
      </trkpt>
      <trkpt lat="36.8760516" lon="138.2175474">
        <ele>489.83707167868465</ele>
      </trkpt>
      <trkpt lat="36.8760764" lon="138.2175496">
        <ele>489.6927924126507</ele>
      </trkpt>
      <trkpt lat="36.8761015" lon="138.2175503">
        <ele>489.45203023403985</ele>
      </trkpt>
      <trkpt lat="36.8761266" lon="138.217551">
        <ele>489.2218775158229</ele>
      </trkpt>
      <trkpt lat="36.8761509" lon="138.217551">
        <ele>488.9897541058789</ele>
      </trkpt>
      <trkpt lat="36.8761753" lon="138.2175511">
        <ele>488.7619815771289</ele>
      </trkpt>
      <trkpt lat="36.8761996" lon="138.2175513">
        <ele>488.57465463802765</ele>
      </trkpt>
      <trkpt lat="36.8762239" lon="138.2175515">
        <ele>488.4230621916944</ele>
      </trkpt>
      <trkpt lat="36.8762491" lon="138.2175513">
        <ele>488.245245289924</ele>
      </trkpt>
      <trkpt lat="36.8762743" lon="138.2175511">
        <ele>488.0679414811828</ele>
      </trkpt>
      <trkpt lat="36.8762997" lon="138.2175503">
        <ele>487.8617864577487</ele>
      </trkpt>
      <trkpt lat="36.8763252" lon="138.2175495">
        <ele>487.65743066438705</ele>
      </trkpt>
      <trkpt lat="36.8763498" lon="138.2175486">
        <ele>487.52220904943226</ele>
      </trkpt>
      <trkpt lat="36.8763744" lon="138.2175477">
        <ele>487.3899929932617</ele>
      </trkpt>
      <trkpt lat="36.8763981" lon="138.2175467">
        <ele>487.25455678973447</ele>
      </trkpt>
      <trkpt lat="36.8764219" lon="138.2175457">
        <ele>487.09706825282956</ele>
      </trkpt>
      <trkpt lat="36.8764465" lon="138.2175453">
        <ele>486.96096750211933</ele>
      </trkpt>
      <trkpt lat="36.8764712" lon="138.2175449">
        <ele>486.84961552853326</ele>
      </trkpt>
      <trkpt lat="36.8764968" lon="138.2175432">
        <ele>486.7357517869313</ele>
      </trkpt>
      <trkpt lat="36.8765224" lon="138.2175415">
        <ele>486.6277960393913</ele>
      </trkpt>
      <trkpt lat="36.876547" lon="138.2175377">
        <ele>486.462025091002</ele>
      </trkpt>
      <trkpt lat="36.8765717" lon="138.2175339">
        <ele>486.3188453069218</ele>
      </trkpt>
      <trkpt lat="36.8765935" lon="138.2175285">
        <ele>486.18612416682197</ele>
      </trkpt>
      <trkpt lat="36.8766153" lon="138.2175231">
        <ele>486.0809724945633</ele>
      </trkpt>
      <trkpt lat="36.8766342" lon="138.2175165">
        <ele>485.965627267785</ele>
      </trkpt>
      <trkpt lat="36.8766532" lon="138.21751">
        <ele>485.8563314933468</ele>
      </trkpt>
      <trkpt lat="36.8766721" lon="138.2175034">
        <ele>485.7488577229056</ele>
      </trkpt>
      <trkpt lat="36.8766911" lon="138.2174968">
        <ele>485.63570236686826</ele>
      </trkpt>
      <trkpt lat="36.8767119" lon="138.217491">
        <ele>485.52908241572436</ele>
      </trkpt>
      <trkpt lat="36.8767327" lon="138.2174852">
        <ele>485.4142737658188</ele>
      </trkpt>
      <trkpt lat="36.8767548" lon="138.2174782">
        <ele>485.31805539727446</ele>
      </trkpt>
      <trkpt lat="36.876777" lon="138.2174713">
        <ele>485.2262180075675</ele>
      </trkpt>
      <trkpt lat="36.8768011" lon="138.217465">
        <ele>485.14092043984834</ele>
      </trkpt>
      <trkpt lat="36.8768252" lon="138.2174588">
        <ele>485.1045022665186</ele>
      </trkpt>
      <trkpt lat="36.8768507" lon="138.2174531">
        <ele>485.08935125936233</ele>
      </trkpt>
      <trkpt lat="36.8768763" lon="138.2174475">
        <ele>485.0847218686521</ele>
      </trkpt>
      <trkpt lat="36.8769017" lon="138.2174412">
        <ele>485.14863219728727</ele>
      </trkpt>
      <trkpt lat="36.8769271" lon="138.217435">
        <ele>485.19826629555087</ele>
      </trkpt>
      <trkpt lat="36.8769512" lon="138.2174278">
        <ele>485.24725661939766</ele>
      </trkpt>
      <trkpt lat="36.8769754" lon="138.2174206">
        <ele>485.3625087707657</ele>
      </trkpt>
      <trkpt lat="36.8769989" lon="138.2174118">
        <ele>485.40700425792073</ele>
      </trkpt>
      <trkpt lat="36.8770224" lon="138.2174031">
        <ele>485.4730789827278</ele>
      </trkpt>
      <trkpt lat="36.8770459" lon="138.2173935">
        <ele>485.5419027086715</ele>
      </trkpt>
      <trkpt lat="36.8770695" lon="138.217384">
        <ele>485.58436079116245</ele>
      </trkpt>
      <trkpt lat="36.8770925" lon="138.217373">
        <ele>485.56002951734797</ele>
      </trkpt>
      <trkpt lat="36.8771156" lon="138.2173621">
        <ele>485.5326590480723</ele>
      </trkpt>
      <trkpt lat="36.877138" lon="138.2173509">
        <ele>485.5440239878143</ele>
      </trkpt>
      <trkpt lat="36.8771605" lon="138.2173397">
        <ele>485.5768432672165</ele>
      </trkpt>
      <trkpt lat="36.8771833" lon="138.217328">
        <ele>485.6115597475354</ele>
      </trkpt>
      <trkpt lat="36.8772062" lon="138.2173164">
        <ele>485.6144424180595</ele>
      </trkpt>
      <trkpt lat="36.8772293" lon="138.2173035">
        <ele>485.5332514637087</ele>
      </trkpt>
      <trkpt lat="36.8772525" lon="138.2172907">
        <ele>485.4211325542658</ele>
      </trkpt>
      <trkpt lat="36.8772752" lon="138.2172784">
        <ele>485.2991477747945</ele>
      </trkpt>
      <trkpt lat="36.877298" lon="138.2172661">
        <ele>485.2977334000004</ele>
      </trkpt>
      <trkpt lat="36.8773206" lon="138.2172551">
        <ele>485.3382127330899</ele>
      </trkpt>
      <trkpt lat="36.8773433" lon="138.2172441">
        <ele>485.35466689578</ele>
      </trkpt>
      <trkpt lat="36.8773656" lon="138.2172332">
        <ele>485.374592884199</ele>
      </trkpt>
      <trkpt lat="36.877388" lon="138.2172223">
        <ele>485.4051142285293</ele>
      </trkpt>
      <trkpt lat="36.87741" lon="138.2172111">
        <ele>485.3962513501712</ele>
      </trkpt>
      <trkpt lat="36.877432" lon="138.2171999">
        <ele>485.4101410805635</ele>
      </trkpt>
      <trkpt lat="36.877454" lon="138.217188">
        <ele>485.4863948031333</ele>
      </trkpt>
      <trkpt lat="36.877476" lon="138.2171762">
        <ele>485.5942420705726</ele>
      </trkpt>
      <trkpt lat="36.8774978" lon="138.2171635">
        <ele>485.65515537938086</ele>
      </trkpt>
      <trkpt lat="36.8775196" lon="138.2171508">
        <ele>485.72580588449244</ele>
      </trkpt>
      <trkpt lat="36.8775404" lon="138.2171371">
        <ele>485.7105960681273</ele>
      </trkpt>
      <trkpt lat="36.8775613" lon="138.2171235">
        <ele>485.6628464709017</ele>
      </trkpt>
      <trkpt lat="36.8775821" lon="138.2171088">
        <ele>485.5989462363377</ele>
      </trkpt>
      <trkpt lat="36.8776029" lon="138.2170941">
        <ele>485.58749954706514</ele>
      </trkpt>
      <trkpt lat="36.8776233" lon="138.2170788">
        <ele>485.5361550713772</ele>
      </trkpt>
      <trkpt lat="36.8776438" lon="138.2170636">
        <ele>485.4574642199375</ele>
      </trkpt>
      <trkpt lat="36.8776641" lon="138.2170484">
        <ele>485.32903660426445</ele>
      </trkpt>
      <trkpt lat="36.8776844" lon="138.2170332">
        <ele>485.1482479901746</ele>
      </trkpt>
      <trkpt lat="36.877705" lon="138.2170174">
        <ele>484.93279724328033</ele>
      </trkpt>
      <trkpt lat="36.8777257" lon="138.2170017">
        <ele>484.80892899005664</ele>
      </trkpt>
      <trkpt lat="36.8777465" lon="138.216985">
        <ele>484.6025159538416</ele>
      </trkpt>
      <trkpt lat="36.8777674" lon="138.2169683">
        <ele>484.3387925152413</ele>
      </trkpt>
      <trkpt lat="36.8777886" lon="138.2169516">
        <ele>484.06127759860817</ele>
      </trkpt>
      <trkpt lat="36.8778099" lon="138.2169349">
        <ele>483.76075310177947</ele>
      </trkpt>
      <trkpt lat="36.8778316" lon="138.2169187">
        <ele>483.6027674010908</ele>
      </trkpt>
      <trkpt lat="36.8778534" lon="138.2169025">
        <ele>483.42417893659325</ele>
      </trkpt>
      <trkpt lat="36.8778752" lon="138.2168868">
        <ele>483.23601222362515</ele>
      </trkpt>
      <trkpt lat="36.8778971" lon="138.2168711">
        <ele>483.0254189654362</ele>
      </trkpt>
      <trkpt lat="36.8779183" lon="138.2168558">
        <ele>482.81543925152585</ele>
      </trkpt>
      <trkpt lat="36.8779396" lon="138.2168405">
        <ele>482.6762899943538</ele>
      </trkpt>
      <trkpt lat="36.8779602" lon="138.2168249">
        <ele>482.58428061731865</ele>
      </trkpt>
      <trkpt lat="36.8779809" lon="138.2168093">
        <ele>482.49390032052804</ele>
      </trkpt>
      <trkpt lat="36.8780011" lon="138.2167929">
        <ele>482.39198363660114</ele>
      </trkpt>
      <trkpt lat="36.8780213" lon="138.2167765">
        <ele>482.2788236424483</ele>
      </trkpt>
      <trkpt lat="36.8780411" lon="138.2167593">
        <ele>482.1587019935986</ele>
      </trkpt>
      <trkpt lat="36.8780609" lon="138.2167422">
        <ele>482.1607327221669</ele>
      </trkpt>
      <trkpt lat="36.8780801" lon="138.2167241">
        <ele>482.1456075689534</ele>
      </trkpt>
      <trkpt lat="36.8780993" lon="138.2167061">
        <ele>482.1316475496641</ele>
      </trkpt>
      <trkpt lat="36.8781177" lon="138.2166865">
        <ele>482.11284739137767</ele>
      </trkpt>
      <trkpt lat="36.8781362" lon="138.216667">
        <ele>482.12387398647076</ele>
      </trkpt>
      <trkpt lat="36.8781547" lon="138.2166472">
        <ele>482.117683079745</ele>
      </trkpt>
      <trkpt lat="36.8781732" lon="138.2166275">
        <ele>482.1003323521422</ele>
      </trkpt>
      <trkpt lat="36.8781911" lon="138.2166079">
        <ele>482.0790916675244</ele>
      </trkpt>
      <trkpt lat="36.8782091" lon="138.2165883">
        <ele>482.0715507450227</ele>
      </trkpt>
      <trkpt lat="36.878226" lon="138.2165687">
        <ele>482.09396853568995</ele>
      </trkpt>
      <trkpt lat="36.878243" lon="138.2165491">
        <ele>482.1063843002926</ele>
      </trkpt>
      <trkpt lat="36.8782598" lon="138.2165308">
        <ele>482.1494954629807</ele>
      </trkpt>
      <trkpt lat="36.8782767" lon="138.2165125">
        <ele>482.20375711768935</ele>
      </trkpt>
      <trkpt lat="36.8782934" lon="138.2164941">
        <ele>482.2369894030728</ele>
      </trkpt>
      <trkpt lat="36.8783102" lon="138.2164758">
        <ele>482.24459393466486</ele>
      </trkpt>
      <trkpt lat="36.8783275" lon="138.2164571">
        <ele>482.2437163931174</ele>
      </trkpt>
      <trkpt lat="36.8783448" lon="138.2164384">
        <ele>482.25401205777814</ele>
      </trkpt>
      <trkpt lat="36.8783619" lon="138.2164183">
        <ele>482.25552129819914</ele>
      </trkpt>
      <trkpt lat="36.8783791" lon="138.2163983">
        <ele>482.2530492156646</ele>
      </trkpt>
      <trkpt lat="36.8783955" lon="138.2163771">
        <ele>482.21618011887205</ele>
      </trkpt>
      <trkpt lat="36.8784119" lon="138.216356">
        <ele>482.1846329298337</ele>
      </trkpt>
      <trkpt lat="36.8784286" lon="138.2163357">
        <ele>482.16770808952856</ele>
      </trkpt>
      <trkpt lat="36.8784454" lon="138.2163154">
        <ele>482.1176916315358</ele>
      </trkpt>
      <trkpt lat="36.8784629" lon="138.2162962">
        <ele>482.0546739692319</ele>
      </trkpt>
      <trkpt lat="36.8784805" lon="138.216277">
        <ele>481.97466008052277</ele>
      </trkpt>
      <trkpt lat="36.8784985" lon="138.2162575">
        <ele>481.8831346458522</ele>
      </trkpt>
      <trkpt lat="36.8785165" lon="138.2162381">
        <ele>481.7932377318602</ele>
      </trkpt>
      <trkpt lat="36.8785346" lon="138.2162178">
        <ele>481.70676713456805</ele>
      </trkpt>
      <trkpt lat="36.8785527" lon="138.2161975">
        <ele>481.6168883291315</ele>
      </trkpt>
      <trkpt lat="36.8785706" lon="138.2161766">
        <ele>481.5025748478008</ele>
      </trkpt>
      <trkpt lat="36.8785886" lon="138.2161558">
        <ele>481.3783467861542</ele>
      </trkpt>
      <trkpt lat="36.8786056" lon="138.2161352">
        <ele>481.2185925365894</ele>
      </trkpt>
      <trkpt lat="36.8786226" lon="138.2161147">
        <ele>481.0575393901444</ele>
      </trkpt>
      <trkpt lat="36.878639" lon="138.2160945">
        <ele>480.89526224371593</ele>
      </trkpt>
      <trkpt lat="36.8786554" lon="138.2160743">
        <ele>480.7367069181997</ele>
      </trkpt>
      <trkpt lat="36.8786721" lon="138.216054">
        <ele>480.678576337547</ele>
      </trkpt>
      <trkpt lat="36.8786889" lon="138.2160337">
        <ele>480.639457634418</ele>
      </trkpt>
      <trkpt lat="36.8787078" lon="138.2160137">
        <ele>480.63512028390596</ele>
      </trkpt>
      <trkpt lat="36.8787267" lon="138.2159937">
        <ele>480.63078300147356</ele>
      </trkpt>
      <trkpt lat="36.8787468" lon="138.215974">
        <ele>480.69411171730644</ele>
      </trkpt>
      <trkpt lat="36.878767" lon="138.2159544">
        <ele>480.76655925139823</ele>
      </trkpt>
      <trkpt lat="36.8787875" lon="138.2159348">
        <ele>480.8438134038593</ele>
      </trkpt>
      <trkpt lat="36.8788081" lon="138.2159153">
        <ele>480.97576438332334</ele>
      </trkpt>
      <trkpt lat="36.878828" lon="138.2158954">
        <ele>481.12998675935074</ele>
      </trkpt>
      <trkpt lat="36.878848" lon="138.2158755">
        <ele>481.2856499083098</ele>
      </trkpt>
      <trkpt lat="36.8788671" lon="138.2158551">
        <ele>481.4073342449361</ele>
      </trkpt>
      <trkpt lat="36.8788862" lon="138.2158348">
        <ele>481.54609407492717</ele>
      </trkpt>
      <trkpt lat="36.8789045" lon="138.2158143">
        <ele>481.629933802267</ele>
      </trkpt>
      <trkpt lat="36.8789228" lon="138.2157938">
        <ele>481.6501060100934</ele>
      </trkpt>
      <trkpt lat="36.87894" lon="138.2157734">
        <ele>481.65186066573403</ele>
      </trkpt>
      <trkpt lat="36.8789573" lon="138.215753">
        <ele>481.6811829705566</ele>
      </trkpt>
      <trkpt lat="36.8789743" lon="138.2157339">
        <ele>481.70449012643354</ele>
      </trkpt>
      <trkpt lat="36.8789913" lon="138.2157148">
        <ele>481.70919564395336</ele>
      </trkpt>
      <trkpt lat="36.8790092" lon="138.2156967">
        <ele>481.73852468237453</ele>
      </trkpt>
      <trkpt lat="36.8790271" lon="138.2156786">
        <ele>481.76807509019443</ele>
      </trkpt>
      <trkpt lat="36.8790454" lon="138.2156609">
        <ele>481.78186611372325</ele>
      </trkpt>
      <trkpt lat="36.8790638" lon="138.2156433">
        <ele>481.7710021842945</ele>
      </trkpt>
      <trkpt lat="36.8790819" lon="138.2156248">
        <ele>481.778883798619</ele>
      </trkpt>
      <trkpt lat="36.8791" lon="138.2156064">
        <ele>481.79905642912445</ele>
      </trkpt>
      <trkpt lat="36.8791173" lon="138.2155877">
        <ele>481.7593951685353</ele>
      </trkpt>
      <trkpt lat="36.8791347" lon="138.215569">
        <ele>481.6890205280997</ele>
      </trkpt>
      <trkpt lat="36.879152" lon="138.2155511">
        <ele>481.67359763698283</ele>
      </trkpt>
      <trkpt lat="36.8791694" lon="138.2155332">
        <ele>481.67272203504365</ele>
      </trkpt>
      <trkpt lat="36.8791863" lon="138.2155155">
        <ele>481.6338131357882</ele>
      </trkpt>
      <trkpt lat="36.8792033" lon="138.2154979">
        <ele>481.5691378511945</ele>
      </trkpt>
      <trkpt lat="36.8792207" lon="138.215481">
        <ele>481.53447106834716</ele>
      </trkpt>
      <trkpt lat="36.8792382" lon="138.2154642">
        <ele>481.51826607547446</ele>
      </trkpt>
      <trkpt lat="36.879257" lon="138.2154468">
        <ele>481.4977137227237</ele>
      </trkpt>
      <trkpt lat="36.8792758" lon="138.2154295">
        <ele>481.446526334488</ele>
      </trkpt>
      <trkpt lat="36.8792967" lon="138.2154104">
        <ele>481.37569701106884</ele>
      </trkpt>
      <trkpt lat="36.8793177" lon="138.2153914">
        <ele>481.28381362407947</ele>
      </trkpt>
      <trkpt lat="36.8793396" lon="138.2153707">
        <ele>481.2240112967589</ele>
      </trkpt>
      <trkpt lat="36.8793616" lon="138.2153501">
        <ele>481.15219098052387</ele>
      </trkpt>
      <trkpt lat="36.8793823" lon="138.2153279">
        <ele>480.9789767105504</ele>
      </trkpt>
      <trkpt lat="36.879403" lon="138.2153057">
        <ele>480.7589725160614</ele>
      </trkpt>
      <trkpt lat="36.8794222" lon="138.2152823">
        <ele>480.56179212458824</ele>
      </trkpt>
      <trkpt lat="36.8794414" lon="138.2152589">
        <ele>480.31569567017254</ele>
      </trkpt>
      <trkpt lat="36.8794603" lon="138.2152354">
        <ele>480.03317216888087</ele>
      </trkpt>
      <trkpt lat="36.8794793" lon="138.2152119">
        <ele>479.76219544622876</ele>
      </trkpt>
      <trkpt lat="36.8794989" lon="138.2151904">
        <ele>479.6012136173476</ele>
      </trkpt>
      <trkpt lat="36.8795186" lon="138.215169">
        <ele>479.40918748367835</ele>
      </trkpt>
      <trkpt lat="36.8795387" lon="138.2151493">
        <ele>479.2225986718303</ele>
      </trkpt>
      <trkpt lat="36.8795588" lon="138.2151297">
        <ele>479.0227778242949</ele>
      </trkpt>
      <trkpt lat="36.879579" lon="138.2151104">
        <ele>478.89384383898187</ele>
      </trkpt>
      <trkpt lat="36.8795993" lon="138.2150911">
        <ele>478.72573579511425</ele>
      </trkpt>
      <trkpt lat="36.8796196" lon="138.2150717">
        <ele>478.51610989098526</ele>
      </trkpt>
      <trkpt lat="36.87964" lon="138.2150524">
        <ele>479.2206290200357</ele>
      </trkpt>
      <trkpt lat="36.8796601" lon="138.2150335">
        <ele>478.94071139572225</ele>
      </trkpt>
      <trkpt lat="36.8796802" lon="138.2150147">
        <ele>478.6997719326524</ele>
      </trkpt>
      <trkpt lat="36.8797002" lon="138.2149958">
        <ele>478.58896741493845</ele>
      </trkpt>
      <trkpt lat="36.8797203" lon="138.2149769">
        <ele>478.55834927661977</ele>
      </trkpt>
      <trkpt lat="36.8797405" lon="138.2149574">
        <ele>478.4894387260637</ele>
      </trkpt>
      <trkpt lat="36.8797607" lon="138.214938">
        <ele>478.4511908220866</ele>
      </trkpt>
      <trkpt lat="36.8797811" lon="138.2149177">
        <ele>478.42717566897124</ele>
      </trkpt>
      <trkpt lat="36.8798015" lon="138.2148975">
        <ele>478.3764796817983</ele>
      </trkpt>
      <trkpt lat="36.8798217" lon="138.2148766">
        <ele>478.2852655467453</ele>
      </trkpt>
      <trkpt lat="36.8798419" lon="138.2148558">
        <ele>478.29767703049794</ele>
      </trkpt>
      <trkpt lat="36.8798623" lon="138.2148342">
        <ele>478.29962766983374</ele>
      </trkpt>
      <trkpt lat="36.8798828" lon="138.2148127">
        <ele>478.27400875993453</ele>
      </trkpt>
      <trkpt lat="36.8799043" lon="138.214792">
        <ele>478.2789028388518</ele>
      </trkpt>
      <trkpt lat="36.8799258" lon="138.2147714">
        <ele>478.3092772587018</ele>
      </trkpt>
      <trkpt lat="36.8799472" lon="138.2147524">
        <ele>478.3315866902338</ele>
      </trkpt>
      <trkpt lat="36.8799686" lon="138.2147334">
        <ele>478.34003635699526</ele>
      </trkpt>
      <trkpt lat="36.8799891" lon="138.2147149">
        <ele>478.364017941601</ele>
      </trkpt>
      <trkpt lat="36.8800096" lon="138.2146965">
        <ele>478.38053132122593</ele>
      </trkpt>
      <trkpt lat="36.8800305" lon="138.2146774">
        <ele>478.3911448561963</ele>
      </trkpt>
      <trkpt lat="36.8800515" lon="138.2146584">
        <ele>478.40579729574563</ele>
      </trkpt>
      <trkpt lat="36.8800732" lon="138.214639">
        <ele>478.40031064329133</ele>
      </trkpt>
      <trkpt lat="36.880095" lon="138.2146197">
        <ele>478.36929498405146</ele>
      </trkpt>
      <trkpt lat="36.8801174" lon="138.2146012">
        <ele>478.30924218720867</ele>
      </trkpt>
      <trkpt lat="36.8801399" lon="138.2145827">
        <ele>478.20503270985984</ele>
      </trkpt>
      <trkpt lat="36.8801625" lon="138.2145658">
        <ele>478.09430374838433</ele>
      </trkpt>
      <trkpt lat="36.8801852" lon="138.214549">
        <ele>477.96559815782825</ele>
      </trkpt>
      <trkpt lat="36.8802082" lon="138.2145352">
        <ele>477.89074981504626</ele>
      </trkpt>
      <trkpt lat="36.8802312" lon="138.2145214">
        <ele>477.82890114015106</ele>
      </trkpt>
      <trkpt lat="36.8802546" lon="138.2145118">
        <ele>477.82347735930585</ele>
      </trkpt>
      <trkpt lat="36.880278" lon="138.2145023">
        <ele>477.7868390538923</ele>
      </trkpt>
      <trkpt lat="36.8803021" lon="138.2144969">
        <ele>477.8315818406655</ele>
      </trkpt>
      <trkpt lat="36.8803262" lon="138.2144915">
        <ele>477.88856376863026</ele>
      </trkpt>
      <trkpt lat="36.8803512" lon="138.2144891">
        <ele>478.02979848448484</ele>
      </trkpt>
      <trkpt lat="36.8803763" lon="138.2144868">
        <ele>478.1719965360354</ele>
      </trkpt>
      <trkpt lat="36.8804015" lon="138.2144854">
        <ele>478.3173659291165</ele>
      </trkpt>
      <trkpt lat="36.8804268" lon="138.214484">
        <ele>478.4610551639906</ele>
      </trkpt>
      <trkpt lat="36.8804523" lon="138.2144832">
        <ele>478.62704038483787</ele>
      </trkpt>
      <trkpt lat="36.8804778" lon="138.2144825">
        <ele>478.8092632686471</ele>
      </trkpt>
      <trkpt lat="36.8805038" lon="138.2144816">
        <ele>478.98903929079574</ele>
      </trkpt>
      <trkpt lat="36.8805299" lon="138.2144807">
        <ele>479.1688098497252</ele>
      </trkpt>
      <trkpt lat="36.8805572" lon="138.2144781">
        <ele>479.3064413156293</ele>
      </trkpt>
      <trkpt lat="36.8805845" lon="138.2144756">
        <ele>479.448658975144</ele>
      </trkpt>
      <trkpt lat="36.8806118" lon="138.2144713">
        <ele>479.5689200591984</ele>
      </trkpt>
      <trkpt lat="36.8806392" lon="138.214467">
        <ele>479.6861080563727</ele>
      </trkpt>
      <trkpt lat="36.8806654" lon="138.2144609">
        <ele>479.73538060078835</ele>
      </trkpt>
      <trkpt lat="36.8806916" lon="138.2144549">
        <ele>479.78126282946397</ele>
      </trkpt>
      <trkpt lat="36.8807156" lon="138.2144462">
        <ele>479.70605871031614</ele>
      </trkpt>
      <trkpt lat="36.8807396" lon="138.2144375">
        <ele>479.682039559347</ele>
      </trkpt>
      <trkpt lat="36.8807624" lon="138.2144251">
        <ele>479.5292112056138</ele>
      </trkpt>
      <trkpt lat="36.8807853" lon="138.2144127">
        <ele>479.358101253371</ele>
      </trkpt>
      <trkpt lat="36.8808085" lon="138.2143971">
        <ele>479.0674009303672</ele>
      </trkpt>
      <trkpt lat="36.8808317" lon="138.2143816">
        <ele>478.75542816535955</ele>
      </trkpt>
      <trkpt lat="36.8808559" lon="138.2143657">
        <ele>478.41305150357437</ele>
      </trkpt>
      <trkpt lat="36.8808801" lon="138.2143498">
        <ele>478.1760778489114</ele>
      </trkpt>
      <trkpt lat="36.8809054" lon="138.2143367">
        <ele>478.03810076163745</ele>
      </trkpt>
      <trkpt lat="36.8809307" lon="138.2143237">
        <ele>477.8680301538212</ele>
      </trkpt>
      <trkpt lat="36.8809567" lon="138.2143151">
        <ele>477.81442275924286</ele>
      </trkpt>
      <trkpt lat="36.8809828" lon="138.2143066">
        <ele>477.75713793107406</ele>
      </trkpt>
      <trkpt lat="36.8810082" lon="138.2143026">
        <ele>477.87897944983297</ele>
      </trkpt>
      <trkpt lat="36.8810336" lon="138.2142986">
        <ele>478.03183986512533</ele>
      </trkpt>
      <trkpt lat="36.8810584" lon="138.2142958">
        <ele>478.21163894235843</ele>
      </trkpt>
      <trkpt lat="36.8810832" lon="138.214293">
        <ele>478.47777408950685</ele>
      </trkpt>
      <trkpt lat="36.8811084" lon="138.2142885">
        <ele>478.702473488044</ele>
      </trkpt>
      <trkpt lat="36.8811337" lon="138.214284">
        <ele>478.927820802806</ele>
      </trkpt>
      <trkpt lat="36.881159" lon="138.2142765">
        <ele>479.09915333944406</ele>
      </trkpt>
      <trkpt lat="36.8811843" lon="138.214269">
        <ele>479.2843465150777</ele>
      </trkpt>
      <trkpt lat="36.8812097" lon="138.2142605">
        <ele>479.4208210425066</ele>
      </trkpt>
      <trkpt lat="36.8812352" lon="138.214252">
        <ele>479.53146605379527</ele>
      </trkpt>
      <trkpt lat="36.8812605" lon="138.2142445">
        <ele>479.666471493245</ele>
      </trkpt>
      <trkpt lat="36.8812858" lon="138.2142371">
        <ele>479.73687992174627</ele>
      </trkpt>
      <trkpt lat="36.8813107" lon="138.2142323">
        <ele>479.8579000328375</ele>
      </trkpt>
      <trkpt lat="36.8813357" lon="138.2142275">
        <ele>479.9719620240581</ele>
      </trkpt>
      <trkpt lat="36.8813613" lon="138.2142257">
        <ele>480.02591535998545</ele>
      </trkpt>
      <trkpt lat="36.8813869" lon="138.2142239">
        <ele>480.07067141034696</ele>
      </trkpt>
      <trkpt lat="36.8814138" lon="138.2142275">
        <ele>480.2748643925653</ele>
      </trkpt>
      <trkpt lat="36.8814407" lon="138.2142311">
        <ele>480.369900242566</ele>
      </trkpt>
      <trkpt lat="36.8814679" lon="138.2142393">
        <ele>480.63599953544434</ele>
      </trkpt>
      <trkpt lat="36.8814951" lon="138.2142476">
        <ele>480.77252650847913</ele>
      </trkpt>
      <trkpt lat="36.8815214" lon="138.2142578">
        <ele>480.9297299933477</ele>
      </trkpt>
      <trkpt lat="36.8815477" lon="138.214268">
        <ele>481.04749888163684</ele>
      </trkpt>
      <trkpt lat="36.8815729" lon="138.214279">
        <ele>481.0826185932258</ele>
      </trkpt>
      <trkpt lat="36.8815981" lon="138.21429">
        <ele>481.0857754611583</ele>
      </trkpt>
      <trkpt lat="36.8816223" lon="138.2143021">
        <ele>481.0963097138573</ele>
      </trkpt>
      <trkpt lat="36.8816466" lon="138.2143142">
        <ele>481.07350161415627</ele>
      </trkpt>
      <trkpt lat="36.8816709" lon="138.2143262">
        <ele>481.0476641731116</ele>
      </trkpt>
      <trkpt lat="36.8816953" lon="138.2143382">
        <ele>481.00368936288635</ele>
      </trkpt>
      <trkpt lat="36.88172" lon="138.2143498">
        <ele>480.92436107757857</ele>
      </trkpt>
      <trkpt lat="36.8817447" lon="138.2143614">
        <ele>480.8325398602229</ele>
      </trkpt>
      <trkpt lat="36.8817702" lon="138.214373">
        <ele>480.6902329152223</ele>
      </trkpt>
      <trkpt lat="36.8817957" lon="138.2143846">
        <ele>480.56203060576615</ele>
      </trkpt>
      <trkpt lat="36.8818228" lon="138.2143956">
        <ele>480.4041034993669</ele>
      </trkpt>
      <trkpt lat="36.8818499" lon="138.2144066">
        <ele>480.2469024877602</ele>
      </trkpt>
      <trkpt lat="36.8818778" lon="138.2144134">
        <ele>479.95394140423724</ele>
      </trkpt>
      <trkpt lat="36.8819058" lon="138.2144203">
        <ele>479.59146671469875</ele>
      </trkpt>
      <trkpt lat="36.8819342" lon="138.214423">
        <ele>479.0558962409394</ele>
      </trkpt>
      <trkpt lat="36.8819627" lon="138.2144257">
        <ele>478.49790227246683</ele>
      </trkpt>
      <trkpt lat="36.8819912" lon="138.2144259">
        <ele>477.80774434455327</ele>
      </trkpt>
      <trkpt lat="36.8820197" lon="138.2144262">
        <ele>477.12042839435736</ele>
      </trkpt>
      <trkpt lat="36.88202332293872" lon="138.21442631943754">
        <ele>477.0354986017837</ele>
      </trkpt>
      <trkpt lat="36.882047" lon="138.2144271">
        <ele>476.39184985021757</ele>
      </trkpt>
      <trkpt lat="36.8820743" lon="138.214428">
        <ele>475.6465268471842</ele>
      </trkpt>
      <trkpt lat="36.8821019" lon="138.2144301">
        <ele>474.93346040593985</ele>
      </trkpt>
      <trkpt lat="36.8821296" lon="138.2144322">
        <ele>474.2345796346484</ele>
      </trkpt>
      <trkpt lat="36.8821587" lon="138.2144375">
        <ele>473.572043253967</ele>
      </trkpt>
      <trkpt lat="36.8821878" lon="138.2144428">
        <ele>472.9393838539813</ele>
      </trkpt>
      <trkpt lat="36.8822172" lon="138.2144528">
        <ele>472.3879878951796</ele>
      </trkpt>
      <trkpt lat="36.8822466" lon="138.2144628">
        <ele>471.86166362577785</ele>
      </trkpt>
      <trkpt lat="36.8822748" lon="138.2144772">
        <ele>471.4673621426498</ele>
      </trkpt>
      <trkpt lat="36.8823031" lon="138.2144916">
        <ele>471.0574713531563</ele>
      </trkpt>
      <trkpt lat="36.8823031" lon="138.2144916">
        <ele>471.0574713531563</ele>
      </trkpt>
      <trkpt lat="36.882672008375316" lon="138.21481303044084">
        <ele>467.8833508809505</ele>
      </trkpt>
      <trkpt lat="36.88304091675062" lon="138.21513446088167">
        <ele>466.93727900767306</ele>
      </trkpt>
      <trkpt lat="36.883287166388314" lon="138.21534901857376">
        <ele>466.6809570312508</ele>
      </trkpt>
      <trkpt lat="36.883287166388314" lon="138.21534901857376">
        <ele>466.6809570312508</ele>
      </trkpt>
      <trkpt lat="36.88326571247464" lon="138.21559846401215">
        <ele>470.06347656234794</ele>
      </trkpt>
      <trkpt lat="36.8832501" lon="138.2158102">
        <ele>473.39798123916927</ele>
      </trkpt>
      <trkpt lat="36.8832501" lon="138.2158102">
        <ele>473.39798123916927</ele>
      </trkpt>
      <trkpt lat="36.8832375" lon="138.2158366">
        <ele>474.025853524261</ele>
      </trkpt>
      <trkpt lat="36.883225" lon="138.2158631">
        <ele>474.717245790051</ele>
      </trkpt>
      <trkpt lat="36.8832079" lon="138.2158913">
        <ele>475.4866353080763</ele>
      </trkpt>
      <trkpt lat="36.8831909" lon="138.2159195">
        <ele>476.3785592865212</ele>
      </trkpt>
      <trkpt lat="36.8831746" lon="138.2159463">
        <ele>477.3747045905416</ele>
      </trkpt>
      <trkpt lat="36.8831583" lon="138.2159732">
        <ele>478.38975382919926</ele>
      </trkpt>
      <trkpt lat="36.8831448" lon="138.2159978">
        <ele>479.39159598401835</ele>
      </trkpt>
      <trkpt lat="36.8831314" lon="138.2160225">
        <ele>480.5642189057089</ele>
      </trkpt>
      <trkpt lat="36.8831199" lon="138.216044">
        <ele>481.5862679718075</ele>
      </trkpt>
      <trkpt lat="36.8831084" lon="138.2160655">
        <ele>482.62205123119185</ele>
      </trkpt>
      <trkpt lat="36.8830997" lon="138.2160824">
        <ele>483.4904210451496</ele>
      </trkpt>
      <trkpt lat="36.8830911" lon="138.2160993">
        <ele>484.44718936389694</ele>
      </trkpt>
      <trkpt lat="36.883085" lon="138.2161139">
        <ele>485.2551389393283</ele>
      </trkpt>
      <trkpt lat="36.883079" lon="138.2161286">
        <ele>486.0640431138743</ele>
      </trkpt>
      <trkpt lat="36.8830738" lon="138.2161439">
        <ele>486.8918142015106</ele>
      </trkpt>
      <trkpt lat="36.8830686" lon="138.2161592">
        <ele>487.71688490556534</ele>
      </trkpt>
      <trkpt lat="36.8830654" lon="138.2161727">
        <ele>488.5287673357178</ele>
      </trkpt>
      <trkpt lat="36.8830622" lon="138.2161863">
        <ele>489.3694978976624</ele>
      </trkpt>
      <trkpt lat="36.8830613" lon="138.2161972">
        <ele>490.0263449608119</ele>
      </trkpt>
      <trkpt lat="36.8830605" lon="138.2162082">
        <ele>490.6881143304522</ele>
      </trkpt>
      <trkpt lat="36.8830594" lon="138.2162205">
        <ele>491.43018767170173</ele>
      </trkpt>
      <trkpt lat="36.8830583" lon="138.2162329">
        <ele>492.17820294394664</ele>
      </trkpt>
      <trkpt lat="36.8830568" lon="138.216247">
        <ele>493.0313095391499</ele>
      </trkpt>
      <trkpt lat="36.8830553" lon="138.2162612">
        <ele>493.954390369036</ele>
      </trkpt>
      <trkpt lat="36.8830542" lon="138.2162746">
        <ele>494.82421930049554</ele>
      </trkpt>
      <trkpt lat="36.8830532" lon="138.2162881">
        <ele>495.6988322419376</ele>
      </trkpt>
      <trkpt lat="36.8830515" lon="138.2163008">
        <ele>496.5259395665285</ele>
      </trkpt>
      <trkpt lat="36.8830499" lon="138.2163135">
        <ele>497.35155204200015</ele>
      </trkpt>
      <trkpt lat="36.8830476" lon="138.2163256">
        <ele>498.1432687953673</ele>
      </trkpt>
      <trkpt lat="36.8830454" lon="138.2163378">
        <ele>498.9448533573931</ele>
      </trkpt>
      <trkpt lat="36.883043" lon="138.2163484">
        <ele>499.65189094042415</ele>
      </trkpt>
      <trkpt lat="36.8830407" lon="138.2163591">
        <ele>500.36388327334663</ele>
      </trkpt>
      <trkpt lat="36.8830385" lon="138.2163686">
        <ele>500.99638189514997</ele>
      </trkpt>
      <trkpt lat="36.8830364" lon="138.2163782">
        <ele>501.6340144774205</ele>
      </trkpt>
      <trkpt lat="36.8830343" lon="138.2163864">
        <ele>502.1800720386151</ele>
      </trkpt>
      <trkpt lat="36.8830323" lon="138.2163946">
        <ele>502.7249207046375</ele>
      </trkpt>
      <trkpt lat="36.8830301" lon="138.216401">
        <ele>503.15370249255545</ele>
      </trkpt>
      <trkpt lat="36.883028" lon="138.2164074">
        <ele>503.5814036889464</ele>
      </trkpt>
      <trkpt lat="36.8830268" lon="138.2164131">
        <ele>503.95796585993514</ele>
      </trkpt>
      <trkpt lat="36.8830257" lon="138.2164188">
        <ele>504.33371251688357</ele>
      </trkpt>
      <trkpt lat="36.8830256" lon="138.216424">
        <ele>504.6733709070838</ele>
      </trkpt>
      <trkpt lat="36.8830256" lon="138.2164292">
        <ele>505.0126434966928</ele>
      </trkpt>
      <trkpt lat="36.8830255" lon="138.216436">
        <ele>505.4568902956329</ele>
      </trkpt>
      <trkpt lat="36.8830254" lon="138.2164428">
        <ele>505.9011370947591</ele>
      </trkpt>
      <trkpt lat="36.8830239" lon="138.2164512">
        <ele>506.4579324510887</ele>
      </trkpt>
      <trkpt lat="36.8830224" lon="138.2164597">
        <ele>507.0212522833615</ele>
      </trkpt>
      <trkpt lat="36.8830206" lon="138.2164694">
        <ele>507.6646137156532</ele>
      </trkpt>
      <trkpt lat="36.8830189" lon="138.2164791">
        <ele>508.3073925029495</ele>
      </trkpt>
      <trkpt lat="36.8830184" lon="138.2164899">
        <ele>509.01494878735474</ele>
      </trkpt>
      <trkpt lat="36.883018" lon="138.2165007">
        <ele>509.72192242955884</ele>
      </trkpt>
      <trkpt lat="36.8830187" lon="138.2165116">
        <ele>510.39848933927806</ele>
      </trkpt>
      <trkpt lat="36.8830194" lon="138.2165225">
        <ele>511.05478070508775</ele>
      </trkpt>
      <trkpt lat="36.8830196" lon="138.2165325">
        <ele>511.65945933088744</ele>
      </trkpt>
      <trkpt lat="36.8830198" lon="138.2165426">
        <ele>512.2701963987209</ele>
      </trkpt>
      <trkpt lat="36.8830191" lon="138.2165523">
        <ele>512.86194348652</ele>
      </trkpt>
      <trkpt lat="36.8830185" lon="138.2165621">
        <ele>513.4591663762935</ele>
      </trkpt>
      <trkpt lat="36.883017" lon="138.2165715">
        <ele>514.0373992859394</ele>
      </trkpt>
      <trkpt lat="36.8830155" lon="138.216581">
        <ele>514.6216906350114</ele>
      </trkpt>
      <trkpt lat="36.8830139" lon="138.2165901">
        <ele>515.1823308702567</ele>
      </trkpt>
      <trkpt lat="36.8830123" lon="138.2165992">
        <ele>515.7099940778498</ele>
      </trkpt>
      <trkpt lat="36.8830107" lon="138.2166081">
        <ele>516.2237033538978</ele>
      </trkpt>
      <trkpt lat="36.8830091" lon="138.2166171">
        <ele>516.7435634022585</ele>
      </trkpt>
      <trkpt lat="36.8830076" lon="138.2166253">
        <ele>517.217909850987</ele>
      </trkpt>
      <trkpt lat="36.8830061" lon="138.2166335">
        <ele>517.6926737826855</ele>
      </trkpt>
      <trkpt lat="36.8830053" lon="138.2166412">
        <ele>518.1348035167651</ele>
      </trkpt>
      <trkpt lat="36.8830046" lon="138.2166489">
        <ele>518.5764612259586</ele>
      </trkpt>
      <trkpt lat="36.8830034" lon="138.2166567">
        <ele>519.0274498537791</ele>
      </trkpt>
      <trkpt lat="36.8830022" lon="138.2166646">
        <ele>519.4844353321068</ele>
      </trkpt>
      <trkpt lat="36.8830006" lon="138.2166737">
        <ele>520.0128096569181</ele>
      </trkpt>
      <trkpt lat="36.8829991" lon="138.2166829">
        <ele>520.4832542560307</ele>
      </trkpt>
      <trkpt lat="36.8829969" lon="138.216694">
        <ele>521.0165744083479</ele>
      </trkpt>
      <trkpt lat="36.8829947" lon="138.2167051">
        <ele>521.5498945621785</ele>
      </trkpt>
      <trkpt lat="36.8829927" lon="138.2167157">
        <ele>522.0584564195724</ele>
      </trkpt>
      <trkpt lat="36.8829908" lon="138.2167264">
        <ele>522.5709503101662</ele>
      </trkpt>
      <trkpt lat="36.8829901" lon="138.2167321">
        <ele>522.8416876832034</ele>
      </trkpt>
      <trkpt lat="36.8829895" lon="138.2167379">
        <ele>523.1163570881599</ele>
      </trkpt>
      <trkpt lat="36.8829888" lon="138.216747">
        <ele>523.5455459439672</ele>
      </trkpt>
      <trkpt lat="36.8829881" lon="138.2167562">
        <ele>523.9793951377051</ele>
      </trkpt>
      <trkpt lat="36.8829872" lon="138.2167644">
        <ele>524.3616059108648</ele>
      </trkpt>
      <trkpt lat="36.8829863" lon="138.2167726">
        <ele>524.7216472561248</ele>
      </trkpt>
      <trkpt lat="36.8829855" lon="138.2167798">
        <ele>525.0378521726941</ele>
      </trkpt>
      <trkpt lat="36.8829848" lon="138.2167871">
        <ele>525.3576395991965</ele>
      </trkpt>
      <trkpt lat="36.8829843" lon="138.2167917">
        <ele>525.5585132726476</ele>
      </trkpt>
      <trkpt lat="36.8829839" lon="138.2167963">
        <ele>525.7585585704545</ele>
      </trkpt>
      <trkpt lat="36.8829841" lon="138.2168043">
        <ele>526.1025496038848</ele>
      </trkpt>
      <trkpt lat="36.8829843" lon="138.2168124">
        <ele>526.4508514501159</ele>
      </trkpt>
      <trkpt lat="36.8829839" lon="138.2168198">
        <ele>526.7715994960166</ele>
      </trkpt>
      <trkpt lat="36.8829836" lon="138.2168273">
        <ele>527.0962213730675</ele>
      </trkpt>
      <trkpt lat="36.8829829" lon="138.2168354">
        <ele>527.44845605311</ele>
      </trkpt>
      <trkpt lat="36.8829822" lon="138.2168436">
        <ele>527.8050015424379</ele>
      </trkpt>
      <trkpt lat="36.882981" lon="138.2168527">
        <ele>528.1823658980895</ele>
      </trkpt>
      <trkpt lat="36.8829799" lon="138.2168619">
        <ele>528.5408923305107</ele>
      </trkpt>
      <trkpt lat="36.8829778" lon="138.2168716">
        <ele>528.9230124729689</ele>
      </trkpt>
      <trkpt lat="36.8829757" lon="138.2168813">
        <ele>529.3051326150079</ele>
      </trkpt>
      <trkpt lat="36.8829745" lon="138.2168912">
        <ele>529.6910094816243</ele>
      </trkpt>
      <trkpt lat="36.8829733" lon="138.2169012">
        <ele>530.0807311255492</ele>
      </trkpt>
      <trkpt lat="36.8829722" lon="138.2169103">
        <ele>530.4354127801031</ele>
      </trkpt>
      <trkpt lat="36.8829711" lon="138.2169195">
        <ele>530.7939392135719</ele>
      </trkpt>
      <trkpt lat="36.8829682" lon="138.2169285">
        <ele>531.1526417550873</ele>
      </trkpt>
      <trkpt lat="36.8829653" lon="138.2169375">
        <ele>531.5064211065746</ele>
      </trkpt>
      <trkpt lat="36.8829626" lon="138.2169455">
        <ele>531.8133344507676</ele>
      </trkpt>
      <trkpt lat="36.8829599" lon="138.2169535">
        <ele>532.1195146583912</ele>
      </trkpt>
      <trkpt lat="36.8829588" lon="138.2169559">
        <ele>532.2123862314572</ele>
      </trkpt>
      <trkpt lat="36.8829578" lon="138.2169583">
        <ele>532.3047721073465</ele>
      </trkpt>
      <trkpt lat="36.8829567" lon="138.2169607">
        <ele>532.3974685429306</ele>
      </trkpt>
      <trkpt lat="36.8829557" lon="138.2169631">
        <ele>532.4896874288</ele>
      </trkpt>
      <trkpt lat="36.8829547" lon="138.2169656">
        <ele>532.5855022721693</ele>
      </trkpt>
      <trkpt lat="36.8829499" lon="138.2169748">
        <ele>532.9414927835595</ele>
      </trkpt>
      <trkpt lat="36.8829452" lon="138.216984">
        <ele>533.295631969879</ele>
      </trkpt>
      <trkpt lat="36.8829418" lon="138.2169919">
        <ele>533.5964025189334</ele>
      </trkpt>
      <trkpt lat="36.8829385" lon="138.2169998">
        <ele>533.8959357409722</ele>
      </trkpt>
      <trkpt lat="36.8829353" lon="138.2170075">
        <ele>534.1869828720828</ele>
      </trkpt>
      <trkpt lat="36.8829322" lon="138.2170153">
        <ele>534.4805333966938</ele>
      </trkpt>
      <trkpt lat="36.8829291" lon="138.2170225">
        <ele>534.7480396908248</ele>
      </trkpt>
      <trkpt lat="36.8829261" lon="138.2170298">
        <ele>535.0119328085339</ele>
      </trkpt>
      <trkpt lat="36.8829231" lon="138.2170369">
        <ele>535.2688354186254</ele>
      </trkpt>
      <trkpt lat="36.8829202" lon="138.217044">
        <ele>535.5254467089667</ele>
      </trkpt>
      <trkpt lat="36.8829178" lon="138.2170517">
        <ele>535.8015729141429</ele>
      </trkpt>
      <trkpt lat="36.8829155" lon="138.2170594">
        <ele>536.0766608060112</ele>
      </trkpt>
      <trkpt lat="36.8829135" lon="138.2170699">
        <ele>536.4465756132041</ele>
      </trkpt>
      <trkpt lat="36.8829115" lon="138.2170804">
        <ele>536.8164904203273</ele>
      </trkpt>
      <trkpt lat="36.8829098" lon="138.2170924">
        <ele>537.2383970478323</ele>
      </trkpt>
      <trkpt lat="36.8829081" lon="138.2171045">
        <ele>537.663798926073</ele>
      </trkpt>
      <trkpt lat="36.882907" lon="138.2171163">
        <ele>538.053526886693</ele>
      </trkpt>
      <trkpt lat="36.8829059" lon="138.2171282">
        <ele>538.4433352871106</ele>
      </trkpt>
      <trkpt lat="36.8829051" lon="138.217138">
        <ele>538.7641997419303</ele>
      </trkpt>
      <trkpt lat="36.8829044" lon="138.2171479">
        <ele>539.0881807717732</ele>
      </trkpt>
      <trkpt lat="36.8829042" lon="138.2171559">
        <ele>539.3494510087887</ele>
      </trkpt>
      <trkpt lat="36.8829041" lon="138.217164">
        <ele>539.6138378208507</ele>
      </trkpt>
      <trkpt lat="36.8829037" lon="138.2171672">
        <ele>539.718812027993</ele>
      </trkpt>
      <trkpt lat="36.8829034" lon="138.2171704">
        <ele>539.823640576145</ele>
      </trkpt>
      <trkpt lat="36.8829031" lon="138.2171737">
        <ele>539.9317313596375</ele>
      </trkpt>
      <trkpt lat="36.8829027" lon="138.2171818">
        <ele>540.1965551527685</ele>
      </trkpt>
      <trkpt lat="36.8829024" lon="138.21719">
        <ele>540.4644955222496</ele>
      </trkpt>
      <trkpt lat="36.8829039" lon="138.2171999">
        <ele>540.7391676371261</ele>
      </trkpt>
      <trkpt lat="36.8829055" lon="138.2172098">
        <ele>541.0036702959244</ele>
      </trkpt>
      <trkpt lat="36.8829089" lon="138.217221">
        <ele>541.2991509469796</ele>
      </trkpt>
      <trkpt lat="36.8829124" lon="138.2172323">
        <ele>541.5958105396136</ele>
      </trkpt>
      <trkpt lat="36.8829174" lon="138.2172434">
        <ele>541.877008623559</ele>
      </trkpt>
      <trkpt lat="36.8829225" lon="138.2172545">
        <ele>542.1407746357544</ele>
      </trkpt>
      <trkpt lat="36.8829276" lon="138.217266">
        <ele>542.4112592714237</ele>
      </trkpt>
      <trkpt lat="36.8829327" lon="138.2172775">
        <ele>542.6777625861916</ele>
      </trkpt>
      <trkpt lat="36.8829363" lon="138.2172903">
        <ele>542.945486361017</ele>
      </trkpt>
      <trkpt lat="36.8829399" lon="138.2173031">
        <ele>543.2115598561221</ele>
      </trkpt>
      <trkpt lat="36.8829399" lon="138.2173172">
        <ele>543.5343977940142</ele>
      </trkpt>
      <trkpt lat="36.8829399" lon="138.2173314">
        <ele>543.8595253637814</ele>
      </trkpt>
      <trkpt lat="36.8829377" lon="138.2173468">
        <ele>544.2307374944749</ele>
      </trkpt>
      <trkpt lat="36.8829355" lon="138.2173623">
        <ele>544.6053966545808</ele>
      </trkpt>
      <trkpt lat="36.8829332" lon="138.2173791">
        <ele>544.9478173831321</ele>
      </trkpt>
      <trkpt lat="36.882931" lon="138.217396">
        <ele>545.2906414232839</ele>
      </trkpt>
      <trkpt lat="36.8829282" lon="138.2174144">
        <ele>545.6727873800294</ele>
      </trkpt>
      <trkpt lat="36.8829255" lon="138.2174328">
        <ele>546.058951802303</ele>
      </trkpt>
      <trkpt lat="36.8829226" lon="138.2174511">
        <ele>546.4444017050643</ele>
      </trkpt>
      <trkpt lat="36.8829198" lon="138.2174694">
        <ele>546.7774321344525</ele>
      </trkpt>
      <trkpt lat="36.8829165" lon="138.2174866">
        <ele>547.1032250460544</ele>
      </trkpt>
      <trkpt lat="36.8829132" lon="138.2175038">
        <ele>547.429890465618</ele>
      </trkpt>
      <trkpt lat="36.8829095" lon="138.2175209">
        <ele>547.7678143789511</ele>
      </trkpt>
      <trkpt lat="36.8829059" lon="138.217538">
        <ele>548.1121940426812</ele>
      </trkpt>
      <trkpt lat="36.8829024" lon="138.2175539">
        <ele>548.4391718786082</ele>
      </trkpt>
      <trkpt lat="36.882899" lon="138.2175698">
        <ele>548.7700368742936</ele>
      </trkpt>
      <trkpt lat="36.8828965" lon="138.2175827">
        <ele>549.0377499909846</ele>
      </trkpt>
      <trkpt lat="36.8828941" lon="138.2175956">
        <ele>549.3068362366039</ele>
      </trkpt>
      <trkpt lat="36.8828914" lon="138.217606">
        <ele>549.5410933845491</ele>
      </trkpt>
      <trkpt lat="36.8828888" lon="138.2176164">
        <ele>549.7761931562916</ele>
      </trkpt>
      <trkpt lat="36.8828847" lon="138.2176264">
        <ele>550.040876656645</ele>
      </trkpt>
      <trkpt lat="36.8828806" lon="138.2176364">
        <ele>550.3131814451943</ele>
      </trkpt>
      <trkpt lat="36.882875" lon="138.2176469">
        <ele>550.6337905300107</ele>
      </trkpt>
      <trkpt lat="36.8828695" lon="138.2176575">
        <ele>550.9620421035387</ele>
      </trkpt>
      <trkpt lat="36.8828628" lon="138.2176686">
        <ele>551.3364903882921</ele>
      </trkpt>
      <trkpt lat="36.8828561" lon="138.2176797">
        <ele>551.7210355201403</ele>
      </trkpt>
      <trkpt lat="36.882851" lon="138.2176916">
        <ele>552.0920316739794</ele>
      </trkpt>
      <trkpt lat="36.8828459" lon="138.2177035">
        <ele>552.4670142681075</ele>
      </trkpt>
      <trkpt lat="36.8828445" lon="138.2177146">
        <ele>552.7527330023676</ele>
      </trkpt>
      <trkpt lat="36.8828431" lon="138.2177257">
        <ele>553.0479721580275</ele>
      </trkpt>
      <trkpt lat="36.882845" lon="138.2177355">
        <ele>553.2311648497185</ele>
      </trkpt>
      <trkpt lat="36.8828469" lon="138.2177454">
        <ele>553.4141628841464</ele>
      </trkpt>
      <trkpt lat="36.8828503" lon="138.2177542">
        <ele>553.5254627266472</ele>
      </trkpt>
      <trkpt lat="36.8828537" lon="138.217763">
        <ele>553.6339960491346</ele>
      </trkpt>
      <trkpt lat="36.8828571" lon="138.2177699">
        <ele>553.6968532320658</ele>
      </trkpt>
      <trkpt lat="36.8828605" lon="138.2177768">
        <ele>553.7581178840744</ele>
      </trkpt>
      <trkpt lat="36.8828643" lon="138.2177831">
        <ele>553.79262077455</ele>
      </trkpt>
      <trkpt lat="36.8828681" lon="138.2177894">
        <ele>553.8254985479559</ele>
      </trkpt>
      <trkpt lat="36.8828721" lon="138.2177957">
        <ele>553.8644261066672</ele>
      </trkpt>
      <trkpt lat="36.8828761" lon="138.2178021">
        <ele>553.9168408421423</ele>
      </trkpt>
      <trkpt lat="36.8828806" lon="138.2178087">
        <ele>553.956929774465</ele>
      </trkpt>
      <trkpt lat="36.8828851" lon="138.2178154">
        <ele>553.9965985896</ele>
      </trkpt>
      <trkpt lat="36.8828903" lon="138.2178217">
        <ele>554.0014401074026</ele>
      </trkpt>
      <trkpt lat="36.8828955" lon="138.2178281">
        <ele>554.0054969726976</ele>
      </trkpt>
      <trkpt lat="36.8829007" lon="138.217834">
        <ele>553.9935419357215</ele>
      </trkpt>
      <trkpt lat="36.882906" lon="138.21784">
        <ele>553.9778061106553</ele>
      </trkpt>
      <trkpt lat="36.8829105" lon="138.2178465">
        <ele>553.9966902363187</ele>
      </trkpt>
      <trkpt lat="36.8829151" lon="138.2178531">
        <ele>554.011826158981</ele>
      </trkpt>
      <trkpt lat="36.8829192" lon="138.21786">
        <ele>554.0510888205524</ele>
      </trkpt>
      <trkpt lat="36.8829234" lon="138.2178669">
        <ele>554.0862039876787</ele>
      </trkpt>
      <trkpt lat="36.8829273" lon="138.2178745">
        <ele>554.1457778187726</ele>
      </trkpt>
      <trkpt lat="36.8829313" lon="138.2178821">
        <ele>554.2132586147638</ele>
      </trkpt>
      <trkpt lat="36.8829353" lon="138.2178904">
        <ele>554.3112185741873</ele>
      </trkpt>
      <trkpt lat="36.8829394" lon="138.2178987">
        <ele>554.403651193628</ele>
      </trkpt>
      <trkpt lat="36.8829433" lon="138.2179087">
        <ele>554.5463383260712</ele>
      </trkpt>
      <trkpt lat="36.8829473" lon="138.2179187">
        <ele>554.6830365158974</ele>
      </trkpt>
      <trkpt lat="36.8829515" lon="138.2179317">
        <ele>554.8905411203305</ele>
      </trkpt>
      <trkpt lat="36.8829557" lon="138.2179448">
        <ele>555.0970008205998</ele>
      </trkpt>
      <trkpt lat="36.88296" lon="138.217959">
        <ele>555.3253669935933</ele>
      </trkpt>
      <trkpt lat="36.8829643" lon="138.2179732">
        <ele>555.5854198327291</ele>
      </trkpt>
      <trkpt lat="36.8829684" lon="138.2179866">
        <ele>555.8480053428564</ele>
      </trkpt>
      <trkpt lat="36.8829725" lon="138.2180001">
        <ele>556.1136200655257</ele>
      </trkpt>
      <trkpt lat="36.8829767" lon="138.2180134">
        <ele>556.3696804892277</ele>
      </trkpt>
      <trkpt lat="36.8829809" lon="138.2180268">
        <ele>556.6287701255648</ele>
      </trkpt>
      <trkpt lat="36.8829855" lon="138.2180399">
        <ele>556.8662901143797</ele>
      </trkpt>
      <trkpt lat="36.8829902" lon="138.218053">
        <ele>557.1018810493181</ele>
      </trkpt>
      <trkpt lat="36.8829944" lon="138.2180654">
        <ele>557.322349157581</ele>
      </trkpt>
      <trkpt lat="36.8829986" lon="138.2180778">
        <ele>557.5428172600465</ele>
      </trkpt>
      <trkpt lat="36.8830027" lon="138.2180888">
        <ele>557.72585759</ele>
      </trkpt>
      <trkpt lat="36.8830069" lon="138.2180999">
        <ele>557.9084604311512</ele>
      </trkpt>
      <trkpt lat="36.8830121" lon="138.2181103">
        <ele>558.0371723567146</ele>
      </trkpt>
      <trkpt lat="36.8830174" lon="138.2181208">
        <ele>558.1654467886558</ele>
      </trkpt>
      <trkpt lat="36.8830234" lon="138.2181318">
        <ele>558.2848334110819</ele>
      </trkpt>
      <trkpt lat="36.8830295" lon="138.2181429">
        <ele>558.409495107503</ele>
      </trkpt>
      <trkpt lat="36.8830363" lon="138.2181547">
        <ele>558.5305669429617</ele>
      </trkpt>
      <trkpt lat="36.8830432" lon="138.2181665">
        <ele>558.6427375660285</ele>
      </trkpt>
      <trkpt lat="36.8830502" lon="138.2181791">
        <ele>558.7692731851286</ele>
      </trkpt>
      <trkpt lat="36.8830572" lon="138.2181918">
        <ele>558.9040289727232</ele>
      </trkpt>
      <trkpt lat="36.8830646" lon="138.2182047">
        <ele>559.0344156255019</ele>
      </trkpt>
      <trkpt lat="36.8830721" lon="138.2182176">
        <ele>559.1549857639062</ele>
      </trkpt>
      <trkpt lat="36.8830807" lon="138.2182285">
        <ele>559.167446680342</ele>
      </trkpt>
      <trkpt lat="36.8830894" lon="138.2182395">
        <ele>559.1680721700872</ele>
      </trkpt>
      <trkpt lat="36.8830981" lon="138.2182478">
        <ele>559.0908076345431</ele>
      </trkpt>
      <trkpt lat="36.8831069" lon="138.2182561">
        <ele>559.0051741687791</ele>
      </trkpt>
      <trkpt lat="36.8831144" lon="138.2182634">
        <ele>558.9341319021996</ele>
      </trkpt>
      <trkpt lat="36.8831219" lon="138.2182707">
        <ele>558.8593730215847</ele>
      </trkpt>
      <trkpt lat="36.8831275" lon="138.2182782">
        <ele>558.877433470236</ele>
      </trkpt>
      <trkpt lat="36.8831332" lon="138.2182858">
        <ele>558.8923480218821</ele>
      </trkpt>
      <trkpt lat="36.8831368" lon="138.218295">
        <ele>559.0108181795958</ele>
      </trkpt>
      <trkpt lat="36.8831404" lon="138.2183042">
        <ele>559.1270400511178</ele>
      </trkpt>
      <trkpt lat="36.8831427" lon="138.2183157">
        <ele>559.3373818928042</ele>
      </trkpt>
      <trkpt lat="36.8831451" lon="138.2183272">
        <ele>559.5406950677236</ele>
      </trkpt>
      <trkpt lat="36.8831466" lon="138.2183408">
        <ele>559.8226622576019</ele>
      </trkpt>
      <trkpt lat="36.8831481" lon="138.2183544">
        <ele>560.1025522323164</ele>
      </trkpt>
      <trkpt lat="36.8831495" lon="138.2183702">
        <ele>560.4371842368495</ele>
      </trkpt>
      <trkpt lat="36.8831509" lon="138.2183861">
        <ele>560.7719797904986</ele>
      </trkpt>
      <trkpt lat="36.8831525" lon="138.218403">
        <ele>561.1024376931834</ele>
      </trkpt>
      <trkpt lat="36.8831542" lon="138.2184199">
        <ele>561.4146404539007</ele>
      </trkpt>
      <trkpt lat="36.8831573" lon="138.2184372">
        <ele>561.684716561484</ele>
      </trkpt>
      <trkpt lat="36.8831604" lon="138.2184546">
        <ele>561.9570063241536</ele>
      </trkpt>
      <trkpt lat="36.8831649" lon="138.2184718">
        <ele>562.1738874623566</ele>
      </trkpt>
      <trkpt lat="36.8831695" lon="138.218489">
        <ele>562.3597790191382</ele>
      </trkpt>
      <trkpt lat="36.8831748" lon="138.2185054">
        <ele>562.4795338966597</ele>
      </trkpt>
      <trkpt lat="36.8831801" lon="138.2185218">
        <ele>562.5933883798643</ele>
      </trkpt>
      <trkpt lat="36.8831853" lon="138.2185376">
        <ele>562.6938911650825</ele>
      </trkpt>
      <trkpt lat="36.8831905" lon="138.2185534">
        <ele>562.7888166764615</ele>
      </trkpt>
      <trkpt lat="36.8831958" lon="138.2185681">
        <ele>562.835772069888</ele>
      </trkpt>
      <trkpt lat="36.8832011" lon="138.2185828">
        <ele>562.8099384602378</ele>
      </trkpt>
      <trkpt lat="36.8832061" lon="138.218597">
        <ele>562.7848003532889</ele>
      </trkpt>
      <trkpt lat="36.8832111" lon="138.2186112">
        <ele>562.7548425462678</ele>
      </trkpt>
      <trkpt lat="36.8832159" lon="138.2186252">
        <ele>562.7259492251865</ele>
      </trkpt>
      <trkpt lat="36.8832208" lon="138.2186392">
        <ele>562.6883094261202</ele>
      </trkpt>
      <trkpt lat="36.8832258" lon="138.2186546">
        <ele>562.6536448835078</ele>
      </trkpt>
      <trkpt lat="36.8832308" lon="138.2186701">
        <ele>562.601246260633</ele>
      </trkpt>
      <trkpt lat="36.8832355" lon="138.2186861">
        <ele>562.5616772086078</ele>
      </trkpt>
      <trkpt lat="36.8832403" lon="138.2187022">
        <ele>562.5136015942788</ele>
      </trkpt>
      <trkpt lat="36.8832432" lon="138.2187172">
        <ele>562.5340380673323</ele>
      </trkpt>
      <trkpt lat="36.8832462" lon="138.2187323">
        <ele>562.5479976862808</ele>
      </trkpt>
      <trkpt lat="36.8832471" lon="138.2187476">
        <ele>562.6158795721174</ele>
      </trkpt>
      <trkpt lat="36.883248" lon="138.2187629">
        <ele>562.667129757891</ele>
      </trkpt>
      <trkpt lat="36.8832483" lon="138.2187793">
        <ele>562.7520414809748</ele>
      </trkpt>
      <trkpt lat="36.8832486" lon="138.2187957">
        <ele>562.8367862119926</ele>
      </trkpt>
      <trkpt lat="36.8832493" lon="138.2188137">
        <ele>562.9123813622148</ele>
      </trkpt>
      <trkpt lat="36.8832501" lon="138.2188318">
        <ele>562.9726107008277</ele>
      </trkpt>
      <trkpt lat="36.883251" lon="138.218851">
        <ele>563.0226931846802</ele>
      </trkpt>
      <trkpt lat="36.883252" lon="138.2188702">
        <ele>563.0674470214495</ele>
      </trkpt>
      <trkpt lat="36.8832533" lon="138.2188875">
        <ele>563.0881776704216</ele>
      </trkpt>
      <trkpt lat="36.8832546" lon="138.2189049">
        <ele>563.1086189440415</ele>
      </trkpt>
      <trkpt lat="36.8832554" lon="138.218919">
        <ele>563.123690982048</ele>
      </trkpt>
      <trkpt lat="36.8832563" lon="138.2189332">
        <ele>563.1300622538444</ele>
      </trkpt>
      <trkpt lat="36.8832561" lon="138.2189455">
        <ele>563.1826674975931</ele>
      </trkpt>
      <trkpt lat="36.883256" lon="138.2189578">
        <ele>563.230465927954</ele>
      </trkpt>
      <trkpt lat="36.8832554" lon="138.2189705">
        <ele>563.3036965287997</ele>
      </trkpt>
      <trkpt lat="36.8832549" lon="138.2189833">
        <ele>563.3724698412007</ele>
      </trkpt>
      <trkpt lat="36.8832541" lon="138.2189979">
        <ele>563.453195071873</ele>
      </trkpt>
      <trkpt lat="36.8832534" lon="138.2190126">
        <ele>563.5039695101798</ele>
      </trkpt>
      <trkpt lat="36.883252" lon="138.2190289">
        <ele>563.5902557798902</ele>
      </trkpt>
      <trkpt lat="36.8832506" lon="138.2190453">
        <ele>563.676658556425</ele>
      </trkpt>
      <trkpt lat="36.8832471" lon="138.2190614">
        <ele>563.8636548894699</ele>
      </trkpt>
      <trkpt lat="36.8832436" lon="138.2190776">
        <ele>564.0507677232855</ele>
      </trkpt>
      <trkpt lat="36.8832372" lon="138.2190922">
        <ele>564.3280901399141</ele>
      </trkpt>
      <trkpt lat="36.8832308" lon="138.2191068">
        <ele>564.5933218393595</ele>
      </trkpt>
      <trkpt lat="36.8832218" lon="138.2191207">
        <ele>564.9806074538068</ele>
      </trkpt>
      <trkpt lat="36.8832129" lon="138.2191347">
        <ele>565.358621117648</ele>
      </trkpt>
      <trkpt lat="36.8832027" lon="138.2191506">
        <ele>565.7871262875108</ele>
      </trkpt>
      <trkpt lat="36.8831926" lon="138.2191665">
        <ele>566.2022373073308</ele>
      </trkpt>
      <trkpt lat="36.8831815" lon="138.2191851">
        <ele>566.525026855512</ele>
      </trkpt>
      <trkpt lat="36.8831705" lon="138.2192038">
        <ele>566.8271866740406</ele>
      </trkpt>
      <trkpt lat="36.8831579" lon="138.2192221">
        <ele>567.1918961481728</ele>
      </trkpt>
      <trkpt lat="36.8831453" lon="138.2192405">
        <ele>567.5478868429368</ele>
      </trkpt>
      <trkpt lat="36.8831327" lon="138.2192566">
        <ele>567.8841121044129</ele>
      </trkpt>
      <trkpt lat="36.8831201" lon="138.2192728">
        <ele>568.1174216185707</ele>
      </trkpt>
      <trkpt lat="36.8831068" lon="138.2192872">
        <ele>568.3281168538155</ele>
      </trkpt>
      <trkpt lat="36.8830936" lon="138.2193017">
        <ele>568.5338306955767</ele>
      </trkpt>
      <trkpt lat="36.8830773" lon="138.2193185">
        <ele>568.8058848152876</ele>
      </trkpt>
      <trkpt lat="36.8830611" lon="138.2193353">
        <ele>569.0745886236905</ele>
      </trkpt>
      <trkpt lat="36.8830441" lon="138.2193543">
        <ele>569.2707558970426</ele>
      </trkpt>
      <trkpt lat="36.8830271" lon="138.2193734">
        <ele>569.448070300072</ele>
      </trkpt>
      <trkpt lat="36.8830117" lon="138.219393">
        <ele>569.577001458081</ele>
      </trkpt>
      <trkpt lat="36.8829964" lon="138.2194126">
        <ele>569.7129909981086</ele>
      </trkpt>
      <trkpt lat="36.8829828" lon="138.2194318">
        <ele>569.8086851388666</ele>
      </trkpt>
      <trkpt lat="36.8829692" lon="138.219451">
        <ele>569.8961496552025</ele>
      </trkpt>
      <trkpt lat="36.8829566" lon="138.2194696">
        <ele>569.9712921249316</ele>
      </trkpt>
      <trkpt lat="36.8829441" lon="138.2194882">
        <ele>570.0512200037014</ele>
      </trkpt>
      <trkpt lat="36.8829331" lon="138.2195046">
        <ele>570.1275529821429</ele>
      </trkpt>
      <trkpt lat="36.8829221" lon="138.2195211">
        <ele>570.2502239899569</ele>
      </trkpt>
      <trkpt lat="36.8829119" lon="138.2195357">
        <ele>570.4050468271278</ele>
      </trkpt>
      <trkpt lat="36.8829018" lon="138.2195504">
        <ele>570.5778341463256</ele>
      </trkpt>
      <trkpt lat="36.8828935" lon="138.2195651">
        <ele>570.6910255340345</ele>
      </trkpt>
      <trkpt lat="36.8828853" lon="138.2195798">
        <ele>570.8047422828354</ele>
      </trkpt>
      <trkpt lat="36.8828776" lon="138.219596">
        <ele>570.8902876003414</ele>
      </trkpt>
      <trkpt lat="36.8828699" lon="138.2196123">
        <ele>571.0377475439107</ele>
      </trkpt>
      <trkpt lat="36.8828621" lon="138.2196297">
        <ele>571.1798778156755</ele>
      </trkpt>
      <trkpt lat="36.8828544" lon="138.2196472">
        <ele>571.3175509936183</ele>
      </trkpt>
      <trkpt lat="36.8828475" lon="138.2196662">
        <ele>571.4138587055737</ele>
      </trkpt>
      <trkpt lat="36.8828406" lon="138.2196852">
        <ele>571.5307365074998</ele>
      </trkpt>
      <trkpt lat="36.8828326" lon="138.219704">
        <ele>571.7563462046448</ele>
      </trkpt>
      <trkpt lat="36.8828247" lon="138.2197229">
        <ele>571.9779648405506</ele>
      </trkpt>
      <trkpt lat="36.8828162" lon="138.2197412">
        <ele>572.2235296272211</ele>
      </trkpt>
      <trkpt lat="36.8828078" lon="138.2197595">
        <ele>572.4654528751039</ele>
      </trkpt>
      <trkpt lat="36.8827995" lon="138.2197775">
        <ele>572.7428226285847</ele>
      </trkpt>
      <trkpt lat="36.8827912" lon="138.2197955">
        <ele>573.0450674422318</ele>
      </trkpt>
      <trkpt lat="36.8827822" lon="138.2198126">
        <ele>573.3728027450852</ele>
      </trkpt>
      <trkpt lat="36.8827732" lon="138.2198297">
        <ele>573.6946424142229</ele>
      </trkpt>
      <trkpt lat="36.8827634" lon="138.219846">
        <ele>574.0367839104572</ele>
      </trkpt>
      <trkpt lat="36.8827537" lon="138.2198623">
        <ele>574.3856846947695</ele>
      </trkpt>
      <trkpt lat="36.8827417" lon="138.2198798">
        <ele>574.825574646006</ele>
      </trkpt>
      <trkpt lat="36.8827298" lon="138.2198974">
        <ele>575.2620851988444</ele>
      </trkpt>
      <trkpt lat="36.882717" lon="138.2199154">
        <ele>575.7305242815524</ele>
      </trkpt>
      <trkpt lat="36.8827043" lon="138.2199334">
        <ele>576.1791812211251</ele>
      </trkpt>
      <trkpt lat="36.8826916" lon="138.2199483">
        <ele>576.5796860806181</ele>
      </trkpt>
      <trkpt lat="36.882679" lon="138.2199633">
        <ele>576.96597917066</ele>
      </trkpt>
      <trkpt lat="36.8826664" lon="138.2199735">
        <ele>577.3578645999085</ele>
      </trkpt>
      <trkpt lat="36.8826538" lon="138.2199838">
        <ele>577.7496334536938</ele>
      </trkpt>
      <trkpt lat="36.8826415" lon="138.219991">
        <ele>578.1354004524653</ele>
      </trkpt>
      <trkpt lat="36.8826293" lon="138.2199983">
        <ele>578.5055202646902</ele>
      </trkpt>
      <trkpt lat="36.8826158" lon="138.2200066">
        <ele>578.9111025069692</ele>
      </trkpt>
      <trkpt lat="36.8826024" lon="138.2200149">
        <ele>579.3098070812297</ele>
      </trkpt>
      <trkpt lat="36.8825882" lon="138.2200261">
        <ele>579.7244983528423</ele>
      </trkpt>
      <trkpt lat="36.882574" lon="138.2200374">
        <ele>580.1459299464162</ele>
      </trkpt>
      <trkpt lat="36.8825605" lon="138.2200505">
        <ele>580.538409609746</ele>
      </trkpt>
      <trkpt lat="36.882547" lon="138.2200636">
        <ele>580.9243218271138</ele>
      </trkpt>
      <trkpt lat="36.8825347" lon="138.2200787">
        <ele>581.2649746914975</ele>
      </trkpt>
      <trkpt lat="36.8825225" lon="138.2200939">
        <ele>581.5961812404971</ele>
      </trkpt>
      <trkpt lat="36.8825123" lon="138.2201102">
        <ele>581.8603188063228</ele>
      </trkpt>
      <trkpt lat="36.8825021" lon="138.2201265">
        <ele>582.1218637075486</ele>
      </trkpt>
      <trkpt lat="36.8824935" lon="138.2201427">
        <ele>582.3418465254638</ele>
      </trkpt>
      <trkpt lat="36.882485" lon="138.2201589">
        <ele>582.5541248722016</ele>
      </trkpt>
      <trkpt lat="36.8824777" lon="138.220175">
        <ele>582.7266280728714</ele>
      </trkpt>
      <trkpt lat="36.8824705" lon="138.2201911">
        <ele>582.8922210346354</ele>
      </trkpt>
      <trkpt lat="36.8824645" lon="138.2202069">
        <ele>583.0165561273918</ele>
      </trkpt>
      <trkpt lat="36.8824586" lon="138.2202228">
        <ele>583.1411155613948</ele>
      </trkpt>
      <trkpt lat="36.8824541" lon="138.2202377">
        <ele>583.2321819017413</ele>
      </trkpt>
      <trkpt lat="36.8824497" lon="138.2202526">
        <ele>583.3246936623834</ele>
      </trkpt>
      <trkpt lat="36.8824451" lon="138.2202662">
        <ele>583.4314244633431</ele>
      </trkpt>
      <trkpt lat="36.8824405" lon="138.2202798">
        <ele>583.5424019686099</ele>
      </trkpt>
      <trkpt lat="36.8824331" lon="138.2202915">
        <ele>583.7105428153191</ele>
      </trkpt>
      <trkpt lat="36.8824257" lon="138.2203033">
        <ele>583.8573788239628</ele>
      </trkpt>
      <trkpt lat="36.8824165" lon="138.2203139">
        <ele>584.0636427130557</ele>
      </trkpt>
      <trkpt lat="36.8824073" lon="138.2203245">
        <ele>584.2699065695524</ele>
      </trkpt>
      <trkpt lat="36.8823995" lon="138.2203356">
        <ele>584.4324730521075</ele>
      </trkpt>
      <trkpt lat="36.8823918" lon="138.2203468">
        <ele>584.5915437818512</ele>
      </trkpt>
      <trkpt lat="36.8823861" lon="138.2203568">
        <ele>584.6993412480697</ele>
      </trkpt>
      <trkpt lat="36.8823805" lon="138.2203669">
        <ele>584.8036429731183</ele>
      </trkpt>
      <trkpt lat="36.882374" lon="138.2203741">
        <ele>584.9510570921011</ele>
      </trkpt>
      <trkpt lat="36.8823676" lon="138.2203813">
        <ele>585.0955580091577</ele>
      </trkpt>
      <trkpt lat="36.8823576" lon="138.2203859">
        <ele>585.3734630038039</ele>
      </trkpt>
      <trkpt lat="36.8823477" lon="138.2203906">
        <ele>585.6489092177953</ele>
      </trkpt>
      <trkpt lat="36.8823359" lon="138.2203913">
        <ele>586.0057751324503</ele>
      </trkpt>
      <trkpt lat="36.8823242" lon="138.2203921">
        <ele>586.3589996054079</ele>
      </trkpt>
      <trkpt lat="36.8823115" lon="138.2203895">
        <ele>586.7626188967853</ele>
      </trkpt>
      <trkpt lat="36.8822989" lon="138.2203869">
        <ele>587.1631792806565</ele>
      </trkpt>
      <trkpt lat="36.882286" lon="138.2203819">
        <ele>587.5839176403688</ele>
      </trkpt>
      <trkpt lat="36.8822732" lon="138.2203769">
        <ele>588.0035495126222</ele>
      </trkpt>
      <trkpt lat="36.8822605" lon="138.2203715">
        <ele>588.4248879273815</ele>
      </trkpt>
      <trkpt lat="36.8822478" lon="138.2203662">
        <ele>588.8468339172205</ele>
      </trkpt>
      <trkpt lat="36.8822358" lon="138.2203643">
        <ele>589.2249631391853</ele>
      </trkpt>
      <trkpt lat="36.8822239" lon="138.2203625">
        <ele>589.6003851412742</ele>
      </trkpt>
      <trkpt lat="36.8822127" lon="138.2203656">
        <ele>589.9250254521639</ele>
      </trkpt>
      <trkpt lat="36.8822015" lon="138.2203687">
        <ele>590.2464333918642</ele>
      </trkpt>
      <trkpt lat="36.8821899" lon="138.2203748">
        <ele>590.5542694999361</ele>
      </trkpt>
      <trkpt lat="36.8821784" lon="138.2203809">
        <ele>590.856667906712</ele>
      </trkpt>
      <trkpt lat="36.8821666" lon="138.2203871">
        <ele>591.1649564247724</ele>
      </trkpt>
      <trkpt lat="36.8821549" lon="138.2203933">
        <ele>591.4651445423743</ele>
      </trkpt>
      <trkpt lat="36.8821429" lon="138.2203995">
        <ele>591.7673317636372</ele>
      </trkpt>
      <trkpt lat="36.882131" lon="138.2204058">
        <ele>592.0606227639767</ele>
      </trkpt>
      <trkpt lat="36.8821178" lon="138.2204121">
        <ele>592.386618553408</ele>
      </trkpt>
      <trkpt lat="36.8821046" lon="138.2204185">
        <ele>592.70596281228</ele>
      </trkpt>
      <trkpt lat="36.8820904" lon="138.2204242">
        <ele>593.0581766398548</ele>
      </trkpt>
      <trkpt lat="36.8820762" lon="138.2204299">
        <ele>593.422995279931</ele>
      </trkpt>
      <trkpt lat="36.8820609" lon="138.2204336">
        <ele>593.8381183017143</ele>
      </trkpt>
      <trkpt lat="36.8820456" lon="138.2204373">
        <ele>594.2493984382801</ele>
      </trkpt>
      <trkpt lat="36.882029" lon="138.2204396">
        <ele>594.7129299367132</ele>
      </trkpt>
      <trkpt lat="36.8820125" lon="138.220442">
        <ele>595.1214415146069</ele>
      </trkpt>
      <trkpt lat="36.8819961" lon="138.220444">
        <ele>595.5063135540356</ele>
      </trkpt>
      <trkpt lat="36.8819798" lon="138.2204461">
        <ele>595.8850281495752</ele>
      </trkpt>
      <trkpt lat="36.8819632" lon="138.2204482">
        <ele>596.2688991977703</ele>
      </trkpt>
      <trkpt lat="36.8819466" lon="138.2204504">
        <ele>596.6488611268313</ele>
      </trkpt>
      <trkpt lat="36.8819274" lon="138.2204517">
        <ele>597.1052539413665</ele>
      </trkpt>
      <trkpt lat="36.8819083" lon="138.220453">
        <ele>597.5574752237137</ele>
      </trkpt>
      <trkpt lat="36.8818869" lon="138.2204553">
        <ele>598.052177482525</ele>
      </trkpt>
      <trkpt lat="36.8818655" lon="138.2204577">
        <ele>598.4551731874703</ele>
      </trkpt>
      <trkpt lat="36.8818449" lon="138.220461">
        <ele>598.825269768108</ele>
      </trkpt>
      <trkpt lat="36.8818244" lon="138.2204643">
        <ele>599.1933270198293</ele>
      </trkpt>
      <trkpt lat="36.8818058" lon="138.2204687">
        <ele>599.5200260791424</ele>
      </trkpt>
      <trkpt lat="36.8817873" lon="138.2204731">
        <ele>599.8504787215631</ele>
      </trkpt>
      <trkpt lat="36.8817713" lon="138.2204795">
        <ele>600.0927126914488</ele>
      </trkpt>
      <trkpt lat="36.8817554" lon="138.2204859">
        <ele>600.3293415652613</ele>
      </trkpt>
      <trkpt lat="36.8817393" lon="138.2204929">
        <ele>600.5482708151058</ele>
      </trkpt>
      <trkpt lat="36.8817233" lon="138.2205">
        <ele>600.763126069403</ele>
      </trkpt>
      <trkpt lat="36.8817063" lon="138.2205062">
        <ele>601.0198340529013</ele>
      </trkpt>
      <trkpt lat="36.8816893" lon="138.2205124">
        <ele>601.2836966762985</ele>
      </trkpt>
      <trkpt lat="36.8816712" lon="138.2205202">
        <ele>601.5619085935415</ele>
      </trkpt>
      <trkpt lat="36.8816532" lon="138.220528">
        <ele>601.8461332618961</ele>
      </trkpt>
      <trkpt lat="36.8816351" lon="138.2205375">
        <ele>602.1087749833245</ele>
      </trkpt>
      <trkpt lat="36.881617" lon="138.220547">
        <ele>602.4344528854933</ele>
      </trkpt>
      <trkpt lat="36.8816008" lon="138.2205569">
        <ele>602.751170175179</ele>
      </trkpt>
      <trkpt lat="36.8815846" lon="138.2205669">
        <ele>603.0799382035938</ele>
      </trkpt>
      <trkpt lat="36.8815694" lon="138.2205776">
        <ele>603.3866811819521</ele>
      </trkpt>
      <trkpt lat="36.8815543" lon="138.2205883">
        <ele>603.696530177836</ele>
      </trkpt>
      <trkpt lat="36.8815396" lon="138.2205987">
        <ele>604.0151496447096</ele>
      </trkpt>
      <trkpt lat="36.881525" lon="138.2206091">
        <ele>604.3820112671883</ele>
      </trkpt>
      <trkpt lat="36.8815114" lon="138.2206194">
        <ele>604.7357835120717</ele>
      </trkpt>
      <trkpt lat="36.8814979" lon="138.2206297">
        <ele>605.1492272732987</ele>
      </trkpt>
      <trkpt lat="36.8814873" lon="138.2206406">
        <ele>605.5453699998196</ele>
      </trkpt>
      <trkpt lat="36.8814768" lon="138.2206515">
        <ele>605.9424759371961</ele>
      </trkpt>
      <trkpt lat="36.88147" lon="138.2206626">
        <ele>606.2377148000708</ele>
      </trkpt>
      <trkpt lat="36.8814632" lon="138.2206737">
        <ele>606.5392096273697</ele>
      </trkpt>
      <trkpt lat="36.88146" lon="138.2206849">
        <ele>606.7345026350243</ele>
      </trkpt>
      <trkpt lat="36.8814568" lon="138.2206962">
        <ele>606.9331034260601</ele>
      </trkpt>
      <trkpt lat="36.881456" lon="138.2207068">
        <ele>607.0513732455283</ele>
      </trkpt>
      <trkpt lat="36.8814553" lon="138.2207175">
        <ele>607.2185384520332</ele>
      </trkpt>
      <trkpt lat="36.8814538" lon="138.220727">
        <ele>607.421561689396</ele>
      </trkpt>
      <trkpt lat="36.8814524" lon="138.2207365">
        <ele>607.6213804573757</ele>
      </trkpt>
      <trkpt lat="36.8814485" lon="138.2207435">
        <ele>607.8605329422286</ele>
      </trkpt>
      <trkpt lat="36.8814446" lon="138.2207505">
        <ele>608.0996854199102</ele>
      </trkpt>
      <trkpt lat="36.8814411" lon="138.220752">
        <ele>608.2363085228025</ele>
      </trkpt>
      <trkpt lat="36.8814376" lon="138.2207536">
        <ele>608.3745627393021</ele>
      </trkpt>
      <trkpt lat="36.8814291" lon="138.2207531">
        <ele>608.6387867719873</ele>
      </trkpt>
      <trkpt lat="36.8814207" lon="138.2207526">
        <ele>608.8998063094455</ele>
      </trkpt>
      <trkpt lat="36.8814099" lon="138.220752">
        <ele>609.2361018647446</ele>
      </trkpt>
      <trkpt lat="36.8813991" lon="138.2207514">
        <ele>609.5673861110108</ele>
      </trkpt>
      <trkpt lat="36.8813882" lon="138.2207543">
        <ele>609.9564750463082</ele>
      </trkpt>
      <trkpt lat="36.8813773" lon="138.2207573">
        <ele>610.3483160004891</ele>
      </trkpt>
      <trkpt lat="36.8813702" lon="138.2207634">
        <ele>610.6742659210985</ele>
      </trkpt>
      <trkpt lat="36.8813632" lon="138.2207695">
        <ele>610.9985272903814</ele>
      </trkpt>
      <trkpt lat="36.8813624" lon="138.2207737">
        <ele>611.0953838545796</ele>
      </trkpt>
      <trkpt lat="36.8813617" lon="138.2207779">
        <ele>611.189181706228</ele>
      </trkpt>
      <trkpt lat="36.8813609" lon="138.2207821">
        <ele>611.2862592241579</ele>
      </trkpt>
      <trkpt lat="36.8813602" lon="138.2207863">
        <ele>611.3802637719128</ele>
      </trkpt>
      <trkpt lat="36.8813606" lon="138.2207942">
        <ele>611.5024117499835</ele>
      </trkpt>
      <trkpt lat="36.8813611" lon="138.2208022">
        <ele>611.6448691319683</ele>
      </trkpt>
      <trkpt lat="36.8813589" lon="138.2208075">
        <ele>611.8265163752259</ele>
      </trkpt>
      <trkpt lat="36.8813567" lon="138.2208129">
        <ele>612.0102607702845</ele>
      </trkpt>
      <trkpt lat="36.8813521" lon="138.2208166">
        <ele>612.2352606853945</ele>
      </trkpt>
      <trkpt lat="36.8813476" lon="138.2208203">
        <ele>612.4570561288399</ele>
      </trkpt>
      <trkpt lat="36.8813397" lon="138.2208242">
        <ele>612.7919975869366</ele>
      </trkpt>
      <trkpt lat="36.8813318" lon="138.2208282">
        <ele>613.118709970566</ele>
      </trkpt>
      <trkpt lat="36.8813208" lon="138.2208326">
        <ele>613.5403432436505</ele>
      </trkpt>
      <trkpt lat="36.8813098" lon="138.220837">
        <ele>613.960333744129</ele>
      </trkpt>
      <trkpt lat="36.8812971" lon="138.2208409">
        <ele>614.419240874271</ele>
      </trkpt>
      <trkpt lat="36.8812845" lon="138.2208449">
        <ele>614.8754979708203</ele>
      </trkpt>
      <trkpt lat="36.881271" lon="138.2208488">
        <ele>615.3547894193258</ele>
      </trkpt>
      <trkpt lat="36.8812576" lon="138.2208528">
        <ele>615.8000442463516</ele>
      </trkpt>
      <trkpt lat="36.8812438" lon="138.2208574">
        <ele>616.2579874290079</ele>
      </trkpt>
      <trkpt lat="36.88123" lon="138.2208621">
        <ele>616.7156915990104</ele>
      </trkpt>
      <trkpt lat="36.8812162" lon="138.2208654">
        <ele>617.1447037543585</ele>
      </trkpt>
      <trkpt lat="36.8812024" lon="138.2208687">
        <ele>617.5721701890535</ele>
      </trkpt>
      <trkpt lat="36.8811896" lon="138.2208687">
        <ele>617.8274058546589</ele>
      </trkpt>
      <trkpt lat="36.8811769" lon="138.2208688">
        <ele>618.0600036118874</ele>
      </trkpt>
      <trkpt lat="36.8811623" lon="138.2208679">
        <ele>618.310250516425</ele>
      </trkpt>
      <trkpt lat="36.8811477" lon="138.2208671">
        <ele>618.5634348455209</ele>
      </trkpt>
      <trkpt lat="36.8811329" lon="138.220865">
        <ele>618.8016537715645</ele>
      </trkpt>
      <trkpt lat="36.8811182" lon="138.2208629">
        <ele>618.9851794244418</ele>
      </trkpt>
      <trkpt lat="36.8811048" lon="138.2208578">
        <ele>619.1037176969216</ele>
      </trkpt>
      <trkpt lat="36.8810915" lon="138.2208527">
        <ele>619.2277522255165</ele>
      </trkpt>
      <trkpt lat="36.8810792" lon="138.2208477">
        <ele>619.3450624599484</ele>
      </trkpt>
      <trkpt lat="36.8810669" lon="138.2208427">
        <ele>619.4686346891722</ele>
      </trkpt>
      <trkpt lat="36.8810546" lon="138.2208395">
        <ele>619.5565351538963</ele>
      </trkpt>
      <trkpt lat="36.8810424" lon="138.2208364">
        <ele>619.6134694780501</ele>
      </trkpt>
      <trkpt lat="36.8810281" lon="138.2208355">
        <ele>619.7122311572687</ele>
      </trkpt>
      <trkpt lat="36.8810138" lon="138.2208347">
        <ele>619.8135755038061</ele>
      </trkpt>
      <trkpt lat="36.8809987" lon="138.2208359">
        <ele>619.9372619605168</ele>
      </trkpt>
      <trkpt lat="36.8809836" lon="138.2208371">
        <ele>620.0515380415158</ele>
      </trkpt>
      <trkpt lat="36.8809676" lon="138.2208397">
        <ele>620.1720850703716</ele>
      </trkpt>
      <trkpt lat="36.8809516" lon="138.2208423">
        <ele>620.2855724608669</ele>
      </trkpt>
      <trkpt lat="36.8809371" lon="138.2208471">
        <ele>620.3876674230494</ele>
      </trkpt>
      <trkpt lat="36.8809226" lon="138.220852">
        <ele>620.4755131541216</ele>
      </trkpt>
      <trkpt lat="36.8809091" lon="138.2208589">
        <ele>620.5381796050054</ele>
      </trkpt>
      <trkpt lat="36.8808957" lon="138.2208658">
        <ele>620.5909854860663</ele>
      </trkpt>
      <trkpt lat="36.8808894" lon="138.2208698">
        <ele>620.6120671067455</ele>
      </trkpt>
      <trkpt lat="36.8808832" lon="138.2208738">
        <ele>620.6302476528913</ele>
      </trkpt>
      <trkpt lat="36.8808787" lon="138.2208813">
        <ele>620.6363692739518</ele>
      </trkpt>
      <trkpt lat="36.8808742" lon="138.2208888">
        <ele>620.6688070876341</ele>
      </trkpt>
      <trkpt lat="36.8808784" lon="138.2208966">
        <ele>620.6848487802703</ele>
      </trkpt>
      <trkpt lat="36.8808827" lon="138.2209044">
        <ele>620.7040467472518</ele>
      </trkpt>
      <trkpt lat="36.8808917" lon="138.2209107">
        <ele>620.7139038571252</ele>
      </trkpt>
      <trkpt lat="36.8809007" lon="138.2209171">
        <ele>620.7299927857241</ele>
      </trkpt>
      <trkpt lat="36.8809114" lon="138.2209218">
        <ele>620.7418285945636</ele>
      </trkpt>
      <trkpt lat="36.8809221" lon="138.2209265">
        <ele>620.7587849959037</ele>
      </trkpt>
      <trkpt lat="36.8809311" lon="138.2209301">
        <ele>620.7797378589729</ele>
      </trkpt>
      <trkpt lat="36.8809402" lon="138.2209337">
        <ele>620.8073563719296</ele>
      </trkpt>
      <trkpt lat="36.8809485" lon="138.220937">
        <ele>620.8365473937895</ele>
      </trkpt>
      <trkpt lat="36.8809568" lon="138.2209403">
        <ele>620.8694569328372</ele>
      </trkpt>
      <trkpt lat="36.8809639" lon="138.2209449">
        <ele>620.9155978541485</ele>
      </trkpt>
      <trkpt lat="36.8809711" lon="138.2209496">
        <ele>620.9672319235585</ele>
      </trkpt>
      <trkpt lat="36.8809744" lon="138.2209553">
        <ele>621.0249661337226</ele>
      </trkpt>
      <trkpt lat="36.8809777" lon="138.220961">
        <ele>621.0852540240344</ele>
      </trkpt>
      <trkpt lat="36.880981" lon="138.2209668">
        <ele>621.1490579031017</ele>
      </trkpt>
      <trkpt lat="36.8809829" lon="138.2209776">
        <ele>621.2832393985921</ele>
      </trkpt>
      <trkpt lat="36.8809849" lon="138.2209885">
        <ele>621.4248233910923</ele>
      </trkpt>
      <trkpt lat="36.8809863" lon="138.2210002">
        <ele>621.5758785702408</ele>
      </trkpt>
      <trkpt lat="36.8809877" lon="138.221012">
        <ele>621.7298525849257</ele>
      </trkpt>
      <trkpt lat="36.8809896" lon="138.2210238">
        <ele>621.8883793922952</ele>
      </trkpt>
      <trkpt lat="36.8809915" lon="138.2210357">
        <ele>622.0504593828986</ele>
      </trkpt>
      <trkpt lat="36.8809948" lon="138.2210489">
        <ele>622.2397195209453</ele>
      </trkpt>
      <trkpt lat="36.8809981" lon="138.2210621">
        <ele>622.4488921966291</ele>
      </trkpt>
      <trkpt lat="36.8810024" lon="138.2210762">
        <ele>622.695500295377</ele>
      </trkpt>
      <trkpt lat="36.8810067" lon="138.2210903">
        <ele>622.9482818300124</ele>
      </trkpt>
      <trkpt lat="36.8810094" lon="138.2211058">
        <ele>623.2161385328059</ele>
      </trkpt>
      <trkpt lat="36.8810122" lon="138.2211213">
        <ele>623.4891813271577</ele>
      </trkpt>
      <trkpt lat="36.8810111" lon="138.2211386">
        <ele>623.7563526312795</ele>
      </trkpt>
      <trkpt lat="36.8810101" lon="138.221156">
        <ele>624.0153329232857</ele>
      </trkpt>
      <trkpt lat="36.8810072" lon="138.2211737">
        <ele>624.2571109462015</ele>
      </trkpt>
      <trkpt lat="36.8810044" lon="138.2211914">
        <ele>624.4982537872459</ele>
      </trkpt>
      <trkpt lat="36.8810012" lon="138.2212082">
        <ele>624.7194205660771</ele>
      </trkpt>
      <trkpt lat="36.8809981" lon="138.2212251">
        <ele>624.9414487685464</ele>
      </trkpt>
      <trkpt lat="36.8809955" lon="138.2212409">
        <ele>625.168172496186</ele>
      </trkpt>
      <trkpt lat="36.8809929" lon="138.2212568">
        <ele>625.3976500810126</ele>
      </trkpt>
      <trkpt lat="36.8809922" lon="138.2212726">
        <ele>625.6479835485202</ele>
      </trkpt>
      <trkpt lat="36.8809915" lon="138.2212885">
        <ele>625.9003272642674</ele>
      </trkpt>
      <trkpt lat="36.8809938" lon="138.2213023">
        <ele>626.1498697705578</ele>
      </trkpt>
      <trkpt lat="36.8809962" lon="138.2213162">
        <ele>626.4041697631468</ele>
      </trkpt>
      <trkpt lat="36.8810013" lon="138.221326">
        <ele>626.6201207925399</ele>
      </trkpt>
      <trkpt lat="36.8810065" lon="138.2213359">
        <ele>626.8353498525422</ele>
      </trkpt>
      <trkpt lat="36.8810134" lon="138.2213414">
        <ele>626.9960900776524</ele>
      </trkpt>
      <trkpt lat="36.8810204" lon="138.2213469">
        <ele>627.1552995657418</ele>
      </trkpt>
      <trkpt lat="36.8810279" lon="138.221349">
        <ele>627.2655165598004</ele>
      </trkpt>
      <trkpt lat="36.8810355" lon="138.2213511">
        <ele>627.3756955204365</ele>
      </trkpt>
      <trkpt lat="36.881045" lon="138.2213523">
        <ele>627.4911329984886</ele>
      </trkpt>
      <trkpt lat="36.8810545" lon="138.2213536">
        <ele>627.6072214351324</ele>
      </trkpt>
      <trkpt lat="36.8810653" lon="138.2213539">
        <ele>627.6982141056371</ele>
      </trkpt>
      <trkpt lat="36.8810762" lon="138.2213542">
        <ele>627.7261856202217</ele>
      </trkpt>
      <trkpt lat="36.8810865" lon="138.2213518">
        <ele>627.7141023888647</ele>
      </trkpt>
      <trkpt lat="36.8810969" lon="138.2213494">
        <ele>627.7013900077537</ele>
      </trkpt>
      <trkpt lat="36.881107" lon="138.2213459">
        <ele>627.6710007643461</ele>
      </trkpt>
      <trkpt lat="36.8811172" lon="138.2213425">
        <ele>627.6411008642359</ele>
      </trkpt>
      <trkpt lat="36.8811275" lon="138.2213411">
        <ele>627.6403890821324</ele>
      </trkpt>
      <trkpt lat="36.8811379" lon="138.2213398">
        <ele>627.6042407050339</ele>
      </trkpt>
      <trkpt lat="36.8811466" lon="138.2213441">
        <ele>627.6387195186202</ele>
      </trkpt>
      <trkpt lat="36.8811554" lon="138.2213485">
        <ele>627.6730480284812</ele>
      </trkpt>
      <trkpt lat="36.881161" lon="138.2213584">
        <ele>627.798133987331</ele>
      </trkpt>
      <trkpt lat="36.8811667" lon="138.2213683">
        <ele>627.9209506927185</ele>
      </trkpt>
      <trkpt lat="36.8811703" lon="138.2213823">
        <ele>628.1097101146937</ele>
      </trkpt>
      <trkpt lat="36.881174" lon="138.2213964">
        <ele>628.2977654967012</ele>
      </trkpt>
      <trkpt lat="36.8811764" lon="138.2214133">
        <ele>628.4932225809886</ele>
      </trkpt>
      <trkpt lat="36.8811789" lon="138.2214303">
        <ele>628.6856807976753</ele>
      </trkpt>
      <trkpt lat="36.8811789" lon="138.2214465">
        <ele>628.8801351805068</ele>
      </trkpt>
      <trkpt lat="36.881179" lon="138.2214627">
        <ele>629.074041776001</ele>
      </trkpt>
      <trkpt lat="36.8811774" lon="138.2214768">
        <ele>629.2524126273935</ele>
      </trkpt>
      <trkpt lat="36.8811758" lon="138.2214909">
        <ele>629.4136781588654</ele>
      </trkpt>
      <trkpt lat="36.8811755" lon="138.2215039">
        <ele>629.5419666201888</ele>
      </trkpt>
      <trkpt lat="36.8811752" lon="138.221517">
        <ele>629.6713610483449</ele>
      </trkpt>
      <trkpt lat="36.8811744" lon="138.221529">
        <ele>629.7934751873063</ele>
      </trkpt>
      <trkpt lat="36.8811736" lon="138.2215411">
        <ele>629.9168914686252</ele>
      </trkpt>
      <trkpt lat="36.881171" lon="138.2215522">
        <ele>630.04345366913</ele>
      </trkpt>
      <trkpt lat="36.8811685" lon="138.2215633">
        <ele>630.170276885875</ele>
      </trkpt>
      <trkpt lat="36.8811628" lon="138.2215723">
        <ele>630.2990027314817</ele>
      </trkpt>
      <trkpt lat="36.8811571" lon="138.2215814">
        <ele>630.4285062859346</ele>
      </trkpt>
      <trkpt lat="36.8811482" lon="138.2215895">
        <ele>630.57726181453</ele>
      </trkpt>
      <trkpt lat="36.8811393" lon="138.2215977">
        <ele>630.7319313478168</ele>
      </trkpt>
      <trkpt lat="36.8811291" lon="138.221609">
        <ele>630.9282747572048</ele>
      </trkpt>
      <trkpt lat="36.8811189" lon="138.2216203">
        <ele>631.1041889945216</ele>
      </trkpt>
      <trkpt lat="36.8811079" lon="138.2216355">
        <ele>631.3422013842911</ele>
      </trkpt>
      <trkpt lat="36.881097" lon="138.2216508">
        <ele>631.5977531528043</ele>
      </trkpt>
      <trkpt lat="36.8810866" lon="138.2216663">
        <ele>631.8470178767182</ele>
      </trkpt>
      <trkpt lat="36.8810762" lon="138.2216819">
        <ele>632.1012133805536</ele>
      </trkpt>
      <trkpt lat="36.8810662" lon="138.2216966">
        <ele>632.3525617316064</ele>
      </trkpt>
      <trkpt lat="36.8810563" lon="138.2217114">
        <ele>632.5846418171325</ele>
      </trkpt>
      <trkpt lat="36.8810452" lon="138.2217247">
        <ele>632.799320759574</ele>
      </trkpt>
      <trkpt lat="36.8810342" lon="138.2217381">
        <ele>633.0297713015509</ele>
      </trkpt>
      <trkpt lat="36.8810225" lon="138.2217468">
        <ele>633.2124259335761</ele>
      </trkpt>
      <trkpt lat="36.8810109" lon="138.2217555">
        <ele>633.4064146841657</ele>
      </trkpt>
      <trkpt lat="36.8809983" lon="138.2217614">
        <ele>633.5799879923259</ele>
      </trkpt>
      <trkpt lat="36.8809857" lon="138.2217674">
        <ele>633.7732624996387</ele>
      </trkpt>
      <trkpt lat="36.8809714" lon="138.2217736">
        <ele>633.9977762776615</ele>
      </trkpt>
      <trkpt lat="36.8809572" lon="138.2217798">
        <ele>634.2303902889089</ele>
      </trkpt>
      <trkpt lat="36.8809429" lon="138.2217887">
        <ele>634.5208060193834</ele>
      </trkpt>
      <trkpt lat="36.8809286" lon="138.2217977">
        <ele>634.8260266114467</ele>
      </trkpt>
      <trkpt lat="36.8809166" lon="138.2218105">
        <ele>635.1946513893433</ele>
      </trkpt>
      <trkpt lat="36.8809046" lon="138.2218233">
        <ele>635.5754387992918</ele>
      </trkpt>
      <trkpt lat="36.8808955" lon="138.2218371">
        <ele>635.890126440365</ele>
      </trkpt>
      <trkpt lat="36.8808865" lon="138.2218509">
        <ele>636.1931385548124</ele>
      </trkpt>
      <trkpt lat="36.8808776" lon="138.2218609">
        <ele>636.4484658528717</ele>
      </trkpt>
      <trkpt lat="36.8808688" lon="138.2218709">
        <ele>636.708518766303</ele>
      </trkpt>
      <trkpt lat="36.8808584" lon="138.2218735">
        <ele>636.8845617739606</ele>
      </trkpt>
      <trkpt lat="36.880848" lon="138.2218762">
        <ele>637.0691411686981</ele>
      </trkpt>
      <trkpt lat="36.880836" lon="138.2218738">
        <ele>637.1993787936547</ele>
      </trkpt>
      <trkpt lat="36.8808241" lon="138.2218714">
        <ele>637.3272518956185</ele>
      </trkpt>
      <trkpt lat="36.8808117" lon="138.2218687">
        <ele>637.4562989369277</ele>
      </trkpt>
      <trkpt lat="36.8807994" lon="138.2218661">
        <ele>637.5844431160261</ele>
      </trkpt>
      <trkpt lat="36.8807867" lon="138.2218637">
        <ele>637.7211253247226</ele>
      </trkpt>
      <trkpt lat="36.8807741" lon="138.2218613">
        <ele>637.8655054352714</ele>
      </trkpt>
      <trkpt lat="36.8807615" lon="138.2218566">
        <ele>637.972369795479</ele>
      </trkpt>
      <trkpt lat="36.880749" lon="138.221852">
        <ele>638.0794086822311</ele>
      </trkpt>
      <trkpt lat="36.8807375" lon="138.221846">
        <ele>638.1490462608173</ele>
      </trkpt>
      <trkpt lat="36.880726" lon="138.2218401">
        <ele>638.2203149332666</ele>
      </trkpt>
      <trkpt lat="36.8807153" lon="138.2218342">
        <ele>638.2849597729918</ele>
      </trkpt>
      <trkpt lat="36.8807046" lon="138.2218283">
        <ele>638.3602234349734</ele>
      </trkpt>
      <trkpt lat="36.8806949" lon="138.2218229">
        <ele>638.406705392106</ele>
      </trkpt>
      <trkpt lat="36.8806852" lon="138.2218175">
        <ele>638.4425828253391</ele>
      </trkpt>
      <trkpt lat="36.8806756" lon="138.2218141">
        <ele>638.5211312287029</ele>
      </trkpt>
      <trkpt lat="36.880666" lon="138.2218108">
        <ele>638.6018932743704</ele>
      </trkpt>
      <trkpt lat="36.880654" lon="138.2218131">
        <ele>638.8450734871446</ele>
      </trkpt>
      <trkpt lat="36.8806421" lon="138.2218155">
        <ele>639.0782878301071</ele>
      </trkpt>
      <trkpt lat="36.8806295" lon="138.2218223">
        <ele>639.4122909448317</ele>
      </trkpt>
      <trkpt lat="36.880617" lon="138.2218291">
        <ele>639.7241313742417</ele>
      </trkpt>
      <trkpt lat="36.8806062" lon="138.2218373">
        <ele>639.99901552791</ele>
      </trkpt>
      <trkpt lat="36.8805955" lon="138.2218455">
        <ele>640.2694694999224</ele>
      </trkpt>
      <trkpt lat="36.8805864" lon="138.221854">
        <ele>640.5185954939508</ele>
      </trkpt>
      <trkpt lat="36.8805774" lon="138.2218626">
        <ele>640.7587110965413</ele>
      </trkpt>
      <trkpt lat="36.8805678" lon="138.2218714">
        <ele>640.9996304550415</ele>
      </trkpt>
      <trkpt lat="36.8805582" lon="138.2218803">
        <ele>641.2390406087392</ele>
      </trkpt>
      <trkpt lat="36.880548" lon="138.2218878">
        <ele>641.4640075739286</ele>
      </trkpt>
      <trkpt lat="36.8805378" lon="138.2218954">
        <ele>641.687701557792</ele>
      </trkpt>
      <trkpt lat="36.880528" lon="138.2219018">
        <ele>641.8883577662617</ele>
      </trkpt>
      <trkpt lat="36.8805183" lon="138.2219083">
        <ele>642.0870032526578</ele>
      </trkpt>
      <trkpt lat="36.880508" lon="138.2219158">
        <ele>642.2763342145228</ele>
      </trkpt>
      <trkpt lat="36.8804978" lon="138.2219234">
        <ele>642.4337448411436</ele>
      </trkpt>
      <trkpt lat="36.880486" lon="138.2219319">
        <ele>642.6099762144202</ele>
      </trkpt>
      <trkpt lat="36.8804743" lon="138.2219405">
        <ele>642.7828431553457</ele>
      </trkpt>
      <trkpt lat="36.8804628" lon="138.2219479">
        <ele>642.940511782791</ele>
      </trkpt>
      <trkpt lat="36.8804513" lon="138.2219553">
        <ele>643.095292081427</ele>
      </trkpt>
      <trkpt lat="36.8804397" lon="138.2219607">
        <ele>643.228786404897</ele>
      </trkpt>
      <trkpt lat="36.8804282" lon="138.2219662">
        <ele>643.3573941526706</ele>
      </trkpt>
      <trkpt lat="36.8804165" lon="138.2219702">
        <ele>643.4752250573135</ele>
      </trkpt>
      <trkpt lat="36.8804049" lon="138.2219742">
        <ele>643.5923276716148</ele>
      </trkpt>
      <trkpt lat="36.880393" lon="138.2219776">
        <ele>643.7067217513456</ele>
      </trkpt>
      <trkpt lat="36.8803811" lon="138.2219811">
        <ele>643.821931376844</ele>
      </trkpt>
      <trkpt lat="36.880369" lon="138.2219842">
        <ele>643.9270294478968</ele>
      </trkpt>
      <trkpt lat="36.880357" lon="138.2219874">
        <ele>644.0248742121653</ele>
      </trkpt>
      <trkpt lat="36.880345" lon="138.2219911">
        <ele>644.1252319886819</ele>
      </trkpt>
      <trkpt lat="36.880333" lon="138.2219948">
        <ele>644.2240828100192</ele>
      </trkpt>
      <trkpt lat="36.8803206" lon="138.2219987">
        <ele>644.3222613111151</ele>
      </trkpt>
      <trkpt lat="36.8803082" lon="138.2220027">
        <ele>644.3991667365668</ele>
      </trkpt>
      <trkpt lat="36.880296" lon="138.2220068">
        <ele>644.4912786260493</ele>
      </trkpt>
      <trkpt lat="36.8802839" lon="138.222011">
        <ele>644.5842934809638</ele>
      </trkpt>
      <trkpt lat="36.880272" lon="138.2220159">
        <ele>644.676667327598</ele>
      </trkpt>
      <trkpt lat="36.8802601" lon="138.2220208">
        <ele>644.7690411604951</ele>
      </trkpt>
      <trkpt lat="36.8802476" lon="138.2220265">
        <ele>644.866716706521</ele>
      </trkpt>
      <trkpt lat="36.8802352" lon="138.2220323">
        <ele>644.9589668212002</ele>
      </trkpt>
      <trkpt lat="36.8802225" lon="138.2220368">
        <ele>645.0382025711247</ele>
      </trkpt>
      <trkpt lat="36.8802098" lon="138.2220413">
        <ele>645.1174383086163</ele>
      </trkpt>
      <trkpt lat="36.8801973" lon="138.2220446">
        <ele>645.1941106910828</ele>
      </trkpt>
      <trkpt lat="36.8801849" lon="138.222048">
        <ele>645.2703169491153</ele>
      </trkpt>
      <trkpt lat="36.880172" lon="138.2220505">
        <ele>645.3483877226258</ele>
      </trkpt>
      <trkpt lat="36.8801591" lon="138.2220531">
        <ele>645.4278529442502</ele>
      </trkpt>
      <trkpt lat="36.8801475" lon="138.2220544">
        <ele>645.4968514208456</ele>
      </trkpt>
      <trkpt lat="36.880136" lon="138.2220558">
        <ele>645.5636773449837</ele>
      </trkpt>
      <trkpt lat="36.8801247" lon="138.222057">
        <ele>645.6279433784945</ele>
      </trkpt>
      <trkpt lat="36.8801135" lon="138.2220583">
        <ele>645.6900898074388</ele>
      </trkpt>
      <trkpt lat="36.8801011" lon="138.2220595">
        <ele>645.7577829482822</ele>
      </trkpt>
      <trkpt lat="36.8800887" lon="138.2220608">
        <ele>645.8318880266988</ele>
      </trkpt>
      <trkpt lat="36.8800759" lon="138.2220611">
        <ele>645.9106848362487</ele>
      </trkpt>
      <trkpt lat="36.8800631" lon="138.2220615">
        <ele>645.9890536396523</ele>
      </trkpt>
      <trkpt lat="36.8800497" lon="138.2220599">
        <ele>646.0773779133206</ele>
      </trkpt>
      <trkpt lat="36.8800364" lon="138.2220584">
        <ele>646.16546056498</ele>
      </trkpt>
      <trkpt lat="36.8800229" lon="138.2220555">
        <ele>646.2512298590491</ele>
      </trkpt>
      <trkpt lat="36.8800095" lon="138.2220526">
        <ele>646.3351693146242</ele>
      </trkpt>
      <trkpt lat="36.8799964" lon="138.2220503">
        <ele>646.4172528958111</ele>
      </trkpt>
      <trkpt lat="36.8799833" lon="138.2220481">
        <ele>646.5008650490795</ele>
      </trkpt>
      <trkpt lat="36.8799712" lon="138.2220472">
        <ele>646.5735189721104</ele>
      </trkpt>
      <trkpt lat="36.8799592" lon="138.2220463">
        <ele>646.6433471798256</ele>
      </trkpt>
      <trkpt lat="36.879948" lon="138.2220466">
        <ele>646.6976327268274</ele>
      </trkpt>
      <trkpt lat="36.8799369" lon="138.2220469">
        <ele>646.7513042274254</ele>
      </trkpt>
      <trkpt lat="36.8799261" lon="138.2220483">
        <ele>646.7962509619772</ele>
      </trkpt>
      <trkpt lat="36.8799153" lon="138.2220498">
        <ele>646.8400195280085</ele>
      </trkpt>
      <trkpt lat="36.8799043" lon="138.2220511">
        <ele>646.8855906346338</ele>
      </trkpt>
      <trkpt lat="36.8798933" lon="138.2220524">
        <ele>646.9317116498471</ele>
      </trkpt>
      <trkpt lat="36.8798831" lon="138.222053">
        <ele>646.9827959414366</ele>
      </trkpt>
      <trkpt lat="36.879873" lon="138.2220537">
        <ele>647.0321500127279</ele>
      </trkpt>
      <trkpt lat="36.8798633" lon="138.2220531">
        <ele>647.089370220507</ele>
      </trkpt>
      <trkpt lat="36.8798536" lon="138.2220526">
        <ele>647.1461451471631</ele>
      </trkpt>
      <trkpt lat="36.8798433" lon="138.2220511">
        <ele>647.2152745365506</ele>
      </trkpt>
      <trkpt lat="36.8798331" lon="138.2220496">
        <ele>647.2848987918562</ele>
      </trkpt>
      <trkpt lat="36.8798213" lon="138.2220472">
        <ele>647.3774372995323</ele>
      </trkpt>
      <trkpt lat="36.8798096" lon="138.2220448">
        <ele>647.4759800622905</ele>
      </trkpt>
      <trkpt lat="36.8797983" lon="138.2220427">
        <ele>647.5699225512075</ele>
      </trkpt>
      <trkpt lat="36.8797871" lon="138.2220407">
        <ele>647.6630150281425</ele>
      </trkpt>
      <trkpt lat="36.8797775" lon="138.2220393">
        <ele>647.7402225945948</ele>
      </trkpt>
      <trkpt lat="36.8797679" lon="138.222038">
        <ele>647.8168546711945</ele>
      </trkpt>
      <trkpt lat="36.8797597" lon="138.2220376">
        <ele>647.8752188911233</ele>
      </trkpt>
      <trkpt lat="36.8797515" lon="138.2220372">
        <ele>647.9430403759739</ele>
      </trkpt>
      <trkpt lat="36.8797443" lon="138.2220369">
        <ele>648.0044147329681</ele>
      </trkpt>
      <trkpt lat="36.8797372" lon="138.2220367">
        <ele>648.0639698774546</ele>
      </trkpt>
      <trkpt lat="36.879729" lon="138.2220351">
        <ele>648.1478387869179</ele>
      </trkpt>
      <trkpt lat="36.8797208" lon="138.2220335">
        <ele>648.2321529801975</ele>
      </trkpt>
      <trkpt lat="36.8797111" lon="138.2220298">
        <ele>648.3528523790342</ele>
      </trkpt>
      <trkpt lat="36.8797014" lon="138.2220262">
        <ele>648.473625385974</ele>
      </trkpt>
      <trkpt lat="36.8796923" lon="138.22202">
        <ele>648.6207464031233</ele>
      </trkpt>
      <trkpt lat="36.8796833" lon="138.2220139">
        <ele>648.717253261806</ele>
      </trkpt>
      <trkpt lat="36.8796757" lon="138.2220069">
        <ele>648.7988091731459</ele>
      </trkpt>
      <trkpt lat="36.8796681" lon="138.2219999">
        <ele>648.8803650844857</ele>
      </trkpt>
      <trkpt lat="36.8796613" lon="138.2219931">
        <ele>648.9417135787211</ele>
      </trkpt>
      <trkpt lat="36.8796546" lon="138.2219864">
        <ele>648.9963560391229</ele>
      </trkpt>
      <trkpt lat="36.8796474" lon="138.2219797">
        <ele>649.0509984995251</ele>
      </trkpt>
      <trkpt lat="36.8796403" lon="138.2219731">
        <ele>649.1048254007485</ele>
      </trkpt>
      <trkpt lat="36.8796319" lon="138.2219655">
        <ele>649.1668078931059</ele>
      </trkpt>
      <trkpt lat="36.8796236" lon="138.221958">
        <ele>649.2279748266108</ele>
      </trkpt>
      <trkpt lat="36.879615" lon="138.2219496">
        <ele>649.3872851279292</ele>
      </trkpt>
      <trkpt lat="36.8796065" lon="138.2219413">
        <ele>649.6661177748059</ele>
      </trkpt>
      <trkpt lat="36.8795978" lon="138.2219322">
        <ele>649.954433783963</ele>
      </trkpt>
      <trkpt lat="36.8795892" lon="138.2219232">
        <ele>650.2368353281215</ele>
      </trkpt>
      <trkpt lat="36.8795807" lon="138.2219139">
        <ele>650.5168694060947</ele>
      </trkpt>
      <trkpt lat="36.8795723" lon="138.2219047">
        <ele>650.7946983274262</ele>
      </trkpt>
      <trkpt lat="36.8795642" lon="138.2218945">
        <ele>651.0774724838457</ele>
      </trkpt>
      <trkpt lat="36.8795562" lon="138.2218843">
        <ele>651.3606726069188</ele>
      </trkpt>
      <trkpt lat="36.8795476" lon="138.2218728">
        <ele>651.6547150672711</ele>
      </trkpt>
      <trkpt lat="36.879539" lon="138.2218613">
        <ele>651.9289661597751</ele>
      </trkpt>
      <trkpt lat="36.87953" lon="138.2218499">
        <ele>652.2066975665307</ele>
      </trkpt>
      <trkpt lat="36.879521" lon="138.2218386">
        <ele>652.4800671791576</ele>
      </trkpt>
      <trkpt lat="36.8795112" lon="138.2218289">
        <ele>652.7513365677531</ele>
      </trkpt>
      <trkpt lat="36.8795015" lon="138.2218193">
        <ele>653.0144110978822</ele>
      </trkpt>
      <trkpt lat="36.8794926" lon="138.2218125">
        <ele>653.2383906334646</ele>
      </trkpt>
      <trkpt lat="36.8794838" lon="138.2218057">
        <ele>653.4604766493904</ele>
      </trkpt>
      <trkpt lat="36.8794797" lon="138.2218041">
        <ele>653.5707249464094</ele>
      </trkpt>
      <trkpt lat="36.8794757" lon="138.2218025">
        <ele>653.6810881967551</ele>
      </trkpt>
      <trkpt lat="36.8794702" lon="138.2218038">
        <ele>653.804716087682</ele>
      </trkpt>
      <trkpt lat="36.8794647" lon="138.2218051">
        <ele>653.9285866384241</ele>
      </trkpt>
      <trkpt lat="36.87946" lon="138.2218093">
        <ele>654.0106596455821</ele>
      </trkpt>
      <trkpt lat="36.8794554" lon="138.2218136">
        <ele>654.0901804296342</ele>
      </trkpt>
      <trkpt lat="36.8794513" lon="138.2218189">
        <ele>654.1504527202048</ele>
      </trkpt>
      <trkpt lat="36.8794473" lon="138.2218242">
        <ele>654.208990396483</ele>
      </trkpt>
      <trkpt lat="36.879443" lon="138.22183">
        <ele>654.267241566327</ele>
      </trkpt>
      <trkpt lat="36.8794388" lon="138.2218358">
        <ele>654.3193109929168</ele>
      </trkpt>
      <trkpt lat="36.8794336" lon="138.22184">
        <ele>654.4094576462078</ele>
      </trkpt>
      <trkpt lat="36.8794285" lon="138.2218443">
        <ele>654.4955083352537</ele>
      </trkpt>
      <trkpt lat="36.8794222" lon="138.2218432">
        <ele>654.6597177441546</ele>
      </trkpt>
      <trkpt lat="36.879416" lon="138.2218421">
        <ele>654.8217126123234</ele>
      </trkpt>
      <trkpt lat="36.8794106" lon="138.2218349">
        <ele>655.0462659231712</ele>
      </trkpt>
      <trkpt lat="36.8794052" lon="138.2218277">
        <ele>655.2781578557439</ele>
      </trkpt>
      <trkpt lat="36.8794016" lon="138.2218162">
        <ele>655.4734417209893</ele>
      </trkpt>
      <trkpt lat="36.879398" lon="138.2218047">
        <ele>655.667826061384</ele>
      </trkpt>
      <trkpt lat="36.8793955" lon="138.2217912">
        <ele>655.8439774324597</ele>
      </trkpt>
      <trkpt lat="36.879393" lon="138.2217777">
        <ele>656.0212742680774</ele>
      </trkpt>
      <trkpt lat="36.8793905" lon="138.2217627">
        <ele>656.2108167399135</ele>
      </trkpt>
      <trkpt lat="36.8793881" lon="138.2217477">
        <ele>656.3984394102766</ele>
      </trkpt>
      <trkpt lat="36.8793852" lon="138.2217325">
        <ele>656.615816850469</ele>
      </trkpt>
      <trkpt lat="36.8793823" lon="138.2217174">
        <ele>656.8407951347863</ele>
      </trkpt>
      <trkpt lat="36.8793763" lon="138.2217037">
        <ele>657.1494635499453</ele>
      </trkpt>
      <trkpt lat="36.8793704" lon="138.2216901">
        <ele>657.4513668009956</ele>
      </trkpt>
      <trkpt lat="36.8793619" lon="138.2216805">
        <ele>657.7973240448159</ele>
      </trkpt>
      <trkpt lat="36.8793535" lon="138.2216709">
        <ele>658.1374258845578</ele>
      </trkpt>
      <trkpt lat="36.8793443" lon="138.2216663">
        <ele>658.4685077289125</ele>
      </trkpt>
      <trkpt lat="36.8793352" lon="138.2216617">
        <ele>658.8383053881414</ele>
      </trkpt>
      <trkpt lat="36.8793277" lon="138.2216629">
        <ele>659.1028578371067</ele>
      </trkpt>
      <trkpt lat="36.8793202" lon="138.2216642">
        <ele>659.3669439072829</ele>
      </trkpt>
      <trkpt lat="36.8793153" lon="138.2216696">
        <ele>659.5049148100439</ele>
      </trkpt>
      <trkpt lat="36.8793104" lon="138.2216751">
        <ele>659.6430285678213</ele>
      </trkpt>
      <trkpt lat="36.8793082" lon="138.2216834">
        <ele>659.661522519563</ele>
      </trkpt>
      <trkpt lat="36.8793061" lon="138.2216917">
        <ele>659.6769324070393</ele>
      </trkpt>
      <trkpt lat="36.8793058" lon="138.2217015">
        <ele>659.6148013515651</ele>
      </trkpt>
      <trkpt lat="36.8793055" lon="138.2217113">
        <ele>659.5527700788807</ele>
      </trkpt>
      <trkpt lat="36.8793053" lon="138.221721">
        <ele>659.4878314204445</ele>
      </trkpt>
      <trkpt lat="36.8793051" lon="138.2217308">
        <ele>659.4222124218007</ele>
      </trkpt>
      <trkpt lat="36.8793036" lon="138.22174">
        <ele>659.4103499509489</ele>
      </trkpt>
      <trkpt lat="36.8793021" lon="138.2217493">
        <ele>659.3982147544662</ele>
      </trkpt>
      <trkpt lat="36.8792994" lon="138.221758">
        <ele>659.4367800209917</ele>
      </trkpt>
      <trkpt lat="36.8792968" lon="138.2217667">
        <ele>659.4723114553693</ele>
      </trkpt>
      <trkpt lat="36.8792932" lon="138.2217749">
        <ele>659.5506989245755</ele>
      </trkpt>
      <trkpt lat="36.8792896" lon="138.2217832">
        <ele>659.6293684063107</ele>
      </trkpt>
      <trkpt lat="36.8792855" lon="138.2217918">
        <ele>659.7262790229186</ele>
      </trkpt>
      <trkpt lat="36.8792814" lon="138.2218005">
        <ele>659.823680379618</ele>
      </trkpt>
      <trkpt lat="36.8792764" lon="138.2218095">
        <ele>659.9593714321941</ele>
      </trkpt>
      <trkpt lat="36.8792715" lon="138.2218186">
        <ele>660.1093499058095</ele>
      </trkpt>
      <trkpt lat="36.8792663" lon="138.2218286">
        <ele>660.2650658663839</ele>
      </trkpt>
      <trkpt lat="36.8792611" lon="138.2218386">
        <ele>660.410729282723</ele>
      </trkpt>
      <trkpt lat="36.8792558" lon="138.2218498">
        <ele>660.5509755755784</ele>
      </trkpt>
      <trkpt lat="36.8792505" lon="138.2218611">
        <ele>660.6904062931899</ele>
      </trkpt>
      <trkpt lat="36.8792452" lon="138.2218739">
        <ele>660.8176036086871</ele>
      </trkpt>
      <trkpt lat="36.87924" lon="138.2218868">
        <ele>660.9396157476125</ele>
      </trkpt>
      <trkpt lat="36.8792349" lon="138.2219012">
        <ele>661.04502488412</ele>
      </trkpt>
      <trkpt lat="36.8792298" lon="138.2219156">
        <ele>661.1504340052608</ele>
      </trkpt>
      <trkpt lat="36.8792256" lon="138.2219313">
        <ele>661.2059144411708</ele>
      </trkpt>
      <trkpt lat="36.8792215" lon="138.221947">
        <ele>661.2570252666258</ele>
      </trkpt>
      <trkpt lat="36.879219" lon="138.221963">
        <ele>661.2357758078733</ele>
      </trkpt>
      <trkpt lat="36.8792165" lon="138.2219791">
        <ele>661.213710786124</ele>
      </trkpt>
      <trkpt lat="36.8792153" lon="138.2219956">
        <ele>661.1315787293497</ele>
      </trkpt>
      <trkpt lat="36.8792142" lon="138.2220121">
        <ele>661.0586480683553</ele>
      </trkpt>
      <trkpt lat="36.879213" lon="138.2220284">
        <ele>660.995307565642</ele>
      </trkpt>
      <trkpt lat="36.8792118" lon="138.2220448">
        <ele>660.9325851062733</ele>
      </trkpt>
      <trkpt lat="36.8792091" lon="138.2220581">
        <ele>660.961664963514</ele>
      </trkpt>
      <trkpt lat="36.8792065" lon="138.2220714">
        <ele>660.9962793438012</ele>
      </trkpt>
      <trkpt lat="36.879203" lon="138.2220821">
        <ele>661.094530047749</ele>
      </trkpt>
      <trkpt lat="36.8791996" lon="138.2220928">
        <ele>661.1892670164848</ele>
      </trkpt>
      <trkpt lat="36.879195" lon="138.2221029">
        <ele>661.3494908482182</ele>
      </trkpt>
      <trkpt lat="36.8791905" lon="138.222113">
        <ele>661.5062901573143</ele>
      </trkpt>
      <trkpt lat="36.8791832" lon="138.2221244">
        <ele>661.7966238265379</ele>
      </trkpt>
      <trkpt lat="36.8791759" lon="138.2221359">
        <ele>662.0891384781379</ele>
      </trkpt>
      <trkpt lat="36.8791659" lon="138.2221499">
        <ele>662.5054530033233</ele>
      </trkpt>
      <trkpt lat="36.8791559" lon="138.2221639">
        <ele>662.9265190150692</ele>
      </trkpt>
      <trkpt lat="36.8791454" lon="138.22218">
        <ele>663.3791147728396</ele>
      </trkpt>
      <trkpt lat="36.879135" lon="138.2221962">
        <ele>663.8401707154708</ele>
      </trkpt>
      <trkpt lat="36.8791247" lon="138.2222125">
        <ele>664.3042891249071</ele>
      </trkpt>
      <trkpt lat="36.8791144" lon="138.2222289">
        <ele>664.7679414276045</ele>
      </trkpt>
      <trkpt lat="36.8791052" lon="138.2222425">
        <ele>665.1869639722643</ele>
      </trkpt>
      <trkpt lat="36.879096" lon="138.2222561">
        <ele>665.6067734633943</ele>
      </trkpt>
      <trkpt lat="36.8790881" lon="138.2222675">
        <ele>665.9875377569649</ele>
      </trkpt>
      <trkpt lat="36.8790802" lon="138.222279">
        <ele>666.3618692905063</ele>
      </trkpt>
      <trkpt lat="36.8790725" lon="138.2222902">
        <ele>666.7208200414176</ele>
      </trkpt>
      <trkpt lat="36.8790648" lon="138.2223014">
        <ele>667.0840848360219</ele>
      </trkpt>
      <trkpt lat="36.8790564" lon="138.222313">
        <ele>667.4839946522384</ele>
      </trkpt>
      <trkpt lat="36.8790481" lon="138.2223246">
        <ele>667.8786609124397</ele>
      </trkpt>
      <trkpt lat="36.8790407" lon="138.2223365">
        <ele>668.2250869804998</ele>
      </trkpt>
      <trkpt lat="36.8790334" lon="138.2223485">
        <ele>668.576801754801</ele>
      </trkpt>
      <trkpt lat="36.8790276" lon="138.2223609">
        <ele>668.8512467960325</ele>
      </trkpt>
      <trkpt lat="36.8790219" lon="138.2223734">
        <ele>669.1130354217729</ele>
      </trkpt>
      <trkpt lat="36.8790176" lon="138.2223858">
        <ele>669.2975958813354</ele>
      </trkpt>
      <trkpt lat="36.8790134" lon="138.2223982">
        <ele>669.471772310218</ele>
      </trkpt>
      <trkpt lat="36.8790105" lon="138.2224109">
        <ele>669.5761216923843</ele>
      </trkpt>
      <trkpt lat="36.8790076" lon="138.2224237">
        <ele>669.6763965032809</ele>
      </trkpt>
      <trkpt lat="36.8790055" lon="138.222438">
        <ele>669.7659329541748</ele>
      </trkpt>
      <trkpt lat="36.8790035" lon="138.2224524">
        <ele>669.8618984762834</ele>
      </trkpt>
      <trkpt lat="36.8790018" lon="138.2224685">
        <ele>669.9433245255896</ele>
      </trkpt>
      <trkpt lat="36.8790001" lon="138.2224846">
        <ele>670.0237178768564</ele>
      </trkpt>
      <trkpt lat="36.8789987" lon="138.2225008">
        <ele>670.0881298546623</ele>
      </trkpt>
      <trkpt lat="36.8789974" lon="138.2225171">
        <ele>670.1512324006308</ele>
      </trkpt>
      <trkpt lat="36.8789957" lon="138.2225324">
        <ele>670.2463633060017</ele>
      </trkpt>
      <trkpt lat="36.8789941" lon="138.2225478">
        <ele>670.3361110090481</ele>
      </trkpt>
      <trkpt lat="36.8789909" lon="138.2225611">
        <ele>670.4962129498322</ele>
      </trkpt>
      <trkpt lat="36.8789877" lon="138.2225745">
        <ele>670.6549614694579</ele>
      </trkpt>
      <trkpt lat="36.8789812" lon="138.2225855">
        <ele>670.9599602540753</ele>
      </trkpt>
      <trkpt lat="36.8789748" lon="138.2225965">
        <ele>671.2580128033301</ele>
      </trkpt>
      <trkpt lat="36.8789636" lon="138.2226005">
        <ele>671.7686572599094</ele>
      </trkpt>
      <trkpt lat="36.8789525" lon="138.2226045">
        <ele>672.2764606041951</ele>
      </trkpt>
      <trkpt lat="36.878939" lon="138.2226014">
        <ele>672.8793779157211</ele>
      </trkpt>
      <trkpt lat="36.8789255" lon="138.2225984">
        <ele>673.4859568420493</ele>
      </trkpt>
      <trkpt lat="36.8789131" lon="138.2225905">
        <ele>674.0517264992743</ele>
      </trkpt>
      <trkpt lat="36.8789007" lon="138.2225826">
        <ele>674.6241455008457</ele>
      </trkpt>
      <trkpt lat="36.8788912" lon="138.2225731">
        <ele>675.0722040024132</ele>
      </trkpt>
      <trkpt lat="36.8788817" lon="138.2225636">
        <ele>675.5263885350972</ele>
      </trkpt>
      <trkpt lat="36.8788728" lon="138.2225598">
        <ele>675.9468448198403</ele>
      </trkpt>
      <trkpt lat="36.878864" lon="138.222556">
        <ele>676.3649300764325</ele>
      </trkpt>
      <trkpt lat="36.878855" lon="138.22256">
        <ele>676.7750890161853</ele>
      </trkpt>
      <trkpt lat="36.878846" lon="138.2225641">
        <ele>677.1850148875277</ele>
      </trkpt>
      <trkpt lat="36.878839" lon="138.2225739">
        <ele>677.4884410828363</ele>
      </trkpt>
      <trkpt lat="36.878832" lon="138.2225837">
        <ele>677.7918672468525</ele>
      </trkpt>
      <trkpt lat="36.8788278" lon="138.2225964">
        <ele>677.9580311804089</ele>
      </trkpt>
      <trkpt lat="36.8788236" lon="138.2226092">
        <ele>678.1332367854988</ele>
      </trkpt>
      <trkpt lat="36.878822" lon="138.2226226">
        <ele>678.1875264897711</ele>
      </trkpt>
      <trkpt lat="36.8788205" lon="138.222636">
        <ele>678.2358254596089</ele>
      </trkpt>
      <trkpt lat="36.8788195" lon="138.2226495">
        <ele>678.2601546842051</ele>
      </trkpt>
      <trkpt lat="36.8788185" lon="138.2226631">
        <ele>678.2834084077924</ele>
      </trkpt>
      <trkpt lat="36.8788159" lon="138.2226765">
        <ele>678.3764312484832</ele>
      </trkpt>
      <trkpt lat="36.8788134" lon="138.2226899">
        <ele>678.4657572539529</ele>
      </trkpt>
      <trkpt lat="36.878808" lon="138.2227023">
        <ele>678.6872673399753</ele>
      </trkpt>
      <trkpt lat="36.8788027" lon="138.2227147">
        <ele>678.904407831608</ele>
      </trkpt>
      <trkpt lat="36.8787955" lon="138.2227221">
        <ele>679.213440468942</ele>
      </trkpt>
      <trkpt lat="36.8787884" lon="138.2227296">
        <ele>679.5293247720351</ele>
      </trkpt>
      <trkpt lat="36.8787794" lon="138.2227309">
        <ele>679.9387520863693</ele>
      </trkpt>
      <trkpt lat="36.8787705" lon="138.2227322">
        <ele>680.3424225477762</ele>
      </trkpt>
      <trkpt lat="36.8787628" lon="138.2227262">
        <ele>680.7113230972052</ele>
      </trkpt>
      <trkpt lat="36.8787551" lon="138.2227203">
        <ele>681.0845991745242</ele>
      </trkpt>
      <trkpt lat="36.8787499" lon="138.222709">
        <ele>681.3652629063072</ele>
      </trkpt>
      <trkpt lat="36.8787448" lon="138.2226977">
        <ele>681.6471683089019</ele>
      </trkpt>
      <trkpt lat="36.8787414" lon="138.2226847">
        <ele>681.8598683745136</ele>
      </trkpt>
      <trkpt lat="36.8787381" lon="138.2226717">
        <ele>682.0487760510764</ele>
      </trkpt>
      <trkpt lat="36.878735" lon="138.2226575">
        <ele>682.2308668636022</ele>
      </trkpt>
      <trkpt lat="36.878732" lon="138.2226433">
        <ele>682.4081511413217</ele>
      </trkpt>
      <trkpt lat="36.8787284" lon="138.2226297">
        <ele>682.6128764863131</ele>
      </trkpt>
      <trkpt lat="36.8787248" lon="138.2226161">
        <ele>682.8261914413882</ele>
      </trkpt>
      <trkpt lat="36.8787194" lon="138.2226077">
        <ele>683.1207200644449</ele>
      </trkpt>
      <trkpt lat="36.8787141" lon="138.2225993">
        <ele>683.4116907886156</ele>
      </trkpt>
      <trkpt lat="36.8787075" lon="138.2226002">
        <ele>683.7457060717536</ele>
      </trkpt>
      <trkpt lat="36.8787009" lon="138.2226012">
        <ele>684.079240594049</ele>
      </trkpt>
      <trkpt lat="36.8786952" lon="138.2226099">
        <ele>684.3444811442948</ele>
      </trkpt>
      <trkpt lat="36.8786895" lon="138.2226186">
        <ele>684.6080386159584</ele>
      </trkpt>
      <trkpt lat="36.8786857" lon="138.2226317">
        <ele>684.7605490367732</ele>
      </trkpt>
      <trkpt lat="36.8786819" lon="138.2226449">
        <ele>684.9110585686365</ele>
      </trkpt>
      <trkpt lat="36.8786788" lon="138.222659">
        <ele>685.0220328549738</ele>
      </trkpt>
      <trkpt lat="36.8786758" lon="138.2226732">
        <ele>685.1262297832842</ele>
      </trkpt>
      <trkpt lat="36.8786726" lon="138.2226875">
        <ele>685.2348833913926</ele>
      </trkpt>
      <trkpt lat="36.8786695" lon="138.2227019">
        <ele>685.3212920348636</ele>
      </trkpt>
      <trkpt lat="36.8786663" lon="138.2227158">
        <ele>685.4149830185817</ele>
      </trkpt>
      <trkpt lat="36.8786631" lon="138.2227298">
        <ele>685.5082079621504</ele>
      </trkpt>
      <trkpt lat="36.8786588" lon="138.222744">
        <ele>685.6570537071367</ele>
      </trkpt>
      <trkpt lat="36.8786546" lon="138.2227583">
        <ele>685.8113703463488</ele>
      </trkpt>
      <trkpt lat="36.878649" lon="138.2227723">
        <ele>686.0406222608408</ele>
      </trkpt>
      <trkpt lat="36.8786435" lon="138.2227864">
        <ele>686.2797306180934</ele>
      </trkpt>
      <trkpt lat="36.8786364" lon="138.2227996">
        <ele>686.6058803617026</ele>
      </trkpt>
      <trkpt lat="36.8786293" lon="138.2228128">
        <ele>686.9320300706668</ele>
      </trkpt>
      <trkpt lat="36.8786226" lon="138.2228254">
        <ele>687.2393029809937</ele>
      </trkpt>
      <trkpt lat="36.878616" lon="138.2228381">
        <ele>687.5409828579992</ele>
      </trkpt>
      <trkpt lat="36.8786108" lon="138.2228504">
        <ele>687.7706521119932</ele>
      </trkpt>
      <trkpt lat="36.8786056" lon="138.2228628">
        <ele>687.9942379567289</ele>
      </trkpt>
      <trkpt lat="36.8786021" lon="138.2228756">
        <ele>688.1201974374517</ele>
      </trkpt>
      <trkpt lat="36.8785986" lon="138.2228884">
        <ele>688.2446364237358</ele>
      </trkpt>
      <trkpt lat="36.8785957" lon="138.2229019">
        <ele>688.3333453961593</ele>
      </trkpt>
      <trkpt lat="36.8785929" lon="138.2229154">
        <ele>688.415582071974</ele>
      </trkpt>
      <trkpt lat="36.8785891" lon="138.222928">
        <ele>688.5612341884072</ele>
      </trkpt>
      <trkpt lat="36.8785853" lon="138.2229407">
        <ele>688.7179043468102</ele>
      </trkpt>
      <trkpt lat="36.8785811" lon="138.2229524">
        <ele>688.923722161113</ele>
      </trkpt>
      <trkpt lat="36.878577" lon="138.2229642">
        <ele>689.1256692927702</ele>
      </trkpt>
      <trkpt lat="36.8785724" lon="138.2229758">
        <ele>689.3546194350042</ele>
      </trkpt>
      <trkpt lat="36.8785678" lon="138.2229875">
        <ele>689.581486576547</ele>
      </trkpt>
      <trkpt lat="36.8785637" lon="138.2229988">
        <ele>689.7797230252909</ele>
      </trkpt>
      <trkpt lat="36.8785596" lon="138.2230101">
        <ele>689.976387050174</ele>
      </trkpt>
      <trkpt lat="36.8785564" lon="138.223022">
        <ele>690.1198140917079</ele>
      </trkpt>
      <trkpt lat="36.8785533" lon="138.2230339">
        <ele>690.2600579485301</ele>
      </trkpt>
      <trkpt lat="36.8785515" lon="138.2230463">
        <ele>690.3307898623407</ele>
      </trkpt>
      <trkpt lat="36.8785498" lon="138.2230588">
        <ele>690.3957539777276</ele>
      </trkpt>
      <trkpt lat="36.8785495" lon="138.2230725">
        <ele>690.3804349987306</ele>
      </trkpt>
      <trkpt lat="36.8785492" lon="138.2230862">
        <ele>690.3651160179643</ele>
      </trkpt>
      <trkpt lat="36.8785483" lon="138.2231002">
        <ele>690.3823066562886</ele>
      </trkpt>
      <trkpt lat="36.8785474" lon="138.2231143">
        <ele>690.3999314678374</ele>
      </trkpt>
      <trkpt lat="36.8785465" lon="138.2231276">
        <ele>690.449744468742</ele>
      </trkpt>
      <trkpt lat="36.8785457" lon="138.223141">
        <ele>690.494022690785</ele>
      </trkpt>
      <trkpt lat="36.878545" lon="138.2231539">
        <ele>690.5327661348514</ele>
      </trkpt>
      <trkpt lat="36.8785443" lon="138.2231669">
        <ele>690.5715095780331</ele>
      </trkpt>
      <trkpt lat="36.8785438" lon="138.2231793">
        <ele>690.5991834661465</ele>
      </trkpt>
      <trkpt lat="36.8785433" lon="138.2231918">
        <ele>690.6268573542599</ele>
      </trkpt>
      <trkpt lat="36.8785446" lon="138.2232035">
        <ele>690.5648915689543</ele>
      </trkpt>
      <trkpt lat="36.878546" lon="138.2232152">
        <ele>690.5186366286645</ele>
      </trkpt>
      <trkpt lat="36.8785476" lon="138.223227">
        <ele>690.4602796200008</ele>
      </trkpt>
      <trkpt lat="36.8785493" lon="138.2232388">
        <ele>690.3949740671338</ele>
      </trkpt>
      <trkpt lat="36.8785484" lon="138.2232511">
        <ele>690.4779912859345</ele>
      </trkpt>
      <trkpt lat="36.8785475" lon="138.2232634">
        <ele>690.5617599235878</ele>
      </trkpt>
      <trkpt lat="36.8785448" lon="138.2232779">
        <ele>690.7565350005912</ele>
      </trkpt>
      <trkpt lat="36.8785422" lon="138.2232924">
        <ele>690.9683755816895</ele>
      </trkpt>
      <trkpt lat="36.8785388" lon="138.2233079">
        <ele>691.2567563945431</ele>
      </trkpt>
      <trkpt lat="36.8785354" lon="138.2233234">
        <ele>691.5451371990148</ele>
      </trkpt>
      <trkpt lat="36.8785306" lon="138.2233397">
        <ele>691.9197434614416</ele>
      </trkpt>
      <trkpt lat="36.8785258" lon="138.223356">
        <ele>692.2943497071046</ele>
      </trkpt>
      <trkpt lat="36.8785204" lon="138.2233726">
        <ele>692.7144490405922</ele>
      </trkpt>
      <trkpt lat="36.8785151" lon="138.2233892">
        <ele>693.1933935897431</ele>
      </trkpt>
      <trkpt lat="36.8785104" lon="138.2234055">
        <ele>693.6328376149767</ele>
      </trkpt>
      <trkpt lat="36.8785058" lon="138.2234219">
        <ele>694.0670963069898</ele>
      </trkpt>
      <trkpt lat="36.8785023" lon="138.2234375">
        <ele>694.4266072360808</ele>
      </trkpt>
      <trkpt lat="36.8784988" lon="138.2234532">
        <ele>694.7870502220478</ele>
      </trkpt>
      <trkpt lat="36.8784966" lon="138.2234676">
        <ele>695.0961661973823</ele>
      </trkpt>
      <trkpt lat="36.8784945" lon="138.2234821">
        <ele>695.4176202319215</ele>
      </trkpt>
      <trkpt lat="36.8784934" lon="138.223495">
        <ele>695.6569827642751</ele>
      </trkpt>
      <trkpt lat="36.8784924" lon="138.223508">
        <ele>695.8919557071055</ele>
      </trkpt>
      <trkpt lat="36.8784922" lon="138.223519">
        <ele>696.0509197429113</ele>
      </trkpt>
      <trkpt lat="36.8784921" lon="138.2235301">
        <ele>696.2050502633019</ele>
      </trkpt>
      <trkpt lat="36.8784928" lon="138.2235402">
        <ele>696.2958276834229</ele>
      </trkpt>
      <trkpt lat="36.8784935" lon="138.2235503">
        <ele>696.394675564383</ele>
      </trkpt>
      <trkpt lat="36.8784951" lon="138.2235608">
        <ele>696.4458856418642</ele>
      </trkpt>
      <trkpt lat="36.8784967" lon="138.2235713">
        <ele>696.4965255364446</ele>
      </trkpt>
      <trkpt lat="36.8784991" lon="138.2235833">
        <ele>696.5175235845744</ele>
      </trkpt>
      <trkpt lat="36.8785015" lon="138.2235954">
        <ele>696.5389772399681</ele>
      </trkpt>
      <trkpt lat="36.8785036" lon="138.2236091">
        <ele>696.6014339444523</ele>
      </trkpt>
      <trkpt lat="36.8785057" lon="138.2236229">
        <ele>696.6643401474652</ele>
      </trkpt>
      <trkpt lat="36.8785073" lon="138.2236378">
        <ele>696.7923263316048</ele>
      </trkpt>
      <trkpt lat="36.8785089" lon="138.2236528">
        <ele>696.9344550750224</ele>
      </trkpt>
      <trkpt lat="36.8785101" lon="138.2236689">
        <ele>697.1201608655048</ele>
      </trkpt>
      <trkpt lat="36.8785113" lon="138.223685">
        <ele>697.3058666549628</ele>
      </trkpt>
      <trkpt lat="36.8785127" lon="138.2237014">
        <ele>697.4836484233853</ele>
      </trkpt>
      <trkpt lat="36.8785142" lon="138.2237179">
        <ele>697.6598192022878</ele>
      </trkpt>
      <trkpt lat="36.8785158" lon="138.2237339">
        <ele>697.8352721936578</ele>
      </trkpt>
      <trkpt lat="36.8785175" lon="138.2237499">
        <ele>698.0052448589742</ele>
      </trkpt>
      <trkpt lat="36.878519" lon="138.2237659">
        <ele>698.1887847124557</ele>
      </trkpt>
      <trkpt lat="36.8785206" lon="138.2237819">
        <ele>698.3668442416463</ele>
      </trkpt>
      <trkpt lat="36.8785212" lon="138.2237986">
        <ele>698.6206724435928</ele>
      </trkpt>
      <trkpt lat="36.8785218" lon="138.2238153">
        <ele>698.8748407207815</ele>
      </trkpt>
      <trkpt lat="36.8785214" lon="138.2238312">
        <ele>699.1774761305708</ele>
      </trkpt>
      <trkpt lat="36.878521" lon="138.2238471">
        <ele>699.4798956849413</ele>
      </trkpt>
      <trkpt lat="36.8785199" lon="138.2238619">
        <ele>699.8060173559275</ele>
      </trkpt>
      <trkpt lat="36.8785189" lon="138.2238767">
        <ele>700.1254524938888</ele>
      </trkpt>
      <trkpt lat="36.8785154" lon="138.2238916">
        <ele>700.5869361471276</ele>
      </trkpt>
      <trkpt lat="36.878512" lon="138.2239066">
        <ele>701.0192518432508</ele>
      </trkpt>
      <trkpt lat="36.8785063" lon="138.2239226">
        <ele>701.6040439760434</ele>
      </trkpt>
      <trkpt lat="36.8785007" lon="138.2239387">
        <ele>702.1811901457497</ele>
      </trkpt>
      <trkpt lat="36.8784945" lon="138.2239549">
        <ele>702.7927528551745</ele>
      </trkpt>
      <trkpt lat="36.8784884" lon="138.2239711">
        <ele>703.3949328645566</ele>
      </trkpt>
      <trkpt lat="36.8784825" lon="138.2239864">
        <ele>703.9783020841663</ele>
      </trkpt>
      <trkpt lat="36.8784766" lon="138.2240017">
        <ele>704.5623693730455</ele>
      </trkpt>
      <trkpt lat="36.8784697" lon="138.2240159">
        <ele>705.1894932073548</ele>
      </trkpt>
      <trkpt lat="36.8784628" lon="138.2240302">
        <ele>705.8181316112175</ele>
      </trkpt>
      <trkpt lat="36.8784542" lon="138.2240442">
        <ele>706.543745507068</ele>
      </trkpt>
      <trkpt lat="36.8784456" lon="138.2240583">
        <ele>707.2246150967977</ele>
      </trkpt>
      <trkpt lat="36.8784363" lon="138.2240732">
        <ele>707.8950415348966</ele>
      </trkpt>
      <trkpt lat="36.8784271" lon="138.2240882">
        <ele>708.5565470167952</ele>
      </trkpt>
      <trkpt lat="36.8784191" lon="138.2241037">
        <ele>709.1551507565163</ele>
      </trkpt>
      <trkpt lat="36.8784112" lon="138.2241193">
        <ele>709.7453538477491</ele>
      </trkpt>
      <trkpt lat="36.8784034" lon="138.2241324">
        <ele>710.2991114435877</ele>
      </trkpt>
      <trkpt lat="36.8783956" lon="138.2241456">
        <ele>710.8507648058034</ele>
      </trkpt>
      <trkpt lat="36.8783861" lon="138.2241569">
        <ele>711.4673634124873</ele>
      </trkpt>
      <trkpt lat="36.8783767" lon="138.2241682">
        <ele>712.0243784778238</ele>
      </trkpt>
      <trkpt lat="36.8783657" lon="138.2241794">
        <ele>712.6382149674454</ele>
      </trkpt>
      <trkpt lat="36.8783547" lon="138.2241907">
        <ele>713.2446351909845</ele>
      </trkpt>
      <trkpt lat="36.878345" lon="138.2242023">
        <ele>713.7873273524137</ele>
      </trkpt>
      <trkpt lat="36.8783353" lon="138.2242139">
        <ele>714.3223817583796</ele>
      </trkpt>
      <trkpt lat="36.878328" lon="138.2242258">
        <ele>714.7471454578498</ele>
      </trkpt>
      <trkpt lat="36.8783208" lon="138.2242378">
        <ele>715.1525626494206</ele>
      </trkpt>
      <trkpt lat="36.8783149" lon="138.2242502">
        <ele>715.4829861592243</ele>
      </trkpt>
      <trkpt lat="36.878309" lon="138.2242626">
        <ele>715.760233152072</ele>
      </trkpt>
      <trkpt lat="36.8783041" lon="138.224274">
        <ele>715.993965798082</ele>
      </trkpt>
      <trkpt lat="36.8782993" lon="138.2242854">
        <ele>716.2207454119454</ele>
      </trkpt>
      <trkpt lat="36.8782962" lon="138.2242952">
        <ele>716.3806235270708</ele>
      </trkpt>
      <trkpt lat="36.8782931" lon="138.2243051">
        <ele>716.5390603653</ele>
      </trkpt>
      <trkpt lat="36.878291" lon="138.2243144">
        <ele>716.6611228487504</ele>
      </trkpt>
      <trkpt lat="36.878289" lon="138.2243237">
        <ele>716.7788283246897</ele>
      </trkpt>
      <trkpt lat="36.8782901" lon="138.2243336">
        <ele>716.8059423921118</ele>
      </trkpt>
      <trkpt lat="36.8782913" lon="138.2243436">
        <ele>716.8314462848373</ele>
      </trkpt>
      <trkpt lat="36.8782951" lon="138.2243547">
        <ele>716.7884926532547</ele>
      </trkpt>
      <trkpt lat="36.8782989" lon="138.2243659">
        <ele>716.7490426957561</ele>
      </trkpt>
      <trkpt lat="36.8783042" lon="138.2243773">
        <ele>716.6710471862942</ele>
      </trkpt>
      <trkpt lat="36.8783095" lon="138.2243888">
        <ele>716.5978294267298</ele>
      </trkpt>
      <trkpt lat="36.8783154" lon="138.2243995">
        <ele>716.5065481747306</ele>
      </trkpt>
      <trkpt lat="36.8783214" lon="138.2244102">
        <ele>716.3648348707475</ele>
      </trkpt>
      <trkpt lat="36.8783267" lon="138.2244199">
        <ele>716.2380407475832</ele>
      </trkpt>
      <trkpt lat="36.8783321" lon="138.2244296">
        <ele>716.1091065649169</ele>
      </trkpt>
      <trkpt lat="36.8783366" lon="138.22444">
        <ele>716.0227177831355</ele>
      </trkpt>
      <trkpt lat="36.8783412" lon="138.2244504">
        <ele>715.9340677811067</ele>
      </trkpt>
      <trkpt lat="36.8783441" lon="138.2244626">
        <ele>715.9277183881343</ele>
      </trkpt>
      <trkpt lat="36.8783471" lon="138.2244748">
        <ele>715.9187615997839</ele>
      </trkpt>
      <trkpt lat="36.878347" lon="138.2244886">
        <ele>716.0438544244704</ele>
      </trkpt>
      <trkpt lat="36.8783469" lon="138.2245025">
        <ele>716.1844537071643</ele>
      </trkpt>
      <trkpt lat="36.8783444" lon="138.2245161">
        <ele>716.4117673768536</ele>
      </trkpt>
      <trkpt lat="36.878342" lon="138.2245297">
        <ele>716.6342121093369</ele>
      </trkpt>
      <trkpt lat="36.8783397" lon="138.2245427">
        <ele>716.8460247845637</ele>
      </trkpt>
      <trkpt lat="36.8783374" lon="138.2245558">
        <ele>717.0577908271039</ele>
      </trkpt>
      <trkpt lat="36.8783357" lon="138.2245697">
        <ele>717.2543655771209</ele>
      </trkpt>
      <trkpt lat="36.8783341" lon="138.2245836">
        <ele>717.4375131476612</ele>
      </trkpt>
      <trkpt lat="36.8783331" lon="138.2245979">
        <ele>717.5984302390259</ele>
      </trkpt>
      <trkpt lat="36.8783321" lon="138.2246122">
        <ele>717.7583766662906</ele>
      </trkpt>
      <trkpt lat="36.8783314" lon="138.2246275">
        <ele>717.9156456287417</ele>
      </trkpt>
      <trkpt lat="36.8783308" lon="138.2246428">
        <ele>718.0687827589954</ele>
      </trkpt>
      <trkpt lat="36.8783293" lon="138.2246589">
        <ele>718.2583550680852</ele>
      </trkpt>
      <trkpt lat="36.8783278" lon="138.224675">
        <ele>718.4586203076185</ele>
      </trkpt>
      <trkpt lat="36.8783259" lon="138.2246913">
        <ele>718.6741970805224</ele>
      </trkpt>
      <trkpt lat="36.8783241" lon="138.2247077">
        <ele>718.8873559322677</ele>
      </trkpt>
      <trkpt lat="36.8783213" lon="138.2247246">
        <ele>719.1386749932544</ele>
      </trkpt>
      <trkpt lat="36.8783186" lon="138.2247416">
        <ele>719.3875761301956</ele>
      </trkpt>
      <trkpt lat="36.8783149" lon="138.2247578">
        <ele>719.6175759383333</ele>
      </trkpt>
      <trkpt lat="36.8783112" lon="138.224774">
        <ele>719.8094860865357</ele>
      </trkpt>
      <trkpt lat="36.8783079" lon="138.2247886">
        <ele>719.9799697459327</ele>
      </trkpt>
      <trkpt lat="36.8783047" lon="138.2248032">
        <ele>720.1467325416714</ele>
      </trkpt>
      <trkpt lat="36.8783027" lon="138.2248168">
        <ele>720.2804164688082</ele>
      </trkpt>
      <trkpt lat="36.8783007" lon="138.2248305">
        <ele>720.4138501066934</ele>
      </trkpt>
      <trkpt lat="36.8782986" lon="138.2248442">
        <ele>720.5443315602168</ele>
      </trkpt>
      <trkpt lat="36.8782965" lon="138.224858">
        <ele>720.6734591858909</ele>
      </trkpt>
      <trkpt lat="36.8782935" lon="138.2248723">
        <ele>720.8208253274801</ele>
      </trkpt>
      <trkpt lat="36.8782906" lon="138.2248867">
        <ele>720.9640427143527</ele>
      </trkpt>
      <trkpt lat="36.8782882" lon="138.2249029">
        <ele>721.1063022120925</ele>
      </trkpt>
      <trkpt lat="36.8782859" lon="138.2249191">
        <ele>721.238027734681</ele>
      </trkpt>
      <trkpt lat="36.8782845" lon="138.2249352">
        <ele>721.3201178619655</ele>
      </trkpt>
      <trkpt lat="36.8782831" lon="138.2249514">
        <ele>721.4010319266557</ele>
      </trkpt>
      <trkpt lat="36.8782826" lon="138.2249677">
        <ele>721.4665905084886</ele>
      </trkpt>
      <trkpt lat="36.8782822" lon="138.224984">
        <ele>721.5300772936722</ele>
      </trkpt>
      <trkpt lat="36.8782821" lon="138.2250019">
        <ele>721.5943401405859</ele>
      </trkpt>
      <trkpt lat="36.8782821" lon="138.2250198">
        <ele>721.636682395595</ele>
      </trkpt>
      <trkpt lat="36.8782819" lon="138.2250385">
        <ele>721.6831110243558</ele>
      </trkpt>
      <trkpt lat="36.8782818" lon="138.2250573">
        <ele>721.7282486364218</ele>
      </trkpt>
      <trkpt lat="36.8782824" lon="138.2250762">
        <ele>721.7650516334745</ele>
      </trkpt>
      <trkpt lat="36.8782831" lon="138.2250952">
        <ele>721.7891906051616</ele>
      </trkpt>
      <trkpt lat="36.8782843" lon="138.2251146">
        <ele>721.787474946329</ele>
      </trkpt>
      <trkpt lat="36.8782856" lon="138.2251341">
        <ele>721.7855267327866</ele>
      </trkpt>
      <trkpt lat="36.8782857" lon="138.2251546">
        <ele>721.7977366514128</ele>
      </trkpt>
      <trkpt lat="36.8782859" lon="138.2251752">
        <ele>721.8077813114531</ele>
      </trkpt>
      <trkpt lat="36.8782853" lon="138.2251972">
        <ele>721.8049589751759</ele>
      </trkpt>
      <trkpt lat="36.8782848" lon="138.2252193">
        <ele>721.7999604375995</ele>
      </trkpt>
      <trkpt lat="36.8782852" lon="138.2252412">
        <ele>721.7878331231443</ele>
      </trkpt>
      <trkpt lat="36.8782857" lon="138.2252631">
        <ele>721.7700120640914</ele>
      </trkpt>
      <trkpt lat="36.8782868" lon="138.2252827">
        <ele>721.7213787317353</ele>
      </trkpt>
      <trkpt lat="36.878288" lon="138.2253024">
        <ele>721.6735585696603</ele>
      </trkpt>
      <trkpt lat="36.8782901" lon="138.2253205">
        <ele>721.6272809866966</ele>
      </trkpt>
      <trkpt lat="36.8782922" lon="138.2253387">
        <ele>721.5833857299771</ele>
      </trkpt>
      <trkpt lat="36.8782959" lon="138.2253576">
        <ele>721.5605594542119</ele>
      </trkpt>
      <trkpt lat="36.8782996" lon="138.2253765">
        <ele>721.5581513453928</ele>
      </trkpt>
      <trkpt lat="36.8783039" lon="138.2253962">
        <ele>721.5630701760605</ele>
      </trkpt>
      <trkpt lat="36.8783082" lon="138.2254159">
        <ele>721.5766139955799</ele>
      </trkpt>
      <trkpt lat="36.8783111" lon="138.2254358">
        <ele>721.5970013394959</ele>
      </trkpt>
      <trkpt lat="36.878314" lon="138.2254558">
        <ele>721.6235076523226</ele>
      </trkpt>
      <trkpt lat="36.8783142" lon="138.2254761">
        <ele>721.6462833991473</ele>
      </trkpt>
      <trkpt lat="36.8783144" lon="138.2254964">
        <ele>721.6693347330021</ele>
      </trkpt>
      <trkpt lat="36.8783138" lon="138.2255159">
        <ele>721.6883128615528</ele>
      </trkpt>
      <trkpt lat="36.8783132" lon="138.2255354">
        <ele>721.7276163558709</ele>
      </trkpt>
      <trkpt lat="36.8783129" lon="138.2255543">
        <ele>721.7680869914993</ele>
      </trkpt>
      <trkpt lat="36.8783127" lon="138.2255732">
        <ele>721.8087995229865</ele>
      </trkpt>
      <trkpt lat="36.8783137" lon="138.2255921">
        <ele>721.857546422923</ele>
      </trkpt>
      <trkpt lat="36.8783148" lon="138.225611">
        <ele>721.9177098989112</ele>
      </trkpt>
      <trkpt lat="36.8783164" lon="138.2256306">
        <ele>721.9951909113322</ele>
      </trkpt>
      <trkpt lat="36.878318" lon="138.2256502">
        <ele>722.0594413555598</ele>
      </trkpt>
      <trkpt lat="36.8783205" lon="138.2256702">
        <ele>722.1253825223312</ele>
      </trkpt>
      <trkpt lat="36.878323" lon="138.2256903">
        <ele>722.1982726978879</ele>
      </trkpt>
      <trkpt lat="36.8783264" lon="138.2257098">
        <ele>722.3138684117137</ele>
      </trkpt>
      <trkpt lat="36.8783298" lon="138.2257294">
        <ele>722.4345934006129</ele>
      </trkpt>
      <trkpt lat="36.8783335" lon="138.2257493">
        <ele>722.5619408876357</ele>
      </trkpt>
      <trkpt lat="36.8783373" lon="138.2257692">
        <ele>722.694413039572</ele>
      </trkpt>
      <trkpt lat="36.8783412" lon="138.2257889">
        <ele>722.847345693161</ele>
      </trkpt>
      <trkpt lat="36.8783452" lon="138.2258086">
        <ele>723.0122376568423</ele>
      </trkpt>
      <trkpt lat="36.8783489" lon="138.2258272">
        <ele>723.1725835800684</ele>
      </trkpt>
      <trkpt lat="36.8783526" lon="138.2258458">
        <ele>723.337600908985</ele>
      </trkpt>
      <trkpt lat="36.8783564" lon="138.2258647">
        <ele>723.5122239990961</ele>
      </trkpt>
      <trkpt lat="36.8783603" lon="138.2258837">
        <ele>723.6987334206168</ele>
      </trkpt>
      <trkpt lat="36.8783659" lon="138.2259033">
        <ele>723.9018006912705</ele>
      </trkpt>
      <trkpt lat="36.8783716" lon="138.2259229">
        <ele>724.1091358253195</ele>
      </trkpt>
      <trkpt lat="36.8783787" lon="138.2259433">
        <ele>724.3356997351683</ele>
      </trkpt>
      <trkpt lat="36.8783859" lon="138.2259637">
        <ele>724.5597108439157</ele>
      </trkpt>
      <trkpt lat="36.8783933" lon="138.2259834">
        <ele>724.7375638313285</ele>
      </trkpt>
      <trkpt lat="36.8784007" lon="138.2260032">
        <ele>724.9213235573092</ele>
      </trkpt>
      <trkpt lat="36.8784063" lon="138.2260215">
        <ele>725.0958103051918</ele>
      </trkpt>
      <trkpt lat="36.8784119" lon="138.2260398">
        <ele>725.2719271070868</ele>
      </trkpt>
      <trkpt lat="36.8784165" lon="138.226057">
        <ele>725.4417356739151</ele>
      </trkpt>
      <trkpt lat="36.8784212" lon="138.2260743">
        <ele>725.6208145236258</ele>
      </trkpt>
      <trkpt lat="36.8784258" lon="138.2260925">
        <ele>725.8170890983421</ele>
      </trkpt>
      <trkpt lat="36.8784304" lon="138.2261107">
        <ele>726.0218878763231</ele>
      </trkpt>
      <trkpt lat="36.8784339" lon="138.2261304">
        <ele>726.2068321717301</ele>
      </trkpt>
      <trkpt lat="36.8784375" lon="138.2261502">
        <ele>726.3748310148827</ele>
      </trkpt>
      <trkpt lat="36.8784407" lon="138.2261716">
        <ele>726.5575724107607</ele>
      </trkpt>
      <trkpt lat="36.8784439" lon="138.226193">
        <ele>726.7449621392235</ele>
      </trkpt>
      <trkpt lat="36.8784477" lon="138.2262151">
        <ele>726.9449744924678</ele>
      </trkpt>
      <trkpt lat="36.8784515" lon="138.2262373">
        <ele>727.1536521842795</ele>
      </trkpt>
      <trkpt lat="36.8784563" lon="138.2262586">
        <ele>727.3444524091116</ele>
      </trkpt>
      <trkpt lat="36.8784612" lon="138.22628">
        <ele>727.5192073549053</ele>
      </trkpt>
      <trkpt lat="36.8784668" lon="138.2263008">
        <ele>727.6461375921706</ele>
      </trkpt>
      <trkpt lat="36.8784725" lon="138.2263217">
        <ele>727.7426671575975</ele>
      </trkpt>
      <trkpt lat="36.8784781" lon="138.2263428">
        <ele>727.8520073103355</ele>
      </trkpt>
      <trkpt lat="36.8784837" lon="138.226364">
        <ele>727.9738818258476</ele>
      </trkpt>
      <trkpt lat="36.8784887" lon="138.2263856">
        <ele>728.1010502424449</ele>
      </trkpt>
      <trkpt lat="36.8784937" lon="138.2264073">
        <ele>728.230090870555</ele>
      </trkpt>
      <trkpt lat="36.8784987" lon="138.22643">
        <ele>728.371527442151</ele>
      </trkpt>
      <trkpt lat="36.8785038" lon="138.2264527">
        <ele>728.521366948574</ele>
      </trkpt>
      <trkpt lat="36.8785088" lon="138.2264747">
        <ele>728.6560436242958</ele>
      </trkpt>
      <trkpt lat="36.8785138" lon="138.2264968">
        <ele>728.7894899328203</ele>
      </trkpt>
      <trkpt lat="36.8785183" lon="138.2265178">
        <ele>728.9241691399131</ele>
      </trkpt>
      <trkpt lat="36.8785229" lon="138.2265389">
        <ele>729.0610144897217</ele>
      </trkpt>
      <trkpt lat="36.8785267" lon="138.2265605">
        <ele>729.1628244890526</ele>
      </trkpt>
      <trkpt lat="36.8785306" lon="138.2265821">
        <ele>729.2674793868553</ele>
      </trkpt>
      <trkpt lat="36.8785339" lon="138.2266032">
        <ele>729.3719882304131</ele>
      </trkpt>
      <trkpt lat="36.8785372" lon="138.2266243">
        <ele>729.4788602734154</ele>
      </trkpt>
      <trkpt lat="36.8785407" lon="138.226644">
        <ele>729.6127618080865</ele>
      </trkpt>
      <trkpt lat="36.8785442" lon="138.2266637">
        <ele>729.770489006785</ele>
      </trkpt>
      <trkpt lat="36.8785476" lon="138.2266822">
        <ele>729.9165483169056</ele>
      </trkpt>
      <trkpt lat="36.878551" lon="138.2267007">
        <ele>730.0604728396584</ele>
      </trkpt>
      <trkpt lat="36.8785537" lon="138.2267181">
        <ele>730.1938847460724</ele>
      </trkpt>
      <trkpt lat="36.8785565" lon="138.2267355">
        <ele>730.3643867846204</ele>
      </trkpt>
      <trkpt lat="36.8785594" lon="138.2267522">
        <ele>730.5314282735444</ele>
      </trkpt>
      <trkpt lat="36.8785623" lon="138.2267689">
        <ele>730.7001134473178</ele>
      </trkpt>
      <trkpt lat="36.8785659" lon="138.2267857">
        <ele>730.8722409775078</ele>
      </trkpt>
      <trkpt lat="36.8785696" lon="138.2268025">
        <ele>731.0465630256119</ele>
      </trkpt>
      <trkpt lat="36.8785741" lon="138.2268202">
        <ele>731.2422862850369</ele>
      </trkpt>
      <trkpt lat="36.8785787" lon="138.2268379">
        <ele>731.4369995555165</ele>
      </trkpt>
      <trkpt lat="36.8785838" lon="138.2268581">
        <ele>731.6557558562979</ele>
      </trkpt>
      <trkpt lat="36.878589" lon="138.2268783">
        <ele>731.8710365319312</ele>
      </trkpt>
      <trkpt lat="36.8785938" lon="138.2269002">
        <ele>732.083159471248</ele>
      </trkpt>
      <trkpt lat="36.8785986" lon="138.2269222">
        <ele>732.2984766921002</ele>
      </trkpt>
      <trkpt lat="36.8786019" lon="138.2269462">
        <ele>732.5564920341938</ele>
      </trkpt>
      <trkpt lat="36.8786053" lon="138.2269703">
        <ele>732.8116302837326</ele>
      </trkpt>
      <trkpt lat="36.878607" lon="138.2269947">
        <ele>733.0717026632785</ele>
      </trkpt>
      <trkpt lat="36.8786087" lon="138.2270192">
        <ele>733.3244010923559</ele>
      </trkpt>
      <trkpt lat="36.8786091" lon="138.2270433">
        <ele>733.5915696682864</ele>
      </trkpt>
      <trkpt lat="36.8786096" lon="138.2270675">
        <ele>733.8640786517572</ele>
      </trkpt>
      <trkpt lat="36.8786087" lon="138.2270912">
        <ele>734.1751015149027</ele>
      </trkpt>
      <trkpt lat="36.8786078" lon="138.2271149">
        <ele>734.4868483064906</ele>
      </trkpt>
      <trkpt lat="36.878607" lon="138.227137">
        <ele>734.7775226752276</ele>
      </trkpt>
      <trkpt lat="36.8786062" lon="138.2271592">
        <ele>735.0599885017616</ele>
      </trkpt>
      <trkpt lat="36.8786065" lon="138.2271791">
        <ele>735.2865968285134</ele>
      </trkpt>
      <trkpt lat="36.8786069" lon="138.227199">
        <ele>735.5114573297096</ele>
      </trkpt>
      <trkpt lat="36.8786084" lon="138.2272198">
        <ele>735.7275775045161</ele>
      </trkpt>
      <trkpt lat="36.87861" lon="138.2272406">
        <ele>735.9397580903258</ele>
      </trkpt>
      <trkpt lat="36.8786121" lon="138.2272606">
        <ele>736.128589039098</ele>
      </trkpt>
      <trkpt lat="36.8786143" lon="138.2272807">
        <ele>736.3152925723828</ele>
      </trkpt>
      <trkpt lat="36.8786168" lon="138.2273009">
        <ele>736.4960320727566</ele>
      </trkpt>
      <trkpt lat="36.8786193" lon="138.2273212">
        <ele>736.6741556323715</ele>
      </trkpt>
      <trkpt lat="36.8786213" lon="138.2273425">
        <ele>736.8459052657643</ele>
      </trkpt>
      <trkpt lat="36.8786233" lon="138.2273639">
        <ele>737.0200880024702</ele>
      </trkpt>
      <trkpt lat="36.8786244" lon="138.227386">
        <ele>737.2186870913417</ele>
      </trkpt>
      <trkpt lat="36.8786256" lon="138.2274081">
        <ele>737.4148590428761</ele>
      </trkpt>
      <trkpt lat="36.8786258" lon="138.2274299">
        <ele>737.6145541171549</ele>
      </trkpt>
      <trkpt lat="36.8786261" lon="138.2274518">
        <ele>737.8134334327659</ele>
      </trkpt>
      <trkpt lat="36.878625" lon="138.2274731">
        <ele>738.0311899122789</ele>
      </trkpt>
      <trkpt lat="36.878624" lon="138.2274944">
        <ele>738.2383427893202</ele>
      </trkpt>
      <trkpt lat="36.8786224" lon="138.2275161">
        <ele>738.4042884989547</ele>
      </trkpt>
      <trkpt lat="36.8786208" lon="138.2275378">
        <ele>738.5690558313247</ele>
      </trkpt>
      <trkpt lat="36.8786181" lon="138.2275596">
        <ele>738.7512282139019</ele>
      </trkpt>
      <trkpt lat="36.8786155" lon="138.2275814">
        <ele>738.923166293745</ele>
      </trkpt>
      <trkpt lat="36.8786129" lon="138.2276026">
        <ele>739.0636219772751</ele>
      </trkpt>
      <trkpt lat="36.8786104" lon="138.2276239">
        <ele>739.202941519046</ele>
      </trkpt>
      <trkpt lat="36.8786098" lon="138.2276446">
        <ele>739.3090235536924</ele>
      </trkpt>
      <trkpt lat="36.8786092" lon="138.2276653">
        <ele>739.4086211125115</ele>
      </trkpt>
      <trkpt lat="36.8786094" lon="138.2276848">
        <ele>739.4404869367729</ele>
      </trkpt>
      <trkpt lat="36.8786096" lon="138.2277043">
        <ele>739.4726174887782</ele>
      </trkpt>
      <trkpt lat="36.8786097" lon="138.2277238">
        <ele>739.5064087264903</ele>
      </trkpt>
      <trkpt lat="36.8786098" lon="138.2277433">
        <ele>739.5403323276369</ele>
      </trkpt>
      <trkpt lat="36.8786103" lon="138.2277636">
        <ele>739.5610289384623</ele>
      </trkpt>
      <trkpt lat="36.8786108" lon="138.227784">
        <ele>739.5782423133508</ele>
      </trkpt>
      <trkpt lat="36.878612" lon="138.2278047">
        <ele>739.5866291269904</ele>
      </trkpt>
      <trkpt lat="36.8786132" lon="138.2278255">
        <ele>739.5951324487814</ele>
      </trkpt>
      <trkpt lat="36.8786154" lon="138.2278461">
        <ele>739.5599853470646</ele>
      </trkpt>
      <trkpt lat="36.8786176" lon="138.2278668">
        <ele>739.5026184865551</ele>
      </trkpt>
      <trkpt lat="36.8786209" lon="138.2278891">
        <ele>739.433802778846</ele>
      </trkpt>
      <trkpt lat="36.8786242" lon="138.2279115">
        <ele>739.3698627468887</ele>
      </trkpt>
      <trkpt lat="36.8786281" lon="138.2279354">
        <ele>739.2925608547167</ele>
      </trkpt>
      <trkpt lat="36.878632" lon="138.2279593">
        <ele>739.2072427266423</ele>
      </trkpt>
      <trkpt lat="36.8786355" lon="138.2279818">
        <ele>739.1259587571916</ele>
      </trkpt>
      <trkpt lat="36.8786391" lon="138.2280043">
        <ele>739.0408403392863</ele>
      </trkpt>
      <trkpt lat="36.8786418" lon="138.2280258">
        <ele>738.9826379333631</ele>
      </trkpt>
      <trkpt lat="36.8786446" lon="138.2280474">
        <ele>738.924846009678</ele>
      </trkpt>
      <trkpt lat="36.8786469" lon="138.2280695">
        <ele>738.8722976319965</ele>
      </trkpt>
      <trkpt lat="36.8786493" lon="138.2280917">
        <ele>738.8184675272095</ele>
      </trkpt>
      <trkpt lat="36.878651" lon="138.2281144">
        <ele>738.7753834729843</ele>
      </trkpt>
      <trkpt lat="36.8786527" lon="138.2281372">
        <ele>738.7309693350793</ele>
      </trkpt>
      <trkpt lat="36.8786533" lon="138.2281581">
        <ele>738.7013392364275</ele>
      </trkpt>
      <trkpt lat="36.878654" lon="138.228179">
        <ele>738.6711077936696</ele>
      </trkpt>
      <trkpt lat="36.8786541" lon="138.228197">
        <ele>738.671419563544</ele>
      </trkpt>
      <trkpt lat="36.8786542" lon="138.228215">
        <ele>738.6716702426518</ele>
      </trkpt>
      <trkpt lat="36.8786535" lon="138.2282326">
        <ele>738.6830529621238</ele>
      </trkpt>
      <trkpt lat="36.8786529" lon="138.2282503">
        <ele>738.6934315256091</ele>
      </trkpt>
      <trkpt lat="36.8786512" lon="138.2282689">
        <ele>738.7159243430503</ele>
      </trkpt>
      <trkpt lat="36.8786496" lon="138.2282876">
        <ele>738.7271989573776</ele>
      </trkpt>
      <trkpt lat="36.8786476" lon="138.2283082">
        <ele>738.7471398285683</ele>
      </trkpt>
      <trkpt lat="36.8786457" lon="138.2283288">
        <ele>738.7694884605148</ele>
      </trkpt>
      <trkpt lat="36.8786438" lon="138.22835">
        <ele>738.7958831728491</ele>
      </trkpt>
      <trkpt lat="36.878642" lon="138.2283712">
        <ele>738.8425172600753</ele>
      </trkpt>
      <trkpt lat="36.8786396" lon="138.2283914">
        <ele>738.9032996981769</ele>
      </trkpt>
      <trkpt lat="36.8786373" lon="138.2284117">
        <ele>738.9653443554728</ele>
      </trkpt>
      <trkpt lat="36.8786332" lon="138.2284316">
        <ele>739.0693136302126</ele>
      </trkpt>
      <trkpt lat="36.8786292" lon="138.2284516">
        <ele>739.1931795491431</ele>
      </trkpt>
      <trkpt lat="36.878625" lon="138.2284721">
        <ele>739.3374184420563</ele>
      </trkpt>
      <trkpt lat="36.8786209" lon="138.2284926">
        <ele>739.4907738059424</ele>
      </trkpt>
      <trkpt lat="36.878618" lon="138.2285128">
        <ele>739.6221592457831</ele>
      </trkpt>
      <trkpt lat="36.8786152" lon="138.2285331">
        <ele>739.782392667221</ele>
      </trkpt>
      <trkpt lat="36.8786127" lon="138.2285523">
        <ele>739.9501264711979</ele>
      </trkpt>
      <trkpt lat="36.8786102" lon="138.2285716">
        <ele>740.1216350233611</ele>
      </trkpt>
      <trkpt lat="36.8786081" lon="138.2285892">
        <ele>740.2755021230239</ele>
      </trkpt>
      <trkpt lat="36.8786061" lon="138.2286068">
        <ele>740.4288206087485</ele>
      </trkpt>
      <trkpt lat="36.8786035" lon="138.2286238">
        <ele>740.6315414059841</ele>
      </trkpt>
      <trkpt lat="36.878601" lon="138.2286409">
        <ele>740.8384053634071</ele>
      </trkpt>
      <trkpt lat="36.8785979" lon="138.2286575">
        <ele>741.0676594817928</ele>
      </trkpt>
      <trkpt lat="36.8785949" lon="138.2286742">
        <ele>741.3011741917475</ele>
      </trkpt>
      <trkpt lat="36.8785915" lon="138.2286903">
        <ele>741.551135067235</ele>
      </trkpt>
      <trkpt lat="36.8785881" lon="138.2287065">
        <ele>741.7659030498556</ele>
      </trkpt>
      <trkpt lat="36.8785836" lon="138.2287211">
        <ele>741.9943559854136</ele>
      </trkpt>
      <trkpt lat="36.8785792" lon="138.2287357">
        <ele>742.2266592931029</ele>
      </trkpt>
      <trkpt lat="36.8785731" lon="138.2287491">
        <ele>742.5055637336027</ele>
      </trkpt>
      <trkpt lat="36.8785671" lon="138.2287626">
        <ele>742.7906347727446</ele>
      </trkpt>
      <trkpt lat="36.8785606" lon="138.2287774">
        <ele>743.1102605803968</ele>
      </trkpt>
      <trkpt lat="36.8785541" lon="138.2287923">
        <ele>743.4081351886674</ele>
      </trkpt>
      <trkpt lat="36.878547" lon="138.2288088">
        <ele>743.7352967610564</ele>
      </trkpt>
      <trkpt lat="36.87854" lon="138.2288253">
        <ele>744.0632967767209</ele>
      </trkpt>
      <trkpt lat="36.8785337" lon="138.2288423">
        <ele>744.3764548900795</ele>
      </trkpt>
      <trkpt lat="36.8785274" lon="138.2288593">
        <ele>744.69324789446</ele>
      </trkpt>
      <trkpt lat="36.8785222" lon="138.2288772">
        <ele>744.9261059360081</ele>
      </trkpt>
      <trkpt lat="36.8785171" lon="138.2288951">
        <ele>745.1021032645377</ele>
      </trkpt>
      <trkpt lat="36.8785127" lon="138.2289131">
        <ele>745.2594026781161</ele>
      </trkpt>
      <trkpt lat="36.8785084" lon="138.2289312">
        <ele>745.4143133659854</ele>
      </trkpt>
      <trkpt lat="36.8785036" lon="138.2289495">
        <ele>745.582798758662</ele>
      </trkpt>
      <trkpt lat="36.8784989" lon="138.2289679">
        <ele>745.715202981777</ele>
      </trkpt>
      <trkpt lat="36.878493" lon="138.2289856">
        <ele>745.8803692358725</ele>
      </trkpt>
      <trkpt lat="36.8784872" lon="138.2290033">
        <ele>746.046368431318</ele>
      </trkpt>
      <trkpt lat="36.8784795" lon="138.2290216">
        <ele>746.2683716468815</ele>
      </trkpt>
      <trkpt lat="36.8784718" lon="138.22904">
        <ele>746.4835617478938</ele>
      </trkpt>
      <trkpt lat="36.8784628" lon="138.2290596">
        <ele>746.6869551793675</ele>
      </trkpt>
      <trkpt lat="36.8784538" lon="138.2290792">
        <ele>746.8903485826222</ele>
      </trkpt>
      <trkpt lat="36.878446" lon="138.2290996">
        <ele>747.009577836859</ele>
      </trkpt>
      <trkpt lat="36.8784382" lon="138.22912">
        <ele>747.1370390006161</ele>
      </trkpt>
      <trkpt lat="36.8784327" lon="138.2291401">
        <ele>747.2323835430445</ele>
      </trkpt>
      <trkpt lat="36.8784273" lon="138.2291602">
        <ele>747.3269433237622</ele>
      </trkpt>
      <trkpt lat="36.878423" lon="138.2291799">
        <ele>747.3979365807967</ele>
      </trkpt>
      <trkpt lat="36.8784187" lon="138.2291997">
        <ele>747.4688133247903</ele>
      </trkpt>
      <trkpt lat="36.8784138" lon="138.2292189">
        <ele>747.5554667827168</ele>
      </trkpt>
      <trkpt lat="36.8784089" lon="138.2292381">
        <ele>747.6486241508987</ele>
      </trkpt>
      <trkpt lat="36.8784025" lon="138.2292574">
        <ele>747.7833892718111</ele>
      </trkpt>
      <trkpt lat="36.8783961" lon="138.2292767">
        <ele>747.9265387502494</ele>
      </trkpt>
      <trkpt lat="36.8783882" lon="138.229296">
        <ele>748.1154505430502</ele>
      </trkpt>
      <trkpt lat="36.8783803" lon="138.2293153">
        <ele>748.2735809357483</ele>
      </trkpt>
      <trkpt lat="36.878372" lon="138.229334">
        <ele>748.413644741468</ele>
      </trkpt>
      <trkpt lat="36.8783637" lon="138.2293527">
        <ele>748.5589762521596</ele>
      </trkpt>
      <trkpt lat="36.8783562" lon="138.2293708">
        <ele>748.6954138566259</ele>
      </trkpt>
      <trkpt lat="36.8783487" lon="138.229389">
        <ele>748.8199070658545</ele>
      </trkpt>
      <trkpt lat="36.8783416" lon="138.2294067">
        <ele>748.9233802881569</ele>
      </trkpt>
      <trkpt lat="36.8783345" lon="138.2294245">
        <ele>749.0267369902704</ele>
      </trkpt>
      <trkpt lat="36.8783256" lon="138.2294396">
        <ele>749.1647001605027</ele>
      </trkpt>
      <trkpt lat="36.8783168" lon="138.2294547">
        <ele>749.3009154930256</ele>
      </trkpt>
      <trkpt lat="36.8783065" lon="138.2294674">
        <ele>749.3857932787463</ele>
      </trkpt>
      <trkpt lat="36.8782963" lon="138.2294802">
        <ele>749.4805659412788</ele>
      </trkpt>
      <trkpt lat="36.8782858" lon="138.2294914">
        <ele>749.5686010005485</ele>
      </trkpt>
      <trkpt lat="36.8782753" lon="138.2295026">
        <ele>749.648653531978</ele>
      </trkpt>
      <trkpt lat="36.8782642" lon="138.2295153">
        <ele>749.7240868680437</ele>
      </trkpt>
      <trkpt lat="36.8782531" lon="138.229528">
        <ele>749.7899513574798</ele>
      </trkpt>
      <trkpt lat="36.878242" lon="138.2295435">
        <ele>749.8004026297873</ele>
      </trkpt>
      <trkpt lat="36.878231" lon="138.229559">
        <ele>749.7806578244491</ele>
      </trkpt>
      <trkpt lat="36.8782224" lon="138.2295763">
        <ele>749.7713211489354</ele>
      </trkpt>
      <trkpt lat="36.8782138" lon="138.2295937">
        <ele>749.7518877276209</ele>
      </trkpt>
      <trkpt lat="36.8782078" lon="138.2296112">
        <ele>749.7313412811345</ele>
      </trkpt>
      <trkpt lat="36.8782018" lon="138.2296287">
        <ele>749.7036675966311</ele>
      </trkpt>
      <trkpt lat="36.8781963" lon="138.2296466">
        <ele>749.7094263626735</ele>
      </trkpt>
      <trkpt lat="36.8781908" lon="138.2296646">
        <ele>749.7483084459564</ele>
      </trkpt>
      <trkpt lat="36.8781847" lon="138.2296832">
        <ele>749.7866659585861</ele>
      </trkpt>
      <trkpt lat="36.8781787" lon="138.2297019">
        <ele>749.8248092650199</ele>
      </trkpt>
      <trkpt lat="36.8781714" lon="138.2297199">
        <ele>749.7923755601756</ele>
      </trkpt>
      <trkpt lat="36.8781641" lon="138.229738">
        <ele>749.8120696511362</ele>
      </trkpt>
      <trkpt lat="36.8781558" lon="138.2297546">
        <ele>749.8193105335122</ele>
      </trkpt>
      <trkpt lat="36.8781475" lon="138.2297713">
        <ele>749.8272504782774</ele>
      </trkpt>
      <trkpt lat="36.8781376" lon="138.2297869">
        <ele>749.8065270948925</ele>
      </trkpt>
      <trkpt lat="36.8781277" lon="138.2298026">
        <ele>749.7865027787166</ele>
      </trkpt>
      <trkpt lat="36.8781161" lon="138.2298189">
        <ele>749.7954231968152</ele>
      </trkpt>
      <trkpt lat="36.8781045" lon="138.2298353">
        <ele>749.803994175768</ele>
      </trkpt>
      <trkpt lat="36.878092" lon="138.2298534">
        <ele>749.7893894176265</ele>
      </trkpt>
      <trkpt lat="36.8780796" lon="138.2298716">
        <ele>749.7854674627589</ele>
      </trkpt>
      <trkpt lat="36.8780667" lon="138.22989">
        <ele>749.7829024965645</ele>
      </trkpt>
      <trkpt lat="36.8780539" lon="138.2299084">
        <ele>749.8382192918295</ele>
      </trkpt>
      <trkpt lat="36.8780415" lon="138.2299265">
        <ele>749.9196027753889</ele>
      </trkpt>
      <trkpt lat="36.8780291" lon="138.2299447">
        <ele>749.9636160301988</ele>
      </trkpt>
      <trkpt lat="36.8780175" lon="138.2299625">
        <ele>750.017417770346</ele>
      </trkpt>
      <trkpt lat="36.878006" lon="138.2299803">
        <ele>750.0732586600831</ele>
      </trkpt>
      <trkpt lat="36.8779948" lon="138.2299982">
        <ele>750.19221802061</ele>
      </trkpt>
      <trkpt lat="36.8779837" lon="138.2300162">
        <ele>750.3224172992684</ele>
      </trkpt>
      <trkpt lat="36.8779724" lon="138.2300347">
        <ele>750.4643444827766</ele>
      </trkpt>
      <trkpt lat="36.8779612" lon="138.2300533">
        <ele>750.5880506027029</ele>
      </trkpt>
      <trkpt lat="36.8779504" lon="138.2300717">
        <ele>750.7102424157088</ele>
      </trkpt>
      <trkpt lat="36.8779397" lon="138.2300901">
        <ele>750.8194735816452</ele>
      </trkpt>
      <trkpt lat="36.8779288" lon="138.2301076">
        <ele>750.9075580385752</ele>
      </trkpt>
      <trkpt lat="36.877918" lon="138.2301251">
        <ele>750.9978272923507</ele>
      </trkpt>
      <trkpt lat="36.8779067" lon="138.2301419">
        <ele>751.0641238214921</ele>
      </trkpt>
      <trkpt lat="36.8778955" lon="138.2301588">
        <ele>751.1091537959647</ele>
      </trkpt>
      <trkpt lat="36.8778845" lon="138.2301758">
        <ele>751.1536897784571</ele>
      </trkpt>
      <trkpt lat="36.8778736" lon="138.2301929">
        <ele>751.2025659977697</ele>
      </trkpt>
      <trkpt lat="36.877863" lon="138.2302098">
        <ele>751.255142173451</ele>
      </trkpt>
      <trkpt lat="36.8778524" lon="138.2302267">
        <ele>751.3077183866878</ele>
      </trkpt>
      <trkpt lat="36.8778417" lon="138.2302439">
        <ele>751.3558697936483</ele>
      </trkpt>
      <trkpt lat="36.877831" lon="138.2302612">
        <ele>751.4004946042787</ele>
      </trkpt>
      <trkpt lat="36.87782" lon="138.2302785">
        <ele>751.4464888348247</ele>
      </trkpt>
      <trkpt lat="36.8778091" lon="138.2302959">
        <ele>751.4965611395428</ele>
      </trkpt>
      <trkpt lat="36.8777983" lon="138.2303127">
        <ele>751.5384781310336</ele>
      </trkpt>
      <trkpt lat="36.8777876" lon="138.2303295">
        <ele>751.5760746859016</ele>
      </trkpt>
      <trkpt lat="36.8777769" lon="138.230345">
        <ele>751.5795442014936</ele>
      </trkpt>
      <trkpt lat="36.8777662" lon="138.2303606">
        <ele>751.5846448704607</ele>
      </trkpt>
      <trkpt lat="36.8777554" lon="138.2303748">
        <ele>751.5645795093859</ele>
      </trkpt>
      <trkpt lat="36.8777446" lon="138.2303891">
        <ele>751.5461453034554</ele>
      </trkpt>
      <trkpt lat="36.8777337" lon="138.2304035">
        <ele>751.5270118427476</ele>
      </trkpt>
      <trkpt lat="36.8777228" lon="138.230418">
        <ele>751.4962539463904</ele>
      </trkpt>
      <trkpt lat="36.877712" lon="138.2304358">
        <ele>751.5115429764678</ele>
      </trkpt>
      <trkpt lat="36.8777012" lon="138.2304536">
        <ele>751.5333564782993</ele>
      </trkpt>
      <trkpt lat="36.8776928" lon="138.2304756">
        <ele>751.6809333025715</ele>
      </trkpt>
      <trkpt lat="36.8776845" lon="138.2304976">
        <ele>751.8328126917364</ele>
      </trkpt>
      <trkpt lat="36.8776803" lon="138.2305217">
        <ele>752.1060738971463</ele>
      </trkpt>
      <trkpt lat="36.8776761" lon="138.2305458">
        <ele>752.3793351067472</ele>
      </trkpt>
      <trkpt lat="36.8776755" lon="138.2305695">
        <ele>752.7251890902187</ele>
      </trkpt>
      <trkpt lat="36.877675" lon="138.2305933">
        <ele>753.060742281239</ele>
      </trkpt>
      <trkpt lat="36.877677" lon="138.2306132">
        <ele>753.3826595628644</ele>
      </trkpt>
      <trkpt lat="36.8776791" lon="138.2306331">
        <ele>753.7067616015215</ele>
      </trkpt>
      <trkpt lat="36.8776818" lon="138.2306467">
        <ele>753.9558917927561</ele>
      </trkpt>
      <trkpt lat="36.8776846" lon="138.2306604">
        <ele>754.2086048438684</ele>
      </trkpt>
      <trkpt lat="36.8776846" lon="138.230673">
        <ele>754.3779082247061</ele>
      </trkpt>
      <trkpt lat="36.8776847" lon="138.2306856">
        <ele>754.5415736850821</ele>
      </trkpt>
      <trkpt lat="36.8776815" lon="138.2307016">
        <ele>754.6767163548391</ele>
      </trkpt>
      <trkpt lat="36.8776784" lon="138.2307177">
        <ele>754.8153253770673</ele>
      </trkpt>
      <trkpt lat="36.8776717" lon="138.2307369">
        <ele>754.9150125751743</ele>
      </trkpt>
      <trkpt lat="36.8776651" lon="138.2307562">
        <ele>755.008751974564</ele>
      </trkpt>
      <trkpt lat="36.877658" lon="138.2307771">
        <ele>755.05813067942</ele>
      </trkpt>
      <trkpt lat="36.877651" lon="138.2307981">
        <ele>755.1057028525104</ele>
      </trkpt>
      <trkpt lat="36.8776461" lon="138.2308202">
        <ele>755.2070848352416</ele>
      </trkpt>
      <trkpt lat="36.8776412" lon="138.2308424">
        <ele>755.3043116553006</ele>
      </trkpt>
      <trkpt lat="36.8776378" lon="138.2308646">
        <ele>755.429102010196</ele>
      </trkpt>
      <trkpt lat="36.8776344" lon="138.2308869">
        <ele>755.5573779378105</ele>
      </trkpt>
      <trkpt lat="36.8776307" lon="138.2309078">
        <ele>755.668572552498</ele>
      </trkpt>
      <trkpt lat="36.877627" lon="138.2309288">
        <ele>755.7660971709658</ele>
      </trkpt>
      <trkpt lat="36.8776226" lon="138.2309491">
        <ele>755.8017689437274</ele>
      </trkpt>
      <trkpt lat="36.8776183" lon="138.2309695">
        <ele>755.8435903529526</ele>
      </trkpt>
      <trkpt lat="36.8776129" lon="138.2309877">
        <ele>755.8463699942623</ele>
      </trkpt>
      <trkpt lat="36.8776075" lon="138.2310059">
        <ele>755.8524851657801</ele>
      </trkpt>
      <trkpt lat="36.8775991" lon="138.2310221">
        <ele>755.7912928660884</ele>
      </trkpt>
      <trkpt lat="36.8775907" lon="138.2310383">
        <ele>755.7400050044215</ele>
      </trkpt>
      <trkpt lat="36.8775792" lon="138.2310521">
        <ele>755.6017865848604</ele>
      </trkpt>
      <trkpt lat="36.8775677" lon="138.231066">
        <ele>755.4698748505084</ele>
      </trkpt>
      <trkpt lat="36.8775531" lon="138.231076">
        <ele>755.2466142085332</ele>
      </trkpt>
      <trkpt lat="36.8775386" lon="138.2310861">
        <ele>755.0427542913633</ele>
      </trkpt>
      <trkpt lat="36.8775218" lon="138.2310922">
        <ele>754.7593393811597</ele>
      </trkpt>
      <trkpt lat="36.877505" lon="138.2310984">
        <ele>754.488971084688</ele>
      </trkpt>
      <trkpt lat="36.8774875" lon="138.2311022">
        <ele>754.1871347502821</ele>
      </trkpt>
      <trkpt lat="36.87747" lon="138.2311061">
        <ele>753.8912859721163</ele>
      </trkpt>
      <trkpt lat="36.8774508" lon="138.2311099">
        <ele>753.5646587832882</ele>
      </trkpt>
      <trkpt lat="36.8774316" lon="138.2311137">
        <ele>753.2429840552561</ele>
      </trkpt>
      <trkpt lat="36.8774108" lon="138.2311169">
        <ele>752.903367025093</ele>
      </trkpt>
      <trkpt lat="36.8773901" lon="138.2311201">
        <ele>752.5817508283055</ele>
      </trkpt>
      <trkpt lat="36.8773687" lon="138.2311221">
        <ele>752.230210233051</ele>
      </trkpt>
      <trkpt lat="36.8773474" lon="138.2311241">
        <ele>751.8688507065337</ele>
      </trkpt>
      <trkpt lat="36.8773264" lon="138.2311254">
        <ele>751.4754218588918</ele>
      </trkpt>
      <trkpt lat="36.8773055" lon="138.2311268">
        <ele>751.0868551258241</ele>
      </trkpt>
      <trkpt lat="36.8772853" lon="138.2311268">
        <ele>750.686335722311</ele>
      </trkpt>
      <trkpt lat="36.8772652" lon="138.2311269">
        <ele>750.307733902522</ele>
      </trkpt>
      <trkpt lat="36.877246" lon="138.2311256">
        <ele>749.9184441716418</ele>
      </trkpt>
      <trkpt lat="36.8772268" lon="138.2311244">
        <ele>749.5311351763789</ele>
      </trkpt>
      <trkpt lat="36.8772083" lon="138.2311223">
        <ele>749.1121234331521</ele>
      </trkpt>
      <trkpt lat="36.8771898" lon="138.2311203">
        <ele>748.6683332616706</ele>
      </trkpt>
      <trkpt lat="36.8771712" lon="138.2311184">
        <ele>748.2243390926633</ele>
      </trkpt>
      <trkpt lat="36.8771527" lon="138.2311166">
        <ele>747.784510404897</ele>
      </trkpt>
      <trkpt lat="36.8771333" lon="138.2311162">
        <ele>747.393058034414</ele>
      </trkpt>
      <trkpt lat="36.877114" lon="138.2311159">
        <ele>747.015331872464</ele>
      </trkpt>
      <trkpt lat="36.8770935" lon="138.23112">
        <ele>746.6976950463148</ele>
      </trkpt>
      <trkpt lat="36.8770731" lon="138.2311241">
        <ele>746.3933145041161</ele>
      </trkpt>
      <trkpt lat="36.8770524" lon="138.2311334">
        <ele>746.1924981200841</ele>
      </trkpt>
      <trkpt lat="36.8770317" lon="138.2311427">
        <ele>745.9720812061955</ele>
      </trkpt>
      <trkpt lat="36.8770128" lon="138.2311556">
        <ele>745.8207479035989</ele>
      </trkpt>
      <trkpt lat="36.8769939" lon="138.2311686">
        <ele>745.7493658209983</ele>
      </trkpt>
      <trkpt lat="36.8769768" lon="138.2311835">
        <ele>745.7170341926771</ele>
      </trkpt>
      <trkpt lat="36.8769597" lon="138.2311985">
        <ele>745.7203397168187</ele>
      </trkpt>
      <trkpt lat="36.8769452" lon="138.2312149">
        <ele>745.7698154546086</ele>
      </trkpt>
      <trkpt lat="36.8769308" lon="138.2312313">
        <ele>745.8731433459649</ele>
      </trkpt>
      <trkpt lat="36.8769203" lon="138.2312494">
        <ele>746.0289774643798</ele>
      </trkpt>
      <trkpt lat="36.8769098" lon="138.2312675">
        <ele>746.159011427368</ele>
      </trkpt>
      <trkpt lat="36.8769043" lon="138.2312861">
        <ele>746.3774094324126</ele>
      </trkpt>
      <trkpt lat="36.8768988" lon="138.2313047">
        <ele>746.5930603161722</ele>
      </trkpt>
      <trkpt lat="36.8768991" lon="138.2313254">
        <ele>746.9194074686206</ele>
      </trkpt>
      <trkpt lat="36.8768995" lon="138.2313461">
        <ele>747.2474088713204</ele>
      </trkpt>
      <trkpt lat="36.8769046" lon="138.231368">
        <ele>747.6805692335612</ele>
      </trkpt>
      <trkpt lat="36.8769098" lon="138.2313899">
        <ele>748.1279623011584</ele>
      </trkpt>
      <trkpt lat="36.8769177" lon="138.23141">
        <ele>748.5905196992619</ele>
      </trkpt>
      <trkpt lat="36.8769256" lon="138.2314302">
        <ele>749.060184361672</ele>
      </trkpt>
      <trkpt lat="36.876934" lon="138.2314478">
        <ele>749.4900117500222</ele>
      </trkpt>
      <trkpt lat="36.8769424" lon="138.2314655">
        <ele>749.9132993324199</ele>
      </trkpt>
      <trkpt lat="36.8769517" lon="138.2314829">
        <ele>750.4033141653028</ele>
      </trkpt>
      <trkpt lat="36.8769611" lon="138.2315003">
        <ele>750.9047520236686</ele>
      </trkpt>
      <trkpt lat="36.876971" lon="138.2315179">
        <ele>751.4266846595892</ele>
      </trkpt>
      <trkpt lat="36.876981" lon="138.2315355">
        <ele>751.9268904820091</ele>
      </trkpt>
      <trkpt lat="36.8769912" lon="138.2315534">
        <ele>752.4148499041801</ele>
      </trkpt>
      <trkpt lat="36.8770015" lon="138.2315713">
        <ele>752.9051397446548</ele>
      </trkpt>
      <trkpt lat="36.877012" lon="138.2315901">
        <ele>753.4146432956567</ele>
      </trkpt>
      <trkpt lat="36.8770225" lon="138.231609">
        <ele>753.9844619638986</ele>
      </trkpt>
      <trkpt lat="36.8770328" lon="138.2316279">
        <ele>754.4521727487452</ele>
      </trkpt>
      <trkpt lat="36.8770432" lon="138.2316468">
        <ele>754.9092636940544</ele>
      </trkpt>
      <trkpt lat="36.877052" lon="138.2316662">
        <ele>755.3238247336832</ele>
      </trkpt>
      <trkpt lat="36.8770609" lon="138.2316857">
        <ele>755.7421143454047</ele>
      </trkpt>
      <trkpt lat="36.877066" lon="138.2317062">
        <ele>756.0153756275787</ele>
      </trkpt>
      <trkpt lat="36.8770712" lon="138.2317268">
        <ele>756.2388530439708</ele>
      </trkpt>
      <trkpt lat="36.8770715" lon="138.2317465">
        <ele>756.3164484888325</ele>
      </trkpt>
      <trkpt lat="36.8770719" lon="138.2317662">
        <ele>756.39695691811</ele>
      </trkpt>
      <trkpt lat="36.8770681" lon="138.2317852">
        <ele>756.3424894328078</ele>
      </trkpt>
      <trkpt lat="36.8770643" lon="138.2318042">
        <ele>756.2149648516712</ele>
      </trkpt>
      <trkpt lat="36.8770611" lon="138.231825">
        <ele>756.1054476145592</ele>
      </trkpt>
      <trkpt lat="36.8770579" lon="138.2318459">
        <ele>755.998110841869</ele>
      </trkpt>
      <trkpt lat="36.8770577" lon="138.2318678">
        <ele>755.9753812873904</ele>
      </trkpt>
      <trkpt lat="36.8770575" lon="138.2318898">
        <ele>755.8955124387758</ele>
      </trkpt>
      <trkpt lat="36.8770585" lon="138.231912">
        <ele>755.8455911645209</ele>
      </trkpt>
      <trkpt lat="36.8770595" lon="138.2319343">
        <ele>755.7953203649038</ele>
      </trkpt>
      <trkpt lat="36.8770604" lon="138.2319557">
        <ele>755.7418743475281</ele>
      </trkpt>
      <trkpt lat="36.8770614" lon="138.2319772">
        <ele>755.6261274006957</ele>
      </trkpt>
      <trkpt lat="36.8770611" lon="138.2319987">
        <ele>755.4746488298182</ele>
      </trkpt>
      <trkpt lat="36.8770609" lon="138.2320203">
        <ele>755.3253790019894</ele>
      </trkpt>
      <trkpt lat="36.8770607" lon="138.2320415">
        <ele>755.1776435191156</ele>
      </trkpt>
      <trkpt lat="36.8770606" lon="138.2320627">
        <ele>755.0092114481728</ele>
      </trkpt>
      <trkpt lat="36.877062" lon="138.2320848">
        <ele>754.872008918191</ele>
      </trkpt>
      <trkpt lat="36.8770635" lon="138.2321069">
        <ele>754.7362651728911</ele>
      </trkpt>
      <trkpt lat="36.8770666" lon="138.2321317">
        <ele>754.6188154770085</ele>
      </trkpt>
      <trkpt lat="36.8770698" lon="138.2321566">
        <ele>754.5032524315344</ele>
      </trkpt>
      <trkpt lat="36.8770732" lon="138.2321839">
        <ele>754.3678625856555</ele>
      </trkpt>
      <trkpt lat="36.8770767" lon="138.2322112">
        <ele>754.2283600373171</ele>
      </trkpt>
      <trkpt lat="36.8770811" lon="138.2322367">
        <ele>754.1811995937727</ele>
      </trkpt>
      <trkpt lat="36.8770856" lon="138.2322622">
        <ele>754.1643178170739</ele>
      </trkpt>
      <trkpt lat="36.8770913" lon="138.2322864">
        <ele>754.1778848059977</ele>
      </trkpt>
      <trkpt lat="36.877097" lon="138.2323107">
        <ele>754.1916558886496</ele>
      </trkpt>
      <trkpt lat="36.8771037" lon="138.2323345">
        <ele>754.2334301774977</ele>
      </trkpt>
      <trkpt lat="36.8771105" lon="138.2323584">
        <ele>754.2608089144417</ele>
      </trkpt>
      <trkpt lat="36.8771197" lon="138.2323804">
        <ele>754.340410143534</ele>
      </trkpt>
      <trkpt lat="36.877129" lon="138.2324025">
        <ele>754.4573808423288</ele>
      </trkpt>
      <trkpt lat="36.8771407" lon="138.232421">
        <ele>754.6165899613868</ele>
      </trkpt>
      <trkpt lat="36.8771525" lon="138.2324396">
        <ele>754.7746459310688</ele>
      </trkpt>
      <trkpt lat="36.8771642" lon="138.2324553">
        <ele>754.9974713201754</ele>
      </trkpt>
      <trkpt lat="36.8771759" lon="138.2324711">
        <ele>755.1974812107898</ele>
      </trkpt>
      <trkpt lat="36.8771864" lon="138.2324861">
        <ele>755.3713014154356</ele>
      </trkpt>
      <trkpt lat="36.877197" lon="138.2325012">
        <ele>755.5199917721817</ele>
      </trkpt>
      <trkpt lat="36.8772081" lon="138.2325154">
        <ele>755.6603085860262</ele>
      </trkpt>
      <trkpt lat="36.8772193" lon="138.2325296">
        <ele>755.7885120196413</ele>
      </trkpt>
      <trkpt lat="36.8772306" lon="138.2325445">
        <ele>755.9656670000772</ele>
      </trkpt>
      <trkpt lat="36.877242" lon="138.2325595">
        <ele>756.148887057836</ele>
      </trkpt>
      <trkpt lat="36.8772521" lon="138.2325771">
        <ele>756.3023498212503</ele>
      </trkpt>
      <trkpt lat="36.8772623" lon="138.2325947">
        <ele>756.4341812780428</ele>
      </trkpt>
      <trkpt lat="36.8772708" lon="138.2326131">
        <ele>756.4945477953138</ele>
      </trkpt>
      <trkpt lat="36.8772794" lon="138.2326316">
        <ele>756.5350475082228</ele>
      </trkpt>
      <trkpt lat="36.8772882" lon="138.2326478">
        <ele>756.6020750008812</ele>
      </trkpt>
      <trkpt lat="36.877297" lon="138.2326641">
        <ele>756.7175822155847</ele>
      </trkpt>
      <trkpt lat="36.8773057" lon="138.2326769">
        <ele>756.8514254327308</ele>
      </trkpt>
      <trkpt lat="36.8773145" lon="138.2326897">
        <ele>756.980458278956</ele>
      </trkpt>
      <trkpt lat="36.8773241" lon="138.2326998">
        <ele>757.1489720282386</ele>
      </trkpt>
      <trkpt lat="36.8773338" lon="138.23271">
        <ele>757.3126074295126</ele>
      </trkpt>
      <trkpt lat="36.8773451" lon="138.2327194">
        <ele>757.519967906502</ele>
      </trkpt>
      <trkpt lat="36.8773564" lon="138.2327289">
        <ele>757.7297984901109</ele>
      </trkpt>
      <trkpt lat="36.8773688" lon="138.2327387">
        <ele>758.0237542354989</ele>
      </trkpt>
      <trkpt lat="36.8773813" lon="138.2327485">
        <ele>758.3124473903949</ele>
      </trkpt>
      <trkpt lat="36.8773948" lon="138.2327595">
        <ele>758.6109409947443</ele>
      </trkpt>
      <trkpt lat="36.8774083" lon="138.2327705">
        <ele>758.8993548234437</ele>
      </trkpt>
      <trkpt lat="36.8774217" lon="138.2327824">
        <ele>759.1654354895857</ele>
      </trkpt>
      <trkpt lat="36.8774351" lon="138.2327943">
        <ele>759.5176701533471</ele>
      </trkpt>
      <trkpt lat="36.8774488" lon="138.2328082">
        <ele>759.8691419722145</ele>
      </trkpt>
      <trkpt lat="36.8774625" lon="138.2328221">
        <ele>760.22954441279</ele>
      </trkpt>
      <trkpt lat="36.8774768" lon="138.2328396">
        <ele>760.5714417489967</ele>
      </trkpt>
      <trkpt lat="36.8774912" lon="138.2328571">
        <ele>760.8998439336799</ele>
      </trkpt>
      <trkpt lat="36.8775049" lon="138.2328746">
        <ele>761.2372355420998</ele>
      </trkpt>
      <trkpt lat="36.8775186" lon="138.2328922">
        <ele>761.5692261823756</ele>
      </trkpt>
      <trkpt lat="36.8775317" lon="138.2329099">
        <ele>761.8673631843134</ele>
      </trkpt>
      <trkpt lat="36.8775449" lon="138.2329277">
        <ele>762.1460941221326</ele>
      </trkpt>
      <trkpt lat="36.8775569" lon="138.2329447">
        <ele>762.3684074036968</ele>
      </trkpt>
      <trkpt lat="36.877569" lon="138.2329617">
        <ele>762.6229672961871</ele>
      </trkpt>
      <trkpt lat="36.8775792" lon="138.2329787">
        <ele>762.821073455457</ele>
      </trkpt>
      <trkpt lat="36.8775895" lon="138.2329957">
        <ele>763.0070149360618</ele>
      </trkpt>
      <trkpt lat="36.877598" lon="138.2330121">
        <ele>763.1076810260855</ele>
      </trkpt>
      <trkpt lat="36.8776065" lon="138.2330286">
        <ele>763.1926401573895</ele>
      </trkpt>
      <trkpt lat="36.8776144" lon="138.2330462">
        <ele>763.2236066628599</ele>
      </trkpt>
      <trkpt lat="36.8776224" lon="138.2330639">
        <ele>763.2424966304459</ele>
      </trkpt>
      <trkpt lat="36.8776318" lon="138.2330833">
        <ele>763.308638855877</ele>
      </trkpt>
      <trkpt lat="36.8776412" lon="138.2331028">
        <ele>763.3957067538652</ele>
      </trkpt>
      <trkpt lat="36.8776511" lon="138.2331226">
        <ele>763.4718864299558</ele>
      </trkpt>
      <trkpt lat="36.877661" lon="138.2331424">
        <ele>763.5214552706161</ele>
      </trkpt>
      <trkpt lat="36.8776694" lon="138.233162">
        <ele>763.4970106135506</ele>
      </trkpt>
      <trkpt lat="36.8776779" lon="138.2331816">
        <ele>763.4634463066898</ele>
      </trkpt>
      <trkpt lat="36.8776851" lon="138.2332015">
        <ele>763.3700065602503</ele>
      </trkpt>
      <trkpt lat="36.8776923" lon="138.2332215">
        <ele>763.2651137350684</ele>
      </trkpt>
      <trkpt lat="36.8776994" lon="138.2332393">
        <ele>763.1892740415291</ele>
      </trkpt>
      <trkpt lat="36.8777066" lon="138.2332572">
        <ele>763.1766600513507</ele>
      </trkpt>
      <trkpt lat="36.8777142" lon="138.233272">
        <ele>763.2234681998755</ele>
      </trkpt>
      <trkpt lat="36.8777219" lon="138.2332869">
        <ele>763.2645066602006</ele>
      </trkpt>
      <trkpt lat="36.8777313" lon="138.2333017">
        <ele>763.3552450493255</ele>
      </trkpt>
      <trkpt lat="36.8777407" lon="138.2333166">
        <ele>763.4349980031559</ele>
      </trkpt>
      <trkpt lat="36.8777517" lon="138.2333331">
        <ele>763.5533812970372</ele>
      </trkpt>
      <trkpt lat="36.8777627" lon="138.2333497">
        <ele>763.6941070672561</ele>
      </trkpt>
      <trkpt lat="36.8777745" lon="138.2333678">
        <ele>763.8059065753869</ele>
      </trkpt>
      <trkpt lat="36.8777863" lon="138.233386">
        <ele>763.8915920184874</ele>
      </trkpt>
      <trkpt lat="36.8777987" lon="138.2334032">
        <ele>763.9858676550347</ele>
      </trkpt>
      <trkpt lat="36.8778112" lon="138.2334204">
        <ele>764.1028354166125</ele>
      </trkpt>
      <trkpt lat="36.8778236" lon="138.233436">
        <ele>764.2713433215118</ele>
      </trkpt>
      <trkpt lat="36.8778361" lon="138.2334516">
        <ele>764.4163196573411</ele>
      </trkpt>
      <trkpt lat="36.8778492" lon="138.2334664">
        <ele>764.5689993796452</ele>
      </trkpt>
      <trkpt lat="36.8778623" lon="138.2334812">
        <ele>764.7019388301969</ele>
      </trkpt>
      <trkpt lat="36.8778755" lon="138.2334973">
        <ele>764.8010641742546</ele>
      </trkpt>
      <trkpt lat="36.8778888" lon="138.2335135">
        <ele>764.9444647537136</ele>
      </trkpt>
      <trkpt lat="36.8779017" lon="138.2335292">
        <ele>765.0727786199324</ele>
      </trkpt>
      <trkpt lat="36.8779147" lon="138.2335449">
        <ele>765.1671180326748</ele>
      </trkpt>
      <trkpt lat="36.8779263" lon="138.233556">
        <ele>765.2609071255272</ele>
      </trkpt>
      <trkpt lat="36.8779379" lon="138.2335672">
        <ele>765.3404825709487</ele>
      </trkpt>
      <trkpt lat="36.8779476" lon="138.2335724">
        <ele>765.4448994861041</ele>
      </trkpt>
      <trkpt lat="36.8779573" lon="138.2335777">
        <ele>765.5429783137852</ele>
      </trkpt>
      <trkpt lat="36.8779619" lon="138.2335796">
        <ele>765.5951796325636</ele>
      </trkpt>
      <trkpt lat="36.8779666" lon="138.2335815">
        <ele>765.6481128710166</ele>
      </trkpt>
      <trkpt lat="36.8779733" lon="138.2335847">
        <ele>765.7150301431236</ele>
      </trkpt>
      <trkpt lat="36.87798" lon="138.233588">
        <ele>765.7878177355911</ele>
      </trkpt>
      <trkpt lat="36.8779854" lon="138.2335937">
        <ele>765.8288955639861</ele>
      </trkpt>
      <trkpt lat="36.8779908" lon="138.2335995">
        <ele>765.8661655230034</ele>
      </trkpt>
      <trkpt lat="36.8779968" lon="138.2336068">
        <ele>765.8978092856562</ele>
      </trkpt>
      <trkpt lat="36.8780028" lon="138.2336141">
        <ele>765.9249934510094</ele>
      </trkpt>
      <trkpt lat="36.878011" lon="138.2336189">
        <ele>765.9951437865689</ele>
      </trkpt>
      <trkpt lat="36.8780192" lon="138.2336237">
        <ele>766.0612865987357</ele>
      </trkpt>
      <trkpt lat="36.8780285" lon="138.2336277">
        <ele>766.1439544334177</ele>
      </trkpt>
      <trkpt lat="36.8780378" lon="138.2336318">
        <ele>766.2219214661112</ele>
      </trkpt>
      <trkpt lat="36.8780458" lon="138.233638">
        <ele>766.2353614193337</ele>
      </trkpt>
      <trkpt lat="36.8780538" lon="138.2336442">
        <ele>766.2221654111213</ele>
      </trkpt>
      <trkpt lat="36.8780594" lon="138.2336535">
        <ele>766.1591742129503</ele>
      </trkpt>
      <trkpt lat="36.878065" lon="138.2336629">
        <ele>766.0898286842515</ele>
      </trkpt>
      <trkpt lat="36.8780679" lon="138.2336754">
        <ele>765.9919330062719</ele>
      </trkpt>
      <trkpt lat="36.8780709" lon="138.233688">
        <ele>765.9333222698772</ele>
      </trkpt>
      <trkpt lat="36.878072" lon="138.2337028">
        <ele>765.8532105267861</ele>
      </trkpt>
      <trkpt lat="36.8780731" lon="138.2337176">
        <ele>765.771993724067</ele>
      </trkpt>
      <trkpt lat="36.8780724" lon="138.2337335">
        <ele>765.6792663757121</ele>
      </trkpt>
      <trkpt lat="36.8780717" lon="138.2337494">
        <ele>765.5872945138808</ele>
      </trkpt>
      <trkpt lat="36.8780711" lon="138.2337663">
        <ele>765.5569005579816</ele>
      </trkpt>
      <trkpt lat="36.8780706" lon="138.2337832">
        <ele>765.5821809845272</ele>
      </trkpt>
      <trkpt lat="36.8780731" lon="138.2337985">
        <ele>765.6020442706715</ele>
      </trkpt>
      <trkpt lat="36.8780756" lon="138.2338139">
        <ele>765.6168329572661</ele>
      </trkpt>
      <trkpt lat="36.8780807" lon="138.2338235">
        <ele>765.6125838871734</ele>
      </trkpt>
      <trkpt lat="36.8780859" lon="138.2338332">
        <ele>765.6013655728542</ele>
      </trkpt>
      <trkpt lat="36.8780938" lon="138.2338373">
        <ele>765.5717975992225</ele>
      </trkpt>
      <trkpt lat="36.8781018" lon="138.2338414">
        <ele>765.5374053484127</ele>
      </trkpt>
      <trkpt lat="36.8781037" lon="138.2338425">
        <ele>765.5284911195615</ele>
      </trkpt>
      <trkpt lat="36.8781056" lon="138.2338436">
        <ele>765.5244217453153</ele>
      </trkpt>
      <trkpt lat="36.8781076" lon="138.2338447">
        <ele>765.5221353671502</ele>
      </trkpt>
      <trkpt lat="36.8781095" lon="138.2338458">
        <ele>765.5201466232018</ele>
      </trkpt>
      <trkpt lat="36.8781115" lon="138.233847">
        <ele>765.5181433148765</ele>
      </trkpt>
      <trkpt lat="36.8781176" lon="138.2338518">
        <ele>765.5173802723374</ele>
      </trkpt>
      <trkpt lat="36.8781237" lon="138.2338567">
        <ele>765.5151663444767</ele>
      </trkpt>
      <trkpt lat="36.8781284" lon="138.2338601">
        <ele>765.5101221265159</ele>
      </trkpt>
      <trkpt lat="36.8781332" lon="138.2338636">
        <ele>765.5039905251242</ele>
      </trkpt>
      <trkpt lat="36.8781388" lon="138.2338661">
        <ele>765.4877110264896</ele>
      </trkpt>
      <trkpt lat="36.8781445" lon="138.2338686">
        <ele>765.4699568797233</ele>
      </trkpt>
      <trkpt lat="36.8781514" lon="138.2338712">
        <ele>765.4452840513113</ele>
      </trkpt>
      <trkpt lat="36.8781584" lon="138.2338739">
        <ele>765.4192703109958</ele>
      </trkpt>
      <trkpt lat="36.8781642" lon="138.2338785">
        <ele>765.4061753676584</ele>
      </trkpt>
      <trkpt lat="36.8781701" lon="138.2338832">
        <ele>765.3910749830937</ele>
      </trkpt>
      <trkpt lat="36.8781724" lon="138.2338904">
        <ele>765.4046097733659</ele>
      </trkpt>
      <trkpt lat="36.8781748" lon="138.2338977">
        <ele>765.4167608909144</ele>
      </trkpt>
      <trkpt lat="36.8781731" lon="138.2339054">
        <ele>765.4557618984971</ele>
      </trkpt>
      <trkpt lat="36.8781715" lon="138.2339131">
        <ele>765.4949760568588</ele>
      </trkpt>
      <trkpt lat="36.8781671" lon="138.23392">
        <ele>765.5515543878236</ele>
      </trkpt>
      <trkpt lat="36.8781627" lon="138.2339269">
        <ele>765.6101935060583</ele>
      </trkpt>
      <trkpt lat="36.8781574" lon="138.2339331">
        <ele>765.7074799932307</ele>
      </trkpt>
      <trkpt lat="36.8781522" lon="138.2339393">
        <ele>765.8175845671211</ele>
      </trkpt>
      <trkpt lat="36.8781477" lon="138.2339461">
        <ele>765.9295818498358</ele>
      </trkpt>
      <trkpt lat="36.8781433" lon="138.2339529">
        <ele>766.0408508736873</ele>
      </trkpt>
      <trkpt lat="36.8781409" lon="138.233962">
        <ele>766.1643517111661</ele>
      </trkpt>
      <trkpt lat="36.8781385" lon="138.2339711">
        <ele>766.2878525485285</ele>
      </trkpt>
      <trkpt lat="36.8781388" lon="138.2339815">
        <ele>766.4068365615094</ele>
      </trkpt>
      <trkpt lat="36.8781392" lon="138.2339919">
        <ele>766.5250923186541</ele>
      </trkpt>
      <trkpt lat="36.8781424" lon="138.2340025">
        <ele>766.625287065981</ele>
      </trkpt>
      <trkpt lat="36.8781456" lon="138.2340131">
        <ele>766.7254818123765</ele>
      </trkpt>
      <trkpt lat="36.87815" lon="138.2340237">
        <ele>766.8642546809901</ele>
      </trkpt>
      <trkpt lat="36.8781544" lon="138.2340343">
        <ele>767.0088163355965</ele>
      </trkpt>
      <trkpt lat="36.8781561" lon="138.2340461">
        <ele>767.192886412032</ele>
      </trkpt>
      <trkpt lat="36.8781578" lon="138.234058">
        <ele>767.3779424549226</ele>
      </trkpt>
      <trkpt lat="36.8781556" lon="138.2340701">
        <ele>767.5977206699424</ele>
      </trkpt>
      <trkpt lat="36.8781534" lon="138.2340823">
        <ele>767.8200766016973</ele>
      </trkpt>
      <trkpt lat="36.8781488" lon="138.2340933">
        <ele>768.0438946079511</ele>
      </trkpt>
      <trkpt lat="36.8781443" lon="138.2341043">
        <ele>768.2823585974228</ele>
      </trkpt>
      <trkpt lat="36.8781391" lon="138.2341143">
        <ele>768.5304274903923</ele>
      </trkpt>
      <trkpt lat="36.878134" lon="138.2341244">
        <ele>768.7779193855092</ele>
      </trkpt>
      <trkpt lat="36.8781275" lon="138.2341312">
        <ele>768.9687541177784</ele>
      </trkpt>
      <trkpt lat="36.878121" lon="138.2341381">
        <ele>769.1600877675874</ele>
      </trkpt>
      <trkpt lat="36.8781126" lon="138.2341413">
        <ele>769.2916267277633</ele>
      </trkpt>
      <trkpt lat="36.8781043" lon="138.2341445">
        <ele>769.4431714576491</ele>
      </trkpt>
      <trkpt lat="36.8780945" lon="138.2341466">
        <ele>769.6004851728292</ele>
      </trkpt>
      <trkpt lat="36.8780848" lon="138.2341488">
        <ele>769.7600788504374</ele>
      </trkpt>
      <trkpt lat="36.8780749" lon="138.2341525">
        <ele>769.9550088240562</ele>
      </trkpt>
      <trkpt lat="36.8780651" lon="138.2341563">
        <ele>770.1533496118806</ele>
      </trkpt>
      <trkpt lat="36.8780555" lon="138.2341616">
        <ele>770.3842658712667</ele>
      </trkpt>
      <trkpt lat="36.878046" lon="138.2341669">
        <ele>770.6173903152627</ele>
      </trkpt>
      <trkpt lat="36.8780365" lon="138.2341694">
        <ele>770.8133440549539</ele>
      </trkpt>
      <trkpt lat="36.878027" lon="138.2341719">
        <ele>771.0305506847595</ele>
      </trkpt>
      <trkpt lat="36.8780175" lon="138.2341729">
        <ele>771.214942431697</ele>
      </trkpt>
      <trkpt lat="36.8780081" lon="138.234174">
        <ele>771.4005998763938</ele>
      </trkpt>
      <trkpt lat="36.8780021" lon="138.2341781">
        <ele>771.5992331776388</ele>
      </trkpt>
      <trkpt lat="36.8779961" lon="138.2341822">
        <ele>771.7995362746809</ele>
      </trkpt>
      <trkpt lat="36.8779955" lon="138.2341908">
        <ele>772.0191363016104</ele>
      </trkpt>
      <trkpt lat="36.877995" lon="138.2341995">
        <ele>772.2444101576313</ele>
      </trkpt>
      <trkpt lat="36.8779979" lon="138.2342108">
        <ele>772.4724440364242</ele>
      </trkpt>
      <trkpt lat="36.8780009" lon="138.2342222">
        <ele>772.6988517717077</ele>
      </trkpt>
      <trkpt lat="36.8780049" lon="138.2342332">
        <ele>772.8940326844745</ele>
      </trkpt>
      <trkpt lat="36.8780089" lon="138.2342442">
        <ele>773.0862269464594</ele>
      </trkpt>
      <trkpt lat="36.8780131" lon="138.2342528">
        <ele>773.2132326315946</ele>
      </trkpt>
      <trkpt lat="36.8780173" lon="138.2342615">
        <ele>773.3401988645704</ele>
      </trkpt>
      <trkpt lat="36.8780221" lon="138.2342704">
        <ele>773.4572789085495</ele>
      </trkpt>
      <trkpt lat="36.8780269" lon="138.2342794">
        <ele>773.5960262203594</ele>
      </trkpt>
      <trkpt lat="36.8780317" lon="138.2342905">
        <ele>773.7955947652465</ele>
      </trkpt>
      <trkpt lat="36.8780365" lon="138.2343016">
        <ele>773.9951633060823</ele>
      </trkpt>
      <trkpt lat="36.8780406" lon="138.2343132">
        <ele>774.2224041167191</ele>
      </trkpt>
      <trkpt lat="36.8780447" lon="138.2343248">
        <ele>774.4775657423781</ele>
      </trkpt>
      <trkpt lat="36.8780473" lon="138.2343364">
        <ele>774.75811484377</ele>
      </trkpt>
      <trkpt lat="36.8780499" lon="138.2343481">
        <ele>775.0413436408166</ele>
      </trkpt>
      <trkpt lat="36.8780498" lon="138.2343595">
        <ele>775.3482285191027</ele>
      </trkpt>
      <trkpt lat="36.8780498" lon="138.2343709">
        <ele>775.6553183436547</ele>
      </trkpt>
      <trkpt lat="36.8780477" lon="138.2343813">
        <ele>775.9591036061813</ele>
      </trkpt>
      <trkpt lat="36.8780457" lon="138.2343918">
        <ele>776.2637267117898</ele>
      </trkpt>
      <trkpt lat="36.8780434" lon="138.2344031">
        <ele>776.5923696275621</ele>
      </trkpt>
      <trkpt lat="36.8780411" lon="138.2344144">
        <ele>776.9240590935584</ele>
      </trkpt>
      <trkpt lat="36.8780383" lon="138.2344265">
        <ele>777.3053973192358</ele>
      </trkpt>
      <trkpt lat="36.8780356" lon="138.2344387">
        <ele>777.6873761198956</ele>
      </trkpt>
      <trkpt lat="36.8780326" lon="138.2344507">
        <ele>778.0772466056048</ele>
      </trkpt>
      <trkpt lat="36.8780297" lon="138.2344627">
        <ele>778.4691751081099</ele>
      </trkpt>
      <trkpt lat="36.8780268" lon="138.2344742">
        <ele>778.8460662819633</ele>
      </trkpt>
      <trkpt lat="36.878024" lon="138.2344858">
        <ele>779.2226242976484</ele>
      </trkpt>
      <trkpt lat="36.8780218" lon="138.2344966">
        <ele>779.5642902893458</ele>
      </trkpt>
      <trkpt lat="36.8780196" lon="138.2345074">
        <ele>779.9051498851882</ele>
      </trkpt>
      <trkpt lat="36.8780176" lon="138.2345182">
        <ele>780.241377822015</ele>
      </trkpt>
      <trkpt lat="36.8780156" lon="138.2345291">
        <ele>780.57962491566</ele>
      </trkpt>
      <trkpt lat="36.878013" lon="138.2345408">
        <ele>780.9426659292085</ele>
      </trkpt>
      <trkpt lat="36.8780105" lon="138.2345525">
        <ele>781.3035267374023</ele>
      </trkpt>
      <trkpt lat="36.8780069" lon="138.2345651">
        <ele>781.7093328873636</ele>
      </trkpt>
      <trkpt lat="36.8780034" lon="138.2345777">
        <ele>782.1132455712427</ele>
      </trkpt>
      <trkpt lat="36.8779999" lon="138.2345906">
        <ele>782.5251973340531</ele>
      </trkpt>
      <trkpt lat="36.8779964" lon="138.2346036">
        <ele>782.9398287885833</ele>
      </trkpt>
      <trkpt lat="36.8779928" lon="138.2346159">
        <ele>783.3366468973454</ele>
      </trkpt>
      <trkpt lat="36.8779893" lon="138.2346282">
        <ele>783.7106592121538</ele>
      </trkpt>
      <trkpt lat="36.8779866" lon="138.2346399">
        <ele>784.0523250634459</ele>
      </trkpt>
      <trkpt lat="36.8779839" lon="138.2346516">
        <ele>784.3918466392583</ele>
      </trkpt>
      <trkpt lat="36.8779834" lon="138.2346632">
        <ele>784.6886673069218</ele>
      </trkpt>
      <trkpt lat="36.8779829" lon="138.2346748">
        <ele>784.9850942806045</ele>
      </trkpt>
      <trkpt lat="36.8779841" lon="138.2346864">
        <ele>785.2530394218228</ele>
      </trkpt>
      <trkpt lat="36.8779854" lon="138.234698">
        <ele>785.5203165562596</ele>
      </trkpt>
      <trkpt lat="36.8779872" lon="138.2347101">
        <ele>785.7910485404435</ele>
      </trkpt>
      <trkpt lat="36.8779891" lon="138.2347223">
        <ele>786.0627551465094</ele>
      </trkpt>
      <trkpt lat="36.8779906" lon="138.2347348">
        <ele>786.3488611831126</ele>
      </trkpt>
      <trkpt lat="36.8779921" lon="138.2347473">
        <ele>786.6356035773495</ele>
      </trkpt>
      <trkpt lat="36.8779924" lon="138.23476">
        <ele>786.9459737896973</ele>
      </trkpt>
      <trkpt lat="36.8779927" lon="138.2347728">
        <ele>787.2589536770329</ele>
      </trkpt>
      <trkpt lat="36.8779907" lon="138.2347865">
        <ele>787.627910510085</ele>
      </trkpt>
      <trkpt lat="36.8779888" lon="138.2348002">
        <ele>787.967292212538</ele>
      </trkpt>
      <trkpt lat="36.8779858" lon="138.2348145">
        <ele>788.3324817568292</ele>
      </trkpt>
      <trkpt lat="36.8779828" lon="138.2348288">
        <ele>788.6947593206826</ele>
      </trkpt>
      <trkpt lat="36.8779804" lon="138.2348434">
        <ele>789.053246373308</ele>
      </trkpt>
      <trkpt lat="36.8779781" lon="138.234858">
        <ele>789.4081394716819</ele>
      </trkpt>
      <trkpt lat="36.8779756" lon="138.2348727">
        <ele>789.7653081136051</ele>
      </trkpt>
      <trkpt lat="36.8779732" lon="138.2348875">
        <ele>790.0867820592212</ele>
      </trkpt>
      <trkpt lat="36.8779704" lon="138.2349018">
        <ele>790.4215358627797</ele>
      </trkpt>
      <trkpt lat="36.8779677" lon="138.2349162">
        <ele>790.756632958478</ele>
      </trkpt>
      <trkpt lat="36.8779649" lon="138.2349299">
        <ele>791.0772582663573</ele>
      </trkpt>
      <trkpt lat="36.8779621" lon="138.2349436">
        <ele>791.3952797614553</ele>
      </trkpt>
      <trkpt lat="36.8779584" lon="138.2349563">
        <ele>791.7071528510337</ele>
      </trkpt>
      <trkpt lat="36.8779548" lon="138.234969">
        <ele>792.0052337276861</ele>
      </trkpt>
      <trkpt lat="36.8779492" lon="138.2349796">
        <ele>792.295472078491</ele>
      </trkpt>
      <trkpt lat="36.8779436" lon="138.2349902">
        <ele>792.58369579621</ele>
      </trkpt>
      <trkpt lat="36.877936" lon="138.2350003">
        <ele>792.894422484718</ele>
      </trkpt>
      <trkpt lat="36.8779284" lon="138.2350104">
        <ele>793.2025439938494</ele>
      </trkpt>
      <trkpt lat="36.8779191" lon="138.2350213">
        <ele>793.5501722165121</ele>
      </trkpt>
      <trkpt lat="36.8779098" lon="138.2350323">
        <ele>793.896117158382</ele>
      </trkpt>
      <trkpt lat="36.8779006" lon="138.235043">
        <ele>794.2528598329801</ele>
      </trkpt>
      <trkpt lat="36.8778915" lon="138.2350537">
        <ele>794.604184714512</ele>
      </trkpt>
      <trkpt lat="36.8778835" lon="138.2350645">
        <ele>794.9249168808041</ele>
      </trkpt>
      <trkpt lat="36.8778755" lon="138.2350753">
        <ele>795.2427166921974</ele>
      </trkpt>
      <trkpt lat="36.87787" lon="138.2350876">
        <ele>795.5248320480637</ele>
      </trkpt>
      <trkpt lat="36.8778646" lon="138.2351">
        <ele>795.8038916184973</ele>
      </trkpt>
      <trkpt lat="36.8778613" lon="138.2351135">
        <ele>796.0517975601905</ele>
      </trkpt>
      <trkpt lat="36.8778581" lon="138.2351271">
        <ele>796.2974666725725</ele>
      </trkpt>
      <trkpt lat="36.8778563" lon="138.2351422">
        <ele>796.5276379111406</ele>
      </trkpt>
      <trkpt lat="36.8778546" lon="138.2351574">
        <ele>796.7531207935867</ele>
      </trkpt>
      <trkpt lat="36.8778537" lon="138.2351716">
        <ele>796.9488064777395</ele>
      </trkpt>
      <trkpt lat="36.8778528" lon="138.2351859">
        <ele>797.1444439261154</ele>
      </trkpt>
      <trkpt lat="36.8778503" lon="138.2351981">
        <ele>797.3396584719158</ele>
      </trkpt>
      <trkpt lat="36.8778479" lon="138.2352104">
        <ele>797.5313637406364</ele>
      </trkpt>
      <trkpt lat="36.8778429" lon="138.2352205">
        <ele>797.7429172282582</ele>
      </trkpt>
      <trkpt lat="36.8778379" lon="138.2352306">
        <ele>797.9642333477279</ele>
      </trkpt>
      <trkpt lat="36.8778301" lon="138.2352406">
        <ele>798.269726544918</ele>
      </trkpt>
      <trkpt lat="36.8778223" lon="138.2352507">
        <ele>798.5875509700638</ele>
      </trkpt>
      <trkpt lat="36.8778135" lon="138.2352617">
        <ele>798.9314146961655</ele>
      </trkpt>
      <trkpt lat="36.8778047" lon="138.2352727">
        <ele>799.2654224957962</ele>
      </trkpt>
      <trkpt lat="36.8777957" lon="138.2352853">
        <ele>799.6129636895638</ele>
      </trkpt>
      <trkpt lat="36.8777867" lon="138.235298">
        <ele>799.9501082944272</ele>
      </trkpt>
      <trkpt lat="36.877779" lon="138.2353102">
        <ele>800.2582279382284</ele>
      </trkpt>
      <trkpt lat="36.8777714" lon="138.2353225">
        <ele>800.5708360766537</ele>
      </trkpt>
      <trkpt lat="36.8777651" lon="138.235334">
        <ele>800.8593052143594</ele>
      </trkpt>
      <trkpt lat="36.8777588" lon="138.2353455">
        <ele>801.1752078923544</ele>
      </trkpt>
      <trkpt lat="36.8777535" lon="138.2353554">
        <ele>801.4379892337088</ele>
      </trkpt>
      <trkpt lat="36.8777482" lon="138.2353654">
        <ele>801.6966147403456</ele>
      </trkpt>
      <trkpt lat="36.8777418" lon="138.235374">
        <ele>801.9616199775843</ele>
      </trkpt>
      <trkpt lat="36.8777355" lon="138.2353826">
        <ele>802.2185186476864</ele>
      </trkpt>
      <trkpt lat="36.8777275" lon="138.2353891">
        <ele>802.4877060704564</ele>
      </trkpt>
      <trkpt lat="36.8777195" lon="138.2353957">
        <ele>802.7495145262031</ele>
      </trkpt>
      <trkpt lat="36.8777102" lon="138.235401">
        <ele>803.0290187005575</ele>
      </trkpt>
      <trkpt lat="36.877701" lon="138.2354063">
        <ele>803.3044053254366</ele>
      </trkpt>
      <trkpt lat="36.8776912" lon="138.235411">
        <ele>803.615133238997</ele>
      </trkpt>
      <trkpt lat="36.8776815" lon="138.2354157">
        <ele>803.931198503635</ele>
      </trkpt>
      <trkpt lat="36.8776712" lon="138.2354207">
        <ele>804.2635045277124</ele>
      </trkpt>
      <trkpt lat="36.8776609" lon="138.2354257">
        <ele>804.5923147976378</ele>
      </trkpt>
      <trkpt lat="36.8776498" lon="138.235433">
        <ele>804.9574266868179</ele>
      </trkpt>
      <trkpt lat="36.8776387" lon="138.2354403">
        <ele>805.3170383788145</ele>
      </trkpt>
      <trkpt lat="36.8776267" lon="138.2354496">
        <ele>805.7176600812918</ele>
      </trkpt>
      <trkpt lat="36.8776148" lon="138.235459">
        <ele>806.1350157278771</ele>
      </trkpt>
      <trkpt lat="36.8776038" lon="138.2354688">
        <ele>806.5208480993463</ele>
      </trkpt>
      <trkpt lat="36.8775928" lon="138.2354787">
        <ele>806.9058411724792</ele>
      </trkpt>
      <trkpt lat="36.8775837" lon="138.2354885">
        <ele>807.2340310811871</ele>
      </trkpt>
      <trkpt lat="36.8775747" lon="138.2354984">
        <ele>807.5539676881856</ele>
      </trkpt>
      <trkpt lat="36.8775707" lon="138.2355076">
        <ele>807.7237784549809</ele>
      </trkpt>
      <trkpt lat="36.8775668" lon="138.2355169">
        <ele>807.888927366434</ele>
      </trkpt>
      <trkpt lat="36.8775712" lon="138.2355222">
        <ele>807.7999432920294</ele>
      </trkpt>
      <trkpt lat="36.8775757" lon="138.2355276">
        <ele>807.7104447016634</ele>
      </trkpt>
      <trkpt lat="36.8775862" lon="138.2355301">
        <ele>807.4405209118358</ele>
      </trkpt>
      <trkpt lat="36.8775967" lon="138.2355326">
        <ele>807.1723788780821</ele>
      </trkpt>
      <trkpt lat="36.8776086" lon="138.2355372">
        <ele>806.8837899583946</ele>
      </trkpt>
      <trkpt lat="36.8776205" lon="138.2355419">
        <ele>806.5997014353823</ele>
      </trkpt>
      <trkpt lat="36.8776297" lon="138.2355509">
        <ele>806.4266868146998</ele>
      </trkpt>
      <trkpt lat="36.877639" lon="138.23556">
        <ele>806.2712748871652</ele>
      </trkpt>
      <trkpt lat="36.8776423" lon="138.2355717">
        <ele>806.2986169621817</ele>
      </trkpt>
      <trkpt lat="36.8776456" lon="138.2355835">
        <ele>806.3268911008729</ele>
      </trkpt>
      <trkpt lat="36.8776422" lon="138.2355932">
        <ele>806.501487542014</ele>
      </trkpt>
      <trkpt lat="36.8776388" lon="138.2356029">
        <ele>806.6760839791974</ele>
      </trkpt>
      <trkpt lat="36.8776298" lon="138.2356075">
        <ele>806.9418040568015</ele>
      </trkpt>
      <trkpt lat="36.8776208" lon="138.2356121">
        <ele>807.2124588326137</ele>
      </trkpt>
      <trkpt lat="36.8776089" lon="138.2356126">
        <ele>807.5182974990698</ele>
      </trkpt>
      <trkpt lat="36.8775971" lon="138.2356132">
        <ele>807.8222804788278</ele>
      </trkpt>
      <trkpt lat="36.8775847" lon="138.2356132">
        <ele>808.1360644616268</ele>
      </trkpt>
      <trkpt lat="36.8775723" lon="138.2356132">
        <ele>808.4498483934565</ele>
      </trkpt>
      <trkpt lat="36.8775604" lon="138.2356137">
        <ele>808.7567879128926</ele>
      </trkpt>
      <trkpt lat="36.8775485" lon="138.2356142">
        <ele>809.1027302920562</ele>
      </trkpt>
      <trkpt lat="36.8775374" lon="138.2356164">
        <ele>809.4378077339621</ele>
      </trkpt>
      <trkpt lat="36.8775264" lon="138.2356186">
        <ele>809.7683696023211</ele>
      </trkpt>
      <trkpt lat="36.8775159" lon="138.2356222">
        <ele>810.0923159047334</ele>
      </trkpt>
      <trkpt lat="36.8775054" lon="138.2356259">
        <ele>810.4143235722182</ele>
      </trkpt>
      <trkpt lat="36.8774943" lon="138.2356291">
        <ele>810.747670254751</ele>
      </trkpt>
      <trkpt lat="36.8774833" lon="138.2356324">
        <ele>811.1115182650288</ele>
      </trkpt>
      <trkpt lat="36.8774729" lon="138.2356351">
        <ele>811.4604941266134</ele>
      </trkpt>
      <trkpt lat="36.8774626" lon="138.2356378">
        <ele>811.8062656435659</ele>
      </trkpt>
      <trkpt lat="36.8774533" lon="138.2356402">
        <ele>812.1182464969353</ele>
      </trkpt>
      <trkpt lat="36.8774441" lon="138.2356426">
        <ele>812.4270230163827</ele>
      </trkpt>
      <trkpt lat="36.8774346" lon="138.2356452">
        <ele>812.746577479132</ele>
      </trkpt>
      <trkpt lat="36.8774252" lon="138.2356479">
        <ele>813.0696534309195</ele>
      </trkpt>
      <trkpt lat="36.8774156" lon="138.2356489">
        <ele>813.4197628517469</ele>
      </trkpt>
      <trkpt lat="36.877406" lon="138.2356499">
        <ele>813.7765922972917</ele>
      </trkpt>
      <trkpt lat="36.8773966" lon="138.2356478">
        <ele>814.1019697699099</ele>
      </trkpt>
      <trkpt lat="36.8773873" lon="138.2356458">
        <ele>814.4251305774449</ele>
      </trkpt>
      <trkpt lat="36.8773791" lon="138.2356408">
        <ele>814.6971112454107</ele>
      </trkpt>
      <trkpt lat="36.8773709" lon="138.2356359">
        <ele>814.9721551339459</ele>
      </trkpt>
      <trkpt lat="36.8773634" lon="138.2356294">
        <ele>815.2152176260097</ele>
      </trkpt>
      <trkpt lat="36.8773559" lon="138.2356229">
        <ele>815.4599346103795</ele>
      </trkpt>
      <trkpt lat="36.8773479" lon="138.2356147">
        <ele>815.7338655109057</ele>
      </trkpt>
      <trkpt lat="36.87734" lon="138.2356065">
        <ele>816.0063216651098</ele>
      </trkpt>
      <trkpt lat="36.8773325" lon="138.235598">
        <ele>816.2616495153875</ele>
      </trkpt>
      <trkpt lat="36.877325" lon="138.2355895">
        <ele>816.5169773367476</ele>
      </trkpt>
      <trkpt lat="36.8773179" lon="138.2355819">
        <ele>816.7607692640752</ele>
      </trkpt>
      <trkpt lat="36.8773109" lon="138.2355744">
        <ele>817.0010946587903</ele>
      </trkpt>
      <trkpt lat="36.8773037" lon="138.2355679">
        <ele>817.2539454489028</ele>
      </trkpt>
      <trkpt lat="36.8772966" lon="138.2355614">
        <ele>817.502863670072</ele>
      </trkpt>
      <trkpt lat="36.8772891" lon="138.2355559">
        <ele>817.7884374378161</ele>
      </trkpt>
      <trkpt lat="36.8772816" lon="138.2355505">
        <ele>818.1041333434187</ele>
      </trkpt>
      <trkpt lat="36.8772736" lon="138.2355455">
        <ele>818.45369244842</ele>
      </trkpt>
      <trkpt lat="36.8772657" lon="138.2355405">
        <ele>818.7988820281824</ele>
      </trkpt>
      <trkpt lat="36.8772571" lon="138.2355354">
        <ele>819.1746579856626</ele>
      </trkpt>
      <trkpt lat="36.8772485" lon="138.2355303">
        <ele>819.5504339019317</ele>
      </trkpt>
      <trkpt lat="36.8772397" lon="138.2355255">
        <ele>819.9349487485379</ele>
      </trkpt>
      <trkpt lat="36.8772309" lon="138.2355207">
        <ele>820.3194635504406</ele>
      </trkpt>
      <trkpt lat="36.877222" lon="138.2355155">
        <ele>820.7083477937631</ele>
      </trkpt>
      <trkpt lat="36.8772131" lon="138.2355103">
        <ele>821.0972319930806</ele>
      </trkpt>
      <trkpt lat="36.8772038" lon="138.2355045">
        <ele>821.5035940845046</ele>
      </trkpt>
      <trkpt lat="36.8771945" lon="138.2354988">
        <ele>821.9099561256371</ele>
      </trkpt>
      <trkpt lat="36.8771846" lon="138.2354934">
        <ele>822.3425350199468</ele>
      </trkpt>
      <trkpt lat="36.8771748" lon="138.2354881">
        <ele>822.7707443736507</ele>
      </trkpt>
      <trkpt lat="36.8771644" lon="138.2354838">
        <ele>823.2251705679591</ele>
      </trkpt>
      <trkpt lat="36.8771541" lon="138.2354795">
        <ele>823.6752272174708</ele>
      </trkpt>
      <trkpt lat="36.8771436" lon="138.2354752">
        <ele>824.1263644449095</ele>
      </trkpt>
      <trkpt lat="36.8771331" lon="138.2354709">
        <ele>824.5760922304601</ele>
      </trkpt>
      <trkpt lat="36.8771232" lon="138.2354668">
        <ele>825.0038051844354</ele>
      </trkpt>
      <trkpt lat="36.8771133" lon="138.2354627">
        <ele>825.4315180831367</ele>
      </trkpt>
      <trkpt lat="36.877104" lon="138.235458">
        <ele>825.835286052107</ele>
      </trkpt>
      <trkpt lat="36.8770947" lon="138.2354533">
        <ele>826.2390539732305</ele>
      </trkpt>
      <trkpt lat="36.8770861" lon="138.2354486">
        <ele>826.6132550461691</ele>
      </trkpt>
      <trkpt lat="36.8770776" lon="138.2354439">
        <ele>826.9700831834303</ele>
      </trkpt>
      <trkpt lat="36.8770711" lon="138.2354395">
        <ele>827.2225168312297</ele>
      </trkpt>
      <trkpt lat="36.8770646" lon="138.2354352">
        <ele>827.4737734322862</ele>
      </trkpt>
      <trkpt lat="36.8770593" lon="138.2354328">
        <ele>827.6757587347686</ele>
      </trkpt>
      <trkpt lat="36.877054" lon="138.2354304">
        <ele>827.8773123235835</ele>
      </trkpt>
      <trkpt lat="36.8770491" lon="138.2354312">
        <ele>828.0578339870511</ele>
      </trkpt>
      <trkpt lat="36.8770442" lon="138.235432">
        <ele>828.2384886771711</ele>
      </trkpt>
      <trkpt lat="36.8770394" lon="138.2354373">
        <ele>828.4081960909484</ele>
      </trkpt>
      <trkpt lat="36.8770347" lon="138.2354427">
        <ele>828.5748770363399</ele>
      </trkpt>
      <trkpt lat="36.8770314" lon="138.2354508">
        <ele>828.6859585355371</ele>
      </trkpt>
      <trkpt lat="36.8770281" lon="138.235459">
        <ele>828.7978027705044</ele>
      </trkpt>
      <trkpt lat="36.8770265" lon="138.2354681">
        <ele>828.8450985031261</ele>
      </trkpt>
      <trkpt lat="36.8770249" lon="138.2354772">
        <ele>828.9020032172571</ele>
      </trkpt>
      <trkpt lat="36.8770249" lon="138.2354875">
        <ele>828.9140035870032</ele>
      </trkpt>
      <trkpt lat="36.8770249" lon="138.2354978">
        <ele>828.9260039567957</ele>
      </trkpt>
      <trkpt lat="36.8770253" lon="138.2355089">
        <ele>828.9237888833984</ele>
      </trkpt>
      <trkpt lat="36.8770257" lon="138.23552">
        <ele>828.921573809442</ele>
      </trkpt>
      <trkpt lat="36.8770269" lon="138.2355289">
        <ele>828.8865005263135</ele>
      </trkpt>
      <trkpt lat="36.8770282" lon="138.2355378">
        <ele>828.8476403655957</ele>
      </trkpt>
      <trkpt lat="36.8770279" lon="138.2355444">
        <ele>828.8666905566124</ele>
      </trkpt>
      <trkpt lat="36.8770276" lon="138.235551">
        <ele>828.8857407475825</ele>
      </trkpt>
      <trkpt lat="36.8770249" lon="138.2355579">
        <ele>828.9960255319256</ele>
      </trkpt>
      <trkpt lat="36.8770222" lon="138.2355649">
        <ele>829.1181205501564</ele>
      </trkpt>
      <trkpt lat="36.8770174" lon="138.2355721">
        <ele>829.3247955185141</ele>
      </trkpt>
      <trkpt lat="36.8770127" lon="138.2355793">
        <ele>829.5288228591724</ele>
      </trkpt>
      <trkpt lat="36.8770049" lon="138.2355852">
        <ele>829.7931534902748</ele>
      </trkpt>
      <trkpt lat="36.8769972" lon="138.2355912">
        <ele>830.0448065807558</ele>
      </trkpt>
      <trkpt lat="36.8769878" lon="138.2355947">
        <ele>830.3380730069675</ele>
      </trkpt>
      <trkpt lat="36.8769784" lon="138.2355982">
        <ele>830.6302228161012</ele>
      </trkpt>
      <trkpt lat="36.8769687" lon="138.2355994">
        <ele>830.9238537094529</ele>
      </trkpt>
      <trkpt lat="36.8769591" lon="138.2356007">
        <ele>831.2143610655598</ele>
      </trkpt>
      <trkpt lat="36.8769493" lon="138.2355995">
        <ele>831.5043242502229</ele>
      </trkpt>
      <trkpt lat="36.8769396" lon="138.2355984">
        <ele>831.747138726488</ele>
      </trkpt>
      <trkpt lat="36.8769304" lon="138.2355953">
        <ele>831.8927288009106</ele>
      </trkpt>
      <trkpt lat="36.8769213" lon="138.2355922">
        <ele>832.0356932355326</ele>
      </trkpt>
      <trkpt lat="36.8769128" lon="138.2355878">
        <ele>832.1640906390037</ele>
      </trkpt>
      <trkpt lat="36.8769043" lon="138.2355834">
        <ele>832.2912187214849</ele>
      </trkpt>
      <trkpt lat="36.8768957" lon="138.2355792">
        <ele>832.4193392731465</ele>
      </trkpt>
      <trkpt lat="36.8768872" lon="138.235575">
        <ele>832.5446054430867</ele>
      </trkpt>
      <trkpt lat="36.8768789" lon="138.2355717">
        <ele>832.6684930672586</ele>
      </trkpt>
      <trkpt lat="36.8768706" lon="138.2355685">
        <ele>832.7532761830378</ele>
      </trkpt>
      <trkpt lat="36.8768624" lon="138.2355656">
        <ele>832.7909127689439</ele>
      </trkpt>
      <trkpt lat="36.8768542" lon="138.2355628">
        <ele>832.8288988748571</ele>
      </trkpt>
      <trkpt lat="36.8768463" lon="138.2355579">
        <ele>832.8614403795923</ele>
      </trkpt>
      <trkpt lat="36.8768385" lon="138.235553">
        <ele>832.9011738904292</ele>
      </trkpt>
      <trkpt lat="36.8768309" lon="138.235547">
        <ele>832.9384606136945</ele>
      </trkpt>
      <trkpt lat="36.8768234" lon="138.235541">
        <ele>832.9751647373665</ele>
      </trkpt>
      <trkpt lat="36.8768158" lon="138.2355345">
        <ele>833.0118689095139</ele>
      </trkpt>
      <trkpt lat="36.8768083" lon="138.235528">
        <ele>833.047990482394</ele>
      </trkpt>
      <trkpt lat="36.8768008" lon="138.2355219">
        <ele>833.0137212462727</ele>
      </trkpt>
      <trkpt lat="36.8767933" lon="138.2355158">
        <ele>832.9410723112992</ele>
      </trkpt>
      <trkpt lat="36.8767854" lon="138.2355099">
        <ele>832.8651608311575</ele>
      </trkpt>
      <trkpt lat="36.8767776" lon="138.235504">
        <ele>832.7901232503358</ele>
      </trkpt>
      <trkpt lat="36.8767692" lon="138.2354994">
        <ele>832.7113569345331</ele>
      </trkpt>
      <trkpt lat="36.8767609" lon="138.2354948">
        <ele>832.6334645186093</ele>
      </trkpt>
      <trkpt lat="36.8767525" lon="138.2354934">
        <ele>832.5584264890299</ele>
      </trkpt>
      <trkpt lat="36.8767442" lon="138.2354921">
        <ele>832.4843788675042</ele>
      </trkpt>
      <trkpt lat="36.8767383" lon="138.2354959">
        <ele>832.437246582565</ele>
      </trkpt>
      <trkpt lat="36.8767324" lon="138.2354997">
        <ele>832.343148766133</ele>
      </trkpt>
      <trkpt lat="36.8767287" lon="138.2355081">
        <ele>832.2828785068364</ele>
      </trkpt>
      <trkpt lat="36.876725" lon="138.2355165">
        <ele>832.2226082508226</ele>
      </trkpt>
      <trkpt lat="36.8767226" lon="138.2355264">
        <ele>832.1887002323294</ele>
      </trkpt>
      <trkpt lat="36.8767202" lon="138.2355363">
        <ele>832.154792215955</ele>
      </trkpt>
      <trkpt lat="36.8767193" lon="138.235547">
        <ele>832.1502177377467</ele>
      </trkpt>
      <trkpt lat="36.8767185" lon="138.2355577">
        <ele>832.1475366907663</ele>
      </trkpt>
      <trkpt lat="36.8767183" lon="138.2355639">
        <ele>832.1716489356944</ele>
      </trkpt>
      <trkpt lat="36.8767182" lon="138.2355701">
        <ele>832.2058731223925</ele>
      </trkpt>
      <trkpt lat="36.8767188" lon="138.235581">
        <ele>832.2807308121586</ele>
      </trkpt>
      <trkpt lat="36.8767195" lon="138.235592">
        <ele>832.3580644757722</ele>
      </trkpt>
      <trkpt lat="36.8767205" lon="138.2356027">
        <ele>832.4393308069326</ele>
      </trkpt>
      <trkpt lat="36.8767216" lon="138.2356135">
        <ele>832.5230731119403</ele>
      </trkpt>
      <trkpt lat="36.8767227" lon="138.2356246">
        <ele>832.6085630435964</ele>
      </trkpt>
      <trkpt lat="36.8767238" lon="138.2356358">
        <ele>832.6946355179884</ele>
      </trkpt>
      <trkpt lat="36.8767249" lon="138.2356473">
        <ele>832.7883657142816</ele>
      </trkpt>
      <trkpt lat="36.876726" lon="138.2356589">
        <ele>832.9101857015891</ele>
      </trkpt>
      <trkpt lat="36.8767273" lon="138.23567">
        <ele>833.0299118828915</ele>
      </trkpt>
      <trkpt lat="36.8767287" lon="138.2356812">
        <ele>833.1507378618875</ele>
      </trkpt>
      <trkpt lat="36.8767293" lon="138.2356911">
        <ele>833.2456260741875</ele>
      </trkpt>
      <trkpt lat="36.8767299" lon="138.2357011">
        <ele>833.3407612374689</ele>
      </trkpt>
      <trkpt lat="36.8767294" lon="138.23571">
        <ele>833.4087456903875</ele>
      </trkpt>
      <trkpt lat="36.8767289" lon="138.235719">
        <ele>833.4780400506027</ele>
      </trkpt>
      <trkpt lat="36.8767281" lon="138.2357275">
        <ele>833.5390708983828</ele>
      </trkpt>
      <trkpt lat="36.8767273" lon="138.2357361">
        <ele>833.6232058796093</ele>
      </trkpt>
      <trkpt lat="36.8767262" lon="138.2357447">
        <ele>833.7190714534979</ele>
      </trkpt>
      <trkpt lat="36.8767252" lon="138.2357533">
        <ele>833.816676942784</ele>
      </trkpt>
      <trkpt lat="36.876724" lon="138.2357612">
        <ele>833.9026401308497</ele>
      </trkpt>
      <trkpt lat="36.8767228" lon="138.2357691">
        <ele>833.9889250566255</ele>
      </trkpt>
      <trkpt lat="36.8767215" lon="138.2357773">
        <ele>834.0780768002098</ele>
      </trkpt>
      <trkpt lat="36.8767202" lon="138.2357856">
        <ele>834.1689004425621</ele>
      </trkpt>
      <trkpt lat="36.8767185" lon="138.2357971">
        <ele>834.2967063486685</ele>
      </trkpt>
      <trkpt lat="36.8767169" lon="138.2358087">
        <ele>834.4278164825419</ele>
      </trkpt>
      <trkpt lat="36.876715" lon="138.2358244">
        <ele>834.6152774547252</ele>
      </trkpt>
      <trkpt lat="36.8767131" lon="138.2358402">
        <ele>834.8128123802171</ele>
      </trkpt>
      <trkpt lat="36.8767128" lon="138.2358577">
        <ele>835.0550789307312</ele>
      </trkpt>
      <trkpt lat="36.8767125" lon="138.2358752">
        <ele>835.2978800141137</ele>
      </trkpt>
      <trkpt lat="36.8767142" lon="138.2358904">
        <ele>835.5275733840077</ele>
      </trkpt>
      <trkpt lat="36.876716" lon="138.2359057">
        <ele>835.7592400437479</ele>
      </trkpt>
      <trkpt lat="36.876719" lon="138.2359191">
        <ele>835.9806946582829</ele>
      </trkpt>
      <trkpt lat="36.8767221" lon="138.2359325">
        <ele>836.2001936591354</ele>
      </trkpt>
      <trkpt lat="36.876725" lon="138.2359444">
        <ele>836.393835157309</ele>
      </trkpt>
      <trkpt lat="36.876728" lon="138.2359564">
        <ele>836.5872551580915</ele>
      </trkpt>
      <trkpt lat="36.8767304" lon="138.2359679">
        <ele>836.7672217199205</ele>
      </trkpt>
      <trkpt lat="36.8767328" lon="138.2359795">
        <ele>836.9467272503152</ele>
      </trkpt>
      <trkpt lat="36.8767348" lon="138.2359919">
        <ele>837.1332911322435</ele>
      </trkpt>
      <trkpt lat="36.8767368" lon="138.2360043">
        <ele>837.3181716606982</ele>
      </trkpt>
      <trkpt lat="36.8767386" lon="138.2360181">
        <ele>837.5059668707561</ele>
      </trkpt>
      <trkpt lat="36.8767404" lon="138.236032">
        <ele>837.6916576508552</ele>
      </trkpt>
      <trkpt lat="36.8767416" lon="138.2360468">
        <ele>837.8910069967758</ele>
      </trkpt>
      <trkpt lat="36.8767428" lon="138.2360616">
        <ele>838.0891508446368</ele>
      </trkpt>
      <trkpt lat="36.8767423" lon="138.2360771">
        <ele>838.2995864288074</ele>
      </trkpt>
      <trkpt lat="36.8767418" lon="138.2360927">
        <ele>838.4817597250701</ele>
      </trkpt>
      <trkpt lat="36.8767406" lon="138.236108">
        <ele>838.6658861887015</ele>
      </trkpt>
      <trkpt lat="36.8767395" lon="138.2361233">
        <ele>838.8505104845899</ele>
      </trkpt>
      <trkpt lat="36.8767381" lon="138.2361376">
        <ele>839.0270643748502</ele>
      </trkpt>
      <trkpt lat="36.8767367" lon="138.236152">
        <ele>839.2026576322979</ele>
      </trkpt>
      <trkpt lat="36.8767344" lon="138.2361664">
        <ele>839.3568684521173</ele>
      </trkpt>
      <trkpt lat="36.8767322" lon="138.2361808">
        <ele>839.5028579115121</ele>
      </trkpt>
      <trkpt lat="36.8767304" lon="138.2361948">
        <ele>839.6466115474655</ele>
      </trkpt>
      <trkpt lat="36.8767287" lon="138.2362088">
        <ele>839.7914293958349</ele>
      </trkpt>
      <trkpt lat="36.8767283" lon="138.2362219">
        <ele>839.9298924582675</ele>
      </trkpt>
      <trkpt lat="36.876728" lon="138.2362351">
        <ele>840.0697617182145</ele>
      </trkpt>
      <trkpt lat="36.8767285" lon="138.2362489">
        <ele>840.2103725260596</ele>
      </trkpt>
      <trkpt lat="36.8767291" lon="138.2362627">
        <ele>840.3237935750522</ele>
      </trkpt>
      <trkpt lat="36.8767304" lon="138.2362773">
        <ele>840.4447586369478</ele>
      </trkpt>
      <trkpt lat="36.8767318" lon="138.2362919">
        <ele>840.5658693471005</ele>
      </trkpt>
      <trkpt lat="36.8767325" lon="138.2363054">
        <ele>840.6769893671632</ele>
      </trkpt>
      <trkpt lat="36.8767332" lon="138.236319">
        <ele>840.788924946777</ele>
      </trkpt>
      <trkpt lat="36.8767323" lon="138.2363306">
        <ele>840.8822189660524</ele>
      </trkpt>
      <trkpt lat="36.8767314" lon="138.2363422">
        <ele>840.9635588665739</ele>
      </trkpt>
      <trkpt lat="36.876728" lon="138.2363535">
        <ele>841.0375995402235</ele>
      </trkpt>
      <trkpt lat="36.8767246" lon="138.2363648">
        <ele>841.1116402138267</ele>
      </trkpt>
      <trkpt lat="36.8767194" lon="138.236376">
        <ele>841.1823601632854</ele>
      </trkpt>
      <trkpt lat="36.8767142" lon="138.2363872">
        <ele>841.2530801127673</ele>
      </trkpt>
      <trkpt lat="36.8767092" lon="138.2364004">
        <ele>841.3380723734626</ele>
      </trkpt>
      <trkpt lat="36.8767042" lon="138.2364137">
        <ele>841.4237636853483</ele>
      </trkpt>
      <trkpt lat="36.8767009" lon="138.236429">
        <ele>841.5190316253494</ele>
      </trkpt>
      <trkpt lat="36.8766977" lon="138.2364443">
        <ele>841.6105106766872</ele>
      </trkpt>
      <trkpt lat="36.8766966" lon="138.2364611">
        <ele>841.714334588662</ele>
      </trkpt>
      <trkpt lat="36.8766955" lon="138.2364779">
        <ele>841.817531315455</ele>
      </trkpt>
      <trkpt lat="36.8766967" lon="138.2364969">
        <ele>841.9403276599462</ele>
      </trkpt>
      <trkpt lat="36.8766979" lon="138.236516">
        <ele>842.064530493722</ele>
      </trkpt>
      <trkpt lat="36.8767017" lon="138.2365361">
        <ele>842.2048660395305</ele>
      </trkpt>
      <trkpt lat="36.8767055" lon="138.2365563">
        <ele>842.3484393999162</ele>
      </trkpt>
      <trkpt lat="36.8767094" lon="138.2365752">
        <ele>842.4865542306787</ele>
      </trkpt>
      <trkpt lat="36.8767133" lon="138.2365942">
        <ele>842.6259113151857</ele>
      </trkpt>
      <trkpt lat="36.8767168" lon="138.2366113">
        <ele>842.7495816125237</ele>
      </trkpt>
      <trkpt lat="36.8767203" lon="138.2366285">
        <ele>842.877956709045</ele>
      </trkpt>
      <trkpt lat="36.8767234" lon="138.2366442">
        <ele>842.9981132828761</ele>
      </trkpt>
      <trkpt lat="36.8767265" lon="138.2366599">
        <ele>843.1215734383621</ele>
      </trkpt>
      <trkpt lat="36.8767294" lon="138.2366747">
        <ele>843.2408192825649</ele>
      </trkpt>
      <trkpt lat="36.8767323" lon="138.2366895">
        <ele>843.3475275738717</ele>
      </trkpt>
      <trkpt lat="36.8767355" lon="138.2367034">
        <ele>843.4522224884329</ele>
      </trkpt>
      <trkpt lat="36.8767387" lon="138.2367174">
        <ele>843.5441687095786</ele>
      </trkpt>
      <trkpt lat="36.876742" lon="138.2367304">
        <ele>843.6206700132698</ele>
      </trkpt>
      <trkpt lat="36.8767454" lon="138.2367435">
        <ele>843.702220060525</ele>
      </trkpt>
      <trkpt lat="36.8767474" lon="138.2367572">
        <ele>843.790398850862</ele>
      </trkpt>
      <trkpt lat="36.8767494" lon="138.236771">
        <ele>843.8873048739054</ele>
      </trkpt>
      <trkpt lat="36.8767491" lon="138.2367858">
        <ele>843.9903274266061</ele>
      </trkpt>
      <trkpt lat="36.8767489" lon="138.2368007">
        <ele>844.0941946786609</ele>
      </trkpt>
      <trkpt lat="36.876747" lon="138.2368153">
        <ele>844.193488752331</ele>
      </trkpt>
      <trkpt lat="36.8767452" lon="138.2368299">
        <ele>844.2929284746771</ele>
      </trkpt>
      <trkpt lat="36.8767427" lon="138.2368438">
        <ele>844.3864553020348</ele>
      </trkpt>
      <trkpt lat="36.8767402" lon="138.2368577">
        <ele>844.4685949167144</ele>
      </trkpt>
      <trkpt lat="36.8767381" lon="138.2368712">
        <ele>844.5439124582999</ele>
      </trkpt>
      <trkpt lat="36.8767361" lon="138.2368847">
        <ele>844.6094992364771</ele>
      </trkpt>
      <trkpt lat="36.8767356" lon="138.2368979">
        <ele>844.6805688662002</ele>
      </trkpt>
      <trkpt lat="36.8767351" lon="138.2369111">
        <ele>844.7516384955044</ele>
      </trkpt>
      <trkpt lat="36.8767359" lon="138.236924">
        <ele>844.8361079521492</ele>
      </trkpt>
      <trkpt lat="36.8767368" lon="138.236937">
        <ele>844.9272863666257</ele>
      </trkpt>
      <trkpt lat="36.8767385" lon="138.2369499">
        <ele>845.0259467052485</ele>
      </trkpt>
      <trkpt lat="36.8767402" lon="138.2369628">
        <ele>845.1223586496744</ele>
      </trkpt>
      <trkpt lat="36.8767421" lon="138.2369757">
        <ele>845.2187544623065</ele>
      </trkpt>
      <trkpt lat="36.8767441" lon="138.2369887">
        <ele>845.31534763373</ele>
      </trkpt>
      <trkpt lat="36.876745" lon="138.2370017">
        <ele>845.4075389496684</ele>
      </trkpt>
      <trkpt lat="36.8767459" lon="138.2370147">
        <ele>845.4993331841474</ele>
      </trkpt>
      <trkpt lat="36.8767471" lon="138.2370296">
        <ele>845.6026277587443</ele>
      </trkpt>
      <trkpt lat="36.8767484" lon="138.2370446">
        <ele>845.7049860800764</ele>
      </trkpt>
      <trkpt lat="36.8767497" lon="138.2370609">
        <ele>845.8145484176482</ele>
      </trkpt>
      <trkpt lat="36.8767511" lon="138.2370772">
        <ele>845.9227648050585</ele>
      </trkpt>
      <trkpt lat="36.8767516" lon="138.2370935">
        <ele>846.0290988119829</ele>
      </trkpt>
      <trkpt lat="36.8767522" lon="138.2371099">
        <ele>846.1149265672361</ele>
      </trkpt>
      <trkpt lat="36.8767524" lon="138.2371242">
        <ele>846.1536466816353</ele>
      </trkpt>
      <trkpt lat="36.8767526" lon="138.2371386">
        <ele>846.1923457452872</ele>
      </trkpt>
      <trkpt lat="36.8767529" lon="138.2371514">
        <ele>846.2262064065093</ele>
      </trkpt>
      <trkpt lat="36.8767532" lon="138.2371643">
        <ele>846.2599431829514</ele>
      </trkpt>
      <trkpt lat="36.8767533" lon="138.2371773">
        <ele>846.2942935681638</ele>
      </trkpt>
      <trkpt lat="36.8767534" lon="138.2371903">
        <ele>846.3284019802163</ele>
      </trkpt>
      <trkpt lat="36.8767533" lon="138.2372028">
        <ele>846.3364904508373</ele>
      </trkpt>
      <trkpt lat="36.8767533" lon="138.2372154">
        <ele>846.3442030050999</ele>
      </trkpt>
      <trkpt lat="36.8767533" lon="138.2372278">
        <ele>846.3517931378562</ele>
      </trkpt>
      <trkpt lat="36.8767534" lon="138.2372402">
        <ele>846.3587767899617</ele>
      </trkpt>
      <trkpt lat="36.8767527" lon="138.237252">
        <ele>846.3704853086067</ele>
      </trkpt>
      <trkpt lat="36.876752" lon="138.2372639">
        <ele>846.3828201154987</ele>
      </trkpt>
      <trkpt lat="36.8767505" lon="138.2372768">
        <ele>846.3993887957303</ele>
      </trkpt>
      <trkpt lat="36.8767491" lon="138.2372897">
        <ele>846.3690044797609</ele>
      </trkpt>
      <trkpt lat="36.8767461" lon="138.2373041">
        <ele>846.3511831266795</ele>
      </trkpt>
      <trkpt lat="36.8767431" lon="138.2373185">
        <ele>846.3392263600707</ele>
      </trkpt>
      <trkpt lat="36.8767387" lon="138.2373332">
        <ele>846.3479957993848</ele>
      </trkpt>
      <trkpt lat="36.8767343" lon="138.2373479">
        <ele>846.3385949120077</ele>
      </trkpt>
      <trkpt lat="36.8767288" lon="138.237362">
        <ele>846.323527750406</ele>
      </trkpt>
      <trkpt lat="36.8767234" lon="138.2373762">
        <ele>846.2862294782213</ele>
      </trkpt>
      <trkpt lat="36.8767173" lon="138.237389">
        <ele>846.2673854947866</ele>
      </trkpt>
      <trkpt lat="36.8767113" lon="138.2374018">
        <ele>846.258579131616</ele>
      </trkpt>
      <trkpt lat="36.8767048" lon="138.2374138">
        <ele>846.265422872279</ele>
      </trkpt>
      <trkpt lat="36.8766983" lon="138.2374258">
        <ele>846.2828554428879</ele>
      </trkpt>
      <trkpt lat="36.876692" lon="138.2374384">
        <ele>846.3083007276161</ele>
      </trkpt>
      <trkpt lat="36.8766857" lon="138.237451">
        <ele>846.3426430342414</ele>
      </trkpt>
      <trkpt lat="36.8766808" lon="138.237465">
        <ele>846.3637784791838</ele>
      </trkpt>
      <trkpt lat="36.876676" lon="138.2374791">
        <ele>846.3884478259591</ele>
      </trkpt>
      <trkpt lat="36.8766736" lon="138.2374945">
        <ele>846.3912884464967</ele>
      </trkpt>
      <trkpt lat="36.8766712" lon="138.23751">
        <ele>846.3965116169595</ele>
      </trkpt>
      <trkpt lat="36.8766723" lon="138.2375254">
        <ele>846.3645666795713</ele>
      </trkpt>
      <trkpt lat="36.8766734" lon="138.2375408">
        <ele>846.3386565124182</ele>
      </trkpt>
      <trkpt lat="36.876674" lon="138.2375561">
        <ele>846.3255013053401</ele>
      </trkpt>
      <trkpt lat="36.8766746" lon="138.2375714">
        <ele>846.3110998747429</ele>
      </trkpt>
      <trkpt lat="36.8766715" lon="138.2375866">
        <ele>846.35192907951</ele>
      </trkpt>
      <trkpt lat="36.8766684" lon="138.2376018">
        <ele>846.3991550211539</ele>
      </trkpt>
      <trkpt lat="36.876663" lon="138.2376157">
        <ele>846.4071178554677</ele>
      </trkpt>
      <trkpt lat="36.8766577" lon="138.2376296">
        <ele>846.4073110514167</ele>
      </trkpt>
      <trkpt lat="36.8766518" lon="138.2376423">
        <ele>846.4102827117409</ele>
      </trkpt>
      <trkpt lat="36.8766459" lon="138.2376551">
        <ele>846.418300078502</ele>
      </trkpt>
      <trkpt lat="36.8766405" lon="138.2376672">
        <ele>846.4300462424064</ele>
      </trkpt>
      <trkpt lat="36.8766351" lon="138.2376794">
        <ele>846.4462238242418</ele>
      </trkpt>
      <trkpt lat="36.87663" lon="138.2376911">
        <ele>846.4656328956726</ele>
      </trkpt>
      <trkpt lat="36.876625" lon="138.2377029">
        <ele>846.4886941036634</ele>
      </trkpt>
      <trkpt lat="36.8766208" lon="138.2377148">
        <ele>846.5197733035548</ele>
      </trkpt>
      <trkpt lat="36.8766166" lon="138.2377268">
        <ele>846.5578026146658</ele>
      </trkpt>
      <trkpt lat="36.8766132" lon="138.2377404">
        <ele>846.5987285349468</ele>
      </trkpt>
      <trkpt lat="36.8766098" lon="138.237754">
        <ele>846.6443624068851</ele>
      </trkpt>
      <trkpt lat="36.8766053" lon="138.2377685">
        <ele>846.7048433168493</ele>
      </trkpt>
      <trkpt lat="36.8766009" lon="138.2377831">
        <ele>846.771361694782</ele>
      </trkpt>
      <trkpt lat="36.8765952" lon="138.2377976">
        <ele>846.8172286218347</ele>
      </trkpt>
      <trkpt lat="36.8765896" lon="138.2378121">
        <ele>846.8634318346583</ele>
      </trkpt>
      <trkpt lat="36.8765839" lon="138.2378257">
        <ele>846.9178377739238</ele>
      </trkpt>
      <trkpt lat="36.8765782" lon="138.2378393">
        <ele>846.982767366812</ele>
      </trkpt>
      <trkpt lat="36.8765734" lon="138.2378516">
        <ele>847.0490939156891</ele>
      </trkpt>
      <trkpt lat="36.8765687" lon="138.237864">
        <ele>847.1233843405372</ele>
      </trkpt>
      <trkpt lat="36.876565" lon="138.2378764">
        <ele>847.1997939796117</ele>
      </trkpt>
      <trkpt lat="36.8765613" lon="138.2378889">
        <ele>847.2907480778182</ele>
      </trkpt>
      <trkpt lat="36.876558" lon="138.237901">
        <ele>847.3843310408432</ele>
      </trkpt>
      <trkpt lat="36.8765547" lon="138.2379131">
        <ele>847.4846898252488</ele>
      </trkpt>
      <trkpt lat="36.8765493" lon="138.2379247">
        <ele>847.6093634771321</ele>
      </trkpt>
      <trkpt lat="36.8765439" lon="138.2379363">
        <ele>847.7446666628413</ele>
      </trkpt>
      <trkpt lat="36.8765371" lon="138.2379467">
        <ele>847.8980215407294</ele>
      </trkpt>
      <trkpt lat="36.8765304" lon="138.2379572">
        <ele>848.0574201327842</ele>
      </trkpt>
      <trkpt lat="36.8765229" lon="138.2379677">
        <ele>848.1802408652644</ele>
      </trkpt>
      <trkpt lat="36.8765154" lon="138.2379782">
        <ele>848.3191566701281</ele>
      </trkpt>
      <trkpt lat="36.8765085" lon="138.2379887">
        <ele>848.4698998083129</ele>
      </trkpt>
      <trkpt lat="36.8765016" lon="138.2379993">
        <ele>848.6365112131713</ele>
      </trkpt>
      <trkpt lat="36.8764961" lon="138.2380091">
        <ele>848.7958045459554</ele>
      </trkpt>
      <trkpt lat="36.8764906" lon="138.238019">
        <ele>848.9673007883813</ele>
      </trkpt>
      <trkpt lat="36.8764867" lon="138.2380289">
        <ele>849.1321130381233</ele>
      </trkpt>
      <trkpt lat="36.8764829" lon="138.2380388">
        <ele>849.3035759448317</ele>
      </trkpt>
      <trkpt lat="36.8764803" lon="138.2380495">
        <ele>849.477896129399</ele>
      </trkpt>
      <trkpt lat="36.8764778" lon="138.2380602">
        <ele>849.6589249991058</ele>
      </trkpt>
      <trkpt lat="36.8764764" lon="138.2380719">
        <ele>849.8419442680515</ele>
      </trkpt>
      <trkpt lat="36.8764751" lon="138.2380836">
        <ele>850.0261349087532</ele>
      </trkpt>
      <trkpt lat="36.8764742" lon="138.2380958">
        <ele>850.2131480195312</ele>
      </trkpt>
      <trkpt lat="36.8764733" lon="138.238108">
        <ele>850.4020243518212</ele>
      </trkpt>
      <trkpt lat="36.8764712" lon="138.2381201">
        <ele>850.6143489076612</ele>
      </trkpt>
      <trkpt lat="36.8764692" lon="138.2381322">
        <ele>850.8289648037689</ele>
      </trkpt>
      <trkpt lat="36.8764649" lon="138.2381434">
        <ele>851.0830824929836</ele>
      </trkpt>
      <trkpt lat="36.8764606" lon="138.2381546">
        <ele>851.3389934650779</ele>
      </trkpt>
      <trkpt lat="36.8764549" lon="138.2381655">
        <ele>851.6137217235178</ele>
      </trkpt>
      <trkpt lat="36.8764493" lon="138.2381764">
        <ele>851.8928140932967</ele>
      </trkpt>
      <trkpt lat="36.8764431" lon="138.2381889">
        <ele>852.2160277574598</ele>
      </trkpt>
      <trkpt lat="36.876437" lon="138.2382014">
        <ele>852.5450431633301</ele>
      </trkpt>
      <trkpt lat="36.8764323" lon="138.2382145">
        <ele>852.8616921697146</ele>
      </trkpt>
      <trkpt lat="36.8764276" lon="138.2382276">
        <ele>853.1761166691</ele>
      </trkpt>
      <trkpt lat="36.876425" lon="138.2382396">
        <ele>853.4263905813114</ele>
      </trkpt>
      <trkpt lat="36.8764225" lon="138.2382516">
        <ele>853.6795078764335</ele>
      </trkpt>
      <trkpt lat="36.8764207" lon="138.2382619">
        <ele>853.8920483092205</ele>
      </trkpt>
      <trkpt lat="36.8764189" lon="138.2382722">
        <ele>854.1077348347919</ele>
      </trkpt>
      <trkpt lat="36.8764168" lon="138.2382821">
        <ele>854.3280339778078</ele>
      </trkpt>
      <trkpt lat="36.8764148" lon="138.238292">
        <ele>854.549067231945</ele>
      </trkpt>
      <trkpt lat="36.8764127" lon="138.2383032">
        <ele>854.7984777511872</ele>
      </trkpt>
      <trkpt lat="36.8764106" lon="138.2383145">
        <ele>855.0313175755067</ele>
      </trkpt>
      <trkpt lat="36.8764091" lon="138.2383268">
        <ele>855.255316490685</ele>
      </trkpt>
      <trkpt lat="36.8764076" lon="138.2383391">
        <ele>855.4805677331256</ele>
      </trkpt>
      <trkpt lat="36.8764067" lon="138.238352">
        <ele>855.6974932103026</ele>
      </trkpt>
      <trkpt lat="36.8764059" lon="138.238365">
        <ele>855.9135672873279</ele>
      </trkpt>
      <trkpt lat="36.8764036" lon="138.238377">
        <ele>856.1628941311938</ele>
      </trkpt>
      <trkpt lat="36.8764013" lon="138.238389">
        <ele>856.4140943746437</ele>
      </trkpt>
      <trkpt lat="36.8763967" lon="138.2383987">
        <ele>856.682778515963</ele>
      </trkpt>
      <trkpt lat="36.8763922" lon="138.2384085">
        <ele>856.9337936328618</ele>
      </trkpt>
      <trkpt lat="36.8763848" lon="138.2384165">
        <ele>857.2243009925886</ele>
      </trkpt>
      <trkpt lat="36.8763774" lon="138.2384245">
        <ele>857.5168174875564</ele>
      </trkpt>
      <trkpt lat="36.8763675" lon="138.2384319">
        <ele>857.8713506520975</ele>
      </trkpt>
      <trkpt lat="36.8763577" lon="138.2384393">
        <ele>858.2256679740422</ele>
      </trkpt>
      <trkpt lat="36.8763459" lon="138.238447">
        <ele>858.64047899622</ele>
      </trkpt>
      <trkpt lat="36.8763342" lon="138.2384547">
        <ele>859.0556453451605</ele>
      </trkpt>
      <trkpt lat="36.8763221" lon="138.2384622">
        <ele>859.4599641406808</ele>
      </trkpt>
      <trkpt lat="36.8763101" lon="138.2384698">
        <ele>859.7995955115498</ele>
      </trkpt>
      <trkpt lat="36.8762987" lon="138.2384762">
        <ele>860.1167365944698</ele>
      </trkpt>
      <trkpt lat="36.8762874" lon="138.2384827">
        <ele>860.4000889484475</ele>
      </trkpt>
      <trkpt lat="36.8762763" lon="138.2384904">
        <ele>860.678592223914</ele>
      </trkpt>
      <trkpt lat="36.8762652" lon="138.2384982">
        <ele>860.9606802906828</ele>
      </trkpt>
      <trkpt lat="36.8762543" lon="138.238509">
        <ele>861.2442923130445</ele>
      </trkpt>
      <trkpt lat="36.8762435" lon="138.2385199">
        <ele>861.4544487502808</ele>
      </trkpt>
      <trkpt lat="36.8762327" lon="138.2385339">
        <ele>861.6915174897947</ele>
      </trkpt>
      <trkpt lat="36.876222" lon="138.2385479">
        <ele>861.932433396958</ele>
      </trkpt>
      <trkpt lat="36.8762115" lon="138.2385641">
        <ele>862.1902513554227</ele>
      </trkpt>
      <trkpt lat="36.8762011" lon="138.2385804">
        <ele>862.3799532985272</ele>
      </trkpt>
      <trkpt lat="36.8761902" lon="138.2385996">
        <ele>862.5922590055881</ele>
      </trkpt>
      <trkpt lat="36.8761794" lon="138.2386189">
        <ele>862.7377675724638</ele>
      </trkpt>
      <trkpt lat="36.8761675" lon="138.2386411">
        <ele>862.8861615825851</ele>
      </trkpt>
      <trkpt lat="36.8761556" lon="138.2386633">
        <ele>862.9461316714596</ele>
      </trkpt>
      <trkpt lat="36.8761443" lon="138.2386856">
        <ele>862.9531288362961</ele>
      </trkpt>
      <trkpt lat="36.876133" lon="138.238708">
        <ele>862.9684214668484</ele>
      </trkpt>
      <trkpt lat="36.8761228" lon="138.2387287">
        <ele>862.9884521678465</ele>
      </trkpt>
      <trkpt lat="36.8761126" lon="138.2387495">
        <ele>862.9176254196923</ele>
      </trkpt>
      <trkpt lat="36.8761029" lon="138.2387674">
        <ele>862.8204860149599</ele>
      </trkpt>
      <trkpt lat="36.8760933" lon="138.2387853">
        <ele>862.7352532869277</ele>
      </trkpt>
      <trkpt lat="36.8760821" lon="138.238802">
        <ele>862.6648027249889</ele>
      </trkpt>
      <trkpt lat="36.8760709" lon="138.2388188">
        <ele>862.6067452758091</ele>
      </trkpt>
      <trkpt lat="36.8760587" lon="138.2388365">
        <ele>862.523555399488</ele>
      </trkpt>
      <trkpt lat="36.8760465" lon="138.2388543">
        <ele>862.41162759314</ele>
      </trkpt>
      <trkpt lat="36.8760379" lon="138.2388723">
        <ele>862.2660997016854</ele>
      </trkpt>
      <trkpt lat="36.8760293" lon="138.2388904">
        <ele>862.1359742309098</ele>
      </trkpt>
      <trkpt lat="36.876025" lon="138.2389084">
        <ele>862.047855990969</ele>
      </trkpt>
      <trkpt lat="36.8760208" lon="138.2389265">
        <ele>861.9785373336666</ele>
      </trkpt>
      <trkpt lat="36.8760179" lon="138.2389442">
        <ele>861.92124388358</ele>
      </trkpt>
      <trkpt lat="36.8760151" lon="138.2389619">
        <ele>861.8678303297756</ele>
      </trkpt>
      <trkpt lat="36.8760119" lon="138.2389806">
        <ele>861.8142498737991</ele>
      </trkpt>
      <trkpt lat="36.8760088" lon="138.2389994">
        <ele>861.76952991124</ele>
      </trkpt>
      <trkpt lat="36.876005" lon="138.2390186">
        <ele>861.7370436455443</ele>
      </trkpt>
      <trkpt lat="36.8760013" lon="138.2390379">
        <ele>861.7119479713277</ele>
      </trkpt>
      <trkpt lat="36.8759958" lon="138.2390572">
        <ele>861.6947907590196</ele>
      </trkpt>
      <trkpt lat="36.8759904" lon="138.2390766">
        <ele>861.6882618462218</ele>
      </trkpt>
      <trkpt lat="36.8759836" lon="138.2390969">
        <ele>861.7164380299552</ele>
      </trkpt>
      <trkpt lat="36.8759769" lon="138.2391172">
        <ele>861.7050805956839</ele>
      </trkpt>
      <trkpt lat="36.8759702" lon="138.2391383">
        <ele>861.6869652518425</ele>
      </trkpt>
      <trkpt lat="36.8759635" lon="138.2391595">
        <ele>861.6834529269752</ele>
      </trkpt>
      <trkpt lat="36.8759564" lon="138.2391794">
        <ele>861.7132192817419</ele>
      </trkpt>
      <trkpt lat="36.8759494" lon="138.2391994">
        <ele>861.7701212748002</ele>
      </trkpt>
      <trkpt lat="36.875941" lon="138.2392164">
        <ele>861.8278129346263</ele>
      </trkpt>
      <trkpt lat="36.8759326" lon="138.2392335">
        <ele>861.9054568132437</ele>
      </trkpt>
      <trkpt lat="36.875923" lon="138.2392525">
        <ele>862.0173389435239</ele>
      </trkpt>
      <trkpt lat="36.8759134" lon="138.2392716">
        <ele>862.1742331577085</ele>
      </trkpt>
      <trkpt lat="36.8759045" lon="138.2392936">
        <ele>862.2855553143323</ele>
      </trkpt>
      <trkpt lat="36.8758956" lon="138.2393157">
        <ele>862.4276947800031</ele>
      </trkpt>
      <trkpt lat="36.875889" lon="138.2393386">
        <ele>862.6230276861505</ele>
      </trkpt>
      <trkpt lat="36.8758825" lon="138.2393615">
        <ele>862.8567767056966</ele>
      </trkpt>
      <trkpt lat="36.8758785" lon="138.2393833">
        <ele>863.1006091362938</ele>
      </trkpt>
      <trkpt lat="36.8758745" lon="138.2394052">
        <ele>863.3574732913806</ele>
      </trkpt>
      <trkpt lat="36.87587" lon="138.2394278">
        <ele>863.6444199622395</ele>
      </trkpt>
      <trkpt lat="36.8758655" lon="138.2394505">
        <ele>863.9752976702656</ele>
      </trkpt>
      <trkpt lat="36.875861" lon="138.2394742">
        <ele>864.341601442605</ele>
      </trkpt>
      <trkpt lat="36.8758565" lon="138.239498">
        <ele>864.731130614449</ele>
      </trkpt>
      <trkpt lat="36.8758527" lon="138.2395214">
        <ele>865.1300601757296</ele>
      </trkpt>
      <trkpt lat="36.875849" lon="138.2395448">
        <ele>865.5447237933721</ele>
      </trkpt>
      <trkpt lat="36.8758466" lon="138.2395658">
        <ele>865.9154421239773</ele>
      </trkpt>
      <trkpt lat="36.8758442" lon="138.2395868">
        <ele>866.29083435967</ele>
      </trkpt>
      <trkpt lat="36.8758426" lon="138.2396043">
        <ele>866.567859097813</ele>
      </trkpt>
      <trkpt lat="36.8758411" lon="138.2396218">
        <ele>866.8414365795458</ele>
      </trkpt>
      <trkpt lat="36.8758383" lon="138.2396372">
        <ele>867.0935117349051</ele>
      </trkpt>
      <trkpt lat="36.8758356" lon="138.2396527">
        <ele>867.3538465592812</ele>
      </trkpt>
      <trkpt lat="36.8758307" lon="138.2396677">
        <ele>867.6302735608654</ele>
      </trkpt>
      <trkpt lat="36.8758258" lon="138.2396827">
        <ele>867.906352731624</ele>
      </trkpt>
      <trkpt lat="36.8758188" lon="138.2396986">
        <ele>868.1820447439259</ele>
      </trkpt>
      <trkpt lat="36.8758119" lon="138.2397146">
        <ele>868.473119435915</ele>
      </trkpt>
      <trkpt lat="36.8758034" lon="138.2397311">
        <ele>868.8059489482876</ele>
      </trkpt>
      <trkpt lat="36.875795" lon="138.2397476">
        <ele>869.1564805327225</ele>
      </trkpt>
      <trkpt lat="36.8757865" lon="138.2397629">
        <ele>869.5085761578077</ele>
      </trkpt>
      <trkpt lat="36.875778" lon="138.2397783">
        <ele>869.8493409112973</ele>
      </trkpt>
      <trkpt lat="36.8757699" lon="138.2397925">
        <ele>870.1187584203999</ele>
      </trkpt>
      <trkpt lat="36.8757618" lon="138.2398068">
        <ele>870.3826787612488</ele>
      </trkpt>
      <trkpt lat="36.8757539" lon="138.2398218">
        <ele>870.6715165751309</ele>
      </trkpt>
      <trkpt lat="36.8757461" lon="138.2398369">
        <ele>870.9771174838393</ele>
      </trkpt>
      <trkpt lat="36.8757392" lon="138.2398516">
        <ele>871.2797050896353</ele>
      </trkpt>
      <trkpt lat="36.8757324" lon="138.2398663">
        <ele>871.5187202175923</ele>
      </trkpt>
      <trkpt lat="36.8757259" lon="138.2398798">
        <ele>871.7501638431415</ele>
      </trkpt>
      <trkpt lat="36.8757194" lon="138.2398933">
        <ele>871.9905416759767</ele>
      </trkpt>
      <trkpt lat="36.8757117" lon="138.2399054">
        <ele>872.2378807678192</ele>
      </trkpt>
      <trkpt lat="36.875704" lon="138.2399175">
        <ele>872.4653608193167</ele>
      </trkpt>
      <trkpt lat="36.8756947" lon="138.23993">
        <ele>872.6776650127306</ele>
      </trkpt>
      <trkpt lat="36.8756855" lon="138.2399425">
        <ele>872.8850800739541</ele>
      </trkpt>
      <trkpt lat="36.8756745" lon="138.2399562">
        <ele>873.1027862713136</ele>
      </trkpt>
      <trkpt lat="36.8756635" lon="138.2399699">
        <ele>873.3358358775031</ele>
      </trkpt>
      <trkpt lat="36.8756507" lon="138.2399845">
        <ele>873.6099749701996</ele>
      </trkpt>
      <trkpt lat="36.875638" lon="138.2399991">
        <ele>873.8991660349119</ele>
      </trkpt>
      <trkpt lat="36.8756246" lon="138.240012">
        <ele>874.1114306287632</ele>
      </trkpt>
      <trkpt lat="36.8756113" lon="138.2400249">
        <ele>874.33484263664</ele>
      </trkpt>
      <trkpt lat="36.8755984" lon="138.2400368">
        <ele>874.4862724839965</ele>
      </trkpt>
      <trkpt lat="36.8755856" lon="138.2400488">
        <ele>874.6536139766256</ele>
      </trkpt>
      <trkpt lat="36.8755734" lon="138.2400607">
        <ele>874.8318937407325</ele>
      </trkpt>
      <trkpt lat="36.8755612" lon="138.2400727">
        <ele>874.9455096622546</ele>
      </trkpt>
      <trkpt lat="36.8755492" lon="138.2400874">
        <ele>875.0739311745417</ele>
      </trkpt>
      <trkpt lat="36.8755373" lon="138.2401022">
        <ele>875.2274954512162</ele>
      </trkpt>
      <trkpt lat="36.8755241" lon="138.2401177">
        <ele>875.3500327420651</ele>
      </trkpt>
      <trkpt lat="36.875511" lon="138.2401332">
        <ele>875.4562069854277</ele>
      </trkpt>
      <trkpt lat="36.8754971" lon="138.2401455">
        <ele>875.5486648958295</ele>
      </trkpt>
      <trkpt lat="36.8754833" lon="138.2401578">
        <ele>875.6115247077314</ele>
      </trkpt>
      <trkpt lat="36.8754688" lon="138.2401682">
        <ele>875.6743928355882</ele>
      </trkpt>
      <trkpt lat="36.8754543" lon="138.2401786">
        <ele>875.7526145276604</ele>
      </trkpt>
      <trkpt lat="36.875439" lon="138.2401889">
        <ele>875.844957676373</ele>
      </trkpt>
      <trkpt lat="36.8754238" lon="138.2401992">
        <ele>875.8458708538892</ele>
      </trkpt>
      <trkpt lat="36.8754079" lon="138.2402107">
        <ele>875.7581841475345</ele>
      </trkpt>
      <trkpt lat="36.8753921" lon="138.2402222">
        <ele>875.6895548022796</ele>
      </trkpt>
      <trkpt lat="36.8753767" lon="138.2402369">
        <ele>875.6463128893381</ele>
      </trkpt>
      <trkpt lat="36.8753614" lon="138.2402517">
        <ele>875.6160552704396</ele>
      </trkpt>
      <trkpt lat="36.8753467" lon="138.2402692">
        <ele>875.565159519129</ele>
      </trkpt>
      <trkpt lat="36.875332" lon="138.2402868">
        <ele>875.4907824901856</ele>
      </trkpt>
      <trkpt lat="36.8753186" lon="138.2403062">
        <ele>875.3551060518314</ele>
      </trkpt>
      <trkpt lat="36.8753053" lon="138.2403257">
        <ele>875.2372355774612</ele>
      </trkpt>
      <trkpt lat="36.8752951" lon="138.2403473">
        <ele>875.142736792832</ele>
      </trkpt>
      <trkpt lat="36.875285" lon="138.2403689">
        <ele>874.9480505559405</ele>
      </trkpt>
      <trkpt lat="36.8752782" lon="138.2403936">
        <ele>874.5884912866345</ele>
      </trkpt>
      <trkpt lat="36.8752715" lon="138.2404183">
        <ele>874.2357086284023</ele>
      </trkpt>
      <trkpt lat="36.8752645" lon="138.2404445">
        <ele>873.8687432404678</ele>
      </trkpt>
      <trkpt lat="36.8752575" lon="138.2404707">
        <ele>873.410047834008</ele>
      </trkpt>
      <trkpt lat="36.8752477" lon="138.2404953">
        <ele>872.926128901134</ele>
      </trkpt>
      <trkpt lat="36.8752379" lon="138.2405199">
        <ele>872.4585734878751</ele>
      </trkpt>
      <trkpt lat="36.8752271" lon="138.2405437">
        <ele>871.9772438970587</ele>
      </trkpt>
      <trkpt lat="36.8752164" lon="138.2405676">
        <ele>871.3201200452934</ele>
      </trkpt>
      <trkpt lat="36.8752076" lon="138.2405904">
        <ele>870.7245607369272</ele>
      </trkpt>
      <trkpt lat="36.8751989" lon="138.2406133">
        <ele>870.1419622630307</ele>
      </trkpt>
      <trkpt lat="36.8751916" lon="138.2406354">
        <ele>869.5993988263053</ele>
      </trkpt>
      <trkpt lat="36.8751844" lon="138.2406575">
        <ele>869.0587975286348</ele>
      </trkpt>
      <trkpt lat="36.8751779" lon="138.2406813">
        <ele>868.4978560189261</ele>
      </trkpt>
      <trkpt lat="36.8751714" lon="138.2407051">
        <ele>867.942164705777</ele>
      </trkpt>
      <trkpt lat="36.8751677" lon="138.2407324">
        <ele>867.3804173164406</ele>
      </trkpt>
      <trkpt lat="36.8751641" lon="138.2407597">
        <ele>866.8280766025872</ele>
      </trkpt>
      <trkpt lat="36.8751629" lon="138.240788">
        <ele>866.2851439903307</ele>
      </trkpt>
      <trkpt lat="36.8751618" lon="138.2408163">
        <ele>865.7922446827089</ele>
      </trkpt>
      <trkpt lat="36.8751606" lon="138.2408435">
        <ele>865.3346668594531</ele>
      </trkpt>
      <trkpt lat="36.8751594" lon="138.2408708">
        <ele>864.8776681128554</ele>
      </trkpt>
      <trkpt lat="36.8751577" lon="138.2408973">
        <ele>864.4501196456283</ele>
      </trkpt>
      <trkpt lat="36.8751561" lon="138.2409239">
        <ele>864.0217334822718</ele>
      </trkpt>
      <trkpt lat="36.8751588" lon="138.2409507">
        <ele>863.6484897242522</ele>
      </trkpt>
      <trkpt lat="36.8751616" lon="138.2409776">
        <ele>863.2646718290517</ele>
      </trkpt>
      <trkpt lat="36.8751707" lon="138.2410062">
        <ele>862.8966701698048</ele>
      </trkpt>
      <trkpt lat="36.8751798" lon="138.2410349">
        <ele>862.518400486724</ele>
      </trkpt>
      <trkpt lat="36.8751905" lon="138.2410662">
        <ele>862.0820257052419</ele>
      </trkpt>
      <trkpt lat="36.8752012" lon="138.2410975">
        <ele>861.6136306793491</ele>
      </trkpt>
      <trkpt lat="36.8752108" lon="138.2411315">
        <ele>861.0887665634821</ele>
      </trkpt>
      <trkpt lat="36.8752205" lon="138.2411655">
        <ele>860.5556811893207</ele>
      </trkpt>
      <trkpt lat="36.8752303" lon="138.2411998">
        <ele>859.9828694053464</ele>
      </trkpt>
      <trkpt lat="36.8752401" lon="138.2412342">
        <ele>859.3558504487859</ele>
      </trkpt>
      <trkpt lat="36.8752552" lon="138.241263">
        <ele>858.7530020095879</ele>
      </trkpt>
      <trkpt lat="36.8752704" lon="138.2412919">
        <ele>858.1478524846962</ele>
      </trkpt>
      <trkpt lat="36.8752911" lon="138.2413107">
        <ele>857.7056367146896</ele>
      </trkpt>
      <trkpt lat="36.8753118" lon="138.2413296">
        <ele>857.1273830765779</ele>
      </trkpt>
      <trkpt lat="36.8753339" lon="138.2413376">
        <ele>856.7468602761052</ele>
      </trkpt>
      <trkpt lat="36.8753561" lon="138.2413456">
        <ele>856.3713783300421</ele>
      </trkpt>
      <trkpt lat="36.875378" lon="138.2413438">
        <ele>856.1965069357273</ele>
      </trkpt>
      <trkpt lat="36.8754" lon="138.241342">
        <ele>856.0193322227119</ele>
      </trkpt>
      <trkpt lat="36.8754236" lon="138.2413353">
        <ele>855.917399289522</ele>
      </trkpt>
      <trkpt lat="36.8754473" lon="138.2413286">
        <ele>855.830688233441</ele>
      </trkpt>
      <trkpt lat="36.8754695" lon="138.2413208">
        <ele>855.7841527240668</ele>
      </trkpt>
      <trkpt lat="36.8754917" lon="138.2413131">
        <ele>855.7299767984317</ele>
      </trkpt>
      <trkpt lat="36.8755053" lon="138.2413007">
        <ele>855.8171377054034</ele>
      </trkpt>
      <trkpt lat="36.8755189" lon="138.2412884">
        <ele>855.9124439548309</ele>
      </trkpt>
      <trkpt lat="36.8755241" lon="138.241272">
        <ele>856.113936278738</ele>
      </trkpt>
      <trkpt lat="36.8755294" lon="138.2412557">
        <ele>856.3074537941618</ele>
      </trkpt>
      <trkpt lat="36.8755343" lon="138.241242">
        <ele>856.461943548127</ele>
      </trkpt>
      <trkpt lat="36.8755392" lon="138.2412284">
        <ele>856.6104913173303</ele>
      </trkpt>
      <trkpt lat="36.8755479" lon="138.2412216">
        <ele>856.6216155622529</ele>
      </trkpt>
      <trkpt lat="36.8755567" lon="138.2412149">
        <ele>856.617145651864</ele>
      </trkpt>
      <trkpt lat="36.8755696" lon="138.241213">
        <ele>856.5202410318412</ele>
      </trkpt>
      <trkpt lat="36.8755825" lon="138.2412112">
        <ele>856.476137677641</ele>
      </trkpt>
      <trkpt lat="36.8755981" lon="138.2412098">
        <ele>856.414381093505</ele>
      </trkpt>
      <trkpt lat="36.8756138" lon="138.2412084">
        <ele>856.3506512145457</ele>
      </trkpt>
      <trkpt lat="36.8756306" lon="138.241206">
        <ele>856.2884001261565</ele>
      </trkpt>
      <trkpt lat="36.8756474" lon="138.2412036">
        <ele>856.2463045235376</ele>
      </trkpt>
      <trkpt lat="36.8756647" lon="138.2411998">
        <ele>856.2288030562763</ele>
      </trkpt>
      <trkpt lat="36.8756821" lon="138.2411961">
        <ele>856.2037252257207</ele>
      </trkpt>
      <trkpt lat="36.8756994" lon="138.2411911">
        <ele>856.1789701388593</ele>
      </trkpt>
      <trkpt lat="36.8757168" lon="138.2411862">
        <ele>856.1649989014586</ele>
      </trkpt>
      <trkpt lat="36.8757333" lon="138.2411802">
        <ele>856.1663016357194</ele>
      </trkpt>
      <trkpt lat="36.8757499" lon="138.2411743">
        <ele>856.1603937626309</ele>
      </trkpt>
      <trkpt lat="36.8757654" lon="138.2411689">
        <ele>856.1485832519547</ele>
      </trkpt>
      <trkpt lat="36.875781" lon="138.2411635">
        <ele>856.1460824002688</ele>
      </trkpt>
      <trkpt lat="36.8757952" lon="138.2411604">
        <ele>856.1633312450947</ele>
      </trkpt>
      <trkpt lat="36.8758094" lon="138.2411573">
        <ele>856.1775921759984</ele>
      </trkpt>
      <trkpt lat="36.8758225" lon="138.2411587">
        <ele>856.1849264857691</ele>
      </trkpt>
      <trkpt lat="36.8758356" lon="138.2411601">
        <ele>856.1935056493918</ele>
      </trkpt>
      <trkpt lat="36.8758469" lon="138.2411667">
        <ele>856.1987759710951</ele>
      </trkpt>
      <trkpt lat="36.8758582" lon="138.2411733">
        <ele>856.1962302873781</ele>
      </trkpt>
      <trkpt lat="36.8758669" lon="138.2411837">
        <ele>856.201773140622</ele>
      </trkpt>
      <trkpt lat="36.8758757" lon="138.2411942">
        <ele>856.2136067247337</ele>
      </trkpt>
      <trkpt lat="36.8758832" lon="138.2412077">
        <ele>856.2346290563189</ele>
      </trkpt>
      <trkpt lat="36.8758908" lon="138.2412213">
        <ele>856.2628163688746</ele>
      </trkpt>
      <trkpt lat="36.8758979" lon="138.2412359">
        <ele>856.258341763911</ele>
      </trkpt>
      <trkpt lat="36.875905" lon="138.2412505">
        <ele>856.2504561257806</ele>
      </trkpt>
      <trkpt lat="36.8759128" lon="138.2412652">
        <ele>856.2514780960224</ele>
      </trkpt>
      <trkpt lat="36.8759207" lon="138.24128">
        <ele>856.2605264417405</ele>
      </trkpt>
      <trkpt lat="36.875931" lon="138.241294">
        <ele>856.2871957877735</ele>
      </trkpt>
      <trkpt lat="36.8759414" lon="138.241308">
        <ele>856.3240826706603</ele>
      </trkpt>
      <trkpt lat="36.8759553" lon="138.2413193">
        <ele>856.3720174562304</ele>
      </trkpt>
      <trkpt lat="36.8759692" lon="138.2413307">
        <ele>856.4319591103454</ele>
      </trkpt>
      <trkpt lat="36.8759842" lon="138.2413402">
        <ele>856.5131502890572</ele>
      </trkpt>
      <trkpt lat="36.8759993" lon="138.2413498">
        <ele>856.6002582112999</ele>
      </trkpt>
      <trkpt lat="36.8760135" lon="138.2413593">
        <ele>856.6916600948226</ele>
      </trkpt>
      <trkpt lat="36.8760277" lon="138.2413689">
        <ele>856.792374448218</ele>
      </trkpt>
      <trkpt lat="36.8760404" lon="138.2413798">
        <ele>856.8948937178117</ele>
      </trkpt>
      <trkpt lat="36.8760532" lon="138.2413907">
        <ele>857.0072718390961</ele>
      </trkpt>
      <trkpt lat="36.8760654" lon="138.2414027">
        <ele>857.1046617020596</ele>
      </trkpt>
      <trkpt lat="36.8760776" lon="138.2414147">
        <ele>857.193389789406</ele>
      </trkpt>
      <trkpt lat="36.8760904" lon="138.2414258">
        <ele>857.2968779903244</ele>
      </trkpt>
      <trkpt lat="36.8761033" lon="138.241437">
        <ele>857.4109402873163</ele>
      </trkpt>
      <trkpt lat="36.8761165" lon="138.2414459">
        <ele>857.5350476776648</ele>
      </trkpt>
      <trkpt lat="36.8761298" lon="138.2414549">
        <ele>857.6428131201983</ele>
      </trkpt>
      <trkpt lat="36.8761424" lon="138.2414629">
        <ele>857.7519173315964</ele>
      </trkpt>
      <trkpt lat="36.8761551" lon="138.241471">
        <ele>857.8758665276862</ele>
      </trkpt>
      <trkpt lat="36.8761679" lon="138.2414802">
        <ele>858.0195631919769</ele>
      </trkpt>
      <trkpt lat="36.8761807" lon="138.2414895">
        <ele>858.1537229065048</ele>
      </trkpt>
      <trkpt lat="36.8761948" lon="138.2415001">
        <ele>858.3007057452625</ele>
      </trkpt>
      <trkpt lat="36.876209" lon="138.2415108">
        <ele>858.453872880048</ele>
      </trkpt>
      <trkpt lat="36.8762237" lon="138.2415201">
        <ele>858.6213366901738</ele>
      </trkpt>
      <trkpt lat="36.8762384" lon="138.2415295">
        <ele>858.8032105921035</ele>
      </trkpt>
      <trkpt lat="36.8762532" lon="138.2415362">
        <ele>858.9848830267574</ele>
      </trkpt>
      <trkpt lat="36.8762681" lon="138.241543">
        <ele>859.1271940720735</ele>
      </trkpt>
      <trkpt lat="36.8762821" lon="138.2415494">
        <ele>859.2572637858549</ele>
      </trkpt>
      <trkpt lat="36.8762962" lon="138.2415559">
        <ele>859.3979094343538</ele>
      </trkpt>
      <trkpt lat="36.8763088" lon="138.2415631">
        <ele>859.5433060689163</ele>
      </trkpt>
      <trkpt lat="36.8763214" lon="138.2415703">
        <ele>859.6852442426941</ele>
      </trkpt>
      <trkpt lat="36.876333" lon="138.2415783">
        <ele>859.8105516172122</ele>
      </trkpt>
      <trkpt lat="36.8763446" lon="138.2415864">
        <ele>859.9423568674715</ele>
      </trkpt>
      <trkpt lat="36.876356" lon="138.2415956">
        <ele>860.0851824673643</ele>
      </trkpt>
      <trkpt lat="36.8763674" lon="138.2416049">
        <ele>860.2357367482014</ele>
      </trkpt>
      <trkpt lat="36.8763793" lon="138.2416155">
        <ele>860.4063708352946</ele>
      </trkpt>
      <trkpt lat="36.8763913" lon="138.2416262">
        <ele>860.5871845231787</ele>
      </trkpt>
      <trkpt lat="36.8764039" lon="138.2416369">
        <ele>860.7351264110695</ele>
      </trkpt>
      <trkpt lat="36.8764166" lon="138.2416477">
        <ele>860.8865008706227</ele>
      </trkpt>
      <trkpt lat="36.87643" lon="138.2416568">
        <ele>861.0272713502496</ele>
      </trkpt>
      <trkpt lat="36.8764434" lon="138.241666">
        <ele>861.1545357008013</ele>
      </trkpt>
      <trkpt lat="36.8764575" lon="138.2416748">
        <ele>861.2924989468557</ele>
      </trkpt>
      <trkpt lat="36.8764717" lon="138.2416836">
        <ele>861.4171718788065</ele>
      </trkpt>
      <trkpt lat="36.8764859" lon="138.2416929">
        <ele>861.5456519152954</ele>
      </trkpt>
      <trkpt lat="36.8765001" lon="138.2417022">
        <ele>861.6875777086062</ele>
      </trkpt>
      <trkpt lat="36.8765143" lon="138.2417111">
        <ele>861.8395616880073</ele>
      </trkpt>
      <trkpt lat="36.8765286" lon="138.2417201">
        <ele>862.0059629371121</ele>
      </trkpt>
      <trkpt lat="36.876544" lon="138.2417277">
        <ele>862.1840294229049</ele>
      </trkpt>
      <trkpt lat="36.8765594" lon="138.2417354">
        <ele>862.3686301994819</ele>
      </trkpt>
      <trkpt lat="36.876575" lon="138.2417423">
        <ele>862.5317701478244</ele>
      </trkpt>
      <trkpt lat="36.8765906" lon="138.2417493">
        <ele>862.6774413517376</ele>
      </trkpt>
      <trkpt lat="36.8766064" lon="138.2417556">
        <ele>862.8482222926606</ele>
      </trkpt>
      <trkpt lat="36.8766222" lon="138.241762">
        <ele>863.0527799157106</ele>
      </trkpt>
      <trkpt lat="36.8766382" lon="138.2417663">
        <ele>863.2539067061894</ele>
      </trkpt>
      <trkpt lat="36.8766543" lon="138.2417706">
        <ele>863.4608293349623</ele>
      </trkpt>
      <trkpt lat="36.8766701" lon="138.2417735">
        <ele>863.665797133143</ele>
      </trkpt>
      <trkpt lat="36.876686" lon="138.2417765">
        <ele>863.928483181451</ele>
      </trkpt>
      <trkpt lat="36.8767015" lon="138.2417802">
        <ele>864.1919763089845</ele>
      </trkpt>
      <trkpt lat="36.876717" lon="138.241784">
        <ele>864.458197470342</ele>
      </trkpt>
      <trkpt lat="36.8767318" lon="138.2417886">
        <ele>864.722099625622</ele>
      </trkpt>
      <trkpt lat="36.8767467" lon="138.2417932">
        <ele>865.0374634085231</ele>
      </trkpt>
      <trkpt lat="36.8767614" lon="138.2417989">
        <ele>865.3836951554758</ele>
      </trkpt>
      <trkpt lat="36.8767762" lon="138.2418046">
        <ele>865.7319660419137</ele>
      </trkpt>
      <trkpt lat="36.8767913" lon="138.2418105">
        <ele>866.0879853500987</ele>
      </trkpt>
      <trkpt lat="36.8768064" lon="138.2418164">
        <ele>866.4449667935769</ele>
      </trkpt>
      <trkpt lat="36.8768212" lon="138.2418211">
        <ele>866.8056913805326</ele>
      </trkpt>
      <trkpt lat="36.8768361" lon="138.2418259">
        <ele>867.1686356291641</ele>
      </trkpt>
      <trkpt lat="36.8768512" lon="138.2418291">
        <ele>867.5134432408029</ele>
      </trkpt>
      <trkpt lat="36.8768663" lon="138.2418323">
        <ele>867.8582509175876</ele>
      </trkpt>
      <trkpt lat="36.8768812" lon="138.2418334">
        <ele>868.1989184306935</ele>
      </trkpt>
      <trkpt lat="36.8768962" lon="138.2418345">
        <ele>868.5536021273584</ele>
      </trkpt>
      <trkpt lat="36.876911" lon="138.241836">
        <ele>868.9054892621938</ele>
      </trkpt>
      <trkpt lat="36.8769259" lon="138.2418376">
        <ele>869.2601728804412</ele>
      </trkpt>
      <trkpt lat="36.8769405" lon="138.2418391">
        <ele>869.6073993816975</ele>
      </trkpt>
      <trkpt lat="36.8769551" lon="138.2418406">
        <ele>869.9514392478761</ele>
      </trkpt>
      <trkpt lat="36.8769693" lon="138.2418421">
        <ele>870.2849403826282</ele>
      </trkpt>
      <trkpt lat="36.8769836" lon="138.2418436">
        <ele>870.6200176819743</ele>
      </trkpt>
      <trkpt lat="36.8769971" lon="138.2418449">
        <ele>870.9352470363671</ele>
      </trkpt>
      <trkpt lat="36.8770106" lon="138.2418463">
        <ele>871.2502321106143</ele>
      </trkpt>
      <trkpt lat="36.8770236" lon="138.2418479">
        <ele>871.5456073312955</ele>
      </trkpt>
      <trkpt lat="36.8770367" lon="138.2418495">
        <ele>871.8431483101483</ele>
      </trkpt>
      <trkpt lat="36.8770501" lon="138.2418514">
        <ele>872.1493316206214</ele>
      </trkpt>
      <trkpt lat="36.8770636" lon="138.2418534">
        <ele>872.4590493478255</ele>
      </trkpt>
      <trkpt lat="36.8770776" lon="138.2418547">
        <ele>872.777634030622</ele>
      </trkpt>
      <trkpt lat="36.8770916" lon="138.241856">
        <ele>873.0849851848943</ele>
      </trkpt>
      <trkpt lat="36.8771058" lon="138.2418566">
        <ele>873.3903097977259</ele>
      </trkpt>
      <trkpt lat="36.87712" lon="138.2418573">
        <ele>873.6957439701317</ele>
      </trkpt>
      <trkpt lat="36.8771344" lon="138.2418578">
        <ele>874.0043502306427</ele>
      </trkpt>
      <trkpt lat="36.8771489" lon="138.2418584">
        <ele>874.3151902194115</ele>
      </trkpt>
      <trkpt lat="36.8771637" lon="138.2418587">
        <ele>874.618074129988</ele>
      </trkpt>
      <trkpt lat="36.8771785" lon="138.2418591">
        <ele>874.9212578375364</ele>
      </trkpt>
      <trkpt lat="36.8771938" lon="138.24186">
        <ele>875.2363846931612</ele>
      </trkpt>
      <trkpt lat="36.8772091" lon="138.2418609">
        <ele>875.5515116110452</ele>
      </trkpt>
      <trkpt lat="36.8772246" lon="138.241862">
        <ele>875.8670417511673</ele>
      </trkpt>
      <trkpt lat="36.8772402" lon="138.2418631">
        <ele>876.178796255417</ele>
      </trkpt>
      <trkpt lat="36.8772553" lon="138.2418641">
        <ele>876.4798191074625</ele>
      </trkpt>
      <trkpt lat="36.8772705" lon="138.2418651">
        <ele>876.7823007656518</ele>
      </trkpt>
      <trkpt lat="36.8772853" lon="138.2418656">
        <ele>877.075215176115</ele>
      </trkpt>
      <trkpt lat="36.8773001" lon="138.2418662">
        <ele>877.3575908119328</ele>
      </trkpt>
      <trkpt lat="36.8773153" lon="138.2418669">
        <ele>877.6470257069687</ele>
      </trkpt>
      <trkpt lat="36.8773306" lon="138.2418677">
        <ele>877.9385871219221</ele>
      </trkpt>
      <trkpt lat="36.8773467" lon="138.2418684">
        <ele>878.2450631532823</ele>
      </trkpt>
      <trkpt lat="36.8773629" lon="138.2418692">
        <ele>878.5593103799905</ele>
      </trkpt>
      <trkpt lat="36.8773789" lon="138.2418698">
        <ele>878.8747473759665</ele>
      </trkpt>
      <trkpt lat="36.8773949" lon="138.2418705">
        <ele>879.1900238143135</ele>
      </trkpt>
      <trkpt lat="36.8774096" lon="138.24187">
        <ele>879.4777458872442</ele>
      </trkpt>
      <trkpt lat="36.8774243" lon="138.2418695">
        <ele>879.7662542609972</ele>
      </trkpt>
      <trkpt lat="36.8774377" lon="138.2418695">
        <ele>880.0394935103607</ele>
      </trkpt>
      <trkpt lat="36.8774511" lon="138.2418696">
        <ele>880.3128493160483</ele>
      </trkpt>
      <trkpt lat="36.8774637" lon="138.2418695">
        <ele>880.5696593544453</ele>
      </trkpt>
      <trkpt lat="36.8774764" lon="138.2418694">
        <ele>880.8285085352611</ele>
      </trkpt>
      <trkpt lat="36.8774893" lon="138.2418686">
        <ele>881.0906204009434</ele>
      </trkpt>
      <trkpt lat="36.8775023" lon="138.2418678">
        <ele>881.3620564093683</ele>
      </trkpt>
      <trkpt lat="36.8775162" lon="138.2418673">
        <ele>881.6547766497697</ele>
      </trkpt>
      <trkpt lat="36.8775302" lon="138.2418669">
        <ele>881.949551841217</ele>
      </trkpt>
      <trkpt lat="36.8775441" lon="138.2418664">
        <ele>882.2418231768266</ele>
      </trkpt>
      <trkpt lat="36.877558" lon="138.2418659">
        <ele>882.5338586900649</ele>
      </trkpt>
      <trkpt lat="36.877571" lon="138.2418663">
        <ele>882.8312965413559</ele>
      </trkpt>
      <trkpt lat="36.877584" lon="138.2418667">
        <ele>883.1351810220633</ele>
      </trkpt>
      <trkpt lat="36.8775966" lon="138.2418681">
        <ele>883.4320741092793</ele>
      </trkpt>
      <trkpt lat="36.8776093" lon="138.2418696">
        <ele>883.7315306654207</ele>
      </trkpt>
      <trkpt lat="36.8776225" lon="138.2418719">
        <ele>884.0445034286015</ele>
      </trkpt>
      <trkpt lat="36.8776358" lon="138.2418742">
        <ele>884.346829447423</ele>
      </trkpt>
      <trkpt lat="36.8776495" lon="138.2418779">
        <ele>884.6474743265137</ele>
      </trkpt>
      <trkpt lat="36.8776633" lon="138.2418816">
        <ele>884.9519746013932</ele>
      </trkpt>
      <trkpt lat="36.8776778" lon="138.2418862">
        <ele>885.2760305339535</ele>
      </trkpt>
      <trkpt lat="36.8776924" lon="138.2418909">
        <ele>885.6048404982236</ele>
      </trkpt>
      <trkpt lat="36.8777083" lon="138.2418944">
        <ele>885.9743276482075</ele>
      </trkpt>
      <trkpt lat="36.8777243" lon="138.2418979">
        <ele>886.3564860058029</ele>
      </trkpt>
      <trkpt lat="36.8777401" lon="138.2419005">
        <ele>886.7321311971393</ele>
      </trkpt>
      <trkpt lat="36.877756" lon="138.2419031">
        <ele>887.1114877936895</ele>
      </trkpt>
      <trkpt lat="36.8777711" lon="138.2419056">
        <ele>887.4608964892107</ele>
      </trkpt>
      <trkpt lat="36.8777862" lon="138.2419081">
        <ele>887.7799055799233</ele>
      </trkpt>
      <trkpt lat="36.8777999" lon="138.2419115">
        <ele>888.07371936294</ele>
      </trkpt>
      <trkpt lat="36.8778136" lon="138.2419149">
        <ele>888.3559045906453</ele>
      </trkpt>
      <trkpt lat="36.8778259" lon="138.2419188">
        <ele>888.611449039631</ele>
      </trkpt>
      <trkpt lat="36.8778382" lon="138.2419228">
        <ele>888.8687426203586</ele>
      </trkpt>
      <trkpt lat="36.8778495" lon="138.2419268">
        <ele>889.1070457123673</ele>
      </trkpt>
      <trkpt lat="36.8778608" lon="138.2419309">
        <ele>889.3470422709138</ele>
      </trkpt>
      <trkpt lat="36.8778719" lon="138.2419347">
        <ele>889.5839166997443</ele>
      </trkpt>
      <trkpt lat="36.877883" lon="138.2419386">
        <ele>889.8224197701359</ele>
      </trkpt>
      <trkpt lat="36.8778942" lon="138.2419418">
        <ele>890.0629723300203</ele>
      </trkpt>
      <trkpt lat="36.8779054" lon="138.241945">
        <ele>890.3019171278529</ele>
      </trkpt>
      <trkpt lat="36.8779168" lon="138.241949">
        <ele>890.5253801294456</ele>
      </trkpt>
      <trkpt lat="36.8779282" lon="138.2419531">
        <ele>890.7522529128189</ele>
      </trkpt>
      <trkpt lat="36.87794" lon="138.2419599">
        <ele>890.9994905671483</ele>
      </trkpt>
      <trkpt lat="36.8779519" lon="138.2419667">
        <ele>891.2541118802262</ele>
      </trkpt>
      <trkpt lat="36.8779645" lon="138.2419754">
        <ele>891.5362633494295</ele>
      </trkpt>
      <trkpt lat="36.8779772" lon="138.2419841">
        <ele>891.8170445158157</ele>
      </trkpt>
      <trkpt lat="36.8779907" lon="138.2419941">
        <ele>892.0996024715723</ele>
      </trkpt>
      <trkpt lat="36.8780042" lon="138.2420041">
        <ele>892.3596847055426</ele>
      </trkpt>
      <trkpt lat="36.8780182" lon="138.2420145">
        <ele>892.6336179013284</ele>
      </trkpt>
      <trkpt lat="36.8780323" lon="138.242025">
        <ele>892.9245694731638</ele>
      </trkpt>
      <trkpt lat="36.8780456" lon="138.2420353">
        <ele>893.2089388327272</ele>
      </trkpt>
      <trkpt lat="36.878059" lon="138.2420457">
        <ele>893.4913465506941</ele>
      </trkpt>
      <trkpt lat="36.8780716" lon="138.2420559">
        <ele>893.7628948643326</ele>
      </trkpt>
      <trkpt lat="36.8780843" lon="138.2420661">
        <ele>894.0406705510951</ele>
      </trkpt>
      <trkpt lat="36.878097" lon="138.2420753">
        <ele>894.3184057794434</ele>
      </trkpt>
      <trkpt lat="36.8781097" lon="138.2420845">
        <ele>894.5934359924169</ele>
      </trkpt>
      <trkpt lat="36.8781224" lon="138.2420935">
        <ele>894.8466862658436</ele>
      </trkpt>
      <trkpt lat="36.8781352" lon="138.2421025">
        <ele>895.105728135934</ele>
      </trkpt>
      <trkpt lat="36.8781474" lon="138.2421124">
        <ele>895.3586420428255</ele>
      </trkpt>
      <trkpt lat="36.8781597" lon="138.2421224">
        <ele>895.617816581048</ele>
      </trkpt>
      <trkpt lat="36.8781714" lon="138.2421332">
        <ele>895.8710611945281</ele>
      </trkpt>
      <trkpt lat="36.8781832" lon="138.2421441">
        <ele>896.1116912853327</ele>
      </trkpt>
      <trkpt lat="36.8781947" lon="138.2421549">
        <ele>896.3192692211111</ele>
      </trkpt>
      <trkpt lat="36.8782062" lon="138.2421658">
        <ele>896.5313419175886</ele>
      </trkpt>
      <trkpt lat="36.878218" lon="138.2421767">
        <ele>896.7235996101426</ele>
      </trkpt>
      <trkpt lat="36.8782298" lon="138.2421877">
        <ele>896.9110122703735</ele>
      </trkpt>
      <trkpt lat="36.8782427" lon="138.2421989">
        <ele>897.1210029938931</ele>
      </trkpt>
      <trkpt lat="36.8782557" lon="138.2422101">
        <ele>897.337570180995</ele>
      </trkpt>
      <trkpt lat="36.8782683" lon="138.2422223">
        <ele>897.5526647648646</ele>
      </trkpt>
      <trkpt lat="36.878281" lon="138.2422345">
        <ele>897.7746908184374</ele>
      </trkpt>
      <trkpt lat="36.8782927" lon="138.2422477">
        <ele>897.9853929408587</ele>
      </trkpt>
      <trkpt lat="36.8783044" lon="138.2422609">
        <ele>898.163962240891</ele>
      </trkpt>
      <trkpt lat="36.8783154" lon="138.2422742">
        <ele>898.2942398546274</ele>
      </trkpt>
      <trkpt lat="36.8783264" lon="138.2422875">
        <ele>898.3704956393725</ele>
      </trkpt>
      <trkpt lat="36.8783374" lon="138.2423018">
        <ele>898.4433922126854</ele>
      </trkpt>
      <trkpt lat="36.8783484" lon="138.2423161">
        <ele>898.521627456646</ele>
      </trkpt>
      <trkpt lat="36.8783597" lon="138.2423314">
        <ele>898.6051636181758</ele>
      </trkpt>
      <trkpt lat="36.8783711" lon="138.2423468">
        <ele>898.6798765480803</ele>
      </trkpt>
      <trkpt lat="36.8783825" lon="138.242363">
        <ele>898.7356122005783</ele>
      </trkpt>
      <trkpt lat="36.8783939" lon="138.2423792">
        <ele>898.7843475503921</ele>
      </trkpt>
      <trkpt lat="36.8784063" lon="138.242396">
        <ele>898.8453292966617</ele>
      </trkpt>
      <trkpt lat="36.8784187" lon="138.2424129">
        <ele>898.9128563097073</ele>
      </trkpt>
      <trkpt lat="36.8784322" lon="138.2424302">
        <ele>898.9865583586285</ele>
      </trkpt>
      <trkpt lat="36.8784457" lon="138.2424476">
        <ele>899.0216180612575</ele>
      </trkpt>
      <trkpt lat="36.8784592" lon="138.2424645">
        <ele>899.0393853183548</ele>
      </trkpt>
      <trkpt lat="36.8784727" lon="138.2424815">
        <ele>899.0331110421585</ele>
      </trkpt>
      <trkpt lat="36.878484" lon="138.2424969">
        <ele>899.0249095077018</ele>
      </trkpt>
      <trkpt lat="36.8784953" lon="138.2425123">
        <ele>899.0215813225842</ele>
      </trkpt>
      <trkpt lat="36.8785041" lon="138.2425248">
        <ele>898.9947944840425</ele>
      </trkpt>
      <trkpt lat="36.878513" lon="138.2425373">
        <ele>898.9690272198065</ele>
      </trkpt>
      <trkpt lat="36.8785205" lon="138.2425471">
        <ele>898.9541518941295</ele>
      </trkpt>
      <trkpt lat="36.878528" lon="138.242557">
        <ele>898.9302244075966</ele>
      </trkpt>
      <trkpt lat="36.8785348" lon="138.2425658">
        <ele>898.9119592892719</ele>
      </trkpt>
      <trkpt lat="36.8785417" lon="138.2425746">
        <ele>898.8986976124816</ele>
      </trkpt>
      <trkpt lat="36.8785497" lon="138.2425842">
        <ele>898.8935360922519</ele>
      </trkpt>
      <trkpt lat="36.8785577" lon="138.2425938">
        <ele>898.8935876703094</ele>
      </trkpt>
      <trkpt lat="36.878567" lon="138.2426039">
        <ele>898.9061983034951</ele>
      </trkpt>
      <trkpt lat="36.8785764" lon="138.2426141">
        <ele>898.9188503525457</ele>
      </trkpt>
      <trkpt lat="36.8785863" lon="138.2426252">
        <ele>898.929260205804</ele>
      </trkpt>
      <trkpt lat="36.8785962" lon="138.2426363">
        <ele>898.9309734926735</ele>
      </trkpt>
      <trkpt lat="36.878606" lon="138.2426475">
        <ele>898.9296716528252</ele>
      </trkpt>
      <trkpt lat="36.8786159" lon="138.2426588">
        <ele>898.9360256649762</ele>
      </trkpt>
      <trkpt lat="36.8786249" lon="138.2426697">
        <ele>898.9440025580359</ele>
      </trkpt>
      <trkpt lat="36.878634" lon="138.2426807">
        <ele>898.9589795938282</ele>
      </trkpt>
      <trkpt lat="36.8786429" lon="138.2426919">
        <ele>898.9797582734091</ele>
      </trkpt>
      <trkpt lat="36.8786518" lon="138.2427031">
        <ele>899.0050892277984</ele>
      </trkpt>
      <trkpt lat="36.8786609" lon="138.2427138">
        <ele>899.0352936215327</ele>
      </trkpt>
      <trkpt lat="36.87867" lon="138.2427246">
        <ele>899.0519154901112</ele>
      </trkpt>
      <trkpt lat="36.8786787" lon="138.2427343">
        <ele>899.0772777512295</ele>
      </trkpt>
      <trkpt lat="36.8786874" lon="138.242744">
        <ele>899.1083683210533</ele>
      </trkpt>
      <trkpt lat="36.8786956" lon="138.2427534">
        <ele>899.1417323245603</ele>
      </trkpt>
      <trkpt lat="36.8787039" lon="138.2427628">
        <ele>899.1813261476052</ele>
      </trkpt>
      <trkpt lat="36.8787122" lon="138.2427737">
        <ele>899.2109765045602</ele>
      </trkpt>
      <trkpt lat="36.8787205" lon="138.2427846">
        <ele>899.2313304135427</ele>
      </trkpt>
      <trkpt lat="36.8787294" lon="138.2427962">
        <ele>899.2524976813643</ele>
      </trkpt>
      <trkpt lat="36.8787383" lon="138.2428079">
        <ele>899.2544980801198</ele>
      </trkpt>
      <trkpt lat="36.8787469" lon="138.2428195">
        <ele>899.2650705954047</ele>
      </trkpt>
      <trkpt lat="36.8787555" lon="138.2428312">
        <ele>899.2853576050313</ele>
      </trkpt>
      <trkpt lat="36.8787641" lon="138.2428426">
        <ele>899.3170870091083</ele>
      </trkpt>
      <trkpt lat="36.8787728" lon="138.242854">
        <ele>899.3598128129565</ele>
      </trkpt>
      <trkpt lat="36.8787821" lon="138.2428648">
        <ele>899.4233301505451</ele>
      </trkpt>
      <trkpt lat="36.8787915" lon="138.2428756">
        <ele>899.4951898520536</ele>
      </trkpt>
      <trkpt lat="36.8788015" lon="138.2428854">
        <ele>899.5689715475579</ele>
      </trkpt>
      <trkpt lat="36.8788115" lon="138.2428953">
        <ele>899.6339847603824</ele>
      </trkpt>
      <trkpt lat="36.8788217" lon="138.2429049">
        <ele>899.7079596143341</ele>
      </trkpt>
      <trkpt lat="36.8788319" lon="138.2429145">
        <ele>899.7885811941605</ele>
      </trkpt>
      <trkpt lat="36.878843" lon="138.2429251">
        <ele>899.8837525504581</ele>
      </trkpt>
      <trkpt lat="36.8788541" lon="138.2429358">
        <ele>899.9868722608956</ele>
      </trkpt>
      <trkpt lat="36.8788659" lon="138.2429473">
        <ele>900.0867534882073</ele>
      </trkpt>
      <trkpt lat="36.8788777" lon="138.2429589">
        <ele>900.105211794605</ele>
      </trkpt>
      <trkpt lat="36.8788891" lon="138.2429695">
        <ele>900.1369620813746</ele>
      </trkpt>
      <trkpt lat="36.8789005" lon="138.2429801">
        <ele>900.1810161371598</ele>
      </trkpt>
      <trkpt lat="36.8789119" lon="138.2429901">
        <ele>900.2373513110206</ele>
      </trkpt>
      <trkpt lat="36.8789233" lon="138.2430001">
        <ele>900.3052938198022</ele>
      </trkpt>
      <trkpt lat="36.8789346" lon="138.2430097">
        <ele>900.3822633422228</ele>
      </trkpt>
      <trkpt lat="36.878946" lon="138.2430194">
        <ele>900.440723643103</ele>
      </trkpt>
      <trkpt lat="36.8789571" lon="138.2430283">
        <ele>900.5007594719016</ele>
      </trkpt>
      <trkpt lat="36.8789682" lon="138.2430372">
        <ele>900.5552538201815</ele>
      </trkpt>
      <trkpt lat="36.8789781" lon="138.2430453">
        <ele>900.6125179856482</ele>
      </trkpt>
      <trkpt lat="36.8789881" lon="138.2430534">
        <ele>900.6785197190951</ele>
      </trkpt>
      <trkpt lat="36.8789966" lon="138.2430609">
        <ele>900.742347712715</ele>
      </trkpt>
      <trkpt lat="36.8790051" lon="138.2430685">
        <ele>900.8007250068408</ele>
      </trkpt>
      <trkpt lat="36.8790131" lon="138.2430754">
        <ele>900.8305789546179</ele>
      </trkpt>
      <trkpt lat="36.8790212" lon="138.2430823">
        <ele>900.8643684257927</ele>
      </trkpt>
      <trkpt lat="36.8790297" lon="138.2430899">
        <ele>900.9050722744685</ele>
      </trkpt>
      <trkpt lat="36.8790382" lon="138.2430975">
        <ele>900.9501611217192</ele>
      </trkpt>
      <trkpt lat="36.8790477" lon="138.2431061">
        <ele>901.0061521432743</ele>
      </trkpt>
      <trkpt lat="36.8790572" lon="138.2431147">
        <ele>901.0602233426957</ele>
      </trkpt>
      <trkpt lat="36.8790669" lon="138.2431236">
        <ele>901.0982062930216</ele>
      </trkpt>
      <trkpt lat="36.8790767" lon="138.2431326">
        <ele>901.1173774543029</ele>
      </trkpt>
      <trkpt lat="36.8790868" lon="138.2431414">
        <ele>901.1186595300014</ele>
      </trkpt>
      <trkpt lat="36.8790969" lon="138.2431503">
        <ele>901.1231180135703</ele>
      </trkpt>
      <trkpt lat="36.8791074" lon="138.2431606">
        <ele>901.1328487070182</ele>
      </trkpt>
      <trkpt lat="36.879118" lon="138.2431709">
        <ele>901.1462033129826</ele>
      </trkpt>
      <trkpt lat="36.8791285" lon="138.2431825">
        <ele>901.1660678649487</ele>
      </trkpt>
      <trkpt lat="36.879139" lon="138.2431942">
        <ele>901.1902975634754</ele>
      </trkpt>
      <trkpt lat="36.8791482" lon="138.2432065">
        <ele>901.1534266596935</ele>
      </trkpt>
      <trkpt lat="36.8791575" lon="138.2432189">
        <ele>901.1042025804275</ele>
      </trkpt>
      <trkpt lat="36.8791654" lon="138.2432307">
        <ele>901.06600875313</ele>
      </trkpt>
      <trkpt lat="36.8791733" lon="138.2432426">
        <ele>901.0310352644549</ele>
      </trkpt>
      <trkpt lat="36.8791807" lon="138.2432542">
        <ele>901.0014823203151</ele>
      </trkpt>
      <trkpt lat="36.8791881" lon="138.2432659">
        <ele>900.9749243570052</ele>
      </trkpt>
      <trkpt lat="36.8791952" lon="138.2432776">
        <ele>900.9526494965432</ele>
      </trkpt>
      <trkpt lat="36.8792024" lon="138.2432894">
        <ele>900.9082059450977</ele>
      </trkpt>
      <trkpt lat="36.8792093" lon="138.2433013">
        <ele>900.83700982091</ele>
      </trkpt>
      <trkpt lat="36.8792163" lon="138.2433132">
        <ele>900.7617719119551</ele>
      </trkpt>
      <trkpt lat="36.8792259" lon="138.2433263">
        <ele>900.6771547749081</ele>
      </trkpt>
      <trkpt lat="36.8792356" lon="138.2433395">
        <ele>900.6004206677371</ele>
      </trkpt>
      <trkpt lat="36.8792503" lon="138.2433568">
        <ele>900.5063297024853</ele>
      </trkpt>
      <trkpt lat="36.879265" lon="138.2433742">
        <ele>900.4148590005722</ele>
      </trkpt>
      <trkpt lat="36.8792853" lon="138.2433978">
        <ele>900.2201356728826</ele>
      </trkpt>
      <trkpt lat="36.8793057" lon="138.2434214">
        <ele>900.0035217422567</ele>
      </trkpt>
      <trkpt lat="36.8793278" lon="138.243448">
        <ele>899.8026894773941</ele>
      </trkpt>
      <trkpt lat="36.8793499" lon="138.2434747">
        <ele>899.5770354077804</ele>
      </trkpt>
      <trkpt lat="36.8793702" lon="138.243499">
        <ele>899.3961784116814</ele>
      </trkpt>
      <trkpt lat="36.8793906" lon="138.2435234">
        <ele>899.2650986732476</ele>
      </trkpt>
      <trkpt lat="36.8794092" lon="138.2435423">
        <ele>899.1970705099342</ele>
      </trkpt>
      <trkpt lat="36.8794278" lon="138.2435612">
        <ele>899.0987367390421</ele>
      </trkpt>
      <trkpt lat="36.8794439" lon="138.2435743">
        <ele>899.0378923912015</ele>
      </trkpt>
      <trkpt lat="36.87946" lon="138.2435875">
        <ele>898.9910524490135</ele>
      </trkpt>
      <trkpt lat="36.879473" lon="138.2435967">
        <ele>898.9676658831643</ele>
      </trkpt>
      <trkpt lat="36.8794861" lon="138.2436059">
        <ele>898.9524698984735</ele>
      </trkpt>
      <trkpt lat="36.8794985" lon="138.2436121">
        <ele>898.9501730992292</ele>
      </trkpt>
      <trkpt lat="36.879511" lon="138.2436184">
        <ele>898.9530701719584</ele>
      </trkpt>
      <trkpt lat="36.8795232" lon="138.2436234">
        <ele>898.9621732716449</ele>
      </trkpt>
      <trkpt lat="36.8795354" lon="138.2436284">
        <ele>898.9704550408409</ele>
      </trkpt>
      <trkpt lat="36.8795471" lon="138.2436327">
        <ele>898.9620777798093</ele>
      </trkpt>
      <trkpt lat="36.8795588" lon="138.2436371">
        <ele>898.9565562568022</ele>
      </trkpt>
      <trkpt lat="36.8795694" lon="138.243641">
        <ele>898.9550226873805</ele>
      </trkpt>
      <trkpt lat="36.87958" lon="138.243645">
        <ele>898.955807928842</ele>
      </trkpt>
      <trkpt lat="36.8795902" lon="138.24365">
        <ele>898.9540702322249</ele>
      </trkpt>
      <trkpt lat="36.8796004" lon="138.2436551">
        <ele>898.9553763025532</ele>
      </trkpt>
      <trkpt lat="36.8796108" lon="138.2436604">
        <ele>898.9599608190953</ele>
      </trkpt>
      <trkpt lat="36.8796213" lon="138.2436657">
        <ele>898.522199808062</ele>
      </trkpt>
      <trkpt lat="36.8796323" lon="138.2436697">
        <ele>898.5035584568986</ele>
      </trkpt>
      <trkpt lat="36.8796434" lon="138.2436737">
        <ele>898.4849171057353</ele>
      </trkpt>
      <trkpt lat="36.8796551" lon="138.2436769">
        <ele>898.4700040249163</ele>
      </trkpt>
      <trkpt lat="36.8796669" lon="138.2436802">
        <ele>898.4546249102809</ele>
      </trkpt>
      <trkpt lat="36.8796791" lon="138.2436845">
        <ele>898.4345854576688</ele>
      </trkpt>
      <trkpt lat="36.8796913" lon="138.2436888">
        <ele>898.402665319481</ele>
      </trkpt>
      <trkpt lat="36.8797035" lon="138.2436932">
        <ele>898.3110805628831</ele>
      </trkpt>
      <trkpt lat="36.8797157" lon="138.2436976">
        <ele>898.219495795389</ele>
      </trkpt>
      <trkpt lat="36.8797268" lon="138.243701">
        <ele>898.1389801432391</ele>
      </trkpt>
      <trkpt lat="36.8797379" lon="138.2437045">
        <ele>898.0579984478666</ele>
      </trkpt>
      <trkpt lat="36.8797483" lon="138.243708">
        <ele>897.9810950649917</ele>
      </trkpt>
      <trkpt lat="36.8797588" lon="138.2437116">
        <ele>897.9031163517866</ele>
      </trkpt>
      <trkpt lat="36.8797691" lon="138.2437158">
        <ele>897.8127363719564</ele>
      </trkpt>
      <trkpt lat="36.8797795" lon="138.2437201">
        <ele>897.7140674987609</ele>
      </trkpt>
      <trkpt lat="36.8797902" lon="138.2437253">
        <ele>897.6073291235319</ele>
      </trkpt>
      <trkpt lat="36.879801" lon="138.2437306">
        <ele>897.5010666397167</ele>
      </trkpt>
      <trkpt lat="36.8798119" lon="138.243736">
        <ele>897.395362012423</ele>
      </trkpt>
      <trkpt lat="36.8798228" lon="138.2437414">
        <ele>897.2916550820178</ele>
      </trkpt>
      <trkpt lat="36.8798339" lon="138.2437467">
        <ele>897.1511475523846</ele>
      </trkpt>
      <trkpt lat="36.8798451" lon="138.243752">
        <ele>896.9934155591412</ele>
      </trkpt>
      <trkpt lat="36.8798572" lon="138.2437583">
        <ele>896.8234513030983</ele>
      </trkpt>
      <trkpt lat="36.8798693" lon="138.2437646">
        <ele>896.6586615146279</ele>
      </trkpt>
      <trkpt lat="36.8798824" lon="138.2437718">
        <ele>896.4837113767713</ele>
      </trkpt>
      <trkpt lat="36.8798956" lon="138.2437791">
        <ele>896.3130976942658</ele>
      </trkpt>
      <trkpt lat="36.87991" lon="138.2437858">
        <ele>896.1207783880496</ele>
      </trkpt>
      <trkpt lat="36.8799245" lon="138.2437926">
        <ele>895.9334825663948</ele>
      </trkpt>
      <trkpt lat="36.8799415" lon="138.2437989">
        <ele>895.729533738119</ele>
      </trkpt>
      <trkpt lat="36.8799586" lon="138.2438053">
        <ele>895.4960089297156</ele>
      </trkpt>
      <trkpt lat="36.8799805" lon="138.2438107">
        <ele>895.15735188125</ele>
      </trkpt>
      <trkpt lat="36.8800024" lon="138.2438162">
        <ele>894.8028347285708</ele>
      </trkpt>
      <trkpt lat="36.8800297" lon="138.243821">
        <ele>894.3869227668031</ele>
      </trkpt>
      <trkpt lat="36.880057" lon="138.2438259">
        <ele>893.9547400706446</ele>
      </trkpt>
      <trkpt lat="36.8800863" lon="138.2438293">
        <ele>893.5106453517469</ele>
      </trkpt>
      <trkpt lat="36.8801157" lon="138.2438328">
        <ele>893.0621267315653</ele>
      </trkpt>
      <trkpt lat="36.8801439" lon="138.2438304">
        <ele>892.6349607493096</ele>
      </trkpt>
      <trkpt lat="36.8801721" lon="138.2438281">
        <ele>892.2052618597547</ele>
      </trkpt>
      <trkpt lat="36.880197" lon="138.2438236">
        <ele>891.8837401579561</ele>
      </trkpt>
      <trkpt lat="36.8802219" lon="138.2438191">
        <ele>891.5584153624421</ele>
      </trkpt>
      <trkpt lat="36.8802412" lon="138.2438159">
        <ele>891.309776243786</ele>
      </trkpt>
      <trkpt lat="36.8802605" lon="138.2438127">
        <ele>891.090244074711</ele>
      </trkpt>
      <trkpt lat="36.8802747" lon="138.2438097">
        <ele>890.9220135546872</ele>
      </trkpt>
      <trkpt lat="36.880289" lon="138.2438068">
        <ele>890.7488084333309</ele>
      </trkpt>
      <trkpt lat="36.8803009" lon="138.2438026">
        <ele>890.5916147889117</ele>
      </trkpt>
      <trkpt lat="36.8803128" lon="138.2437985">
        <ele>890.4629388084851</ele>
      </trkpt>
      <trkpt lat="36.8803244" lon="138.2437932">
        <ele>890.3627896800253</ele>
      </trkpt>
      <trkpt lat="36.8803361" lon="138.243788">
        <ele>890.2605837386371</ele>
      </trkpt>
      <trkpt lat="36.8803478" lon="138.2437825">
        <ele>890.1543583400448</ele>
      </trkpt>
      <trkpt lat="36.8803595" lon="138.243777">
        <ele>890.0459488791961</ele>
      </trkpt>
      <trkpt lat="36.8803714" lon="138.2437717">
        <ele>889.9354791809029</ele>
      </trkpt>
      <trkpt lat="36.8803833" lon="138.2437664">
        <ele>889.8462730677195</ele>
      </trkpt>
      <trkpt lat="36.8803961" lon="138.2437619">
        <ele>889.7762357909822</ele>
      </trkpt>
      <trkpt lat="36.8804089" lon="138.2437575">
        <ele>889.7106951794161</ele>
      </trkpt>
      <trkpt lat="36.880422" lon="138.2437543">
        <ele>889.6546437601479</ele>
      </trkpt>
      <trkpt lat="36.8804352" lon="138.2437512">
        <ele>889.6016616979666</ele>
      </trkpt>
      <trkpt lat="36.8804474" lon="138.2437497">
        <ele>889.5674627831586</ele>
      </trkpt>
      <trkpt lat="36.8804597" lon="138.2437482">
        <ele>889.5532785605106</ele>
      </trkpt>
      <trkpt lat="36.8804715" lon="138.2437469">
        <ele>889.5408435934216</ele>
      </trkpt>
      <trkpt lat="36.8804833" lon="138.2437457">
        <ele>889.5293294081484</ele>
      </trkpt>
      <trkpt lat="36.880495" lon="138.2437437">
        <ele>889.5153063542883</ele>
      </trkpt>
      <trkpt lat="36.8805067" lon="138.2437418">
        <ele>889.5024379306974</ele>
      </trkpt>
      <trkpt lat="36.8805177" lon="138.2437395">
        <ele>889.4826087522877</ele>
      </trkpt>
      <trkpt lat="36.8805288" lon="138.2437372">
        <ele>889.4540932853314</ele>
      </trkpt>
      <trkpt lat="36.8805382" lon="138.2437341">
        <ele>889.4270855404925</ele>
      </trkpt>
      <trkpt lat="36.8805476" lon="138.2437311">
        <ele>889.4013578342131</ele>
      </trkpt>
      <trkpt lat="36.880556" lon="138.2437278">
        <ele>889.3774633204093</ele>
      </trkpt>
      <trkpt lat="36.8805645" lon="138.2437246">
        <ele>889.3546074426904</ele>
      </trkpt>
      <trkpt lat="36.880572" lon="138.2437211">
        <ele>889.3335185747562</ele>
      </trkpt>
      <trkpt lat="36.8805795" lon="138.2437176">
        <ele>889.313320638087</ele>
      </trkpt>
      <trkpt lat="36.8805845" lon="138.2437116">
        <ele>889.292159371527</ele>
      </trkpt>
      <trkpt lat="36.8805896" lon="138.2437056">
        <ele>889.2782526320948</ele>
      </trkpt>
      <trkpt lat="36.8805941" lon="138.2436971">
        <ele>889.2675147047953</ele>
      </trkpt>
      <trkpt lat="36.8805986" lon="138.2436886">
        <ele>889.2580749931674</ele>
      </trkpt>
      <trkpt lat="36.8806036" lon="138.2436777">
        <ele>889.2496479909973</ele>
      </trkpt>
      <trkpt lat="36.8806086" lon="138.2436669">
        <ele>889.2430252211269</ele>
      </trkpt>
      <trkpt lat="36.8806131" lon="138.2436547">
        <ele>889.239949870254</ele>
      </trkpt>
      <trkpt lat="36.8806176" lon="138.2436426">
        <ele>889.2386770551672</ele>
      </trkpt>
      <trkpt lat="36.8806222" lon="138.2436303">
        <ele>889.2392388096627</ele>
      </trkpt>
      <trkpt lat="36.8806269" lon="138.2436181">
        <ele>889.2635308283723</ele>
      </trkpt>
      <trkpt lat="36.8806325" lon="138.2436063">
        <ele>889.2939244774949</ele>
      </trkpt>
      <trkpt lat="36.8806381" lon="138.2435946">
        <ele>889.3262323100989</ele>
      </trkpt>
      <trkpt lat="36.8806448" lon="138.243584">
        <ele>889.3562555668237</ele>
      </trkpt>
      <trkpt lat="36.8806516" lon="138.2435734">
        <ele>889.3835458788063</ele>
      </trkpt>
      <trkpt lat="36.8806594" lon="138.2435639">
        <ele>889.3799188105886</ele>
      </trkpt>
      <trkpt lat="36.8806673" lon="138.2435544">
        <ele>889.3783482260563</ele>
      </trkpt>
      <trkpt lat="36.8806758" lon="138.2435455">
        <ele>889.3743152265454</ele>
      </trkpt>
      <trkpt lat="36.8806843" lon="138.2435367">
        <ele>889.3783674527385</ele>
      </trkpt>
      <trkpt lat="36.8806929" lon="138.2435293">
        <ele>889.3778313278956</ele>
      </trkpt>
      <trkpt lat="36.8807016" lon="138.243522">
        <ele>889.3741689215526</ele>
      </trkpt>
      <trkpt lat="36.8807103" lon="138.2435155">
        <ele>889.3645033533303</ele>
      </trkpt>
      <trkpt lat="36.8807191" lon="138.2435091">
        <ele>889.351942059222</ele>
      </trkpt>
      <trkpt lat="36.8807289" lon="138.2435027">
        <ele>889.3168866757069</ele>
      </trkpt>
      <trkpt lat="36.8807387" lon="138.2434963">
        <ele>889.28396002301</ele>
      </trkpt>
      <trkpt lat="36.8807496" lon="138.2434904">
        <ele>889.2435292477068</ele>
      </trkpt>
      <trkpt lat="36.8807606" lon="138.2434845">
        <ele>889.2046499855771</ele>
      </trkpt>
      <trkpt lat="36.8807717" lon="138.2434788">
        <ele>889.166241646359</ele>
      </trkpt>
      <trkpt lat="36.8807828" lon="138.2434732">
        <ele>889.1294065536658</ele>
      </trkpt>
      <trkpt lat="36.8807938" lon="138.2434667">
        <ele>889.0940216386517</ele>
      </trkpt>
      <trkpt lat="36.8808049" lon="138.2434602">
        <ele>889.0511921616434</ele>
      </trkpt>
      <trkpt lat="36.8808153" lon="138.2434538">
        <ele>889.0114778836032</ele>
      </trkpt>
      <trkpt lat="36.8808257" lon="138.2434475">
        <ele>888.9724367239286</ele>
      </trkpt>
      <trkpt lat="36.8808353" lon="138.2434419">
        <ele>888.9351440147038</ele>
      </trkpt>
      <trkpt lat="36.880845" lon="138.2434364">
        <ele>888.896540472564</ele>
      </trkpt>
      <trkpt lat="36.8808545" lon="138.2434309">
        <ele>888.8593934858691</ele>
      </trkpt>
      <trkpt lat="36.880864" lon="138.2434255">
        <ele>888.8177446521349</ele>
      </trkpt>
      <trkpt lat="36.880874" lon="138.2434192">
        <ele>888.7745781658814</ele>
      </trkpt>
      <trkpt lat="36.8808841" lon="138.2434129">
        <ele>888.7284721903957</ele>
      </trkpt>
      <trkpt lat="36.8808943" lon="138.2434056">
        <ele>888.6845768966602</ele>
      </trkpt>
      <trkpt lat="36.8809045" lon="138.2433984">
        <ele>888.6376534719889</ele>
      </trkpt>
      <trkpt lat="36.8809143" lon="138.2433907">
        <ele>888.5940111022056</ele>
      </trkpt>
      <trkpt lat="36.8809242" lon="138.2433831">
        <ele>888.5464881194948</ele>
      </trkpt>
      <trkpt lat="36.8809346" lon="138.2433764">
        <ele>888.4880394298059</ele>
      </trkpt>
      <trkpt lat="36.8809451" lon="138.2433698">
        <ele>888.4263047748714</ele>
      </trkpt>
      <trkpt lat="36.8809561" lon="138.2433645">
        <ele>888.3610461353792</ele>
      </trkpt>
      <trkpt lat="36.8809672" lon="138.2433592">
        <ele>888.2949135421777</ele>
      </trkpt>
      <trkpt lat="36.8809782" lon="138.2433541">
        <ele>888.2284897899723</ele>
      </trkpt>
      <trkpt lat="36.8809892" lon="138.243349">
        <ele>888.1620660245419</ele>
      </trkpt>
      <trkpt lat="36.8810003" lon="138.243344">
        <ele>888.1008717013312</ele>
      </trkpt>
      <trkpt lat="36.8810115" lon="138.2433391">
        <ele>888.0414166858106</ele>
      </trkpt>
      <trkpt lat="36.8810228" lon="138.2433348">
        <ele>887.9761108274558</ele>
      </trkpt>
      <trkpt lat="36.8810341" lon="138.2433305">
        <ele>887.9091557881442</ele>
      </trkpt>
      <trkpt lat="36.8810454" lon="138.2433271">
        <ele>887.8360981764533</ele>
      </trkpt>
      <trkpt lat="36.8810567" lon="138.2433238">
        <ele>887.7612609124578</ele>
      </trkpt>
      <trkpt lat="36.8810676" lon="138.2433209">
        <ele>887.6713241176521</ele>
      </trkpt>
      <trkpt lat="36.8810785" lon="138.2433181">
        <ele>887.5633774209618</ele>
      </trkpt>
      <trkpt lat="36.8810902" lon="138.2433152">
        <ele>887.4459134699982</ele>
      </trkpt>
      <trkpt lat="36.881102" lon="138.2433123">
        <ele>887.3261802852361</ele>
      </trkpt>
      <trkpt lat="36.8811146" lon="138.2433097">
        <ele>887.1951732047246</ele>
      </trkpt>
      <trkpt lat="36.8811272" lon="138.2433072">
        <ele>887.0626982048854</ele>
      </trkpt>
      <trkpt lat="36.8811399" lon="138.243305">
        <ele>886.9399575524506</ele>
      </trkpt>
      <trkpt lat="36.8811527" lon="138.2433029">
        <ele>886.8205288447359</ele>
      </trkpt>
      <trkpt lat="36.8811653" lon="138.2433011">
        <ele>886.7012966946219</ele>
      </trkpt>
      <trkpt lat="36.881178" lon="138.2432993">
        <ele>886.5803007345544</ele>
      </trkpt>
      <trkpt lat="36.8811912" lon="138.2432974">
        <ele>886.4537909051385</ele>
      </trkpt>
      <trkpt lat="36.8812044" lon="138.2432956">
        <ele>886.3193186647692</ele>
      </trkpt>
      <trkpt lat="36.8812177" lon="138.2432937">
        <ele>886.1707528123006</ele>
      </trkpt>
      <trkpt lat="36.8812311" lon="138.2432919">
        <ele>886.0199971685264</ele>
      </trkpt>
      <trkpt lat="36.881244" lon="138.243291">
        <ele>885.8727791678882</ele>
      </trkpt>
      <trkpt lat="36.8812569" lon="138.2432902">
        <ele>885.7250311920558</ele>
      </trkpt>
      <trkpt lat="36.8812689" lon="138.2432903">
        <ele>885.5871364381763</ele>
      </trkpt>
      <trkpt lat="36.881281" lon="138.2432904">
        <ele>885.4649170942555</ele>
      </trkpt>
      <trkpt lat="36.881293" lon="138.2432916">
        <ele>885.3429267437832</ele>
      </trkpt>
      <trkpt lat="36.8813051" lon="138.2432929">
        <ele>885.2203659658306</ele>
      </trkpt>
      <trkpt lat="36.8813176" lon="138.2432948">
        <ele>885.0941310167252</ele>
      </trkpt>
      <trkpt lat="36.8813302" lon="138.2432967">
        <ele>884.9677037049651</ele>
      </trkpt>
      <trkpt lat="36.8813429" lon="138.2432979">
        <ele>884.8410233901371</ele>
      </trkpt>
      <trkpt lat="36.8813557" lon="138.2432991">
        <ele>884.7138659505187</ele>
      </trkpt>
      <trkpt lat="36.8813691" lon="138.2432993">
        <ele>884.580730809803</ele>
      </trkpt>
      <trkpt lat="36.8813825" lon="138.2432996">
        <ele>884.447763854033</ele>
      </trkpt>
      <trkpt lat="36.8813978" lon="138.2432997">
        <ele>884.2958598512955</ele>
      </trkpt>
      <trkpt lat="36.8814131" lon="138.2432998">
        <ele>884.1529077561113</ele>
      </trkpt>
      <trkpt lat="36.8814309" lon="138.2433">
        <ele>883.9975785293622</ele>
      </trkpt>
      <trkpt lat="36.8814487" lon="138.2433002">
        <ele>883.8422492665244</ele>
      </trkpt>
      <trkpt lat="36.8814692" lon="138.243301">
        <ele>883.6640224836306</ele>
      </trkpt>
      <trkpt lat="36.8814898" lon="138.2433019">
        <ele>883.4670981544531</ele>
      </trkpt>
      <trkpt lat="36.8815116" lon="138.2433049">
        <ele>883.2567580650365</ele>
      </trkpt>
      <trkpt lat="36.8815335" lon="138.243308">
        <ele>883.047875200006</ele>
      </trkpt>
      <trkpt lat="36.8815565" lon="138.2433129">
        <ele>882.8680862412798</ele>
      </trkpt>
      <trkpt lat="36.8815795" lon="138.2433179">
        <ele>882.7122306042594</ele>
      </trkpt>
      <trkpt lat="36.8816037" lon="138.2433235">
        <ele>882.5490335455639</ele>
      </trkpt>
      <trkpt lat="36.881628" lon="138.2433291">
        <ele>882.3612167201943</ele>
      </trkpt>
      <trkpt lat="36.8816527" lon="138.2433364">
        <ele>882.1623618740593</ele>
      </trkpt>
      <trkpt lat="36.8816774" lon="138.2433437">
        <ele>881.963506958308</ele>
      </trkpt>
      <trkpt lat="36.8817022" lon="138.2433538">
        <ele>881.7443878288515</ele>
      </trkpt>
      <trkpt lat="36.8817271" lon="138.243364">
        <ele>881.513033377272</ele>
      </trkpt>
      <trkpt lat="36.8817518" lon="138.2433766">
        <ele>881.2930384207458</ele>
      </trkpt>
      <trkpt lat="36.8817765" lon="138.2433893">
        <ele>881.076894876519</ele>
      </trkpt>
      <trkpt lat="36.8818005" lon="138.2434041">
        <ele>880.8631223909767</ele>
      </trkpt>
      <trkpt lat="36.8818245" lon="138.243419">
        <ele>880.6331705431461</ele>
      </trkpt>
      <trkpt lat="36.8818471" lon="138.2434336">
        <ele>880.4038407650783</ele>
      </trkpt>
      <trkpt lat="36.8818698" lon="138.2434482">
        <ele>880.1733456419784</ele>
      </trkpt>
      <trkpt lat="36.8818931" lon="138.2434617">
        <ele>879.9164915792877</ele>
      </trkpt>
      <trkpt lat="36.8819165" lon="138.2434752">
        <ele>879.6254635185936</ele>
      </trkpt>
      <trkpt lat="36.8819409" lon="138.2434876">
        <ele>879.3200445043161</ele>
      </trkpt>
      <trkpt lat="36.8819654" lon="138.2435001">
        <ele>879.0055278111346</ele>
      </trkpt>
      <trkpt lat="36.8819919" lon="138.2435117">
        <ele>878.6444733995477</ele>
      </trkpt>
      <trkpt lat="36.8820185" lon="138.2435234">
        <ele>878.2715686097309</ele>
      </trkpt>
      <trkpt lat="36.8820463" lon="138.2435347">
        <ele>877.8350179343956</ele>
      </trkpt>
      <trkpt lat="36.8820742" lon="138.2435461">
        <ele>877.3791161264447</ele>
      </trkpt>
      <trkpt lat="36.8821009" lon="138.2435583">
        <ele>876.9112970454229</ele>
      </trkpt>
      <trkpt lat="36.8821276" lon="138.2435706">
        <ele>876.4308533939563</ele>
      </trkpt>
      <trkpt lat="36.8821537" lon="138.2435847">
        <ele>875.9693093683796</ele>
      </trkpt>
      <trkpt lat="36.8821798" lon="138.2435989">
        <ele>875.4649020014981</ele>
      </trkpt>
      <trkpt lat="36.8822073" lon="138.2436166">
        <ele>874.9241384963938</ele>
      </trkpt>
      <trkpt lat="36.8822348" lon="138.2436344">
        <ele>874.3755731354469</ele>
      </trkpt>
      <trkpt lat="36.8822632" lon="138.2436533">
        <ele>873.752392326389</ele>
      </trkpt>
      <trkpt lat="36.8822916" lon="138.2436722">
        <ele>873.1292113016369</ele>
      </trkpt>
      <trkpt lat="36.8823216" lon="138.2436921">
        <ele>872.4284191936424</ele>
      </trkpt>
      <trkpt lat="36.8823517" lon="138.2437121">
        <ele>871.7314752730124</ele>
      </trkpt>
      <trkpt lat="36.8823809" lon="138.2437338">
        <ele>871.0489758851988</ele>
      </trkpt>
      <trkpt lat="36.8824102" lon="138.2437555">
        <ele>870.3843792471057</ele>
      </trkpt>
      <trkpt lat="36.8824388" lon="138.2437781">
        <ele>869.7549012751654</ele>
      </trkpt>
      <trkpt lat="36.8824675" lon="138.2438007">
        <ele>869.1426625205582</ele>
      </trkpt>
      <trkpt lat="36.8824974" lon="138.2438217">
        <ele>868.5052056820311</ele>
      </trkpt>
      <trkpt lat="36.8825273" lon="138.2438427">
        <ele>867.9775206705101</ele>
      </trkpt>
      <trkpt lat="36.8825568" lon="138.2438621">
        <ele>867.482252409799</ele>
      </trkpt>
      <trkpt lat="36.8825864" lon="138.2438815">
        <ele>867.0235127024798</ele>
      </trkpt>
      <trkpt lat="36.8826139" lon="138.2438992">
        <ele>866.6275259544615</ele>
      </trkpt>
      <trkpt lat="36.8826414" lon="138.2439169">
        <ele>866.22577388289</ele>
      </trkpt>
      <trkpt lat="36.8826677" lon="138.2439336">
        <ele>865.9403701926096</ele>
      </trkpt>
      <trkpt lat="36.882694" lon="138.2439504">
        <ele>865.6697332551166</ele>
      </trkpt>
      <trkpt lat="36.8827199" lon="138.2439699">
        <ele>865.4150812518785</ele>
      </trkpt>
      <trkpt lat="36.8827459" lon="138.2439895">
        <ele>865.0999027734629</ele>
      </trkpt>
      <trkpt lat="36.8827707" lon="138.2440129">
        <ele>864.7741086696748</ele>
      </trkpt>
      <trkpt lat="36.8827956" lon="138.2440364">
        <ele>864.502007374744</ele>
      </trkpt>
      <trkpt lat="36.8828189" lon="138.2440617">
        <ele>864.2298831411218</ele>
      </trkpt>
      <trkpt lat="36.8828422" lon="138.244087">
        <ele>863.8882694428863</ele>
      </trkpt>
      <trkpt lat="36.8828631" lon="138.2441096">
        <ele>863.5486145040027</ele>
      </trkpt>
      <trkpt lat="36.882884" lon="138.2441322">
        <ele>863.1768958499827</ele>
      </trkpt>
      <trkpt lat="36.8828989" lon="138.244149">
        <ele>862.8779626967756</ele>
      </trkpt>
      <trkpt lat="36.8829139" lon="138.2441658">
        <ele>862.5490461406214</ele>
      </trkpt>
      <trkpt lat="36.8829219" lon="138.2441758">
        <ele>862.3628799204059</ele>
      </trkpt>
      <trkpt lat="36.8829299" lon="138.2441858">
        <ele>862.1743606380592</ele>
      </trkpt>
      <trkpt lat="36.8829341" lon="138.2441905">
        <ele>862.0799596806328</ele>
      </trkpt>
      <trkpt lat="36.8829383" lon="138.2441953">
        <ele>861.9829779870656</ele>
      </trkpt>
      <trkpt lat="36.8829444" lon="138.2441962">
        <ele>861.9162735180535</ele>
      </trkpt>
      <trkpt lat="36.8829505" lon="138.2441972">
        <ele>861.8479142302829</ele>
      </trkpt>
      <trkpt lat="36.8829647" lon="138.2441988">
        <ele>861.6968619289382</ele>
      </trkpt>
      <trkpt lat="36.8829789" lon="138.2442004">
        <ele>861.5442673073047</ele>
      </trkpt>
      <trkpt lat="36.8830006" lon="138.2442051">
        <ele>861.2859804693614</ele>
      </trkpt>
      <trkpt lat="36.8830223" lon="138.2442099">
        <ele>861.0292215518191</ele>
      </trkpt>
      <trkpt lat="36.8830473" lon="138.2442152">
        <ele>860.736631269334</ele>
      </trkpt>
      <trkpt lat="36.8830724" lon="138.2442206">
        <ele>860.4467966271128</ele>
      </trkpt>
      <trkpt lat="36.8830989" lon="138.244225">
        <ele>860.1538548362807</ele>
      </trkpt>
      <trkpt lat="36.8831255" lon="138.2442294">
        <ele>859.8637331508579</ele>
      </trkpt>
      <trkpt lat="36.8831524" lon="138.2442323">
        <ele>859.6630784394694</ele>
      </trkpt>
      <trkpt lat="36.8831793" lon="138.2442352">
        <ele>859.4624236728532</ele>
      </trkpt>
      <trkpt lat="36.8832059" lon="138.2442353">
        <ele>859.3299758153095</ele>
      </trkpt>
      <trkpt lat="36.8832325" lon="138.2442354">
        <ele>859.2154263213413</ele>
      </trkpt>
      <trkpt lat="36.883258" lon="138.2442327">
        <ele>859.1448481392745</ele>
      </trkpt>
      <trkpt lat="36.8832835" lon="138.24423">
        <ele>859.1072175481127</ele>
      </trkpt>
      <trkpt lat="36.8833068" lon="138.2442242">
        <ele>859.1178916103398</ele>
      </trkpt>
      <trkpt lat="36.8833302" lon="138.2442185">
        <ele>859.1194073323386</ele>
      </trkpt>
      <trkpt lat="36.8833533" lon="138.2442108">
        <ele>859.143612584267</ele>
      </trkpt>
      <trkpt lat="36.8833764" lon="138.2442032">
        <ele>859.1605813013907</ele>
      </trkpt>
      <trkpt lat="36.8834007" lon="138.2441959">
        <ele>859.1676841557788</ele>
      </trkpt>
      <trkpt lat="36.8834251" lon="138.2441886">
        <ele>859.1832427343046</ele>
      </trkpt>
      <trkpt lat="36.8834505" lon="138.2441824">
        <ele>859.1728531107105</ele>
      </trkpt>
      <trkpt lat="36.883476" lon="138.2441763">
        <ele>859.1662374253656</ele>
      </trkpt>
      <trkpt lat="36.8835012" lon="138.2441703">
        <ele>859.1703059793635</ele>
      </trkpt>
      <trkpt lat="36.8835264" lon="138.2441643">
        <ele>859.16411058073</ele>
      </trkpt>
      <trkpt lat="36.8835513" lon="138.2441584">
        <ele>859.1223591337014</ele>
      </trkpt>
      <trkpt lat="36.8835762" lon="138.2441526">
        <ele>859.0591753319267</ele>
      </trkpt>
      <trkpt lat="36.8836011" lon="138.2441477">
        <ele>858.981949560975</ele>
      </trkpt>
      <trkpt lat="36.8836261" lon="138.2441429">
        <ele>858.929792657261</ele>
      </trkpt>
      <trkpt lat="36.8836505" lon="138.2441402">
        <ele>858.8692472038606</ele>
      </trkpt>
      <trkpt lat="36.8836749" lon="138.2441376">
        <ele>858.8007189848552</ele>
      </trkpt>
      <trkpt lat="36.8836997" lon="138.2441365">
        <ele>858.6935832198817</ele>
      </trkpt>
      <trkpt lat="36.8837245" lon="138.2441354">
        <ele>858.5855214899808</ele>
      </trkpt>
      <trkpt lat="36.8837503" lon="138.2441337">
        <ele>858.4717483529023</ele>
      </trkpt>
      <trkpt lat="36.8837761" lon="138.2441321">
        <ele>858.3530307619908</ele>
      </trkpt>
      <trkpt lat="36.8838016" lon="138.244129">
        <ele>858.2332954043227</ele>
      </trkpt>
      <trkpt lat="36.8838271" lon="138.2441259">
        <ele>858.0373942337005</ele>
      </trkpt>
      <trkpt lat="36.8838524" lon="138.2441227">
        <ele>857.8162790999752</ele>
      </trkpt>
      <trkpt lat="36.8838777" lon="138.2441195">
        <ele>857.5949476009921</ele>
      </trkpt>
      <trkpt lat="36.8839029" lon="138.2441175">
        <ele>857.3639820231888</ele>
      </trkpt>
      <trkpt lat="36.8839281" lon="138.2441155">
        <ele>857.1313057043028</ele>
      </trkpt>
      <trkpt lat="36.8839531" lon="138.2441152">
        <ele>856.8618016775703</ele>
      </trkpt>
      <trkpt lat="36.8839781" lon="138.2441149">
        <ele>856.4972961933357</ele>
      </trkpt>
      <trkpt lat="36.8840026" lon="138.2441147">
        <ele>856.1401902211369</ele>
      </trkpt>
      <trkpt lat="36.8840271" lon="138.2441145">
        <ele>855.7954919106942</ele>
      </trkpt>
      <trkpt lat="36.8840514" lon="138.2441136">
        <ele>855.4637546844513</ele>
      </trkpt>
      <trkpt lat="36.8840758" lon="138.2441127">
        <ele>855.1299134531453</ele>
      </trkpt>
      <trkpt lat="36.8841006" lon="138.2441125">
        <ele>854.7751438465443</ele>
      </trkpt>
      <trkpt lat="36.8841254" lon="138.2441124">
        <ele>854.4136674212299</ele>
      </trkpt>
      <trkpt lat="36.8841504" lon="138.2441132">
        <ele>854.0513747755446</ele>
      </trkpt>
      <trkpt lat="36.8841755" lon="138.2441141">
        <ele>853.7341203585991</ele>
      </trkpt>
      <trkpt lat="36.8842006" lon="138.2441143">
        <ele>853.4182043596289</ele>
      </trkpt>
      <trkpt lat="36.8842258" lon="138.2441146">
        <ele>853.0965526375367</ele>
      </trkpt>
      <trkpt lat="36.8842517" lon="138.244116">
        <ele>852.7520028062647</ele>
      </trkpt>
      <trkpt lat="36.8842777" lon="138.2441175">
        <ele>852.4078932387015</ele>
      </trkpt>
      <trkpt lat="36.8843036" lon="138.2441226">
        <ele>852.1257651165597</ele>
      </trkpt>
      <trkpt lat="36.8843296" lon="138.2441277">
        <ele>851.8797959762094</ele>
      </trkpt>
      <trkpt lat="36.8843543" lon="138.2441351">
        <ele>851.6750046567063</ele>
      </trkpt>
      <trkpt lat="36.8843791" lon="138.2441426">
        <ele>851.4200143208087</ele>
      </trkpt>
      <trkpt lat="36.8844023" lon="138.2441494">
        <ele>851.1658275544453</ele>
      </trkpt>
      <trkpt lat="36.8844255" lon="138.2441563">
        <ele>850.9231627116457</ele>
      </trkpt>
      <trkpt lat="36.8844473" lon="138.2441611">
        <ele>850.7074214200029</ele>
      </trkpt>
      <trkpt lat="36.8844692" lon="138.244166">
        <ele>850.492181673786</ele>
      </trkpt>
      <trkpt lat="36.8844906" lon="138.24417">
        <ele>850.2754283577207</ele>
      </trkpt>
      <trkpt lat="36.8845121" lon="138.244174">
        <ele>850.0077277563515</ele>
      </trkpt>
      <trkpt lat="36.8845344" lon="138.2441781">
        <ele>849.7163361924704</ele>
      </trkpt>
      <trkpt lat="36.8845567" lon="138.2441823">
        <ele>849.4257600924469</ele>
      </trkpt>
      <trkpt lat="36.88458" lon="138.2441865">
        <ele>849.1444140065</ele>
      </trkpt>
      <trkpt lat="36.8846034" lon="138.2441908">
        <ele>848.8727155534557</ele>
      </trkpt>
      <trkpt lat="36.8846277" lon="138.2441961">
        <ele>848.597373841401</ele>
      </trkpt>
      <trkpt lat="36.8846521" lon="138.2442015">
        <ele>848.3503565522385</ele>
      </trkpt>
      <trkpt lat="36.8846763" lon="138.244208">
        <ele>848.1213629397569</ele>
      </trkpt>
      <trkpt lat="36.8847005" lon="138.2442145">
        <ele>847.8923692377285</ele>
      </trkpt>
      <trkpt lat="36.8847238" lon="138.2442214">
        <ele>847.746345483787</ele>
      </trkpt>
      <trkpt lat="36.8847471" lon="138.2442284">
        <ele>847.5969260010878</ele>
      </trkpt>
      <trkpt lat="36.8847707" lon="138.244235">
        <ele>847.4167670590034</ele>
      </trkpt>
      <trkpt lat="36.8847944" lon="138.2442416">
        <ele>847.2963009338656</ele>
      </trkpt>
      <trkpt lat="36.8848188" lon="138.2442492">
        <ele>847.1688718486781</ele>
      </trkpt>
      <trkpt lat="36.8848432" lon="138.2442568">
        <ele>847.0447121150329</ele>
      </trkpt>
      <trkpt lat="36.8848669" lon="138.2442658">
        <ele>846.9621164739837</ele>
      </trkpt>
      <trkpt lat="36.8848907" lon="138.2442748">
        <ele>846.8790838083261</ele>
      </trkpt>
      <trkpt lat="36.884913" lon="138.244285">
        <ele>846.7788307139663</ele>
      </trkpt>
      <trkpt lat="36.8849354" lon="138.2442953">
        <ele>846.6070587521896</ele>
      </trkpt>
      <trkpt lat="36.884956" lon="138.2443066">
        <ele>846.4533486434269</ele>
      </trkpt>
      <trkpt lat="36.8849766" lon="138.244318">
        <ele>846.2910022409644</ele>
      </trkpt>
      <trkpt lat="36.884997" lon="138.2443304">
        <ele>846.1127090988691</ele>
      </trkpt>
      <trkpt lat="36.8850175" lon="138.2443429">
        <ele>845.9335419229241</ele>
      </trkpt>
      <trkpt lat="36.8850383" lon="138.2443574">
        <ele>845.751752739028</ele>
      </trkpt>
      <trkpt lat="36.8850592" lon="138.244372">
        <ele>845.5258994398878</ele>
      </trkpt>
      <trkpt lat="36.8850803" lon="138.244386">
        <ele>845.3063634572379</ele>
      </trkpt>
      <trkpt lat="36.8851015" lon="138.2444001">
        <ele>845.1160319664012</ele>
      </trkpt>
      <trkpt lat="36.8851226" lon="138.2444111">
        <ele>844.8926903027872</ele>
      </trkpt>
      <trkpt lat="36.8851437" lon="138.2444221">
        <ele>844.6677733746951</ele>
      </trkpt>
      <trkpt lat="36.8851658" lon="138.2444309">
        <ele>844.4530362050549</ele>
      </trkpt>
      <trkpt lat="36.8851879" lon="138.2444397">
        <ele>844.256115861929</ele>
      </trkpt>
      <trkpt lat="36.885211" lon="138.2444471">
        <ele>844.0348991460005</ele>
      </trkpt>
      <trkpt lat="36.8852342" lon="138.2444546">
        <ele>843.8249218193876</ele>
      </trkpt>
      <trkpt lat="36.8852576" lon="138.2444615">
        <ele>843.6195111968987</ele>
      </trkpt>
      <trkpt lat="36.8852811" lon="138.2444685">
        <ele>843.4249027936235</ele>
      </trkpt>
      <trkpt lat="36.8853044" lon="138.2444747">
        <ele>843.235574039482</ele>
      </trkpt>
      <trkpt lat="36.8853278" lon="138.2444809">
        <ele>843.0411867347214</ele>
      </trkpt>
      <trkpt lat="36.8853505" lon="138.2444858">
        <ele>842.8302147549682</ele>
      </trkpt>
      <trkpt lat="36.8853733" lon="138.2444908">
        <ele>842.626182601231</ele>
      </trkpt>
      <trkpt lat="36.8853961" lon="138.244495">
        <ele>842.4180341395329</ele>
      </trkpt>
      <trkpt lat="36.8854189" lon="138.2444993">
        <ele>842.2132812412066</ele>
      </trkpt>
      <trkpt lat="36.8854409" lon="138.2445024">
        <ele>842.0044705014815</ele>
      </trkpt>
      <trkpt lat="36.885463" lon="138.2445055">
        <ele>841.7968425825629</ele>
      </trkpt>
      <trkpt lat="36.8854846" lon="138.2445079">
        <ele>841.5870486186774</ele>
      </trkpt>
      <trkpt lat="36.8855063" lon="138.2445104">
        <ele>841.3793735798694</ele>
      </trkpt>
      <trkpt lat="36.885528" lon="138.2445135">
        <ele>841.1890266816451</ele>
      </trkpt>
      <trkpt lat="36.8855497" lon="138.2445166">
        <ele>841.034831051488</ele>
      </trkpt>
      <trkpt lat="36.8855714" lon="138.2445212">
        <ele>840.8998843104547</ele>
      </trkpt>
      <trkpt lat="36.8855931" lon="138.2445259">
        <ele>840.7629480264306</ele>
      </trkpt>
      <trkpt lat="36.8856148" lon="138.2445313">
        <ele>840.6009495337742</ele>
      </trkpt>
      <trkpt lat="36.8856365" lon="138.2445368">
        <ele>840.4358223268619</ele>
      </trkpt>
      <trkpt lat="36.8856573" lon="138.2445461">
        <ele>840.3256917171034</ele>
      </trkpt>
      <trkpt lat="36.8856782" lon="138.2445554">
        <ele>840.2357987928314</ele>
      </trkpt>
      <trkpt lat="36.8856981" lon="138.2445702">
        <ele>840.2154666490917</ele>
      </trkpt>
      <trkpt lat="36.885718" lon="138.2445851">
        <ele>840.1577064684122</ele>
      </trkpt>
      <trkpt lat="36.8857386" lon="138.2446014">
        <ele>840.0927160247146</ele>
      </trkpt>
      <trkpt lat="36.8857592" lon="138.2446178">
        <ele>840.0172120274236</ele>
      </trkpt>
      <trkpt lat="36.885781" lon="138.2446323">
        <ele>839.9006435052586</ele>
      </trkpt>
      <trkpt lat="36.8858029" lon="138.2446469">
        <ele>839.7730080980699</ele>
      </trkpt>
      <trkpt lat="36.8858254" lon="138.2446587">
        <ele>839.6050319554295</ele>
      </trkpt>
      <trkpt lat="36.8858479" lon="138.2446705">
        <ele>839.4253212185583</ele>
      </trkpt>
      <trkpt lat="36.8858712" lon="138.2446798">
        <ele>839.2153908187229</ele>
      </trkpt>
      <trkpt lat="36.8858946" lon="138.2446892">
        <ele>838.9874173371653</ele>
      </trkpt>
      <trkpt lat="36.8859176" lon="138.2446995">
        <ele>838.7789234991751</ele>
      </trkpt>
      <trkpt lat="36.8859407" lon="138.2447098">
        <ele>838.5818276605945</ele>
      </trkpt>
      <trkpt lat="36.8859622" lon="138.2447218">
        <ele>838.4361921244997</ele>
      </trkpt>
      <trkpt lat="36.8859837" lon="138.2447339">
        <ele>838.2825350651812</ele>
      </trkpt>
      <trkpt lat="36.8860045" lon="138.2447458">
        <ele>838.129624438048</ele>
      </trkpt>
      <trkpt lat="36.8860254" lon="138.2447577">
        <ele>837.9831564182422</ele>
      </trkpt>
      <trkpt lat="36.8860465" lon="138.244769">
        <ele>837.8294298270724</ele>
      </trkpt>
      <trkpt lat="36.8860677" lon="138.2447803">
        <ele>837.6745378369006</ele>
      </trkpt>
      <trkpt lat="36.88609" lon="138.2447889">
        <ele>837.4848070357466</ele>
      </trkpt>
      <trkpt lat="36.8861124" lon="138.2447975">
        <ele>837.2939108270225</ele>
      </trkpt>
      <trkpt lat="36.8861363" lon="138.2448007">
        <ele>837.0414943667599</ele>
      </trkpt>
      <trkpt lat="36.8861603" lon="138.244804">
        <ele>836.7887280458592</ele>
      </trkpt>
      <trkpt lat="36.8861843" lon="138.2448007">
        <ele>836.4821347358179</ele>
      </trkpt>
      <trkpt lat="36.8862083" lon="138.2447974">
        <ele>836.17554133786</ele>
      </trkpt>
      <trkpt lat="36.886232" lon="138.244788">
        <ele>835.8371759356479</ele>
      </trkpt>
      <trkpt lat="36.8862557" lon="138.2447786">
        <ele>835.5079785369046</ele>
      </trkpt>
      <trkpt lat="36.8862795" lon="138.2447649">
        <ele>835.1551888625087</ele>
      </trkpt>
      <trkpt lat="36.8863033" lon="138.2447513">
        <ele>834.7151458500884</ele>
      </trkpt>
      <trkpt lat="36.8863267" lon="138.2447363">
        <ele>834.2776383303571</ele>
      </trkpt>
      <trkpt lat="36.8863502" lon="138.2447214">
        <ele>833.8479181710537</ele>
      </trkpt>
      <trkpt lat="36.8863738" lon="138.2447102">
        <ele>833.4253148359766</ele>
      </trkpt>
      <trkpt lat="36.8863975" lon="138.2446991">
        <ele>832.9928732483305</ele>
      </trkpt>
      <trkpt lat="36.8864222" lon="138.2446945">
        <ele>832.5633752588467</ele>
      </trkpt>
      <trkpt lat="36.886447" lon="138.2446899">
        <ele>832.0519463530036</ele>
      </trkpt>
      <trkpt lat="36.8864732" lon="138.2446889">
        <ele>831.5375477061211</ele>
      </trkpt>
      <trkpt lat="36.8864995" lon="138.2446879">
        <ele>831.032253132431</ele>
      </trkpt>
      <trkpt lat="36.8865268" lon="138.2446891">
        <ele>830.5413756355808</ele>
      </trkpt>
      <trkpt lat="36.8865541" lon="138.2446904">
        <ele>830.0526577804228</ele>
      </trkpt>
      <trkpt lat="36.8865808" lon="138.2446923">
        <ele>829.5371944641962</ele>
      </trkpt>
      <trkpt lat="36.8866076" lon="138.2446942">
        <ele>829.0241309670789</ele>
      </trkpt>
      <trkpt lat="36.8866329" lon="138.2446953">
        <ele>828.5503575522357</ele>
      </trkpt>
      <trkpt lat="36.8866583" lon="138.2446964">
        <ele>828.1016858663867</ele>
      </trkpt>
      <trkpt lat="36.8866829" lon="138.2446957">
        <ele>827.6415786601352</ele>
      </trkpt>
      <trkpt lat="36.8867075" lon="138.2446951">
        <ele>827.2052598086693</ele>
      </trkpt>
      <trkpt lat="36.8867319" lon="138.2446926">
        <ele>826.754742951613</ele>
      </trkpt>
      <trkpt lat="36.8867564" lon="138.2446902">
        <ele>826.3020869276736</ele>
      </trkpt>
      <trkpt lat="36.8867805" lon="138.2446872">
        <ele>825.9025691650593</ele>
      </trkpt>
      <trkpt lat="36.8868047" lon="138.2446842">
        <ele>825.5110592743196</ele>
      </trkpt>
      <trkpt lat="36.8868278" lon="138.2446826">
        <ele>825.157101626388</ele>
      </trkpt>
      <trkpt lat="36.886851" lon="138.244681">
        <ele>824.8323375300098</ele>
      </trkpt>
      <trkpt lat="36.8868744" lon="138.2446831">
        <ele>824.5732007912218</ele>
      </trkpt>
      <trkpt lat="36.8868978" lon="138.2446853">
        <ele>824.317684569208</ele>
      </trkpt>
      <trkpt lat="36.8869226" lon="138.2446915">
        <ele>824.202200767076</ele>
      </trkpt>
      <trkpt lat="36.8869474" lon="138.2446978">
        <ele>824.0832777103996</ele>
      </trkpt>
      <trkpt lat="36.8869729" lon="138.2447058">
        <ele>823.9913369272805</ele>
      </trkpt>
      <trkpt lat="36.8869984" lon="138.2447139">
        <ele>823.9218760902431</ele>
      </trkpt>
      <trkpt lat="36.8870241" lon="138.2447234">
        <ele>823.8668250333166</ele>
      </trkpt>
      <trkpt lat="36.8870498" lon="138.2447329">
        <ele>823.8060979245979</ele>
      </trkpt>
      <trkpt lat="36.8870763" lon="138.2447427">
        <ele>823.7300180807634</ele>
      </trkpt>
      <trkpt lat="36.8871029" lon="138.2447525">
        <ele>823.6351477062332</ele>
      </trkpt>
      <trkpt lat="36.8871291" lon="138.2447599">
        <ele>823.5323256910934</ele>
      </trkpt>
      <trkpt lat="36.8871553" lon="138.2447673">
        <ele>823.417283476619</ele>
      </trkpt>
      <trkpt lat="36.8871801" lon="138.2447705">
        <ele>823.245237191997</ele>
      </trkpt>
      <trkpt lat="36.887205" lon="138.2447738">
        <ele>823.0527541334648</ele>
      </trkpt>
      <trkpt lat="36.8872276" lon="138.2447723">
        <ele>822.8274768134181</ele>
      </trkpt>
      <trkpt lat="36.8872503" lon="138.2447708">
        <ele>822.5889110929801</ele>
      </trkpt>
      <trkpt lat="36.8872705" lon="138.2447641">
        <ele>822.3066216287787</ele>
      </trkpt>
      <trkpt lat="36.8872908" lon="138.2447575">
        <ele>822.0288465493935</ele>
      </trkpt>
      <trkpt lat="36.8873107" lon="138.2447469">
        <ele>821.7240387521854</ele>
      </trkpt>
      <trkpt lat="36.8873307" lon="138.2447363">
        <ele>821.4530146239977</ele>
      </trkpt>
      <trkpt lat="36.8873513" lon="138.2447236">
        <ele>821.1660323913839</ele>
      </trkpt>
      <trkpt lat="36.887372" lon="138.2447109">
        <ele>820.8871114132291</ele>
      </trkpt>
      <trkpt lat="36.8873925" lon="138.2446958">
        <ele>820.5790533660027</ele>
      </trkpt>
      <trkpt lat="36.887413" lon="138.2446808">
        <ele>820.2730564168593</ele>
      </trkpt>
      <trkpt lat="36.8874336" lon="138.244665">
        <ele>819.9708350337798</ele>
      </trkpt>
      <trkpt lat="36.8874542" lon="138.2446492">
        <ele>819.6786404884431</ele>
      </trkpt>
      <trkpt lat="36.8874759" lon="138.2446331">
        <ele>819.3764322151437</ele>
      </trkpt>
      <trkpt lat="36.8874976" lon="138.2446171">
        <ele>819.0749229383662</ele>
      </trkpt>
      <trkpt lat="36.8875202" lon="138.244602">
        <ele>818.7718389288527</ele>
      </trkpt>
      <trkpt lat="36.8875429" lon="138.244587">
        <ele>818.4685798962603</ele>
      </trkpt>
      <trkpt lat="36.8875664" lon="138.2445739">
        <ele>818.1716106433888</ele>
      </trkpt>
      <trkpt lat="36.88759" lon="138.2445609">
        <ele>817.8577545311305</ele>
      </trkpt>
      <trkpt lat="36.8876142" lon="138.2445477">
        <ele>817.4834640363238</ele>
      </trkpt>
      <trkpt lat="36.8876385" lon="138.2445345">
        <ele>817.1080080974854</ele>
      </trkpt>
      <trkpt lat="36.8876622" lon="138.2445194">
        <ele>816.6962497778993</ele>
      </trkpt>
      <trkpt lat="36.8876859" lon="138.2445044">
        <ele>816.2218217223003</ele>
      </trkpt>
      <trkpt lat="36.8877089" lon="138.2444878">
        <ele>815.7201666157354</ele>
      </trkpt>
      <trkpt lat="36.887732" lon="138.2444713">
        <ele>815.232732240949</ele>
      </trkpt>
      <trkpt lat="36.8877549" lon="138.2444544">
        <ele>814.7339825690729</ele>
      </trkpt>
      <trkpt lat="36.8877779" lon="138.2444375">
        <ele>814.2334847407425</ele>
      </trkpt>
      <trkpt lat="36.8877993" lon="138.2444207">
        <ele>813.7350535661458</ele>
      </trkpt>
      <trkpt lat="36.8878208" lon="138.2444039">
        <ele>813.1987206207601</ele>
      </trkpt>
      <trkpt lat="36.8878395" lon="138.2443867">
        <ele>812.7215375041416</ele>
      </trkpt>
      <trkpt lat="36.8878583" lon="138.2443695">
        <ele>812.2338487939691</ele>
      </trkpt>
      <trkpt lat="36.8878751" lon="138.2443521">
        <ele>811.7554729973165</ele>
      </trkpt>
      <trkpt lat="36.8878919" lon="138.2443348">
        <ele>811.2864986432869</ele>
      </trkpt>
      <trkpt lat="36.8879081" lon="138.2443166">
        <ele>810.8360427906257</ele>
      </trkpt>
      <trkpt lat="36.8879244" lon="138.2442985">
        <ele>810.3772780303242</ele>
      </trkpt>
      <trkpt lat="36.8879409" lon="138.2442795">
        <ele>809.874099633734</ele>
      </trkpt>
      <trkpt lat="36.8879574" lon="138.2442605">
        <ele>809.3741673956623</ele>
      </trkpt>
      <trkpt lat="36.8879741" lon="138.2442454">
        <ele>808.8998054583357</ele>
      </trkpt>
      <trkpt lat="36.8879908" lon="138.2442303">
        <ele>808.4340029871508</ele>
      </trkpt>
      <trkpt lat="36.8880067" lon="138.2442227">
        <ele>808.006877802623</ele>
      </trkpt>
      <trkpt lat="36.8880227" lon="138.2442152">
        <ele>807.5718811580331</ele>
      </trkpt>
      <trkpt lat="36.8880394" lon="138.2442138">
        <ele>807.154926361181</ele>
      </trkpt>
      <trkpt lat="36.8880561" lon="138.2442124">
        <ele>806.7387650761107</ele>
      </trkpt>
      <trkpt lat="36.8880756" lon="138.2442118">
        <ele>806.2681230601556</ele>
      </trkpt>
      <trkpt lat="36.8880951" lon="138.2442112">
        <ele>805.8050456357581</ele>
      </trkpt>
      <trkpt lat="36.8881152" lon="138.2442059">
        <ele>805.3014820754041</ele>
      </trkpt>
      <trkpt lat="36.8881354" lon="138.2442007">
        <ele>804.7915013479279</ele>
      </trkpt>
      <trkpt lat="36.8881529" lon="138.2441879">
        <ele>804.296007837552</ele>
      </trkpt>
      <trkpt lat="36.8881704" lon="138.2441751">
        <ele>803.8081176093522</ele>
      </trkpt>
      <trkpt lat="36.8881854" lon="138.2441539">
        <ele>803.3454100520278</ele>
      </trkpt>
      <trkpt lat="36.8882004" lon="138.2441328">
        <ele>802.8831877326122</ele>
      </trkpt>
      <trkpt lat="36.8882143" lon="138.2441064">
        <ele>802.3770806320254</ele>
      </trkpt>
      <trkpt lat="36.8882283" lon="138.24408">
        <ele>801.876524547251</ele>
      </trkpt>
      <trkpt lat="36.8882422" lon="138.2440546">
        <ele>801.3932692379319</ele>
      </trkpt>
      <trkpt lat="36.8882562" lon="138.2440293">
        <ele>800.8754605181302</ele>
      </trkpt>
      <trkpt lat="36.8882722" lon="138.2440097">
        <ele>800.3323836139429</ele>
      </trkpt>
      <trkpt lat="36.8882882" lon="138.2439901">
        <ele>799.7710999470916</ele>
      </trkpt>
      <trkpt lat="36.8883077" lon="138.2439801">
        <ele>799.1897986079906</ele>
      </trkpt>
      <trkpt lat="36.8883272" lon="138.2439702">
        <ele>798.6133741876848</ele>
      </trkpt>
      <trkpt lat="36.8883501" lon="138.2439704">
        <ele>798.0150080277598</ele>
      </trkpt>
      <trkpt lat="36.8883731" lon="138.2439706">
        <ele>797.413864610897</ele>
      </trkpt>
      <trkpt lat="36.888397" lon="138.2439743">
        <ele>796.8095349344427</ele>
      </trkpt>
      <trkpt lat="36.8884209" lon="138.243978">
        <ele>796.2028573616117</ele>
      </trkpt>
      <trkpt lat="36.8884434" lon="138.2439775">
        <ele>795.6075551763422</ele>
      </trkpt>
      <trkpt lat="36.888466" lon="138.2439771">
        <ele>795.0104863822945</ele>
      </trkpt>
      <trkpt lat="36.8884865" lon="138.2439694">
        <ele>794.4187189030214</ele>
      </trkpt>
      <trkpt lat="36.888507" lon="138.2439618">
        <ele>793.8070448663681</ele>
      </trkpt>
      <trkpt lat="36.8885252" lon="138.2439476">
        <ele>793.2330344026061</ele>
      </trkpt>
      <trkpt lat="36.8885434" lon="138.2439335">
        <ele>792.6770413196837</ele>
      </trkpt>
      <trkpt lat="36.8885604" lon="138.2439155">
        <ele>792.1392506697356</ele>
      </trkpt>
      <trkpt lat="36.8885775" lon="138.2438976">
        <ele>791.6083852365283</ele>
      </trkpt>
      <trkpt lat="36.8885963" lon="138.2438859">
        <ele>791.0670199194518</ele>
      </trkpt>
      <trkpt lat="36.8886152" lon="138.2438743">
        <ele>790.5324109582468</ele>
      </trkpt>
      <trkpt lat="36.8886362" lon="138.2438749">
        <ele>790.0144616600134</ele>
      </trkpt>
      <trkpt lat="36.8886573" lon="138.2438756">
        <ele>789.4943853313578</ele>
      </trkpt>
      <trkpt lat="36.8886804" lon="138.2438834">
        <ele>788.9495968888295</ele>
      </trkpt>
      <trkpt lat="36.8887035" lon="138.2438912">
        <ele>788.3882737408062</ele>
      </trkpt>
      <trkpt lat="36.8887265" lon="138.2439007">
        <ele>787.8202895923121</ele>
      </trkpt>
      <trkpt lat="36.8887495" lon="138.2439103">
        <ele>787.2448915500813</ele>
      </trkpt>
      <trkpt lat="36.8887711" lon="138.243919">
        <ele>786.6689300470645</ele>
      </trkpt>
      <trkpt lat="36.8887928" lon="138.2439277">
        <ele>786.0812994028513</ele>
      </trkpt>
      <trkpt lat="36.8888145" lon="138.2439321">
        <ele>785.4918739381377</ele>
      </trkpt>
      <trkpt lat="36.8888362" lon="138.2439365">
        <ele>784.9134175692229</ele>
      </trkpt>
      <trkpt lat="36.8888592" lon="138.2439371">
        <ele>784.3096376881474</ele>
      </trkpt>
      <trkpt lat="36.8888823" lon="138.2439378">
        <ele>783.7031190248673</ele>
      </trkpt>
      <trkpt lat="36.8889065" lon="138.2439363">
        <ele>783.1069452247445</ele>
      </trkpt>
      <trkpt lat="36.8889308" lon="138.2439348">
        <ele>782.5222551654035</ele>
      </trkpt>
      <trkpt lat="36.8889555" lon="138.2439326">
        <ele>781.9307621812827</ele>
      </trkpt>
      <trkpt lat="36.8889802" lon="138.2439304">
        <ele>781.3922700950648</ele>
      </trkpt>
      <trkpt lat="36.8890034" lon="138.2439279">
        <ele>780.8911570506175</ele>
      </trkpt>
      <trkpt lat="36.8890266" lon="138.2439254">
        <ele>780.3911045982508</ele>
      </trkpt>
      <trkpt lat="36.8890484" lon="138.2439235">
        <ele>779.9509407908197</ele>
      </trkpt>
      <trkpt lat="36.8890702" lon="138.2439216">
        <ele>779.510776856589</ele>
      </trkpt>
      <trkpt lat="36.8890933" lon="138.2439214">
        <ele>779.040139174043</ele>
      </trkpt>
      <trkpt lat="36.8891165" lon="138.2439212">
        <ele>778.612971664394</ele>
      </trkpt>
      <trkpt lat="36.8891416" lon="138.2439224">
        <ele>778.1512098078701</ele>
      </trkpt>
      <trkpt lat="36.8891667" lon="138.2439236">
        <ele>777.7007651185384</ele>
      </trkpt>
      <trkpt lat="36.8891913" lon="138.2439261">
        <ele>777.3209559607295</ele>
      </trkpt>
      <trkpt lat="36.889216" lon="138.2439286">
        <ele>776.9417057781923</ele>
      </trkpt>
      <trkpt lat="36.8892381" lon="138.2439294">
        <ele>776.6178903796065</ele>
      </trkpt>
      <trkpt lat="36.8892602" lon="138.2439302">
        <ele>776.3300022081933</ele>
      </trkpt>
      <trkpt lat="36.8892805" lon="138.2439285">
        <ele>776.0625956132039</ele>
      </trkpt>
      <trkpt lat="36.8893009" lon="138.2439269">
        <ele>775.7927333261471</ele>
      </trkpt>
      <trkpt lat="36.8893214" lon="138.2439223">
        <ele>775.5560409109512</ele>
      </trkpt>
      <trkpt lat="36.8893419" lon="138.2439177">
        <ele>775.3161474987284</ele>
      </trkpt>
      <trkpt lat="36.8893629" lon="138.243909">
        <ele>775.053565734411</ele>
      </trkpt>
      <trkpt lat="36.889384" lon="138.2439004">
        <ele>774.8057114526817</ele>
      </trkpt>
      <trkpt lat="36.8894054" lon="138.243889">
        <ele>774.546204611492</ele>
      </trkpt>
      <trkpt lat="36.8894269" lon="138.2438777">
        <ele>774.2607278532223</ele>
      </trkpt>
      <trkpt lat="36.8894477" lon="138.2438654">
        <ele>773.9579776018196</ele>
      </trkpt>
      <trkpt lat="36.8894685" lon="138.2438531">
        <ele>773.6465429983286</ele>
      </trkpt>
      <trkpt lat="36.8894878" lon="138.2438383">
        <ele>773.3232462755301</ele>
      </trkpt>
      <trkpt lat="36.8895071" lon="138.2438235">
        <ele>772.9920000189459</ele>
      </trkpt>
      <trkpt lat="36.8895259" lon="138.2438063">
        <ele>772.6874047364585</ele>
      </trkpt>
      <trkpt lat="36.8895448" lon="138.2437891">
        <ele>772.3517898944613</ele>
      </trkpt>
      <trkpt lat="36.8895639" lon="138.2437732">
        <ele>771.9993315021677</ele>
      </trkpt>
      <trkpt lat="36.889583" lon="138.2437573">
        <ele>771.6306373348699</ele>
      </trkpt>
      <trkpt lat="36.8896022" lon="138.2437424">
        <ele>771.2612550803465</ele>
      </trkpt>
      <trkpt lat="36.8896214" lon="138.2437275">
        <ele>770.8918727756712</ele>
      </trkpt>
      <trkpt lat="36.8896396" lon="138.2437117">
        <ele>770.5184063522847</ele>
      </trkpt>
      <trkpt lat="36.8896578" lon="138.243696">
        <ele>770.1132000521527</ele>
      </trkpt>
      <trkpt lat="36.8896755" lon="138.2436794">
        <ele>769.700626060344</ele>
      </trkpt>
      <trkpt lat="36.8896932" lon="138.2436629">
        <ele>769.2894501280978</ele>
      </trkpt>
      <trkpt lat="36.8897108" lon="138.243645">
        <ele>768.8597204488474</ele>
      </trkpt>
      <trkpt lat="36.8897285" lon="138.2436272">
        <ele>768.3820770221068</ele>
      </trkpt>
      <trkpt lat="36.8897461" lon="138.2436076">
        <ele>767.8087955358211</ele>
      </trkpt>
      <trkpt lat="36.8897638" lon="138.2435881">
        <ele>767.2359505634063</ele>
      </trkpt>
      <trkpt lat="36.8897821" lon="138.2435685">
        <ele>766.6523781103394</ele>
      </trkpt>
      <trkpt lat="36.8898005" lon="138.2435489">
        <ele>766.0436774633677</ele>
      </trkpt>
      <trkpt lat="36.8898188" lon="138.2435285">
        <ele>765.3874015437445</ele>
      </trkpt>
      <trkpt lat="36.8898371" lon="138.2435082">
        <ele>764.7187482713726</ele>
      </trkpt>
      <trkpt lat="36.889855" lon="138.2434878">
        <ele>764.0334033666325</ele>
      </trkpt>
      <trkpt lat="36.8898729" lon="138.2434674">
        <ele>763.2920099325239</ele>
      </trkpt>
      <trkpt lat="36.8898897" lon="138.2434479">
        <ele>762.5792127544413</ele>
      </trkpt>
      <trkpt lat="36.8899066" lon="138.2434284">
        <ele>761.8713666797638</ele>
      </trkpt>
      <trkpt lat="36.8899228" lon="138.2434101">
        <ele>761.2110807175981</ele>
      </trkpt>
      <trkpt lat="36.889939" lon="138.2433918">
        <ele>760.5608578625848</ele>
      </trkpt>
      <trkpt lat="36.8899554" lon="138.2433743">
        <ele>759.9325314278739</ele>
      </trkpt>
      <trkpt lat="36.8899718" lon="138.2433569">
        <ele>759.33116483128</ele>
      </trkpt>
      <trkpt lat="36.8899891" lon="138.2433403">
        <ele>758.7347221597772</ele>
      </trkpt>
      <trkpt lat="36.8900064" lon="138.2433238">
        <ele>758.0967195364866</ele>
      </trkpt>
      <trkpt lat="36.8900236" lon="138.2433071">
        <ele>757.476821528707</ele>
      </trkpt>
      <trkpt lat="36.8900409" lon="138.2432904">
        <ele>756.8745091532993</ele>
      </trkpt>
      <trkpt lat="36.8900583" lon="138.243272">
        <ele>756.2888794091552</ele>
      </trkpt>
      <trkpt lat="36.8900758" lon="138.2432537">
        <ele>755.717272163804</ele>
      </trkpt>
      <trkpt lat="36.8900936" lon="138.243234">
        <ele>755.1456499232754</ele>
      </trkpt>
      <trkpt lat="36.8901114" lon="138.2432143">
        <ele>754.5978335754659</ele>
      </trkpt>
      <trkpt lat="36.8901296" lon="138.2431975">
        <ele>754.0821341415045</ele>
      </trkpt>
      <trkpt lat="36.8901479" lon="138.2431807">
        <ele>753.5663884548846</ele>
      </trkpt>
      <trkpt lat="36.8901669" lon="138.2431696">
        <ele>753.1029283331824</ele>
      </trkpt>
      <trkpt lat="36.8901859" lon="138.2431585">
        <ele>752.6537859315438</ele>
      </trkpt>
      <trkpt lat="36.8902076" lon="138.2431525">
        <ele>752.1901958814658</ele>
      </trkpt>
      <trkpt lat="36.8902294" lon="138.2431465">
        <ele>751.7243559094215</ele>
      </trkpt>
      <trkpt lat="36.8902528" lon="138.2431405">
        <ele>751.2318968777523</ele>
      </trkpt>
      <trkpt lat="36.8902762" lon="138.2431346">
        <ele>750.7288601838064</ele>
      </trkpt>
      <trkpt lat="36.8903" lon="138.2431242">
        <ele>750.1828885360627</ele>
      </trkpt>
      <trkpt lat="36.8903238" lon="138.2431138">
        <ele>749.6369167368396</ele>
      </trkpt>
      <trkpt lat="36.8903475" lon="138.2430998">
        <ele>749.0824008348867</ele>
      </trkpt>
      <trkpt lat="36.8903712" lon="138.2430859">
        <ele>748.5364094028255</ele>
      </trkpt>
      <trkpt lat="36.8903946" lon="138.2430715">
        <ele>747.9926038893178</ele>
      </trkpt>
      <trkpt lat="36.890418" lon="138.2430572">
        <ele>747.4395725714601</ele>
      </trkpt>
      <trkpt lat="36.8904406" lon="138.2430442">
        <ele>746.9182387666102</ele>
      </trkpt>
      <trkpt lat="36.8904632" lon="138.2430313">
        <ele>746.4074675377439</ele>
      </trkpt>
      <trkpt lat="36.8904852" lon="138.2430196">
        <ele>745.9057285354015</ele>
      </trkpt>
      <trkpt lat="36.8905072" lon="138.243008">
        <ele>745.394493624615</ele>
      </trkpt>
      <trkpt lat="36.8905293" lon="138.2429973">
        <ele>744.8887048523179</ele>
      </trkpt>
      <trkpt lat="36.8905514" lon="138.2429867">
        <ele>744.3837315178248</ele>
      </trkpt>
      <trkpt lat="36.8905735" lon="138.2429765">
        <ele>743.8820202986481</ele>
      </trkpt>
      <trkpt lat="36.8905956" lon="138.2429664">
        <ele>743.381124517578</ele>
      </trkpt>
      <trkpt lat="36.8906179" lon="138.2429569">
        <ele>742.9196625622458</ele>
      </trkpt>
      <trkpt lat="36.8906403" lon="138.2429474">
        <ele>742.4832410063136</ele>
      </trkpt>
      <trkpt lat="36.8906627" lon="138.2429378">
        <ele>742.0321070780368</ele>
      </trkpt>
      <trkpt lat="36.8906852" lon="138.2429282">
        <ele>741.5307616722316</ele>
      </trkpt>
      <trkpt lat="36.8907079" lon="138.2429188">
        <ele>741.0134726249157</ele>
      </trkpt>
      <trkpt lat="36.8907307" lon="138.2429094">
        <ele>740.494435355161</ele>
      </trkpt>
      <trkpt lat="36.8907533" lon="138.242902">
        <ele>740.0134972799204</ele>
      </trkpt>
      <trkpt lat="36.8907759" lon="138.2428946">
        <ele>739.537335179668</ele>
      </trkpt>
      <trkpt lat="36.8907966" lon="138.2428861">
        <ele>739.0725577753904</ele>
      </trkpt>
      <trkpt lat="36.8908173" lon="138.2428776">
        <ele>738.6063875242972</ele>
      </trkpt>
      <trkpt lat="36.8908351" lon="138.2428639">
        <ele>738.1284868433114</ele>
      </trkpt>
      <trkpt lat="36.890853" lon="138.2428503">
        <ele>737.6461813172306</ele>
      </trkpt>
      <trkpt lat="36.8908699" lon="138.2428333">
        <ele>737.0994318528958</ele>
      </trkpt>
      <trkpt lat="36.8908868" lon="138.2428163">
        <ele>736.5418790538919</ele>
      </trkpt>
      <trkpt lat="36.8909041" lon="138.2427994">
        <ele>735.982287370104</ele>
      </trkpt>
      <trkpt lat="36.8909215" lon="138.2427825">
        <ele>735.4309951501016</ele>
      </trkpt>
      <trkpt lat="36.8909394" lon="138.2427682">
        <ele>734.9202483872317</ele>
      </trkpt>
      <trkpt lat="36.8909574" lon="138.2427539">
        <ele>734.3874345157542</ele>
      </trkpt>
      <trkpt lat="36.8909752" lon="138.2427413">
        <ele>733.8812074587391</ele>
      </trkpt>
      <trkpt lat="36.8909931" lon="138.2427288">
        <ele>733.3824687225854</ele>
      </trkpt>
      <trkpt lat="36.8910107" lon="138.2427181">
        <ele>732.9237436660094</ele>
      </trkpt>
      <trkpt lat="36.8910284" lon="138.2427075">
        <ele>732.4760791884278</ele>
      </trkpt>
      <trkpt lat="36.8910462" lon="138.242697">
        <ele>732.0318117955242</ele>
      </trkpt>
      <trkpt lat="36.8910641" lon="138.2426865">
        <ele>731.585941900593</ele>
      </trkpt>
      <trkpt lat="36.8910826" lon="138.2426747">
        <ele>731.1201281376395</ele>
      </trkpt>
      <trkpt lat="36.8911012" lon="138.2426629">
        <ele>730.6578870206379</ele>
      </trkpt>
      <trkpt lat="36.8911198" lon="138.2426489">
        <ele>730.1640997054527</ele>
      </trkpt>
      <trkpt lat="36.8911385" lon="138.242635">
        <ele>729.6701079812374</ele>
      </trkpt>
      <trkpt lat="36.8911556" lon="138.24262">
        <ele>729.1875517174813</ele>
      </trkpt>
      <trkpt lat="36.8911728" lon="138.2426051">
        <ele>728.7251357831865</ele>
      </trkpt>
      <trkpt lat="36.8911887" lon="138.2425901">
        <ele>728.2930341728242</ele>
      </trkpt>
      <trkpt lat="36.8912046" lon="138.2425751">
        <ele>727.8666174121272</ele>
      </trkpt>
      <trkpt lat="36.891221" lon="138.2425601">
        <ele>727.4413307437939</ele>
      </trkpt>
      <trkpt lat="36.8912374" lon="138.2425451">
        <ele>727.0075892313897</ele>
      </trkpt>
      <trkpt lat="36.8912554" lon="138.2425313">
        <ele>726.5872459175516</ele>
      </trkpt>
      <trkpt lat="36.8912734" lon="138.2425175">
        <ele>726.1921983856294</ele>
      </trkpt>
      <trkpt lat="36.8912929" lon="138.242506">
        <ele>725.8154601141696</ele>
      </trkpt>
      <trkpt lat="36.8913124" lon="138.2424946">
        <ele>725.4298671489721</ele>
      </trkpt>
      <trkpt lat="36.8913319" lon="138.242485">
        <ele>725.0820563052041</ele>
      </trkpt>
      <trkpt lat="36.8913514" lon="138.2424754">
        <ele>724.753308947403</ele>
      </trkpt>
      <trkpt lat="36.8913711" lon="138.2424665">
        <ele>724.452531421465</ele>
      </trkpt>
      <trkpt lat="36.8913908" lon="138.2424576">
        <ele>724.1607296970681</ele>
      </trkpt>
      <trkpt lat="36.8914113" lon="138.2424495">
        <ele>723.8651970172305</ele>
      </trkpt>
      <trkpt lat="36.8914319" lon="138.2424415">
        <ele>723.568296487572</ele>
      </trkpt>
      <trkpt lat="36.8914535" lon="138.2424347">
        <ele>723.2662058541267</ele>
      </trkpt>
      <trkpt lat="36.8914752" lon="138.2424279">
        <ele>722.9679322319619</ele>
      </trkpt>
      <trkpt lat="36.8914979" lon="138.2424214">
        <ele>722.6637267332094</ele>
      </trkpt>
      <trkpt lat="36.8915207" lon="138.242415">
        <ele>722.3318234245808</ele>
      </trkpt>
      <trkpt lat="36.8915444" lon="138.2424083">
        <ele>721.9918310551127</ele>
      </trkpt>
      <trkpt lat="36.8915682" lon="138.2424017">
        <ele>721.6544327435005</ele>
      </trkpt>
      <trkpt lat="36.8915925" lon="138.2423937">
        <ele>721.2849382356867</ele>
      </trkpt>
      <trkpt lat="36.8916169" lon="138.2423858">
        <ele>720.908018118183</ele>
      </trkpt>
      <trkpt lat="36.8916396" lon="138.2423774">
        <ele>720.5344596480966</ele>
      </trkpt>
      <trkpt lat="36.8916624" lon="138.242369">
        <ele>720.1201680654441</ele>
      </trkpt>
      <trkpt lat="36.8916829" lon="138.2423593">
        <ele>719.7351596343343</ele>
      </trkpt>
      <trkpt lat="36.8917035" lon="138.2423496">
        <ele>719.3479938700086</ele>
      </trkpt>
      <trkpt lat="36.8917232" lon="138.242336">
        <ele>718.9290808952424</ele>
      </trkpt>
      <trkpt lat="36.8917429" lon="138.2423224">
        <ele>718.5213193908342</ele>
      </trkpt>
      <trkpt lat="36.891762" lon="138.2423054">
        <ele>718.1082014111809</ele>
      </trkpt>
      <trkpt lat="36.8917811" lon="138.2422885">
        <ele>717.673663982577</ele>
      </trkpt>
      <trkpt lat="36.8917994" lon="138.2422718">
        <ele>717.2254001882068</ele>
      </trkpt>
      <trkpt lat="36.8918177" lon="138.2422552">
        <ele>716.767306369363</ele>
      </trkpt>
      <trkpt lat="36.8918365" lon="138.2422439">
        <ele>716.353941089553</ele>
      </trkpt>
      <trkpt lat="36.8918554" lon="138.2422326">
        <ele>715.9592064171904</ele>
      </trkpt>
      <trkpt lat="36.8918756" lon="138.2422305">
        <ele>715.5630829483854</ele>
      </trkpt>
      <trkpt lat="36.8918958" lon="138.2422284">
        <ele>715.1655194157618</ele>
      </trkpt>
      <trkpt lat="36.8919173" lon="138.2422369">
        <ele>714.758100341377</ele>
      </trkpt>
      <trkpt lat="36.8919388" lon="138.2422455">
        <ele>714.3183493360411</ele>
      </trkpt>
      <trkpt lat="36.8919595" lon="138.2422615">
        <ele>713.9450285083121</ele>
      </trkpt>
      <trkpt lat="36.8919803" lon="138.2422776">
        <ele>713.6081021815305</ele>
      </trkpt>
      <trkpt lat="36.8919996" lon="138.2422971">
        <ele>713.3358850608387</ele>
      </trkpt>
      <trkpt lat="36.892019" lon="138.2423166">
        <ele>713.0487471973872</ele>
      </trkpt>
      <trkpt lat="36.8920382" lon="138.2423365">
        <ele>712.7555096191954</ele>
      </trkpt>
      <trkpt lat="36.8920575" lon="138.2423565">
        <ele>712.524460535916</ele>
      </trkpt>
      <trkpt lat="36.8920785" lon="138.2423723">
        <ele>712.2434343499139</ele>
      </trkpt>
      <trkpt lat="36.8920996" lon="138.2423882">
        <ele>711.9613006229517</ele>
      </trkpt>
      <trkpt lat="36.8921228" lon="138.2423974">
        <ele>711.5700845259348</ele>
      </trkpt>
      <trkpt lat="36.892146" lon="138.2424066">
        <ele>711.1762929656932</ele>
      </trkpt>
      <trkpt lat="36.8921705" lon="138.2424094">
        <ele>710.6973223864488</ele>
      </trkpt>
      <trkpt lat="36.892195" lon="138.2424123">
        <ele>710.2103959362021</ele>
      </trkpt>
      <trkpt lat="36.8922197" lon="138.2424097">
        <ele>709.6506985631511</ele>
      </trkpt>
      <trkpt lat="36.8922445" lon="138.2424072">
        <ele>709.0919729502685</ele>
      </trkpt>
      <trkpt lat="36.8922697" lon="138.2424001">
        <ele>708.4775881798712</ele>
      </trkpt>
      <trkpt lat="36.892295" lon="138.242393">
        <ele>707.8585624151171</ele>
      </trkpt>
      <trkpt lat="36.8923192" lon="138.2423836">
        <ele>707.2421358367436</ele>
      </trkpt>
      <trkpt lat="36.8923435" lon="138.2423742">
        <ele>706.6302853353546</ele>
      </trkpt>
      <trkpt lat="36.8923665" lon="138.2423639">
        <ele>706.0545177498352</ele>
      </trkpt>
      <trkpt lat="36.8923896" lon="138.2423536">
        <ele>705.4927668323425</ele>
      </trkpt>
      <trkpt lat="36.8924118" lon="138.2423426">
        <ele>704.9621712920318</ele>
      </trkpt>
      <trkpt lat="36.892434" lon="138.2423317">
        <ele>704.4565939806469</ele>
      </trkpt>
      <trkpt lat="36.8924564" lon="138.2423199">
        <ele>703.9641740740954</ele>
      </trkpt>
      <trkpt lat="36.8924788" lon="138.2423081">
        <ele>703.4784943681659</ele>
      </trkpt>
      <trkpt lat="36.8925014" lon="138.2422942">
        <ele>702.9914538781219</ele>
      </trkpt>
      <trkpt lat="36.892524" lon="138.2422803">
        <ele>702.5150769247607</ele>
      </trkpt>
      <trkpt lat="36.8925459" lon="138.2422659">
        <ele>702.1136184542787</ele>
      </trkpt>
      <trkpt lat="36.8925679" lon="138.2422515">
        <ele>701.741492254102</ele>
      </trkpt>
      <trkpt lat="36.892589" lon="138.2422379">
        <ele>701.4033717184338</ele>
      </trkpt>
      <trkpt lat="36.8926102" lon="138.2422243">
        <ele>701.0431737183723</ele>
      </trkpt>
      <trkpt lat="36.8926305" lon="138.2422107">
        <ele>700.7139634832512</ele>
      </trkpt>
      <trkpt lat="36.8926508" lon="138.2421971">
        <ele>700.4128683013313</ele>
      </trkpt>
      <trkpt lat="36.8926713" lon="138.2421828">
        <ele>700.1238051933245</ele>
      </trkpt>
      <trkpt lat="36.8926918" lon="138.2421685">
        <ele>699.8154169403024</ele>
      </trkpt>
      <trkpt lat="36.8927135" lon="138.2421538">
        <ele>699.5072027403189</ele>
      </trkpt>
      <trkpt lat="36.8927353" lon="138.2421392">
        <ele>699.2292167165785</ele>
      </trkpt>
      <trkpt lat="36.8927571" lon="138.2421229">
        <ele>698.974832526292</ele>
      </trkpt>
      <trkpt lat="36.892779" lon="138.2421067">
        <ele>698.7182632226497</ele>
      </trkpt>
      <trkpt lat="36.8927998" lon="138.2420899">
        <ele>698.4828162600519</ele>
      </trkpt>
      <trkpt lat="36.8928207" lon="138.2420732">
        <ele>698.2091768817633</ele>
      </trkpt>
      <trkpt lat="36.892841" lon="138.242058">
        <ele>697.9385972761794</ele>
      </trkpt>
      <trkpt lat="36.8928613" lon="138.2420428">
        <ele>697.6784918762398</ele>
      </trkpt>
      <trkpt lat="36.8928825" lon="138.2420282">
        <ele>697.3624876990925</ele>
      </trkpt>
      <trkpt lat="36.8929037" lon="138.2420137">
        <ele>697.0145798081546</ele>
      </trkpt>
      <trkpt lat="36.8929256" lon="138.2419995">
        <ele>696.6506475811372</ele>
      </trkpt>
      <trkpt lat="36.8929476" lon="138.2419853">
        <ele>696.2600473541543</ele>
      </trkpt>
      <trkpt lat="36.89297" lon="138.2419726">
        <ele>695.8408625451112</ele>
      </trkpt>
      <trkpt lat="36.8929925" lon="138.2419599">
        <ele>695.429211872624</ele>
      </trkpt>
      <trkpt lat="36.8930155" lon="138.2419482">
        <ele>694.9801950725507</ele>
      </trkpt>
      <trkpt lat="36.8930386" lon="138.2419366">
        <ele>694.4756858909515</ele>
      </trkpt>
      <trkpt lat="36.8930617" lon="138.2419247">
        <ele>693.9729241631934</ele>
      </trkpt>
      <trkpt lat="36.8930848" lon="138.2419128">
        <ele>693.470162261837</ele>
      </trkpt>
      <trkpt lat="36.8931087" lon="138.2418996">
        <ele>692.9419551905016</ele>
      </trkpt>
      <trkpt lat="36.8931326" lon="138.2418865">
        <ele>692.4111083745962</ele>
      </trkpt>
      <trkpt lat="36.8931576" lon="138.2418723">
        <ele>691.8098623495794</ele>
      </trkpt>
      <trkpt lat="36.8931826" lon="138.2418582">
        <ele>691.1726605187254</ele>
      </trkpt>
      <trkpt lat="36.8932071" lon="138.2418441">
        <ele>690.5614251970387</ele>
      </trkpt>
      <trkpt lat="36.8932316" lon="138.2418301">
        <ele>689.9628590449925</ele>
      </trkpt>
      <trkpt lat="36.893255" lon="138.2418171">
        <ele>689.3815708127573</ele>
      </trkpt>
      <trkpt lat="36.8932785" lon="138.2418042">
        <ele>688.7912273838188</ele>
      </trkpt>
      <trkpt lat="36.8933011" lon="138.2417918">
        <ele>688.2063376872482</ele>
      </trkpt>
      <trkpt lat="36.8933238" lon="138.2417794">
        <ele>687.6243899375393</ele>
      </trkpt>
      <trkpt lat="36.8933468" lon="138.2417665">
        <ele>687.0464331797458</ele>
      </trkpt>
      <trkpt lat="36.8933699" lon="138.2417536">
        <ele>686.4804653282515</ele>
      </trkpt>
      <trkpt lat="36.8933932" lon="138.24174">
        <ele>685.9147641593829</ele>
      </trkpt>
      <trkpt lat="36.8934166" lon="138.2417265">
        <ele>685.3153904240551</ele>
      </trkpt>
      <trkpt lat="36.8934397" lon="138.2417124">
        <ele>684.7053024892207</ele>
      </trkpt>
      <trkpt lat="36.8934628" lon="138.2416984">
        <ele>684.1020945082665</ele>
      </trkpt>
      <trkpt lat="36.8934849" lon="138.2416834">
        <ele>683.5426800053101</ele>
      </trkpt>
      <trkpt lat="36.893507" lon="138.2416684">
        <ele>683.0042573915528</ele>
      </trkpt>
      <trkpt lat="36.8935291" lon="138.2416542">
        <ele>682.4543826508141</ele>
      </trkpt>
      <trkpt lat="36.8935512" lon="138.24164">
        <ele>681.8914533051629</ele>
      </trkpt>
      <trkpt lat="36.8935735" lon="138.2416277">
        <ele>681.3183965535143</ele>
      </trkpt>
      <trkpt lat="36.8935958" lon="138.2416154">
        <ele>680.7441388822168</ele>
      </trkpt>
      <trkpt lat="36.8936177" lon="138.2416041">
        <ele>680.1774575183873</ele>
      </trkpt>
      <trkpt lat="36.8936396" lon="138.2415928">
        <ele>679.6107759801212</ele>
      </trkpt>
      <trkpt lat="36.8936612" lon="138.2415806">
        <ele>679.055543807103</ele>
      </trkpt>
      <trkpt lat="36.8936829" lon="138.2415685">
        <ele>678.4971940014751</ele>
      </trkpt>
      <trkpt lat="36.8937043" lon="138.2415547">
        <ele>677.9076328227304</ele>
      </trkpt>
      <trkpt lat="36.8937257" lon="138.2415409">
        <ele>677.3001963641968</ele>
      </trkpt>
      <trkpt lat="36.8937469" lon="138.2415246">
        <ele>676.7014996837834</ele>
      </trkpt>
      <trkpt lat="36.8937681" lon="138.2415083">
        <ele>676.1111178474277</ele>
      </trkpt>
      <trkpt lat="36.8937885" lon="138.2414909">
        <ele>675.5667303429464</ele>
      </trkpt>
      <trkpt lat="36.8938089" lon="138.2414735">
        <ele>675.0126946169198</ele>
      </trkpt>
      <trkpt lat="36.8938283" lon="138.2414556">
        <ele>674.4757137707448</ele>
      </trkpt>
      <trkpt lat="36.8938478" lon="138.2414378">
        <ele>673.9115419412046</ele>
      </trkpt>
      <trkpt lat="36.8938667" lon="138.2414189">
        <ele>673.3608667846785</ele>
      </trkpt>
      <trkpt lat="36.8938857" lon="138.2414001">
        <ele>672.8072778653368</ele>
      </trkpt>
      <trkpt lat="36.8939045" lon="138.2413797">
        <ele>672.247607267207</ele>
      </trkpt>
      <trkpt lat="36.8939234" lon="138.2413593">
        <ele>671.7006977569788</ele>
      </trkpt>
      <trkpt lat="36.8939432" lon="138.2413389">
        <ele>671.1288765943619</ele>
      </trkpt>
      <trkpt lat="36.8939631" lon="138.2413186">
        <ele>670.5544038500417</ele>
      </trkpt>
      <trkpt lat="36.8939844" lon="138.2412995">
        <ele>669.9302050197508</ele>
      </trkpt>
      <trkpt lat="36.8940057" lon="138.2412804">
        <ele>669.2961256769959</ele>
      </trkpt>
      <trkpt lat="36.8940279" lon="138.2412615">
        <ele>668.6376006532932</ele>
      </trkpt>
      <trkpt lat="36.8940501" lon="138.2412426">
        <ele>667.9749928943842</ele>
      </trkpt>
      <trkpt lat="36.8940716" lon="138.2412222">
        <ele>667.3339966847341</ele>
      </trkpt>
      <trkpt lat="36.8940932" lon="138.2412019">
        <ele>666.6651653938706</ele>
      </trkpt>
      <trkpt lat="36.8941134" lon="138.2411823">
        <ele>666.0372868833736</ele>
      </trkpt>
      <trkpt lat="36.8941337" lon="138.2411628">
        <ele>665.4251927095543</ele>
      </trkpt>
      <trkpt lat="36.8941534" lon="138.2411439">
        <ele>664.8569296556512</ele>
      </trkpt>
      <trkpt lat="36.8941731" lon="138.241125">
        <ele>664.2831102228732</ele>
      </trkpt>
      <trkpt lat="36.8941936" lon="138.2411058">
        <ele>663.654233978231</ele>
      </trkpt>
      <trkpt lat="36.8942141" lon="138.2410866">
        <ele>663.0628793251328</ele>
      </trkpt>
      <trkpt lat="36.8942353" lon="138.2410666">
        <ele>662.4934363959628</ele>
      </trkpt>
      <trkpt lat="36.8942565" lon="138.2410466">
        <ele>661.9120882501318</ele>
      </trkpt>
      <trkpt lat="36.8942775" lon="138.2410244">
        <ele>661.3094646166392</ele>
      </trkpt>
      <trkpt lat="36.8942986" lon="138.2410022">
        <ele>660.7358956570044</ele>
      </trkpt>
      <trkpt lat="36.89432" lon="138.2409794">
        <ele>660.1885478168633</ele>
      </trkpt>
      <trkpt lat="36.8943414" lon="138.2409566">
        <ele>659.6588243154204</ele>
      </trkpt>
      <trkpt lat="36.8943628" lon="138.2409359">
        <ele>659.1481461315855</ele>
      </trkpt>
      <trkpt lat="36.8943843" lon="138.2409152">
        <ele>658.6652415284643</ele>
      </trkpt>
      <trkpt lat="36.894405" lon="138.2408992">
        <ele>658.220965662487</ele>
      </trkpt>
      <trkpt lat="36.8944258" lon="138.2408832">
        <ele>657.7969829719998</ele>
      </trkpt>
      <trkpt lat="36.8944465" lon="138.2408731">
        <ele>657.3592465733968</ele>
      </trkpt>
      <trkpt lat="36.8944673" lon="138.2408631">
        <ele>656.9337997221282</ele>
      </trkpt>
      <trkpt lat="36.8944887" lon="138.2408551">
        <ele>656.5111935596085</ele>
      </trkpt>
      <trkpt lat="36.8945101" lon="138.2408471">
        <ele>656.1060221827565</ele>
      </trkpt>
      <trkpt lat="36.894533" lon="138.2408389">
        <ele>655.6560661246194</ele>
      </trkpt>
      <trkpt lat="36.894556" lon="138.2408308">
        <ele>655.2011434892462</ele>
      </trkpt>
      <trkpt lat="36.8945804" lon="138.2408224">
        <ele>654.731044420585</ele>
      </trkpt>
      <trkpt lat="36.8946048" lon="138.2408141">
        <ele>654.2801157477845</ele>
      </trkpt>
      <trkpt lat="36.8946303" lon="138.2408051">
        <ele>653.8214860506935</ele>
      </trkpt>
      <trkpt lat="36.8946559" lon="138.2407961">
        <ele>653.3669264745911</ele>
      </trkpt>
      <trkpt lat="36.8946818" lon="138.2407882">
        <ele>652.873477248616</ele>
      </trkpt>
      <trkpt lat="36.8947078" lon="138.2407803">
        <ele>652.3789474431904</ele>
      </trkpt>
      <trkpt lat="36.8947335" lon="138.2407727">
        <ele>651.8772979238024</ele>
      </trkpt>
      <trkpt lat="36.8947592" lon="138.2407651">
        <ele>651.3634928524968</ele>
      </trkpt>
      <trkpt lat="36.8947842" lon="138.2407559">
        <ele>650.8887518988817</ele>
      </trkpt>
      <trkpt lat="36.8948092" lon="138.2407468">
        <ele>650.3675595471605</ele>
      </trkpt>
      <trkpt lat="36.8948343" lon="138.2407371">
        <ele>649.8200901728</ele>
      </trkpt>
      <trkpt lat="36.8948595" lon="138.2407275">
        <ele>649.2608299569918</ele>
      </trkpt>
      <trkpt lat="36.8948852" lon="138.2407196">
        <ele>648.6966257383592</ele>
      </trkpt>
      <trkpt lat="36.8949109" lon="138.2407117">
        <ele>648.1337689780639</ele>
      </trkpt>
      <trkpt lat="36.8949362" lon="138.2407061">
        <ele>647.5418843400207</ele>
      </trkpt>
      <trkpt lat="36.8949615" lon="138.2407006">
        <ele>646.9168901877489</ele>
      </trkpt>
      <trkpt lat="36.8949859" lon="138.240696">
        <ele>646.3092050724674</ele>
      </trkpt>
      <trkpt lat="36.8950103" lon="138.2406914">
        <ele>645.7157491872083</ele>
      </trkpt>
      <trkpt lat="36.8950352" lon="138.2406868">
        <ele>645.1207523495904</ele>
      </trkpt>
      <trkpt lat="36.8950601" lon="138.2406823">
        <ele>644.5212734758434</ele>
      </trkpt>
      <trkpt lat="36.8950861" lon="138.2406783">
        <ele>643.8976744003598</ele>
      </trkpt>
      <trkpt lat="36.8951121" lon="138.2406744">
        <ele>643.2764719088797</ele>
      </trkpt>
      <trkpt lat="36.8951376" lon="138.2406711">
        <ele>642.6660633082563</ele>
      </trkpt>
      <trkpt lat="36.8951631" lon="138.2406678">
        <ele>642.0728013476739</ele>
      </trkpt>
      <trkpt lat="36.8951849" lon="138.2406656">
        <ele>641.5602603691403</ele>
      </trkpt>
      <trkpt lat="36.8952068" lon="138.2406635">
        <ele>641.0392586820603</ele>
      </trkpt>
      <trkpt lat="36.8952222" lon="138.2406628">
        <ele>640.6508758470885</ele>
      </trkpt>
      <trkpt lat="36.8952377" lon="138.2406621">
        <ele>640.2603166917593</ele>
      </trkpt>
      <trkpt lat="36.895248" lon="138.2406643">
        <ele>639.9865712554778</ele>
      </trkpt>
      <trkpt lat="36.8952583" lon="138.2406666">
        <ele>639.7114981524423</ele>
      </trkpt>
      <trkpt lat="36.8952643" lon="138.2406753">
        <ele>639.5090420462449</ele>
      </trkpt>
      <trkpt lat="36.8952704" lon="138.2406841">
        <ele>639.3016556085272</ele>
      </trkpt>
      <trkpt lat="36.8952725" lon="138.2406965">
        <ele>639.1752556007777</ele>
      </trkpt>
      <trkpt lat="36.8952746" lon="138.240709">
        <ele>639.0503863545952</ele>
      </trkpt>
      <trkpt lat="36.8952748" lon="138.2407229">
        <ele>638.9639455989927</ele>
      </trkpt>
      <trkpt lat="36.895275" lon="138.2407368">
        <ele>638.8773890052566</ele>
      </trkpt>
      <trkpt lat="36.8952741" lon="138.2407522">
        <ele>638.8099755990991</ele>
      </trkpt>
      <trkpt lat="36.8952733" lon="138.2407676">
        <ele>638.740457121138</ele>
      </trkpt>
      <trkpt lat="36.8952718" lon="138.240786">
        <ele>638.6712976324908</ele>
      </trkpt>
      <trkpt lat="36.8952703" lon="138.2408045">
        <ele>638.5790971005054</ele>
      </trkpt>
      <trkpt lat="36.8952673" lon="138.240828">
        <ele>638.4643006757145</ele>
      </trkpt>
      <trkpt lat="36.8952644" lon="138.2408515">
        <ele>638.3493252009732</ele>
      </trkpt>
      <trkpt lat="36.8952601" lon="138.2408781">
        <ele>638.2486052437956</ele>
      </trkpt>
      <trkpt lat="36.8952558" lon="138.2409048">
        <ele>638.1652170787701</ele>
      </trkpt>
      <trkpt lat="36.8952509" lon="138.2409285">
        <ele>638.117353769395</ele>
      </trkpt>
      <trkpt lat="36.8952461" lon="138.2409522">
        <ele>638.0630468060531</ele>
      </trkpt>
      <trkpt lat="36.8952422" lon="138.2409696">
        <ele>638.0249215258756</ele>
      </trkpt>
      <trkpt lat="36.8952383" lon="138.240987">
        <ele>637.9593301958874</ele>
      </trkpt>
      <trkpt lat="36.8952345" lon="138.2410009">
        <ele>637.9238845993071</ele>
      </trkpt>
      <trkpt lat="36.8952307" lon="138.2410149">
        <ele>637.887506929995</ele>
      </trkpt>
      <trkpt lat="36.8952263" lon="138.2410286">
        <ele>637.868785213796</ele>
      </trkpt>
      <trkpt lat="36.895222" lon="138.2410423">
        <ele>637.8475868657004</ele>
      </trkpt>
      <trkpt lat="36.8952181" lon="138.2410554">
        <ele>637.8130530333714</ele>
      </trkpt>
      <trkpt lat="36.8952143" lon="138.2410686">
        <ele>637.7401494820394</ele>
      </trkpt>
      <trkpt lat="36.8952119" lon="138.2410822">
        <ele>637.6264916724664</ele>
      </trkpt>
      <trkpt lat="36.8952095" lon="138.2410959">
        <ele>637.5104537771945</ele>
      </trkpt>
      <trkpt lat="36.8952075" lon="138.241111">
        <ele>637.3659236481192</ele>
      </trkpt>
      <trkpt lat="36.8952055" lon="138.2411261">
        <ele>637.22036832408</ele>
      </trkpt>
      <trkpt lat="36.8952033" lon="138.2411425">
        <ele>637.0665158145134</ele>
      </trkpt>
      <trkpt lat="36.8952011" lon="138.241159">
        <ele>636.9255575878549</ele>
      </trkpt>
      <trkpt lat="36.8951984" lon="138.2411776">
        <ele>636.7717872918587</ele>
      </trkpt>
      <trkpt lat="36.8951958" lon="138.2411962">
        <ele>636.6156860526655</ele>
      </trkpt>
      <trkpt lat="36.8951935" lon="138.2412153">
        <ele>636.44676656602</ele>
      </trkpt>
      <trkpt lat="36.8951913" lon="138.2412345">
        <ele>636.2527385196137</ele>
      </trkpt>
      <trkpt lat="36.8951891" lon="138.2412532">
        <ele>636.0476479464296</ele>
      </trkpt>
      <trkpt lat="36.895187" lon="138.241272">
        <ele>635.8401727451618</ele>
      </trkpt>
      <trkpt lat="36.8951848" lon="138.2412898">
        <ele>635.650138692291</ele>
      </trkpt>
      <trkpt lat="36.8951826" lon="138.2413077">
        <ele>635.4600720189086</ele>
      </trkpt>
      <trkpt lat="36.8951803" lon="138.2413245">
        <ele>635.3165361553907</ele>
      </trkpt>
      <trkpt lat="36.8951781" lon="138.2413413">
        <ele>635.1752877027272</ele>
      </trkpt>
      <trkpt lat="36.895176" lon="138.2413571">
        <ele>635.0432134693731</ele>
      </trkpt>
      <trkpt lat="36.8951739" lon="138.2413729">
        <ele>634.9111392344357</ele>
      </trkpt>
      <trkpt lat="36.8951728" lon="138.2413886">
        <ele>634.7554638417913</ele>
      </trkpt>
      <trkpt lat="36.8951717" lon="138.2414044">
        <ele>634.613083736143</ele>
      </trkpt>
      <trkpt lat="36.8951718" lon="138.2414202">
        <ele>634.453521955397</ele>
      </trkpt>
      <trkpt lat="36.895172" lon="138.2414361">
        <ele>634.2903674770442</ele>
      </trkpt>
      <trkpt lat="36.8951732" lon="138.2414524">
        <ele>634.0974014732883</ele>
      </trkpt>
      <trkpt lat="36.8951744" lon="138.2414688">
        <ele>633.902772937878</ele>
      </trkpt>
      <trkpt lat="36.8951767" lon="138.2414862">
        <ele>633.6768008273099</ele>
      </trkpt>
      <trkpt lat="36.8951791" lon="138.2415036">
        <ele>633.4719581494113</ele>
      </trkpt>
      <trkpt lat="36.8951824" lon="138.2415221">
        <ele>633.2345435452188</ele>
      </trkpt>
      <trkpt lat="36.8951858" lon="138.2415407">
        <ele>632.9936910707511</ele>
      </trkpt>
      <trkpt lat="36.8951897" lon="138.241559">
        <ele>632.742173727137</ele>
      </trkpt>
      <trkpt lat="36.8951936" lon="138.2415774">
        <ele>632.5143577658419</ele>
      </trkpt>
      <trkpt lat="36.8951974" lon="138.2415943">
        <ele>632.3174889182512</ele>
      </trkpt>
      <trkpt lat="36.8952012" lon="138.2416112">
        <ele>632.1184400022582</ele>
      </trkpt>
      <trkpt lat="36.8952054" lon="138.2416274">
        <ele>631.9081979061164</ele>
      </trkpt>
      <trkpt lat="36.8952097" lon="138.2416437">
        <ele>631.6882469690279</ele>
      </trkpt>
      <trkpt lat="36.8952145" lon="138.2416605">
        <ele>631.4660070324327</ele>
      </trkpt>
      <trkpt lat="36.8952193" lon="138.2416774">
        <ele>631.2670807520867</ele>
      </trkpt>
      <trkpt lat="36.8952249" lon="138.2416959">
        <ele>631.0392526384449</ele>
      </trkpt>
      <trkpt lat="36.8952305" lon="138.2417144">
        <ele>630.8114245126958</ele>
      </trkpt>
      <trkpt lat="36.8952376" lon="138.2417359">
        <ele>630.5294054470957</ele>
      </trkpt>
      <trkpt lat="36.8952447" lon="138.2417574">
        <ele>630.2685057661498</ele>
      </trkpt>
      <trkpt lat="36.8952531" lon="138.2417817">
        <ele>629.9671336852019</ele>
      </trkpt>
      <trkpt lat="36.8952616" lon="138.2418061">
        <ele>629.6626148821795</ele>
      </trkpt>
      <trkpt lat="36.8952705" lon="138.2418334">
        <ele>629.3593007024693</ele>
      </trkpt>
      <trkpt lat="36.8952795" lon="138.2418608">
        <ele>629.096784350184</ele>
      </trkpt>
      <trkpt lat="36.8952884" lon="138.2418904">
        <ele>628.8374668631714</ele>
      </trkpt>
      <trkpt lat="36.8952973" lon="138.24192">
        <ele>628.58489933779</ele>
      </trkpt>
      <trkpt lat="36.8953062" lon="138.2419494">
        <ele>628.3416615856793</ele>
      </trkpt>
      <trkpt lat="36.8953152" lon="138.2419789">
        <ele>628.0865564757148</ele>
      </trkpt>
      <trkpt lat="36.8953241" lon="138.2420068">
        <ele>627.842623021411</ele>
      </trkpt>
      <trkpt lat="36.8953331" lon="138.2420348">
        <ele>627.6302238283065</ele>
      </trkpt>
      <trkpt lat="36.8953424" lon="138.2420618">
        <ele>627.4128996715908</ele>
      </trkpt>
      <trkpt lat="36.8953518" lon="138.2420889">
        <ele>627.1603501626811</ele>
      </trkpt>
      <trkpt lat="36.8953616" lon="138.2421152">
        <ele>626.8564250732763</ele>
      </trkpt>
      <trkpt lat="36.8953715" lon="138.2421416">
        <ele>626.5581958233292</ele>
      </trkpt>
      <trkpt lat="36.8953809" lon="138.2421673">
        <ele>626.2836672620131</ele>
      </trkpt>
      <trkpt lat="36.8953904" lon="138.2421931">
        <ele>626.0225337505581</ele>
      </trkpt>
      <trkpt lat="36.8953987" lon="138.2422175">
        <ele>625.7970342630292</ele>
      </trkpt>
      <trkpt lat="36.895407" lon="138.2422419">
        <ele>625.5715347481662</ele>
      </trkpt>
      <trkpt lat="36.8954132" lon="138.2422627">
        <ele>625.4105421039419</ele>
      </trkpt>
      <trkpt lat="36.8954195" lon="138.2422836">
        <ele>625.2469895225565</ele>
      </trkpt>
      <trkpt lat="36.8954242" lon="138.2423003">
        <ele>625.123083139386</ele>
      </trkpt>
      <trkpt lat="36.895429" lon="138.2423171">
        <ele>624.9935760098524</ele>
      </trkpt>
      <trkpt lat="36.895433" lon="138.2423322">
        <ele>624.8844108615228</ele>
      </trkpt>
      <trkpt lat="36.895437" lon="138.2423473">
        <ele>624.7714497797162</ele>
      </trkpt>
      <trkpt lat="36.8954405" lon="138.242362">
        <ele>624.6724580341876</ele>
      </trkpt>
      <trkpt lat="36.895444" lon="138.2423767">
        <ele>624.5752128511889</ele>
      </trkpt>
      <trkpt lat="36.8954469" lon="138.2423921">
        <ele>624.4979885816764</ele>
      </trkpt>
      <trkpt lat="36.8954499" lon="138.2424075">
        <ele>624.4193354292847</ele>
      </trkpt>
      <trkpt lat="36.8954526" lon="138.2424232">
        <ele>624.3512249432107</ele>
      </trkpt>
      <trkpt lat="36.8954553" lon="138.242439">
        <ele>624.2592889999044</ele>
      </trkpt>
      <trkpt lat="36.8954574" lon="138.2424536">
        <ele>624.1810913562778</ele>
      </trkpt>
      <trkpt lat="36.8954596" lon="138.2424682">
        <ele>624.099980024854</ele>
      </trkpt>
      <trkpt lat="36.8954621" lon="138.2424811">
        <ele>624.0121082762257</ele>
      </trkpt>
      <trkpt lat="36.8954646" lon="138.242494">
        <ele>623.924236524757</ele>
      </trkpt>
      <trkpt lat="36.8954675" lon="138.2425076">
        <ele>623.8238944656216</ele>
      </trkpt>
      <trkpt lat="36.8954705" lon="138.2425212">
        <ele>623.7193633807702</ele>
      </trkpt>
      <trkpt lat="36.8954736" lon="138.2425357">
        <ele>623.6114488856634</ele>
      </trkpt>
      <trkpt lat="36.8954768" lon="138.2425503">
        <ele>623.5020925681239</ele>
      </trkpt>
      <trkpt lat="36.89548" lon="138.2425661">
        <ele>623.3915261657453</ele>
      </trkpt>
      <trkpt lat="36.8954832" lon="138.242582">
        <ele>623.2797633339662</ele>
      </trkpt>
      <trkpt lat="36.8954858" lon="138.2425996">
        <ele>623.1811484559454</ele>
      </trkpt>
      <trkpt lat="36.8954885" lon="138.2426172">
        <ele>623.0614679248085</ele>
      </trkpt>
      <trkpt lat="36.8954905" lon="138.2426358">
        <ele>622.9598530336295</ele>
      </trkpt>
      <trkpt lat="36.8954925" lon="138.2426544">
        <ele>622.8582381409603</ele>
      </trkpt>
      <trkpt lat="36.8954951" lon="138.2426736">
        <ele>622.737743020431</ele>
      </trkpt>
      <trkpt lat="36.8954977" lon="138.2426929">
        <ele>622.6170148792681</ele>
      </trkpt>
      <trkpt lat="36.8955008" lon="138.2427112">
        <ele>622.4840484649878</ele>
      </trkpt>
      <trkpt lat="36.895504" lon="138.2427296">
        <ele>622.3479353426959</ele>
      </trkpt>
      <trkpt lat="36.8955081" lon="138.242743">
        <ele>622.197249866836</ele>
      </trkpt>
      <trkpt lat="36.8955123" lon="138.2427565">
        <ele>622.0434176796117</ele>
      </trkpt>
      <trkpt lat="36.8955171" lon="138.2427619">
        <ele>621.8909777222202</ele>
      </trkpt>
      <trkpt lat="36.895522" lon="138.2427673">
        <ele>621.7356240682304</ele>
      </trkpt>
      <trkpt lat="36.8955271" lon="138.2427674">
        <ele>621.5867929214612</ele>
      </trkpt>
      <trkpt lat="36.8955322" lon="138.2427676">
        <ele>621.4377287484706</ele>
      </trkpt>
      <trkpt lat="36.8955384" lon="138.2427659">
        <ele>621.2610413036309</ele>
      </trkpt>
      <trkpt lat="36.8955447" lon="138.2427643">
        <ele>621.0812071372756</ele>
      </trkpt>
      <trkpt lat="36.8955534" lon="138.2427626">
        <ele>620.8486350408884</ele>
      </trkpt>
      <trkpt lat="36.8955622" lon="138.2427609">
        <ele>620.6189762023496</ele>
      </trkpt>
      <trkpt lat="36.8955735" lon="138.2427592">
        <ele>620.3218914224619</ele>
      </trkpt>
      <trkpt lat="36.8955848" lon="138.2427575">
        <ele>620.0235023567453</ele>
      </trkpt>
      <trkpt lat="36.8955972" lon="138.2427565">
        <ele>619.6940211293934</ele>
      </trkpt>
      <trkpt lat="36.8956097" lon="138.2427555">
        <ele>619.3610289931227</ele>
      </trkpt>
      <trkpt lat="36.895623" lon="138.2427553">
        <ele>618.9988592377872</ele>
      </trkpt>
      <trkpt lat="36.8956364" lon="138.2427551">
        <ele>618.6279461408974</ele>
      </trkpt>
      <trkpt lat="36.8956504" lon="138.2427548">
        <ele>618.2404249250898</ele>
      </trkpt>
      <trkpt lat="36.8956644" lon="138.2427545">
        <ele>617.8529036380594</ele>
      </trkpt>
      <trkpt lat="36.8956808" lon="138.242755">
        <ele>617.3989500399224</ele>
      </trkpt>
      <trkpt lat="36.8956973" lon="138.2427556">
        <ele>616.9580656983696</ele>
      </trkpt>
      <trkpt lat="36.895717" lon="138.2427575">
        <ele>616.4379582249412</ele>
      </trkpt>
      <trkpt lat="36.8957368" lon="138.2427594">
        <ele>615.9164822230257</ele>
      </trkpt>
      <trkpt lat="36.8957596" lon="138.2427618">
        <ele>615.2994954834694</ele>
      </trkpt>
      <trkpt lat="36.8957824" lon="138.2427642">
        <ele>614.6379684912507</ele>
      </trkpt>
      <trkpt lat="36.8958072" lon="138.2427665">
        <ele>613.9180508006365</ele>
      </trkpt>
      <trkpt lat="36.8958321" lon="138.2427689">
        <ele>613.210549015063</ele>
      </trkpt>
      <trkpt lat="36.8958581" lon="138.2427705">
        <ele>612.4948833356971</ele>
      </trkpt>
      <trkpt lat="36.8958841" lon="138.2427722">
        <ele>611.7787836132509</ele>
      </trkpt>
      <trkpt lat="36.89591" lon="138.2427737">
        <ele>611.0076468941759</ele>
      </trkpt>
      <trkpt lat="36.8959359" lon="138.2427752">
        <ele>610.2187603384723</ele>
      </trkpt>
      <trkpt lat="36.895961" lon="138.2427777">
        <ele>609.4590887017761</ele>
      </trkpt>
      <trkpt lat="36.8959861" lon="138.2427803">
        <ele>608.7242023097745</ele>
      </trkpt>
      <trkpt lat="36.8960105" lon="138.2427831">
        <ele>608.0057213851533</ele>
      </trkpt>
      <trkpt lat="36.896035" lon="138.2427859">
        <ele>607.2730184324553</ele>
      </trkpt>
      <trkpt lat="36.8960586" lon="138.2427878">
        <ele>606.5510014034116</ele>
      </trkpt>
      <trkpt lat="36.8960822" lon="138.2427897">
        <ele>605.8289841509203</ele>
      </trkpt>
      <trkpt lat="36.8961049" lon="138.2427912">
        <ele>605.1533178491013</ele>
      </trkpt>
      <trkpt lat="36.8961276" lon="138.2427928">
        <ele>604.5063502853933</ele>
      </trkpt>
      <trkpt lat="36.8961497" lon="138.2427948">
        <ele>603.8733110336271</ele>
      </trkpt>
      <trkpt lat="36.8961719" lon="138.2427968">
        <ele>603.2340322672953</ele>
      </trkpt>
      <trkpt lat="36.8961946" lon="138.2427982">
        <ele>602.5806819913623</ele>
      </trkpt>
      <trkpt lat="36.8962173" lon="138.2427997">
        <ele>601.9282663522469</ele>
      </trkpt>
      <trkpt lat="36.89624" lon="138.2428006">
        <ele>601.2836456899536</ele>
      </trkpt>
      <trkpt lat="36.8962628" lon="138.2428016">
        <ele>600.6513695978098</ele>
      </trkpt>
      <trkpt lat="36.8962846" lon="138.2428029">
        <ele>600.0464241113517</ele>
      </trkpt>
      <trkpt lat="36.8963064" lon="138.2428043">
        <ele>599.4376946722397</ele>
      </trkpt>
      <trkpt lat="36.8963278" lon="138.2428065">
        <ele>598.8252881999235</ele>
      </trkpt>
      <trkpt lat="36.8963492" lon="138.2428088">
        <ele>598.2144431566091</ele>
      </trkpt>
      <trkpt lat="36.8963712" lon="138.2428118">
        <ele>597.5885222811256</ele>
      </trkpt>
      <trkpt lat="36.8963933" lon="138.2428148">
        <ele>596.9767864398198</ele>
      </trkpt>
      <trkpt lat="36.8964171" lon="138.242818">
        <ele>596.3179937970831</ele>
      </trkpt>
      <trkpt lat="36.8964409" lon="138.2428212">
        <ele>595.6583535363616</ele>
      </trkpt>
      <trkpt lat="36.8964654" lon="138.2428225">
        <ele>594.9666714984243</ele>
      </trkpt>
      <trkpt lat="36.89649" lon="138.2428239">
        <ele>594.2733351848423</ele>
      </trkpt>
      <trkpt lat="36.8965139" lon="138.2428244">
        <ele>593.611295321445</ele>
      </trkpt>
      <trkpt lat="36.8965379" lon="138.242825">
        <ele>592.9826293308761</ele>
      </trkpt>
      <trkpt lat="36.8965609" lon="138.2428262">
        <ele>592.380885748752</ele>
      </trkpt>
      <trkpt lat="36.896584" lon="138.2428275">
        <ele>591.7872605881425</ele>
      </trkpt>
      <trkpt lat="36.8966066" lon="138.2428289">
        <ele>591.229164232617</ele>
      </trkpt>
      <trkpt lat="36.8966292" lon="138.2428304">
        <ele>590.6711842197002</ele>
      </trkpt>
      <trkpt lat="36.8966522" lon="138.2428322">
        <ele>590.1236122053359</ele>
      </trkpt>
      <trkpt lat="36.8966752" lon="138.242834">
        <ele>589.6230905348212</ele>
      </trkpt>
      <trkpt lat="36.8966993" lon="138.2428356">
        <ele>589.0982973936257</ele>
      </trkpt>
      <trkpt lat="36.8967235" lon="138.2428373">
        <ele>588.5881618163344</ele>
      </trkpt>
      <trkpt lat="36.8967482" lon="138.2428375">
        <ele>588.0919448451066</ele>
      </trkpt>
      <trkpt lat="36.8967729" lon="138.2428378">
        <ele>587.5955765253709</ele>
      </trkpt>
      <trkpt lat="36.8967965" lon="138.2428369">
        <ele>587.1617751557803</ele>
      </trkpt>
      <trkpt lat="36.8968201" lon="138.2428361">
        <ele>586.7569780611511</ele>
      </trkpt>
      <trkpt lat="36.8968405" lon="138.2428344">
        <ele>586.4085756867739</ele>
      </trkpt>
      <trkpt lat="36.8968609" lon="138.2428328">
        <ele>586.0856387886693</ele>
      </trkpt>
      <trkpt lat="36.896883" lon="138.2428324">
        <ele>585.7641365242199</ele>
      </trkpt>
      <trkpt lat="36.8969052" lon="138.242832">
        <ele>585.4411772958011</ele>
      </trkpt>
      <trkpt lat="36.8968497" lon="138.2428473">
        <ele>586.2362793737653</ele>
      </trkpt>
      <trkpt lat="36.8968467" lon="138.2428482">
        <ele>586.2873521436684</ele>
      </trkpt>
      <trkpt lat="36.8968438" lon="138.2428492">
        <ele>586.336674632649</ele>
      </trkpt>
      <trkpt lat="36.8968398" lon="138.2428502">
        <ele>586.4052352786047</ele>
      </trkpt>
      <trkpt lat="36.8968358" lon="138.2428513">
        <ele>586.4738414596952</ele>
      </trkpt>
      <trkpt lat="36.8968306" lon="138.2428534">
        <ele>586.5627072474465</ele>
      </trkpt>
      <trkpt lat="36.8968254" lon="138.2428555">
        <ele>586.6527530747476</ele>
      </trkpt>
      <trkpt lat="36.8968186" lon="138.2428573">
        <ele>586.7737307510349</ele>
      </trkpt>
      <trkpt lat="36.8968119" lon="138.2428591">
        <ele>586.8929601741035</ele>
      </trkpt>
      <trkpt lat="36.8968042" lon="138.2428594">
        <ele>587.0279243864596</ele>
      </trkpt>
      <trkpt lat="36.8967965" lon="138.2428598">
        <ele>587.1630050938589</ele>
      </trkpt>
      <trkpt lat="36.8967894" lon="138.2428602">
        <ele>587.2875963339594</ele>
      </trkpt>
      <trkpt lat="36.8967823" lon="138.2428607">
        <ele>587.4132933076629</ele>
      </trkpt>
      <trkpt lat="36.8967758" lon="138.2428613">
        <ele>587.5472578553349</ele>
      </trkpt>
      <trkpt lat="36.8967693" lon="138.2428619">
        <ele>587.681354786431</ele>
      </trkpt>
      <trkpt lat="36.8967632" lon="138.2428617">
        <ele>587.8061793181915</ele>
      </trkpt>
      <trkpt lat="36.8967571" lon="138.2428615">
        <ele>587.9309624242464</ele>
      </trkpt>
      <trkpt lat="36.8967502" lon="138.2428612">
        <ele>588.0719340412764</ele>
      </trkpt>
      <trkpt lat="36.8967433" lon="138.242861">
        <ele>588.2130186382108</ele>
      </trkpt>
      <trkpt lat="36.8967354" lon="138.2428617">
        <ele>588.3763198049293</ele>
      </trkpt>
      <trkpt lat="36.8967275" lon="138.2428624">
        <ele>588.5398086842958</ele>
      </trkpt>
      <trkpt lat="36.896719" lon="138.2428634">
        <ele>588.7164782506447</ele>
      </trkpt>
      <trkpt lat="36.8967105" lon="138.2428644">
        <ele>588.8979660628839</ele>
      </trkpt>
      <trkpt lat="36.8967016" lon="138.2428644">
        <ele>589.0924578015703</ele>
      </trkpt>
      <trkpt lat="36.8966928" lon="138.2428645">
        <ele>589.2849972354026</ele>
      </trkpt>
      <trkpt lat="36.8966839" lon="138.2428635">
        <ele>589.4771587604899</ele>
      </trkpt>
      <trkpt lat="36.896675" lon="138.2428625">
        <ele>589.6693202628765</ele>
      </trkpt>
      <trkpt lat="36.8966666" lon="138.2428613">
        <ele>589.8500892123916</ele>
      </trkpt>
      <trkpt lat="36.8966582" lon="138.2428601">
        <ele>590.0308581417437</ele>
      </trkpt>
      <trkpt lat="36.8966498" lon="138.242858">
        <ele>590.2095298991084</ele>
      </trkpt>
      <trkpt lat="36.8966415" lon="138.2428559">
        <ele>590.3972279381483</ele>
      </trkpt>
      <trkpt lat="36.8966332" lon="138.2428538">
        <ele>590.5993803393338</ele>
      </trkpt>
      <trkpt lat="36.8966249" lon="138.2428517">
        <ele>590.8024973827655</ele>
      </trkpt>
      <trkpt lat="36.8966163" lon="138.2428501">
        <ele>591.0136269587099</ele>
      </trkpt>
      <trkpt lat="36.8966077" lon="138.2428485">
        <ele>591.2247565105563</ele>
      </trkpt>
      <trkpt lat="36.896599" lon="138.2428466">
        <ele>591.4380131839779</ele>
      </trkpt>
      <trkpt lat="36.8965904" lon="138.2428447">
        <ele>591.648793162173</ele>
      </trkpt>
      <trkpt lat="36.8965826" lon="138.2428431">
        <ele>591.8401092835704</ele>
      </trkpt>
      <trkpt lat="36.8965748" lon="138.2428415">
        <ele>592.0342040868945</ele>
      </trkpt>
      <trkpt lat="36.8965669" lon="138.2428407">
        <ele>592.2404381344098</ele>
      </trkpt>
      <trkpt lat="36.8965591" lon="138.24284">
        <ele>592.4441663130657</ele>
      </trkpt>
      <trkpt lat="36.8965511" lon="138.2428398">
        <ele>592.6537217231473</ele>
      </trkpt>
      <trkpt lat="36.8965431" lon="138.2428396">
        <ele>592.8632771122742</ele>
      </trkpt>
      <trkpt lat="36.896535" lon="138.2428398">
        <ele>593.0759208672687</ele>
      </trkpt>
      <trkpt lat="36.8965269" lon="138.24284">
        <ele>593.2885645996322</ele>
      </trkpt>
      <trkpt lat="36.8965184" lon="138.2428401">
        <ele>593.5115812171259</ele>
      </trkpt>
      <trkpt lat="36.8965099" lon="138.2428402">
        <ele>593.7345978098465</ele>
      </trkpt>
      <trkpt lat="36.8965014" lon="138.2428399">
        <ele>593.9685776946955</ele>
      </trkpt>
      <trkpt lat="36.8964929" lon="138.2428397">
        <ele>594.205868498272</ele>
      </trkpt>
      <trkpt lat="36.8964845" lon="138.2428386">
        <ele>594.4397339515278</ele>
      </trkpt>
      <trkpt lat="36.8964761" lon="138.2428376">
        <ele>594.6739753025389</ele>
      </trkpt>
      <trkpt lat="36.8964681" lon="138.2428361">
        <ele>594.897060864254</ele>
      </trkpt>
      <trkpt lat="36.8964602" lon="138.2428347">
        <ele>595.1177862454197</ele>
      </trkpt>
      <trkpt lat="36.896452" lon="138.2428335">
        <ele>595.3473447254167</ele>
      </trkpt>
      <trkpt lat="36.8964438" lon="138.2428323">
        <ele>595.5772372226561</ele>
      </trkpt>
      <trkpt lat="36.896435" lon="138.2428314">
        <ele>595.8225151620114</ele>
      </trkpt>
      <trkpt lat="36.8964263" lon="138.2428306">
        <ele>596.0633344014648</ele>
      </trkpt>
      <trkpt lat="36.8964178" lon="138.24283">
        <ele>596.2986175397883</ele>
      </trkpt>
      <trkpt lat="36.8964093" lon="138.2428294">
        <ele>596.5339006524539</ele>
      </trkpt>
      <trkpt lat="36.8964014" lon="138.2428287">
        <ele>596.752575521451</ele>
      </trkpt>
      <trkpt lat="36.8963936" lon="138.242828">
        <ele>596.9684823321417</ele>
      </trkpt>
      <trkpt lat="36.896386" lon="138.2428271">
        <ele>597.1788530496652</ele>
      </trkpt>
      <trkpt lat="36.8963785" lon="138.2428263">
        <ele>597.3864557106517</ele>
      </trkpt>
      <trkpt lat="36.8963705" lon="138.2428251">
        <ele>597.6080436928125</ele>
      </trkpt>
      <trkpt lat="36.8963626" lon="138.242824">
        <ele>597.8308902840678</ele>
      </trkpt>
      <trkpt lat="36.8963542" lon="138.2428228">
        <ele>598.0681732167251</ele>
      </trkpt>
      <trkpt lat="36.8963458" lon="138.2428216">
        <ele>598.3057983120317</ele>
      </trkpt>
      <trkpt lat="36.896337" lon="138.2428204">
        <ele>598.5550731097003</ele>
      </trkpt>
      <trkpt lat="36.8963282" lon="138.2428193">
        <ele>598.8046340790224</ele>
      </trkpt>
      <trkpt lat="36.8963194" lon="138.242819">
        <ele>599.0538258721072</ele>
      </trkpt>
      <trkpt lat="36.8963106" lon="138.2428188">
        <ele>599.3030051005853</ele>
      </trkpt>
      <trkpt lat="36.8963021" lon="138.2428192">
        <ele>599.5430275899361</ele>
      </trkpt>
      <trkpt lat="36.8962937" lon="138.2428196">
        <ele>599.7750762796264</ele>
      </trkpt>
      <trkpt lat="36.8962854" lon="138.2428201">
        <ele>600.0042404034878</ele>
      </trkpt>
      <trkpt lat="36.8962772" lon="138.2428206">
        <ele>600.2306364707188</ele>
      </trkpt>
      <trkpt lat="36.8962694" lon="138.2428206">
        <ele>600.4465429297188</ele>
      </trkpt>
      <trkpt lat="36.8962616" lon="138.2428207">
        <ele>600.6623328585881</ele>
      </trkpt>
      <trkpt lat="36.8962536" lon="138.2428209">
        <ele>600.8835423186894</ele>
      </trkpt>
      <trkpt lat="36.8962456" lon="138.2428211">
        <ele>601.1047517553445</ele>
      </trkpt>
      <trkpt lat="36.8962369" lon="138.2428215">
        <ele>601.3451043633287</ele>
      </trkpt>
      <trkpt lat="36.8962282" lon="138.2428219">
        <ele>601.5884432041271</ele>
      </trkpt>
      <trkpt lat="36.8962192" lon="138.2428222">
        <ele>601.8422109635434</ele>
      </trkpt>
      <trkpt lat="36.8962103" lon="138.2428226">
        <ele>602.0929078259002</ele>
      </trkpt>
      <trkpt lat="36.8962014" lon="138.2428223">
        <ele>602.3446808070585</ele>
      </trkpt>
      <trkpt lat="36.8961925" lon="138.2428221">
        <ele>602.5963582917595</ele>
      </trkpt>
      <trkpt lat="36.8961837" lon="138.2428213">
        <ele>602.84647810008</ele>
      </trkpt>
      <trkpt lat="36.896175" lon="138.2428205">
        <ele>603.0940101598269</ele>
      </trkpt>
      <trkpt lat="36.8961662" lon="138.2428196">
        <ele>603.3448372774517</ele>
      </trkpt>
      <trkpt lat="36.8961574" lon="138.2428187">
        <ele>603.6038559085597</ele>
      </trkpt>
      <trkpt lat="36.8961488" lon="138.2428178">
        <ele>603.8579519001764</ele>
      </trkpt>
      <trkpt lat="36.8961403" lon="138.2428169">
        <ele>604.1085925460364</ele>
      </trkpt>
      <trkpt lat="36.896132" lon="138.2428157">
        <ele>604.3532246237006</ele>
      </trkpt>
      <trkpt lat="36.8961238" lon="138.2428145">
        <ele>604.5942587807896</ele>
      </trkpt>
      <trkpt lat="36.8961151" lon="138.2428131">
        <ele>604.8493409656035</ele>
      </trkpt>
      <trkpt lat="36.8961065" lon="138.2428118">
        <ele>605.100649116052</ele>
      </trkpt>
      <trkpt lat="36.8960969" lon="138.2428104">
        <ele>605.3802813480081</ele>
      </trkpt>
      <trkpt lat="36.8960873" lon="138.242809">
        <ele>605.6729549699477</ele>
      </trkpt>
      <trkpt lat="36.8960769" lon="138.2428082">
        <ele>605.9911321130359</ele>
      </trkpt>
      <trkpt lat="36.8960666" lon="138.2428075">
        <ele>606.3062498173917</ele>
      </trkpt>
      <trkpt lat="36.896056" lon="138.2428073">
        <ele>606.6305456629029</ele>
      </trkpt>
      <trkpt lat="36.8960454" lon="138.2428072">
        <ele>606.95484146392</ele>
      </trkpt>
      <trkpt lat="36.8960344" lon="138.2428072">
        <ele>607.2913747944638</ele>
      </trkpt>
      <trkpt lat="36.8960235" lon="138.2428073">
        <ele>607.6241758750853</ele>
      </trkpt>
      <trkpt lat="36.8960127" lon="138.2428066">
        <ele>607.9524561098917</ele>
      </trkpt>
      <trkpt lat="36.8960019" lon="138.2428059">
        <ele>608.2802230176198</ele>
      </trkpt>
      <trkpt lat="36.895992" lon="138.2428043">
        <ele>608.5790675325908</ele>
      </trkpt>
      <trkpt lat="36.8959822" lon="138.2428027">
        <ele>608.8738092736887</ele>
      </trkpt>
      <trkpt lat="36.8959728" lon="138.2428011">
        <ele>609.1553989665604</ele>
      </trkpt>
      <trkpt lat="36.8959635" lon="138.2427995">
        <ele>609.4329510702994</ele>
      </trkpt>
      <trkpt lat="36.8959536" lon="138.2427983">
        <ele>609.7310751915213</ele>
      </trkpt>
      <trkpt lat="36.8959438" lon="138.2427972">
        <ele>610.0283322514039</ele>
      </trkpt>
      <trkpt lat="36.8959339" lon="138.2427966">
        <ele>610.3298137465496</ele>
      </trkpt>
      <trkpt lat="36.895924" lon="138.2427961">
        <ele>610.6315282188128</ele>
      </trkpt>
      <trkpt lat="36.8959144" lon="138.2427961">
        <ele>610.9252295704098</ele>
      </trkpt>
      <trkpt lat="36.8959048" lon="138.2427962">
        <ele>611.2191639012663</ele>
      </trkpt>
      <trkpt lat="36.8958956" lon="138.2427962">
        <ele>611.5006276265258</ele>
      </trkpt>
      <trkpt lat="36.8958864" lon="138.2427962">
        <ele>611.7725159120878</ele>
      </trkpt>
      <trkpt lat="36.8958771" lon="138.2427953">
        <ele>612.0318982803453</ele>
      </trkpt>
      <trkpt lat="36.8958679" lon="138.2427945">
        <ele>612.2884567949058</ele>
      </trkpt>
      <trkpt lat="36.895858" lon="138.2427929">
        <ele>612.5621294359695</ele>
      </trkpt>
      <trkpt lat="36.8958481" lon="138.2427913">
        <ele>612.835264319093</ele>
      </trkpt>
      <trkpt lat="36.8958378" lon="138.2427894">
        <ele>613.1181060328112</ele>
      </trkpt>
      <trkpt lat="36.8958275" lon="138.2427875">
        <ele>613.400283363768</ele>
      </trkpt>
      <trkpt lat="36.8958173" lon="138.2427858">
        <ele>613.6836130599727</ele>
      </trkpt>
      <trkpt lat="36.8958072" lon="138.2427842">
        <ele>613.9698582663152</ele>
      </trkpt>
      <trkpt lat="36.8957974" lon="138.242783">
        <ele>614.2492123525144</ele>
      </trkpt>
      <trkpt lat="36.8957876" lon="138.2427818">
        <ele>614.5289656185585</ele>
      </trkpt>
      <trkpt lat="36.8957778" lon="138.2427802">
        <ele>614.808017730949</ele>
      </trkpt>
      <trkpt lat="36.895768" lon="138.2427787">
        <ele>615.0878605461322</ele>
      </trkpt>
      <trkpt lat="36.895758" lon="138.2427776">
        <ele>615.3749686296255</ele>
      </trkpt>
      <trkpt lat="36.8957481" lon="138.2427766">
        <ele>615.6460633737037</ele>
      </trkpt>
      <trkpt lat="36.895738" lon="138.2427759">
        <ele>615.9092873270162</ele>
      </trkpt>
      <trkpt lat="36.895728" lon="138.2427752">
        <ele>616.1698889181954</ele>
      </trkpt>
      <trkpt lat="36.8957184" lon="138.242774">
        <ele>616.4188360844745</ele>
      </trkpt>
      <trkpt lat="36.8957088" lon="138.2427728">
        <ele>616.6677832189955</ele>
      </trkpt>
      <trkpt lat="36.8956991" lon="138.2427726">
        <ele>616.9216828166515</ele>
      </trkpt>
      <trkpt lat="36.8956894" lon="138.2427725">
        <ele>617.1758153990387</ele>
      </trkpt>
      <trkpt lat="36.8956794" lon="138.2427731">
        <ele>617.4460418797522</ele>
      </trkpt>
      <trkpt lat="36.8956695" lon="138.2427737">
        <ele>617.7198731771628</ele>
      </trkpt>
      <trkpt lat="36.8956594" lon="138.242774">
        <ele>617.998358117131</ele>
      </trkpt>
      <trkpt lat="36.8956494" lon="138.2427743">
        <ele>618.2738864656798</ele>
      </trkpt>
      <trkpt lat="36.8956399" lon="138.2427739">
        <ele>618.5348877393284</ele>
      </trkpt>
      <trkpt lat="36.8956304" lon="138.2427736">
        <ele>618.7961967663331</ele>
      </trkpt>
      <trkpt lat="36.8956212" lon="138.2427733">
        <ele>619.0494365692231</ele>
      </trkpt>
      <trkpt lat="36.895612" lon="138.242773">
        <ele>619.2979011382449</ele>
      </trkpt>
      <trkpt lat="36.8956029" lon="138.2427724">
        <ele>619.5365325112833</ele>
      </trkpt>
      <trkpt lat="36.8955939" lon="138.2427718">
        <ele>619.7725415334111</ele>
      </trkpt>
      <trkpt lat="36.8955853" lon="138.2427712">
        <ele>619.9980612399061</ele>
      </trkpt>
      <trkpt lat="36.8955767" lon="138.2427706">
        <ele>620.2235809212555</ele>
      </trkpt>
      <trkpt lat="36.8955682" lon="138.2427705">
        <ele>620.4464782554659</ele>
      </trkpt>
      <trkpt lat="36.8955598" lon="138.2427705">
        <ele>620.6667532433758</ele>
      </trkpt>
      <trkpt lat="36.8955515" lon="138.2427704">
        <ele>620.8844058862422</ele>
      </trkpt>
      <trkpt lat="36.8955432" lon="138.2427704">
        <ele>621.1132452590191</ele>
      </trkpt>
      <trkpt lat="36.8955359" lon="138.2427667">
        <ele>621.332019400876</ele>
      </trkpt>
      <trkpt lat="36.8955287" lon="138.2427631">
        <ele>621.550193624571</ele>
      </trkpt>
      <trkpt lat="36.8955238" lon="138.2427538">
        <ele>621.7146349507385</ele>
      </trkpt>
      <trkpt lat="36.895519" lon="138.2427445">
        <ele>621.8761625784451</ele>
      </trkpt>
      <trkpt lat="36.8955152" lon="138.242732">
        <ele>622.0160098536875</ele>
      </trkpt>
      <trkpt lat="36.8955115" lon="138.2427196">
        <ele>622.1527104182172</ele>
      </trkpt>
      <trkpt lat="36.8955077" lon="138.2427063">
        <ele>622.2944218178286</ele>
      </trkpt>
      <trkpt lat="36.8955039" lon="138.242693">
        <ele>622.4361332118516</ele>
      </trkpt>
      <trkpt lat="36.8955" lon="138.2426792">
        <ele>622.5819233726718</ele>
      </trkpt>
      <trkpt lat="36.8954962" lon="138.2426655">
        <ele>622.7245668231519</ele>
      </trkpt>
      <trkpt lat="36.8954927" lon="138.2426509">
        <ele>622.8605663568724</ele>
      </trkpt>
      <trkpt lat="36.8954893" lon="138.2426363">
        <ele>622.9936521991167</ele>
      </trkpt>
      <trkpt lat="36.8954863" lon="138.2426211">
        <ele>623.1164813884546</ele>
      </trkpt>
      <trkpt lat="36.8954833" lon="138.2426059">
        <ele>623.2393105746262</ele>
      </trkpt>
      <trkpt lat="36.8954807" lon="138.2425905">
        <ele>623.3427022960052</ele>
      </trkpt>
      <trkpt lat="36.8954781" lon="138.2425752">
        <ele>623.4359065841136</ele>
      </trkpt>
      <trkpt lat="36.8954752" lon="138.2425597">
        <ele>623.5361942206094</ele>
      </trkpt>
      <trkpt lat="36.8954724" lon="138.2425442">
        <ele>623.6351491608849</ele>
      </trkpt>
      <trkpt lat="36.8954692" lon="138.2425282">
        <ele>623.7477781038799</ele>
      </trkpt>
      <trkpt lat="36.8954661" lon="138.2425123">
        <ele>623.859094731906</ele>
      </trkpt>
      <trkpt lat="36.8954625" lon="138.242496">
        <ele>623.9830937721767</ele>
      </trkpt>
      <trkpt lat="36.895459" lon="138.2424798">
        <ele>624.1039471634665</ele>
      </trkpt>
      <trkpt lat="36.8954555" lon="138.2424636">
        <ele>624.2248005501463</ele>
      </trkpt>
      <trkpt lat="36.8954521" lon="138.2424475">
        <ele>624.342623737734</ele>
      </trkpt>
      <trkpt lat="36.8954491" lon="138.2424331">
        <ele>624.4468115331608</ele>
      </trkpt>
      <trkpt lat="36.8954462" lon="138.2424187">
        <ele>624.5352165858202</ele>
      </trkpt>
      <trkpt lat="36.8954436" lon="138.2424066">
        <ele>624.6043509886954</ele>
      </trkpt>
      <trkpt lat="36.8954411" lon="138.2423945">
        <ele>624.6715863449836</ele>
      </trkpt>
      <trkpt lat="36.8954384" lon="138.2423837">
        <ele>624.7464545739032</ele>
      </trkpt>
      <trkpt lat="36.8954358" lon="138.2423729">
        <ele>624.8193090151482</ele>
      </trkpt>
      <trkpt lat="36.8954328" lon="138.242362">
        <ele>624.9051656880467</ele>
      </trkpt>
      <trkpt lat="36.8954299" lon="138.2423511">
        <ele>624.989091743015</ele>
      </trkpt>
      <trkpt lat="36.8954268" lon="138.2423386">
        <ele>625.078872469586</ele>
      </trkpt>
      <trkpt lat="36.8954237" lon="138.2423262">
        <ele>625.1621112684662</ele>
      </trkpt>
      <trkpt lat="36.8954201" lon="138.2423123">
        <ele>625.2576332816105</ele>
      </trkpt>
      <trkpt lat="36.8954166" lon="138.2422984">
        <ele>625.3484679765947</ele>
      </trkpt>
      <trkpt lat="36.895413" lon="138.2422834">
        <ele>625.4393941568485</ele>
      </trkpt>
      <trkpt lat="36.8954094" lon="138.2422685">
        <ele>625.5290023180283</ele>
      </trkpt>
      <trkpt lat="36.8954055" lon="138.2422525">
        <ele>625.629775171075</ele>
      </trkpt>
      <trkpt lat="36.8954017" lon="138.2422365">
        <ele>625.7273898192218</ele>
      </trkpt>
      <trkpt lat="36.8953969" lon="138.2422208">
        <ele>625.8559476691303</ele>
      </trkpt>
      <trkpt lat="36.8953921" lon="138.2422052">
        <ele>625.9846220176673</ele>
      </trkpt>
      <trkpt lat="36.8953863" lon="138.2421899">
        <ele>626.1442395596539</ele>
      </trkpt>
      <trkpt lat="36.8953806" lon="138.2421746">
        <ele>626.3007977210459</ele>
      </trkpt>
      <trkpt lat="36.8953749" lon="138.2421598">
        <ele>626.4630498155805</ele>
      </trkpt>
      <trkpt lat="36.8953692" lon="138.242145">
        <ele>626.6312263086334</ele>
      </trkpt>
      <trkpt lat="36.8953636" lon="138.2421311">
        <ele>626.7994849819459</ele>
      </trkpt>
      <trkpt lat="36.895358" lon="138.2421172">
        <ele>626.970386065638</ele>
      </trkpt>
      <trkpt lat="36.8953528" lon="138.2421035">
        <ele>627.1312894171389</ele>
      </trkpt>
      <trkpt lat="36.8953476" lon="138.2420899">
        <ele>627.2946220504418</ele>
      </trkpt>
      <trkpt lat="36.8953425" lon="138.2420761">
        <ele>627.4424396223638</ele>
      </trkpt>
      <trkpt lat="36.8953374" lon="138.2420624">
        <ele>627.5639949759118</ele>
      </trkpt>
      <trkpt lat="36.8953324" lon="138.2420478">
        <ele>627.6795451598272</ele>
      </trkpt>
      <trkpt lat="36.8953274" lon="138.2420332">
        <ele>627.7975734547426</ele>
      </trkpt>
      <trkpt lat="36.895323" lon="138.2420178">
        <ele>627.8983285881772</ele>
      </trkpt>
      <trkpt lat="36.8953187" lon="138.2420024">
        <ele>627.9983341510338</ele>
      </trkpt>
      <trkpt lat="36.8953143" lon="138.2419869">
        <ele>628.1174660733084</ele>
      </trkpt>
      <trkpt lat="36.89531" lon="138.2419715">
        <ele>628.2401519341729</ele>
      </trkpt>
      <trkpt lat="36.895305" lon="138.2419567">
        <ele>628.3818905498322</ele>
      </trkpt>
      <trkpt lat="36.8953" lon="138.2419419">
        <ele>628.5211170899738</ele>
      </trkpt>
      <trkpt lat="36.8952947" lon="138.2419276">
        <ele>628.6670492624409</ele>
      </trkpt>
      <trkpt lat="36.8952895" lon="138.2419133">
        <ele>628.8074908995243</ele>
      </trkpt>
      <trkpt lat="36.8952846" lon="138.241899">
        <ele>628.9481866929691</ele>
      </trkpt>
      <trkpt lat="36.8952798" lon="138.2418847">
        <ele>629.0880433117982</ele>
      </trkpt>
      <trkpt lat="36.8952748" lon="138.2418709">
        <ele>629.2337272802379</ele>
      </trkpt>
      <trkpt lat="36.8952698" lon="138.2418572">
        <ele>629.3808960242708</ele>
      </trkpt>
      <trkpt lat="36.8952642" lon="138.2418437">
        <ele>629.5452051257178</ele>
      </trkpt>
      <trkpt lat="36.8952587" lon="138.2418303">
        <ele>629.7040489723793</ele>
      </trkpt>
      <trkpt lat="36.8952529" lon="138.2418165">
        <ele>629.8918711649263</ele>
      </trkpt>
      <trkpt lat="36.8952471" lon="138.2418028">
        <ele>630.0927878218711</ele>
      </trkpt>
      <trkpt lat="36.8952418" lon="138.2417887">
        <ele>630.2800681438302</ele>
      </trkpt>
      <trkpt lat="36.8952366" lon="138.2417747">
        <ele>630.4642017601993</ele>
      </trkpt>
      <trkpt lat="36.8952316" lon="138.2417612">
        <ele>630.6413429265845</ele>
      </trkpt>
      <trkpt lat="36.8952266" lon="138.2417478">
        <ele>630.8182510660031</ele>
      </trkpt>
      <trkpt lat="36.8952217" lon="138.2417359">
        <ele>630.9926801788621</ele>
      </trkpt>
      <trkpt lat="36.8952168" lon="138.2417241">
        <ele>631.1766943491997</ele>
      </trkpt>
      <trkpt lat="36.8952124" lon="138.2417123">
        <ele>631.3461401259531</ele>
      </trkpt>
      <trkpt lat="36.895208" lon="138.2417006">
        <ele>631.5152363698935</ele>
      </trkpt>
      <trkpt lat="36.8952041" lon="138.241688">
        <ele>631.6729099513503</ele>
      </trkpt>
      <trkpt lat="36.8952003" lon="138.2416755">
        <ele>631.8220994611977</ele>
      </trkpt>
      <trkpt lat="36.8951966" lon="138.2416628">
        <ele>631.9689049028335</ele>
      </trkpt>
      <trkpt lat="36.895193" lon="138.2416502">
        <ele>632.1195491453004</ele>
      </trkpt>
      <trkpt lat="36.8951894" lon="138.2416369">
        <ele>632.2932072214373</ele>
      </trkpt>
      <trkpt lat="36.8951859" lon="138.2416237">
        <ele>632.461970563282</ele>
      </trkpt>
      <trkpt lat="36.8951825" lon="138.2416093">
        <ele>632.6330254179444</ele>
      </trkpt>
      <trkpt lat="36.8951791" lon="138.241595">
        <ele>632.8018777576574</ele>
      </trkpt>
      <trkpt lat="36.8951759" lon="138.2415799">
        <ele>632.96807090941</ele>
      </trkpt>
      <trkpt lat="36.8951727" lon="138.2415649">
        <ele>633.1398481233518</ele>
      </trkpt>
      <trkpt lat="36.8951699" lon="138.2415497">
        <ele>633.3372377261527</ele>
      </trkpt>
      <trkpt lat="36.8951671" lon="138.2415346">
        <ele>633.5338117675863</ele>
      </trkpt>
      <trkpt lat="36.8951645" lon="138.2415195">
        <ele>633.7251411911107</ele>
      </trkpt>
      <trkpt lat="36.8951619" lon="138.2415044">
        <ele>633.9164706127725</ele>
      </trkpt>
      <trkpt lat="36.8951592" lon="138.2414894">
        <ele>634.109606779414</ele>
      </trkpt>
      <trkpt lat="36.8951565" lon="138.2414744">
        <ele>634.3140056724488</ele>
      </trkpt>
      <trkpt lat="36.8951539" lon="138.2414591">
        <ele>634.5293116493121</ele>
      </trkpt>
      <trkpt lat="36.8951514" lon="138.2414438">
        <ele>634.7407093804809</ele>
      </trkpt>
      <trkpt lat="36.8951494" lon="138.2414281">
        <ele>634.9419736857394</ele>
      </trkpt>
      <trkpt lat="36.8951474" lon="138.2414125">
        <ele>635.1412193567509</ele>
      </trkpt>
      <trkpt lat="36.895146" lon="138.2413961">
        <ele>635.3321390981594</ele>
      </trkpt>
      <trkpt lat="36.8951447" lon="138.2413797">
        <ele>635.5550875950144</ele>
      </trkpt>
      <trkpt lat="36.895145" lon="138.2413632">
        <ele>635.7398966588551</ele>
      </trkpt>
      <trkpt lat="36.8951453" lon="138.2413468">
        <ele>635.9235406381549</ele>
      </trkpt>
      <trkpt lat="36.8951467" lon="138.2413307">
        <ele>636.076446509222</ele>
      </trkpt>
      <trkpt lat="36.8951481" lon="138.2413147">
        <ele>636.2281872940954</ele>
      </trkpt>
      <trkpt lat="36.8951501" lon="138.2412994">
        <ele>636.3721054343204</ele>
      </trkpt>
      <trkpt lat="36.8951522" lon="138.2412842">
        <ele>636.5196556752767</ele>
      </trkpt>
      <trkpt lat="36.8951547" lon="138.241269">
        <ele>636.6586621768189</ele>
      </trkpt>
      <trkpt lat="36.8951573" lon="138.2412538">
        <ele>636.7965776239994</ele>
      </trkpt>
      <trkpt lat="36.8951604" lon="138.2412379">
        <ele>636.9333285558241</ele>
      </trkpt>
      <trkpt lat="36.8951635" lon="138.241222">
        <ele>637.0679880534304</ele>
      </trkpt>
      <trkpt lat="36.8951673" lon="138.2412056">
        <ele>637.1704861789016</ele>
      </trkpt>
      <trkpt lat="36.8951712" lon="138.2411892">
        <ele>637.2706533595924</ele>
      </trkpt>
      <trkpt lat="36.8951755" lon="138.2411737">
        <ele>637.3510110151958</ele>
      </trkpt>
      <trkpt lat="36.8951798" lon="138.2411582">
        <ele>637.4313686639075</ele>
      </trkpt>
      <trkpt lat="36.8951843" lon="138.2411434">
        <ele>637.4989088350911</ele>
      </trkpt>
      <trkpt lat="36.8951889" lon="138.2411287">
        <ele>637.5718404034108</ele>
      </trkpt>
      <trkpt lat="36.8951926" lon="138.2411142">
        <ele>637.6692623159181</ele>
      </trkpt>
      <trkpt lat="36.8951963" lon="138.2410997">
        <ele>637.7685054699135</ele>
      </trkpt>
      <trkpt lat="36.8951997" lon="138.2410854">
        <ele>637.8737425123664</ele>
      </trkpt>
      <trkpt lat="36.8952032" lon="138.2410711">
        <ele>637.9784134330562</ele>
      </trkpt>
      <trkpt lat="36.8952071" lon="138.2410572">
        <ele>638.061993782287</ele>
      </trkpt>
      <trkpt lat="36.8952111" lon="138.2410433">
        <ele>638.1082183697965</ele>
      </trkpt>
      <trkpt lat="36.8952158" lon="138.2410296">
        <ele>638.1195102310744</ele>
      </trkpt>
      <trkpt lat="36.8952205" lon="138.2410159">
        <ele>638.130802085251</ele>
      </trkpt>
      <trkpt lat="36.8952251" lon="138.2410011">
        <ele>638.1548233014535</ele>
      </trkpt>
      <trkpt lat="36.8952298" lon="138.2409864">
        <ele>638.1754358169627</ele>
      </trkpt>
      <trkpt lat="36.8952339" lon="138.2409703">
        <ele>638.2239570276118</ele>
      </trkpt>
      <trkpt lat="36.8952381" lon="138.2409543">
        <ele>638.2472518511556</ele>
      </trkpt>
      <trkpt lat="36.895242" lon="138.2409371">
        <ele>638.2789845786867</ele>
      </trkpt>
      <trkpt lat="36.895246" lon="138.24092">
        <ele>638.3051398491796</ele>
      </trkpt>
      <trkpt lat="36.8952498" lon="138.240903">
        <ele>638.3334056916293</ele>
      </trkpt>
      <trkpt lat="36.8952537" lon="138.2408861">
        <ele>638.3561337947684</ele>
      </trkpt>
      <trkpt lat="36.8952571" lon="138.2408701">
        <ele>638.3902787677558</ele>
      </trkpt>
      <trkpt lat="36.8952606" lon="138.2408541">
        <ele>638.4263942221042</ele>
      </trkpt>
      <trkpt lat="36.895263" lon="138.2408382">
        <ele>638.4916563794259</ele>
      </trkpt>
      <trkpt lat="36.8952654" lon="138.2408223">
        <ele>638.5582139456372</ele>
      </trkpt>
      <trkpt lat="36.8952665" lon="138.2408067">
        <ele>638.6560956334525</ele>
      </trkpt>
      <trkpt lat="36.8952677" lon="138.2407912">
        <ele>638.7427569981536</ele>
      </trkpt>
      <trkpt lat="36.8952674" lon="138.2407764">
        <ele>638.8377107171139</ele>
      </trkpt>
      <trkpt lat="36.8952671" lon="138.2407617">
        <ele>638.9322234098644</ele>
      </trkpt>
      <trkpt lat="36.8952664" lon="138.2407471">
        <ele>639.036526186026</ele>
      </trkpt>
      <trkpt lat="36.8952658" lon="138.2407326">
        <ele>639.1379990000645</ele>
      </trkpt>
      <trkpt lat="36.8952647" lon="138.2407179">
        <ele>639.2539957138155</ele>
      </trkpt>
      <trkpt lat="36.8952637" lon="138.2407033">
        <ele>639.3655121329107</ele>
      </trkpt>
      <trkpt lat="36.8952609" lon="138.2406898">
        <ele>639.5146307865342</ele>
      </trkpt>
      <trkpt lat="36.8952582" lon="138.2406764">
        <ele>639.6593417297911</ele>
      </trkpt>
      <trkpt lat="36.8952518" lon="138.2406688">
        <ele>639.8651948372348</ele>
      </trkpt>
      <trkpt lat="36.8952454" lon="138.2406612">
        <ele>640.069396757965</ele>
      </trkpt>
      <trkpt lat="36.895236" lon="138.2406613">
        <ele>640.3076982465665</ele>
      </trkpt>
      <trkpt lat="36.8952267" lon="138.2406615">
        <ele>640.5429858558045</ele>
      </trkpt>
      <trkpt lat="36.8952155" lon="138.2406648">
        <ele>640.8115669575798</ele>
      </trkpt>
      <trkpt lat="36.8952043" lon="138.2406682">
        <ele>641.0809359500511</ele>
      </trkpt>
      <trkpt lat="36.8951923" lon="138.240672">
        <ele>641.3511967952692</ele>
      </trkpt>
      <trkpt lat="36.8951803" lon="138.2406758">
        <ele>641.6192775462089</ele>
      </trkpt>
      <trkpt lat="36.8951685" lon="138.2406788">
        <ele>641.8852562950112</ele>
      </trkpt>
      <trkpt lat="36.8951568" lon="138.2406819">
        <ele>642.1471097094611</ele>
      </trkpt>
      <trkpt lat="36.8951455" lon="138.2406849">
        <ele>642.3988081906525</ele>
      </trkpt>
      <trkpt lat="36.8951343" lon="138.240688">
        <ele>642.6474359780084</ele>
      </trkpt>
      <trkpt lat="36.8951239" lon="138.2406911">
        <ele>642.8869459258626</ele>
      </trkpt>
      <trkpt lat="36.8951136" lon="138.2406943">
        <ele>643.1233966739851</ele>
      </trkpt>
      <trkpt lat="36.8951038" lon="138.2406963">
        <ele>643.3544547852365</ele>
      </trkpt>
      <trkpt lat="36.895094" lon="138.2406984">
        <ele>643.5849303233442</ele>
      </trkpt>
      <trkpt lat="36.895084" lon="138.2406991">
        <ele>643.8285146639222</ele>
      </trkpt>
      <trkpt lat="36.895074" lon="138.2406999">
        <ele>644.0715164297733</ele>
      </trkpt>
      <trkpt lat="36.8950638" lon="138.2406999">
        <ele>644.3245787052508</ele>
      </trkpt>
      <trkpt lat="36.8950537" lon="138.2407">
        <ele>644.5757252017281</ele>
      </trkpt>
      <trkpt lat="36.8950433" lon="138.2407007">
        <ele>644.8305815682813</ele>
      </trkpt>
      <trkpt lat="36.8950329" lon="138.2407015">
        <ele>645.0845510248151</ele>
      </trkpt>
      <trkpt lat="36.8950217" lon="138.2407035">
        <ele>645.3502410482449</ele>
      </trkpt>
      <trkpt lat="36.8950106" lon="138.2407055">
        <ele>645.6126875475316</ele>
      </trkpt>
      <trkpt lat="36.8949989" lon="138.2407081">
        <ele>645.8850737701238</ele>
      </trkpt>
      <trkpt lat="36.8949872" lon="138.2407108">
        <ele>646.1696406110117</ele>
      </trkpt>
      <trkpt lat="36.8949754" lon="138.2407135">
        <ele>646.455718809281</ele>
      </trkpt>
      <trkpt lat="36.8949637" lon="138.2407162">
        <ele>646.7381048219133</ele>
      </trkpt>
      <trkpt lat="36.8949519" lon="138.2407183">
        <ele>647.0273868356045</ele>
      </trkpt>
      <trkpt lat="36.8949402" lon="138.2407204">
        <ele>647.313224135458</ele>
      </trkpt>
      <trkpt lat="36.8949286" lon="138.2407223">
        <ele>647.596608808684</ele>
      </trkpt>
      <trkpt lat="36.8949171" lon="138.2407242">
        <ele>647.8637103614407</ele>
      </trkpt>
      <trkpt lat="36.8949057" lon="138.2407261">
        <ele>648.128335256177</ele>
      </trkpt>
      <trkpt lat="36.8948943" lon="138.2407281">
        <ele>648.3920280405331</ele>
      </trkpt>
      <trkpt lat="36.8948829" lon="138.2407307">
        <ele>648.6501283786737</ele>
      </trkpt>
      <trkpt lat="36.8948715" lon="138.2407334">
        <ele>648.9072966056654</ele>
      </trkpt>
      <trkpt lat="36.89486" lon="138.2407364">
        <ele>649.1648170694779</ele>
      </trkpt>
      <trkpt lat="36.8948486" lon="138.2407395">
        <ele>649.4289867180788</ele>
      </trkpt>
      <trkpt lat="36.8948379" lon="138.2407437">
        <ele>649.6633182188008</ele>
      </trkpt>
      <trkpt lat="36.8948272" lon="138.240748">
        <ele>649.895135235469</ele>
      </trkpt>
      <trkpt lat="36.8948163" lon="138.2407532">
        <ele>650.1214225027633</ele>
      </trkpt>
      <trkpt lat="36.8948055" lon="138.2407584">
        <ele>650.3432466725401</ele>
      </trkpt>
      <trkpt lat="36.894794" lon="138.2407637">
        <ele>650.5798300911565</ele>
      </trkpt>
      <trkpt lat="36.8947825" lon="138.240769">
        <ele>650.7920014974924</ele>
      </trkpt>
      <trkpt lat="36.8947713" lon="138.2407748">
        <ele>650.9893206110083</ele>
      </trkpt>
      <trkpt lat="36.8947601" lon="138.2407806">
        <ele>651.1888448578662</ele>
      </trkpt>
      <trkpt lat="36.8947495" lon="138.2407861">
        <ele>651.3796067918896</ele>
      </trkpt>
      <trkpt lat="36.894739" lon="138.2407916">
        <ele>651.5700228522027</ele>
      </trkpt>
      <trkpt lat="36.8947277" lon="138.240796">
        <ele>651.7914698530002</ele>
      </trkpt>
      <trkpt lat="36.8947165" lon="138.2408004">
        <ele>652.002101319117</ele>
      </trkpt>
      <trkpt lat="36.8947049" lon="138.2408045">
        <ele>652.2196980010533</ele>
      </trkpt>
      <trkpt lat="36.8946933" lon="138.2408086">
        <ele>652.4389091435495</ele>
      </trkpt>
      <trkpt lat="36.8946815" lon="138.2408131">
        <ele>652.6607209873746</ele>
      </trkpt>
      <trkpt lat="36.8946698" lon="138.2408177">
        <ele>652.881270872917</ele>
      </trkpt>
      <trkpt lat="36.894658" lon="138.2408219">
        <ele>653.1091633911906</ele>
      </trkpt>
      <trkpt lat="36.8946463" lon="138.2408262">
        <ele>653.323392932043</ele>
      </trkpt>
      <trkpt lat="36.8946353" lon="138.2408306">
        <ele>653.5191120732143</ele>
      </trkpt>
      <trkpt lat="36.8946244" lon="138.240835">
        <ele>653.7143669735399</ele>
      </trkpt>
      <trkpt lat="36.8946133" lon="138.240839">
        <ele>653.9184601320592</ele>
      </trkpt>
      <trkpt lat="36.8946022" lon="138.2408431">
        <ele>654.1233341138861</ele>
      </trkpt>
      <trkpt lat="36.8945903" lon="138.240846">
        <ele>654.3552504399364</ele>
      </trkpt>
      <trkpt lat="36.8945785" lon="138.240849">
        <ele>654.5924741916035</ele>
      </trkpt>
      <trkpt lat="36.8945661" lon="138.2408511">
        <ele>654.8547988207249</ele>
      </trkpt>
      <trkpt lat="36.8945537" lon="138.2408533">
        <ele>655.1183022912314</ele>
      </trkpt>
      <trkpt lat="36.8945422" lon="138.2408566">
        <ele>655.3574074947794</ele>
      </trkpt>
      <trkpt lat="36.8945307" lon="138.24086">
        <ele>655.5985782283908</ele>
      </trkpt>
      <trkpt lat="36.8945202" lon="138.2408647">
        <ele>655.813511404097</ele>
      </trkpt>
      <trkpt lat="36.8945097" lon="138.2408695">
        <ele>656.018535848057</ele>
      </trkpt>
      <trkpt lat="36.8944995" lon="138.2408744">
        <ele>656.2171208817489</ele>
      </trkpt>
      <trkpt lat="36.8944894" lon="138.2408794">
        <ele>656.4182959287182</ele>
      </trkpt>
      <trkpt lat="36.8944793" lon="138.2408833">
        <ele>656.6245792311968</ele>
      </trkpt>
      <trkpt lat="36.8944692" lon="138.2408873">
        <ele>656.8303235478116</ele>
      </trkpt>
      <trkpt lat="36.8944594" lon="138.240891">
        <ele>657.0319333923303</ele>
      </trkpt>
      <trkpt lat="36.8944497" lon="138.2408947">
        <ele>657.2325655613777</ele>
      </trkpt>
      <trkpt lat="36.8944405" lon="138.2409">
        <ele>657.4206634172233</ele>
      </trkpt>
      <trkpt lat="36.8944314" lon="138.2409054">
        <ele>657.6097185691126</ele>
      </trkpt>
      <trkpt lat="36.8944226" lon="138.2409124">
        <ele>657.7910821480006</ele>
      </trkpt>
      <trkpt lat="36.8944139" lon="138.2409194">
        <ele>657.9743122019307</ele>
      </trkpt>
      <trkpt lat="36.8944047" lon="138.2409274">
        <ele>658.171376710488</ele>
      </trkpt>
      <trkpt lat="36.8943955" lon="138.2409354">
        <ele>658.3734381079154</ele>
      </trkpt>
      <trkpt lat="36.8943863" lon="138.2409432">
        <ele>658.5807709777466</ele>
      </trkpt>
      <trkpt lat="36.8943771" lon="138.2409511">
        <ele>658.7928697520861</ele>
      </trkpt>
      <trkpt lat="36.8943681" lon="138.2409584">
        <ele>659.005455744807</ele>
      </trkpt>
      <trkpt lat="36.8943591" lon="138.2409658">
        <ele>659.2224573140952</ele>
      </trkpt>
      <trkpt lat="36.8943503" lon="138.2409729">
        <ele>659.4359340893772</ele>
      </trkpt>
      <trkpt lat="36.8943415" lon="138.24098">
        <ele>659.6511751733589</ele>
      </trkpt>
      <trkpt lat="36.894333" lon="138.2409872">
        <ele>659.8609675978645</ele>
      </trkpt>
      <trkpt lat="36.8943245" lon="138.2409945">
        <ele>660.0728155131308</ele>
      </trkpt>
      <trkpt lat="36.894316" lon="138.241002">
        <ele>660.2867546216614</ele>
      </trkpt>
      <trkpt lat="36.8943076" lon="138.2410095">
        <ele>660.5031609066275</ele>
      </trkpt>
      <trkpt lat="36.8942986" lon="138.241018">
        <ele>660.742833436494</ele>
      </trkpt>
      <trkpt lat="36.8942896" lon="138.2410265">
        <ele>660.9876997360359</ele>
      </trkpt>
      <trkpt lat="36.8942802" lon="138.2410359">
        <ele>661.2495496269927</ele>
      </trkpt>
      <trkpt lat="36.8942709" lon="138.2410454">
        <ele>661.514793347502</ele>
      </trkpt>
      <trkpt lat="36.8942614" lon="138.2410542">
        <ele>661.7877192357336</ele>
      </trkpt>
      <trkpt lat="36.894252" lon="138.2410631">
        <ele>662.0479073248582</ele>
      </trkpt>
      <trkpt lat="36.8942428" lon="138.2410715">
        <ele>662.3023789076477</ele>
      </trkpt>
      <trkpt lat="36.8942336" lon="138.2410799">
        <ele>662.5430411239317</ele>
      </trkpt>
      <trkpt lat="36.8942246" lon="138.2410884">
        <ele>662.7863501087437</ele>
      </trkpt>
      <trkpt lat="36.8942157" lon="138.2410969">
        <ele>663.0347477281299</ele>
      </trkpt>
      <trkpt lat="36.8942065" lon="138.2411049">
        <ele>663.2981588224355</ele>
      </trkpt>
      <trkpt lat="36.8941974" lon="138.241113">
        <ele>663.5665133891566</ele>
      </trkpt>
      <trkpt lat="36.8941882" lon="138.2411204">
        <ele>663.8432502912544</ele>
      </trkpt>
      <trkpt lat="36.894179" lon="138.2411278">
        <ele>664.1269203627646</ele>
      </trkpt>
      <trkpt lat="36.89417" lon="138.2411344">
        <ele>664.3972560809469</ele>
      </trkpt>
      <trkpt lat="36.8941611" lon="138.241141">
        <ele>664.6489189715558</ele>
      </trkpt>
      <trkpt lat="36.8941523" lon="138.2411474">
        <ele>664.8926635525473</ele>
      </trkpt>
      <trkpt lat="36.8941436" lon="138.2411538">
        <ele>665.1375574682207</ele>
      </trkpt>
      <trkpt lat="36.8941345" lon="138.2411604">
        <ele>665.397518818277</ele>
      </trkpt>
      <trkpt lat="36.8941255" lon="138.2411671">
        <ele>665.6591206061382</ele>
      </trkpt>
      <trkpt lat="36.8941164" lon="138.2411741">
        <ele>665.9284971955092</ele>
      </trkpt>
      <trkpt lat="36.8941074" lon="138.2411812">
        <ele>666.1997749290884</ele>
      </trkpt>
      <trkpt lat="36.8940986" lon="138.2411889">
        <ele>666.470257662354</ele>
      </trkpt>
      <trkpt lat="36.8940899" lon="138.2411967">
        <ele>666.7383325060374</ele>
      </trkpt>
      <trkpt lat="36.8940813" lon="138.241204">
        <ele>667.0018917433463</ele>
      </trkpt>
      <trkpt lat="36.8940727" lon="138.2412113">
        <ele>667.2654509548341</ele>
      </trkpt>
      <trkpt lat="36.8940633" lon="138.2412191">
        <ele>667.552901376622</ele>
      </trkpt>
      <trkpt lat="36.894054" lon="138.241227">
        <ele>667.8339908219797</ele>
      </trkpt>
      <trkpt lat="36.8940441" lon="138.2412353">
        <ele>668.1268086394091</ele>
      </trkpt>
      <trkpt lat="36.8940343" lon="138.2412437">
        <ele>668.4189748328421</ele>
      </trkpt>
      <trkpt lat="36.8940244" lon="138.2412517">
        <ele>668.71164324903</ele>
      </trkpt>
      <trkpt lat="36.8940145" lon="138.2412598">
        <ele>669.0045446466429</ele>
      </trkpt>
      <trkpt lat="36.894005" lon="138.241268">
        <ele>669.2866072282901</ele>
      </trkpt>
      <trkpt lat="36.8939956" lon="138.2412762">
        <ele>669.5659018280692</ele>
      </trkpt>
      <trkpt lat="36.8939858" lon="138.241285">
        <ele>669.8576662914838</ele>
      </trkpt>
      <trkpt lat="36.893976" lon="138.2412939">
        <ele>670.1496637371148</ele>
      </trkpt>
      <trkpt lat="36.8939655" lon="138.2413039">
        <ele>670.4630042940599</ele>
      </trkpt>
      <trkpt lat="36.8939551" lon="138.2413139">
        <ele>670.7703637612765</ele>
      </trkpt>
      <trkpt lat="36.8939444" lon="138.2413245">
        <ele>671.0788840137899</ele>
      </trkpt>
      <trkpt lat="36.8939337" lon="138.2413351">
        <ele>671.387404224231</ele>
      </trkpt>
      <trkpt lat="36.8939233" lon="138.2413453">
        <ele>671.6871545211424</ele>
      </trkpt>
      <trkpt lat="36.893913" lon="138.2413556">
        <ele>671.9842533411004</ele>
      </trkpt>
      <trkpt lat="36.8939038" lon="138.2413646">
        <ele>672.2493901110267</ele>
      </trkpt>
      <trkpt lat="36.8938947" lon="138.2413737">
        <ele>672.5153677465463</ele>
      </trkpt>
      <trkpt lat="36.8938855" lon="138.2413817">
        <ele>672.7896435832805</ele>
      </trkpt>
      <trkpt lat="36.8938764" lon="138.2413898">
        <ele>673.0662193917719</ele>
      </trkpt>
      <trkpt lat="36.893867" lon="138.2413977">
        <ele>673.3521259078769</ele>
      </trkpt>
      <trkpt lat="36.8938577" lon="138.2414057">
        <ele>673.6230930668318</ele>
      </trkpt>
      <trkpt lat="36.8938488" lon="138.2414136">
        <ele>673.8824056928062</ele>
      </trkpt>
      <trkpt lat="36.89384" lon="138.2414216">
        <ele>674.1388046644643</ele>
      </trkpt>
      <trkpt lat="36.8938313" lon="138.2414298">
        <ele>674.3922899822719</ele>
      </trkpt>
      <trkpt lat="36.8938227" lon="138.2414381">
        <ele>674.6307185648022</ele>
      </trkpt>
      <trkpt lat="36.8938138" lon="138.2414464">
        <ele>674.8770654471139</ele>
      </trkpt>
      <trkpt lat="36.893805" lon="138.2414548">
        <ele>675.1206443582674</ele>
      </trkpt>
      <trkpt lat="36.8937959" lon="138.241463">
        <ele>675.3725270665495</ele>
      </trkpt>
      <trkpt lat="36.8937869" lon="138.2414712">
        <ele>675.6216418036738</ele>
      </trkpt>
      <trkpt lat="36.893778" lon="138.2414787">
        <ele>675.8679885700823</ele>
      </trkpt>
      <trkpt lat="36.8937691" lon="138.2414862">
        <ele>676.1091868068569</ele>
      </trkpt>
      <trkpt lat="36.8937601" lon="138.2414932">
        <ele>676.3534853362488</ele>
      </trkpt>
      <trkpt lat="36.8937512" lon="138.2415002">
        <ele>676.6046420400506</ele>
      </trkpt>
      <trkpt lat="36.8937417" lon="138.2415069">
        <ele>676.8736299631661</ele>
      </trkpt>
      <trkpt lat="36.8937322" lon="138.2415137">
        <ele>677.1425013437877</ele>
      </trkpt>
      <trkpt lat="36.8937223" lon="138.2415208">
        <ele>677.4226776441569</ele>
      </trkpt>
      <trkpt lat="36.8937124" lon="138.241528">
        <ele>677.7027373991916</ele>
      </trkpt>
      <trkpt lat="36.8937019" lon="138.241536">
        <ele>677.9993467644331</ele>
      </trkpt>
      <trkpt lat="36.8936914" lon="138.2415441">
        <ele>678.291479775431</ele>
      </trkpt>
      <trkpt lat="36.8936807" lon="138.2415521">
        <ele>678.5758303116489</ele>
      </trkpt>
      <trkpt lat="36.89367" lon="138.2415601">
        <ele>678.8630865946056</ele>
      </trkpt>
      <trkpt lat="36.8936598" lon="138.2415673">
        <ele>679.139875885799</ele>
      </trkpt>
      <trkpt lat="36.8936497" lon="138.2415745">
        <ele>679.395177560207</ele>
      </trkpt>
      <trkpt lat="36.8936402" lon="138.2415816">
        <ele>679.6333152016864</ele>
      </trkpt>
      <trkpt lat="36.8936307" lon="138.2415888">
        <ele>679.871103284788</ele>
      </trkpt>
      <trkpt lat="36.8936207" lon="138.2415957">
        <ele>680.1237795878674</ele>
      </trkpt>
      <trkpt lat="36.8936107" lon="138.2416026">
        <ele>680.3764558548113</ele>
      </trkpt>
      <trkpt lat="36.8935995" lon="138.2416094">
        <ele>680.6626968257601</ele>
      </trkpt>
      <trkpt lat="36.8935884" lon="138.2416162">
        <ele>680.9461698174482</ele>
      </trkpt>
      <trkpt lat="36.8935764" lon="138.2416233">
        <ele>681.2535055916762</ele>
      </trkpt>
      <trkpt lat="36.8935645" lon="138.2416305">
        <ele>681.5577238553908</ele>
      </trkpt>
      <trkpt lat="36.8935528" lon="138.241638">
        <ele>681.8543976031024</ele>
      </trkpt>
      <trkpt lat="36.8935411" lon="138.2416456">
        <ele>682.150596901007</ele>
      </trkpt>
      <trkpt lat="36.8935298" lon="138.2416527">
        <ele>682.440265902033</ele>
      </trkpt>
      <trkpt lat="36.8935185" lon="138.2416599">
        <ele>682.7240514193387</ele>
      </trkpt>
      <trkpt lat="36.8935071" lon="138.2416667">
        <ele>683.0088810986335</ele>
      </trkpt>
      <trkpt lat="36.8934957" lon="138.2416736">
        <ele>683.2906265764253</ele>
      </trkpt>
      <trkpt lat="36.8934838" lon="138.2416809">
        <ele>683.5851668467441</ele>
      </trkpt>
      <trkpt lat="36.893472" lon="138.2416883">
        <ele>683.8847822860539</ele>
      </trkpt>
      <trkpt lat="36.8934601" lon="138.2416959">
        <ele>684.1893635232893</ele>
      </trkpt>
      <trkpt lat="36.8934482" lon="138.2417036">
        <ele>684.4966159970472</ele>
      </trkpt>
      <trkpt lat="36.8934362" lon="138.2417106">
        <ele>684.812493962126</ele>
      </trkpt>
      <trkpt lat="36.8934243" lon="138.2417176">
        <ele>685.128346514884</ele>
      </trkpt>
      <trkpt lat="36.8934124" lon="138.2417246">
        <ele>685.4371553073362</ele>
      </trkpt>
      <trkpt lat="36.8934005" lon="138.2417317">
        <ele>685.7410093621156</ele>
      </trkpt>
      <trkpt lat="36.893389" lon="138.241739">
        <ele>686.0360663521662</ele>
      </trkpt>
      <trkpt lat="36.8933776" lon="138.2417463">
        <ele>686.30986057967</ele>
      </trkpt>
      <trkpt lat="36.8933669" lon="138.2417527">
        <ele>686.5687459943821</ele>
      </trkpt>
      <trkpt lat="36.8933562" lon="138.2417591">
        <ele>686.8276313663929</ele>
      </trkpt>
      <trkpt lat="36.8933465" lon="138.241765">
        <ele>687.0635110568403</ele>
      </trkpt>
      <trkpt lat="36.8933369" lon="138.241771">
        <ele>687.2998596252668</ele>
      </trkpt>
      <trkpt lat="36.8933271" lon="138.2417776">
        <ele>687.5405707437988</ele>
      </trkpt>
      <trkpt lat="36.8933173" lon="138.2417843">
        <ele>687.7829513140941</ele>
      </trkpt>
      <trkpt lat="36.8933072" lon="138.2417912">
        <ele>688.035109912528</ele>
      </trkpt>
      <trkpt lat="36.8932971" lon="138.2417982">
        <ele>688.2891423151349</ele>
      </trkpt>
      <trkpt lat="36.8932872" lon="138.2418043">
        <ele>688.544090446055</ele>
      </trkpt>
      <trkpt lat="36.8932774" lon="138.2418105">
        <ele>688.7923144072529</ele>
      </trkpt>
      <trkpt lat="36.8932673" lon="138.2418161">
        <ele>689.0457767087038</ele>
      </trkpt>
      <trkpt lat="36.8932573" lon="138.2418217">
        <ele>689.2964710503121</ele>
      </trkpt>
      <trkpt lat="36.893247" lon="138.241827">
        <ele>689.5546579428019</ele>
      </trkpt>
      <trkpt lat="36.8932367" lon="138.2418323">
        <ele>689.8088791292628</ele>
      </trkpt>
      <trkpt lat="36.8932258" lon="138.2418377">
        <ele>690.0791252608877</ele>
      </trkpt>
      <trkpt lat="36.893215" lon="138.2418431">
        <ele>690.3466034288517</ele>
      </trkpt>
      <trkpt lat="36.8932024" lon="138.2418503">
        <ele>690.6580565212442</ele>
      </trkpt>
      <trkpt lat="36.8931898" lon="138.2418576">
        <ele>690.9725822648876</ele>
      </trkpt>
      <trkpt lat="36.8931752" lon="138.2418672">
        <ele>691.3350263409122</ele>
      </trkpt>
      <trkpt lat="36.8931606" lon="138.2418768">
        <ele>691.7022281930454</ele>
      </trkpt>
      <trkpt lat="36.8931449" lon="138.2418871">
        <ele>692.1025135577942</ele>
      </trkpt>
      <trkpt lat="36.8931293" lon="138.2418974">
        <ele>692.4420371009506</ele>
      </trkpt>
      <trkpt lat="36.8931135" lon="138.2419072">
        <ele>692.7876618786718</ele>
      </trkpt>
      <trkpt lat="36.8930978" lon="138.241917">
        <ele>693.1237431383697</ele>
      </trkpt>
      <trkpt lat="36.8930825" lon="138.2419259">
        <ele>693.4508100255166</ele>
      </trkpt>
      <trkpt lat="36.8930672" lon="138.2419348">
        <ele>693.7778768366676</ele>
      </trkpt>
      <trkpt lat="36.8930519" lon="138.2419433">
        <ele>694.1072737409044</ele>
      </trkpt>
      <trkpt lat="36.8930367" lon="138.2419519">
        <ele>694.4336114717659</ele>
      </trkpt>
      <trkpt lat="36.8930214" lon="138.2419607">
        <ele>694.7612605979912</ele>
      </trkpt>
      <trkpt lat="36.8930061" lon="138.2419696">
        <ele>695.0842284443984</ele>
      </trkpt>
      <trkpt lat="36.8929913" lon="138.2419779">
        <ele>695.3547183908281</ele>
      </trkpt>
      <trkpt lat="36.8929765" lon="138.2419862">
        <ele>695.6293781779882</ele>
      </trkpt>
      <trkpt lat="36.8929622" lon="138.2419942">
        <ele>695.8988189720335</ele>
      </trkpt>
      <trkpt lat="36.892948" lon="138.2420022">
        <ele>696.1644771954525</ele>
      </trkpt>
      <trkpt lat="36.8929337" lon="138.2420104">
        <ele>696.4219499398504</ele>
      </trkpt>
      <trkpt lat="36.8929194" lon="138.2420186">
        <ele>696.6658318007378</ele>
      </trkpt>
      <trkpt lat="36.8929056" lon="138.2420274">
        <ele>696.8960207925192</ele>
      </trkpt>
      <trkpt lat="36.8928918" lon="138.2420362">
        <ele>697.1262097334502</ele>
      </trkpt>
      <trkpt lat="36.8928792" lon="138.2420453">
        <ele>697.3301768593967</ele>
      </trkpt>
      <trkpt lat="36.8928667" lon="138.2420545">
        <ele>697.5202422953662</ele>
      </trkpt>
      <trkpt lat="36.8928548" lon="138.2420634">
        <ele>697.6730515911572</ele>
      </trkpt>
      <trkpt lat="36.8928429" lon="138.2420723">
        <ele>697.8294560499996</ele>
      </trkpt>
      <trkpt lat="36.8928309" lon="138.2420811">
        <ele>697.9917175845541</ele>
      </trkpt>
      <trkpt lat="36.8928189" lon="138.24209">
        <ele>698.1484415022817</ele>
      </trkpt>
      <trkpt lat="36.8928065" lon="138.2420991">
        <ele>698.3129688693341</ele>
      </trkpt>
      <trkpt lat="36.8927941" lon="138.2421082">
        <ele>698.4675519136247</ele>
      </trkpt>
      <trkpt lat="36.892782" lon="138.2421169">
        <ele>698.6107697789092</ele>
      </trkpt>
      <trkpt lat="36.8927699" lon="138.2421257">
        <ele>698.7534050716554</ele>
      </trkpt>
      <trkpt lat="36.8927636" lon="138.2421309">
        <ele>698.8240685454339</ele>
      </trkpt>
      <trkpt lat="36.8927573" lon="138.2421362">
        <ele>698.8941494692352</ele>
      </trkpt>
      <trkpt lat="36.892751" lon="138.2421415">
        <ele>698.9642303845848</ele>
      </trkpt>
      <trkpt lat="36.8927463" lon="138.2421452">
        <ele>699.0179924389117</ele>
      </trkpt>
      <trkpt lat="36.8927416" lon="138.2421489">
        <ele>699.0717544888848</ele>
      </trkpt>
      <trkpt lat="36.8927369" lon="138.2421527">
        <ele>699.1249339917213</ele>
      </trkpt>
      <trkpt lat="36.8927312" lon="138.2421568">
        <ele>699.1937214280495</ele>
      </trkpt>
      <trkpt lat="36.8927255" lon="138.242161">
        <ele>699.2670728389112</ele>
      </trkpt>
      <trkpt lat="36.8927195" lon="138.2421645">
        <ele>699.3516633026609</ele>
      </trkpt>
      <trkpt lat="36.8927136" lon="138.242168">
        <ele>699.4366463594433</ele>
      </trkpt>
      <trkpt lat="36.8927075" lon="138.2421719">
        <ele>699.5290737506009</ele>
      </trkpt>
      <trkpt lat="36.8927014" lon="138.2421758">
        <ele>699.6220793332445</ele>
      </trkpt>
      <trkpt lat="36.8926952" lon="138.2421803">
        <ele>699.7147359037779</ele>
      </trkpt>
      <trkpt lat="36.892689" lon="138.2421849">
        <ele>699.807042940148</ele>
      </trkpt>
      <trkpt lat="36.8926822" lon="138.2421894">
        <ele>699.9101883822128</ele>
      </trkpt>
      <trkpt lat="36.8926755" lon="138.242194">
        <ele>700.0112361401327</ele>
      </trkpt>
      <trkpt lat="36.8926684" lon="138.242199">
        <ele>700.117878378649</ele>
      </trkpt>
      <trkpt lat="36.8926613" lon="138.242204">
        <ele>700.2214399809234</ele>
      </trkpt>
      <trkpt lat="36.8926539" lon="138.2422084">
        <ele>700.3295513584385</ele>
      </trkpt>
      <trkpt lat="36.8926465" lon="138.2422128">
        <ele>700.4409785364317</ele>
      </trkpt>
      <trkpt lat="36.8926384" lon="138.2422174">
        <ele>700.5672200878092</ele>
      </trkpt>
      <trkpt lat="36.8926304" lon="138.242222">
        <ele>700.6955264920854</ele>
      </trkpt>
      <trkpt lat="36.892621" lon="138.2422269">
        <ele>700.8517321963188</ele>
      </trkpt>
      <trkpt lat="36.8926117" lon="138.2422318">
        <ele>701.0108490120072</ele>
      </trkpt>
      <trkpt lat="36.8926017" lon="138.2422367">
        <ele>701.1872375029704</ele>
      </trkpt>
      <trkpt lat="36.8925918" lon="138.2422417">
        <ele>701.3585026354541</ele>
      </trkpt>
      <trkpt lat="36.892582" lon="138.2422468">
        <ele>701.5155444184563</ele>
      </trkpt>
      <trkpt lat="36.8925723" lon="138.242252">
        <ele>701.6709837141226</ele>
      </trkpt>
      <trkpt lat="36.8925627" lon="138.2422576">
        <ele>701.8285368651658</ele>
      </trkpt>
      <trkpt lat="36.8925532" lon="138.2422632">
        <ele>701.9898808692853</ele>
      </trkpt>
      <trkpt lat="36.8925434" lon="138.2422687">
        <ele>702.1596154754227</ele>
      </trkpt>
      <trkpt lat="36.8925337" lon="138.2422743">
        <ele>702.3315488514011</ele>
      </trkpt>
      <trkpt lat="36.8925234" lon="138.2422801">
        <ele>702.526227477989</ele>
      </trkpt>
      <trkpt lat="36.8925132" lon="138.2422859">
        <ele>702.7387258538799</ele>
      </trkpt>
      <trkpt lat="36.8925037" lon="138.242292">
        <ele>702.9403475147892</ele>
      </trkpt>
      <trkpt lat="36.8924943" lon="138.2422982">
        <ele>703.142256253177</ele>
      </trkpt>
      <trkpt lat="36.8924859" lon="138.2423039">
        <ele>703.3248417970028</ele>
      </trkpt>
      <trkpt lat="36.8924775" lon="138.2423097">
        <ele>703.5093693412557</ele>
      </trkpt>
      <trkpt lat="36.8924693" lon="138.2423147">
        <ele>703.6889101860866</ele>
      </trkpt>
      <trkpt lat="36.8924612" lon="138.2423198">
        <ele>703.8681822549943</ele>
      </trkpt>
      <trkpt lat="36.8924525" lon="138.2423245">
        <ele>704.0580042934506</ele>
      </trkpt>
      <trkpt lat="36.8924438" lon="138.2423293">
        <ele>704.2499546769936</ele>
      </trkpt>
      <trkpt lat="36.8924344" lon="138.2423338">
        <ele>704.4575838241269</ele>
      </trkpt>
      <trkpt lat="36.892425" lon="138.2423384">
        <ele>704.6685468389005</ele>
      </trkpt>
      <trkpt lat="36.8924149" lon="138.2423435">
        <ele>704.904718380331</ele>
      </trkpt>
      <trkpt lat="36.8924049" lon="138.2423486">
        <ele>705.1435675115379</ele>
      </trkpt>
      <trkpt lat="36.8923946" lon="138.2423543">
        <ele>705.3944781963271</ele>
      </trkpt>
      <trkpt lat="36.8923844" lon="138.2423601">
        <ele>705.6477546478551</ele>
      </trkpt>
      <trkpt lat="36.8923741" lon="138.242366">
        <ele>705.9091518698456</ele>
      </trkpt>
      <trkpt lat="36.8923639" lon="138.2423719">
        <ele>706.1725273168288</ele>
      </trkpt>
      <trkpt lat="36.8923525" lon="138.2423776">
        <ele>706.4643491555689</ele>
      </trkpt>
      <trkpt lat="36.8923411" lon="138.2423833">
        <ele>706.7605825176273</ele>
      </trkpt>
      <trkpt lat="36.8923287" lon="138.2423885">
        <ele>707.0787552129473</ele>
      </trkpt>
      <trkpt lat="36.8923164" lon="138.2423937">
        <ele>707.3974595543469</ele>
      </trkpt>
      <trkpt lat="36.8923039" lon="138.2423983">
        <ele>707.7134814844239</ele>
      </trkpt>
      <trkpt lat="36.8922915" lon="138.242403">
        <ele>708.0282502640976</ele>
      </trkpt>
      <trkpt lat="36.8922796" lon="138.2424068">
        <ele>708.3237045227089</ele>
      </trkpt>
      <trkpt lat="36.8922678" lon="138.2424107">
        <ele>708.6179056354571</ele>
      </trkpt>
      <trkpt lat="36.892256" lon="138.2424139">
        <ele>708.9055822353582</ele>
      </trkpt>
      <trkpt lat="36.8922443" lon="138.2424171">
        <ele>709.189886802506</ele>
      </trkpt>
      <trkpt lat="36.892232" lon="138.2424193">
        <ele>709.4780828634546</ele>
      </trkpt>
      <trkpt lat="36.8922197" lon="138.2424216">
        <ele>709.7681847245767</ele>
      </trkpt>
      <trkpt lat="36.8922069" lon="138.2424228">
        <ele>710.0590565465084</ele>
      </trkpt>
      <trkpt lat="36.8921942" lon="138.242424">
        <ele>710.3482678083773</ele>
      </trkpt>
      <trkpt lat="36.8921817" lon="138.2424241">
        <ele>710.619429526412</ele>
      </trkpt>
      <trkpt lat="36.8921692" lon="138.2424242">
        <ele>710.875776100896</ele>
      </trkpt>
      <trkpt lat="36.8921564" lon="138.242423">
        <ele>711.1251752518663</ele>
      </trkpt>
      <trkpt lat="36.8921437" lon="138.2424219">
        <ele>711.3740301591442</ele>
      </trkpt>
      <trkpt lat="36.8921307" lon="138.2424192">
        <ele>711.6141627205374</ele>
      </trkpt>
      <trkpt lat="36.8921177" lon="138.2424165">
        <ele>711.8554867204953</ele>
      </trkpt>
      <trkpt lat="36.8921045" lon="138.2424126">
        <ele>712.0887900610458</ele>
      </trkpt>
      <trkpt lat="36.8920914" lon="138.2424088">
        <ele>712.3205447637947</ele>
      </trkpt>
      <trkpt lat="36.8920785" lon="138.2424038">
        <ele>712.5370356299921</ele>
      </trkpt>
      <trkpt lat="36.8920656" lon="138.2423988">
        <ele>712.7535264511602</ele>
      </trkpt>
      <trkpt lat="36.8920537" lon="138.242392">
        <ele>712.9328451183635</ele>
      </trkpt>
      <trkpt lat="36.8920419" lon="138.2423853">
        <ele>713.1140867203414</ele>
      </trkpt>
      <trkpt lat="36.8920322" lon="138.2423761">
        <ele>713.2350552003982</ele>
      </trkpt>
      <trkpt lat="36.8920225" lon="138.242367">
        <ele>713.35994461986</ele>
      </trkpt>
      <trkpt lat="36.8920142" lon="138.2423569">
        <ele>713.4488853675914</ele>
      </trkpt>
      <trkpt lat="36.8920059" lon="138.2423469">
        <ele>713.5415352413646</ele>
      </trkpt>
      <trkpt lat="36.8919979" lon="138.2423367">
        <ele>713.6350068573963</ele>
      </trkpt>
      <trkpt lat="36.89199" lon="138.2423265">
        <ele>713.7380153817669</ele>
      </trkpt>
      <trkpt lat="36.8919814" lon="138.2423168">
        <ele>713.8567655440876</ele>
      </trkpt>
      <trkpt lat="36.8919729" lon="138.2423071">
        <ele>713.9689537489838</ele>
      </trkpt>
      <trkpt lat="36.8919634" lon="138.2422982">
        <ele>714.1079612083153</ele>
      </trkpt>
      <trkpt lat="36.891954" lon="138.2422894">
        <ele>714.2483719438169</ele>
      </trkpt>
      <trkpt lat="36.8919444" lon="138.2422813">
        <ele>714.400369824124</ele>
      </trkpt>
      <trkpt lat="36.8919349" lon="138.2422733">
        <ele>714.5534807462647</ele>
      </trkpt>
      <trkpt lat="36.8919251" lon="138.242267">
        <ele>714.7260383314638</ele>
      </trkpt>
      <trkpt lat="36.8919154" lon="138.2422608">
        <ele>714.8991108398988</ele>
      </trkpt>
      <trkpt lat="36.891905" lon="138.242256">
        <ele>715.0860233319457</ele>
      </trkpt>
      <trkpt lat="36.8918947" lon="138.2422512">
        <ele>715.2609896406958</ele>
      </trkpt>
      <trkpt lat="36.8918846" lon="138.2422476">
        <ele>715.4416966286127</ele>
      </trkpt>
      <trkpt lat="36.8918745" lon="138.242244">
        <ele>715.6236378423412</ele>
      </trkpt>
      <trkpt lat="36.8918643" lon="138.2422426">
        <ele>715.814750841429</ele>
      </trkpt>
      <trkpt lat="36.8918541" lon="138.2422413">
        <ele>716.0066048878587</ele>
      </trkpt>
      <trkpt lat="36.8918438" lon="138.242243">
        <ele>716.2079926177094</ele>
      </trkpt>
      <trkpt lat="36.8918335" lon="138.2422447">
        <ele>716.4165555304531</ele>
      </trkpt>
      <trkpt lat="36.8918231" lon="138.2422499">
        <ele>716.6406151463652</ele>
      </trkpt>
      <trkpt lat="36.8918128" lon="138.2422552">
        <ele>716.8671626301301</ele>
      </trkpt>
      <trkpt lat="36.8918034" lon="138.2422637">
        <ele>717.1029073543122</ele>
      </trkpt>
      <trkpt lat="36.891794" lon="138.2422723">
        <ele>717.3364436827773</ele>
      </trkpt>
      <trkpt lat="36.8917861" lon="138.2422831">
        <ele>717.5481117306849</ele>
      </trkpt>
      <trkpt lat="36.8917783" lon="138.242294">
        <ele>717.7553885619246</ele>
      </trkpt>
      <trkpt lat="36.8917721" lon="138.2423052">
        <ele>717.929922960602</ele>
      </trkpt>
      <trkpt lat="36.891766" lon="138.2423165">
        <ele>718.0900060743098</ele>
      </trkpt>
      <trkpt lat="36.8917599" lon="138.2423269">
        <ele>718.2451093424118</ele>
      </trkpt>
      <trkpt lat="36.8917539" lon="138.2423374">
        <ele>718.3989305091097</ele>
      </trkpt>
      <trkpt lat="36.891747" lon="138.2423461">
        <ele>718.571583315176</ele>
      </trkpt>
      <trkpt lat="36.8917401" lon="138.2423548">
        <ele>718.7476488121515</ele>
      </trkpt>
      <trkpt lat="36.8917322" lon="138.2423614">
        <ele>718.9254888719972</ele>
      </trkpt>
      <trkpt lat="36.8917243" lon="138.2423681">
        <ele>719.1021775843581</ele>
      </trkpt>
      <trkpt lat="36.8917154" lon="138.2423731">
        <ele>719.2837027346393</ele>
      </trkpt>
      <trkpt lat="36.8917066" lon="138.2423781">
        <ele>719.4620336950666</ele>
      </trkpt>
      <trkpt lat="36.8916965" lon="138.2423826">
        <ele>719.6529589983412</ele>
      </trkpt>
      <trkpt lat="36.8916865" lon="138.2423871">
        <ele>719.8394182357483</ele>
      </trkpt>
      <trkpt lat="36.8916752" lon="138.2423909">
        <ele>720.0426314814262</ele>
      </trkpt>
      <trkpt lat="36.891664" lon="138.2423948">
        <ele>720.2448247945881</ele>
      </trkpt>
      <trkpt lat="36.8916527" lon="138.2423973">
        <ele>720.4404649376883</ele>
      </trkpt>
      <trkpt lat="36.8916415" lon="138.2423999">
        <ele>720.6350851490176</ele>
      </trkpt>
      <trkpt lat="36.8916305" lon="138.2424032">
        <ele>720.8206517058454</ele>
      </trkpt>
      <trkpt lat="36.8916195" lon="138.2424065">
        <ele>720.9875013151592</ele>
      </trkpt>
      <trkpt lat="36.8916092" lon="138.2424104">
        <ele>721.1469878972183</ele>
      </trkpt>
      <trkpt lat="36.8915989" lon="138.2424144">
        <ele>721.305633126222</ele>
      </trkpt>
      <trkpt lat="36.8915898" lon="138.2424183">
        <ele>721.4464867556285</ele>
      </trkpt>
      <trkpt lat="36.8915807" lon="138.2424222">
        <ele>721.5861356562297</ele>
      </trkpt>
      <trkpt lat="36.8915732" lon="138.242426">
        <ele>721.7032030160843</ele>
      </trkpt>
      <trkpt lat="36.8915658" lon="138.2424298">
        <ele>721.8223694754081</ele>
      </trkpt>
      <trkpt lat="36.8915587" lon="138.242433">
        <ele>721.9340995587652</ele>
      </trkpt>
      <trkpt lat="36.8915516" lon="138.2424363">
        <ele>722.0464109689474</ele>
      </trkpt>
      <trkpt lat="36.8915433" lon="138.2424389">
        <ele>722.1703776734425</ele>
      </trkpt>
      <trkpt lat="36.8915351" lon="138.2424415">
        <ele>722.2930332752186</ele>
      </trkpt>
      <trkpt lat="36.8915249" lon="138.2424439">
        <ele>722.4407456063209</ele>
      </trkpt>
      <trkpt lat="36.8915148" lon="138.2424463">
        <ele>722.5871468283945</ele>
      </trkpt>
      <trkpt lat="36.8915037" lon="138.2424483">
        <ele>722.7443287730225</ele>
      </trkpt>
      <trkpt lat="36.8914927" lon="138.2424504">
        <ele>722.8961625423942</ele>
      </trkpt>
      <trkpt lat="36.8914815" lon="138.2424524">
        <ele>723.043524268567</ele>
      </trkpt>
      <trkpt lat="36.8914704" lon="138.2424544">
        <ele>723.1904325919353</ele>
      </trkpt>
      <trkpt lat="36.8914589" lon="138.2424569">
        <ele>723.3462002680913</ele>
      </trkpt>
      <trkpt lat="36.8914474" lon="138.2424595">
        <ele>723.5036108035672</ele>
      </trkpt>
      <trkpt lat="36.891436" lon="138.2424629">
        <ele>723.6662999080208</ele>
      </trkpt>
      <trkpt lat="36.8914247" lon="138.2424663">
        <ele>723.826472210605</ele>
      </trkpt>
      <trkpt lat="36.8914139" lon="138.2424696">
        <ele>723.9754054697235</ele>
      </trkpt>
      <trkpt lat="36.8914031" lon="138.242473">
        <ele>724.1250377618713</ele>
      </trkpt>
      <trkpt lat="36.8913913" lon="138.242477">
        <ele>724.2905184647076</ele>
      </trkpt>
      <trkpt lat="36.8913796" lon="138.2424811">
        <ele>724.4555327838297</ele>
      </trkpt>
      <trkpt lat="36.8913658" lon="138.2424867">
        <ele>724.6555064956669</ele>
      </trkpt>
      <trkpt lat="36.891352" lon="138.2424924">
        <ele>724.8713091208471</ele>
      </trkpt>
      <trkpt lat="36.8913366" lon="138.2424999">
        <ele>725.1417846111004</ele>
      </trkpt>
      <trkpt lat="36.8913213" lon="138.2425075">
        <ele>725.4234827255497</ele>
      </trkpt>
      <trkpt lat="36.8913055" lon="138.2425172">
        <ele>725.74250043668</ele>
      </trkpt>
      <trkpt lat="36.8912897" lon="138.242527">
        <ele>726.062990763562</ele>
      </trkpt>
      <trkpt lat="36.8912735" lon="138.2425382">
        <ele>726.4024526421048</ele>
      </trkpt>
      <trkpt lat="36.8912574" lon="138.2425494">
        <ele>726.7588886424702</ele>
      </trkpt>
      <trkpt lat="36.8912421" lon="138.242561">
        <ele>727.1259372298751</ele>
      </trkpt>
      <trkpt lat="36.8912269" lon="138.2425726">
        <ele>727.5094385385107</ele>
      </trkpt>
      <trkpt lat="36.8912126" lon="138.2425837">
        <ele>727.864798916109</ele>
      </trkpt>
      <trkpt lat="36.8911984" lon="138.2425948">
        <ele>728.2151215069442</ele>
      </trkpt>
      <trkpt lat="36.8911845" lon="138.2426061">
        <ele>728.5646506983667</ele>
      </trkpt>
      <trkpt lat="36.8911707" lon="138.2426174">
        <ele>728.9212201392876</ele>
      </trkpt>
      <trkpt lat="36.8911575" lon="138.2426294">
        <ele>729.2887033299878</ele>
      </trkpt>
      <trkpt lat="36.8911443" lon="138.2426415">
        <ele>729.6680432315459</ele>
      </trkpt>
      <trkpt lat="36.8911322" lon="138.242653">
        <ele>730.0227197328355</ele>
      </trkpt>
      <trkpt lat="36.8911201" lon="138.2426646">
        <ele>730.3787943053997</ele>
      </trkpt>
      <trkpt lat="36.8911087" lon="138.2426754">
        <ele>730.7124669828459</ele>
      </trkpt>
      <trkpt lat="36.8910974" lon="138.2426863">
        <ele>731.0481114203759</ele>
      </trkpt>
      <trkpt lat="36.8910861" lon="138.2426969">
        <ele>731.3905430294443</ele>
      </trkpt>
      <trkpt lat="36.8910748" lon="138.2427075">
        <ele>731.7325493753893</ele>
      </trkpt>
      <trkpt lat="36.8910633" lon="138.2427176">
        <ele>732.0698050231912</ele>
      </trkpt>
      <trkpt lat="36.8910519" lon="138.2427277">
        <ele>732.4054582085</ele>
      </trkpt>
      <trkpt lat="36.8910403" lon="138.2427364">
        <ele>732.7231116992427</ele>
      </trkpt>
      <trkpt lat="36.8910287" lon="138.2427452">
        <ele>733.0422797712038</ele>
      </trkpt>
      <trkpt lat="36.8910171" lon="138.2427522">
        <ele>733.334184839414</ele>
      </trkpt>
      <trkpt lat="36.8910056" lon="138.2427592">
        <ele>733.6386617180593</ele>
      </trkpt>
      <trkpt lat="36.8909939" lon="138.2427663">
        <ele>733.9514716149371</ele>
      </trkpt>
      <trkpt lat="36.8909822" lon="138.2427735">
        <ele>734.2661864953122</ele>
      </trkpt>
      <trkpt lat="36.8909702" lon="138.2427811">
        <ele>734.5910699326553</ele>
      </trkpt>
      <trkpt lat="36.8909583" lon="138.2427887">
        <ele>734.9142052279794</ele>
      </trkpt>
      <trkpt lat="36.8909465" lon="138.2427962">
        <ele>735.2326054029244</ele>
      </trkpt>
      <trkpt lat="36.8909347" lon="138.2428038">
        <ele>735.5439141008233</ele>
      </trkpt>
      <trkpt lat="36.8909234" lon="138.2428123">
        <ele>735.8639038717743</ele>
      </trkpt>
      <trkpt lat="36.8909122" lon="138.2428209">
        <ele>736.1870394072627</ele>
      </trkpt>
      <trkpt lat="36.8909014" lon="138.2428307">
        <ele>736.5257495429685</ele>
      </trkpt>
      <trkpt lat="36.8908907" lon="138.2428405">
        <ele>736.8663290024847</ele>
      </trkpt>
      <trkpt lat="36.8908806" lon="138.2428519">
        <ele>737.2260911969481</ele>
      </trkpt>
      <trkpt lat="36.8908706" lon="138.2428633">
        <ele>737.5465264384783</ele>
      </trkpt>
      <trkpt lat="36.8908603" lon="138.2428762">
        <ele>737.8825067495742</ele>
      </trkpt>
      <trkpt lat="36.8908501" lon="138.2428892">
        <ele>738.2226683066363</ele>
      </trkpt>
      <trkpt lat="36.890839" lon="138.2429011">
        <ele>738.5676222622735</ele>
      </trkpt>
      <trkpt lat="36.890828" lon="138.2429131">
        <ele>738.9167279257015</ele>
      </trkpt>
      <trkpt lat="36.8908161" lon="138.2429224">
        <ele>739.2483053817572</ele>
      </trkpt>
      <trkpt lat="36.8908043" lon="138.2429317">
        <ele>739.57460343232</ele>
      </trkpt>
      <trkpt lat="36.8907915" lon="138.2429379">
        <ele>739.8663774454049</ele>
      </trkpt>
      <trkpt lat="36.8907788" lon="138.2429442">
        <ele>740.1416222863371</ele>
      </trkpt>
      <trkpt lat="36.8907656" lon="138.242948">
        <ele>740.3885614914127</ele>
      </trkpt>
      <trkpt lat="36.8907524" lon="138.2429518">
        <ele>740.6355006601202</ele>
      </trkpt>
      <trkpt lat="36.8907388" lon="138.2429552">
        <ele>740.8890505167299</ele>
      </trkpt>
      <trkpt lat="36.8907253" lon="138.2429587">
        <ele>741.1533967573602</ele>
      </trkpt>
      <trkpt lat="36.8907114" lon="138.2429629">
        <ele>741.4291473832379</ele>
      </trkpt>
      <trkpt lat="36.8906975" lon="138.2429672">
        <ele>741.7037727465206</ele>
      </trkpt>
      <trkpt lat="36.8906828" lon="138.2429722">
        <ele>741.9957592636581</ele>
      </trkpt>
      <trkpt lat="36.8906681" lon="138.2429773">
        <ele>742.2816185859973</ele>
      </trkpt>
      <trkpt lat="36.8906523" lon="138.2429835">
        <ele>742.5853666738149</ele>
      </trkpt>
      <trkpt lat="36.8906366" lon="138.2429898">
        <ele>742.8883278416708</ele>
      </trkpt>
      <trkpt lat="36.8906208" lon="138.2429966">
        <ele>743.1969691794836</ele>
      </trkpt>
      <trkpt lat="36.890605" lon="138.2430035">
        <ele>743.5064260236459</ele>
      </trkpt>
      <trkpt lat="36.8905896" lon="138.2430102">
        <ele>743.8519659300806</ele>
      </trkpt>
      <trkpt lat="36.8905742" lon="138.243017">
        <ele>744.1990653149089</ele>
      </trkpt>
      <trkpt lat="36.8905594" lon="138.2430229">
        <ele>744.5274619607258</ele>
      </trkpt>
      <trkpt lat="36.8905447" lon="138.2430289">
        <ele>744.8497317906704</ele>
      </trkpt>
      <trkpt lat="36.89053" lon="138.2430341">
        <ele>745.1584087630271</ele>
      </trkpt>
      <trkpt lat="36.8905153" lon="138.2430393">
        <ele>745.4670856818094</ele>
      </trkpt>
      <trkpt lat="36.8905004" lon="138.2430448">
        <ele>745.7812977198283</ele>
      </trkpt>
      <trkpt lat="36.8904856" lon="138.2430503">
        <ele>746.0936159298299</ele>
      </trkpt>
      <trkpt lat="36.8904709" lon="138.2430566">
        <ele>746.4087006511876</ele>
      </trkpt>
      <trkpt lat="36.8904563" lon="138.243063">
        <ele>746.72933887161</ele>
      </trkpt>
      <trkpt lat="36.8904416" lon="138.2430699">
        <ele>747.0599945987015</ele>
      </trkpt>
      <trkpt lat="36.8904269" lon="138.2430769">
        <ele>747.3947446481125</ele>
      </trkpt>
      <trkpt lat="36.8904124" lon="138.2430844">
        <ele>747.7323858526594</ele>
      </trkpt>
      <trkpt lat="36.8903979" lon="138.2430919">
        <ele>748.0727157990455</ele>
      </trkpt>
      <trkpt lat="36.8903842" lon="138.2431003">
        <ele>748.390882594721</ele>
      </trkpt>
      <trkpt lat="36.8903706" lon="138.2431087">
        <ele>748.7071555738341</ele>
      </trkpt>
      <trkpt lat="36.890357" lon="138.2431181">
        <ele>749.0214474335511</ele>
      </trkpt>
      <trkpt lat="36.8903434" lon="138.2431275">
        <ele>749.332924612627</ele>
      </trkpt>
      <trkpt lat="36.8903296" lon="138.2431374">
        <ele>749.6561089902185</ele>
      </trkpt>
      <trkpt lat="36.8903159" lon="138.2431474">
        <ele>749.9937669283713</ele>
      </trkpt>
      <trkpt lat="36.8903021" lon="138.2431574">
        <ele>750.3334642592824</ele>
      </trkpt>
      <trkpt lat="36.8902883" lon="138.2431675">
        <ele>750.6737440808686</ele>
      </trkpt>
      <trkpt lat="36.890274" lon="138.2431762">
        <ele>751.016065470503</ele>
      </trkpt>
      <trkpt lat="36.8902597" lon="138.2431849">
        <ele>751.3579712852737</ele>
      </trkpt>
      <trkpt lat="36.8902447" lon="138.243191">
        <ele>751.6977277865797</ele>
      </trkpt>
      <trkpt lat="36.8902298" lon="138.2431971">
        <ele>752.0385529148448</ele>
      </trkpt>
      <trkpt lat="36.8902147" lon="138.2432007">
        <ele>752.3753800445032</ele>
      </trkpt>
      <trkpt lat="36.8901996" lon="138.2432044">
        <ele>752.7179900272856</ele>
      </trkpt>
      <trkpt lat="36.8901847" lon="138.2432071">
        <ele>753.0489253058007</ele>
      </trkpt>
      <trkpt lat="36.8901698" lon="138.2432098">
        <ele>753.3812261131935</ele>
      </trkpt>
      <trkpt lat="36.8901547" lon="138.2432152">
        <ele>753.7459340826218</ele>
      </trkpt>
      <trkpt lat="36.8901397" lon="138.2432207">
        <ele>754.1123550089587</ele>
      </trkpt>
      <trkpt lat="36.8901245" lon="138.2432307">
        <ele>754.5329142136854</ele>
      </trkpt>
      <trkpt lat="36.8901094" lon="138.2432407">
        <ele>754.9239813716495</ele>
      </trkpt>
      <trkpt lat="36.8900959" lon="138.2432544">
        <ele>755.3361854025504</ele>
      </trkpt>
      <trkpt lat="36.8900825" lon="138.2432681">
        <ele>755.7589607659452</ele>
      </trkpt>
      <trkpt lat="36.8900719" lon="138.2432823">
        <ele>756.1434563524922</ele>
      </trkpt>
      <trkpt lat="36.8900614" lon="138.2432966">
        <ele>756.5661860431188</ele>
      </trkpt>
      <trkpt lat="36.8900526" lon="138.2433096">
        <ele>756.9432309128723</ele>
      </trkpt>
      <trkpt lat="36.8900438" lon="138.2433227">
        <ele>757.3211116150806</ele>
      </trkpt>
      <trkpt lat="36.8900348" lon="138.2433352">
        <ele>757.7014454175963</ele>
      </trkpt>
      <trkpt lat="36.8900258" lon="138.2433478">
        <ele>758.0910323893866</ele>
      </trkpt>
      <trkpt lat="36.8900156" lon="138.2433596">
        <ele>758.5009435000368</ele>
      </trkpt>
      <trkpt lat="36.8900055" lon="138.2433714">
        <ele>758.9188252986264</ele>
      </trkpt>
      <trkpt lat="36.8899943" lon="138.2433824">
        <ele>759.3674915832166</ele>
      </trkpt>
      <trkpt lat="36.8899831" lon="138.2433934">
        <ele>759.8036073911223</ele>
      </trkpt>
      <trkpt lat="36.8899722" lon="138.2434039">
        <ele>760.1968263143335</ele>
      </trkpt>
      <trkpt lat="36.8899613" lon="138.2434145">
        <ele>760.5958377863382</ele>
      </trkpt>
      <trkpt lat="36.8899504" lon="138.2434248">
        <ele>760.9929927768715</ele>
      </trkpt>
      <trkpt lat="36.8899395" lon="138.2434352">
        <ele>761.395903313552</ele>
      </trkpt>
      <trkpt lat="36.8899283" lon="138.2434457">
        <ele>761.8102543051858</ele>
      </trkpt>
      <trkpt lat="36.8899172" lon="138.2434562">
        <ele>762.2270561954838</ele>
      </trkpt>
      <trkpt lat="36.889906" lon="138.2434676">
        <ele>762.6757965401788</ele>
      </trkpt>
      <trkpt lat="36.8898949" lon="138.2434791">
        <ele>763.1204057660306</ele>
      </trkpt>
      <trkpt lat="36.889884" lon="138.2434914">
        <ele>763.5733240125664</ele>
      </trkpt>
      <trkpt lat="36.8898732" lon="138.2435038">
        <ele>764.0218993293538</ele>
      </trkpt>
      <trkpt lat="36.8898632" lon="138.243516">
        <ele>764.4475903106812</ele>
      </trkpt>
      <trkpt lat="36.8898533" lon="138.2435282">
        <ele>764.8673690237458</ele>
      </trkpt>
      <trkpt lat="36.8898435" lon="138.243539">
        <ele>765.2355553871027</ele>
      </trkpt>
      <trkpt lat="36.8898337" lon="138.2435499">
        <ele>765.582459329234</ele>
      </trkpt>
      <trkpt lat="36.8898235" lon="138.2435602">
        <ele>765.9170669002661</ele>
      </trkpt>
      <trkpt lat="36.8898133" lon="138.2435705">
        <ele>766.2481082542862</ele>
      </trkpt>
      <trkpt lat="36.8898026" lon="138.2435806">
        <ele>766.5789667974245</ele>
      </trkpt>
      <trkpt lat="36.889792" lon="138.2435908">
        <ele>766.906549663833</ele>
      </trkpt>
      <trkpt lat="36.8897808" lon="138.2436007">
        <ele>767.2332711259376</ele>
      </trkpt>
      <trkpt lat="36.8897696" lon="138.2436107">
        <ele>767.5548726479996</ele>
      </trkpt>
      <trkpt lat="36.8897574" lon="138.2436212">
        <ele>767.8983228912117</ele>
      </trkpt>
      <trkpt lat="36.8897452" lon="138.2436318">
        <ele>768.2334018376682</ele>
      </trkpt>
      <trkpt lat="36.8897326" lon="138.2436436">
        <ele>768.5698670420412</ele>
      </trkpt>
      <trkpt lat="36.88972" lon="138.2436555">
        <ele>768.8976626200899</ele>
      </trkpt>
      <trkpt lat="36.8897079" lon="138.2436678">
        <ele>769.2080592414604</ele>
      </trkpt>
      <trkpt lat="36.8896959" lon="138.2436802">
        <ele>769.503789402359</ele>
      </trkpt>
      <trkpt lat="36.8896839" lon="138.243692">
        <ele>769.7911309362862</ele>
      </trkpt>
      <trkpt lat="36.8896719" lon="138.2437038">
        <ele>770.0784724505857</ele>
      </trkpt>
      <trkpt lat="36.8896595" lon="138.2437147">
        <ele>770.3545858787329</ele>
      </trkpt>
      <trkpt lat="36.8896472" lon="138.2437257">
        <ele>770.6085483008133</ele>
      </trkpt>
      <trkpt lat="36.8896348" lon="138.2437355">
        <ele>770.8484380817972</ele>
      </trkpt>
      <trkpt lat="36.8896225" lon="138.2437453">
        <ele>771.0880409726177</ele>
      </trkpt>
      <trkpt lat="36.88961" lon="138.2437537">
        <ele>771.3133720849644</ele>
      </trkpt>
      <trkpt lat="36.8895975" lon="138.2437621">
        <ele>771.5387031762866</ele>
      </trkpt>
      <trkpt lat="36.8895853" lon="138.2437692">
        <ele>771.7458290143177</ele>
      </trkpt>
      <trkpt lat="36.8895731" lon="138.2437763">
        <ele>771.9508738213378</ele>
      </trkpt>
      <trkpt lat="36.8895615" lon="138.2437835">
        <ele>772.1390030860894</ele>
      </trkpt>
      <trkpt lat="36.88955" lon="138.2437908">
        <ele>772.3245314000081</ele>
      </trkpt>
      <trkpt lat="36.8895388" lon="138.2437996">
        <ele>772.5200113704902</ele>
      </trkpt>
      <trkpt lat="36.8895276" lon="138.2438084">
        <ele>772.689672832611</ele>
      </trkpt>
      <trkpt lat="36.8895161" lon="138.2438183">
        <ele>772.8709275437528</ele>
      </trkpt>
      <trkpt lat="36.8895047" lon="138.2438282">
        <ele>773.0554289749127</ele>
      </trkpt>
      <trkpt lat="36.8894917" lon="138.2438381">
        <ele>773.2788025539554</ele>
      </trkpt>
      <trkpt lat="36.8894788" lon="138.2438481">
        <ele>773.4974936206054</ele>
      </trkpt>
      <trkpt lat="36.8894643" lon="138.2438569">
        <ele>773.7199235509254</ele>
      </trkpt>
      <trkpt lat="36.8894498" lon="138.2438657">
        <ele>773.9380221669959</ele>
      </trkpt>
      <trkpt lat="36.8894342" lon="138.2438733">
        <ele>774.1548868483769</ele>
      </trkpt>
      <trkpt lat="36.8894187" lon="138.2438809">
        <ele>774.3667003326655</ele>
      </trkpt>
      <trkpt lat="36.8894028" lon="138.2438884">
        <ele>774.5701020734851</ele>
      </trkpt>
      <trkpt lat="36.8893869" lon="138.2438959">
        <ele>774.759808373698</ele>
      </trkpt>
      <trkpt lat="36.8893712" lon="138.2439037">
        <ele>774.9445489255087</ele>
      </trkpt>
      <trkpt lat="36.8893556" lon="138.2439115">
        <ele>775.1438350490573</ele>
      </trkpt>
      <trkpt lat="36.8893398" lon="138.2439184">
        <ele>775.341554951042</ele>
      </trkpt>
      <trkpt lat="36.889324" lon="138.2439253">
        <ele>775.535574221742</ele>
      </trkpt>
      <trkpt lat="36.8893077" lon="138.2439305">
        <ele>775.7271494083205</ele>
      </trkpt>
      <trkpt lat="36.8892914" lon="138.2439358">
        <ele>775.9346573179565</ele>
      </trkpt>
      <trkpt lat="36.8892748" lon="138.2439395">
        <ele>776.1532707883525</ele>
      </trkpt>
      <trkpt lat="36.8892583" lon="138.2439433">
        <ele>776.3665451114975</ele>
      </trkpt>
      <trkpt lat="36.8892418" lon="138.2439458">
        <ele>776.5751221205444</ele>
      </trkpt>
      <trkpt lat="36.8892254" lon="138.2439483">
        <ele>776.7958855222142</ele>
      </trkpt>
      <trkpt lat="36.8892088" lon="138.2439488">
        <ele>777.0438654787101</ele>
      </trkpt>
      <trkpt lat="36.8891922" lon="138.2439494">
        <ele>777.2914964124994</ele>
      </trkpt>
      <trkpt lat="36.8891756" lon="138.2439494">
        <ele>777.539361645465</ele>
      </trkpt>
      <trkpt lat="36.8891591" lon="138.2439494">
        <ele>777.7975809289064</ele>
      </trkpt>
      <trkpt lat="36.8891426" lon="138.2439495">
        <ele>778.0918733289358</ele>
      </trkpt>
      <trkpt lat="36.8891262" lon="138.2439497">
        <ele>778.3841462410189</ele>
      </trkpt>
      <trkpt lat="36.8891099" lon="138.2439492">
        <ele>778.675972482743</ele>
      </trkpt>
      <trkpt lat="36.8890937" lon="138.2439487">
        <ele>778.9683679219813</ele>
      </trkpt>
      <trkpt lat="36.8890775" lon="138.2439485">
        <ele>779.2992183966574</ele>
      </trkpt>
      <trkpt lat="36.8890614" lon="138.2439483">
        <ele>779.6280293920088</ele>
      </trkpt>
      <trkpt lat="36.8890449" lon="138.2439485">
        <ele>779.9640658868952</ele>
      </trkpt>
      <trkpt lat="36.8890285" lon="138.2439488">
        <ele>780.2978298832671</ele>
      </trkpt>
      <trkpt lat="36.8890123" lon="138.2439488">
        <ele>780.6479843957824</ele>
      </trkpt>
      <trkpt lat="36.8889962" lon="138.2439488">
        <ele>780.9997822680053</ele>
      </trkpt>
      <trkpt lat="36.8889809" lon="138.243949">
        <ele>781.3336333986846</ele>
      </trkpt>
      <trkpt lat="36.8889657" lon="138.2439493">
        <ele>781.6650663664573</ele>
      </trkpt>
      <trkpt lat="36.8889519" lon="138.2439504">
        <ele>781.9777065741546</ele>
      </trkpt>
      <trkpt lat="36.8889381" lon="138.2439515">
        <ele>782.3124520848733</ele>
      </trkpt>
      <trkpt lat="36.8889243" lon="138.243953">
        <ele>782.6470042543302</ele>
      </trkpt>
      <trkpt lat="36.8889105" lon="138.2439545">
        <ele>782.9822590036595</ele>
      </trkpt>
      <trkpt lat="36.8888959" lon="138.243956">
        <ele>783.3378257843199</ele>
      </trkpt>
      <trkpt lat="36.8888813" lon="138.2439576">
        <ele>783.7062712702902</ele>
      </trkpt>
      <trkpt lat="36.8888671" lon="138.243959">
        <ele>784.0769771420867</ele>
      </trkpt>
      <trkpt lat="36.8888529" lon="138.2439604">
        <ele>784.4476829443133</ele>
      </trkpt>
      <trkpt lat="36.8888393" lon="138.2439611">
        <ele>784.8034716946547</ele>
      </trkpt>
      <trkpt lat="36.8888258" lon="138.2439619">
        <ele>785.15652178391</ele>
      </trkpt>
      <trkpt lat="36.8888123" lon="138.243961">
        <ele>785.5213882834588</ele>
      </trkpt>
      <trkpt lat="36.8887988" lon="138.2439601">
        <ele>785.8935001575219</ele>
      </trkpt>
      <trkpt lat="36.8887851" lon="138.2439576">
        <ele>786.2716137860994</ele>
      </trkpt>
      <trkpt lat="36.8887714" lon="138.2439552">
        <ele>786.6485306228933</ele>
      </trkpt>
      <trkpt lat="36.8887575" lon="138.2439524">
        <ele>787.0298477074844</ele>
      </trkpt>
      <trkpt lat="36.8887436" lon="138.2439496">
        <ele>787.3986532631727</ele>
      </trkpt>
      <trkpt lat="36.8887294" lon="138.2439455">
        <ele>787.7643405849814</ele>
      </trkpt>
      <trkpt lat="36.8887152" lon="138.2439415">
        <ele>788.1281128622352</ele>
      </trkpt>
      <trkpt lat="36.8887007" lon="138.2439357">
        <ele>788.4961081497712</ele>
      </trkpt>
      <trkpt lat="36.8886862" lon="138.24393">
        <ele>788.8613591415647</ele>
      </trkpt>
      <trkpt lat="36.8886723" lon="138.2439237">
        <ele>789.214522685819</ele>
      </trkpt>
      <trkpt lat="36.8886584" lon="138.2439174">
        <ele>789.5644620653668</ele>
      </trkpt>
      <trkpt lat="36.8886449" lon="138.243911">
        <ele>789.8979523784768</ele>
      </trkpt>
      <trkpt lat="36.8886314" lon="138.2439047">
        <ele>790.225867546811</ele>
      </trkpt>
      <trkpt lat="36.8886185" lon="138.2438986">
        <ele>790.5335466550785</ele>
      </trkpt>
      <trkpt lat="36.8886056" lon="138.2438926">
        <ele>790.8474024410332</ele>
      </trkpt>
      <trkpt lat="36.8885939" lon="138.2438911">
        <ele>791.1499329435972</ele>
      </trkpt>
      <trkpt lat="36.8885823" lon="138.2438896">
        <ele>791.4492378636842</ele>
      </trkpt>
      <trkpt lat="36.8885717" lon="138.2438964">
        <ele>791.7566467623033</ele>
      </trkpt>
      <trkpt lat="36.8885612" lon="138.2439033">
        <ele>792.0642885072215</ele>
      </trkpt>
      <trkpt lat="36.888551" lon="138.243917">
        <ele>792.3974320485438</ele>
      </trkpt>
      <trkpt lat="36.8885409" lon="138.2439307">
        <ele>792.7295929900079</ele>
      </trkpt>
      <trkpt lat="36.8885301" lon="138.2439459">
        <ele>793.0924832349516</ele>
      </trkpt>
      <trkpt lat="36.8885194" lon="138.2439612">
        <ele>793.4643373705296</ele>
      </trkpt>
      <trkpt lat="36.888507" lon="138.2439748">
        <ele>793.8774128204165</ele>
      </trkpt>
      <trkpt lat="36.8884947" lon="138.2439884">
        <ele>794.2778900328556</ele>
      </trkpt>
      <trkpt lat="36.8884804" lon="138.2439993">
        <ele>794.7280439771847</ele>
      </trkpt>
      <trkpt lat="36.8884661" lon="138.2440103">
        <ele>795.1685446368024</ele>
      </trkpt>
      <trkpt lat="36.8884504" lon="138.2440172">
        <ele>795.6259521348934</ele>
      </trkpt>
      <trkpt lat="36.8884347" lon="138.2440241">
        <ele>796.0870366768715</ele>
      </trkpt>
      <trkpt lat="36.888418" lon="138.2440266">
        <ele>796.5541512069399</ele>
      </trkpt>
      <trkpt lat="36.8884014" lon="138.2440291">
        <ele>797.013396765478</ele>
      </trkpt>
      <trkpt lat="36.8883852" lon="138.2440277">
        <ele>797.4300173178784</ele>
      </trkpt>
      <trkpt lat="36.8883691" lon="138.2440263">
        <ele>797.8440157058654</ele>
      </trkpt>
      <trkpt lat="36.8883549" lon="138.2440226">
        <ele>798.1947961359293</ele>
      </trkpt>
      <trkpt lat="36.8883408" lon="138.2440189">
        <ele>798.5429544227209</ele>
      </trkpt>
      <trkpt lat="36.8883275" lon="138.244016">
        <ele>798.8839072147034</ele>
      </trkpt>
      <trkpt lat="36.8883143" lon="138.2440132">
        <ele>799.2226272386674</ele>
      </trkpt>
      <trkpt lat="36.888301" lon="138.2440139">
        <ele>799.5854515125117</ele>
      </trkpt>
      <trkpt lat="36.8882877" lon="138.2440146">
        <ele>799.9485917392635</ele>
      </trkpt>
      <trkpt lat="36.8882747" lon="138.2440204">
        <ele>800.3392649379629</ele>
      </trkpt>
      <trkpt lat="36.8882618" lon="138.2440263">
        <ele>800.7136618434291</ele>
      </trkpt>
      <trkpt lat="36.8882503" lon="138.2440382">
        <ele>801.083438900585</ele>
      </trkpt>
      <trkpt lat="36.8882389" lon="138.2440501">
        <ele>801.4460831150004</ele>
      </trkpt>
      <trkpt lat="36.8882292" lon="138.2440665">
        <ele>801.7814472317724</ele>
      </trkpt>
      <trkpt lat="36.8882196" lon="138.2440829">
        <ele>802.1114437071298</ele>
      </trkpt>
      <trkpt lat="36.8882119" lon="138.2441008">
        <ele>802.4068476573708</ele>
      </trkpt>
      <trkpt lat="36.8882043" lon="138.2441188">
        <ele>802.704927232689</ele>
      </trkpt>
      <trkpt lat="36.8881972" lon="138.244136">
        <ele>802.9766748507284</ele>
      </trkpt>
      <trkpt lat="36.8881902" lon="138.2441532">
        <ele>803.2292054893933</ele>
      </trkpt>
      <trkpt lat="36.8881825" lon="138.2441686">
        <ele>803.4869573034273</ele>
      </trkpt>
      <trkpt lat="36.8881749" lon="138.2441841">
        <ele>803.7468452298658</ele>
      </trkpt>
      <trkpt lat="36.8881656" lon="138.2441978">
        <ele>804.0424969415144</ele>
      </trkpt>
      <trkpt lat="36.8881564" lon="138.2442115">
        <ele>804.3400256113897</ele>
      </trkpt>
      <trkpt lat="36.8881453" lon="138.2442221">
        <ele>804.6713466401812</ele>
      </trkpt>
      <trkpt lat="36.8881343" lon="138.2442327">
        <ele>804.9991872465007</ele>
      </trkpt>
      <trkpt lat="36.8881225" lon="138.2442382">
        <ele>805.302909696079</ele>
      </trkpt>
      <trkpt lat="36.8881107" lon="138.2442437">
        <ele>805.6076608033237</ele>
      </trkpt>
      <trkpt lat="36.8880983" lon="138.2442446">
        <ele>805.9046295335022</ele>
      </trkpt>
      <trkpt lat="36.8880859" lon="138.2442455">
        <ele>806.2019770278795</ele>
      </trkpt>
      <trkpt lat="36.8880724" lon="138.2442438">
        <ele>806.5108671170702</ele>
      </trkpt>
      <trkpt lat="36.888059" lon="138.2442421">
        <ele>806.8223713321837</ele>
      </trkpt>
      <trkpt lat="36.8880447" lon="138.2442397">
        <ele>807.1599994426522</ele>
      </trkpt>
      <trkpt lat="36.8880304" lon="138.2442373">
        <ele>807.4987924324189</ele>
      </trkpt>
      <trkpt lat="36.8880161" lon="138.2442355">
        <ele>807.8417496087295</ele>
      </trkpt>
      <trkpt lat="36.8880019" lon="138.2442337">
        <ele>808.1831130941664</ele>
      </trkpt>
      <trkpt lat="36.8879882" lon="138.2442348">
        <ele>808.5162662387282</ele>
      </trkpt>
      <trkpt lat="36.8879746" lon="138.2442359">
        <ele>808.8402587865728</ele>
      </trkpt>
      <trkpt lat="36.8879625" lon="138.2442427">
        <ele>809.1593980362794</ele>
      </trkpt>
      <trkpt lat="36.8879505" lon="138.2442495">
        <ele>809.4789635243201</ele>
      </trkpt>
      <trkpt lat="36.8879402" lon="138.2442616">
        <ele>809.7906034249952</ele>
      </trkpt>
      <trkpt lat="36.8879299" lon="138.2442737">
        <ele>810.1064736787293</ele>
      </trkpt>
      <trkpt lat="36.8879201" lon="138.2442884">
        <ele>810.4148132223476</ele>
      </trkpt>
      <trkpt lat="36.8879103" lon="138.2443032">
        <ele>810.715132444902</ele>
      </trkpt>
      <trkpt lat="36.8879009" lon="138.2443184">
        <ele>811.0028617278628</ele>
      </trkpt>
      <trkpt lat="36.8878916" lon="138.2443336">
        <ele>811.2868350282716</ele>
      </trkpt>
      <trkpt lat="36.8878821" lon="138.2443484">
        <ele>811.577921739111</ele>
      </trkpt>
      <trkpt lat="36.8878726" lon="138.2443633">
        <ele>811.874340104133</ele>
      </trkpt>
      <trkpt lat="36.8878631" lon="138.2443774">
        <ele>812.1709604089349</ele>
      </trkpt>
      <trkpt lat="36.8878537" lon="138.2443915">
        <ele>812.4562766375593</ele>
      </trkpt>
      <trkpt lat="36.887844" lon="138.2444045">
        <ele>812.7290804904434</ele>
      </trkpt>
      <trkpt lat="36.8878344" lon="138.2444175">
        <ele>813.0005911553293</ele>
      </trkpt>
      <trkpt lat="36.8878237" lon="138.2444296">
        <ele>813.2892920563011</ele>
      </trkpt>
      <trkpt lat="36.887813" lon="138.2444418">
        <ele>813.5785754696944</ele>
      </trkpt>
      <trkpt lat="36.8878013" lon="138.2444535">
        <ele>813.8853398989431</ele>
      </trkpt>
      <trkpt lat="36.8877896" lon="138.2444652">
        <ele>814.1903287225414</ele>
      </trkpt>
      <trkpt lat="36.8877768" lon="138.2444768">
        <ele>814.4816522287679</ele>
      </trkpt>
      <trkpt lat="36.887764" lon="138.2444884">
        <ele>814.7818707590931</ele>
      </trkpt>
      <trkpt lat="36.8877515" lon="138.2444996">
        <ele>815.1047667530371</ele>
      </trkpt>
      <trkpt lat="36.887739" lon="138.2445108">
        <ele>815.4276627112185</ele>
      </trkpt>
      <trkpt lat="36.8877268" lon="138.2445218">
        <ele>815.7434503941802</ele>
      </trkpt>
      <trkpt lat="36.8877147" lon="138.2445328">
        <ele>816.0365629467409</ele>
      </trkpt>
      <trkpt lat="36.8877018" lon="138.2445436">
        <ele>816.3161313490281</ele>
      </trkpt>
      <trkpt lat="36.8876889" lon="138.2445545">
        <ele>816.587062922036</ele>
      </trkpt>
      <trkpt lat="36.8876752" lon="138.2445647">
        <ele>816.8536848611684</ele>
      </trkpt>
      <trkpt lat="36.8876615" lon="138.244575">
        <ele>817.1187880856177</ele>
      </trkpt>
      <trkpt lat="36.8876475" lon="138.2445843">
        <ele>817.3783291758203</ele>
      </trkpt>
      <trkpt lat="36.8876335" lon="138.2445936">
        <ele>817.6160388205869</ele>
      </trkpt>
      <trkpt lat="36.8876186" lon="138.2446012">
        <ele>817.8405790052554</ele>
      </trkpt>
      <trkpt lat="36.8876037" lon="138.2446089">
        <ele>818.0581966773814</ele>
      </trkpt>
      <trkpt lat="36.8875877" lon="138.2446152">
        <ele>818.2692175647777</ele>
      </trkpt>
      <trkpt lat="36.8875718" lon="138.2446216">
        <ele>818.4578609715218</ele>
      </trkpt>
      <trkpt lat="36.8875557" lon="138.2446272">
        <ele>818.6377243029423</ele>
      </trkpt>
      <trkpt lat="36.8875397" lon="138.2446328">
        <ele>818.8167135890578</ele>
      </trkpt>
      <trkpt lat="36.8875234" lon="138.2446392">
        <ele>819.003917296604</ele>
      </trkpt>
      <trkpt lat="36.8875071" lon="138.2446456">
        <ele>819.1911209736958</ele>
      </trkpt>
      <trkpt lat="36.8874908" lon="138.2446535">
        <ele>819.3888103803629</ele>
      </trkpt>
      <trkpt lat="36.8874746" lon="138.2446615">
        <ele>819.5863247925892</ele>
      </trkpt>
      <trkpt lat="36.8874588" lon="138.2446704">
        <ele>819.7866345737141</ele>
      </trkpt>
      <trkpt lat="36.8874431" lon="138.2446794">
        <ele>819.9882053258821</ele>
      </trkpt>
      <trkpt lat="36.8874282" lon="138.2446885">
        <ele>820.190479200691</ele>
      </trkpt>
      <trkpt lat="36.8874133" lon="138.2446977">
        <ele>820.3981116134511</ele>
      </trkpt>
      <trkpt lat="36.8873989" lon="138.2447075">
        <ele>820.6102915856611</ele>
      </trkpt>
      <trkpt lat="36.8873845" lon="138.2447174">
        <ele>820.8280666799182</ele>
      </trkpt>
      <trkpt lat="36.8873695" lon="138.2447272">
        <ele>821.0429604438715</ele>
      </trkpt>
      <trkpt lat="36.8873546" lon="138.244737">
        <ele>821.2529746976948</ele>
      </trkpt>
      <trkpt lat="36.8873397" lon="138.2447465">
        <ele>821.4653020292204</ele>
      </trkpt>
      <trkpt lat="36.8873248" lon="138.244756">
        <ele>821.6824340089897</ele>
      </trkpt>
      <trkpt lat="36.8873101" lon="138.2447649">
        <ele>821.8969594028725</ele>
      </trkpt>
      <trkpt lat="36.8872955" lon="138.2447738">
        <ele>822.135639215039</ele>
      </trkpt>
      <trkpt lat="36.8872796" lon="138.244781">
        <ele>822.3767692987138</ele>
      </trkpt>
      <trkpt lat="36.8872637" lon="138.2447882">
        <ele>822.6217851721105</ele>
      </trkpt>
      <trkpt lat="36.887246" lon="138.2447935">
        <ele>822.8708688905667</ele>
      </trkpt>
      <trkpt lat="36.8872284" lon="138.2447989">
        <ele>823.1047099615058</ele>
      </trkpt>
      <trkpt lat="36.8872089" lon="138.2448004">
        <ele>823.3100735598653</ele>
      </trkpt>
      <trkpt lat="36.8871894" lon="138.244802">
        <ele>823.517566131799</ele>
      </trkpt>
      <trkpt lat="36.8871691" lon="138.2447989">
        <ele>823.6772272482133</ele>
      </trkpt>
      <trkpt lat="36.8871489" lon="138.2447959">
        <ele>823.8250998194155</ele>
      </trkpt>
      <trkpt lat="36.8871281" lon="138.2447894">
        <ele>823.9282002891</ele>
      </trkpt>
      <trkpt lat="36.8871074" lon="138.2447829">
        <ele>824.0212598706623</ele>
      </trkpt>
      <trkpt lat="36.8870871" lon="138.2447748">
        <ele>824.0850179032427</ele>
      </trkpt>
      <trkpt lat="36.8870668" lon="138.2447668">
        <ele>824.150593809877</ele>
      </trkpt>
      <trkpt lat="36.8870475" lon="138.2447599">
        <ele>824.2228086879948</ele>
      </trkpt>
      <trkpt lat="36.8870283" lon="138.2447531">
        <ele>824.2977896291945</ele>
      </trkpt>
      <trkpt lat="36.8870096" lon="138.2447472">
        <ele>824.3798306043767</ele>
      </trkpt>
      <trkpt lat="36.8869909" lon="138.2447414">
        <ele>824.4528522003036</ele>
      </trkpt>
      <trkpt lat="36.8869719" lon="138.2447354">
        <ele>824.513986069572</ele>
      </trkpt>
      <trkpt lat="36.8869529" lon="138.2447294">
        <ele>824.5909496932438</ele>
      </trkpt>
      <trkpt lat="36.8869337" lon="138.2447231">
        <ele>824.6685835364822</ele>
      </trkpt>
      <trkpt lat="36.8869146" lon="138.2447169">
        <ele>824.7429725308805</ele>
      </trkpt>
      <trkpt lat="36.8868947" lon="138.2447118">
        <ele>824.8493889301303</ele>
      </trkpt>
      <trkpt lat="36.8868749" lon="138.2447068">
        <ele>824.9994622671294</ele>
      </trkpt>
      <trkpt lat="36.8868546" lon="138.244704">
        <ele>825.1984741432908</ele>
      </trkpt>
      <trkpt lat="36.8868343" lon="138.2447012">
        <ele>825.3994152779295</ele>
      </trkpt>
      <trkpt lat="36.886814" lon="138.2447005">
        <ele>825.660478869879</ele>
      </trkpt>
      <trkpt lat="36.8867937" lon="138.2446999">
        <ele>825.9312507002554</ele>
      </trkpt>
      <trkpt lat="36.8867736" lon="138.2447009">
        <ele>826.2261186315638</ele>
      </trkpt>
      <trkpt lat="36.8867535" lon="138.2447019">
        <ele>826.5406264149533</ele>
      </trkpt>
      <trkpt lat="36.8867335" lon="138.2447041">
        <ele>826.910041149797</ele>
      </trkpt>
      <trkpt lat="36.8867136" lon="138.2447064">
        <ele>827.2778486485746</ele>
      </trkpt>
      <trkpt lat="36.8866938" lon="138.2447096">
        <ele>827.6561029820125</ele>
      </trkpt>
      <trkpt lat="36.8866741" lon="138.2447128">
        <ele>828.0563736005406</ele>
      </trkpt>
      <trkpt lat="36.8866544" lon="138.2447155">
        <ele>828.4501242274282</ele>
      </trkpt>
      <trkpt lat="36.8866348" lon="138.2447183">
        <ele>828.8416964736263</ele>
      </trkpt>
      <trkpt lat="36.8866153" lon="138.2447192">
        <ele>829.2097660251296</ele>
      </trkpt>
      <trkpt lat="36.8865959" lon="138.2447201">
        <ele>829.5840639281591</ele>
      </trkpt>
      <trkpt lat="36.8865772" lon="138.2447192">
        <ele>829.9225990416912</ele>
      </trkpt>
      <trkpt lat="36.8865585" lon="138.2447184">
        <ele>830.2639166541912</ele>
      </trkpt>
      <trkpt lat="36.8865413" lon="138.244717">
        <ele>830.560854707503</ele>
      </trkpt>
      <trkpt lat="36.8865242" lon="138.2447157">
        <ele>830.8544478509386</ele>
      </trkpt>
      <trkpt lat="36.8865077" lon="138.2447142">
        <ele>831.1360744641746</ele>
      </trkpt>
      <trkpt lat="36.8864913" lon="138.2447128">
        <ele>831.4176823514953</ele>
      </trkpt>
      <trkpt lat="36.8864747" lon="138.2447119">
        <ele>831.7142049062356</ele>
      </trkpt>
      <trkpt lat="36.8864581" lon="138.244711">
        <ele>832.0145528113492</ele>
      </trkpt>
      <trkpt lat="36.8864409" lon="138.2447118">
        <ele>832.3403298146826</ele>
      </trkpt>
      <trkpt lat="36.8864238" lon="138.2447127">
        <ele>832.6640416262237</ele>
      </trkpt>
      <trkpt lat="36.8864063" lon="138.2447157">
        <ele>832.971041771534</ele>
      </trkpt>
      <trkpt lat="36.8863889" lon="138.2447188">
        <ele>833.2528468880372</ele>
      </trkpt>
      <trkpt lat="36.8863711" lon="138.2447245">
        <ele>833.5549332355727</ele>
      </trkpt>
      <trkpt lat="36.8863534" lon="138.2447303">
        <ele>833.8526874220416</ele>
      </trkpt>
      <trkpt lat="36.8863356" lon="138.2447386">
        <ele>834.1613932636101</ele>
      </trkpt>
      <trkpt lat="36.8863179" lon="138.244747">
        <ele>834.4724130600225</ele>
      </trkpt>
      <trkpt lat="36.8863002" lon="138.2447567">
        <ele>834.798051306978</ele>
      </trkpt>
      <trkpt lat="36.8862825" lon="138.2447664">
        <ele>835.1236894940957</ele>
      </trkpt>
      <trkpt lat="36.886265" lon="138.2447763">
        <ele>835.3909244975457</ele>
      </trkpt>
      <trkpt lat="36.8862476" lon="138.2447863">
        <ele>835.6534692867624</ele>
      </trkpt>
      <trkpt lat="36.8862304" lon="138.2447952">
        <ele>835.9110868329544</ele>
      </trkpt>
      <trkpt lat="36.8862132" lon="138.2448041">
        <ele>836.173900300477</ele>
      </trkpt>
      <trkpt lat="36.8861954" lon="138.244811">
        <ele>836.4367853595886</ele>
      </trkpt>
      <trkpt lat="36.8861777" lon="138.244818">
        <ele>836.7001384322075</ele>
      </trkpt>
      <trkpt lat="36.8861591" lon="138.2448215">
        <ele>836.9454348810025</ele>
      </trkpt>
      <trkpt lat="36.8861405" lon="138.2448251">
        <ele>837.1915468361236</ele>
      </trkpt>
      <trkpt lat="36.8861223" lon="138.2448241">
        <ele>837.3954816914168</ele>
      </trkpt>
      <trkpt lat="36.8861042" lon="138.2448231">
        <ele>837.5982511645186</ele>
      </trkpt>
      <trkpt lat="36.8860866" lon="138.2448179">
        <ele>837.760940447869</ele>
      </trkpt>
      <trkpt lat="36.886069" lon="138.2448127">
        <ele>837.9236296839083</ele>
      </trkpt>
      <trkpt lat="36.8860521" lon="138.2448034">
        <ele>838.0447236325131</ele>
      </trkpt>
      <trkpt lat="36.8860353" lon="138.2447941">
        <ele>838.1646522071219</ele>
      </trkpt>
      <trkpt lat="36.8860188" lon="138.2447816">
        <ele>838.2549868556678</ele>
      </trkpt>
      <trkpt lat="36.8860024" lon="138.2447691">
        <ele>838.342876206455</ele>
      </trkpt>
      <trkpt lat="36.8859856" lon="138.2447556">
        <ele>838.4257286154698</ele>
      </trkpt>
      <trkpt lat="36.8859689" lon="138.2447421">
        <ele>838.5150226952512</ele>
      </trkpt>
      <trkpt lat="36.8859515" lon="138.2447295">
        <ele>838.6178307282732</ele>
      </trkpt>
      <trkpt lat="36.8859342" lon="138.244717">
        <ele>838.7151128491882</ele>
      </trkpt>
      <trkpt lat="36.885916" lon="138.2447064">
        <ele>838.8526114863115</ele>
      </trkpt>
      <trkpt lat="36.8858978" lon="138.2446958">
        <ele>838.9966582888825</ele>
      </trkpt>
      <trkpt lat="36.8858789" lon="138.2446861">
        <ele>839.1625588495136</ele>
      </trkpt>
      <trkpt lat="36.8858601" lon="138.2446764">
        <ele>839.3243952054536</ele>
      </trkpt>
      <trkpt lat="36.8858409" lon="138.2446665">
        <ele>839.4789321340627</ele>
      </trkpt>
      <trkpt lat="36.8858218" lon="138.2446567">
        <ele>839.632362157549</ele>
      </trkpt>
      <trkpt lat="36.8858028" lon="138.2446459">
        <ele>839.7660578924249</ele>
      </trkpt>
      <trkpt lat="36.8857838" lon="138.2446352">
        <ele>839.893630546489</ele>
      </trkpt>
      <trkpt lat="36.8857649" lon="138.2446234">
        <ele>840.0035785216078</ele>
      </trkpt>
      <trkpt lat="36.8857461" lon="138.2446116">
        <ele>840.1048691676721</ele>
      </trkpt>
      <trkpt lat="36.8857281" lon="138.2445989">
        <ele>840.1816622061627</ele>
      </trkpt>
      <trkpt lat="36.8857101" lon="138.2445862">
        <ele>840.2506959261249</ele>
      </trkpt>
      <trkpt lat="36.8856928" lon="138.2445734">
        <ele>840.3038147240109</ele>
      </trkpt>
      <trkpt lat="36.8856756" lon="138.2445607">
        <ele>840.3263644715062</ele>
      </trkpt>
      <trkpt lat="36.8856579" lon="138.2445505">
        <ele>840.375662327535</ele>
      </trkpt>
      <trkpt lat="36.8856402" lon="138.2445404">
        <ele>840.4423699011295</ele>
      </trkpt>
      <trkpt lat="36.8856216" lon="138.2445339">
        <ele>840.5614756795212</ele>
      </trkpt>
      <trkpt lat="36.8856031" lon="138.2445274">
        <ele>840.6753875906936</ele>
      </trkpt>
      <trkpt lat="36.8855851" lon="138.2445238">
        <ele>840.8086474575946</ele>
      </trkpt>
      <trkpt lat="36.8855672" lon="138.2445202">
        <ele>840.9246852427385</ele>
      </trkpt>
      <trkpt lat="36.8855527" lon="138.2445185">
        <ele>841.0349231216928</ele>
      </trkpt>
      <trkpt lat="36.8855382" lon="138.2445168">
        <ele>841.144324292884</ele>
      </trkpt>
      <trkpt lat="36.885513" lon="138.2445179">
        <ele>841.4161846690533</ele>
      </trkpt>
      <trkpt lat="36.8855042" lon="138.2445184">
        <ele>841.5213456974727</ele>
      </trkpt>
      <trkpt lat="36.8854955" lon="138.2445189">
        <ele>841.6252481265058</ele>
      </trkpt>
      <trkpt lat="36.8854885" lon="138.2445184">
        <ele>841.6956297820051</ele>
      </trkpt>
      <trkpt lat="36.8854816" lon="138.2445179">
        <ele>841.7650192911715</ele>
      </trkpt>
      <trkpt lat="36.885474" lon="138.2445168">
        <ele>841.8337377859373</ele>
      </trkpt>
      <trkpt lat="36.8854665" lon="138.2445157">
        <ele>841.9016253588377</ele>
      </trkpt>
      <trkpt lat="36.8854582" lon="138.2445136">
        <ele>841.9647090432122</ele>
      </trkpt>
      <trkpt lat="36.8854499" lon="138.2445115">
        <ele>842.0283843340751</ele>
      </trkpt>
      <trkpt lat="36.8854415" lon="138.2445089">
        <ele>842.0869101988346</ele>
      </trkpt>
      <trkpt lat="36.8854332" lon="138.2445063">
        <ele>842.1450467317685</ele>
      </trkpt>
      <trkpt lat="36.8854247" lon="138.2445043">
        <ele>842.2142544112162</ele>
      </trkpt>
      <trkpt lat="36.8854162" lon="138.2445023">
        <ele>842.2840391015201</ele>
      </trkpt>
      <trkpt lat="36.8854073" lon="138.2445005">
        <ele>842.3615945036213</ele>
      </trkpt>
      <trkpt lat="36.8853985" lon="138.2444988">
        <ele>842.4398504331156</ele>
      </trkpt>
      <trkpt lat="36.8853896" lon="138.2444969">
        <ele>842.5171899691042</ele>
      </trkpt>
      <trkpt lat="36.8853807" lon="138.2444951">
        <ele>842.5953105196762</ele>
      </trkpt>
      <trkpt lat="36.8853712" lon="138.2444934">
        <ele>842.6821869747067</ele>
      </trkpt>
      <trkpt lat="36.8853618" lon="138.2444918">
        <ele>842.7702087191915</ele>
      </trkpt>
      <trkpt lat="36.8853516" lon="138.2444913">
        <ele>842.8812140750689</ele>
      </trkpt>
      <trkpt lat="36.8853414" lon="138.2444909">
        <ele>842.9936908298631</ele>
      </trkpt>
      <trkpt lat="36.8853311" lon="138.2444909">
        <ele>843.1119550581656</ele>
      </trkpt>
      <trkpt lat="36.8853209" lon="138.2444909">
        <ele>843.2290710744841</ele>
      </trkpt>
      <trkpt lat="36.8853118" lon="138.2444902">
        <ele>843.3161512648574</ele>
      </trkpt>
      <trkpt lat="36.8853028" lon="138.2444896">
        <ele>843.4006277869927</ele>
      </trkpt>
      <trkpt lat="36.885294" lon="138.2444877">
        <ele>843.4709168212939</ele>
      </trkpt>
      <trkpt lat="36.8852853" lon="138.2444858">
        <ele>843.5413210372524</ele>
      </trkpt>
      <trkpt lat="36.8852755" lon="138.2444835">
        <ele>843.62053048506</ele>
      </trkpt>
      <trkpt lat="36.8852657" lon="138.2444812">
        <ele>843.7012700417635</ele>
      </trkpt>
      <trkpt lat="36.8852548" lon="138.2444793">
        <ele>843.7983406245119</ele>
      </trkpt>
      <trkpt lat="36.8852439" lon="138.2444775">
        <ele>843.8976113476396</ele>
      </trkpt>
      <trkpt lat="36.8852323" lon="138.2444748">
        <ele>843.9987987945141</ele>
      </trkpt>
      <trkpt lat="36.8852208" lon="138.2444721">
        <ele>844.1010460302675</ele>
      </trkpt>
      <trkpt lat="36.8852099" lon="138.2444682">
        <ele>844.1908017165845</ele>
      </trkpt>
      <trkpt lat="36.885199" lon="138.2444643">
        <ele>844.2834431646426</ele>
      </trkpt>
      <trkpt lat="36.8851894" lon="138.2444599">
        <ele>844.3615452872737</ele>
      </trkpt>
      <trkpt lat="36.8851799" lon="138.2444555">
        <ele>844.4383357180232</ele>
      </trkpt>
      <trkpt lat="36.8851704" lon="138.2444508">
        <ele>844.5032720451592</ele>
      </trkpt>
      <trkpt lat="36.8851609" lon="138.2444462">
        <ele>844.5747130026273</ele>
      </trkpt>
      <trkpt lat="36.8851513" lon="138.2444415">
        <ele>844.6527384420791</ele>
      </trkpt>
      <trkpt lat="36.8851418" lon="138.2444369">
        <ele>844.7361413299843</ele>
      </trkpt>
      <trkpt lat="36.8851316" lon="138.244433">
        <ele>844.8348259638957</ele>
      </trkpt>
      <trkpt lat="36.8851214" lon="138.2444291">
        <ele>844.9389114838348</ele>
      </trkpt>
      <trkpt lat="36.8851105" lon="138.2444252">
        <ele>845.0525078903569</ele>
      </trkpt>
      <trkpt lat="36.8850997" lon="138.2444213">
        <ele>845.154343918388</ele>
      </trkpt>
      <trkpt lat="36.8850886" lon="138.2444162">
        <ele>845.2596762852387</ele>
      </trkpt>
      <trkpt lat="36.8850775" lon="138.2444111">
        <ele>845.3669301095831</ele>
      </trkpt>
      <trkpt lat="36.8850669" lon="138.2444049">
        <ele>845.4706344712085</ele>
      </trkpt>
      <trkpt lat="36.8850563" lon="138.2443987">
        <ele>845.5760265305906</ele>
      </trkpt>
      <trkpt lat="36.885047" lon="138.2443917">
        <ele>845.6704909383243</ele>
      </trkpt>
      <trkpt lat="36.8850377" lon="138.2443848">
        <ele>845.7569966585382</ele>
      </trkpt>
      <trkpt lat="36.8850291" lon="138.2443778">
        <ele>845.8321594996386</ele>
      </trkpt>
      <trkpt lat="36.8850206" lon="138.2443708">
        <ele>845.9064483457254</ele>
      </trkpt>
      <trkpt lat="36.8850123" lon="138.2443644">
        <ele>845.9789892111447</ele>
      </trkpt>
      <trkpt lat="36.8850041" lon="138.244358">
        <ele>846.0506560823889</ele>
      </trkpt>
      <trkpt lat="36.8849953" lon="138.2443523">
        <ele>846.1275668625265</ele>
      </trkpt>
      <trkpt lat="36.8849865" lon="138.2443467">
        <ele>846.2044776338629</ele>
      </trkpt>
      <trkpt lat="36.8849768" lon="138.2443417">
        <ele>846.2892542692377</ele>
      </trkpt>
      <trkpt lat="36.8849671" lon="138.2443368">
        <ele>846.3707811573996</ele>
      </trkpt>
      <trkpt lat="36.8849569" lon="138.2443322">
        <ele>846.4574719829823</ele>
      </trkpt>
      <trkpt lat="36.8849467" lon="138.2443276">
        <ele>846.5457553668049</ele>
      </trkpt>
      <trkpt lat="36.8849365" lon="138.2443237">
        <ele>846.6351671596344</ele>
      </trkpt>
      <trkpt lat="36.8849264" lon="138.2443199">
        <ele>846.7249812440153</ele>
      </trkpt>
      <trkpt lat="36.8849166" lon="138.2443166">
        <ele>846.8129853715891</ele>
      </trkpt>
      <trkpt lat="36.8849068" lon="138.2443133">
        <ele>846.8984395193881</ele>
      </trkpt>
      <trkpt lat="36.8848973" lon="138.2443101">
        <ele>846.932497267403</ele>
      </trkpt>
      <trkpt lat="36.8848879" lon="138.244307">
        <ele>846.9663510346797</ele>
      </trkpt>
      <trkpt lat="36.8848787" lon="138.2443044">
        <ele>847.0004958966524</ele>
      </trkpt>
      <trkpt lat="36.8848696" lon="138.2443019">
        <ele>847.034436778376</ele>
      </trkpt>
      <trkpt lat="36.8848604" lon="138.2442999">
        <ele>847.0699797318791</ele>
      </trkpt>
      <trkpt lat="36.8848513" lon="138.2442979">
        <ele>847.1050856885508</ele>
      </trkpt>
      <trkpt lat="36.8848422" lon="138.2442959">
        <ele>847.1401916403795</ele>
      </trkpt>
      <trkpt lat="36.8848332" lon="138.2442939">
        <ele>847.1878806151353</ele>
      </trkpt>
      <trkpt lat="36.8848244" lon="138.2442919">
        <ele>847.2438109495129</ele>
      </trkpt>
      <trkpt lat="36.8848156" lon="138.2442899">
        <ele>847.2991438943952</ele>
      </trkpt>
      <trkpt lat="36.884807" lon="138.2442879">
        <ele>847.3525120567584</ele>
      </trkpt>
      <trkpt lat="36.8847985" lon="138.2442859">
        <ele>847.4046161049</ele>
      </trkpt>
      <trkpt lat="36.8847901" lon="138.244284">
        <ele>847.455780985665</ele>
      </trkpt>
      <trkpt lat="36.8847818" lon="138.2442821">
        <ele>847.5057302900193</ele>
      </trkpt>
      <trkpt lat="36.8847736" lon="138.2442799">
        <ele>847.5534453935337</ele>
      </trkpt>
      <trkpt lat="36.8847654" lon="138.2442777">
        <ele>847.6093030371247</ele>
      </trkpt>
      <trkpt lat="36.8847575" lon="138.2442751">
        <ele>847.6692600679129</ele>
      </trkpt>
      <trkpt lat="36.8847496" lon="138.2442726">
        <ele>847.7295666169384</ele>
      </trkpt>
      <trkpt lat="36.8847413" lon="138.2442699">
        <ele>847.7926700408113</ele>
      </trkpt>
      <trkpt lat="36.884733" lon="138.2442672">
        <ele>847.8557734567215</ele>
      </trkpt>
      <trkpt lat="36.8847242" lon="138.2442637">
        <ele>847.9204505770474</ele>
      </trkpt>
      <trkpt lat="36.8847154" lon="138.2442603">
        <ele>847.9854772140743</ele>
      </trkpt>
      <trkpt lat="36.8847059" lon="138.2442569">
        <ele>848.0566217213407</ele>
      </trkpt>
      <trkpt lat="36.8846965" lon="138.2442535">
        <ele>848.1418081688478</ele>
      </trkpt>
      <trkpt lat="36.884687" lon="138.2442509">
        <ele>848.2468614360774</ele>
      </trkpt>
      <trkpt lat="36.8846776" lon="138.2442483">
        <ele>848.3498771733618</ele>
      </trkpt>
      <trkpt lat="36.8846682" lon="138.2442459">
        <ele>848.4528736174918</ele>
      </trkpt>
      <trkpt lat="36.8846589" lon="138.2442436">
        <ele>848.5543342308656</ele>
      </trkpt>
      <trkpt lat="36.8846498" lon="138.2442417">
        <ele>848.6544397170346</ele>
      </trkpt>
      <trkpt lat="36.8846407" lon="138.2442398">
        <ele>848.753958331391</ele>
      </trkpt>
      <trkpt lat="36.8846317" lon="138.2442381">
        <ele>848.853436602141</ele>
      </trkpt>
      <trkpt lat="36.8846228" lon="138.2442365">
        <ele>848.9626566418224</ele>
      </trkpt>
      <trkpt lat="36.8846142" lon="138.2442341">
        <ele>849.0642154800715</ele>
      </trkpt>
      <trkpt lat="36.8846056" lon="138.2442317">
        <ele>849.1657743055848</ele>
      </trkpt>
      <trkpt lat="36.8845968" lon="138.2442291">
        <ele>849.2690229956536</ele>
      </trkpt>
      <trkpt lat="36.884588" lon="138.2442265">
        <ele>849.3657598857311</ele>
      </trkpt>
      <trkpt lat="36.8845782" lon="138.2442239">
        <ele>849.4730306101272</ele>
      </trkpt>
      <trkpt lat="36.8845685" lon="138.2442213">
        <ele>849.5789903459845</ele>
      </trkpt>
      <trkpt lat="36.8845582" lon="138.2442195">
        <ele>849.7072985549929</ele>
      </trkpt>
      <trkpt lat="36.884548" lon="138.2442178">
        <ele>849.8420108246623</ele>
      </trkpt>
      <trkpt lat="36.8845378" lon="138.2442165">
        <ele>849.9799853106035</ele>
      </trkpt>
      <trkpt lat="36.8845277" lon="138.2442152">
        <ele>850.1165031422402</ele>
      </trkpt>
      <trkpt lat="36.8845182" lon="138.2442137">
        <ele>850.2426500299485</ele>
      </trkpt>
      <trkpt lat="36.8845088" lon="138.2442122">
        <ele>850.3673402665188</ele>
      </trkpt>
      <trkpt lat="36.8844999" lon="138.2442051">
        <ele>850.4390760057611</ele>
      </trkpt>
      <trkpt lat="36.8844972" lon="138.2442005">
        <ele>850.4408894049009</ele>
      </trkpt>
      <trkpt lat="36.8844945" lon="138.2441959">
        <ele>850.4412111901682</ele>
      </trkpt>
      <trkpt lat="36.8844972" lon="138.2441928">
        <ele>850.3780913533647</ele>
      </trkpt>
      <trkpt lat="36.8844999" lon="138.2441897">
        <ele>850.3134799026889</ele>
      </trkpt>
      <trkpt lat="36.8845075" lon="138.2441879">
        <ele>850.1880956467246</ele>
      </trkpt>
      <trkpt lat="36.8845151" lon="138.2441861">
        <ele>850.0627113801431</ele>
      </trkpt>
      <trkpt lat="36.8845277" lon="138.2441861">
        <ele>849.8791754408277</ele>
      </trkpt>
      <trkpt lat="36.8845404" lon="138.2441861">
        <ele>849.6941828364044</ele>
      </trkpt>
      <trkpt lat="36.8845584" lon="138.2441881">
        <ele>849.4482997237243</ele>
      </trkpt>
      <trkpt lat="36.8845764" lon="138.2441902">
        <ele>849.2217846845282</ele>
      </trkpt>
      <trkpt lat="36.8846" lon="138.2441931">
        <ele>848.9360464732868</ele>
      </trkpt>
      <trkpt lat="36.8846237" lon="138.244196">
        <ele>848.6489971936688</ele>
      </trkpt>
      <trkpt lat="36.8846489" lon="138.2441996">
        <ele>848.3721508335796</ele>
      </trkpt>
      <trkpt lat="36.8846741" lon="138.2442032">
        <ele>848.1078529201452</ele>
      </trkpt>
      <trkpt lat="36.8846973" lon="138.2442075">
        <ele>847.8725700280633</ele>
      </trkpt>
      <trkpt lat="36.8847206" lon="138.2442118">
        <ele>847.6988399318512</ele>
      </trkpt>
      <trkpt lat="36.8847426" lon="138.2442169">
        <ele>847.5507376816065</ele>
      </trkpt>
      <trkpt lat="36.8847647" lon="138.244222">
        <ele>847.3979638847055</ele>
      </trkpt>
      <trkpt lat="36.8847862" lon="138.2442285">
        <ele>847.3038196877881</ele>
      </trkpt>
      <trkpt lat="36.8848078" lon="138.2442351">
        <ele>847.1967076634467</ele>
      </trkpt>
      <trkpt lat="36.8848288" lon="138.2442434">
        <ele>847.0926230071013</ele>
      </trkpt>
      <trkpt lat="36.8848498" lon="138.2442518">
        <ele>847.0042197860547</ele>
      </trkpt>
      <trkpt lat="36.8848705" lon="138.2442617">
        <ele>846.9368310581201</ele>
      </trkpt>
      <trkpt lat="36.8848912" lon="138.2442717">
        <ele>846.8696753224833</ele>
      </trkpt>
      <trkpt lat="36.8849114" lon="138.2442824">
        <ele>846.7867560369906</ele>
      </trkpt>
      <trkpt lat="36.8849316" lon="138.2442932">
        <ele>846.6353768418554</ele>
      </trkpt>
      <trkpt lat="36.8849508" lon="138.2443041">
        <ele>846.4929704728082</ele>
      </trkpt>
      <trkpt lat="36.88497" lon="138.244315">
        <ele>846.3486090828288</ele>
      </trkpt>
      <trkpt lat="36.8849892" lon="138.2443258">
        <ele>846.1808800117122</ele>
      </trkpt>
      <trkpt lat="36.8850084" lon="138.2443366">
        <ele>846.0130746753896</ele>
      </trkpt>
      <trkpt lat="36.8850281" lon="138.244346">
        <ele>845.8408993642786</ele>
      </trkpt>
      <trkpt lat="36.8850479" lon="138.2443554">
        <ele>845.6541341110928</ele>
      </trkpt>
      <trkpt lat="36.8850676" lon="138.2443646">
        <ele>845.4194553642119</ele>
      </trkpt>
      <trkpt lat="36.8850873" lon="138.2443739">
        <ele>845.2034509832629</ele>
      </trkpt>
      <trkpt lat="36.885106" lon="138.2443836">
        <ele>845.0184134981605</ele>
      </trkpt>
      <trkpt lat="36.8851247" lon="138.2443933">
        <ele>844.8200885466586</ele>
      </trkpt>
      <trkpt lat="36.885143" lon="138.244403">
        <ele>844.61458473147</ele>
      </trkpt>
      <trkpt lat="36.8851613" lon="138.2444128">
        <ele>844.4220068497119</ele>
      </trkpt>
      <trkpt lat="36.8851797" lon="138.2444219">
        <ele>844.2486288945531</ele>
      </trkpt>
      <trkpt lat="36.8851982" lon="138.2444311">
        <ele>844.0799888319134</ele>
      </trkpt>
      <trkpt lat="36.8852173" lon="138.2444387">
        <ele>843.9032396437314</ele>
      </trkpt>
      <trkpt lat="36.8852365" lon="138.2444464">
        <ele>843.7359597765376</ele>
      </trkpt>
      <trkpt lat="36.8852561" lon="138.2444526">
        <ele>843.5616710760341</ele>
      </trkpt>
      <trkpt lat="36.8852757" lon="138.2444588">
        <ele>843.3956316722536</ele>
      </trkpt>
      <trkpt lat="36.8852949" lon="138.2444637">
        <ele>843.2296275265624</ele>
      </trkpt>
      <trkpt lat="36.8853142" lon="138.2444686">
        <ele>843.0689317048437</ele>
      </trkpt>
      <trkpt lat="36.8853319" lon="138.2444723">
        <ele>842.8964716157884</ele>
      </trkpt>
      <trkpt lat="36.8853497" lon="138.244476">
        <ele>842.7213737786808</ele>
      </trkpt>
      <trkpt lat="36.8853674" lon="138.2444795">
        <ele>842.5515871114263</ele>
      </trkpt>
      <trkpt lat="36.8853852" lon="138.244483">
        <ele>842.3869287353608</ele>
      </trkpt>
      <trkpt lat="36.8854035" lon="138.2444863">
        <ele>842.2190842558146</ele>
      </trkpt>
      <trkpt lat="36.8854219" lon="138.2444897">
        <ele>842.0503646249867</ele>
      </trkpt>
      <trkpt lat="36.8854402" lon="138.2444911">
        <ele>841.8574999484799</ele>
      </trkpt>
      <trkpt lat="36.8854586" lon="138.2444925">
        <ele>841.6643507815633</ele>
      </trkpt>
      <trkpt lat="36.885473" lon="138.2444923">
        <ele>841.4953148593646</ele>
      </trkpt>
      <trkpt lat="36.8854875" lon="138.2444921">
        <ele>841.3250264278483</ele>
      </trkpt>
      <trkpt lat="36.885497" lon="138.2444918">
        <ele>841.2109252382222</ele>
      </trkpt>
      <trkpt lat="36.8855066" lon="138.2444915">
        <ele>841.0955715567792</ele>
      </trkpt>
      <trkpt lat="36.8855132" lon="138.2444914">
        <ele>841.0177975849673</ele>
      </trkpt>
      <trkpt lat="36.8855199" lon="138.2444914">
        <ele>840.9403514570361</ele>
      </trkpt>
      <trkpt lat="36.8855306" lon="138.2445002">
        <ele>840.9649544156174</ele>
      </trkpt>
      <trkpt lat="36.8855345" lon="138.2445049">
        <ele>841.0003303256976</ele>
      </trkpt>
      <trkpt lat="36.8855385" lon="138.2445096">
        <ele>841.0341697763914</ele>
      </trkpt>
      <trkpt lat="36.8855368" lon="138.2445118">
        <ele>841.0825852082601</ele>
      </trkpt>
      <trkpt lat="36.8855352" lon="138.244514">
        <ele>841.1302058275961</ele>
      </trkpt>
      <trkpt lat="36.8855296" lon="138.244515">
        <ele>841.1968884919162</ele>
      </trkpt>
      <trkpt lat="36.8855241" lon="138.244516">
        <ele>841.2641147128504</ele>
      </trkpt>
      <trkpt lat="36.8855165" lon="138.2445163">
        <ele>841.3532928031707</ele>
      </trkpt>
      <trkpt lat="36.8855089" lon="138.2445166">
        <ele>841.4423934968577</ele>
      </trkpt>
      <trkpt lat="36.8855004" lon="138.2445166">
        <ele>841.5370107925829</ele>
      </trkpt>
      <trkpt lat="36.8854919" lon="138.2445166">
        <ele>841.6316280776325</ele>
      </trkpt>
      <trkpt lat="36.8854826" lon="138.2445164">
        <ele>841.7322644450296</ele>
      </trkpt>
      <trkpt lat="36.8854734" lon="138.2445162">
        <ele>841.831850109386</ele>
      </trkpt>
      <trkpt lat="36.8854633" lon="138.2445152">
        <ele>841.930243464109</ele>
      </trkpt>
      <trkpt lat="36.8854533" lon="138.2445142">
        <ele>842.0278624056477</ele>
      </trkpt>
      <trkpt lat="36.885443" lon="138.2445132">
        <ele>842.1291774991428</ele>
      </trkpt>
      <trkpt lat="36.8854328" lon="138.2445122">
        <ele>842.2297215733831</ele>
      </trkpt>
      <trkpt lat="36.8854229" lon="138.2445116">
        <ele>842.3326117732265</ele>
      </trkpt>
      <trkpt lat="36.8854131" lon="138.244511">
        <ele>842.4345809286292</ele>
      </trkpt>
      <trkpt lat="36.8854027" lon="138.2445105">
        <ele>842.5447990749535</ele>
      </trkpt>
      <trkpt lat="36.8853924" lon="138.24451">
        <ele>842.65406936205</ele>
      </trkpt>
      <trkpt lat="36.8853814" lon="138.244509">
        <ele>842.7626479906038</ele>
      </trkpt>
      <trkpt lat="36.8853705" lon="138.244508">
        <ele>842.8688652176987</ele>
      </trkpt>
      <trkpt lat="36.8853592" lon="138.2445065">
        <ele>842.9742684735518</ele>
      </trkpt>
      <trkpt lat="36.8853479" lon="138.2445051">
        <ele>843.0819696225952</ele>
      </trkpt>
      <trkpt lat="36.8853364" lon="138.2445036">
        <ele>843.1918459614521</ele>
      </trkpt>
      <trkpt lat="36.8853249" lon="138.2445022">
        <ele>843.3039624902515</ele>
      </trkpt>
      <trkpt lat="36.8853135" lon="138.2444999">
        <ele>843.3990266056079</ele>
      </trkpt>
      <trkpt lat="36.8853021" lon="138.2444977">
        <ele>843.4880128686209</ele>
      </trkpt>
      <trkpt lat="36.885291" lon="138.2444942">
        <ele>843.5633371928718</ele>
      </trkpt>
      <trkpt lat="36.8852799" lon="138.2444908">
        <ele>843.6422152809156</ele>
      </trkpt>
      <trkpt lat="36.8852686" lon="138.2444871">
        <ele>843.7230498402453</ele>
      </trkpt>
      <trkpt lat="36.8852574" lon="138.2444834">
        <ele>843.8056946568528</ele>
      </trkpt>
      <trkpt lat="36.8852457" lon="138.2444788">
        <ele>843.8891519678779</ele>
      </trkpt>
      <trkpt lat="36.8852341" lon="138.2444742">
        <ele>843.975203602807</ele>
      </trkpt>
      <trkpt lat="36.8852223" lon="138.2444681">
        <ele>844.0562129782559</ele>
      </trkpt>
      <trkpt lat="36.8852105" lon="138.2444621">
        <ele>844.1427895715296</ele>
      </trkpt>
      <trkpt lat="36.8851996" lon="138.2444557">
        <ele>844.2215109441388</ele>
      </trkpt>
      <trkpt lat="36.8851888" lon="138.2444493">
        <ele>844.303824205776</ele>
      </trkpt>
      <trkpt lat="36.8851787" lon="138.2444438">
        <ele>844.3836332654851</ele>
      </trkpt>
      <trkpt lat="36.8851687" lon="138.2444384">
        <ele>844.4582579886104</ele>
      </trkpt>
      <trkpt lat="36.8851586" lon="138.2444332">
        <ele>844.5421552273074</ele>
      </trkpt>
      <trkpt lat="36.8851485" lon="138.244428">
        <ele>844.6331830552461</ele>
      </trkpt>
      <trkpt lat="36.8851383" lon="138.2444233">
        <ele>844.7339434564406</ele>
      </trkpt>
      <trkpt lat="36.8851281" lon="138.2444187">
        <ele>844.8414325015123</ele>
      </trkpt>
      <trkpt lat="36.8851174" lon="138.2444144">
        <ele>844.9618107039778</ele>
      </trkpt>
      <trkpt lat="36.8851067" lon="138.2444101">
        <ele>845.073620062502</ele>
      </trkpt>
      <trkpt lat="36.8850961" lon="138.2444047">
        <ele>845.1751362532502</ele>
      </trkpt>
      <trkpt lat="36.8850856" lon="138.2443994">
        <ele>845.2767676507804</ele>
      </trkpt>
      <trkpt lat="36.885075" lon="138.2443934">
        <ele>845.3757854566381</ele>
      </trkpt>
      <trkpt lat="36.8850645" lon="138.2443874">
        <ele>845.4801955091594</ele>
      </trkpt>
      <trkpt lat="36.8850536" lon="138.2443809">
        <ele>845.595239788757</ele>
      </trkpt>
      <trkpt lat="36.8850427" lon="138.2443745">
        <ele>845.7132973284934</ele>
      </trkpt>
      <trkpt lat="36.8850302" lon="138.2443677">
        <ele>845.822545648367</ele>
      </trkpt>
      <trkpt lat="36.8850178" lon="138.2443609">
        <ele>845.9309199638673</ele>
      </trkpt>
      <trkpt lat="36.8850021" lon="138.2443528">
        <ele>846.0681358059412</ele>
      </trkpt>
      <trkpt lat="36.8849864" lon="138.2443448">
        <ele>846.205351619796</ele>
      </trkpt>
      <trkpt lat="36.8849673" lon="138.2443353">
        <ele>846.3693204558531</ele>
      </trkpt>
      <trkpt lat="36.8849483" lon="138.2443259">
        <ele>846.5329224075455</ele>
      </trkpt>
      <trkpt lat="36.8849272" lon="138.244316">
        <ele>846.721268349958</ele>
      </trkpt>
      <trkpt lat="36.8849061" lon="138.2443062">
        <ele>846.8849542679744</ele>
      </trkpt>
      <trkpt lat="36.8848852" lon="138.2442969">
        <ele>846.9546151243626</ele>
      </trkpt>
      <trkpt lat="36.8848643" lon="138.2442876">
        <ele>847.0242759556517</ele>
      </trkpt>
      <trkpt lat="36.884844" lon="138.2442791">
        <ele>847.0931789438944</ele>
      </trkpt>
      <trkpt lat="36.8848237" lon="138.2442706">
        <ele>847.1937455108695</ele>
      </trkpt>
      <trkpt lat="36.8848038" lon="138.2442635">
        <ele>847.3032610615116</ele>
      </trkpt>
      <trkpt lat="36.884784" lon="138.2442565">
        <ele>847.4076757688985</ele>
      </trkpt>
      <trkpt lat="36.8847649" lon="138.2442509">
        <ele>847.5200001650969</ele>
      </trkpt>
      <trkpt lat="36.8847458" lon="138.2442453">
        <ele>847.6673575643459</ele>
      </trkpt>
      <trkpt lat="36.8847279" lon="138.2442406">
        <ele>847.8073728538125</ele>
      </trkpt>
      <trkpt lat="36.88471" lon="138.244236">
        <ele>847.9477376320402</ele>
      </trkpt>
      <trkpt lat="36.8846924" lon="138.2442325">
        <ele>848.1148817695492</ele>
      </trkpt>
      <trkpt lat="36.8846749" lon="138.244229">
        <ele>848.3062580013285</ele>
      </trkpt>
      <trkpt lat="36.8846571" lon="138.2442261">
        <ele>848.4927186142661</ele>
      </trkpt>
      <trkpt lat="36.8846394" lon="138.2442232">
        <ele>848.6753271793025</ele>
      </trkpt>
      <trkpt lat="36.8846221" lon="138.2442201">
        <ele>848.8665225036452</ele>
      </trkpt>
      <trkpt lat="36.8846049" lon="138.2442171">
        <ele>849.0675430131153</ele>
      </trkpt>
      <trkpt lat="36.8845878" lon="138.2442137">
        <ele>849.2639902637347</ele>
      </trkpt>
      <trkpt lat="36.8845707" lon="138.2442104">
        <ele>849.4612530225893</ele>
      </trkpt>
      <trkpt lat="36.8845528" lon="138.2442071">
        <ele>849.6848275199538</ele>
      </trkpt>
      <trkpt lat="36.884535" lon="138.2442039">
        <ele>849.9180106348364</ele>
      </trkpt>
      <trkpt lat="36.8845162" lon="138.2442008">
        <ele>850.1665755916392</ele>
      </trkpt>
      <trkpt lat="36.8844975" lon="138.2441978">
        <ele>850.4144994064239</ele>
      </trkpt>
      <trkpt lat="36.8844784" lon="138.2441947">
        <ele>850.6190389110711</ele>
      </trkpt>
      <trkpt lat="36.8844593" lon="138.2441916">
        <ele>850.8163301672791</ele>
      </trkpt>
      <trkpt lat="36.8844398" lon="138.2441887">
        <ele>851.019913711865</ele>
      </trkpt>
      <trkpt lat="36.8844204" lon="138.2441858">
        <ele>851.2222606158639</ele>
      </trkpt>
      <trkpt lat="36.8844006" lon="138.2441832">
        <ele>851.4338232175234</ele>
      </trkpt>
      <trkpt lat="36.8843809" lon="138.2441806">
        <ele>851.6476986668963</ele>
      </trkpt>
      <trkpt lat="36.8843608" lon="138.2441778">
        <ele>851.8686273414792</ele>
      </trkpt>
      <trkpt lat="36.8843408" lon="138.244175">
        <ele>852.0522322737181</ele>
      </trkpt>
      <trkpt lat="36.8843208" lon="138.2441717">
        <ele>852.2279835981315</ele>
      </trkpt>
      <trkpt lat="36.8843008" lon="138.2441685">
        <ele>852.4064610026735</ele>
      </trkpt>
      <trkpt lat="36.8842817" lon="138.2441655">
        <ele>852.5977550552452</ele>
      </trkpt>
      <trkpt lat="36.8842627" lon="138.2441626">
        <ele>852.821106394481</ele>
      </trkpt>
      <trkpt lat="36.8842443" lon="138.2441607">
        <ele>853.0438230837948</ele>
      </trkpt>
      <trkpt lat="36.8842259" lon="138.2441588">
        <ele>853.2689129367916</ele>
      </trkpt>
      <trkpt lat="36.884208" lon="138.2441581">
        <ele>853.4808403973475</ele>
      </trkpt>
      <trkpt lat="36.8841901" lon="138.2441574">
        <ele>853.6877984499566</ele>
      </trkpt>
      <trkpt lat="36.8841725" lon="138.2441566">
        <ele>853.8910275302834</ele>
      </trkpt>
      <trkpt lat="36.8841549" lon="138.2441558">
        <ele>854.0942565634851</ele>
      </trkpt>
      <trkpt lat="36.8841379" lon="138.2441548">
        <ele>854.324619540777</ele>
      </trkpt>
      <trkpt lat="36.884121" lon="138.2441538">
        <ele>854.5624662393652</ele>
      </trkpt>
      <trkpt lat="36.8841054" lon="138.2441531">
        <ele>854.7832040769372</ele>
      </trkpt>
      <trkpt lat="36.8840899" lon="138.2441525">
        <ele>855.0032830984279</ele>
      </trkpt>
      <trkpt lat="36.8840748" lon="138.2441527">
        <ele>855.2088404573037</ele>
      </trkpt>
      <trkpt lat="36.8840597" lon="138.2441529">
        <ele>855.4067959001292</ele>
      </trkpt>
      <trkpt lat="36.8840442" lon="138.2441533">
        <ele>855.6099951550366</ele>
      </trkpt>
      <trkpt lat="36.8840287" lon="138.2441537">
        <ele>855.8131943684538</ele>
      </trkpt>
      <trkpt lat="36.8840127" lon="138.2441544">
        <ele>856.0251456105169</ele>
      </trkpt>
      <trkpt lat="36.8839968" lon="138.2441552">
        <ele>856.2533069468195</ele>
      </trkpt>
      <trkpt lat="36.8839802" lon="138.244156">
        <ele>856.4910728739899</ele>
      </trkpt>
      <trkpt lat="36.8839637" lon="138.2441569">
        <ele>856.7268694636628</ele>
      </trkpt>
      <trkpt lat="36.8839465" lon="138.2441579">
        <ele>856.9720616387851</ele>
      </trkpt>
      <trkpt lat="36.8839294" lon="138.244159">
        <ele>857.128716272093</ele>
      </trkpt>
      <trkpt lat="36.8839119" lon="138.2441602">
        <ele>857.2858446675236</ele>
      </trkpt>
      <trkpt lat="36.8838945" lon="138.2441615">
        <ele>857.4427503600406</ele>
      </trkpt>
      <trkpt lat="36.8838772" lon="138.2441627">
        <ele>857.5995155005145</ele>
      </trkpt>
      <trkpt lat="36.8838599" lon="138.244164">
        <ele>857.738164352836</ele>
      </trkpt>
      <trkpt lat="36.8838424" lon="138.2441652">
        <ele>857.8769430247236</ele>
      </trkpt>
      <trkpt lat="36.8838249" lon="138.2441664">
        <ele>858.0142961116067</ele>
      </trkpt>
      <trkpt lat="36.8838071" lon="138.2441669">
        <ele>858.1493136338895</ele>
      </trkpt>
      <trkpt lat="36.8837893" lon="138.2441675">
        <ele>858.2256990748461</ele>
      </trkpt>
      <trkpt lat="36.8837715" lon="138.2441682">
        <ele>858.3018514807573</ele>
      </trkpt>
      <trkpt lat="36.8837538" lon="138.2441689">
        <ele>858.3775668825725</ele>
      </trkpt>
      <trkpt lat="36.8837361" lon="138.2441693">
        <ele>858.452281184703</ele>
      </trkpt>
      <trkpt lat="36.8837184" lon="138.2441698">
        <ele>858.5202400623319</ele>
      </trkpt>
      <trkpt lat="36.8837007" lon="138.2441695">
        <ele>858.5902941009485</ele>
      </trkpt>
      <trkpt lat="36.883683" lon="138.2441693">
        <ele>858.6601988704</ele>
      </trkpt>
      <trkpt lat="36.8836647" lon="138.2441698">
        <ele>858.7205973147686</ele>
      </trkpt>
      <trkpt lat="36.8836465" lon="138.2441703">
        <ele>858.7632389373927</ele>
      </trkpt>
      <trkpt lat="36.8836267" lon="138.2441717">
        <ele>858.8056400322592</ele>
      </trkpt>
      <trkpt lat="36.8836069" lon="138.2441732">
        <ele>858.846641620763</ele>
      </trkpt>
      <trkpt lat="36.8835867" lon="138.244175">
        <ele>858.9004466429942</ele>
      </trkpt>
      <trkpt lat="36.8835665" lon="138.2441768">
        <ele>858.9558667408057</ele>
      </trkpt>
      <trkpt lat="36.8835464" lon="138.2441798">
        <ele>859.0006251094413</ele>
      </trkpt>
      <trkpt lat="36.8835264" lon="138.2441828">
        <ele>859.0300856244423</ele>
      </trkpt>
      <trkpt lat="36.8835062" lon="138.2441869">
        <ele>859.0288106936675</ele>
      </trkpt>
      <trkpt lat="36.8834861" lon="138.2441911">
        <ele>859.0209256102551</ele>
      </trkpt>
      <trkpt lat="36.8834664" lon="138.244195">
        <ele>859.0096452648881</ele>
      </trkpt>
      <trkpt lat="36.8834467" lon="138.2441989">
        <ele>859.0201458121994</ele>
      </trkpt>
      <trkpt lat="36.883428" lon="138.2442017">
        <ele>859.0364484489851</ele>
      </trkpt>
      <trkpt lat="36.8834094" lon="138.2442046">
        <ele>859.0478484832615</ele>
      </trkpt>
      <trkpt lat="36.883391" lon="138.2442074">
        <ele>859.0624821199121</ele>
      </trkpt>
      <trkpt lat="36.8833726" lon="138.2442103">
        <ele>859.0876637385059</ele>
      </trkpt>
      <trkpt lat="36.8833544" lon="138.2442136">
        <ele>859.1054534342462</ele>
      </trkpt>
      <trkpt lat="36.8833362" lon="138.2442169">
        <ele>859.1212045887505</ele>
      </trkpt>
      <trkpt lat="36.883318" lon="138.24422">
        <ele>859.1389232541815</ele>
      </trkpt>
      <trkpt lat="36.8832999" lon="138.2442232">
        <ele>859.152735081931</ele>
      </trkpt>
      <trkpt lat="36.8832812" lon="138.2442253">
        <ele>859.1802451949002</ele>
      </trkpt>
      <trkpt lat="36.8832625" lon="138.2442275">
        <ele>859.2035858617566</ele>
      </trkpt>
      <trkpt lat="36.8832435" lon="138.2442286">
        <ele>859.2655633308614</ele>
      </trkpt>
      <trkpt lat="36.8832245" lon="138.2442297">
        <ele>859.3324853751022</ele>
      </trkpt>
      <trkpt lat="36.8832051" lon="138.24423">
        <ele>859.412349750229</ele>
      </trkpt>
      <trkpt lat="36.8831857" lon="138.2442303">
        <ele>859.4993503636681</ele>
      </trkpt>
      <trkpt lat="36.8831665" lon="138.2442304">
        <ele>859.6097033082046</ele>
      </trkpt>
      <trkpt lat="36.8831474" lon="138.2442306">
        <ele>859.717958970881</ele>
      </trkpt>
      <trkpt lat="36.8831288" lon="138.2442297">
        <ele>859.8399620976777</ele>
      </trkpt>
      <trkpt lat="36.8831102" lon="138.2442288">
        <ele>859.9962569392297</ele>
      </trkpt>
      <trkpt lat="36.8830917" lon="138.2442277">
        <ele>860.1746923218661</ele>
      </trkpt>
      <trkpt lat="36.8830733" lon="138.2442266">
        <ele>860.3512127908332</ele>
      </trkpt>
      <trkpt lat="36.8830557" lon="138.2442239">
        <ele>860.5419442590419</ele>
      </trkpt>
      <trkpt lat="36.8830381" lon="138.2442212">
        <ele>860.7331498535351</ele>
      </trkpt>
      <trkpt lat="36.8830216" lon="138.2442165">
        <ele>860.9430646085182</ele>
      </trkpt>
      <trkpt lat="36.8830051" lon="138.2442118">
        <ele>861.1529793324885</ele>
      </trkpt>
      <trkpt lat="36.8829889" lon="138.2442062">
        <ele>861.3728550476028</ele>
      </trkpt>
      <trkpt lat="36.8829728" lon="138.2442006">
        <ele>861.597959153241</ele>
      </trkpt>
      <trkpt lat="36.8829595" lon="138.2441955">
        <ele>861.7879832390162</ele>
      </trkpt>
      <trkpt lat="36.8829463" lon="138.2441905">
        <ele>861.971244166472</ele>
      </trkpt>
      <trkpt lat="36.8829357" lon="138.2441835">
        <ele>862.1519352819381</ele>
      </trkpt>
      <trkpt lat="36.8829251" lon="138.2441766">
        <ele>862.3263935619102</ele>
      </trkpt>
      <trkpt lat="36.8829121" lon="138.2441671">
        <ele>862.5512255352281</ele>
      </trkpt>
      <trkpt lat="36.8828992" lon="138.2441577">
        <ele>862.7788772608767</ele>
      </trkpt>
      <trkpt lat="36.8828828" lon="138.2441466">
        <ele>863.0474613980081</ele>
      </trkpt>
      <trkpt lat="36.8828664" lon="138.2441356">
        <ele>863.2946146858625</ele>
      </trkpt>
      <trkpt lat="36.8828495" lon="138.2441231">
        <ele>863.5411905880335</ele>
      </trkpt>
      <trkpt lat="36.8828326" lon="138.2441107">
        <ele>863.7726607993493</ele>
      </trkpt>
      <trkpt lat="36.8828169" lon="138.2440975">
        <ele>863.9869169299491</ele>
      </trkpt>
      <trkpt lat="36.8828013" lon="138.2440844">
        <ele>864.1857695145976</ele>
      </trkpt>
      <trkpt lat="36.8827869" lon="138.2440708">
        <ele>864.3662150803755</ele>
      </trkpt>
      <trkpt lat="36.8827725" lon="138.2440573">
        <ele>864.5508242916593</ele>
      </trkpt>
      <trkpt lat="36.8827593" lon="138.2440433">
        <ele>864.7320659053514</ele>
      </trkpt>
      <trkpt lat="36.8827462" lon="138.2440294">
        <ele>864.9113334152387</ele>
      </trkpt>
      <trkpt lat="36.8827327" lon="138.2440162">
        <ele>865.0908345098146</ele>
      </trkpt>
      <trkpt lat="36.8827192" lon="138.244003">
        <ele>865.2703355837616</ele>
      </trkpt>
      <trkpt lat="36.8827047" lon="138.2439918">
        <ele>865.4511571893044</ele>
      </trkpt>
      <trkpt lat="36.8826902" lon="138.2439806">
        <ele>865.6314535602565</ele>
      </trkpt>
      <trkpt lat="36.8826752" lon="138.2439701">
        <ele>865.8059642851675</ele>
      </trkpt>
      <trkpt lat="36.8826602" lon="138.2439596">
        <ele>865.9583714042521</ele>
      </trkpt>
      <trkpt lat="36.8826449" lon="138.2439499">
        <ele>866.1170403256509</ele>
      </trkpt>
      <trkpt lat="36.8826297" lon="138.2439402">
        <ele>866.3248607658786</ele>
      </trkpt>
      <trkpt lat="36.8826145" lon="138.2439308">
        <ele>866.5460269880487</ele>
      </trkpt>
      <trkpt lat="36.8825993" lon="138.2439214">
        <ele>866.767193170521</ele>
      </trkpt>
      <trkpt lat="36.8825849" lon="138.2439118">
        <ele>866.9783378454164</ele>
      </trkpt>
      <trkpt lat="36.8825705" lon="138.2439023">
        <ele>867.1951394024633</ele>
      </trkpt>
      <trkpt lat="36.8825563" lon="138.2438924">
        <ele>867.4443326311816</ele>
      </trkpt>
      <trkpt lat="36.8825421" lon="138.2438826">
        <ele>867.6938998845416</ele>
      </trkpt>
      <trkpt lat="36.8825278" lon="138.2438721">
        <ele>867.9352559077796</ele>
      </trkpt>
      <trkpt lat="36.8825135" lon="138.2438616">
        <ele>868.1766118876881</ele>
      </trkpt>
      <trkpt lat="36.8824992" lon="138.2438514">
        <ele>868.430336444244</ele>
      </trkpt>
      <trkpt lat="36.8824849" lon="138.2438412">
        <ele>868.7151448979857</ele>
      </trkpt>
      <trkpt lat="36.8824706" lon="138.2438315">
        <ele>869.0087036447508</ele>
      </trkpt>
      <trkpt lat="36.8824564" lon="138.2438218">
        <ele>869.3097157288407</ele>
      </trkpt>
      <trkpt lat="36.8824421" lon="138.2438115">
        <ele>869.6240348960861</ele>
      </trkpt>
      <trkpt lat="36.8824279" lon="138.2438013">
        <ele>869.946479851381</ele>
      </trkpt>
      <trkpt lat="36.8824143" lon="138.2437903">
        <ele>870.2446989399797</ele>
      </trkpt>
      <trkpt lat="36.8824007" lon="138.2437793">
        <ele>870.5433921038587</ele>
      </trkpt>
      <trkpt lat="36.882387" lon="138.2437681">
        <ele>870.8496519245812</ele>
      </trkpt>
      <trkpt lat="36.8823734" lon="138.243757">
        <ele>871.1587867866865</ele>
      </trkpt>
      <trkpt lat="36.8823592" lon="138.2437458">
        <ele>871.4902444218064</ele>
      </trkpt>
      <trkpt lat="36.882345" lon="138.2437347">
        <ele>871.8263636174626</ele>
      </trkpt>
      <trkpt lat="36.8823305" lon="138.2437237">
        <ele>872.1688044052119</ele>
      </trkpt>
      <trkpt lat="36.882316" lon="138.2437128">
        <ele>872.5108366010215</ele>
      </trkpt>
      <trkpt lat="36.8823035" lon="138.2437033">
        <ele>872.8053420628622</ele>
      </trkpt>
      <trkpt lat="36.882291" lon="138.2436938">
        <ele>873.0911150257115</ele>
      </trkpt>
      <trkpt lat="36.8822797" lon="138.2436852">
        <ele>873.3415872981781</ele>
      </trkpt>
      <trkpt lat="36.8822684" lon="138.2436767">
        <ele>873.5918265198366</ele>
      </trkpt>
      <trkpt lat="36.8822563" lon="138.2436685">
        <ele>873.8576804782272</ele>
      </trkpt>
      <trkpt lat="36.8822443" lon="138.2436604">
        <ele>874.1212621534248</ele>
      </trkpt>
      <trkpt lat="36.882232" lon="138.2436524">
        <ele>874.3907284545251</ele>
      </trkpt>
      <trkpt lat="36.8822198" lon="138.2436445">
        <ele>874.6410357188965</ele>
      </trkpt>
      <trkpt lat="36.8822079" lon="138.2436363">
        <ele>874.8850574551847</ele>
      </trkpt>
      <trkpt lat="36.882196" lon="138.2436282">
        <ele>875.1321012841731</ele>
      </trkpt>
      <trkpt lat="36.8821841" lon="138.24362">
        <ele>875.3651380609167</ele>
      </trkpt>
      <trkpt lat="36.8821723" lon="138.2436118">
        <ele>875.598047710682</ele>
      </trkpt>
      <trkpt lat="36.8821601" lon="138.2436038">
        <ele>875.8396226746323</ele>
      </trkpt>
      <trkpt lat="36.882148" lon="138.2435958">
        <ele>876.0494334618425</ele>
      </trkpt>
      <trkpt lat="36.8821355" lon="138.2435879">
        <ele>876.2690490241895</ele>
      </trkpt>
      <trkpt lat="36.882123" lon="138.24358">
        <ele>876.4920162245471</ele>
      </trkpt>
      <trkpt lat="36.8821103" lon="138.2435718">
        <ele>876.7223345224027</ele>
      </trkpt>
      <trkpt lat="36.8820976" lon="138.2435637">
        <ele>876.9559635883344</ele>
      </trkpt>
      <trkpt lat="36.8820839" lon="138.2435549">
        <ele>877.2037069750684</ele>
      </trkpt>
      <trkpt lat="36.8820702" lon="138.2435461">
        <ele>877.4435034763794</ele>
      </trkpt>
      <trkpt lat="36.8820551" lon="138.2435368">
        <ele>877.6940202829667</ele>
      </trkpt>
      <trkpt lat="36.8820401" lon="138.2435276">
        <ele>877.9343571788637</ele>
      </trkpt>
      <trkpt lat="36.882024" lon="138.243519">
        <ele>878.1923187278219</ele>
      </trkpt>
      <trkpt lat="36.8820079" lon="138.2435105">
        <ele>878.4192520600507</ele>
      </trkpt>
      <trkpt lat="36.8819911" lon="138.243503">
        <ele>878.6509318855527</ele>
      </trkpt>
      <trkpt lat="36.8819744" lon="138.2434956">
        <ele>878.8770403114945</ele>
      </trkpt>
      <trkpt lat="36.8819578" lon="138.2434881">
        <ele>879.0974769744098</ele>
      </trkpt>
      <trkpt lat="36.8819413" lon="138.2434806">
        <ele>879.3066452063392</ele>
      </trkpt>
      <trkpt lat="36.8819254" lon="138.2434733">
        <ele>879.5065774129706</ele>
      </trkpt>
      <trkpt lat="36.8819095" lon="138.243466">
        <ele>879.7065095766449</ele>
      </trkpt>
      <trkpt lat="36.8818944" lon="138.2434582">
        <ele>879.8953717472265</ele>
      </trkpt>
      <trkpt lat="36.8818794" lon="138.2434505">
        <ele>880.0668393831701</ele>
      </trkpt>
      <trkpt lat="36.8818643" lon="138.2434424">
        <ele>880.2239203495908</ele>
      </trkpt>
      <trkpt lat="36.8818493" lon="138.2434343">
        <ele>880.3798360147521</ele>
      </trkpt>
      <trkpt lat="36.8818345" lon="138.2434252">
        <ele>880.5310909433297</ele>
      </trkpt>
      <trkpt lat="36.8818197" lon="138.2434162">
        <ele>880.6825788554743</ele>
      </trkpt>
      <trkpt lat="36.8818058" lon="138.2434068">
        <ele>880.812851435703</ele>
      </trkpt>
      <trkpt lat="36.881792" lon="138.2433974">
        <ele>880.9361815447685</ele>
      </trkpt>
      <trkpt lat="36.8817789" lon="138.243388">
        <ele>881.0477584103598</ele>
      </trkpt>
      <trkpt lat="36.8817659" lon="138.2433787">
        <ele>881.1544423577177</ele>
      </trkpt>
      <trkpt lat="36.8817516" lon="138.24337">
        <ele>881.2724612469096</ele>
      </trkpt>
      <trkpt lat="36.8817373" lon="138.2433613">
        <ele>881.4064042927315</ele>
      </trkpt>
      <trkpt lat="36.8817221" lon="138.2433533">
        <ele>881.5461660042831</ele>
      </trkpt>
      <trkpt lat="36.881707" lon="138.2433453">
        <ele>881.6808228902736</ele>
      </trkpt>
      <trkpt lat="36.8816913" lon="138.2433381">
        <ele>881.8188779446317</ele>
      </trkpt>
      <trkpt lat="36.8816756" lon="138.243331">
        <ele>881.9496448793918</ele>
      </trkpt>
      <trkpt lat="36.8816591" lon="138.2433256">
        <ele>882.0812633866451</ele>
      </trkpt>
      <trkpt lat="36.8816426" lon="138.2433203">
        <ele>882.2131148798865</ele>
      </trkpt>
      <trkpt lat="36.8816268" lon="138.2433174">
        <ele>882.3444411145533</ele>
      </trkpt>
      <trkpt lat="36.881611" lon="138.2433146">
        <ele>882.4751299144247</ele>
      </trkpt>
      <trkpt lat="36.881595" lon="138.2433134">
        <ele>882.5888600131741</ele>
      </trkpt>
      <trkpt lat="36.8815791" lon="138.2433123">
        <ele>882.7020948151602</ele>
      </trkpt>
      <trkpt lat="36.8815621" lon="138.2433107">
        <ele>882.8221756876457</ele>
      </trkpt>
      <trkpt lat="36.8815452" lon="138.2433091">
        <ele>882.941528243526</ele>
      </trkpt>
      <trkpt lat="36.8815277" lon="138.2433075">
        <ele>883.1036364198796</ele>
      </trkpt>
      <trkpt lat="36.8815102" lon="138.243306">
        <ele>883.2724932734201</ele>
      </trkpt>
      <trkpt lat="36.8814924" lon="138.2433038">
        <ele>883.4441659233696</ele>
      </trkpt>
      <trkpt lat="36.8814746" lon="138.2433017">
        <ele>883.6172846853818</ele>
      </trkpt>
      <trkpt lat="36.8814569" lon="138.2432992">
        <ele>883.7694206476683</ele>
      </trkpt>
      <trkpt lat="36.8814393" lon="138.2432967">
        <ele>883.9203223423108</ele>
      </trkpt>
      <trkpt lat="36.8814218" lon="138.243294">
        <ele>884.0701170394668</ele>
      </trkpt>
      <trkpt lat="36.8814043" lon="138.2432914">
        <ele>884.2218105170522</ele>
      </trkpt>
      <trkpt lat="36.8813867" lon="138.2432885">
        <ele>884.3966707921609</ele>
      </trkpt>
      <trkpt lat="36.8813691" lon="138.2432856">
        <ele>884.5732633570598</ele>
      </trkpt>
      <trkpt lat="36.881351" lon="138.2432834">
        <ele>884.7599472871993</ele>
      </trkpt>
      <trkpt lat="36.881333" lon="138.2432812">
        <ele>884.9513695390181</ele>
      </trkpt>
      <trkpt lat="36.881314" lon="138.2432806">
        <ele>885.1484004729853</ele>
      </trkpt>
      <trkpt lat="36.8812951" lon="138.24328">
        <ele>885.3447915096594</ele>
      </trkpt>
      <trkpt lat="36.8812759" lon="138.2432798">
        <ele>885.5428380272417</ele>
      </trkpt>
      <trkpt lat="36.8812568" lon="138.2432796">
        <ele>885.7558720625942</ele>
      </trkpt>
      <trkpt lat="36.8812385" lon="138.2432799">
        <ele>885.9677161004403</ele>
      </trkpt>
      <trkpt lat="36.8812203" lon="138.2432803">
        <ele>886.1779287962254</ele>
      </trkpt>
      <trkpt lat="36.8812031" lon="138.2432827">
        <ele>886.367168196851</ele>
      </trkpt>
      <trkpt lat="36.881186" lon="138.2432851">
        <ele>886.5371624586179</ele>
      </trkpt>
      <trkpt lat="36.8811697" lon="138.2432905">
        <ele>886.6877856970939</ele>
      </trkpt>
      <trkpt lat="36.8811535" lon="138.2432959">
        <ele>886.8344216660497</ele>
      </trkpt>
      <trkpt lat="36.8811373" lon="138.2433026">
        <ele>886.9736832436681</ele>
      </trkpt>
      <trkpt lat="36.8811211" lon="138.2433094">
        <ele>887.1233406715776</ele>
      </trkpt>
      <trkpt lat="36.8811049" lon="138.2433158">
        <ele>887.2799848473711</ele>
      </trkpt>
      <trkpt lat="36.8810887" lon="138.2433223">
        <ele>887.4326886914328</ele>
      </trkpt>
      <trkpt lat="36.8810724" lon="138.2433291">
        <ele>887.5815611677378</ele>
      </trkpt>
      <trkpt lat="36.8810561" lon="138.2433359">
        <ele>887.7084253824818</ele>
      </trkpt>
      <trkpt lat="36.8810396" lon="138.243344">
        <ele>887.7972785147767</ele>
      </trkpt>
      <trkpt lat="36.8810231" lon="138.2433522">
        <ele>887.8810628073377</ele>
      </trkpt>
      <trkpt lat="36.8810068" lon="138.2433604">
        <ele>887.9587655846811</ele>
      </trkpt>
      <trkpt lat="36.8809906" lon="138.2433687">
        <ele>888.0350700434298</ele>
      </trkpt>
      <trkpt lat="36.8809747" lon="138.2433775">
        <ele>888.1377069588768</ele>
      </trkpt>
      <trkpt lat="36.8809588" lon="138.2433863">
        <ele>888.2386834111854</ele>
      </trkpt>
      <trkpt lat="36.8809423" lon="138.2433961">
        <ele>888.3355318502588</ele>
      </trkpt>
      <trkpt lat="36.8809259" lon="138.243406">
        <ele>888.425614378835</ele>
      </trkpt>
      <trkpt lat="36.880908" lon="138.2434161">
        <ele>888.5211384770378</ele>
      </trkpt>
      <trkpt lat="36.8808902" lon="138.2434262">
        <ele>888.6097477887313</ele>
      </trkpt>
      <trkpt lat="36.8808718" lon="138.2434379">
        <ele>888.6879218685613</ele>
      </trkpt>
      <trkpt lat="36.8808534" lon="138.2434496">
        <ele>888.7584691948032</ele>
      </trkpt>
      <trkpt lat="36.8808351" lon="138.2434625">
        <ele>888.8219113848028</ele>
      </trkpt>
      <trkpt lat="36.8808169" lon="138.2434754">
        <ele>888.8836507387796</ele>
      </trkpt>
      <trkpt lat="36.880799" lon="138.2434873">
        <ele>888.9410361291172</ele>
      </trkpt>
      <trkpt lat="36.8807812" lon="138.2434992">
        <ele>888.9906254400939</ele>
      </trkpt>
      <trkpt lat="36.8807641" lon="138.2435102">
        <ele>889.0431575955728</ele>
      </trkpt>
      <trkpt lat="36.880747" lon="138.2435213">
        <ele>889.1015605116729</ele>
      </trkpt>
      <trkpt lat="36.8807304" lon="138.2435323">
        <ele>889.163328503761</ele>
      </trkpt>
      <trkpt lat="36.8807139" lon="138.2435433">
        <ele>889.2154436199637</ele>
      </trkpt>
      <trkpt lat="36.8806983" lon="138.2435557">
        <ele>889.2306163154484</ele>
      </trkpt>
      <trkpt lat="36.8806827" lon="138.2435682">
        <ele>889.2519501369173</ele>
      </trkpt>
      <trkpt lat="36.8806686" lon="138.2435832">
        <ele>889.2628466953519</ele>
      </trkpt>
      <trkpt lat="36.8806546" lon="138.2435983">
        <ele>889.2800322075805</ele>
      </trkpt>
      <trkpt lat="36.8806431" lon="138.243616">
        <ele>889.2496106462067</ele>
      </trkpt>
      <trkpt lat="36.8806316" lon="138.2436338">
        <ele>889.2221491156048</ele>
      </trkpt>
      <trkpt lat="36.8806231" lon="138.2436536">
        <ele>889.2215478924606</ele>
      </trkpt>
      <trkpt lat="36.8806146" lon="138.2436734">
        <ele>889.2266588216523</ele>
      </trkpt>
      <trkpt lat="36.88061" lon="138.2436949">
        <ele>889.226642131878</ele>
      </trkpt>
      <trkpt lat="36.8806055" lon="138.2437164">
        <ele>889.2391574971705</ele>
      </trkpt>
      <trkpt lat="36.8805987" lon="138.2437445">
        <ele>889.3321641640246</ele>
      </trkpt>
      <trkpt lat="36.8805946" lon="138.2437464">
        <ele>889.3467832903243</ele>
      </trkpt>
      <trkpt lat="36.8805906" lon="138.2437483">
        <ele>889.3609059709504</ele>
      </trkpt>
      <trkpt lat="36.8805848" lon="138.2437462">
        <ele>889.3693639190467</ele>
      </trkpt>
      <trkpt lat="36.880579" lon="138.2437442">
        <ele>889.3773222822697</ele>
      </trkpt>
      <trkpt lat="36.8805711" lon="138.2437415">
        <ele>889.386180281</ele>
      </trkpt>
      <trkpt lat="36.8805633" lon="138.2437388">
        <ele>889.3941255357839</ele>
      </trkpt>
      <trkpt lat="36.8805535" lon="138.2437382">
        <ele>889.4109414739248</ele>
      </trkpt>
      <trkpt lat="36.8805438" lon="138.2437377">
        <ele>889.4276685513784</ele>
      </trkpt>
      <trkpt lat="36.8805324" lon="138.2437389">
        <ele>889.4527802576338</ele>
      </trkpt>
      <trkpt lat="36.880521" lon="138.2437402">
        <ele>889.4786924254221</ele>
      </trkpt>
      <trkpt lat="36.8805079" lon="138.2437413">
        <ele>889.5000671950385</ele>
      </trkpt>
      <trkpt lat="36.8804948" lon="138.2437425">
        <ele>889.5108417805368</ele>
      </trkpt>
      <trkpt lat="36.8804806" lon="138.2437436">
        <ele>889.522311192528</ele>
      </trkpt>
      <trkpt lat="36.8804665" lon="138.2437447">
        <ele>889.5342575975411</ele>
      </trkpt>
      <trkpt lat="36.8804521" lon="138.2437481">
        <ele>889.5573164516176</ele>
      </trkpt>
      <trkpt lat="36.8804378" lon="138.2437515">
        <ele>889.5960031631241</ele>
      </trkpt>
      <trkpt lat="36.8804221" lon="138.2437566">
        <ele>889.6668242770907</ele>
      </trkpt>
      <trkpt lat="36.8804065" lon="138.2437618">
        <ele>889.743365815894</ele>
      </trkpt>
      <trkpt lat="36.8803894" lon="138.2437676">
        <ele>889.8342461670165</ele>
      </trkpt>
      <trkpt lat="36.8803723" lon="138.2437735">
        <ele>889.9422909610727</ele>
      </trkpt>
      <trkpt lat="36.8803548" lon="138.2437784">
        <ele>890.0843909655191</ele>
      </trkpt>
      <trkpt lat="36.8803374" lon="138.2437834">
        <ele>890.223604812847</ele>
      </trkpt>
      <trkpt lat="36.8803197" lon="138.2437877">
        <ele>890.3574419787487</ele>
      </trkpt>
      <trkpt lat="36.880302" lon="138.243792">
        <ele>890.517496844288</ele>
      </trkpt>
      <trkpt lat="36.8802842" lon="138.243798">
        <ele>890.7600226554551</ele>
      </trkpt>
      <trkpt lat="36.8802664" lon="138.243804">
        <ele>890.9929191100152</ele>
      </trkpt>
      <trkpt lat="36.8802474" lon="138.2438117">
        <ele>891.2311107353041</ele>
      </trkpt>
      <trkpt lat="36.8802285" lon="138.2438194">
        <ele>891.4747720344819</ele>
      </trkpt>
      <trkpt lat="36.8802104" lon="138.2438244">
        <ele>891.7151089096906</ele>
      </trkpt>
      <trkpt lat="36.8801924" lon="138.2438294">
        <ele>891.9511144854698</ele>
      </trkpt>
      <trkpt lat="36.8801767" lon="138.2438301">
        <ele>892.1497785514699</ele>
      </trkpt>
      <trkpt lat="36.8801611" lon="138.2438308">
        <ele>892.3709730966891</ele>
      </trkpt>
      <trkpt lat="36.8801466" lon="138.2438291">
        <ele>892.5940219956383</ele>
      </trkpt>
      <trkpt lat="36.8801321" lon="138.2438275">
        <ele>892.8202776098257</ele>
      </trkpt>
      <trkpt lat="36.8801179" lon="138.2438253">
        <ele>893.0463995207137</ele>
      </trkpt>
      <trkpt lat="36.8801038" lon="138.2438231">
        <ele>893.2751768515927</ele>
      </trkpt>
      <trkpt lat="36.8800893" lon="138.2438204">
        <ele>893.5036719353336</ele>
      </trkpt>
      <trkpt lat="36.8800748" lon="138.2438178">
        <ele>893.732930297822</ele>
      </trkpt>
      <trkpt lat="36.8800593" lon="138.2438148">
        <ele>893.9834864457541</ele>
      </trkpt>
      <trkpt lat="36.8800439" lon="138.2438119">
        <ele>894.2365978678013</ele>
      </trkpt>
      <trkpt lat="36.880027" lon="138.2438096">
        <ele>894.5060875723397</ele>
      </trkpt>
      <trkpt lat="36.8800102" lon="138.2438074">
        <ele>894.7619103037312</ele>
      </trkpt>
      <trkpt lat="36.8799923" lon="138.2438037">
        <ele>895.048574531275</ele>
      </trkpt>
      <trkpt lat="36.8799745" lon="138.2438">
        <ele>895.3382805290661</ele>
      </trkpt>
      <trkpt lat="36.8799567" lon="138.2437942">
        <ele>895.5919709557065</ele>
      </trkpt>
      <trkpt lat="36.879939" lon="138.2437884">
        <ele>895.8006174081744</ele>
      </trkpt>
      <trkpt lat="36.8799224" lon="138.2437814">
        <ele>896.0102807038569</ele>
      </trkpt>
      <trkpt lat="36.8799059" lon="138.2437745">
        <ele>896.2261815086416</ele>
      </trkpt>
      <trkpt lat="36.8798895" lon="138.2437659">
        <ele>896.4505744747971</ele>
      </trkpt>
      <trkpt lat="36.8798731" lon="138.2437574">
        <ele>896.6683389641488</ele>
      </trkpt>
      <trkpt lat="36.8798559" lon="138.2437486">
        <ele>896.9060713674133</ele>
      </trkpt>
      <trkpt lat="36.8798388" lon="138.2437398">
        <ele>897.1530024750843</ele>
      </trkpt>
      <trkpt lat="36.8798205" lon="138.2437327">
        <ele>897.3758117364994</ele>
      </trkpt>
      <trkpt lat="36.8798023" lon="138.2437256">
        <ele>897.5367099699162</ele>
      </trkpt>
      <trkpt lat="36.8797829" lon="138.2437191">
        <ele>897.7035429998571</ele>
      </trkpt>
      <trkpt lat="36.8797636" lon="138.2437127">
        <ele>897.869985533441</ele>
      </trkpt>
      <trkpt lat="36.8797439" lon="138.2437073">
        <ele>898.0099924642607</ele>
      </trkpt>
      <trkpt lat="36.8797243" lon="138.243702">
        <ele>898.1488852349122</ele>
      </trkpt>
      <trkpt lat="36.8797053" lon="138.2436958">
        <ele>898.2884765784268</ele>
      </trkpt>
      <trkpt lat="36.8796864" lon="138.2436897">
        <ele>898.410351701268</ele>
      </trkpt>
      <trkpt lat="36.8796685" lon="138.2436817">
        <ele>898.4476344035949</ele>
      </trkpt>
      <trkpt lat="36.8796506" lon="138.2436737">
        <ele>898.4849171057353</ele>
      </trkpt>
      <trkpt lat="36.8796323" lon="138.243663">
        <ele>898.5347827199855</ele>
      </trkpt>
      <trkpt lat="36.879614" lon="138.2436523">
        <ele>898.9983170604532</ele>
      </trkpt>
      <trkpt lat="36.8795946" lon="138.2436401">
        <ele>899.0071726713772</ele>
      </trkpt>
      <trkpt lat="36.8795752" lon="138.2436279">
        <ele>899.0320940600525</ele>
      </trkpt>
      <trkpt lat="36.879556" lon="138.2436162">
        <ele>899.0051200733362</ele>
      </trkpt>
      <trkpt lat="36.8795368" lon="138.2436045">
        <ele>898.9897851028118</ele>
      </trkpt>
      <trkpt lat="36.8795186" lon="138.2435925">
        <ele>898.991095470536</ele>
      </trkpt>
      <trkpt lat="36.8795005" lon="138.2435806">
        <ele>899.0070421078315</ele>
      </trkpt>
      <trkpt lat="36.8794836" lon="138.2435673">
        <ele>899.0402080883784</ele>
      </trkpt>
      <trkpt lat="36.8794667" lon="138.243554">
        <ele>899.0886313658957</ele>
      </trkpt>
      <trkpt lat="36.8794517" lon="138.2435393">
        <ele>899.1486090600399</ele>
      </trkpt>
      <trkpt lat="36.8794367" lon="138.2435246">
        <ele>899.1949339654683</ele>
      </trkpt>
      <trkpt lat="36.8794225" lon="138.2435099">
        <ele>899.254197175457</ele>
      </trkpt>
      <trkpt lat="36.8794084" lon="138.2434952">
        <ele>899.3231648605922</ele>
      </trkpt>
      <trkpt lat="36.8793949" lon="138.2434816">
        <ele>899.4004912893711</ele>
      </trkpt>
      <trkpt lat="36.8793815" lon="138.243468">
        <ele>899.4961364395582</ele>
      </trkpt>
      <trkpt lat="36.8793695" lon="138.2434554">
        <ele>899.5977839755618</ele>
      </trkpt>
      <trkpt lat="36.8793576" lon="138.2434429">
        <ele>899.6718105631937</ele>
      </trkpt>
      <trkpt lat="36.8793455" lon="138.243431">
        <ele>899.7605001158933</ele>
      </trkpt>
      <trkpt lat="36.8793335" lon="138.2434192">
        <ele>899.8555658432749</ele>
      </trkpt>
      <trkpt lat="36.8793202" lon="138.2434072">
        <ele>899.9687041361923</ele>
      </trkpt>
      <trkpt lat="36.879307" lon="138.2433953">
        <ele>900.0916677290879</ele>
      </trkpt>
      <trkpt lat="36.8792926" lon="138.243383">
        <ele>900.2351463218802</ele>
      </trkpt>
      <trkpt lat="36.8792782" lon="138.2433707">
        <ele>900.3906477017989</ele>
      </trkpt>
      <trkpt lat="36.8792644" lon="138.2433586">
        <ele>900.45602494214</ele>
      </trkpt>
      <trkpt lat="36.8792507" lon="138.2433466">
        <ele>900.5260856182966</ele>
      </trkpt>
      <trkpt lat="36.8792376" lon="138.2433349">
        <ele>900.6040817918702</ele>
      </trkpt>
      <trkpt lat="36.8792245" lon="138.2433233">
        <ele>900.6921860346401</ele>
      </trkpt>
      <trkpt lat="36.8792113" lon="138.2433115">
        <ele>900.7917757745372</ele>
      </trkpt>
      <trkpt lat="36.8791981" lon="138.2432998">
        <ele>900.8861588239639</ele>
      </trkpt>
      <trkpt lat="36.8791841" lon="138.2432893">
        <ele>900.985388624176</ele>
      </trkpt>
      <trkpt lat="36.8791701" lon="138.2432789">
        <ele>901.0658122165989</ele>
      </trkpt>
      <trkpt lat="36.8791558" lon="138.2432698">
        <ele>901.1271518329661</ele>
      </trkpt>
      <trkpt lat="36.8791415" lon="138.2432608">
        <ele>901.1929105282677</ele>
      </trkpt>
      <trkpt lat="36.879127" lon="138.243252">
        <ele>901.1763251876931</ele>
      </trkpt>
      <trkpt lat="36.8791125" lon="138.2432432">
        <ele>901.1581619560062</ele>
      </trkpt>
      <trkpt lat="36.8790982" lon="138.2432324">
        <ele>901.1517427505809</ele>
      </trkpt>
      <trkpt lat="36.8790839" lon="138.2432217">
        <ele>901.1556163768643</ele>
      </trkpt>
      <trkpt lat="36.8790702" lon="138.2432096">
        <ele>901.1669317147919</ele>
      </trkpt>
      <trkpt lat="36.8790566" lon="138.2431976">
        <ele>901.113498521014</ele>
      </trkpt>
      <trkpt lat="36.8790436" lon="138.2431856">
        <ele>901.0354331764615</ele>
      </trkpt>
      <trkpt lat="36.8790306" lon="138.2431736">
        <ele>900.9679570014416</ele>
      </trkpt>
      <trkpt lat="36.879018" lon="138.2431613">
        <ele>900.9130946654416</ele>
      </trkpt>
      <trkpt lat="36.8790054" lon="138.243149">
        <ele>900.8687522561332</ele>
      </trkpt>
      <trkpt lat="36.8789929" lon="138.2431366">
        <ele>900.7823528382992</ele>
      </trkpt>
      <trkpt lat="36.8789805" lon="138.2431242">
        <ele>900.6880478637845</ele>
      </trkpt>
      <trkpt lat="36.8789678" lon="138.2431107">
        <ele>900.59396921717</ele>
      </trkpt>
      <trkpt lat="36.8789552" lon="138.2430972">
        <ele>900.486239916107</ele>
      </trkpt>
      <trkpt lat="36.8789425" lon="138.243083">
        <ele>900.3956172323731</ele>
      </trkpt>
      <trkpt lat="36.8789298" lon="138.2430689">
        <ele>900.313892616456</ele>
      </trkpt>
      <trkpt lat="36.8789161" lon="138.2430539">
        <ele>900.2211255409176</ele>
      </trkpt>
      <trkpt lat="36.8789024" lon="138.2430389">
        <ele>900.14230764108</ele>
      </trkpt>
      <trkpt lat="36.8788884" lon="138.2430233">
        <ele>900.0715704952738</ele>
      </trkpt>
      <trkpt lat="36.8788745" lon="138.2430078">
        <ele>900.0016983861995</ele>
      </trkpt>
      <trkpt lat="36.8788601" lon="138.2429917">
        <ele>899.9186096906366</ele>
      </trkpt>
      <trkpt lat="36.8788458" lon="138.2429757">
        <ele>899.7960769763074</ele>
      </trkpt>
      <trkpt lat="36.8788317" lon="138.2429595">
        <ele>899.69193644767</ele>
      </trkpt>
      <trkpt lat="36.8788177" lon="138.2429433">
        <ele>899.6043285786674</ele>
      </trkpt>
      <trkpt lat="36.8788039" lon="138.2429272">
        <ele>899.5016898102556</ele>
      </trkpt>
      <trkpt lat="36.8787902" lon="138.2429112">
        <ele>899.3901848587423</ele>
      </trkpt>
      <trkpt lat="36.8787764" lon="138.2428948">
        <ele>899.2727272452969</ele>
      </trkpt>
      <trkpt lat="36.8787627" lon="138.2428785">
        <ele>899.1713822559287</ele>
      </trkpt>
      <trkpt lat="36.8787489" lon="138.2428615">
        <ele>899.086919053111</ele>
      </trkpt>
      <trkpt lat="36.8787352" lon="138.2428445">
        <ele>899.0304028758859</ele>
      </trkpt>
      <trkpt lat="36.8787212" lon="138.2428267">
        <ele>898.988488389511</ele>
      </trkpt>
      <trkpt lat="36.8787072" lon="138.242809">
        <ele>898.9414781152424</ele>
      </trkpt>
      <trkpt lat="36.8786937" lon="138.2427908">
        <ele>898.9113674347416</ele>
      </trkpt>
      <trkpt lat="36.8786802" lon="138.2427727">
        <ele>898.8889319200609</ele>
      </trkpt>
      <trkpt lat="36.8786667" lon="138.2427537">
        <ele>898.8609422069333</ele>
      </trkpt>
      <trkpt lat="36.8786532" lon="138.2427348">
        <ele>898.831820323882</ele>
      </trkpt>
      <trkpt lat="36.8786391" lon="138.2427161">
        <ele>898.7911483451376</ele>
      </trkpt>
      <trkpt lat="36.8786251" lon="138.2426975">
        <ele>898.7598277301304</ele>
      </trkpt>
      <trkpt lat="36.8786105" lon="138.2426795">
        <ele>898.7305264753106</ele>
      </trkpt>
      <trkpt lat="36.878596" lon="138.2426615">
        <ele>898.7282140891749</ele>
      </trkpt>
      <trkpt lat="36.8785812" lon="138.2426431">
        <ele>898.7312773183692</ele>
      </trkpt>
      <trkpt lat="36.8785664" lon="138.2426247">
        <ele>898.730444620713</ele>
      </trkpt>
      <trkpt lat="36.8785518" lon="138.242606">
        <ele>898.7340977578428</ele>
      </trkpt>
      <trkpt lat="36.8785372" lon="138.2425873">
        <ele>898.7444610711666</ele>
      </trkpt>
      <trkpt lat="36.8785229" lon="138.2425688">
        <ele>898.775585411139</ele>
      </trkpt>
      <trkpt lat="36.8785087" lon="138.2425504">
        <ele>898.8030851243302</ele>
      </trkpt>
      <trkpt lat="36.8784938" lon="138.2425327">
        <ele>898.8161460866227</ele>
      </trkpt>
      <trkpt lat="36.8784789" lon="138.2425151">
        <ele>898.8282750111545</ele>
      </trkpt>
      <trkpt lat="36.8784641" lon="138.2424989">
        <ele>898.8110813080967</ele>
      </trkpt>
      <trkpt lat="36.8784494" lon="138.2424827">
        <ele>898.783858881612</ele>
      </trkpt>
      <trkpt lat="36.8784348" lon="138.2424667">
        <ele>898.7229618118386</ele>
      </trkpt>
      <trkpt lat="36.8784203" lon="138.2424508">
        <ele>898.662560084859</ele>
      </trkpt>
      <trkpt lat="36.8784057" lon="138.2424342">
        <ele>898.6065564424277</ele>
      </trkpt>
      <trkpt lat="36.8783912" lon="138.2424177">
        <ele>898.5310035464217</ele>
      </trkpt>
      <trkpt lat="36.878377" lon="138.2424007">
        <ele>898.4367737399452</ele>
      </trkpt>
      <trkpt lat="36.8783629" lon="138.2423838">
        <ele>898.3421664633873</ele>
      </trkpt>
      <trkpt lat="36.878349" lon="138.2423668">
        <ele>898.2590026253342</ele>
      </trkpt>
      <trkpt lat="36.8783352" lon="138.2423499">
        <ele>898.1845193293472</ele>
      </trkpt>
      <trkpt lat="36.8783209" lon="138.2423336">
        <ele>898.0921935510052</ele>
      </trkpt>
      <trkpt lat="36.8783067" lon="138.2423173">
        <ele>897.9413190281955</ele>
      </trkpt>
      <trkpt lat="36.8782922" lon="138.2423009">
        <ele>897.7643148259267</ele>
      </trkpt>
      <trkpt lat="36.8782778" lon="138.2422846">
        <ele>897.5885924560957</ele>
      </trkpt>
      <trkpt lat="36.8782634" lon="138.2422693">
        <ele>897.4082097964372</ele>
      </trkpt>
      <trkpt lat="36.8782491" lon="138.242254">
        <ele>897.2283692665011</ele>
      </trkpt>
      <trkpt lat="36.8782348" lon="138.2422409">
        <ele>896.98131177066</ele>
      </trkpt>
      <trkpt lat="36.8782206" lon="138.2422279">
        <ele>896.7422694721291</ele>
      </trkpt>
      <trkpt lat="36.8782059" lon="138.2422149">
        <ele>896.5010872571638</ele>
      </trkpt>
      <trkpt lat="36.8781912" lon="138.2422019">
        <ele>896.2663908774491</ele>
      </trkpt>
      <trkpt lat="36.8781756" lon="138.2421884">
        <ele>896.0099907524645</ele>
      </trkpt>
      <trkpt lat="36.8781601" lon="138.2421749">
        <ele>895.7086908336702</ele>
      </trkpt>
      <trkpt lat="36.8781447" lon="138.2421629">
        <ele>895.394587272831</ele>
      </trkpt>
      <trkpt lat="36.8781293" lon="138.2421509">
        <ele>895.0641292661601</ele>
      </trkpt>
      <trkpt lat="36.878115" lon="138.2421398">
        <ele>894.7629448775988</ele>
      </trkpt>
      <trkpt lat="36.8781007" lon="138.2421287">
        <ele>894.459744733048</ele>
      </trkpt>
      <trkpt lat="36.8780883" lon="138.2421187">
        <ele>894.2013212974722</ele>
      </trkpt>
      <trkpt lat="36.878076" lon="138.2421088">
        <ele>893.9532974451017</ele>
      </trkpt>
      <trkpt lat="36.8780655" lon="138.2421005">
        <ele>893.7480564275111</ele>
      </trkpt>
      <trkpt lat="36.8780551" lon="138.2420922">
        <ele>893.5506570962308</ele>
      </trkpt>
      <trkpt lat="36.8780452" lon="138.2420848">
        <ele>893.3676707897552</ele>
      </trkpt>
      <trkpt lat="36.8780354" lon="138.2420774">
        <ele>893.1500729304727</ele>
      </trkpt>
      <trkpt lat="36.8780258" lon="138.2420708">
        <ele>892.9250829140955</ele>
      </trkpt>
      <trkpt lat="36.8780163" lon="138.2420642">
        <ele>892.7086351924589</ele>
      </trkpt>
      <trkpt lat="36.8780084" lon="138.2420583">
        <ele>892.5327586273968</ele>
      </trkpt>
      <trkpt lat="36.8780006" lon="138.2420525">
        <ele>892.3638001153936</ele>
      </trkpt>
      <trkpt lat="36.8779929" lon="138.2420468">
        <ele>892.2015519474949</ele>
      </trkpt>
      <trkpt lat="36.8779852" lon="138.2420412">
        <ele>892.043835445072</ele>
      </trkpt>
      <trkpt lat="36.8779753" lon="138.242036">
        <ele>891.8477579350338</ele>
      </trkpt>
      <trkpt lat="36.8779654" lon="138.2420308">
        <ele>891.6481310165498</ele>
      </trkpt>
      <trkpt lat="36.8779516" lon="138.2420259">
        <ele>891.366733428185</ele>
      </trkpt>
      <trkpt lat="36.8779379" lon="138.242021">
        <ele>891.0873750034267</ele>
      </trkpt>
      <trkpt lat="36.8779208" lon="138.2420153">
        <ele>890.7386868209126</ele>
      </trkpt>
      <trkpt lat="36.8779037" lon="138.2420096">
        <ele>890.3890706871948</ele>
      </trkpt>
      <trkpt lat="36.8778845" lon="138.2420025">
        <ele>889.9659775505786</ele>
      </trkpt>
      <trkpt lat="36.8778654" lon="138.2419954">
        <ele>889.5502381931545</ele>
      </trkpt>
      <trkpt lat="36.8778452" lon="138.2419889">
        <ele>889.1007451044247</ele>
      </trkpt>
      <trkpt lat="36.8778251" lon="138.2419825">
        <ele>888.6579675196912</ele>
      </trkpt>
      <trkpt lat="36.8778042" lon="138.2419775">
        <ele>888.2032451639575</ele>
      </trkpt>
      <trkpt lat="36.8777834" lon="138.2419726">
        <ele>887.754241186235</ele>
      </trkpt>
      <trkpt lat="36.8777612" lon="138.2419668">
        <ele>887.2677343398345</ele>
      </trkpt>
      <trkpt lat="36.8777391" lon="138.2419611">
        <ele>886.7527140721692</ele>
      </trkpt>
      <trkpt lat="36.877715" lon="138.2419557">
        <ele>886.1910858053726</ele>
      </trkpt>
      <trkpt lat="36.8776909" lon="138.2419504">
        <ele>885.6303145411804</ele>
      </trkpt>
      <trkpt lat="36.8776654" lon="138.2419471">
        <ele>885.0427221390046</ele>
      </trkpt>
      <trkpt lat="36.87764" lon="138.2419438">
        <ele>884.4631381632398</ele>
      </trkpt>
      <trkpt lat="36.8776121" lon="138.2419427">
        <ele>883.8190791275359</ele>
      </trkpt>
      <trkpt lat="36.8775842" lon="138.2419417">
        <ele>883.1712266324093</ele>
      </trkpt>
      <trkpt lat="36.8775525" lon="138.24194">
        <ele>882.4486890840815</ele>
      </trkpt>
      <trkpt lat="36.8775209" lon="138.2419384">
        <ele>881.7620357797718</ele>
      </trkpt>
      <trkpt lat="36.8774879" lon="138.241935">
        <ele>881.0535448959482</ele>
      </trkpt>
      <trkpt lat="36.877455" lon="138.2419316">
        <ele>880.379316813587</ele>
      </trkpt>
      <trkpt lat="36.8774234" lon="138.2419271">
        <ele>879.7399473764943</ele>
      </trkpt>
      <trkpt lat="36.8773919" lon="138.2419227">
        <ele>879.158890253143</ele>
      </trkpt>
      <trkpt lat="36.8773641" lon="138.2419168">
        <ele>878.6531338038857</ele>
      </trkpt>
      <trkpt lat="36.8773364" lon="138.2419109">
        <ele>878.1490703172052</ele>
      </trkpt>
      <trkpt lat="36.8773122" lon="138.2419046">
        <ele>877.6761762463259</ele>
      </trkpt>
      <trkpt lat="36.877288" lon="138.2418983">
        <ele>877.2032823207328</ele>
      </trkpt>
      <trkpt lat="36.8772646" lon="138.2418932">
        <ele>876.7418103249375</ele>
      </trkpt>
      <trkpt lat="36.8772412" lon="138.2418882">
        <ele>876.2762271831606</ele>
      </trkpt>
      <trkpt lat="36.8772165" lon="138.2418849">
        <ele>875.7862905767292</ele>
      </trkpt>
      <trkpt lat="36.8771918" lon="138.2418817">
        <ele>875.271449840349</ele>
      </trkpt>
      <trkpt lat="36.8771655" lon="138.2418794">
        <ele>874.7271295257849</ele>
      </trkpt>
      <trkpt lat="36.8771393" lon="138.2418771">
        <ele>874.1793045857223</ele>
      </trkpt>
      <trkpt lat="36.877112" lon="138.2418749">
        <ele>873.5978893195584</ele>
      </trkpt>
      <trkpt lat="36.8770848" lon="138.2418727">
        <ele>873.0165398686145</ele>
      </trkpt>
      <trkpt lat="36.8770581" lon="138.2418703">
        <ele>872.4086415935412</ele>
      </trkpt>
      <trkpt lat="36.8770314" lon="138.2418679">
        <ele>871.7956456405859</ele>
      </trkpt>
      <trkpt lat="36.8770053" lon="138.2418652">
        <ele>871.1967215496629</ele>
      </trkpt>
      <trkpt lat="36.8769793" lon="138.2418626">
        <ele>870.5979974539364</ele>
      </trkpt>
      <trkpt lat="36.8769524" lon="138.2418597">
        <ele>869.9751886422007</ele>
      </trkpt>
      <trkpt lat="36.8769256" lon="138.2418569">
        <ele>869.3431262493136</ele>
      </trkpt>
      <trkpt lat="36.8768979" lon="138.2418528">
        <ele>868.6785028103743</ele>
      </trkpt>
      <trkpt lat="36.8768702" lon="138.2418488">
        <ele>868.0203510659285</ele>
      </trkpt>
      <trkpt lat="36.8768432" lon="138.2418453">
        <ele>867.4141621450897</ele>
      </trkpt>
      <trkpt lat="36.8768163" lon="138.2418419">
        <ele>866.8106241981268</ele>
      </trkpt>
      <trkpt lat="36.8767911" lon="138.2418376">
        <ele>866.2581576537021</ele>
      </trkpt>
      <trkpt lat="36.876766" lon="138.2418334">
        <ele>865.7242792344538</ele>
      </trkpt>
      <trkpt lat="36.876742" lon="138.2418271">
        <ele>865.2089671607968</ele>
      </trkpt>
      <trkpt lat="36.8767181" lon="138.2418208">
        <ele>864.7633728825791</ele>
      </trkpt>
      <trkpt lat="36.8766937" lon="138.2418105">
        <ele>864.2978008705823</ele>
      </trkpt>
      <trkpt lat="36.8766694" lon="138.2418003">
        <ele>863.8430191308873</ele>
      </trkpt>
      <trkpt lat="36.8766448" lon="138.2417873">
        <ele>863.4572678338409</ele>
      </trkpt>
      <trkpt lat="36.8766202" lon="138.2417744">
        <ele>863.0972662397103</ele>
      </trkpt>
      <trkpt lat="36.8765967" lon="138.241759">
        <ele>862.7681610000473</ele>
      </trkpt>
      <trkpt lat="36.8765733" lon="138.2417437">
        <ele>862.5244860022764</ele>
      </trkpt>
      <trkpt lat="36.8765502" lon="138.241728">
        <ele>862.2308565678669</ele>
      </trkpt>
      <trkpt lat="36.8765271" lon="138.2417123">
        <ele>861.9253630837528</ele>
      </trkpt>
      <trkpt lat="36.8765036" lon="138.2416973">
        <ele>861.6676318731512</ele>
      </trkpt>
      <trkpt lat="36.8764802" lon="138.2416824">
        <ele>861.4469021433365</ele>
      </trkpt>
      <trkpt lat="36.8764571" lon="138.2416668">
        <ele>861.2447067686658</ele>
      </trkpt>
      <trkpt lat="36.8764341" lon="138.2416513">
        <ele>861.0159059868923</ele>
      </trkpt>
      <trkpt lat="36.8764108" lon="138.2416352">
        <ele>860.7561519698846</ele>
      </trkpt>
      <trkpt lat="36.8763876" lon="138.2416192">
        <ele>860.5054014857598</ele>
      </trkpt>
      <trkpt lat="36.8763629" lon="138.2416034">
        <ele>860.1883540918545</ele>
      </trkpt>
      <trkpt lat="36.8763383" lon="138.2415876">
        <ele>859.8985924547915</ele>
      </trkpt>
      <trkpt lat="36.8763125" lon="138.2415721">
        <ele>859.6256616180742</ele>
      </trkpt>
      <trkpt lat="36.8762868" lon="138.2415566">
        <ele>859.3402206484634</ele>
      </trkpt>
      <trkpt lat="36.8762614" lon="138.2415396">
        <ele>859.0661241464519</ele>
      </trkpt>
      <trkpt lat="36.8762361" lon="138.2415227">
        <ele>858.7482869166497</ele>
      </trkpt>
      <trkpt lat="36.8762112" lon="138.2415058">
        <ele>858.4555211698773</ele>
      </trkpt>
      <trkpt lat="36.8761864" lon="138.241489">
        <ele>858.204643163158</ele>
      </trkpt>
      <trkpt lat="36.8761614" lon="138.2414714">
        <ele>857.9279261672177</ele>
      </trkpt>
      <trkpt lat="36.8761365" lon="138.2414539">
        <ele>857.6867910233293</ele>
      </trkpt>
      <trkpt lat="36.8761118" lon="138.2414337">
        <ele>857.4816526389347</ele>
      </trkpt>
      <trkpt lat="36.8760871" lon="138.2414135">
        <ele>857.2685216857626</ele>
      </trkpt>
      <trkpt lat="36.8760641" lon="138.2413935">
        <ele>857.0922107782376</ele>
      </trkpt>
      <trkpt lat="36.8760412" lon="138.2413735">
        <ele>856.8875722694058</ele>
      </trkpt>
      <trkpt lat="36.8760231" lon="138.2413512">
        <ele>856.7382655631794</ele>
      </trkpt>
      <trkpt lat="36.876005" lon="138.241329">
        <ele>856.6164347571863</ele>
      </trkpt>
      <trkpt lat="36.875989" lon="138.2413031">
        <ele>856.5208673809374</ele>
      </trkpt>
      <trkpt lat="36.875973" lon="138.2412772">
        <ele>856.4331555381743</ele>
      </trkpt>
      <trkpt lat="36.8759551" lon="138.2412529">
        <ele>856.3686167656535</ele>
      </trkpt>
      <trkpt lat="36.8759373" lon="138.2412286">
        <ele>856.3337625096868</ele>
      </trkpt>
      <trkpt lat="36.8759163" lon="138.2412118">
        <ele>856.2735238376031</ele>
      </trkpt>
      <trkpt lat="36.8758954" lon="138.241195">
        <ele>856.2235657712703</ele>
      </trkpt>
      <trkpt lat="36.8758712" lon="138.2411884">
        <ele>856.2063807839645</ele>
      </trkpt>
      <trkpt lat="36.875847" lon="138.2411818">
        <ele>856.2000370165076</ele>
      </trkpt>
      <trkpt lat="36.8758212" lon="138.2411835">
        <ele>856.1644713321745</ele>
      </trkpt>
      <trkpt lat="36.8757955" lon="138.2411852">
        <ele>856.1223617166735</ele>
      </trkpt>
      <trkpt lat="36.8757704" lon="138.2411908">
        <ele>856.0841527816127</ele>
      </trkpt>
      <trkpt lat="36.8757453" lon="138.2411965">
        <ele>856.0935014595905</ele>
      </trkpt>
      <trkpt lat="36.8757213" lon="138.2412023">
        <ele>856.091896525146</ele>
      </trkpt>
      <trkpt lat="36.8756973" lon="138.2412081">
        <ele>856.0978495218793</ele>
      </trkpt>
      <trkpt lat="36.8756729" lon="138.2412111">
        <ele>856.1342884529904</ele>
      </trkpt>
      <trkpt lat="36.8756486" lon="138.2412141">
        <ele>856.1630770430525</ele>
      </trkpt>
      <trkpt lat="36.8756272" lon="138.2412218">
        <ele>856.1704679727759</ele>
      </trkpt>
      <trkpt lat="36.8756058" lon="138.2412296">
        <ele>856.1779005902414</ele>
      </trkpt>
      <trkpt lat="36.8755909" lon="138.2412483">
        <ele>856.0086977888624</ele>
      </trkpt>
      <trkpt lat="36.8755761" lon="138.2412671">
        <ele>855.8284034363232</ele>
      </trkpt>
      <trkpt lat="36.8755623" lon="138.2412904">
        <ele>855.6014696106638</ele>
      </trkpt>
      <trkpt lat="36.8755485" lon="138.2413138">
        <ele>855.3657141661284</ele>
      </trkpt>
      <trkpt lat="36.8755329" lon="138.2413318">
        <ele>855.1594746223066</ele>
      </trkpt>
      <trkpt lat="36.8755174" lon="138.2413498">
        <ele>854.9337275377616</ele>
      </trkpt>
      <trkpt lat="36.8755035" lon="138.2413613">
        <ele>854.7959300365466</ele>
      </trkpt>
      <trkpt lat="36.8754897" lon="138.2413729">
        <ele>854.6906583767621</ele>
      </trkpt>
      <trkpt lat="36.8754778" lon="138.2413815">
        <ele>854.6282696955088</ele>
      </trkpt>
      <trkpt lat="36.875466" lon="138.2413901">
        <ele>854.5616696240673</ele>
      </trkpt>
      <trkpt lat="36.875454" lon="138.241397">
        <ele>854.5208566142541</ele>
      </trkpt>
      <trkpt lat="36.8754421" lon="138.241404">
        <ele>854.4544199291471</ele>
      </trkpt>
      <trkpt lat="36.8754291" lon="138.2414092">
        <ele>854.4347617840453</ele>
      </trkpt>
      <trkpt lat="36.8754161" lon="138.2414145">
        <ele>854.4222487243433</ele>
      </trkpt>
      <trkpt lat="36.8754017" lon="138.2414163">
        <ele>854.4972950213587</ele>
      </trkpt>
      <trkpt lat="36.8753873" lon="138.2414182">
        <ele>854.5682149401907</ele>
      </trkpt>
      <trkpt lat="36.8753721" lon="138.2414166">
        <ele>854.7282639989239</ele>
      </trkpt>
      <trkpt lat="36.875357" lon="138.2414151">
        <ele>854.8889028645447</ele>
      </trkpt>
      <trkpt lat="36.8753429" lon="138.2414109">
        <ele>855.1117893839763</ele>
      </trkpt>
      <trkpt lat="36.8753289" lon="138.2414067">
        <ele>855.3358300521745</ele>
      </trkpt>
      <trkpt lat="36.8753159" lon="138.2414001">
        <ele>855.6139107140632</ele>
      </trkpt>
      <trkpt lat="36.875303" lon="138.2413935">
        <ele>855.882605892255</ele>
      </trkpt>
      <trkpt lat="36.8752923" lon="138.2413841">
        <ele>856.1646423305665</ele>
      </trkpt>
      <trkpt lat="36.8752816" lon="138.2413748">
        <ele>856.4177213013792</ele>
      </trkpt>
      <trkpt lat="36.875273" lon="138.2413644">
        <ele>856.678928858644</ele>
      </trkpt>
      <trkpt lat="36.8752644" lon="138.241354">
        <ele>856.9371010021841</ele>
      </trkpt>
      <trkpt lat="36.8752563" lon="138.2413432">
        <ele>857.1978937814417</ele>
      </trkpt>
      <trkpt lat="36.8752482" lon="138.2413324">
        <ele>857.4557176659723</ele>
      </trkpt>
      <trkpt lat="36.8752401" lon="138.2413207">
        <ele>857.728606047671</ele>
      </trkpt>
      <trkpt lat="36.8752321" lon="138.241309">
        <ele>857.9964323619149</ele>
      </trkpt>
      <trkpt lat="36.8752246" lon="138.2412992">
        <ele>858.2087574967625</ele>
      </trkpt>
      <trkpt lat="36.8752172" lon="138.2412895">
        <ele>858.408231106778</ele>
      </trkpt>
      <trkpt lat="36.8752109" lon="138.2412804">
        <ele>858.5916044771507</ele>
      </trkpt>
      <trkpt lat="36.8752046" lon="138.2412714">
        <ele>858.7712052243554</ele>
      </trkpt>
      <trkpt lat="36.8752002" lon="138.2412621">
        <ele>858.9503441698965</ele>
      </trkpt>
      <trkpt lat="36.8751959" lon="138.2412529">
        <ele>859.1260881512629</ele>
      </trkpt>
      <trkpt lat="36.8751923" lon="138.241242">
        <ele>859.3299429884036</ele>
      </trkpt>
      <trkpt lat="36.8751887" lon="138.2412312">
        <ele>859.5306661210205</ele>
      </trkpt>
      <trkpt lat="36.8751849" lon="138.2412199">
        <ele>859.7259898404465</ele>
      </trkpt>
      <trkpt lat="36.8751811" lon="138.2412086">
        <ele>859.8978613117648</ele>
      </trkpt>
      <trkpt lat="36.8751771" lon="138.2411986">
        <ele>860.0479015505274</ele>
      </trkpt>
      <trkpt lat="36.8751732" lon="138.2411886">
        <ele>860.1952022336925</ele>
      </trkpt>
      <trkpt lat="36.8751689" lon="138.2411795">
        <ele>860.3268975915818</ele>
      </trkpt>
      <trkpt lat="36.8751647" lon="138.2411705">
        <ele>860.4545528533401</ele>
      </trkpt>
      <trkpt lat="36.8751604" lon="138.241161">
        <ele>860.5866087936467</ele>
      </trkpt>
      <trkpt lat="36.8751562" lon="138.2411515">
        <ele>860.7084327968037</ele>
      </trkpt>
      <trkpt lat="36.8751516" lon="138.2411414">
        <ele>860.8227896052916</ele>
      </trkpt>
      <trkpt lat="36.8751471" lon="138.2411313">
        <ele>860.9418935393371</ele>
      </trkpt>
      <trkpt lat="36.8751432" lon="138.2411203">
        <ele>861.0761568080956</ele>
      </trkpt>
      <trkpt lat="36.8751394" lon="138.2411093">
        <ele>861.2067832919606</ele>
      </trkpt>
      <trkpt lat="36.8751372" lon="138.2410972">
        <ele>861.3612507373319</ele>
      </trkpt>
      <trkpt lat="36.8751351" lon="138.2410851">
        <ele>861.5138621179597</ele>
      </trkpt>
      <trkpt lat="36.8751342" lon="138.241073">
        <ele>861.6748761244279</ele>
      </trkpt>
      <trkpt lat="36.8751333" lon="138.241061">
        <ele>861.8333917325702</ele>
      </trkpt>
      <trkpt lat="36.875133" lon="138.2410494">
        <ele>861.9877227951492</ele>
      </trkpt>
      <trkpt lat="36.8751328" lon="138.2410378">
        <ele>862.1330399519592</ele>
      </trkpt>
      <trkpt lat="36.8751335" lon="138.2410265">
        <ele>862.2846849017938</ele>
      </trkpt>
      <trkpt lat="36.8751342" lon="138.2410153">
        <ele>862.4358574756164</ele>
      </trkpt>
      <trkpt lat="36.8751352" lon="138.2410041">
        <ele>862.5916279394834</ele>
      </trkpt>
      <trkpt lat="36.8751362" lon="138.2409929">
        <ele>862.74853871571</ele>
      </trkpt>
      <trkpt lat="36.8751373" lon="138.240981">
        <ele>862.9170249170184</ele>
      </trkpt>
      <trkpt lat="36.8751385" lon="138.2409691">
        <ele>863.0882885893359</ele>
      </trkpt>
      <trkpt lat="36.8751401" lon="138.2409562">
        <ele>863.2956424437616</ele>
      </trkpt>
      <trkpt lat="36.8751417" lon="138.2409434">
        <ele>863.506376888364</ele>
      </trkpt>
      <trkpt lat="36.8751433" lon="138.2409292">
        <ele>863.7390147954548</ele>
      </trkpt>
      <trkpt lat="36.875145" lon="138.240915">
        <ele>863.9748270843136</ele>
      </trkpt>
      <trkpt lat="36.8751463" lon="138.2408983">
        <ele>864.2424417010889</ele>
      </trkpt>
      <trkpt lat="36.8751477" lon="138.2408817">
        <ele>864.5117953232641</ele>
      </trkpt>
      <trkpt lat="36.8751493" lon="138.2408618">
        <ele>864.8604644206603</ele>
      </trkpt>
      <trkpt lat="36.875151" lon="138.240842">
        <ele>865.2113899437975</ele>
      </trkpt>
      <trkpt lat="36.8751529" lon="138.2408211">
        <ele>865.5850027120814</ele>
      </trkpt>
      <trkpt lat="36.8751549" lon="138.2408002">
        <ele>865.9618479530274</ele>
      </trkpt>
      <trkpt lat="36.8751571" lon="138.2407788">
        <ele>866.3899589983007</ele>
      </trkpt>
      <trkpt lat="36.8751593" lon="138.2407574">
        <ele>866.8191852477487</ele>
      </trkpt>
      <trkpt lat="36.8751618" lon="138.2407374">
        <ele>867.2204426592266</ele>
      </trkpt>
      <trkpt lat="36.8751643" lon="138.2407175">
        <ele>867.6215218797565</ele>
      </trkpt>
      <trkpt lat="36.8751664" lon="138.240699">
        <ele>868.0052542960258</ele>
      </trkpt>
      <trkpt lat="36.8751686" lon="138.2406805">
        <ele>868.4010673325113</ele>
      </trkpt>
      <trkpt lat="36.87517" lon="138.2406651">
        <ele>868.7262589063807</ele>
      </trkpt>
      <trkpt lat="36.8751715" lon="138.2406497">
        <ele>869.0534484891624</ele>
      </trkpt>
      <trkpt lat="36.8751738" lon="138.2406387">
        <ele>869.3034221339924</ele>
      </trkpt>
      <trkpt lat="36.8751762" lon="138.2406278">
        <ele>869.5535462620744</ele>
      </trkpt>
      <trkpt lat="36.8751805" lon="138.2406187">
        <ele>869.7896049726376</ele>
      </trkpt>
      <trkpt lat="36.8751848" lon="138.2406096">
        <ele>870.0246268683655</ele>
      </trkpt>
      <trkpt lat="36.8751897" lon="138.2406013">
        <ele>870.254859527032</ele>
      </trkpt>
      <trkpt lat="36.8751946" lon="138.2405931">
        <ele>870.4858638301363</ele>
      </trkpt>
      <trkpt lat="36.8751988" lon="138.2405844">
        <ele>870.7195189304821</ele>
      </trkpt>
      <trkpt lat="36.8752031" lon="138.2405758">
        <ele>870.9551094473137</ele>
      </trkpt>
      <trkpt lat="36.8752065" lon="138.2405656">
        <ele>871.2121619237599</ele>
      </trkpt>
      <trkpt lat="36.8752099" lon="138.2405555">
        <ele>871.4695275437423</ele>
      </trkpt>
      <trkpt lat="36.875212" lon="138.2405442">
        <ele>871.7333139321947</ele>
      </trkpt>
      <trkpt lat="36.8752142" lon="138.240533">
        <ele>871.9721935732141</ele>
      </trkpt>
      <trkpt lat="36.8752151" lon="138.2405202">
        <ele>872.1780758895194</ele>
      </trkpt>
      <trkpt lat="36.8752161" lon="138.2405074">
        <ele>872.3860025932865</ele>
      </trkpt>
      <trkpt lat="36.8752161" lon="138.2404926">
        <ele>872.6075512861245</ele>
      </trkpt>
      <trkpt lat="36.8752162" lon="138.2404779">
        <ele>872.8293065095417</ele>
      </trkpt>
      <trkpt lat="36.8752179" lon="138.240463">
        <ele>873.0817664387104</ele>
      </trkpt>
      <trkpt lat="36.8752197" lon="138.2404482">
        <ele>873.3189176796484</ele>
      </trkpt>
      <trkpt lat="36.8752246" lon="138.2404347">
        <ele>873.5461151154259</ele>
      </trkpt>
      <trkpt lat="36.8752295" lon="138.2404212">
        <ele>873.753069676698</ele>
      </trkpt>
      <trkpt lat="36.8752364" lon="138.2404092">
        <ele>873.954844540239</ele>
      </trkpt>
      <trkpt lat="36.8752434" lon="138.2403972">
        <ele>874.160541663211</ele>
      </trkpt>
      <trkpt lat="36.8752509" lon="138.2403858">
        <ele>874.368212541367</ele>
      </trkpt>
      <trkpt lat="36.8752584" lon="138.2403745">
        <ele>874.5776824245683</ele>
      </trkpt>
      <trkpt lat="36.8752647" lon="138.2403624">
        <ele>874.7515098190391</ele>
      </trkpt>
      <trkpt lat="36.8752711" lon="138.2403504">
        <ele>874.8495309108444</ele>
      </trkpt>
      <trkpt lat="36.8752789" lon="138.2403378">
        <ele>874.9683585140282</ele>
      </trkpt>
      <trkpt lat="36.8752867" lon="138.2403253">
        <ele>875.0903028969597</ele>
      </trkpt>
      <trkpt lat="36.8752978" lon="138.240312">
        <ele>875.2382832955077</ele>
      </trkpt>
      <trkpt lat="36.8753089" lon="138.2402988">
        <ele>875.3278629100804</ele>
      </trkpt>
      <trkpt lat="36.8753221" lon="138.2402857">
        <ele>875.4389092185259</ele>
      </trkpt>
      <trkpt lat="36.8753353" lon="138.2402727">
        <ele>875.5056276822463</ele>
      </trkpt>
      <trkpt lat="36.8753476" lon="138.2402615">
        <ele>875.5466018443614</ele>
      </trkpt>
      <trkpt lat="36.87536" lon="138.2402503">
        <ele>875.6023364502128</ele>
      </trkpt>
      <trkpt lat="36.8753713" lon="138.2402387">
        <ele>875.6300677628117</ele>
      </trkpt>
      <trkpt lat="36.8753826" lon="138.2402271">
        <ele>875.6544270046993</ele>
      </trkpt>
      <trkpt lat="36.8753933" lon="138.2402119">
        <ele>875.6862963471692</ele>
      </trkpt>
      <trkpt lat="36.8754041" lon="138.2401967">
        <ele>875.7352951909669</ele>
      </trkpt>
      <trkpt lat="36.8754157" lon="138.2401797">
        <ele>875.6364064065386</ele>
      </trkpt>
      <trkpt lat="36.8754274" lon="138.2401627">
        <ele>875.5306178052854</ele>
      </trkpt>
      <trkpt lat="36.8754406" lon="138.2401462">
        <ele>875.4152954399306</ele>
      </trkpt>
      <trkpt lat="36.8754538" lon="138.2401297">
        <ele>875.2925194205893</ele>
      </trkpt>
      <trkpt lat="36.8754683" lon="138.2401144">
        <ele>875.2076820785661</ele>
      </trkpt>
      <trkpt lat="36.8754828" lon="138.2400992">
        <ele>875.0783909111071</ele>
      </trkpt>
      <trkpt lat="36.8754972" lon="138.2400841">
        <ele>874.9352333135905</ele>
      </trkpt>
      <trkpt lat="36.8755117" lon="138.2400691">
        <ele>874.7775074957244</ele>
      </trkpt>
      <trkpt lat="36.8755268" lon="138.2400531">
        <ele>874.6220446793541</ele>
      </trkpt>
      <trkpt lat="36.875542" lon="138.2400371">
        <ele>874.499864167321</ele>
      </trkpt>
      <trkpt lat="36.8755581" lon="138.24002">
        <ele>874.3806521636618</ele>
      </trkpt>
      <trkpt lat="36.8755743" lon="138.240003">
        <ele>874.1213806692077</ele>
      </trkpt>
      <trkpt lat="36.8755904" lon="138.2399855">
        <ele>873.7822441641321</ele>
      </trkpt>
      <trkpt lat="36.8756065" lon="138.239968">
        <ele>873.4909179176012</ele>
      </trkpt>
      <trkpt lat="36.8756218" lon="138.2399486">
        <ele>873.2189629270422</ele>
      </trkpt>
      <trkpt lat="36.8756371" lon="138.2399293">
        <ele>872.9549855556213</ele>
      </trkpt>
      <trkpt lat="36.8756521" lon="138.2399076">
        <ele>872.5095144064542</ele>
      </trkpt>
      <trkpt lat="36.8756671" lon="138.239886">
        <ele>872.1091515614235</ele>
      </trkpt>
      <trkpt lat="36.8756821" lon="138.2398622">
        <ele>871.7309025139825</ele>
      </trkpt>
      <trkpt lat="36.8756972" lon="138.2398384">
        <ele>871.3400973051847</ele>
      </trkpt>
      <trkpt lat="36.8757115" lon="138.2398122">
        <ele>870.8436604153262</ele>
      </trkpt>
      <trkpt lat="36.8757258" lon="138.2397861">
        <ele>870.2820739401953</ele>
      </trkpt>
      <trkpt lat="36.8757395" lon="138.2397584">
        <ele>869.7273202553388</ele>
      </trkpt>
      <trkpt lat="36.8757533" lon="138.2397307">
        <ele>869.170286720221</ele>
      </trkpt>
      <trkpt lat="36.8757644" lon="138.239703">
        <ele>868.6756751190086</ele>
      </trkpt>
      <trkpt lat="36.8757755" lon="138.2396753">
        <ele>868.2144266578571</ele>
      </trkpt>
      <trkpt lat="36.875784" lon="138.2396477">
        <ele>867.5867820281492</ele>
      </trkpt>
      <trkpt lat="36.8757926" lon="138.2396202">
        <ele>866.9972343276637</ele>
      </trkpt>
      <trkpt lat="36.8758008" lon="138.239593">
        <ele>866.4534390498998</ele>
      </trkpt>
      <trkpt lat="36.8758091" lon="138.2395658">
        <ele>865.9164801103059</ele>
      </trkpt>
      <trkpt lat="36.8758179" lon="138.2395397">
        <ele>865.4398510733895</ele>
      </trkpt>
      <trkpt lat="36.8758267" lon="138.2395137">
        <ele>865.0039782909056</ele>
      </trkpt>
      <trkpt lat="36.8758366" lon="138.2394891">
        <ele>864.641442556801</ele>
      </trkpt>
      <trkpt lat="36.8758465" lon="138.2394645">
        <ele>864.2838272160209</ele>
      </trkpt>
      <trkpt lat="36.8758597" lon="138.2394406">
        <ele>863.8545657061733</ele>
      </trkpt>
      <trkpt lat="36.875873" lon="138.2394167">
        <ele>863.4964533069416</ele>
      </trkpt>
      <trkpt lat="36.8758861" lon="138.2393928">
        <ele>863.2153810836313</ele>
      </trkpt>
      <trkpt lat="36.8758993" lon="138.2393689">
        <ele>862.9770254321804</ele>
      </trkpt>
      <trkpt lat="36.8759096" lon="138.2393455">
        <ele>862.775373825766</ele>
      </trkpt>
      <trkpt lat="36.8759199" lon="138.2393221">
        <ele>862.5533369992907</ele>
      </trkpt>
      <trkpt lat="36.8759295" lon="138.2392993">
        <ele>862.3459058832102</ele>
      </trkpt>
      <trkpt lat="36.8759391" lon="138.2392765">
        <ele>862.1681883563833</ele>
      </trkpt>
      <trkpt lat="36.8759479" lon="138.2392527">
        <ele>862.0145818205965</ele>
      </trkpt>
      <trkpt lat="36.8759567" lon="138.2392289">
        <ele>861.9142039928215</ele>
      </trkpt>
      <trkpt lat="36.8759631" lon="138.2392034">
        <ele>861.8317319517719</ele>
      </trkpt>
      <trkpt lat="36.8759696" lon="138.239178">
        <ele>861.7722209842834</ele>
      </trkpt>
      <trkpt lat="36.8759732" lon="138.2391497">
        <ele>861.7266716123577</ele>
      </trkpt>
      <trkpt lat="36.8759768" lon="138.2391215">
        <ele>861.7103536639513</ele>
      </trkpt>
      <trkpt lat="36.8759783" lon="138.2390935">
        <ele>861.6848099444538</ele>
      </trkpt>
      <trkpt lat="36.8759799" lon="138.2390655">
        <ele>861.6797996777026</ele>
      </trkpt>
      <trkpt lat="36.8759841" lon="138.2390402">
        <ele>861.7011566802275</ele>
      </trkpt>
      <trkpt lat="36.8759884" lon="138.239015">
        <ele>861.7118002925376</ele>
      </trkpt>
      <trkpt lat="36.8759973" lon="138.2389916">
        <ele>861.7471126049703</ele>
      </trkpt>
      <trkpt lat="36.8760062" lon="138.2389682">
        <ele>861.8200391842626</ele>
      </trkpt>
      <trkpt lat="36.8760182" lon="138.2389447">
        <ele>861.9214105864528</ele>
      </trkpt>
      <trkpt lat="36.8760303" lon="138.2389212">
        <ele>862.0424571005691</ele>
      </trkpt>
      <trkpt lat="36.8760433" lon="138.2388963">
        <ele>862.2039104029152</ele>
      </trkpt>
      <trkpt lat="36.8760564" lon="138.2388714">
        <ele>862.3550335282007</ele>
      </trkpt>
      <trkpt lat="36.876069" lon="138.2388444">
        <ele>862.4763491702117</ele>
      </trkpt>
      <trkpt lat="36.8760816" lon="138.2388175">
        <ele>862.6119598542725</ele>
      </trkpt>
      <trkpt lat="36.8760923" lon="138.2387905">
        <ele>862.7145327592137</ele>
      </trkpt>
      <trkpt lat="36.876103" lon="138.2387635">
        <ele>862.8367152129556</ele>
      </trkpt>
      <trkpt lat="36.8761128" lon="138.238738">
        <ele>862.9692544173777</ele>
      </trkpt>
      <trkpt lat="36.8761227" lon="138.2387126">
        <ele>863.027674525142</ele>
      </trkpt>
      <trkpt lat="36.8761352" lon="138.2386889">
        <ele>863.0031470509474</ele>
      </trkpt>
      <trkpt lat="36.8761477" lon="138.2386652">
        <ele>862.9886737892639</ele>
      </trkpt>
      <trkpt lat="36.8761645" lon="138.2386439">
        <ele>862.914109166366</ele>
      </trkpt>
      <trkpt lat="36.8761813" lon="138.2386227">
        <ele>862.7413777613339</ele>
      </trkpt>
      <trkpt lat="36.876201" lon="138.2386043">
        <ele>862.4594504495903</ele>
      </trkpt>
      <trkpt lat="36.8762208" lon="138.2385859">
        <ele>862.1322212781754</ele>
      </trkpt>
      <trkpt lat="36.8762409" lon="138.2385687">
        <ele>861.8165155525323</ele>
      </trkpt>
      <trkpt lat="36.8762611" lon="138.2385516">
        <ele>861.4147385396805</ele>
      </trkpt>
      <trkpt lat="36.8762792" lon="138.2385326">
        <ele>860.897504207155</ele>
      </trkpt>
      <trkpt lat="36.8762973" lon="138.2385136">
        <ele>860.3919411923346</ele>
      </trkpt>
      <trkpt lat="36.8763098" lon="138.2384916">
        <ele>859.9955898088033</ele>
      </trkpt>
      <trkpt lat="36.8763223" lon="138.2384697">
        <ele>859.5528119803758</ele>
      </trkpt>
      <trkpt lat="36.8763305" lon="138.2384442">
        <ele>859.0229941692</ele>
      </trkpt>
      <trkpt lat="36.8763387" lon="138.2384188">
        <ele>858.4810938905914</ele>
      </trkpt>
      <trkpt lat="36.876346" lon="138.2383914">
        <ele>857.9425238157046</ele>
      </trkpt>
      <trkpt lat="36.8763534" lon="138.2383641">
        <ele>857.2791846162788</ele>
      </trkpt>
      <trkpt lat="36.8763622" lon="138.2383375">
        <ele>856.6153614384821</ele>
      </trkpt>
      <trkpt lat="36.8763711" lon="138.238311">
        <ele>855.974791451421</ele>
      </trkpt>
      <trkpt lat="36.876381" lon="138.2382874">
        <ele>855.322136630361</ele>
      </trkpt>
      <trkpt lat="36.8763909" lon="138.2382639">
        <ele>854.6717983098844</ele>
      </trkpt>
      <trkpt lat="36.8763988" lon="138.2382421">
        <ele>854.0874042108649</ele>
      </trkpt>
      <trkpt lat="36.8764067" lon="138.2382204">
        <ele>853.519534543655</ele>
      </trkpt>
      <trkpt lat="36.8764133" lon="138.2381988">
        <ele>852.9942464001042</ele>
      </trkpt>
      <trkpt lat="36.87642" lon="138.2381772">
        <ele>852.4814256891598</ele>
      </trkpt>
      <trkpt lat="36.8764276" lon="138.2381537">
        <ele>851.9344967169789</ele>
      </trkpt>
      <trkpt lat="36.8764353" lon="138.2381302">
        <ele>851.3982588928427</ele>
      </trkpt>
      <trkpt lat="36.8764453" lon="138.2381042">
        <ele>850.788748681825</ele>
      </trkpt>
      <trkpt lat="36.8764553" lon="138.2380782">
        <ele>850.2321824381518</ele>
      </trkpt>
      <trkpt lat="36.8764676" lon="138.2380505">
        <ele>849.660094394102</ele>
      </trkpt>
      <trkpt lat="36.87648" lon="138.2380228">
        <ele>849.1250888013344</ele>
      </trkpt>
      <trkpt lat="36.8764929" lon="138.2379944">
        <ele>848.6479394532118</ele>
      </trkpt>
      <trkpt lat="36.8765058" lon="138.237966">
        <ele>848.2453922862419</ele>
      </trkpt>
      <trkpt lat="36.8765186" lon="138.2379403">
        <ele>847.9477958740483</ele>
      </trkpt>
      <trkpt lat="36.8765314" lon="138.2379147">
        <ele>847.7050128805665</ele>
      </trkpt>
      <trkpt lat="36.8765433" lon="138.2378939">
        <ele>847.4495267703098</ele>
      </trkpt>
      <trkpt lat="36.8765552" lon="138.2378732">
        <ele>847.2394407893742</ele>
      </trkpt>
      <trkpt lat="36.8765665" lon="138.2378552">
        <ele>847.0939459863478</ele>
      </trkpt>
      <trkpt lat="36.8765778" lon="138.2378372">
        <ele>846.9760635450799</ele>
      </trkpt>
      <trkpt lat="36.8765892" lon="138.2378178">
        <ele>846.8813434339227</ele>
      </trkpt>
      <trkpt lat="36.8766007" lon="138.2377984">
        <ele>846.8077671948286</ele>
      </trkpt>
      <trkpt lat="36.8766093" lon="138.2377781">
        <ele>846.6921548001975</ele>
      </trkpt>
      <trkpt lat="36.876618" lon="138.2377579">
        <ele>846.5936267761349</ele>
      </trkpt>
      <trkpt lat="36.8766225" lon="138.2377357">
        <ele>846.5359479757385</ele>
      </trkpt>
      <trkpt lat="36.876627" lon="138.2377135">
        <ele>846.4884405519141</ele>
      </trkpt>
      <trkpt lat="36.8766312" lon="138.2376875">
        <ele>846.4606206387568</ele>
      </trkpt>
      <trkpt lat="36.8766355" lon="138.2376615">
        <ele>846.4457264940258</ele>
      </trkpt>
      <trkpt lat="36.8766428" lon="138.2376339">
        <ele>846.4328891542639</ele>
      </trkpt>
      <trkpt lat="36.8766501" lon="138.2376063">
        <ele>846.4184650529213</ele>
      </trkpt>
      <trkpt lat="36.8766596" lon="138.2375787">
        <ele>846.4006577242046</ele>
      </trkpt>
      <trkpt lat="36.8766691" lon="138.2375512">
        <ele>846.3903392340096</ele>
      </trkpt>
      <trkpt lat="36.8766794" lon="138.2375246">
        <ele>846.2850389928974</ele>
      </trkpt>
      <trkpt lat="36.8766898" lon="138.2374981">
        <ele>846.2171932343857</ele>
      </trkpt>
      <trkpt lat="36.876701" lon="138.2374731">
        <ele>846.157005546959</ele>
      </trkpt>
      <trkpt lat="36.8767123" lon="138.2374481">
        <ele>846.1149483233536</ele>
      </trkpt>
      <trkpt lat="36.8767219" lon="138.2374247">
        <ele>846.1157590783325</ele>
      </trkpt>
      <trkpt lat="36.8767316" lon="138.2374013">
        <ele>846.1466250025703</ele>
      </trkpt>
      <trkpt lat="36.8767361" lon="138.2373774">
        <ele>846.2313958632169</ele>
      </trkpt>
      <trkpt lat="36.8767407" lon="138.2373535">
        <ele>846.2732846115225</ele>
      </trkpt>
      <trkpt lat="36.8767398" lon="138.2373288">
        <ele>846.346807100522</ele>
      </trkpt>
      <trkpt lat="36.8767389" lon="138.2373041">
        <ele>846.4173117707903</ele>
      </trkpt>
      <trkpt lat="36.8767354" lon="138.2372776">
        <ele>846.4942364160306</ele>
      </trkpt>
      <trkpt lat="36.876732" lon="138.2372511">
        <ele>846.4572413984458</ele>
      </trkpt>
      <trkpt lat="36.8767286" lon="138.2372213">
        <ele>846.4004934139443</ele>
      </trkpt>
      <trkpt lat="36.8767253" lon="138.2371915">
        <ele>846.3340056729276</ele>
      </trkpt>
      <trkpt lat="36.8767245" lon="138.2371593">
        <ele>846.2058360480571</ele>
      </trkpt>
      <trkpt lat="36.8767237" lon="138.2371271">
        <ele>846.0732462255886</ele>
      </trkpt>
      <trkpt lat="36.8767268" lon="138.2370943">
        <ele>845.9383386319523</ele>
      </trkpt>
      <trkpt lat="36.8767299" lon="138.2370616">
        <ele>845.7334284544737</ele>
      </trkpt>
      <trkpt lat="36.8767359" lon="138.2370308">
        <ele>845.5743353346849</ele>
      </trkpt>
      <trkpt lat="36.876742" lon="138.2370001">
        <ele>845.3868912091816</ele>
      </trkpt>
      <trkpt lat="36.8767471" lon="138.2369695">
        <ele>845.1946787687452</ele>
      </trkpt>
      <trkpt lat="36.8767522" lon="138.2369389">
        <ele>845.0077627858157</ele>
      </trkpt>
      <trkpt lat="36.8767528" lon="138.236908">
        <ele>844.811534738985</ele>
      </trkpt>
      <trkpt lat="36.8767535" lon="138.2368772">
        <ele>844.6173415102068</ele>
      </trkpt>
      <trkpt lat="36.8767526" lon="138.2368479">
        <ele>844.428914879227</ele>
      </trkpt>
      <trkpt lat="36.8767518" lon="138.2368186">
        <ele>844.2235485580295</ele>
      </trkpt>
      <trkpt lat="36.8767517" lon="138.2367883">
        <ele>844.0115905574767</ele>
      </trkpt>
      <trkpt lat="36.8767517" lon="138.2367581">
        <ele>843.8017256095882</ele>
      </trkpt>
      <trkpt lat="36.876751" lon="138.2367273">
        <ele>843.5994485057453</ele>
      </trkpt>
      <trkpt lat="36.8767503" lon="138.2366965">
        <ele>843.3993665498346</ele>
      </trkpt>
      <trkpt lat="36.8767494" lon="138.2366666">
        <ele>843.2015214917915</ele>
      </trkpt>
      <trkpt lat="36.8767486" lon="138.2366368">
        <ele>842.9897897303224</ele>
      </trkpt>
      <trkpt lat="36.8767504" lon="138.2366084">
        <ele>842.7783864834896</ele>
      </trkpt>
      <trkpt lat="36.8767522" lon="138.23658">
        <ele>842.5628165778148</ele>
      </trkpt>
      <trkpt lat="36.8767565" lon="138.2365527">
        <ele>842.3337494933313</ele>
      </trkpt>
      <trkpt lat="36.8767609" lon="138.2365255">
        <ele>842.0968401856087</ele>
      </trkpt>
      <trkpt lat="36.8767641" lon="138.2364978">
        <ele>841.862141304091</ele>
      </trkpt>
      <trkpt lat="36.8767673" lon="138.2364701">
        <ele>841.6452004852474</ele>
      </trkpt>
      <trkpt lat="36.8767655" lon="138.2364416">
        <ele>841.4590794242688</ele>
      </trkpt>
      <trkpt lat="36.8767638" lon="138.2364132">
        <ele>841.2708511704197</ele>
      </trkpt>
      <trkpt lat="36.8767592" lon="138.2363836">
        <ele>841.0866405429126</ele>
      </trkpt>
      <trkpt lat="36.8767547" lon="138.2363541">
        <ele>840.9069436097236</ele>
      </trkpt>
      <trkpt lat="36.876752" lon="138.2363221">
        <ele>840.6887248646947</ele>
      </trkpt>
      <trkpt lat="36.8767494" lon="138.2362901">
        <ele>840.4504671343147</ele>
      </trkpt>
      <trkpt lat="36.8767506" lon="138.2362574">
        <ele>840.1732926041361</ele>
      </trkpt>
      <trkpt lat="36.8767518" lon="138.2362247">
        <ele>839.8462314677431</ele>
      </trkpt>
      <trkpt lat="36.8767538" lon="138.2361943">
        <ele>839.5099865286619</ele>
      </trkpt>
      <trkpt lat="36.8767558" lon="138.236164">
        <ele>839.1747901652484</ele>
      </trkpt>
      <trkpt lat="36.876756" lon="138.2361341">
        <ele>838.8458930411865</ele>
      </trkpt>
      <trkpt lat="36.8767563" lon="138.2361042">
        <ele>838.5147559563752</ele>
      </trkpt>
      <trkpt lat="36.8767524" lon="138.2360756">
        <ele>838.2231425916084</ele>
      </trkpt>
      <trkpt lat="36.8767485" lon="138.236047">
        <ele>837.8600005872499</ele>
      </trkpt>
      <trkpt lat="36.8767424" lon="138.2360204">
        <ele>837.5228305712706</ele>
      </trkpt>
      <trkpt lat="36.8767364" lon="138.2359938">
        <ele>837.1690374036077</ele>
      </trkpt>
      <trkpt lat="36.8767327" lon="138.2359667">
        <ele>836.7652859223558</ele>
      </trkpt>
      <trkpt lat="36.8767291" lon="138.2359396">
        <ele>836.3554773501215</ele>
      </trkpt>
      <trkpt lat="36.876729" lon="138.235911">
        <ele>835.9470999219939</ele>
      </trkpt>
      <trkpt lat="36.8767289" lon="138.2358825">
        <ele>835.5607985558022</ele>
      </trkpt>
      <trkpt lat="36.876729" lon="138.2358552">
        <ele>835.2007734919292</ele>
      </trkpt>
      <trkpt lat="36.8767292" lon="138.2358279">
        <ele>834.842281506117</ele>
      </trkpt>
      <trkpt lat="36.8767273" lon="138.2358035">
        <ele>834.4981011502969</ele>
      </trkpt>
      <trkpt lat="36.8767255" lon="138.2357792">
        <ele>834.1579232471213</ele>
      </trkpt>
      <trkpt lat="36.876722" lon="138.2357568">
        <ele>833.8170205750039</ele>
      </trkpt>
      <trkpt lat="36.8767186" lon="138.2357344">
        <ele>833.4749080487301</ele>
      </trkpt>
      <trkpt lat="36.8767159" lon="138.2357119">
        <ele>833.2151390720895</ele>
      </trkpt>
      <trkpt lat="36.8767133" lon="138.2356895">
        <ele>832.9650071667559</ele>
      </trkpt>
      <trkpt lat="36.876715" lon="138.2356655">
        <ele>832.7707482455221</ele>
      </trkpt>
      <trkpt lat="36.8767168" lon="138.2356415">
        <ele>832.5953002311758</ele>
      </trkpt>
      <trkpt lat="36.8767233" lon="138.2356176">
        <ele>832.5791456766428</ele>
      </trkpt>
      <trkpt lat="36.8767298" lon="138.2355937">
        <ele>832.5629911321682</ele>
      </trkpt>
      <trkpt lat="36.8767399" lon="138.2355777">
        <ele>832.6297301787974</ele>
      </trkpt>
      <trkpt lat="36.87675" lon="138.2355618">
        <ele>832.6261294975335</ele>
      </trkpt>
      <trkpt lat="36.8767628" lon="138.2355568">
        <ele>832.7223036994694</ele>
      </trkpt>
      <trkpt lat="36.8767756" lon="138.2355519">
        <ele>832.8284529546743</ele>
      </trkpt>
      <trkpt lat="36.87679" lon="138.2355537">
        <ele>832.9563905690334</ele>
      </trkpt>
      <trkpt lat="36.8768044" lon="138.2355556">
        <ele>833.0844447156883</ele>
      </trkpt>
      <trkpt lat="36.8768192" lon="138.2355595">
        <ele>833.0212728396993</ele>
      </trkpt>
      <trkpt lat="36.876834" lon="138.2355634">
        <ele>832.948680257565</ele>
      </trkpt>
      <trkpt lat="36.8768482" lon="138.2355668">
        <ele>832.8778356035245</ele>
      </trkpt>
      <trkpt lat="36.8768624" lon="138.2355702">
        <ele>832.8069909343502</ele>
      </trkpt>
      <trkpt lat="36.8768759" lon="138.2355732">
        <ele>832.7223828723776</ele>
      </trkpt>
      <trkpt lat="36.8768894" lon="138.2355763">
        <ele>832.5129896301216</ele>
      </trkpt>
      <trkpt lat="36.8769025" lon="138.2355786">
        <ele>832.3063062020336</ele>
      </trkpt>
      <trkpt lat="36.8769157" lon="138.235581">
        <ele>832.0972409624596</ele>
      </trkpt>
      <trkpt lat="36.8769286" lon="138.2355822">
        <ele>831.8889397251439</ele>
      </trkpt>
      <trkpt lat="36.8769415" lon="138.2355834">
        <ele>831.680113080952</ele>
      </trkpt>
      <trkpt lat="36.8769538" lon="138.2355806">
        <ele>831.3222332930266</ele>
      </trkpt>
      <trkpt lat="36.8769662" lon="138.2355778">
        <ele>830.9397830981133</ele>
      </trkpt>
      <trkpt lat="36.8769762" lon="138.2355676">
        <ele>830.6075142646774</ele>
      </trkpt>
      <trkpt lat="36.8769862" lon="138.2355574">
        <ele>830.2757011490876</ele>
      </trkpt>
      <trkpt lat="36.8769925" lon="138.2355424">
        <ele>830.0655311531158</ele>
      </trkpt>
      <trkpt lat="36.8769989" lon="138.2355275">
        <ele>829.8524190189555</ele>
      </trkpt>
      <trkpt lat="36.8770029" lon="138.2355123">
        <ele>829.7123644921469</ele>
      </trkpt>
      <trkpt lat="36.8770069" lon="138.2354972">
        <ele>829.5724264673432</ele>
      </trkpt>
      <trkpt lat="36.8770101" lon="138.2354823">
        <ele>829.4571905040892</ele>
      </trkpt>
      <trkpt lat="36.8770134" lon="138.2354674">
        <ele>829.3407859921699</ele>
      </trkpt>
      <trkpt lat="36.8770205" lon="138.2354544">
        <ele>829.08976934582</ele>
      </trkpt>
      <trkpt lat="36.8770277" lon="138.2354415">
        <ele>828.8380092746854</ele>
      </trkpt>
      <trkpt lat="36.8770407" lon="138.2354352">
        <ele>828.363250439399</ele>
      </trkpt>
      <trkpt lat="36.8770538" lon="138.2354289">
        <ele>827.8875601328205</ele>
      </trkpt>
      <trkpt lat="36.8770691" lon="138.2354298">
        <ele>827.317855458126</ele>
      </trkpt>
      <trkpt lat="36.8770845" lon="138.2354308">
        <ele>826.7223133088794</ele>
      </trkpt>
      <trkpt lat="36.8771003" lon="138.2354361">
        <ele>826.0425984412439</ele>
      </trkpt>
      <trkpt lat="36.8771162" lon="138.2354414">
        <ele>825.3586596051705</ele>
      </trkpt>
      <trkpt lat="36.8771322" lon="138.2354474">
        <ele>824.668865680649</ele>
      </trkpt>
      <trkpt lat="36.8771483" lon="138.2354534">
        <ele>823.9748477811239</ele>
      </trkpt>
      <trkpt lat="36.8771634" lon="138.2354612">
        <ele>823.2978359436629</ele>
      </trkpt>
      <trkpt lat="36.8771786" lon="138.235469">
        <ele>822.6154992539449</ele>
      </trkpt>
      <trkpt lat="36.8771924" lon="138.2354779">
        <ele>822.001715290222</ele>
      </trkpt>
      <trkpt lat="36.8772063" lon="138.2354868">
        <ele>821.3943569684416</ele>
      </trkpt>
      <trkpt lat="36.8772201" lon="138.2354935">
        <ele>820.7913680203274</ele>
      </trkpt>
      <trkpt lat="36.877234" lon="138.2355002">
        <ele>820.1840094771251</ele>
      </trkpt>
      <trkpt lat="36.877248" lon="138.2355053">
        <ele>819.5722813374376</ele>
      </trkpt>
      <trkpt lat="36.877262" lon="138.2355104">
        <ele>818.9605530845947</ele>
      </trkpt>
      <trkpt lat="36.8772745" lon="138.2355163">
        <ele>818.4143670509584</ele>
      </trkpt>
      <trkpt lat="36.8772871" lon="138.2355222">
        <ele>817.8663828731919</ele>
      </trkpt>
      <trkpt lat="36.877298" lon="138.2355296">
        <ele>817.4268964372714</ele>
      </trkpt>
      <trkpt lat="36.8773089" lon="138.235537">
        <ele>816.9928849518091</ele>
      </trkpt>
      <trkpt lat="36.8773192" lon="138.2355459">
        <ele>816.5899267303731</ele>
      </trkpt>
      <trkpt lat="36.8773296" lon="138.2355548">
        <ele>816.1892424301859</ele>
      </trkpt>
      <trkpt lat="36.8773408" lon="138.2355637">
        <ele>815.7753988629448</ele>
      </trkpt>
      <trkpt lat="36.877352" lon="138.2355727">
        <ele>815.3768970340265</ele>
      </trkpt>
      <trkpt lat="36.8773644" lon="138.2355768">
        <ele>814.9249485533452</ele>
      </trkpt>
      <trkpt lat="36.8773769" lon="138.235581">
        <ele>814.4764033499237</ele>
      </trkpt>
      <trkpt lat="36.8773919" lon="138.2355803">
        <ele>813.9101495513039</ele>
      </trkpt>
      <trkpt lat="36.8774069" lon="138.2355796">
        <ele>813.343539284376</ele>
      </trkpt>
      <trkpt lat="36.8774239" lon="138.2355767">
        <ele>812.6903959593739</ele>
      </trkpt>
      <trkpt lat="36.8774409" lon="138.2355738">
        <ele>812.1287715260412</ele>
      </trkpt>
      <trkpt lat="36.8774604" lon="138.2355699">
        <ele>811.4812140642675</ele>
      </trkpt>
      <trkpt lat="36.8774799" lon="138.2355661">
        <ele>810.8342389844372</ele>
      </trkpt>
      <trkpt lat="36.8775013" lon="138.2355652">
        <ele>810.1582268873472</ele>
      </trkpt>
      <trkpt lat="36.8775228" lon="138.2355644">
        <ele>809.4993127164281</ele>
      </trkpt>
      <trkpt lat="36.8775431" lon="138.2355693">
        <ele>808.918809087077</ele>
      </trkpt>
      <trkpt lat="36.8775634" lon="138.2355743">
        <ele>808.3561634089356</ele>
      </trkpt>
      <trkpt lat="36.8775798" lon="138.2355798">
        <ele>807.9769524986286</ele>
      </trkpt>
      <trkpt lat="36.8775963" lon="138.2355854">
        <ele>807.5991005560509</ele>
      </trkpt>
      <trkpt lat="36.8776052" lon="138.2355837">
        <ele>807.3545436223079</ele>
      </trkpt>
      <trkpt lat="36.8776142" lon="138.2355821">
        <ele>807.1077957050034</ele>
      </trkpt>
      <trkpt lat="36.8776122" lon="138.2355725">
        <ele>807.0728112153025</ele>
      </trkpt>
      <trkpt lat="36.8776103" lon="138.235563">
        <ele>807.0367618625299</ele>
      </trkpt>
      <trkpt lat="36.8776012" lon="138.2355505">
        <ele>807.1790552683193</ele>
      </trkpt>
      <trkpt lat="36.8775922" lon="138.235538">
        <ele>807.3316514071182</ele>
      </trkpt>
      <trkpt lat="36.8775857" lon="138.2355244">
        <ele>807.4161257644315</ele>
      </trkpt>
      <trkpt lat="36.8775792" lon="138.2355108">
        <ele>807.5066005145197</ele>
      </trkpt>
      <trkpt lat="36.8775828" lon="138.2354969">
        <ele>807.3149701209122</ele>
      </trkpt>
      <trkpt lat="36.8775864" lon="138.2354831">
        <ele>807.1206121871003</ele>
      </trkpt>
      <trkpt lat="36.877599" lon="138.2354696">
        <ele>806.6662222833406</ele>
      </trkpt>
      <trkpt lat="36.8776117" lon="138.2354561">
        <ele>806.2083438453003</ele>
      </trkpt>
      <trkpt lat="36.8776282" lon="138.2354437">
        <ele>805.6317699690778</ele>
      </trkpt>
      <trkpt lat="36.8776447" lon="138.2354313">
        <ele>805.0854094272368</ele>
      </trkpt>
      <trkpt lat="36.8776622" lon="138.235418">
        <ele>804.4937612131355</ele>
      </trkpt>
      <trkpt lat="36.8776798" lon="138.2354048">
        <ele>803.8843281851347</ele>
      </trkpt>
      <trkpt lat="36.8776965" lon="138.2353914">
        <ele>803.2833742209697</ele>
      </trkpt>
      <trkpt lat="36.8777133" lon="138.2353781">
        <ele>802.7286847172463</ele>
      </trkpt>
      <trkpt lat="36.8777259" lon="138.2353624">
        <ele>802.2420182875682</ele>
      </trkpt>
      <trkpt lat="36.8777386" lon="138.2353468">
        <ele>801.7336626933244</ele>
      </trkpt>
      <trkpt lat="36.8777491" lon="138.2353273">
        <ele>801.2194948227835</ele>
      </trkpt>
      <trkpt lat="36.8777596" lon="138.2353078">
        <ele>800.6844798619329</ele>
      </trkpt>
      <trkpt lat="36.8777712" lon="138.2352868">
        <ele>800.1493976946882</ele>
      </trkpt>
      <trkpt lat="36.8777828" lon="138.2352658">
        <ele>799.6666764525412</ele>
      </trkpt>
      <trkpt lat="36.8777953" lon="138.2352452">
        <ele>799.1429541940155</ele>
      </trkpt>
      <trkpt lat="36.8778079" lon="138.2352246">
        <ele>798.5905809743599</ele>
      </trkpt>
      <trkpt lat="36.8778176" lon="138.2352037">
        <ele>798.1028749930042</ele>
      </trkpt>
      <trkpt lat="36.8778274" lon="138.2351829">
        <ele>797.6186852113705</ele>
      </trkpt>
      <trkpt lat="36.8778339" lon="138.2351617">
        <ele>797.2076642954477</ele>
      </trkpt>
      <trkpt lat="36.8778405" lon="138.2351406">
        <ele>796.8212076214842</ele>
      </trkpt>
      <trkpt lat="36.8778481" lon="138.2351201">
        <ele>796.4107181342306</ele>
      </trkpt>
      <trkpt lat="36.8778558" lon="138.2350996">
        <ele>795.982595649326</ele>
      </trkpt>
      <trkpt lat="36.8778672" lon="138.2350814">
        <ele>795.5011660291134</ele>
      </trkpt>
      <trkpt lat="36.8778787" lon="138.2350632">
        <ele>795.0105416975427</ele>
      </trkpt>
      <trkpt lat="36.8778919" lon="138.2350463">
        <ele>794.493592127589</ele>
      </trkpt>
      <trkpt lat="36.8779052" lon="138.2350295">
        <ele>793.9217856836199</ele>
      </trkpt>
      <trkpt lat="36.8779163" lon="138.2350122">
        <ele>793.4352300237867</ele>
      </trkpt>
      <trkpt lat="36.8779275" lon="138.2349949">
        <ele>792.9404707167655</ele>
      </trkpt>
      <trkpt lat="36.8779354" lon="138.2349758">
        <ele>792.4633412443121</ele>
      </trkpt>
      <trkpt lat="36.8779433" lon="138.2349567">
        <ele>791.9797974001799</ele>
      </trkpt>
      <trkpt lat="36.8779489" lon="138.2349356">
        <ele>791.4807832281836</ele>
      </trkpt>
      <trkpt lat="36.8779546" lon="138.2349145">
        <ele>790.9718509082428</ele>
      </trkpt>
      <trkpt lat="36.8779592" lon="138.2348922">
        <ele>790.4532048269795</ele>
      </trkpt>
      <trkpt lat="36.8779639" lon="138.2348699">
        <ele>789.9187473571337</ele>
      </trkpt>
      <trkpt lat="36.8779678" lon="138.2348491">
        <ele>789.3819577483735</ele>
      </trkpt>
      <trkpt lat="36.8779717" lon="138.2348284">
        <ele>788.8418716162546</ele>
      </trkpt>
      <trkpt lat="36.8779723" lon="138.2348088">
        <ele>788.3952193822327</ele>
      </trkpt>
      <trkpt lat="36.877973" lon="138.2347892">
        <ele>787.9467761174077</ele>
      </trkpt>
      <trkpt lat="36.8779697" lon="138.2347693">
        <ele>787.5434398231339</ele>
      </trkpt>
      <trkpt lat="36.8779665" lon="138.2347495">
        <ele>787.1428509223025</ele>
      </trkpt>
      <trkpt lat="36.8779631" lon="138.234728">
        <ele>786.71320738798</ele>
      </trkpt>
      <trkpt lat="36.8779598" lon="138.2347065">
        <ele>786.2882665362104</ele>
      </trkpt>
      <trkpt lat="36.8779596" lon="138.2346842">
        <ele>785.7517415496764</ele>
      </trkpt>
      <trkpt lat="36.8779595" lon="138.2346619">
        <ele>785.2088998714936</ele>
      </trkpt>
      <trkpt lat="36.8779624" lon="138.234642">
        <ele>784.6417574197527</ele>
      </trkpt>
      <trkpt lat="36.8779653" lon="138.2346221">
        <ele>784.0746149644727</ele>
      </trkpt>
      <trkpt lat="36.8779694" lon="138.2346043">
        <ele>783.5012422423484</ele>
      </trkpt>
      <trkpt lat="36.8779735" lon="138.2345866">
        <ele>782.9178837269553</ele>
      </trkpt>
      <trkpt lat="36.8779775" lon="138.2345693">
        <ele>782.3785581287009</ele>
      </trkpt>
      <trkpt lat="36.8779816" lon="138.234552">
        <ele>781.8373390637582</ele>
      </trkpt>
      <trkpt lat="36.8779854" lon="138.2345337">
        <ele>781.2750034380949</ele>
      </trkpt>
      <trkpt lat="36.8779893" lon="138.2345154">
        <ele>780.7068391448171</ele>
      </trkpt>
      <trkpt lat="36.877994" lon="138.2344954">
        <ele>780.0736044763964</ele>
      </trkpt>
      <trkpt lat="36.8779987" lon="138.2344754">
        <ele>779.4371795244783</ele>
      </trkpt>
      <trkpt lat="36.8780056" lon="138.2344566">
        <ele>778.7859651730336</ele>
      </trkpt>
      <trkpt lat="36.8780125" lon="138.2344378">
        <ele>778.1342943691654</ele>
      </trkpt>
      <trkpt lat="36.8780178" lon="138.2344206">
        <ele>777.5653138956063</ele>
      </trkpt>
      <trkpt lat="36.8780231" lon="138.2344035">
        <ele>776.9990131097389</ele>
      </trkpt>
      <trkpt lat="36.8780252" lon="138.234388">
        <ele>776.5408390951818</ele>
      </trkpt>
      <trkpt lat="36.8780273" lon="138.2343726">
        <ele>776.0853447751621</ele>
      </trkpt>
      <trkpt lat="36.8780267" lon="138.2343587">
        <ele>775.7251019681819</ele>
      </trkpt>
      <trkpt lat="36.8780261" lon="138.2343449">
        <ele>775.367538853829</ele>
      </trkpt>
      <trkpt lat="36.8780227" lon="138.2343316">
        <ele>775.0804694219038</ele>
      </trkpt>
      <trkpt lat="36.8780193" lon="138.2343183">
        <ele>774.7933999895126</ele>
      </trkpt>
      <trkpt lat="36.8780119" lon="138.2343025">
        <ele>774.52090277304</ele>
      </trkpt>
      <trkpt lat="36.8780046" lon="138.2342867">
        <ele>774.2463664281651</ele>
      </trkpt>
      <trkpt lat="36.8779956" lon="138.2342706">
        <ele>774.0011742581844</ele>
      </trkpt>
      <trkpt lat="36.8779866" lon="138.2342545">
        <ele>773.7791074701513</ele>
      </trkpt>
      <trkpt lat="36.8779837" lon="138.2342426">
        <ele>773.5358828773819</ele>
      </trkpt>
      <trkpt lat="36.8779808" lon="138.2342308">
        <ele>773.2928519991126</ele>
      </trkpt>
      <trkpt lat="36.8779868" lon="138.234226">
        <ele>773.0581355885225</ele>
      </trkpt>
      <trkpt lat="36.8779929" lon="138.2342212">
        <ele>772.8235073708182</ele>
      </trkpt>
      <trkpt lat="36.878005" lon="138.234217">
        <ele>772.4945669014371</ele>
      </trkpt>
      <trkpt lat="36.8780171" lon="138.2342128">
        <ele>772.1690759720314</ele>
      </trkpt>
      <trkpt lat="36.8780322" lon="138.2342064">
        <ele>771.7403581994648</ele>
      </trkpt>
      <trkpt lat="36.8780474" lon="138.2342">
        <ele>771.3463132323682</ele>
      </trkpt>
      <trkpt lat="36.8780628" lon="138.2341915">
        <ele>770.9469183917537</ele>
      </trkpt>
      <trkpt lat="36.8780782" lon="138.234183">
        <ele>770.5527035861453</ele>
      </trkpt>
      <trkpt lat="36.8780915" lon="138.2341719">
        <ele>770.1529091985373</ele>
      </trkpt>
      <trkpt lat="36.8781048" lon="138.2341609">
        <ele>769.7651345081115</ele>
      </trkpt>
      <trkpt lat="36.8781122" lon="138.2341483">
        <ele>769.4337314450347</ele>
      </trkpt>
      <trkpt lat="36.8781197" lon="138.2341358">
        <ele>769.1246885386696</ele>
      </trkpt>
      <trkpt lat="36.8781214" lon="138.2341202">
        <ele>768.7988997081127</ele>
      </trkpt>
      <trkpt lat="36.8781232" lon="138.2341046">
        <ele>768.4713441276697</ele>
      </trkpt>
      <trkpt lat="36.8781247" lon="138.2340857">
        <ele>768.1206817626112</ele>
      </trkpt>
      <trkpt lat="36.8781262" lon="138.2340668">
        <ele>767.782788121445</ele>
      </trkpt>
      <trkpt lat="36.8781329" lon="138.2340464">
        <ele>767.3794054052676</ele>
      </trkpt>
      <trkpt lat="36.8781396" lon="138.234026">
        <ele>766.9806614947353</ele>
      </trkpt>
      <trkpt lat="36.8781515" lon="138.2340084">
        <ele>766.6277557131834</ele>
      </trkpt>
      <trkpt lat="36.8781635" lon="138.2339909">
        <ele>766.3364751527552</ele>
      </trkpt>
      <trkpt lat="36.8781727" lon="138.2339747">
        <ele>766.0807318628066</ele>
      </trkpt>
      <trkpt lat="36.8781819" lon="138.2339586">
        <ele>765.8245895531891</ele>
      </trkpt>
      <trkpt lat="36.8781799" lon="138.2339441">
        <ele>765.6714987842845</ele>
      </trkpt>
      <trkpt lat="36.8781779" lon="138.2339296">
        <ele>765.5174094305839</ele>
      </trkpt>
      <trkpt lat="36.878166" lon="138.2339189">
        <ele>765.5549177761201</ele>
      </trkpt>
      <trkpt lat="36.8781541" lon="138.2339082">
        <ele>765.5912541728978</ele>
      </trkpt>
      <trkpt lat="36.8781371" lon="138.2339009">
        <ele>765.6673896554507</ele>
      </trkpt>
      <trkpt lat="36.8781202" lon="138.2338937">
        <ele>765.7350406819519</ele>
      </trkpt>
      <trkpt lat="36.8781055" lon="138.2338852">
        <ele>765.7737813108951</ele>
      </trkpt>
      <trkpt lat="36.8780909" lon="138.2338768">
        <ele>765.8041365972828</ele>
      </trkpt>
      <trkpt lat="36.8780838" lon="138.2338638">
        <ele>765.7559794671882</ele>
      </trkpt>
      <trkpt lat="36.8780767" lon="138.2338509">
        <ele>765.7022532708282</ele>
      </trkpt>
      <trkpt lat="36.8780766" lon="138.2338345">
        <ele>765.6373576592982</ele>
      </trkpt>
      <trkpt lat="36.8780765" lon="138.2338181">
        <ele>765.6193723198604</ele>
      </trkpt>
      <trkpt lat="36.8780775" lon="138.2338013">
        <ele>765.5990095547464</ele>
      </trkpt>
      <trkpt lat="36.8780786" lon="138.2337845">
        <ele>765.5808866171909</ele>
      </trkpt>
      <trkpt lat="36.8780774" lon="138.2337714">
        <ele>765.5675074279021</ele>
      </trkpt>
      <trkpt lat="36.8780763" lon="138.2337584">
        <ele>765.5522444423234</ele>
      </trkpt>
      <trkpt lat="36.8780715" lon="138.2337509">
        <ele>765.5784339826818</ele>
      </trkpt>
      <trkpt lat="36.8780668" lon="138.2337434">
        <ele>765.6120035087499</ele>
      </trkpt>
      <trkpt lat="36.8780605" lon="138.2337358">
        <ele>765.6402335864966</ele>
      </trkpt>
      <trkpt lat="36.8780543" lon="138.2337282">
        <ele>765.6654571109084</ele>
      </trkpt>
      <trkpt lat="36.8780464" lon="138.2337179">
        <ele>765.6959363499172</ele>
      </trkpt>
      <trkpt lat="36.8780386" lon="138.2337076">
        <ele>765.7060757280051</ele>
      </trkpt>
      <trkpt lat="36.8780279" lon="138.2336956">
        <ele>765.6644300151279</ele>
      </trkpt>
      <trkpt lat="36.8780173" lon="138.2336837">
        <ele>765.6103245148053</ele>
      </trkpt>
      <trkpt lat="36.8780037" lon="138.2336697">
        <ele>765.5255637440881</ele>
      </trkpt>
      <trkpt lat="36.8779901" lon="138.2336557">
        <ele>765.4797254526036</ele>
      </trkpt>
      <trkpt lat="36.877975" lon="138.2336378">
        <ele>765.420102433503</ele>
      </trkpt>
      <trkpt lat="36.87796" lon="138.2336199">
        <ele>765.3155269493619</ele>
      </trkpt>
      <trkpt lat="36.877945" lon="138.2336004">
        <ele>765.1875311985833</ele>
      </trkpt>
      <trkpt lat="36.8779301" lon="138.233581">
        <ele>765.0614761429803</ele>
      </trkpt>
      <trkpt lat="36.8779159" lon="138.2335624">
        <ele>765.0152716610651</ele>
      </trkpt>
      <trkpt lat="36.8779018" lon="138.2335438">
        <ele>764.9405072151067</ele>
      </trkpt>
      <trkpt lat="36.8778875" lon="138.2335256">
        <ele>764.8144886681231</ele>
      </trkpt>
      <trkpt lat="36.8778733" lon="138.2335075">
        <ele>764.6633410824759</ele>
      </trkpt>
      <trkpt lat="36.8778611" lon="138.2334922">
        <ele>764.5449413987926</ele>
      </trkpt>
      <trkpt lat="36.8778489" lon="138.2334769">
        <ele>764.4446935278561</ele>
      </trkpt>
      <trkpt lat="36.8778366" lon="138.2334642">
        <ele>764.2956584620537</ele>
      </trkpt>
      <trkpt lat="36.8778244" lon="138.2334516">
        <ele>764.1393168303018</ele>
      </trkpt>
      <trkpt lat="36.8778118" lon="138.233439">
        <ele>763.9532213413515</ele>
      </trkpt>
      <trkpt lat="36.8777993" lon="138.2334265">
        <ele>763.7473060915141</ele>
      </trkpt>
      <trkpt lat="36.8777869" lon="138.2334123">
        <ele>763.5442988207425</ele>
      </trkpt>
      <trkpt lat="36.8777746" lon="138.2333981">
        <ele>763.4085242415304</ele>
      </trkpt>
      <trkpt lat="36.8777642" lon="138.2333798">
        <ele>763.3604667520548</ele>
      </trkpt>
      <trkpt lat="36.8777538" lon="138.2333616">
        <ele>763.2861041522443</ele>
      </trkpt>
      <trkpt lat="36.8777437" lon="138.23334">
        <ele>763.2257276171003</ele>
      </trkpt>
      <trkpt lat="36.8777336" lon="138.2333185">
        <ele>763.1759317838496</ele>
      </trkpt>
      <trkpt lat="36.8777216" lon="138.2332961">
        <ele>763.1185505777885</ele>
      </trkpt>
      <trkpt lat="36.8777096" lon="138.2332738">
        <ele>763.0414870854845</ele>
      </trkpt>
      <trkpt lat="36.8776967" lon="138.2332531">
        <ele>762.8977933890027</ele>
      </trkpt>
      <trkpt lat="36.8776838" lon="138.2332324">
        <ele>762.8016659938697</ele>
      </trkpt>
      <trkpt lat="36.8776707" lon="138.2332141">
        <ele>762.6803424959016</ele>
      </trkpt>
      <trkpt lat="36.8776577" lon="138.2331959">
        <ele>762.5444977921675</ele>
      </trkpt>
      <trkpt lat="36.8776456" lon="138.2331776">
        <ele>762.4249661577862</ele>
      </trkpt>
      <trkpt lat="36.8776335" lon="138.2331594">
        <ele>762.2888763895619</ele>
      </trkpt>
      <trkpt lat="36.877622" lon="138.2331392">
        <ele>762.180097407981</ele>
      </trkpt>
      <trkpt lat="36.8776105" lon="138.2331191">
        <ele>762.0562314766744</ele>
      </trkpt>
      <trkpt lat="36.8775985" lon="138.2330978">
        <ele>761.9144673352796</ele>
      </trkpt>
      <trkpt lat="36.8775865" lon="138.2330765">
        <ele>761.7553536621916</ele>
      </trkpt>
      <trkpt lat="36.8775737" lon="138.2330553">
        <ele>761.5689752287719</ele>
      </trkpt>
      <trkpt lat="36.8775609" lon="138.2330341">
        <ele>761.3647857372304</ele>
      </trkpt>
      <trkpt lat="36.8775478" lon="138.2330142">
        <ele>761.1941624014631</ele>
      </trkpt>
      <trkpt lat="36.8775348" lon="138.2329944">
        <ele>761.0079678879109</ele>
      </trkpt>
      <trkpt lat="36.8775206" lon="138.2329757">
        <ele>760.7450566249631</ele>
      </trkpt>
      <trkpt lat="36.8775064" lon="138.2329571">
        <ele>760.4497386377599</ele>
      </trkpt>
      <trkpt lat="36.8774918" lon="138.2329397">
        <ele>760.1039793689482</ele>
      </trkpt>
      <trkpt lat="36.8774772" lon="138.2329223">
        <ele>759.7942039074264</ele>
      </trkpt>
      <trkpt lat="36.877462" lon="138.2329049">
        <ele>759.4386523234151</ele>
      </trkpt>
      <trkpt lat="36.8774468" lon="138.2328875">
        <ele>759.0778820683943</ele>
      </trkpt>
      <trkpt lat="36.8774306" lon="138.2328695">
        <ele>758.6801104414153</ele>
      </trkpt>
      <trkpt lat="36.8774145" lon="138.2328516">
        <ele>758.344686706414</ele>
      </trkpt>
      <trkpt lat="36.8773981" lon="138.2328337">
        <ele>758.0428936277247</ele>
      </trkpt>
      <trkpt lat="36.8773817" lon="138.2328159">
        <ele>757.7205010526357</ele>
      </trkpt>
      <trkpt lat="36.8773659" lon="138.2327976">
        <ele>757.4339060589612</ele>
      </trkpt>
      <trkpt lat="36.8773501" lon="138.2327794">
        <ele>757.163603449122</ele>
      </trkpt>
      <trkpt lat="36.8773358" lon="138.2327601">
        <ele>756.9718561019538</ele>
      </trkpt>
      <trkpt lat="36.8773216" lon="138.2327409">
        <ele>756.7445807308704</ele>
      </trkpt>
      <trkpt lat="36.8773084" lon="138.2327207">
        <ele>756.5366978022989</ele>
      </trkpt>
      <trkpt lat="36.8772952" lon="138.2327006">
        <ele>756.357807018558</ele>
      </trkpt>
      <trkpt lat="36.8772814" lon="138.2326792">
        <ele>756.1963746555903</ele>
      </trkpt>
      <trkpt lat="36.8772677" lon="138.2326578">
        <ele>756.0799357099911</ele>
      </trkpt>
      <trkpt lat="36.8772535" lon="138.2326346">
        <ele>755.9309977587641</ele>
      </trkpt>
      <trkpt lat="36.8772393" lon="138.2326115">
        <ele>755.7560404161852</ele>
      </trkpt>
      <trkpt lat="36.8772262" lon="138.232588">
        <ele>755.5666259685568</ele>
      </trkpt>
      <trkpt lat="36.8772132" lon="138.2325645">
        <ele>755.3766973412127</ele>
      </trkpt>
      <trkpt lat="36.877202" lon="138.2325397">
        <ele>755.329811296628</ele>
      </trkpt>
      <trkpt lat="36.8771909" lon="138.2325149">
        <ele>755.2798041442327</ele>
      </trkpt>
      <trkpt lat="36.8771822" lon="138.2324886">
        <ele>755.2512952437263</ele>
      </trkpt>
      <trkpt lat="36.8771735" lon="138.2324624">
        <ele>755.1971003485758</ele>
      </trkpt>
      <trkpt lat="36.8771659" lon="138.232436">
        <ele>755.1783134860841</ele>
      </trkpt>
      <trkpt lat="36.8771584" lon="138.2324096">
        <ele>755.1353174184118</ele>
      </trkpt>
      <trkpt lat="36.8771522" lon="138.2323837">
        <ele>755.1041851370214</ele>
      </trkpt>
      <trkpt lat="36.8771461" lon="138.2323579">
        <ele>755.1403354041395</ele>
      </trkpt>
      <trkpt lat="36.8771403" lon="138.232333">
        <ele>755.1896485731044</ele>
      </trkpt>
      <trkpt lat="36.8771346" lon="138.2323082">
        <ele>755.2262303668535</ele>
      </trkpt>
      <trkpt lat="36.8771285" lon="138.2322838">
        <ele>755.2506337607387</ele>
      </trkpt>
      <trkpt lat="36.8771224" lon="138.2322595">
        <ele>755.2710894292973</ele>
      </trkpt>
      <trkpt lat="36.8771168" lon="138.2322352">
        <ele>755.2918854753481</ele>
      </trkpt>
      <trkpt lat="36.8771112" lon="138.2322109">
        <ele>755.3003213071336</ele>
      </trkpt>
      <trkpt lat="36.8771076" lon="138.2321857">
        <ele>755.4020918782619</ele>
      </trkpt>
      <trkpt lat="36.877104" lon="138.2321606">
        <ele>755.4999277510716</ele>
      </trkpt>
      <trkpt lat="36.8771008" lon="138.2321344">
        <ele>755.6173876280207</ele>
      </trkpt>
      <trkpt lat="36.8770976" lon="138.2321083">
        <ele>755.7311571649509</ele>
      </trkpt>
      <trkpt lat="36.8770914" lon="138.2320808">
        <ele>755.7510339401381</ele>
      </trkpt>
      <trkpt lat="36.8770852" lon="138.2320534">
        <ele>755.7643002991798</ele>
      </trkpt>
      <trkpt lat="36.8770782" lon="138.2320246">
        <ele>755.7549269042211</ele>
      </trkpt>
      <trkpt lat="36.8770712" lon="138.2319958">
        <ele>755.7664117660792</ele>
      </trkpt>
      <trkpt lat="36.8770657" lon="138.2319674">
        <ele>755.8095512321072</ele>
      </trkpt>
      <trkpt lat="36.8770602" lon="138.2319391">
        <ele>755.7979144940396</ele>
      </trkpt>
      <trkpt lat="36.8770573" lon="138.2319111">
        <ele>755.8155288727264</ele>
      </trkpt>
      <trkpt lat="36.8770544" lon="138.2318832">
        <ele>755.8327937291475</ele>
      </trkpt>
      <trkpt lat="36.8770525" lon="138.2318566">
        <ele>755.8391623707622</ele>
      </trkpt>
      <trkpt lat="36.8770506" lon="138.2318301">
        <ele>755.8037114657276</ele>
      </trkpt>
      <trkpt lat="36.8770456" lon="138.2318057">
        <ele>755.6761272819339</ele>
      </trkpt>
      <trkpt lat="36.8770407" lon="138.2317813">
        <ele>755.5408842043494</ele>
      </trkpt>
      <trkpt lat="36.8770317" lon="138.2317587">
        <ele>755.1997229789392</ele>
      </trkpt>
      <trkpt lat="36.8770227" lon="138.2317361">
        <ele>754.858561784589</ele>
      </trkpt>
      <trkpt lat="36.877011" lon="138.231713">
        <ele>754.4420063139618</ele>
      </trkpt>
      <trkpt lat="36.8769993" lon="138.23169">
        <ele>754.071165763407</ele>
      </trkpt>
      <trkpt lat="36.876987" lon="138.2316664">
        <ele>753.5986253592591</ele>
      </trkpt>
      <trkpt lat="36.8769747" lon="138.2316428">
        <ele>753.1162332757382</ele>
      </trkpt>
      <trkpt lat="36.8769636" lon="138.2316195">
        <ele>752.6544835155925</ele>
      </trkpt>
      <trkpt lat="36.8769525" lon="138.2315962">
        <ele>752.1113783951854</ele>
      </trkpt>
      <trkpt lat="36.8769425" lon="138.2315708">
        <ele>751.5270993143167</ele>
      </trkpt>
      <trkpt lat="36.8769326" lon="138.2315454">
        <ele>751.0165186900651</ele>
      </trkpt>
      <trkpt lat="36.8769247" lon="138.2315174">
        <ele>750.476271143976</ele>
      </trkpt>
      <trkpt lat="36.8769169" lon="138.2314894">
        <ele>749.8945912448467</ele>
      </trkpt>
      <trkpt lat="36.8769118" lon="138.2314598">
        <ele>749.3300711993602</ele>
      </trkpt>
      <trkpt lat="36.8769067" lon="138.2314302">
        <ele>748.7603919298974</ele>
      </trkpt>
      <trkpt lat="36.8769057" lon="138.2314011">
        <ele>748.2543804123824</ele>
      </trkpt>
      <trkpt lat="36.8769048" lon="138.2313721">
        <ele>747.7525267869808</ele>
      </trkpt>
      <trkpt lat="36.8769081" lon="138.2313443">
        <ele>747.3432544200297</ele>
      </trkpt>
      <trkpt lat="36.8769114" lon="138.2313166">
        <ele>746.953813970844</ele>
      </trkpt>
      <trkpt lat="36.8769183" lon="138.2312916">
        <ele>746.6526519066377</ele>
      </trkpt>
      <trkpt lat="36.8769252" lon="138.2312667">
        <ele>746.3483489612069</ele>
      </trkpt>
      <trkpt lat="36.8769348" lon="138.2312442">
        <ele>746.1188822453025</ele>
      </trkpt>
      <trkpt lat="36.8769444" lon="138.2312218">
        <ele>745.8701522838087</ele>
      </trkpt>
      <trkpt lat="36.8769576" lon="138.2312033">
        <ele>745.769259575324</ele>
      </trkpt>
      <trkpt lat="36.8769709" lon="138.2311849">
        <ele>745.6549827792428</ele>
      </trkpt>
      <trkpt lat="36.876988" lon="138.2311701">
        <ele>745.6884011787607</ele>
      </trkpt>
      <trkpt lat="36.8770052" lon="138.2311553">
        <ele>745.7091012503049</ele>
      </trkpt>
      <trkpt lat="36.8770253" lon="138.2311449">
        <ele>745.88926736147</ele>
      </trkpt>
      <trkpt lat="36.8770455" lon="138.2311346">
        <ele>746.089150913877</ele>
      </trkpt>
      <trkpt lat="36.8770675" lon="138.2311294">
        <ele>746.3910061502147</ele>
      </trkpt>
      <trkpt lat="36.8770895" lon="138.2311242">
        <ele>746.6992960653465</ele>
      </trkpt>
      <trkpt lat="36.8771136" lon="138.2311218">
        <ele>747.1209430148101</ele>
      </trkpt>
      <trkpt lat="36.8771378" lon="138.2311194">
        <ele>747.5425597915203</ele>
      </trkpt>
      <trkpt lat="36.8771618" lon="138.2311189">
        <ele>748.0288766340593</ele>
      </trkpt>
      <trkpt lat="36.8771858" lon="138.2311185">
        <ele>748.545292005456</ele>
      </trkpt>
      <trkpt lat="36.8772088" lon="138.2311192">
        <ele>749.0616471947644</ele>
      </trkpt>
      <trkpt lat="36.8772319" lon="138.23112">
        <ele>749.5405525013579</ele>
      </trkpt>
      <trkpt lat="36.8772544" lon="138.2311203">
        <ele>749.9725193986676</ele>
      </trkpt>
      <trkpt lat="36.8772769" lon="138.2311207">
        <ele>750.406467065006</ele>
      </trkpt>
      <trkpt lat="36.877299" lon="138.2311211">
        <ele>750.8460161342682</ele>
      </trkpt>
      <trkpt lat="36.8773212" lon="138.2311215">
        <ele>751.2970260060195</ele>
      </trkpt>
      <trkpt lat="36.8773436" lon="138.2311222">
        <ele>751.7573759120571</ele>
      </trkpt>
      <trkpt lat="36.877366" lon="138.231123">
        <ele>752.1978933678695</ele>
      </trkpt>
      <trkpt lat="36.8773877" lon="138.2311225">
        <ele>752.5803192895851</ele>
      </trkpt>
      <trkpt lat="36.8774095" lon="138.231122">
        <ele>752.9652879124263</ele>
      </trkpt>
      <trkpt lat="36.8774302" lon="138.2311187">
        <ele>753.295698760594</ele>
      </trkpt>
      <trkpt lat="36.877451" lon="138.2311155">
        <ele>753.6547771066804</ele>
      </trkpt>
      <trkpt lat="36.8774697" lon="138.2311089">
        <ele>753.9265580690633</ele>
      </trkpt>
      <trkpt lat="36.8774885" lon="138.2311023">
        <ele>754.2087352299749</ele>
      </trkpt>
      <trkpt lat="36.8775043" lon="138.2310909">
        <ele>754.3854665258905</ele>
      </trkpt>
      <trkpt lat="36.8775202" lon="138.2310795">
        <ele>754.5905763331623</ele>
      </trkpt>
      <trkpt lat="36.8775323" lon="138.2310637">
        <ele>754.6815888707995</ele>
      </trkpt>
      <trkpt lat="36.8775444" lon="138.231048">
        <ele>754.7865664178191</ele>
      </trkpt>
      <trkpt lat="36.8775527" lon="138.23103">
        <ele>754.7966252292516</ele>
      </trkpt>
      <trkpt lat="36.877561" lon="138.231012">
        <ele>754.8168275926491</ele>
      </trkpt>
      <trkpt lat="36.877567" lon="138.2309926">
        <ele>754.7984603415243</ele>
      </trkpt>
      <trkpt lat="36.877573" lon="138.2309732">
        <ele>754.785864609036</ele>
      </trkpt>
      <trkpt lat="36.8775777" lon="138.2309519">
        <ele>754.7307206580197</ele>
      </trkpt>
      <trkpt lat="36.8775825" lon="138.2309306">
        <ele>754.6814402251854</ele>
      </trkpt>
      <trkpt lat="36.8775874" lon="138.2309088">
        <ele>754.6200644175233</ele>
      </trkpt>
      <trkpt lat="36.8775924" lon="138.2308871">
        <ele>754.5539512469411</ele>
      </trkpt>
      <trkpt lat="36.8775983" lon="138.2308664">
        <ele>754.5143261630859</ele>
      </trkpt>
      <trkpt lat="36.8776042" lon="138.2308457">
        <ele>754.4705561240173</ele>
      </trkpt>
      <trkpt lat="36.8776172" lon="138.230805">
        <ele>754.3971371147786</ele>
      </trkpt>
      <trkpt lat="36.8776204" lon="138.2307901">
        <ele>754.3328319910918</ele>
      </trkpt>
      <trkpt lat="36.8776236" lon="138.2307753">
        <ele>754.2694589383905</ele>
      </trkpt>
      <trkpt lat="36.8776297" lon="138.2307316">
        <ele>753.9294910187141</ele>
      </trkpt>
      <trkpt lat="36.8776323" lon="138.2307129">
        <ele>753.746636765637</ele>
      </trkpt>
      <trkpt lat="36.877635" lon="138.2306943">
        <ele>753.5672488629125</ele>
      </trkpt>
      <trkpt lat="36.8776352" lon="138.2306832">
        <ele>753.4293615612672</ele>
      </trkpt>
      <trkpt lat="36.8776355" lon="138.2306722">
        <ele>753.294940606505</ele>
      </trkpt>
      <trkpt lat="36.8776348" lon="138.2306624">
        <ele>753.1485587137523</ele>
      </trkpt>
      <trkpt lat="36.8776342" lon="138.2306526">
        <ele>752.998436255055</ele>
      </trkpt>
      <trkpt lat="36.8776331" lon="138.2306425">
        <ele>752.8331957194263</ele>
      </trkpt>
      <trkpt lat="36.8776321" lon="138.2306325">
        <ele>752.6715380413</ele>
      </trkpt>
      <trkpt lat="36.8776305" lon="138.230621">
        <ele>752.475800315734</ele>
      </trkpt>
      <trkpt lat="36.877629" lon="138.2306096">
        <ele>752.2828289827343</ele>
      </trkpt>
      <trkpt lat="36.8776272" lon="138.2305963">
        <ele>752.0549342200172</ele>
      </trkpt>
      <trkpt lat="36.8776254" lon="138.230583">
        <ele>751.8270394589766</ele>
      </trkpt>
      <trkpt lat="36.8776244" lon="138.230569">
        <ele>751.5936898298575</ele>
      </trkpt>
      <trkpt lat="36.8776234" lon="138.2305551">
        <ele>751.3598550255422</ele>
      </trkpt>
      <trkpt lat="36.8776242" lon="138.230543">
        <ele>751.195230478934</ele>
      </trkpt>
      <trkpt lat="36.877625" lon="138.230531">
        <ele>751.032120542974</ele>
      </trkpt>
      <trkpt lat="36.8776271" lon="138.2305201">
        <ele>750.9159665747551</ele>
      </trkpt>
      <trkpt lat="36.8776293" lon="138.2305092">
        <ele>750.802143012919</ele>
      </trkpt>
      <trkpt lat="36.8776327" lon="138.2304981">
        <ele>750.7086824940521</ele>
      </trkpt>
      <trkpt lat="36.8776361" lon="138.2304871">
        <ele>750.6163570746784</ele>
      </trkpt>
      <trkpt lat="36.8776404" lon="138.2304752">
        <ele>750.5300629641633</ele>
      </trkpt>
      <trkpt lat="36.8776447" lon="138.2304634">
        <ele>750.445283468534</ele>
      </trkpt>
      <trkpt lat="36.8776503" lon="138.2304504">
        <ele>750.3707304766874</ele>
      </trkpt>
      <trkpt lat="36.8776559" lon="138.2304375">
        <ele>750.2976921032192</ele>
      </trkpt>
      <trkpt lat="36.8776625" lon="138.230424">
        <ele>750.2374136351292</ele>
      </trkpt>
      <trkpt lat="36.8776691" lon="138.2304106">
        <ele>750.1786497883045</ele>
      </trkpt>
      <trkpt lat="36.8776767" lon="138.2303963">
        <ele>750.1028512939217</ele>
      </trkpt>
      <trkpt lat="36.8776843" lon="138.230382">
        <ele>750.0323242606726</ele>
      </trkpt>
      <trkpt lat="36.8776924" lon="138.2303698">
        <ele>750.0154775582812</ele>
      </trkpt>
      <trkpt lat="36.8777006" lon="138.2303577">
        <ele>750.0085948327569</ele>
      </trkpt>
      <trkpt lat="36.8777076" lon="138.2303477">
        <ele>750.0086115040829</ele>
      </trkpt>
      <trkpt lat="36.8777146" lon="138.2303377">
        <ele>750.00862819031</ele>
      </trkpt>
      <trkpt lat="36.8777203" lon="138.2303295">
        <ele>750.0077097199867</ele>
      </trkpt>
      <trkpt lat="36.8777261" lon="138.2303213">
        <ele>750.0044948784509</ele>
      </trkpt>
      <trkpt lat="36.8777309" lon="138.2303145">
        <ele>749.9935674541525</ele>
      </trkpt>
      <trkpt lat="36.8777357" lon="138.2303077">
        <ele>749.9837478067354</ele>
      </trkpt>
      <trkpt lat="36.87774" lon="138.2303016">
        <ele>749.9757423002932</ele>
      </trkpt>
      <trkpt lat="36.8777444" lon="138.2302956">
        <ele>749.9727912042763</ele>
      </trkpt>
      <trkpt lat="36.8777493" lon="138.2302885">
        <ele>749.9631262853867</ele>
      </trkpt>
      <trkpt lat="36.8777542" lon="138.2302814">
        <ele>749.9546421123744</ele>
      </trkpt>
      <trkpt lat="36.8777602" lon="138.2302742">
        <ele>749.9721380593166</ele>
      </trkpt>
      <trkpt lat="36.8777662" lon="138.230267">
        <ele>749.9911001842556</ele>
      </trkpt>
      <trkpt lat="36.8777728" lon="138.2302588">
        <ele>750.0022529269104</ele>
      </trkpt>
      <trkpt lat="36.8777794" lon="138.2302506">
        <ele>750.0127545500175</ele>
      </trkpt>
      <trkpt lat="36.8777867" lon="138.2302407">
        <ele>750.0098593998702</ele>
      </trkpt>
      <trkpt lat="36.8777941" lon="138.2302308">
        <ele>749.9959169513245</ele>
      </trkpt>
      <trkpt lat="36.877802" lon="138.2302195">
        <ele>749.9639018800858</ele>
      </trkpt>
      <trkpt lat="36.8778099" lon="138.2302083">
        <ele>749.9368242002838</ele>
      </trkpt>
      <trkpt lat="36.8778186" lon="138.2301958">
        <ele>749.9073401560311</ele>
      </trkpt>
      <trkpt lat="36.8778273" lon="138.2301834">
        <ele>749.8834251147885</ele>
      </trkpt>
      <trkpt lat="36.8778372" lon="138.2301707">
        <ele>749.887441292638</ele>
      </trkpt>
      <trkpt lat="36.8778472" lon="138.2301581">
        <ele>749.9001664652025</ele>
      </trkpt>
      <trkpt lat="36.8778574" lon="138.2301438">
        <ele>749.8861534980363</ele>
      </trkpt>
      <trkpt lat="36.8778677" lon="138.2301296">
        <ele>749.8764807621021</ele>
      </trkpt>
      <trkpt lat="36.8778775" lon="138.2301141">
        <ele>749.8301939888164</ele>
      </trkpt>
      <trkpt lat="36.8778874" lon="138.2300987">
        <ele>749.7882474451798</ele>
      </trkpt>
      <trkpt lat="36.8778974" lon="138.2300823">
        <ele>749.7301356463465</ele>
      </trkpt>
      <trkpt lat="36.8779075" lon="138.2300659">
        <ele>749.6643938564466</ele>
      </trkpt>
      <trkpt lat="36.8779186" lon="138.230048">
        <ele>749.5523673073162</ele>
      </trkpt>
      <trkpt lat="36.8779298" lon="138.2300301">
        <ele>749.442525554845</ele>
      </trkpt>
      <trkpt lat="36.8779408" lon="138.230011">
        <ele>749.3045465902436</ele>
      </trkpt>
      <trkpt lat="36.8779518" lon="138.2299919">
        <ele>749.1665676597752</ele>
      </trkpt>
      <trkpt lat="36.877963" lon="138.2299723">
        <ele>749.0516069252058</ele>
      </trkpt>
      <trkpt lat="36.8779742" lon="138.2299528">
        <ele>748.9762629601182</ele>
      </trkpt>
      <trkpt lat="36.8779862" lon="138.2299327">
        <ele>748.8931018223062</ele>
      </trkpt>
      <trkpt lat="36.8779983" lon="138.2299127">
        <ele>748.8136109550491</ele>
      </trkpt>
      <trkpt lat="36.8780104" lon="138.2298916">
        <ele>748.7267966202934</ele>
      </trkpt>
      <trkpt lat="36.8780226" lon="138.2298706">
        <ele>748.7064340831257</ele>
      </trkpt>
      <trkpt lat="36.8780347" lon="138.2298493">
        <ele>748.6801876927271</ele>
      </trkpt>
      <trkpt lat="36.8780468" lon="138.229828">
        <ele>748.6445046833278</ele>
      </trkpt>
      <trkpt lat="36.8780578" lon="138.2298071">
        <ele>748.5966035324158</ele>
      </trkpt>
      <trkpt lat="36.8780688" lon="138.2297863">
        <ele>748.6594821032843</ele>
      </trkpt>
      <trkpt lat="36.8780782" lon="138.2297665">
        <ele>748.6990557701333</ele>
      </trkpt>
      <trkpt lat="36.8780877" lon="138.2297467">
        <ele>748.7405229245549</ele>
      </trkpt>
      <trkpt lat="36.8780964" lon="138.229727">
        <ele>748.7675414279803</ele>
      </trkpt>
      <trkpt lat="36.8781051" lon="138.2297074">
        <ele>748.866513506197</ele>
      </trkpt>
      <trkpt lat="36.8781149" lon="138.2296867">
        <ele>748.9746578771362</ele>
      </trkpt>
      <trkpt lat="36.8781247" lon="138.229666">
        <ele>749.0437481980773</ele>
      </trkpt>
      <trkpt lat="36.8781369" lon="138.2296441">
        <ele>749.1309100820299</ele>
      </trkpt>
      <trkpt lat="36.8781492" lon="138.2296223">
        <ele>749.264706507041</ele>
      </trkpt>
      <trkpt lat="36.8781653" lon="138.2296013">
        <ele>749.476010449467</ele>
      </trkpt>
      <trkpt lat="36.8781814" lon="138.2295804">
        <ele>749.6724199124994</ele>
      </trkpt>
      <trkpt lat="36.8781993" lon="138.2295608">
        <ele>749.7253725866985</ele>
      </trkpt>
      <trkpt lat="36.8782173" lon="138.2295413">
        <ele>749.7625875421836</ele>
      </trkpt>
      <trkpt lat="36.8782351" lon="138.2295218">
        <ele>749.8101623919821</ele>
      </trkpt>
      <trkpt lat="36.878253" lon="138.2295023">
        <ele>749.8157379262391</ele>
      </trkpt>
      <trkpt lat="36.8782703" lon="138.2294788">
        <ele>749.6953438491236</ele>
      </trkpt>
      <trkpt lat="36.8782877" lon="138.2294554">
        <ele>749.5553664552699</ele>
      </trkpt>
      <trkpt lat="36.8783024" lon="138.2294287">
        <ele>749.4543026767924</ele>
      </trkpt>
      <trkpt lat="36.8783171" lon="138.2294021">
        <ele>749.3569554771311</ele>
      </trkpt>
      <trkpt lat="36.8783291" lon="138.2293747">
        <ele>749.168687010253</ele>
      </trkpt>
      <trkpt lat="36.8783411" lon="138.2293474">
        <ele>748.9397169062166</ele>
      </trkpt>
      <trkpt lat="36.8783509" lon="138.2293227">
        <ele>748.7595892681504</ele>
      </trkpt>
      <trkpt lat="36.8783607" lon="138.2292981">
        <ele>748.5877178370844</ele>
      </trkpt>
      <trkpt lat="36.8783678" lon="138.2292749">
        <ele>748.4722154941186</ele>
      </trkpt>
      <trkpt lat="36.878375" lon="138.2292517">
        <ele>748.3568593373298</ele>
      </trkpt>
      <trkpt lat="36.8783809" lon="138.2292274">
        <ele>748.2623313673779</ele>
      </trkpt>
      <trkpt lat="36.8783869" lon="138.2292031">
        <ele>748.159610994161</ele>
      </trkpt>
      <trkpt lat="36.878394" lon="138.229178">
        <ele>748.0337355010221</ele>
      </trkpt>
      <trkpt lat="36.8784012" lon="138.229153">
        <ele>747.9055587081714</ele>
      </trkpt>
      <trkpt lat="36.8784102" lon="138.2291274">
        <ele>747.7387549692311</ele>
      </trkpt>
      <trkpt lat="36.8784193" lon="138.2291018">
        <ele>747.5698915893556</ele>
      </trkpt>
      <trkpt lat="36.87843" lon="138.2290759">
        <ele>747.3832553515339</ele>
      </trkpt>
      <trkpt lat="36.8784408" lon="138.2290501">
        <ele>747.2133003414289</ele>
      </trkpt>
      <trkpt lat="36.8784524" lon="138.2290239">
        <ele>747.0053474982038</ele>
      </trkpt>
      <trkpt lat="36.878464" lon="138.2289977">
        <ele>746.6698761482276</ele>
      </trkpt>
      <trkpt lat="36.8784741" lon="138.2289707">
        <ele>746.3749966821426</ele>
      </trkpt>
      <trkpt lat="36.8784843" lon="138.2289438">
        <ele>746.0755116588446</ele>
      </trkpt>
      <trkpt lat="36.8784943" lon="138.2289188">
        <ele>745.7550839487939</ele>
      </trkpt>
      <trkpt lat="36.8785044" lon="138.2288938">
        <ele>745.4320344682793</ele>
      </trkpt>
      <trkpt lat="36.8785156" lon="138.2288685">
        <ele>745.0794468089487</ele>
      </trkpt>
      <trkpt lat="36.8785269" lon="138.2288433">
        <ele>744.5986780905829</ele>
      </trkpt>
      <trkpt lat="36.8785367" lon="138.2288164">
        <ele>744.1068243486238</ele>
      </trkpt>
      <trkpt lat="36.8785466" lon="138.2287896">
        <ele>743.6214983642151</ele>
      </trkpt>
      <trkpt lat="36.8785537" lon="138.2287621">
        <ele>743.1849830589929</ele>
      </trkpt>
      <trkpt lat="36.8785609" lon="138.2287346">
        <ele>742.7368485442726</ele>
      </trkpt>
      <trkpt lat="36.8785669" lon="138.2287069">
        <ele>742.3395546788641</ele>
      </trkpt>
      <trkpt lat="36.878573" lon="138.2286792">
        <ele>741.9488672141805</ele>
      </trkpt>
      <trkpt lat="36.8785806" lon="138.2286527">
        <ele>741.5307035014442</ele>
      </trkpt>
      <trkpt lat="36.8785883" lon="138.2286263">
        <ele>741.1176865330176</ele>
      </trkpt>
      <trkpt lat="36.8785982" lon="138.2286024">
        <ele>740.6458352970726</ele>
      </trkpt>
      <trkpt lat="36.8786081" lon="138.2285785">
        <ele>740.2194668201768</ele>
      </trkpt>
      <trkpt lat="36.8786169" lon="138.2285549">
        <ele>739.8423233486973</ele>
      </trkpt>
      <trkpt lat="36.8786257" lon="138.2285314">
        <ele>739.4797408859965</ele>
      </trkpt>
      <trkpt lat="36.878633" lon="138.2285051">
        <ele>739.201945306783</ele>
      </trkpt>
      <trkpt lat="36.8786403" lon="138.2284788">
        <ele>738.9738472822701</ele>
      </trkpt>
      <trkpt lat="36.8786462" lon="138.2284507">
        <ele>738.8023993409074</ele>
      </trkpt>
      <trkpt lat="36.8786521" lon="138.2284226">
        <ele>738.6566665195156</ele>
      </trkpt>
      <trkpt lat="36.8786571" lon="138.2283922">
        <ele>738.5472279643019</ele>
      </trkpt>
      <trkpt lat="36.8786621" lon="138.2283619">
        <ele>738.4319141664787</ele>
      </trkpt>
      <trkpt lat="36.8786656" lon="138.2283321">
        <ele>738.3692527774272</ele>
      </trkpt>
      <trkpt lat="36.8786692" lon="138.2283023">
        <ele>738.3208543474095</ele>
      </trkpt>
      <trkpt lat="36.8786714" lon="138.2282743">
        <ele>738.3064652749015</ele>
      </trkpt>
      <trkpt lat="36.8786737" lon="138.2282464">
        <ele>738.2798500043336</ele>
      </trkpt>
      <trkpt lat="36.8786747" lon="138.2282212">
        <ele>738.2770401762587</ele>
      </trkpt>
      <trkpt lat="36.8786758" lon="138.228196">
        <ele>738.2748111762924</ele>
      </trkpt>
      <trkpt lat="36.8786739" lon="138.228171">
        <ele>738.3339631559332</ele>
      </trkpt>
      <trkpt lat="36.878672" lon="138.228146">
        <ele>738.3990663819952</ele>
      </trkpt>
      <trkpt lat="36.8786663" lon="138.2281189">
        <ele>738.538568510535</ele>
      </trkpt>
      <trkpt lat="36.8786606" lon="138.2280918">
        <ele>738.6780785286176</ele>
      </trkpt>
      <trkpt lat="36.8786536" lon="138.2280655">
        <ele>738.798888366484</ele>
      </trkpt>
      <trkpt lat="36.8786466" lon="138.2280392">
        <ele>738.9110953443692</ele>
      </trkpt>
      <trkpt lat="36.8786407" lon="138.2280165">
        <ele>739.0062906147921</ele>
      </trkpt>
      <trkpt lat="36.8786348" lon="138.2279939">
        <ele>739.1106832851757</ele>
      </trkpt>
      <trkpt lat="36.8786311" lon="138.2279726">
        <ele>739.1924108696664</ele>
      </trkpt>
      <trkpt lat="36.8786274" lon="138.2279514">
        <ele>739.2712850024384</ele>
      </trkpt>
      <trkpt lat="36.8786254" lon="138.2279284">
        <ele>739.3330406315303</ele>
      </trkpt>
      <trkpt lat="36.8786235" lon="138.2279055">
        <ele>739.3845284313858</ele>
      </trkpt>
      <trkpt lat="36.8786222" lon="138.2278808">
        <ele>739.4296457047797</ele>
      </trkpt>
      <trkpt lat="36.8786209" lon="138.2278562">
        <ele>739.4768118406544</ele>
      </trkpt>
      <trkpt lat="36.8786202" lon="138.2278314">
        <ele>739.510245573149</ele>
      </trkpt>
      <trkpt lat="36.8786196" lon="138.2278066">
        <ele>739.4892166968909</ele>
      </trkpt>
      <trkpt lat="36.8786215" lon="138.2277832">
        <ele>739.4370471967162</ele>
      </trkpt>
      <trkpt lat="36.8786235" lon="138.2277599">
        <ele>739.3836833346414</ele>
      </trkpt>
      <trkpt lat="36.8786283" lon="138.2277373">
        <ele>739.2796887858601</ele>
      </trkpt>
      <trkpt lat="36.8786332" lon="138.2277148">
        <ele>739.1549094502838</ele>
      </trkpt>
      <trkpt lat="36.8786392" lon="138.2276912">
        <ele>739.0030249297754</ele>
      </trkpt>
      <trkpt lat="36.8786452" lon="138.2276677">
        <ele>738.8418300276467</ele>
      </trkpt>
      <trkpt lat="36.8786489" lon="138.2276437">
        <ele>738.678379116301</ele>
      </trkpt>
      <trkpt lat="36.8786527" lon="138.2276198">
        <ele>738.5061144045792</ele>
      </trkpt>
      <trkpt lat="36.8786533" lon="138.2275959">
        <ele>738.3851192832931</ele>
      </trkpt>
      <trkpt lat="36.8786539" lon="138.227572">
        <ele>738.2524729872315</ele>
      </trkpt>
      <trkpt lat="36.8786528" lon="138.2275463">
        <ele>738.0934242237666</ele>
      </trkpt>
      <trkpt lat="36.8786518" lon="138.2275206">
        <ele>737.9336366885539</ele>
      </trkpt>
      <trkpt lat="36.8786519" lon="138.2274929">
        <ele>737.7418351598232</ele>
      </trkpt>
      <trkpt lat="36.8786521" lon="138.2274652">
        <ele>737.4838955477817</ele>
      </trkpt>
      <trkpt lat="36.8786535" lon="138.2274351">
        <ele>737.1788736351774</ele>
      </trkpt>
      <trkpt lat="36.8786549" lon="138.227405">
        <ele>736.8732551637848</ele>
      </trkpt>
      <trkpt lat="36.8786568" lon="138.2273733">
        <ele>736.5090383128907</ele>
      </trkpt>
      <trkpt lat="36.8786587" lon="138.2273416">
        <ele>736.1427772893279</ele>
      </trkpt>
      <trkpt lat="36.8786603" lon="138.2273097">
        <ele>735.771676397766</ele>
      </trkpt>
      <trkpt lat="36.878662" lon="138.2272778">
        <ele>735.3909241478054</ele>
      </trkpt>
      <trkpt lat="36.8786626" lon="138.2272467">
        <ele>735.0469802480452</ele>
      </trkpt>
      <trkpt lat="36.8786632" lon="138.2272156">
        <ele>734.6834449610753</ele>
      </trkpt>
      <trkpt lat="36.8786618" lon="138.2271844">
        <ele>734.3595090284684</ele>
      </trkpt>
      <trkpt lat="36.8786604" lon="138.2271533">
        <ele>734.0352540369088</ele>
      </trkpt>
      <trkpt lat="36.8786565" lon="138.2271221">
        <ele>733.7473003227645</ele>
      </trkpt>
      <trkpt lat="36.8786527" lon="138.227091">
        <ele>733.446157431052</ele>
      </trkpt>
      <trkpt lat="36.8786469" lon="138.2270594">
        <ele>733.1703282759742</ele>
      </trkpt>
      <trkpt lat="36.8786411" lon="138.2270278">
        <ele>732.9218036013783</ele>
      </trkpt>
      <trkpt lat="36.8786346" lon="138.2269955">
        <ele>732.6698545835856</ele>
      </trkpt>
      <trkpt lat="36.8786282" lon="138.2269632">
        <ele>732.3939729595743</ele>
      </trkpt>
      <trkpt lat="36.8786226" lon="138.2269315">
        <ele>732.0851468548885</ele>
      </trkpt>
      <trkpt lat="36.878617" lon="138.2268998">
        <ele>731.7702958189524</ele>
      </trkpt>
      <trkpt lat="36.878612" lon="138.2268694">
        <ele>731.4996631965276</ele>
      </trkpt>
      <trkpt lat="36.8786071" lon="138.2268391">
        <ele>731.2461772740821</ele>
      </trkpt>
      <trkpt lat="36.8786029" lon="138.2268076">
        <ele>730.9709323503082</ele>
      </trkpt>
      <trkpt lat="36.8785987" lon="138.2267762">
        <ele>730.7044242205395</ele>
      </trkpt>
      <trkpt lat="36.878594" lon="138.2267418">
        <ele>730.4045551133025</ele>
      </trkpt>
      <trkpt lat="36.8785894" lon="138.2267074">
        <ele>730.1193254365905</ele>
      </trkpt>
      <trkpt lat="36.878585" lon="138.2266737">
        <ele>729.8795919505051</ele>
      </trkpt>
      <trkpt lat="36.8785806" lon="138.2266401">
        <ele>729.6355422235969</ele>
      </trkpt>
      <trkpt lat="36.8785762" lon="138.2266098">
        <ele>729.4489734256492</ele>
      </trkpt>
      <trkpt lat="36.8785718" lon="138.2265795">
        <ele>729.277541439941</ele>
      </trkpt>
      <trkpt lat="36.8785667" lon="138.2265505">
        <ele>729.1176532370102</ele>
      </trkpt>
      <trkpt lat="36.8785617" lon="138.2265215">
        <ele>728.9627409886887</ele>
      </trkpt>
      <trkpt lat="36.8785557" lon="138.2264941">
        <ele>728.8220476120799</ele>
      </trkpt>
      <trkpt lat="36.8785497" lon="138.2264667">
        <ele>728.686933871109</ele>
      </trkpt>
      <trkpt lat="36.878543" lon="138.2264374">
        <ele>728.5126652797541</ele>
      </trkpt>
      <trkpt lat="36.8785364" lon="138.2264082">
        <ele>728.3433867320978</ele>
      </trkpt>
      <trkpt lat="36.8785294" lon="138.2263775">
        <ele>728.1797816133368</ele>
      </trkpt>
      <trkpt lat="36.8785224" lon="138.2263469">
        <ele>727.9979327548288</ele>
      </trkpt>
      <trkpt lat="36.8785154" lon="138.2263166">
        <ele>727.7785368190384</ele>
      </trkpt>
      <trkpt lat="36.8785085" lon="138.2262864">
        <ele>727.5695568791339</ele>
      </trkpt>
      <trkpt lat="36.8785013" lon="138.2262563">
        <ele>727.300040252886</ele>
      </trkpt>
      <trkpt lat="36.8784941" lon="138.2262262">
        <ele>727.037878966552</ele>
      </trkpt>
      <trkpt lat="36.8784857" lon="138.2261962">
        <ele>726.7774014514566</ele>
      </trkpt>
      <trkpt lat="36.8784773" lon="138.2261662">
        <ele>726.5118396784719</ele>
      </trkpt>
      <trkpt lat="36.8784686" lon="138.2261407">
        <ele>726.3135787506645</ele>
      </trkpt>
      <trkpt lat="36.87846" lon="138.2261152">
        <ele>726.1275364730409</ele>
      </trkpt>
      <trkpt lat="36.8784521" lon="138.2260967">
        <ele>725.9463942249145</ele>
      </trkpt>
      <trkpt lat="36.8784443" lon="138.2260782">
        <ele>725.7138790493284</ele>
      </trkpt>
      <trkpt lat="36.8784369" lon="138.2260652">
        <ele>725.5560614533862</ele>
      </trkpt>
      <trkpt lat="36.8784295" lon="138.2260522">
        <ele>725.408038751632</ele>
      </trkpt>
      <trkpt lat="36.8784239" lon="138.2260411">
        <ele>725.2897257420899</ele>
      </trkpt>
      <trkpt lat="36.8784184" lon="138.2260301">
        <ele>725.1786642811512</ele>
      </trkpt>
      <trkpt lat="36.8784142" lon="138.2260174">
        <ele>725.0541072491162</ele>
      </trkpt>
      <trkpt lat="36.8784101" lon="138.2260047">
        <ele>724.9313137777362</ele>
      </trkpt>
      <trkpt lat="36.8784057" lon="138.2259879">
        <ele>724.7708229057664</ele>
      </trkpt>
      <trkpt lat="36.8784013" lon="138.2259711">
        <ele>724.6128408292504</ele>
      </trkpt>
      <trkpt lat="36.8783966" lon="138.2259499">
        <ele>724.4158716663097</ele>
      </trkpt>
      <trkpt lat="36.878392" lon="138.2259287">
        <ele>724.2177710557555</ele>
      </trkpt>
      <trkpt lat="36.878386" lon="138.2259028">
        <ele>723.988924396999</ele>
      </trkpt>
      <trkpt lat="36.87838" lon="138.2258769">
        <ele>723.7297095908499</ele>
      </trkpt>
      <trkpt lat="36.8783736" lon="138.2258475">
        <ele>723.4340157001728</ele>
      </trkpt>
      <trkpt lat="36.8783673" lon="138.2258182">
        <ele>723.1535846972328</ele>
      </trkpt>
      <trkpt lat="36.878363" lon="138.225788">
        <ele>722.8818328947945</ele>
      </trkpt>
      <trkpt lat="36.8783587" lon="138.2257578">
        <ele>722.6386614838912</ele>
      </trkpt>
      <trkpt lat="36.8783562" lon="138.2257269">
        <ele>722.414435373528</ele>
      </trkpt>
      <trkpt lat="36.8783538" lon="138.225696">
        <ele>722.1953312135088</ele>
      </trkpt>
      <trkpt lat="36.878351" lon="138.2256617">
        <ele>722.0217978772769</ele>
      </trkpt>
      <trkpt lat="36.8783483" lon="138.2256274">
        <ele>721.8708933197989</ele>
      </trkpt>
      <trkpt lat="36.8783429" lon="138.2255942">
        <ele>721.754207026393</ele>
      </trkpt>
      <trkpt lat="36.8783375" lon="138.2255611">
        <ele>721.6783028525915</ele>
      </trkpt>
      <trkpt lat="36.8783292" lon="138.2255304">
        <ele>721.6412517128662</ele>
      </trkpt>
      <trkpt lat="36.8783209" lon="138.2254998">
        <ele>721.6435166818397</ele>
      </trkpt>
      <trkpt lat="36.8783124" lon="138.2254709">
        <ele>721.6355339593682</ele>
      </trkpt>
      <trkpt lat="36.878304" lon="138.2254421">
        <ele>721.5903556780064</ele>
      </trkpt>
      <trkpt lat="36.8782972" lon="138.2254139">
        <ele>721.5688935555338</ele>
      </trkpt>
      <trkpt lat="36.8782905" lon="138.2253857">
        <ele>721.5690632405532</ele>
      </trkpt>
      <trkpt lat="36.8782864" lon="138.2253577">
        <ele>721.5824003701086</ele>
      </trkpt>
      <trkpt lat="36.8782823" lon="138.2253298">
        <ele>721.635135996323</ele>
      </trkpt>
      <trkpt lat="36.8782798" lon="138.2253012">
        <ele>721.7123491507926</ele>
      </trkpt>
      <trkpt lat="36.8782773" lon="138.2252726">
        <ele>721.7944156203309</ele>
      </trkpt>
      <trkpt lat="36.8782743" lon="138.2252438">
        <ele>721.8591398639278</ele>
      </trkpt>
      <trkpt lat="36.8782714" lon="138.2252151">
        <ele>721.9103163243407</ele>
      </trkpt>
      <trkpt lat="36.8782675" lon="138.2251921">
        <ele>721.9720573578968</ele>
      </trkpt>
      <trkpt lat="36.8782636" lon="138.2251691">
        <ele>722.0342837980181</ele>
      </trkpt>
      <trkpt lat="36.8782608" lon="138.2251516">
        <ele>722.0591052810198</ele>
      </trkpt>
      <trkpt lat="36.8782581" lon="138.2251341">
        <ele>722.0845026018053</ele>
      </trkpt>
      <trkpt lat="36.8782583" lon="138.2251185">
        <ele>722.0794629602174</ele>
      </trkpt>
      <trkpt lat="36.8782585" lon="138.225103">
        <ele>722.0743361346676</ele>
      </trkpt>
      <trkpt lat="36.8782611" lon="138.2250866">
        <ele>722.0387840678238</ele>
      </trkpt>
      <trkpt lat="36.8782637" lon="138.2250702">
        <ele>721.9802170064088</ele>
      </trkpt>
      <trkpt lat="36.8782673" lon="138.2250489">
        <ele>721.8969330901402</ele>
      </trkpt>
      <trkpt lat="36.878271" lon="138.2250277">
        <ele>721.8072699809594</ele>
      </trkpt>
      <trkpt lat="36.878276" lon="138.2250002">
        <ele>721.677661072903</ele>
      </trkpt>
      <trkpt lat="36.878281" lon="138.2249727">
        <ele>721.5091126896298</ele>
      </trkpt>
      <trkpt lat="36.8782853" lon="138.2249398">
        <ele>721.3232679909739</ele>
      </trkpt>
      <trkpt lat="36.8782897" lon="138.2249069">
        <ele>721.1037681957953</ele>
      </trkpt>
      <trkpt lat="36.8782926" lon="138.2248744">
        <ele>720.8509072961627</ele>
      </trkpt>
      <trkpt lat="36.8782955" lon="138.2248419">
        <ele>720.5916488407694</ele>
      </trkpt>
      <trkpt lat="36.878299" lon="138.2248115">
        <ele>720.3212234640495</ele>
      </trkpt>
      <trkpt lat="36.8783026" lon="138.2247811">
        <ele>720.0411167708141</ele>
      </trkpt>
      <trkpt lat="36.8783066" lon="138.224753">
        <ele>719.7643028067573</ele>
      </trkpt>
      <trkpt lat="36.8783107" lon="138.224725">
        <ele>719.436015577349</ele>
      </trkpt>
      <trkpt lat="36.8783142" lon="138.2247001">
        <ele>719.1271048444958</ele>
      </trkpt>
      <trkpt lat="36.8783177" lon="138.2246752">
        <ele>718.7988331567035</ele>
      </trkpt>
      <trkpt lat="36.8783182" lon="138.2246526">
        <ele>718.5784064659465</ele>
      </trkpt>
      <trkpt lat="36.8783187" lon="138.22463">
        <ele>718.3752635522496</ele>
      </trkpt>
      <trkpt lat="36.8783146" lon="138.2246088">
        <ele>718.3279082457235</ele>
      </trkpt>
      <trkpt lat="36.8783105" lon="138.2245877">
        <ele>718.2568801762816</ele>
      </trkpt>
      <trkpt lat="36.8783025" lon="138.224569">
        <ele>718.2999878148829</ele>
      </trkpt>
      <trkpt lat="36.8782946" lon="138.2245503">
        <ele>718.3286889038642</ele>
      </trkpt>
      <trkpt lat="36.8782841" lon="138.2245316">
        <ele>718.4286143912148</ele>
      </trkpt>
      <trkpt lat="36.8782736" lon="138.2245129">
        <ele>718.5352038176405</ele>
      </trkpt>
      <trkpt lat="36.8782639" lon="138.2244917">
        <ele>718.6064912416688</ele>
      </trkpt>
      <trkpt lat="36.8782542" lon="138.2244706">
        <ele>718.705047243614</ele>
      </trkpt>
      <trkpt lat="36.8782506" lon="138.2244465">
        <ele>718.6307012723294</ele>
      </trkpt>
      <trkpt lat="36.878247" lon="138.2244224">
        <ele>718.5556607441848</ele>
      </trkpt>
      <trkpt lat="36.8782511" lon="138.2243958">
        <ele>718.2725826716132</ele>
      </trkpt>
      <trkpt lat="36.8782552" lon="138.2243692">
        <ele>718.0273929549583</ele>
      </trkpt>
      <trkpt lat="36.878266" lon="138.2243422">
        <ele>717.573882890352</ele>
      </trkpt>
      <trkpt lat="36.8782768" lon="138.2243153">
        <ele>717.1011449588635</ele>
      </trkpt>
      <trkpt lat="36.8782911" lon="138.2242903">
        <ele>716.5100645394823</ele>
      </trkpt>
      <trkpt lat="36.8783054" lon="138.2242654">
        <ele>715.8953800764939</ele>
      </trkpt>
      <trkpt lat="36.87832" lon="138.2242428">
        <ele>715.2226912031925</ele>
      </trkpt>
      <trkpt lat="36.8783347" lon="138.2242203">
        <ele>714.4051517356882</ele>
      </trkpt>
      <trkpt lat="36.8783481" lon="138.2241987">
        <ele>713.6157108071716</ele>
      </trkpt>
      <trkpt lat="36.8783616" lon="138.2241771">
        <ele>712.8020745374757</ele>
      </trkpt>
      <trkpt lat="36.8783753" lon="138.224155">
        <ele>711.9543194000775</ele>
      </trkpt>
      <trkpt lat="36.8783891" lon="138.2241329">
        <ele>711.0570166947625</ele>
      </trkpt>
      <trkpt lat="36.8784029" lon="138.224111">
        <ele>710.094455268295</ele>
      </trkpt>
      <trkpt lat="36.8784167" lon="138.2240891">
        <ele>709.1216365678913</ele>
      </trkpt>
      <trkpt lat="36.8784292" lon="138.2240659">
        <ele>708.1938083086782</ele>
      </trkpt>
      <trkpt lat="36.8784417" lon="138.2240428">
        <ele>707.2066864357682</ele>
      </trkpt>
      <trkpt lat="36.8784514" lon="138.2240185">
        <ele>706.312526422741</ele>
      </trkpt>
      <trkpt lat="36.8784612" lon="138.2239943">
        <ele>705.3699343396588</ele>
      </trkpt>
      <trkpt lat="36.8784674" lon="138.2239694">
        <ele>704.6252605880611</ele>
      </trkpt>
      <trkpt lat="36.8784736" lon="138.2239446">
        <ele>703.8994958339658</ele>
      </trkpt>
      <trkpt lat="36.8784763" lon="138.22392">
        <ele>703.3835161969345</ele>
      </trkpt>
      <trkpt lat="36.878479" lon="138.2238955">
        <ele>702.8667237655967</ele>
      </trkpt>
      <trkpt lat="36.8784791" lon="138.2238718">
        <ele>702.4847247597303</ele>
      </trkpt>
      <trkpt lat="36.8784792" lon="138.2238482">
        <ele>702.0833250085028</ele>
      </trkpt>
      <trkpt lat="36.8784768" lon="138.223824">
        <ele>701.8273808172452</ele>
      </trkpt>
      <trkpt lat="36.8784745" lon="138.2237998">
        <ele>701.5671433305587</ele>
      </trkpt>
      <trkpt lat="36.8784709" lon="138.2237736">
        <ele>701.3575524414741</ele>
      </trkpt>
      <trkpt lat="36.8784673" lon="138.2237474">
        <ele>701.1511627010989</ele>
      </trkpt>
      <trkpt lat="36.8784643" lon="138.2237209">
        <ele>700.90463827964</ele>
      </trkpt>
      <trkpt lat="36.8784613" lon="138.2236945">
        <ele>700.6651653932408</ele>
      </trkpt>
      <trkpt lat="36.8784591" lon="138.223669">
        <ele>700.3902212681251</ele>
      </trkpt>
      <trkpt lat="36.878457" lon="138.2236435">
        <ele>700.108868457843</ele>
      </trkpt>
      <trkpt lat="36.8784555" lon="138.2236186">
        <ele>699.8113267641246</ele>
      </trkpt>
      <trkpt lat="36.878454" lon="138.2235937">
        <ele>699.5302880227575</ele>
      </trkpt>
      <trkpt lat="36.8784548" lon="138.2235695">
        <ele>699.1135176887217</ele>
      </trkpt>
      <trkpt lat="36.8784556" lon="138.2235453">
        <ele>698.6974044196161</ele>
      </trkpt>
      <trkpt lat="36.8784586" lon="138.22352">
        <ele>698.1554124978272</ele>
      </trkpt>
      <trkpt lat="36.8784616" lon="138.2234948">
        <ele>697.6198658236497</ele>
      </trkpt>
      <trkpt lat="36.8784658" lon="138.223469">
        <ele>697.0049638364828</ele>
      </trkpt>
      <trkpt lat="36.8784701" lon="138.2234433">
        <ele>696.4504638824618</ele>
      </trkpt>
      <trkpt lat="36.8784743" lon="138.2234178">
        <ele>695.9558566939095</ele>
      </trkpt>
      <trkpt lat="36.8784785" lon="138.2233924">
        <ele>695.4621815596714</ele>
      </trkpt>
      <trkpt lat="36.8784812" lon="138.2233675">
        <ele>695.0761480240103</ele>
      </trkpt>
      <trkpt lat="36.8784839" lon="138.2233427">
        <ele>694.7506136562824</ele>
      </trkpt>
      <trkpt lat="36.8784833" lon="138.2233165">
        <ele>694.6171460361033</ele>
      </trkpt>
      <trkpt lat="36.8784828" lon="138.2232903">
        <ele>694.4771653111868</ele>
      </trkpt>
      <trkpt lat="36.8784809" lon="138.2232662">
        <ele>694.4925308910438</ele>
      </trkpt>
      <trkpt lat="36.878479" lon="138.2232422">
        <ele>694.5221076563708</ele>
      </trkpt>
      <trkpt lat="36.8784774" lon="138.2232216">
        <ele>694.5456530949579</ele>
      </trkpt>
      <trkpt lat="36.8784758" lon="138.2232011">
        <ele>694.5695480572771</ele>
      </trkpt>
      <trkpt lat="36.8784761" lon="138.2231804">
        <ele>694.5320643489891</ele>
      </trkpt>
      <trkpt lat="36.8784765" lon="138.2231597">
        <ele>694.4922899390815</ele>
      </trkpt>
      <trkpt lat="36.878482" lon="138.2231378">
        <ele>694.1526875134589</ele>
      </trkpt>
      <trkpt lat="36.8784876" lon="138.223116">
        <ele>693.81140233506</ele>
      </trkpt>
      <trkpt lat="36.8784963" lon="138.2230932">
        <ele>693.3518698997804</ele>
      </trkpt>
      <trkpt lat="36.878505" lon="138.2230705">
        <ele>692.8978959146892</ele>
      </trkpt>
      <trkpt lat="36.8785149" lon="138.2230482">
        <ele>692.3730768511075</ele>
      </trkpt>
      <trkpt lat="36.8785249" lon="138.2230259">
        <ele>691.8531275912235</ele>
      </trkpt>
      <trkpt lat="36.8785362" lon="138.2230033">
        <ele>691.3008468109642</ele>
      </trkpt>
      <trkpt lat="36.8785476" lon="138.2229808">
        <ele>690.7339768835659</ele>
      </trkpt>
      <trkpt lat="36.8785597" lon="138.2229598">
        <ele>690.1145419367676</ele>
      </trkpt>
      <trkpt lat="36.8785719" lon="138.2229389">
        <ele>689.4874708718867</ele>
      </trkpt>
      <trkpt lat="36.8785835" lon="138.2229199">
        <ele>688.9170871601453</ele>
      </trkpt>
      <trkpt lat="36.8785951" lon="138.2229009">
        <ele>688.368930928039</ele>
      </trkpt>
      <trkpt lat="36.8786058" lon="138.2228807">
        <ele>687.9049204986226</ele>
      </trkpt>
      <trkpt lat="36.8786165" lon="138.2228606">
        <ele>687.4331519715595</ele>
      </trkpt>
      <trkpt lat="36.8786274" lon="138.2228363">
        <ele>686.9495177248966</ele>
      </trkpt>
      <trkpt lat="36.8786383" lon="138.222812">
        <ele>686.4629131018654</ele>
      </trkpt>
      <trkpt lat="36.87865" lon="138.2227858">
        <ele>685.9410015333912</ele>
      </trkpt>
      <trkpt lat="36.8786617" lon="138.2227596">
        <ele>685.4386603753085</ele>
      </trkpt>
      <trkpt lat="36.8786709" lon="138.2227363">
        <ele>685.0916459284729</ele>
      </trkpt>
      <trkpt lat="36.8786802" lon="138.2227131">
        <ele>684.739213214117</ele>
      </trkpt>
      <trkpt lat="36.8786878" lon="138.2226947">
        <ele>684.4485978626653</ele>
      </trkpt>
      <trkpt lat="36.8786954" lon="138.2226763">
        <ele>684.1427821140005</ele>
      </trkpt>
      <trkpt lat="36.8787023" lon="138.2226673">
        <ele>683.8249873656636</ele>
      </trkpt>
      <trkpt lat="36.8787092" lon="138.2226583">
        <ele>683.5050849461549</ele>
      </trkpt>
      <trkpt lat="36.8787134" lon="138.22266">
        <ele>683.2908157318845</ele>
      </trkpt>
      <trkpt lat="36.8787176" lon="138.2226617">
        <ele>683.0767888342918</ele>
      </trkpt>
      <trkpt lat="36.8787178" lon="138.2226737">
        <ele>683.0367516221751</ele>
      </trkpt>
      <trkpt lat="36.8787181" lon="138.2226857">
        <ele>682.9900304412937</ele>
      </trkpt>
      <trkpt lat="36.8787166" lon="138.2227043">
        <ele>682.977630868927</ele>
      </trkpt>
      <trkpt lat="36.8787151" lon="138.222723">
        <ele>682.9647652605552</ele>
      </trkpt>
      <trkpt lat="36.8787186" lon="138.222739">
        <ele>682.7168735334186</ele>
      </trkpt>
      <trkpt lat="36.8787222" lon="138.222755">
        <ele>682.4640296175147</ele>
      </trkpt>
      <trkpt lat="36.878733" lon="138.2227593">
        <ele>681.9349958973838</ele>
      </trkpt>
      <trkpt lat="36.8787439" lon="138.2227636">
        <ele>681.4358165191502</ele>
      </trkpt>
      <trkpt lat="36.8787574" lon="138.2227571">
        <ele>680.8616387688979</ele>
      </trkpt>
      <trkpt lat="36.878771" lon="138.2227507">
        <ele>680.2738069859383</ele>
      </trkpt>
      <trkpt lat="36.8787824" lon="138.222736">
        <ele>679.791924913476</ele>
      </trkpt>
      <trkpt lat="36.8787938" lon="138.2227214">
        <ele>679.2928485946468</ele>
      </trkpt>
      <trkpt lat="36.8788009" lon="138.2227011">
        <ele>678.9989053486853</ele>
      </trkpt>
      <trkpt lat="36.8788081" lon="138.2226808">
        <ele>678.7111108961311</ele>
      </trkpt>
      <trkpt lat="36.8788134" lon="138.2226621">
        <ele>678.5117877623111</ele>
      </trkpt>
      <trkpt lat="36.8788187" lon="138.2226434">
        <ele>678.3057371242307</ele>
      </trkpt>
      <trkpt lat="36.8788254" lon="138.2226348">
        <ele>678.0152191263167</ele>
      </trkpt>
      <trkpt lat="36.8788322" lon="138.2226262">
        <ele>677.7162212447436</ele>
      </trkpt>
      <trkpt lat="36.8788391" lon="138.2226297">
        <ele>677.397860524487</ele>
      </trkpt>
      <trkpt lat="36.8788461" lon="138.2226332">
        <ele>677.0765941437912</ele>
      </trkpt>
      <trkpt lat="36.878854" lon="138.222641">
        <ele>676.7145316037088</ele>
      </trkpt>
      <trkpt lat="36.878862" lon="138.2226489">
        <ele>676.3521482720803</ele>
      </trkpt>
      <trkpt lat="36.8788726" lon="138.2226511">
        <ele>675.8807064795317</ele>
      </trkpt>
      <trkpt lat="36.8788833" lon="138.2226534">
        <ele>675.4077304536706</ele>
      </trkpt>
      <trkpt lat="36.8788934" lon="138.2226453">
        <ele>674.9571601811682</ele>
      </trkpt>
      <trkpt lat="36.8789036" lon="138.2226372">
        <ele>674.4993627965325</ele>
      </trkpt>
      <trkpt lat="36.8789094" lon="138.2226197">
        <ele>674.2281656255145</ele>
      </trkpt>
      <trkpt lat="36.8789152" lon="138.2226023">
        <ele>673.9536081019087</ele>
      </trkpt>
      <trkpt lat="36.8789162" lon="138.2225786">
        <ele>673.9180635726465</ele>
      </trkpt>
      <trkpt lat="36.8789173" lon="138.2225549">
        <ele>673.8811014723315</ele>
      </trkpt>
      <trkpt lat="36.8789165" lon="138.2225282">
        <ele>673.9343195238458</ele>
      </trkpt>
      <trkpt lat="36.8789158" lon="138.2225015">
        <ele>674.004157744372</ele>
      </trkpt>
      <trkpt lat="36.8789184" lon="138.2224736">
        <ele>673.9441993941095</ele>
      </trkpt>
      <trkpt lat="36.8789211" lon="138.2224457">
        <ele>673.8794344977019</ele>
      </trkpt>
      <trkpt lat="36.8789291" lon="138.2224179">
        <ele>673.5723097709348</ele>
      </trkpt>
      <trkpt lat="36.8789372" lon="138.2223901">
        <ele>673.2739621995956</ele>
      </trkpt>
      <trkpt lat="36.8789493" lon="138.2223673">
        <ele>672.7544383414096</ele>
      </trkpt>
      <trkpt lat="36.8789614" lon="138.2223446">
        <ele>672.2345648630063</ele>
      </trkpt>
      <trkpt lat="36.8789754" lon="138.2223265">
        <ele>671.6184544752025</ele>
      </trkpt>
      <trkpt lat="36.8789894" lon="138.2223084">
        <ele>670.9894361602536</ele>
      </trkpt>
      <trkpt lat="36.8790052" lon="138.2222912">
        <ele>670.244866729947</ele>
      </trkpt>
      <trkpt lat="36.8790211" lon="138.222274">
        <ele>669.4712676756088</ele>
      </trkpt>
      <trkpt lat="36.8790372" lon="138.2222563">
        <ele>668.688929060335</ele>
      </trkpt>
      <trkpt lat="36.8790533" lon="138.2222386">
        <ele>667.9370047215078</ele>
      </trkpt>
      <trkpt lat="36.8790679" lon="138.2222212">
        <ele>667.2461068319757</ele>
      </trkpt>
      <trkpt lat="36.8790826" lon="138.2222039">
        <ele>666.5518865579751</ele>
      </trkpt>
      <trkpt lat="36.8790955" lon="138.2221853">
        <ele>665.962155929302</ele>
      </trkpt>
      <trkpt lat="36.8791084" lon="138.2221668">
        <ele>665.3771932845111</ele>
      </trkpt>
      <trkpt lat="36.8791182" lon="138.2221495">
        <ele>664.9700010535955</ele>
      </trkpt>
      <trkpt lat="36.879128" lon="138.2221322">
        <ele>664.557054630153</ele>
      </trkpt>
      <trkpt lat="36.8791351" lon="138.2221153">
        <ele>664.2800843014637</ele>
      </trkpt>
      <trkpt lat="36.8791423" lon="138.2220985">
        <ele>664.0019699718049</ele>
      </trkpt>
      <trkpt lat="36.8791483" lon="138.222082">
        <ele>663.8059964563463</ele>
      </trkpt>
      <trkpt lat="36.8791543" lon="138.2220656">
        <ele>663.638431169355</ele>
      </trkpt>
      <trkpt lat="36.8791604" lon="138.2220468">
        <ele>663.481257954756</ele>
      </trkpt>
      <trkpt lat="36.8791665" lon="138.222028">
        <ele>663.3201925153136</ele>
      </trkpt>
      <trkpt lat="36.879175" lon="138.222007">
        <ele>663.0499696334352</ele>
      </trkpt>
      <trkpt lat="36.8791835" lon="138.221986">
        <ele>662.7774854795589</ele>
      </trkpt>
      <trkpt lat="36.8791941" lon="138.2219637">
        <ele>662.4156653816923</ele>
      </trkpt>
      <trkpt lat="36.8792047" lon="138.2219415">
        <ele>662.0610590446241</ele>
      </trkpt>
      <trkpt lat="36.8792158" lon="138.2219197">
        <ele>661.7287400965582</ele>
      </trkpt>
      <trkpt lat="36.8792269" lon="138.221898">
        <ele>661.4206908209253</ele>
      </trkpt>
      <trkpt lat="36.8792383" lon="138.2218781">
        <ele>661.0848526087597</ele>
      </trkpt>
      <trkpt lat="36.8792497" lon="138.2218582">
        <ele>660.7490143205048</ele>
      </trkpt>
      <trkpt lat="36.8792607" lon="138.2218369">
        <ele>660.4420721964456</ele>
      </trkpt>
      <trkpt lat="36.8792718" lon="138.2218156">
        <ele>660.1169718220456</ele>
      </trkpt>
      <trkpt lat="36.8792819" lon="138.22179">
        <ele>659.8784536984447</ele>
      </trkpt>
      <trkpt lat="36.879292" lon="138.2217644">
        <ele>659.6728539151925</ele>
      </trkpt>
      <trkpt lat="36.8793042" lon="138.2217405">
        <ele>659.3839120804728</ele>
      </trkpt>
      <trkpt lat="36.8793165" lon="138.2217166">
        <ele>659.1011202605282</ele>
      </trkpt>
      <trkpt lat="36.8793298" lon="138.2217055">
        <ele>658.6903738885746</ele>
      </trkpt>
      <trkpt lat="36.8793431" lon="138.2216945">
        <ele>658.2838272839562</ele>
      </trkpt>
      <trkpt lat="36.8793537" lon="138.2216982">
        <ele>657.9050305613084</ele>
      </trkpt>
      <trkpt lat="36.8793644" lon="138.221702">
        <ele>657.537704172931</ele>
      </trkpt>
      <trkpt lat="36.8793691" lon="138.2217171">
        <ele>657.2611133143121</ele>
      </trkpt>
      <trkpt lat="36.8793739" lon="138.2217322">
        <ele>656.9789238264174</ele>
      </trkpt>
      <trkpt lat="36.8793761" lon="138.2217509">
        <ele>656.7570818276008</ele>
      </trkpt>
      <trkpt lat="36.8793784" lon="138.2217696">
        <ele>656.5415564107643</ele>
      </trkpt>
      <trkpt lat="36.8793843" lon="138.2217806">
        <ele>656.2728306517388</ele>
      </trkpt>
      <trkpt lat="36.8793902" lon="138.2217916">
        <ele>656.0063075683423</ele>
      </trkpt>
      <trkpt lat="36.8794015" lon="138.2217896">
        <ele>655.6683956653669</ele>
      </trkpt>
      <trkpt lat="36.8794129" lon="138.2217876">
        <ele>655.3265918413703</ele>
      </trkpt>
      <trkpt lat="36.8794258" lon="138.2217744">
        <ele>655.0980570283735</ele>
      </trkpt>
      <trkpt lat="36.8794387" lon="138.2217613">
        <ele>654.8869802612195</ele>
      </trkpt>
      <trkpt lat="36.8794522" lon="138.2217499">
        <ele>654.6546125303378</ele>
      </trkpt>
      <trkpt lat="36.8794657" lon="138.2217386">
        <ele>654.4297891795636</ele>
      </trkpt>
      <trkpt lat="36.8794794" lon="138.2217384">
        <ele>654.1123801562935</ele>
      </trkpt>
      <trkpt lat="36.8794931" lon="138.2217382">
        <ele>653.8374028422388</ele>
      </trkpt>
      <trkpt lat="36.8795069" lon="138.2217497">
        <ele>653.479791220208</ele>
      </trkpt>
      <trkpt lat="36.8795208" lon="138.2217613">
        <ele>653.1219897806882</ele>
      </trkpt>
      <trkpt lat="36.8795347" lon="138.2217785">
        <ele>652.7185169829526</ele>
      </trkpt>
      <trkpt lat="36.8795487" lon="138.2217958">
        <ele>652.3123350770215</ele>
      </trkpt>
      <trkpt lat="36.8795618" lon="138.2218133">
        <ele>651.8641711077655</ele>
      </trkpt>
      <trkpt lat="36.879575" lon="138.2218309">
        <ele>651.3904211994379</ele>
      </trkpt>
      <trkpt lat="36.8795892" lon="138.2218465">
        <ele>650.9043187143774</ele>
      </trkpt>
      <trkpt lat="36.8796034" lon="138.2218622">
        <ele>650.4248897648745</ele>
      </trkpt>
      <trkpt lat="36.87962" lon="138.2218773">
        <ele>649.9005911865847</ele>
      </trkpt>
      <trkpt lat="36.8796367" lon="138.2218924">
        <ele>649.7396985175094</ele>
      </trkpt>
      <trkpt lat="36.8796536" lon="138.221904">
        <ele>649.6586086401719</ele>
      </trkpt>
      <trkpt lat="36.8796705" lon="138.2219156">
        <ele>649.573771889974</ele>
      </trkpt>
      <trkpt lat="36.8796883" lon="138.2219215">
        <ele>649.5256539023487</ele>
      </trkpt>
      <trkpt lat="36.8797062" lon="138.2219274">
        <ele>649.3091437856743</ele>
      </trkpt>
      <trkpt lat="36.8797245" lon="138.221929">
        <ele>649.1151317346939</ele>
      </trkpt>
      <trkpt lat="36.8797429" lon="138.2219307">
        <ele>648.920400198647</ele>
      </trkpt>
      <trkpt lat="36.8797603" lon="138.2219311">
        <ele>648.7463784861654</ele>
      </trkpt>
      <trkpt lat="36.8797778" lon="138.2219315">
        <ele>648.5765419326069</ele>
      </trkpt>
      <trkpt lat="36.8797974" lon="138.2219342">
        <ele>648.3741642652776</ele>
      </trkpt>
      <trkpt lat="36.879817" lon="138.221937">
        <ele>648.17488023195</ele>
      </trkpt>
      <trkpt lat="36.8798398" lon="138.2219426">
        <ele>647.9378804988881</ele>
      </trkpt>
      <trkpt lat="36.8798626" lon="138.2219483">
        <ele>647.7092038566312</ele>
      </trkpt>
      <trkpt lat="36.879885" lon="138.2219538">
        <ele>647.4933976412865</ele>
      </trkpt>
      <trkpt lat="36.8799075" lon="138.2219593">
        <ele>647.3029688933518</ele>
      </trkpt>
      <trkpt lat="36.8799291" lon="138.2219645">
        <ele>647.1424558907931</ele>
      </trkpt>
      <trkpt lat="36.8799508" lon="138.2219697">
        <ele>646.9888877298365</ele>
      </trkpt>
      <trkpt lat="36.8799731" lon="138.2219758">
        <ele>646.825865596117</ele>
      </trkpt>
      <trkpt lat="36.8799954" lon="138.2219819">
        <ele>646.6530206735142</ele>
      </trkpt>
      <trkpt lat="36.8800176" lon="138.2219865">
        <ele>646.487437648734</ele>
      </trkpt>
      <trkpt lat="36.8800399" lon="138.2219912">
        <ele>646.3282920672881</ele>
      </trkpt>
      <trkpt lat="36.8800616" lon="138.221992">
        <ele>646.1677433531486</ele>
      </trkpt>
      <trkpt lat="36.8800833" lon="138.2219928">
        <ele>646.0083729918027</ele>
      </trkpt>
      <trkpt lat="36.8801051" lon="138.2219899">
        <ele>645.8271165305762</ele>
      </trkpt>
      <trkpt lat="36.880127" lon="138.221987">
        <ele>645.6222108277505</ele>
      </trkpt>
      <trkpt lat="36.8801478" lon="138.2219821">
        <ele>645.4175976309937</ele>
      </trkpt>
      <trkpt lat="36.8801686" lon="138.2219773">
        <ele>645.2134504187865</ele>
      </trkpt>
      <trkpt lat="36.8801882" lon="138.2219704">
        <ele>645.0461369389989</ele>
      </trkpt>
      <trkpt lat="36.8802078" lon="138.2219636">
        <ele>644.8729911882217</ele>
      </trkpt>
      <trkpt lat="36.8802273" lon="138.2219554">
        <ele>644.6822672064359</ele>
      </trkpt>
      <trkpt lat="36.8802469" lon="138.2219473">
        <ele>644.4829402026268</ele>
      </trkpt>
      <trkpt lat="36.880267" lon="138.2219387">
        <ele>644.2764382594743</ele>
      </trkpt>
      <trkpt lat="36.8802872" lon="138.2219302">
        <ele>644.0699070515589</ele>
      </trkpt>
      <trkpt lat="36.8803066" lon="138.2219211">
        <ele>643.8650077174428</ele>
      </trkpt>
      <trkpt lat="36.8803261" lon="138.2219121">
        <ele>643.6587554296257</ele>
      </trkpt>
      <trkpt lat="36.8803442" lon="138.2219011">
        <ele>643.3987779505096</ele>
      </trkpt>
      <trkpt lat="36.8803623" lon="138.2218901">
        <ele>643.1388004411257</ele>
      </trkpt>
      <trkpt lat="36.8803808" lon="138.2218783">
        <ele>642.8637058632983</ele>
      </trkpt>
      <trkpt lat="36.8803994" lon="138.2218666">
        <ele>642.5764901267333</ele>
      </trkpt>
      <trkpt lat="36.8804181" lon="138.2218541">
        <ele>642.271167718788</ele>
      </trkpt>
      <trkpt lat="36.8804369" lon="138.2218417">
        <ele>641.9583320932625</ele>
      </trkpt>
      <trkpt lat="36.8804579" lon="138.2218299">
        <ele>641.6255238610327</ele>
      </trkpt>
      <trkpt lat="36.8804789" lon="138.2218181">
        <ele>641.2464351743686</ele>
      </trkpt>
      <trkpt lat="36.8805027" lon="138.2218091">
        <ele>640.8688446591253</ele>
      </trkpt>
      <trkpt lat="36.8805266" lon="138.2218002">
        <ele>640.4200462839331</ele>
      </trkpt>
      <trkpt lat="36.8805528" lon="138.2217981">
        <ele>640.0111808425672</ele>
      </trkpt>
      <trkpt lat="36.8805791" lon="138.2217961">
        <ele>639.5992539381548</ele>
      </trkpt>
      <trkpt lat="36.8806072" lon="138.2217992">
        <ele>639.2443065450117</ele>
      </trkpt>
      <trkpt lat="36.8806354" lon="138.2218023">
        <ele>638.8882989489958</ele>
      </trkpt>
      <trkpt lat="36.8806646" lon="138.2218072">
        <ele>638.5446325361969</ele>
      </trkpt>
      <trkpt lat="36.8806939" lon="138.2218121">
        <ele>638.1836522397591</ele>
      </trkpt>
      <trkpt lat="36.8807201" lon="138.2218167">
        <ele>637.8671705337244</ele>
      </trkpt>
      <trkpt lat="36.8807464" lon="138.2218214">
        <ele>637.5881367217287</ele>
      </trkpt>
      <trkpt lat="36.8807667" lon="138.2218189">
        <ele>637.2371129974728</ele>
      </trkpt>
      <trkpt lat="36.8807871" lon="138.2218165">
        <ele>636.8868462935559</ele>
      </trkpt>
      <trkpt lat="36.8808045" lon="138.2218062">
        <ele>636.4355893415764</ele>
      </trkpt>
      <trkpt lat="36.8808219" lon="138.2217959">
        <ele>635.9914644792711</ele>
      </trkpt>
      <trkpt lat="36.88084" lon="138.2217852">
        <ele>635.536232571588</ele>
      </trkpt>
      <trkpt lat="36.8808581" lon="138.2217746">
        <ele>635.0936439865379</ele>
      </trkpt>
      <trkpt lat="36.880875" lon="138.221766">
        <ele>634.751590663195</ele>
      </trkpt>
      <trkpt lat="36.8808919" lon="138.2217575">
        <ele>634.4213797680973</ele>
      </trkpt>
      <trkpt lat="36.8809079" lon="138.221745">
        <ele>634.0321439193877</ele>
      </trkpt>
      <trkpt lat="36.880924" lon="138.2217326">
        <ele>633.6478969905434</ele>
      </trkpt>
      <trkpt lat="36.8809414" lon="138.2217154">
        <ele>633.2075024444464</ele>
      </trkpt>
      <trkpt lat="36.8809589" lon="138.2216983">
        <ele>632.8107308964577</ele>
      </trkpt>
      <trkpt lat="36.8809773" lon="138.2216821">
        <ele>632.4663018710171</ele>
      </trkpt>
      <trkpt lat="36.8809958" lon="138.2216659">
        <ele>632.1625109861964</ele>
      </trkpt>
      <trkpt lat="36.8810127" lon="138.2216529">
        <ele>631.941130784126</ele>
      </trkpt>
      <trkpt lat="36.8810297" lon="138.2216399">
        <ele>631.7213533287655</ele>
      </trkpt>
      <trkpt lat="36.8810431" lon="138.2216275">
        <ele>631.527181885108</ele>
      </trkpt>
      <trkpt lat="36.8810566" lon="138.2216152">
        <ele>631.3456966068186</ele>
      </trkpt>
      <trkpt lat="36.8810684" lon="138.2216003">
        <ele>631.1095631784844</ele>
      </trkpt>
      <trkpt lat="36.8810803" lon="138.2215854">
        <ele>630.8612602801577</ele>
      </trkpt>
      <trkpt lat="36.8810907" lon="138.2215664">
        <ele>630.5859044449531</ele>
      </trkpt>
      <trkpt lat="36.8811012" lon="138.2215474">
        <ele>630.3378067820998</ele>
      </trkpt>
      <trkpt lat="36.8811069" lon="138.2215255">
        <ele>630.0778275663811</ele>
      </trkpt>
      <trkpt lat="36.8811127" lon="138.2215036">
        <ele>629.8262528065869</ele>
      </trkpt>
      <trkpt lat="36.8811124" lon="138.2214824">
        <ele>629.5888303552523</ele>
      </trkpt>
      <trkpt lat="36.8811121" lon="138.2214613">
        <ele>629.3048578177197</ele>
      </trkpt>
      <trkpt lat="36.8811061" lon="138.2214475">
        <ele>629.1118609446144</ele>
      </trkpt>
      <trkpt lat="36.8811002" lon="138.2214337">
        <ele>628.913411630105</ele>
      </trkpt>
      <trkpt lat="36.8810892" lon="138.2214274">
        <ele>628.8052375142369</ele>
      </trkpt>
      <trkpt lat="36.8810782" lon="138.2214212">
        <ele>628.6938201043664</ele>
      </trkpt>
      <trkpt lat="36.8810649" lon="138.2214193">
        <ele>628.6372049408895</ele>
      </trkpt>
      <trkpt lat="36.8810516" lon="138.2214174">
        <ele>628.5161636846334</ele>
      </trkpt>
      <trkpt lat="36.8810366" lon="138.2214173">
        <ele>628.3936527015487</ele>
      </trkpt>
      <trkpt lat="36.8810216" lon="138.2214172">
        <ele>628.2710399206927</ele>
      </trkpt>
      <trkpt lat="36.8810054" lon="138.2214157">
        <ele>628.1147291636823</ele>
      </trkpt>
      <trkpt lat="36.8809893" lon="138.2214142">
        <ele>627.9575858459466</ele>
      </trkpt>
      <trkpt lat="36.8809779" lon="138.2214063">
        <ele>627.7221556421742</ele>
      </trkpt>
      <trkpt lat="36.8809665" lon="138.2213985">
        <ele>627.482452070342</ele>
      </trkpt>
      <trkpt lat="36.8809628" lon="138.221383">
        <ele>627.1874421420418</ele>
      </trkpt>
      <trkpt lat="36.8809592" lon="138.2213675">
        <ele>626.893200078714</ele>
      </trkpt>
      <trkpt lat="36.8809604" lon="138.2213464">
        <ele>626.5482033210726</ele>
      </trkpt>
      <trkpt lat="36.8809617" lon="138.2213253">
        <ele>626.2050622326968</ele>
      </trkpt>
      <trkpt lat="36.8809643" lon="138.2213023">
        <ele>625.8443299712567</ele>
      </trkpt>
      <trkpt lat="36.8809669" lon="138.2212794">
        <ele>625.4873039640838</ele>
      </trkpt>
      <trkpt lat="36.8809695" lon="138.2212564">
        <ele>625.1306265708165</ele>
      </trkpt>
      <trkpt lat="36.8809722" lon="138.2212335">
        <ele>624.7787986902559</ele>
      </trkpt>
      <trkpt lat="36.8809733" lon="138.2212093">
        <ele>624.4188984940048</ele>
      </trkpt>
      <trkpt lat="36.8809745" lon="138.2211851">
        <ele>624.0738999135747</ele>
      </trkpt>
      <trkpt lat="36.8809735" lon="138.2211587">
        <ele>623.6721339149002</ele>
      </trkpt>
      <trkpt lat="36.8809725" lon="138.2211323">
        <ele>623.2740021572057</ele>
      </trkpt>
      <trkpt lat="36.8809685" lon="138.2211056">
        <ele>622.8526948983897</ele>
      </trkpt>
      <trkpt lat="36.8809645" lon="138.2210789">
        <ele>622.4386373249706</ele>
      </trkpt>
      <trkpt lat="36.8809567" lon="138.2210539">
        <ele>622.0285338163543</ele>
      </trkpt>
      <trkpt lat="36.8809489" lon="138.221029">
        <ele>621.7094846213874</ele>
      </trkpt>
      <trkpt lat="36.8809381" lon="138.2210091">
        <ele>621.44592000358</ele>
      </trkpt>
      <trkpt lat="36.8809273" lon="138.2209892">
        <ele>621.20423883695</ele>
      </trkpt>
      <trkpt lat="36.8809138" lon="138.2209711">
        <ele>621.0091143287425</ele>
      </trkpt>
      <trkpt lat="36.8809003" lon="138.2209531">
        <ele>620.8947976648088</ele>
      </trkpt>
      <trkpt lat="36.8808911" lon="138.2209346">
        <ele>620.8127009687087</ele>
      </trkpt>
      <trkpt lat="36.8808819" lon="138.2209162">
        <ele>620.7482970964163</ele>
      </trkpt>
      <trkpt lat="36.8808838" lon="138.2209001">
        <ele>620.6860553582785</ele>
      </trkpt>
      <trkpt lat="36.8808858" lon="138.2208841">
        <ele>620.6207983560092</ele>
      </trkpt>
      <trkpt lat="36.8808986" lon="138.220872">
        <ele>620.5789575717055</ele>
      </trkpt>
      <trkpt lat="36.8809115" lon="138.22086">
        <ele>620.5288373316632</ele>
      </trkpt>
      <trkpt lat="36.8809303" lon="138.2208518">
        <ele>620.4354213714745</ele>
      </trkpt>
      <trkpt lat="36.8809491" lon="138.2208437">
        <ele>620.3058525109723</ele>
      </trkpt>
      <trkpt lat="36.8809699" lon="138.2208385">
        <ele>620.1510842004528</ele>
      </trkpt>
      <trkpt lat="36.8809907" lon="138.2208333">
        <ele>619.9779608500389</ele>
      </trkpt>
      <trkpt lat="36.8810116" lon="138.2208341">
        <ele>619.8253916498105</ele>
      </trkpt>
      <trkpt lat="36.8810325" lon="138.220835">
        <ele>619.6741799901426</ele>
      </trkpt>
      <trkpt lat="36.8810521" lon="138.2208397">
        <ele>619.5769331605431</ele>
      </trkpt>
      <trkpt lat="36.8810718" lon="138.2208445">
        <ele>619.4163286897658</ele>
      </trkpt>
      <trkpt lat="36.8810912" lon="138.2208477">
        <ele>619.1665441389895</ele>
      </trkpt>
      <trkpt lat="36.8811106" lon="138.220851">
        <ele>618.9244912568715</ele>
      </trkpt>
      <trkpt lat="36.8811288" lon="138.22085">
        <ele>618.6417628682124</ele>
      </trkpt>
      <trkpt lat="36.881147" lon="138.2208491">
        <ele>618.2889402028759</ele>
      </trkpt>
      <trkpt lat="36.8811647" lon="138.2208432">
        <ele>617.850063935811</ele>
      </trkpt>
      <trkpt lat="36.8811824" lon="138.2208373">
        <ele>617.4005543543866</ele>
      </trkpt>
      <trkpt lat="36.8812001" lon="138.2208289">
        <ele>616.8907929622785</ele>
      </trkpt>
      <trkpt lat="36.8812179" lon="138.2208206">
        <ele>616.2506513267659</ele>
      </trkpt>
      <trkpt lat="36.8812328" lon="138.2208124">
        <ele>615.6868992609755</ele>
      </trkpt>
      <trkpt lat="36.8812477" lon="138.2208043">
        <ele>615.1209458956446</ele>
      </trkpt>
      <trkpt lat="36.8812533" lon="138.2207965">
        <ele>614.8144960566424</ele>
      </trkpt>
      <trkpt lat="36.8812589" lon="138.2207888">
        <ele>614.5351443903555</ele>
      </trkpt>
      <trkpt lat="36.8812562" lon="138.2207808">
        <ele>614.4813801464875</ele>
      </trkpt>
      <trkpt lat="36.8812535" lon="138.2207728">
        <ele>614.4283490162636</ele>
      </trkpt>
      <trkpt lat="36.8812535" lon="138.2207638">
        <ele>614.2838128981897</ele>
      </trkpt>
      <trkpt lat="36.8812536" lon="138.2207548">
        <ele>614.1364383841334</ele>
      </trkpt>
      <trkpt lat="36.8812625" lon="138.2207476">
        <ele>613.7670924214439</ele>
      </trkpt>
      <trkpt lat="36.8812715" lon="138.2207404">
        <ele>613.383464414414</ele>
      </trkpt>
      <trkpt lat="36.8812864" lon="138.2207364">
        <ele>612.8470244675658</ele>
      </trkpt>
      <trkpt lat="36.8813014" lon="138.2207325">
        <ele>612.3070810868232</ele>
      </trkpt>
      <trkpt lat="36.8813157" lon="138.2207274">
        <ele>611.7668331777421</ele>
      </trkpt>
      <trkpt lat="36.8813301" lon="138.2207223">
        <ele>611.2209250261303</ele>
      </trkpt>
      <trkpt lat="36.8813395" lon="138.2207114">
        <ele>610.7342040058462</ele>
      </trkpt>
      <trkpt lat="36.881349" lon="138.2207005">
        <ele>610.3346929175178</ele>
      </trkpt>
      <trkpt lat="36.8813566" lon="138.2206849">
        <ele>609.9503047420602</ele>
      </trkpt>
      <trkpt lat="36.8813642" lon="138.2206694">
        <ele>609.5628708006501</ele>
      </trkpt>
      <trkpt lat="36.8813752" lon="138.2206522">
        <ele>609.0472110210306</ele>
      </trkpt>
      <trkpt lat="36.8813863" lon="138.2206351">
        <ele>608.5229580204467</ele>
      </trkpt>
      <trkpt lat="36.8814013" lon="138.2206177">
        <ele>607.9378583654573</ele>
      </trkpt>
      <trkpt lat="36.8814163" lon="138.2206003">
        <ele>607.4937760522603</ele>
      </trkpt>
      <trkpt lat="36.8814349" lon="138.2205864">
        <ele>606.9666056320207</ele>
      </trkpt>
      <trkpt lat="36.8814536" lon="138.2205725">
        <ele>606.4453859173075</ele>
      </trkpt>
      <trkpt lat="36.8814744" lon="138.2205616">
        <ele>605.870912485374</ele>
      </trkpt>
      <trkpt lat="36.8814953" lon="138.2205507">
        <ele>605.3538013354017</ele>
      </trkpt>
      <trkpt lat="36.8815172" lon="138.2205415">
        <ele>604.8293938246361</ele>
      </trkpt>
      <trkpt lat="36.8815391" lon="138.2205323">
        <ele>604.3738740769275</ele>
      </trkpt>
      <trkpt lat="36.8815617" lon="138.2205252">
        <ele>603.9335856450996</ele>
      </trkpt>
      <trkpt lat="36.8815844" lon="138.2205181">
        <ele>603.5079715256529</ele>
      </trkpt>
      <trkpt lat="36.8816066" lon="138.2205099">
        <ele>603.1196661237504</ele>
      </trkpt>
      <trkpt lat="36.8816288" lon="138.2205017">
        <ele>602.7469420063783</ele>
      </trkpt>
      <trkpt lat="36.8816528" lon="138.2204927">
        <ele>602.3484025109101</ele>
      </trkpt>
      <trkpt lat="36.8816769" lon="138.2204838">
        <ele>601.9462798787521</ele>
      </trkpt>
      <trkpt lat="36.8817031" lon="138.2204747">
        <ele>601.5510073674955</ele>
      </trkpt>
      <trkpt lat="36.8817293" lon="138.2204657">
        <ele>601.176644282596</ele>
      </trkpt>
      <trkpt lat="36.881756" lon="138.2204594">
        <ele>600.7456204738512</ele>
      </trkpt>
      <trkpt lat="36.8817828" lon="138.2204531">
        <ele>600.2626634092536</ele>
      </trkpt>
      <trkpt lat="36.8818099" lon="138.2204492">
        <ele>599.7478077397449</ele>
      </trkpt>
      <trkpt lat="36.881837" lon="138.2204453">
        <ele>599.256014964257</ele>
      </trkpt>
      <trkpt lat="36.8818639" lon="138.2204413">
        <ele>598.773130323673</ele>
      </trkpt>
      <trkpt lat="36.8818909" lon="138.2204373">
        <ele>598.2603677283782</ele>
      </trkpt>
      <trkpt lat="36.8819167" lon="138.2204316">
        <ele>597.7012486022903</ele>
      </trkpt>
      <trkpt lat="36.8819426" lon="138.2204259">
        <ele>597.1295774970677</ele>
      </trkpt>
      <trkpt lat="36.8819686" lon="138.2204174">
        <ele>596.5864003209635</ele>
      </trkpt>
      <trkpt lat="36.8819946" lon="138.220409">
        <ele>596.0268412817629</ele>
      </trkpt>
      <trkpt lat="36.8820195" lon="138.220398">
        <ele>595.5153371552938</ele>
      </trkpt>
      <trkpt lat="36.8820444" lon="138.2203871">
        <ele>594.8927912282109</ele>
      </trkpt>
      <trkpt lat="36.8820665" lon="138.2203749">
        <ele>594.3379090137732</ele>
      </trkpt>
      <trkpt lat="36.8820886" lon="138.2203627">
        <ele>593.7647242770571</ele>
      </trkpt>
      <trkpt lat="36.8821081" lon="138.2203527">
        <ele>593.2593658501834</ele>
      </trkpt>
      <trkpt lat="36.8821277" lon="138.2203428">
        <ele>592.7419056705585</ele>
      </trkpt>
      <trkpt lat="36.8821426" lon="138.2203431">
        <ele>592.2710499908027</ele>
      </trkpt>
      <trkpt lat="36.8821576" lon="138.2203435">
        <ele>591.7965307349432</ele>
      </trkpt>
      <trkpt lat="36.8821707" lon="138.2203524">
        <ele>591.315579708915</ele>
      </trkpt>
      <trkpt lat="36.8821838" lon="138.2203614">
        <ele>590.8418053853384</ele>
      </trkpt>
      <trkpt lat="36.8821994" lon="138.2203698">
        <ele>590.3023727155377</ele>
      </trkpt>
      <trkpt lat="36.8822151" lon="138.2203783">
        <ele>589.7612721191718</ele>
      </trkpt>
      <trkpt lat="36.8822329" lon="138.2203774">
        <ele>589.2263208491435</ele>
      </trkpt>
      <trkpt lat="36.8822507" lon="138.2203765">
        <ele>588.6908257176684</ele>
      </trkpt>
      <trkpt lat="36.8822673" lon="138.2203655">
        <ele>588.2544375945827</ele>
      </trkpt>
      <trkpt lat="36.8822839" lon="138.2203545">
        <ele>587.8107494091162</ele>
      </trkpt>
      <trkpt lat="36.8822975" lon="138.2203414">
        <ele>587.4710597973328</ele>
      </trkpt>
      <trkpt lat="36.8823111" lon="138.2203283">
        <ele>587.1313701121846</ele>
      </trkpt>
      <trkpt lat="36.8823203" lon="138.22032">
        <ele>586.8983074722821</ele>
      </trkpt>
      <trkpt lat="36.8823296" lon="138.2203118">
        <ele>586.6616034121728</ele>
      </trkpt>
      <trkpt lat="36.8823353" lon="138.2203065">
        <ele>586.5181240057582</ele>
      </trkpt>
      <trkpt lat="36.8823411" lon="138.2203013">
        <ele>586.3710031991833</ele>
      </trkpt>
      <trkpt lat="36.8823459" lon="138.2202963">
        <ele>586.2533057471513</ele>
      </trkpt>
      <trkpt lat="36.8823507" lon="138.2202914">
        <ele>586.1350257428138</ele>
      </trkpt>
      <trkpt lat="36.8823555" lon="138.2202819">
        <ele>586.0435426725082</ele>
      </trkpt>
      <trkpt lat="36.8823604" lon="138.2202724">
        <ele>585.9168410873516</ele>
      </trkpt>
      <trkpt lat="36.8823661" lon="138.220257">
        <ele>585.7783714743574</ele>
      </trkpt>
      <trkpt lat="36.8823719" lon="138.2202417">
        <ele>585.6440559833321</ele>
      </trkpt>
      <trkpt lat="36.8823798" lon="138.2202229">
        <ele>585.4577213841503</ele>
      </trkpt>
      <trkpt lat="36.8823877" lon="138.2202041">
        <ele>585.271386760754</ele>
      </trkpt>
      <trkpt lat="36.8823978" lon="138.2201843">
        <ele>585.0366559770903</ele>
      </trkpt>
      <trkpt lat="36.8824079" lon="138.2201646">
        <ele>584.8112804749061</ele>
      </trkpt>
      <trkpt lat="36.882421" lon="138.2201449">
        <ele>584.4985092733066</ele>
      </trkpt>
      <trkpt lat="36.8824341" lon="138.2201253">
        <ele>584.1853884805467</ele>
      </trkpt>
      <trkpt lat="36.8824503" lon="138.2201075">
        <ele>583.7511819893268</ele>
      </trkpt>
      <trkpt lat="36.8824666" lon="138.2200897">
        <ele>583.2940664981965</ele>
      </trkpt>
      <trkpt lat="36.882485" lon="138.2200751">
        <ele>582.7652584952775</ele>
      </trkpt>
      <trkpt lat="36.8825034" lon="138.2200605">
        <ele>582.2364503571073</ele>
      </trkpt>
      <trkpt lat="36.8825224" lon="138.2200486">
        <ele>581.6906057413189</ele>
      </trkpt>
      <trkpt lat="36.8825414" lon="138.2200367">
        <ele>581.1375158787077</ele>
      </trkpt>
      <trkpt lat="36.882558" lon="138.2200226">
        <ele>580.6550078958632</ele>
      </trkpt>
      <trkpt lat="36.8825746" lon="138.2200085">
        <ele>580.1792252438187</ele>
      </trkpt>
      <trkpt lat="36.882587" lon="138.2199912">
        <ele>579.8327702219957</ele>
      </trkpt>
      <trkpt lat="36.8825995" lon="138.219974">
        <ele>579.4757023955851</ele>
      </trkpt>
      <trkpt lat="36.8826105" lon="138.2199551">
        <ele>579.161805531059</ele>
      </trkpt>
      <trkpt lat="36.8826216" lon="138.2199363">
        <ele>578.835854060603</ele>
      </trkpt>
      <trkpt lat="36.8826337" lon="138.2199172">
        <ele>578.452287512892</ele>
      </trkpt>
      <trkpt lat="36.8826458" lon="138.2198981">
        <ele>578.0560320866381</ele>
      </trkpt>
      <trkpt lat="36.8826577" lon="138.2198781">
        <ele>577.6610484362627</ele>
      </trkpt>
      <trkpt lat="36.8826697" lon="138.2198582">
        <ele>577.2546941563412</ele>
      </trkpt>
      <trkpt lat="36.8826817" lon="138.2198361">
        <ele>576.8768225295433</ele>
      </trkpt>
      <trkpt lat="36.8826937" lon="138.219814">
        <ele>576.5033538994928</ele>
      </trkpt>
      <trkpt lat="36.8827044" lon="138.219788">
        <ele>576.1706901546623</ele>
      </trkpt>
      <trkpt lat="36.8827151" lon="138.2197621">
        <ele>575.8369134074178</ele>
      </trkpt>
      <trkpt lat="36.8827236" lon="138.2197328">
        <ele>575.6565466416823</ele>
      </trkpt>
      <trkpt lat="36.8827321" lon="138.2197036">
        <ele>575.4672981543707</ele>
      </trkpt>
      <trkpt lat="36.8827424" lon="138.2196763">
        <ele>575.2115925111821</ele>
      </trkpt>
      <trkpt lat="36.8827527" lon="138.219649">
        <ele>575.0441625081943</ele>
      </trkpt>
      <trkpt lat="36.8827679" lon="138.2196276">
        <ele>574.6430435052612</ele>
      </trkpt>
      <trkpt lat="36.8827832" lon="138.2196063">
        <ele>574.2438661558556</ele>
      </trkpt>
      <trkpt lat="36.8828029" lon="138.2195871">
        <ele>573.7046070073407</ele>
      </trkpt>
      <trkpt lat="36.8828227" lon="138.2195679">
        <ele>573.2018897744023</ele>
      </trkpt>
      <trkpt lat="36.8828456" lon="138.2195475">
        <ele>572.6155674109395</ele>
      </trkpt>
      <trkpt lat="36.8828685" lon="138.2195271">
        <ele>572.045100821465</ele>
      </trkpt>
      <trkpt lat="36.8828919" lon="138.2195054">
        <ele>571.5006548337522</ele>
      </trkpt>
      <trkpt lat="36.8829154" lon="138.2194838">
        <ele>571.03397360904</ele>
      </trkpt>
      <trkpt lat="36.8829375" lon="138.2194618">
        <ele>570.7006172522983</ele>
      </trkpt>
      <trkpt lat="36.8829597" lon="138.2194399">
        <ele>570.3804927571198</ele>
      </trkpt>
      <trkpt lat="36.8829798" lon="138.2194183">
        <ele>570.1356991716661</ele>
      </trkpt>
      <trkpt lat="36.8829999" lon="138.2193968">
        <ele>569.8816774861255</ele>
      </trkpt>
      <trkpt lat="36.8830178" lon="138.2193752">
        <ele>569.7057477611356</ele>
      </trkpt>
      <trkpt lat="36.8830358" lon="138.2193537">
        <ele>569.5380203356724</ele>
      </trkpt>
      <trkpt lat="36.8830529" lon="138.2193332">
        <ele>569.3823694662356</ele>
      </trkpt>
      <trkpt lat="36.8830701" lon="138.2193127">
        <ele>569.1417037621381</ele>
      </trkpt>
      <trkpt lat="36.8830873" lon="138.2192955">
        <ele>568.8460224005635</ele>
      </trkpt>
      <trkpt lat="36.8831045" lon="138.2192783">
        <ele>568.5503409082079</ele>
      </trkpt>
      <trkpt lat="36.88312" lon="138.2192614">
        <ele>568.3067192943081</ele>
      </trkpt>
      <trkpt lat="36.8831356" lon="138.2192445">
        <ele>567.9089766859929</ele>
      </trkpt>
      <trkpt lat="36.8831356" lon="138.2192445">
        <ele>567.9089766859929</ele>
      </trkpt>
      <trkpt lat="36.88322495002201" lon="138.21897268295288">
        <ele>564.7749999992323</ele>
      </trkpt>
      <trkpt lat="36.88319920530387" lon="138.21862936019897">
        <ele>563.4687500000003</ele>
      </trkpt>
      <trkpt lat="36.88319920530387" lon="138.21862936019897">
        <ele>563.4687500000003</ele>
      </trkpt>
      <trkpt lat="36.88319920530387" lon="138.21862936019897">
        <ele>563.4687500000003</ele>
      </trkpt>
      <trkpt lat="36.88313484347056" lon="138.21829676628113">
        <ele>559.1171875000009</ele>
      </trkpt>
      <trkpt lat="36.88289319142904" lon="138.21782267521252">
        <ele>553.937903322024</ele>
      </trkpt>
      <trkpt lat="36.88285594156598" lon="138.2177495956421">
        <ele>553.2625</ele>
      </trkpt>
      <trkpt lat="36.88285594156598" lon="138.2177495956421">
        <ele>553.2625</ele>
      </trkpt>
      <trkpt lat="36.88285594156598" lon="138.2177495956421">
        <ele>553.2625</ele>
      </trkpt>
      <trkpt lat="36.882932341940965" lon="138.21719559831575">
        <ele>540.5310478233495</ele>
      </trkpt>
      <trkpt lat="36.883008742315944" lon="138.21664160098942">
        <ele>518.1345358887029</ele>
      </trkpt>
      <trkpt lat="36.88302757362783" lon="138.21650505065918">
        <ele>509.94999999990785</ele>
      </trkpt>
      <trkpt lat="36.88302757362783" lon="138.21650505065918">
        <ele>509.94999999990785</ele>
      </trkpt>
      <trkpt lat="36.88306404539125" lon="138.21616172790527">
        <ele>487.89062500000017</ele>
      </trkpt>
      <trkpt lat="36.88306404539125" lon="138.21616172790527">
        <ele>487.89062500000017</ele>
      </trkpt>
      <trkpt lat="36.883242113162595" lon="138.21581840515137">
        <ele>473.5750000000003</ele>
      </trkpt>
      <trkpt lat="36.88329360256127" lon="138.21534633636475">
        <ele>466.57499999980286</ele>
      </trkpt>
      <trkpt lat="36.88329360256127" lon="138.21534633636475">
        <ele>466.57499999980286</ele>
      </trkpt>
      <trkpt lat="36.88329360256127" lon="138.21534633636475">
        <ele>466.57499999980286</ele>
      </trkpt>
      <trkpt lat="36.882920406564146" lon="138.2150327376981">
        <ele>466.7881094940057</ele>
      </trkpt>
      <trkpt lat="36.88254721056703" lon="138.21471913903144">
        <ele>469.1254833670107</ele>
      </trkpt>
      <trkpt lat="36.8822466446308" lon="138.21446657180786">
        <ele>471.93750000000125</ele>
      </trkpt>
      <trkpt lat="36.8822466446308" lon="138.21446657180786">
        <ele>471.93750000000125</ele>
      </trkpt>
      <trkpt lat="36.8818004567803" lon="138.2143968439026">
        <ele>480.8398329827857</ele>
      </trkpt>
      <trkpt lat="36.88176606897066" lon="138.21439146995544">
        <ele>481.29375000000067</ele>
      </trkpt>
      <trkpt lat="36.881491452949774" lon="138.2142412662506">
        <ele>480.5687500001234</ele>
      </trkpt>
      <trkpt lat="36.881491452949774" lon="138.2142412662506">
        <ele>480.5687500001234</ele>
      </trkpt>
      <trkpt lat="36.88104370801719" lon="138.21429309629045">
        <ele>477.9610567611497</ele>
      </trkpt>
      <trkpt lat="36.88102803617514" lon="138.2142949104309">
        <ele>477.8500000000006</ele>
      </trkpt>
      <trkpt lat="36.88102803617514" lon="138.2142949104309">
        <ele>477.8500000000006</ele>
      </trkpt>
      <trkpt lat="36.88102803617514" lon="138.2142949104309">
        <ele>477.8500000000006</ele>
      </trkpt>
      <trkpt lat="36.880599768959904" lon="138.21446624180132">
        <ele>479.3036620974126</ele>
      </trkpt>
      <trkpt lat="36.880598944061475" lon="138.21446657180786">
        <ele>479.3062500002912</ele>
      </trkpt>
      <trkpt lat="36.880598944061475" lon="138.21446657180786">
        <ele>479.3062500002912</ele>
      </trkpt>
      <trkpt lat="36.88028999624666" lon="138.21449875831604">
        <ele>477.7906250000006</ele>
      </trkpt>
      <trkpt lat="36.88028999624666" lon="138.21449875831604">
        <ele>477.7906250000006</ele>
      </trkpt>
      <trkpt lat="36.87993813749081" lon="138.21476697921753">
        <ele>478.4187500002216</ele>
      </trkpt>
      <trkpt lat="36.87993813749081" lon="138.21476697921753">
        <ele>478.4187500002216</ele>
      </trkpt>
      <trkpt lat="36.87959035284029" lon="138.21512330654008">
        <ele>479.15482108738126</ele>
      </trkpt>
      <trkpt lat="36.87924256818977" lon="138.21547963386266">
        <ele>482.01190272368575</ele>
      </trkpt>
      <trkpt lat="36.878894783539245" lon="138.2158359611852">
        <ele>481.7419406137048</ele>
      </trkpt>
      <trkpt lat="36.87879673085513" lon="138.21593642234802">
        <ele>481.0125000000005</ele>
      </trkpt>
      <trkpt lat="36.87879673085513" lon="138.21593642234802">
        <ele>481.0125000000005</ele>
      </trkpt>
      <trkpt lat="36.878452100788735" lon="138.21629750330615">
        <ele>481.9393149327179</ele>
      </trkpt>
      <trkpt lat="36.87810747072234" lon="138.2166585842643">
        <ele>481.6621823629184</ele>
      </trkpt>
      <trkpt lat="36.877895608302936" lon="138.21688055992126">
        <ele>483.25312500000024</ele>
      </trkpt>
      <trkpt lat="36.877895608302936" lon="138.21688055992126">
        <ele>483.25312500000024</ele>
      </trkpt>
      <trkpt lat="36.87749342000957" lon="138.2171319525703">
        <ele>484.7199560818788</ele>
      </trkpt>
      <trkpt lat="36.87709123171621" lon="138.21738334521933">
        <ele>485.86363149738884</ele>
      </trkpt>
      <trkpt lat="36.87707171552208" lon="138.21739554405212">
        <ele>485.9562500000006</ele>
      </trkpt>
      <trkpt lat="36.87707171552208" lon="138.21739554405212">
        <ele>485.9562500000006</ele>
      </trkpt>
      <trkpt lat="36.8766291501404" lon="138.21749500579062">
        <ele>485.57410469380557</ele>
      </trkpt>
      <trkpt lat="36.87630789031708" lon="138.21756720542908">
        <ele>488.59062500000067</ele>
      </trkpt>
      <trkpt lat="36.8758619273012" lon="138.2174952702497">
        <ele>490.0102044055265</ele>
      </trkpt>
      <trkpt lat="36.875509727727774" lon="138.21743845939636">
        <ele>491.99375000000055</ele>
      </trkpt>
      <trkpt lat="36.875509727727774" lon="138.21743845939636">
        <ele>491.99375000000055</ele>
      </trkpt>
      <trkpt lat="36.875509727727774" lon="138.21743845939636">
        <ele>491.99375000000055</ele>
      </trkpt>
      <trkpt lat="36.87508380242263" lon="138.2172582476473">
        <ele>490.8313494005973</ele>
      </trkpt>
      <trkpt lat="36.87495186720251" lon="138.21720242500305">
        <ele>490.81249999976274</ele>
      </trkpt>
      <trkpt lat="36.87495186720251" lon="138.21720242500305">
        <ele>490.81249999976274</ele>
      </trkpt>
      <trkpt lat="36.87451435554581" lon="138.21707264643996">
        <ele>496.54538797058086</ele>
      </trkpt>
      <trkpt lat="36.874445497967244" lon="138.21705222129822">
        <ele>497.80781250050995</ele>
      </trkpt>
      <trkpt lat="36.874445497967244" lon="138.21705222129822">
        <ele>497.80781250050995</ele>
      </trkpt>
      <trkpt lat="36.87405919421077" lon="138.21676453267992">
        <ele>498.2835873158917</ele>
      </trkpt>
      <trkpt lat="36.8736728904543" lon="138.21647684406165">
        <ele>497.9749675650222</ele>
      </trkpt>
      <trkpt lat="36.87363873326785" lon="138.21645140647888">
        <ele>497.87343750000036</ele>
      </trkpt>
      <trkpt lat="36.87363873326785" lon="138.21645140647888">
        <ele>497.87343750000036</ele>
      </trkpt>
      <trkpt lat="36.87372455970474" lon="138.2162046432495">
        <ele>492.05625000000043</ele>
      </trkpt>
      <trkpt lat="36.87372455970474" lon="138.2162046432495">
        <ele>492.05625000000043</ele>
      </trkpt>
      <trkpt lat="36.873595820013264" lon="138.21592569351196">
        <ele>491.6062499997331</ele>
      </trkpt>
      <trkpt lat="36.87327490469624" lon="138.21553196009438">
        <ele>493.96650707842093</ele>
      </trkpt>
      <trkpt lat="36.873132355327286" lon="138.2153570652008">
        <ele>495.46875000000057</ele>
      </trkpt>
      <trkpt lat="36.873132355327286" lon="138.2153570652008">
        <ele>495.46875000000057</ele>
      </trkpt>
      <trkpt lat="36.873132355327286" lon="138.2153570652008">
        <ele>495.46875000000057</ele>
      </trkpt>
      <trkpt lat="36.87283409234976" lon="138.21493642103474">
        <ele>497.7823820747884</ele>
      </trkpt>
      <trkpt lat="36.872797629082996" lon="138.21488499641418">
        <ele>497.82031250000045</ele>
      </trkpt>
      <trkpt lat="36.872438715204495" lon="138.21454638656948">
        <ele>496.96058388149936</ele>
      </trkpt>
      <trkpt lat="36.872342742348636" lon="138.2144558429718">
        <ele>496.30000000000064</ele>
      </trkpt>
      <trkpt lat="36.872342742348636" lon="138.2144558429718">
        <ele>496.30000000000064</ele>
      </trkpt>
      <trkpt lat="36.872342742348636" lon="138.2144558429718">
        <ele>496.30000000000064</ele>
      </trkpt>
      <trkpt lat="36.87205092679089" lon="138.21426272392273">
        <ele>496.4843749998644</ele>
      </trkpt>
      <trkpt lat="36.871612682269365" lon="138.21413687365418">
        <ele>498.81065631196896</ele>
      </trkpt>
      <trkpt lat="36.87141579495875" lon="138.21408033370972">
        <ele>500.3124999997101</ele>
      </trkpt>
      <trkpt lat="36.87141579495875" lon="138.21408033370972">
        <ele>500.3124999997101</ele>
      </trkpt>
      <trkpt lat="36.87141579495875" lon="138.21408033370972">
        <ele>500.3124999997101</ele>
      </trkpt>
      <trkpt lat="36.871046729441275" lon="138.21398377418518">
        <ele>501.9078125000012</ele>
      </trkpt>
      <trkpt lat="36.871046729441275" lon="138.21398377418518">
        <ele>501.9078125000012</ele>
      </trkpt>
      <trkpt lat="36.87080640675043" lon="138.21385502815247">
        <ele>501.1781249999827</ele>
      </trkpt>
      <trkpt lat="36.87080640675043" lon="138.21385502815247">
        <ele>501.1781249999827</ele>
      </trkpt>
      <trkpt lat="36.87077207487572" lon="138.2137155532837">
        <ele>499.2187500000009</ele>
      </trkpt>
      <trkpt lat="36.87077207487572" lon="138.2137155532837">
        <ele>499.2187500000009</ele>
      </trkpt>
      <trkpt lat="36.870923311961164" lon="138.21318621683093">
        <ele>497.9774863145068</ele>
      </trkpt>
      <trkpt lat="36.87094373409491" lon="138.21311473846436">
        <ele>498.79375000000107</ele>
      </trkpt>
      <trkpt lat="36.87094373409491" lon="138.21311473846436">
        <ele>498.79375000000107</ele>
      </trkpt>
      <trkpt lat="36.87085790453354" lon="138.21279287338257">
        <ele>501.0593750000009</ele>
      </trkpt>
      <trkpt lat="36.87085790453354" lon="138.21279287338257">
        <ele>501.0593750000009</ele>
      </trkpt>
      <trkpt lat="36.8705575003093" lon="138.21247100830078">
        <ele>501</ele>
      </trkpt>
      <trkpt lat="36.8705575003093" lon="138.21247100830078">
        <ele>501</ele>
      </trkpt>
      <trkpt lat="36.87023324823413" lon="138.21208158566841">
        <ele>501.7870703930039</ele>
      </trkpt>
      <trkpt lat="36.87011976632492" lon="138.21194529533386">
        <ele>502.99531250000075</ele>
      </trkpt>
      <trkpt lat="36.87011976632492" lon="138.21194529533386">
        <ele>502.99531250000075</ele>
      </trkpt>
      <trkpt lat="36.87000303406468" lon="138.2114024895078">
        <ele>508.5591594872516</ele>
      </trkpt>
      <trkpt lat="36.86990518992627" lon="138.21094751358032">
        <ele>508.0125000000007</ele>
      </trkpt>
      <trkpt lat="36.86990518992627" lon="138.21094751358032">
        <ele>508.0125000000007</ele>
      </trkpt>
      <trkpt lat="36.86978502687977" lon="138.21064710617065">
        <ele>507.8187500000008</ele>
      </trkpt>
      <trkpt lat="36.86947603532086" lon="138.21038961410522">
        <ele>508.6562500000413</ele>
      </trkpt>
      <trkpt lat="36.86947603532086" lon="138.21038961410522">
        <ele>508.6562500000413</ele>
      </trkpt>
      <trkpt lat="36.86947603532086" lon="138.21038961410522">
        <ele>508.6562500000413</ele>
      </trkpt>
      <trkpt lat="36.86912636606152" lon="138.21003622784346">
        <ele>512.7520730132558</ele>
      </trkpt>
      <trkpt lat="36.8690726277936" lon="138.20998191833496">
        <ele>513.1125000000004</ele>
      </trkpt>
      <trkpt lat="36.8690726277936" lon="138.20998191833496">
        <ele>513.1125000000004</ele>
      </trkpt>
      <trkpt lat="36.86902971197385" lon="138.20963859558105">
        <ele>516.2249999998382</ele>
      </trkpt>
      <trkpt lat="36.86902971197385" lon="138.20963859558105">
        <ele>516.2249999998382</ele>
      </trkpt>
      <trkpt lat="36.86946707405366" lon="138.2097691504339">
        <ele>519.1076601689158</ele>
      </trkpt>
      <trkpt lat="36.86960478195563" lon="138.209810256958">
        <ele>518.837500000001</ele>
      </trkpt>
      <trkpt lat="36.86960478195563" lon="138.209810256958">
        <ele>518.837500000001</ele>
      </trkpt>
      <trkpt lat="36.870040274663836" lon="138.20995023704612">
        <ele>518.707883014624</ele>
      </trkpt>
      <trkpt lat="36.870475767372035" lon="138.21009021713422">
        <ele>518.4833257593676</ele>
      </trkpt>
      <trkpt lat="36.87050600232368" lon="138.21009993553162">
        <ele>518.3875000000012</ele>
      </trkpt>
      <trkpt lat="36.87050600232368" lon="138.21009993553162">
        <ele>518.3875000000012</ele>
      </trkpt>
      <trkpt lat="36.87084932157208" lon="138.21030378341675">
        <ele>516.6187499999132</ele>
      </trkpt>
      <trkpt lat="36.871012397674576" lon="138.210529088974">
        <ele>515.3734375000008</ele>
      </trkpt>
      <trkpt lat="36.871012397674576" lon="138.210529088974">
        <ele>515.3734375000008</ele>
      </trkpt>
      <trkpt lat="36.87116920933895" lon="138.21105588679316">
        <ele>514.3423557218559</ele>
      </trkpt>
      <trkpt lat="36.871287051376086" lon="138.21145176887512">
        <ele>512.5953125000973</ele>
      </trkpt>
      <trkpt lat="36.871287051376086" lon="138.21145176887512">
        <ele>512.5953125000973</ele>
      </trkpt>
      <trkpt lat="36.871287051376086" lon="138.21145176887512">
        <ele>512.5953125000973</ele>
      </trkpt>
      <trkpt lat="36.87172358625571" lon="138.21158658421308">
        <ele>515.6446688084774</ele>
      </trkpt>
      <trkpt lat="36.872016595475515" lon="138.21167707443237">
        <ele>514.6999999999076</ele>
      </trkpt>
      <trkpt lat="36.872432089052424" lon="138.21189199156476">
        <ele>512.856857464081</ele>
      </trkpt>
      <trkpt lat="36.87251439803832" lon="138.2119345664978">
        <ele>512.9750000000008</ele>
      </trkpt>
      <trkpt lat="36.87251439803832" lon="138.2119345664978">
        <ele>512.9750000000008</ele>
      </trkpt>
      <trkpt lat="36.872857" lon="138.211862">
        <ele>514.9658006987795</ele>
      </trkpt>
      <trkpt lat="36.872857" lon="138.211862">
        <ele>514.9658006987795</ele>
      </trkpt>
      <trkpt lat="36.872833" lon="138.211868">
        <ele>514.8453156998117</ele>
      </trkpt>
    </trkseg>
  </trk>
</gpx>
