<?xml version="1.0" encoding="UTF-8"?>
<gpx schemaLocation="http://www.topografix.com/GPX/1/1 https://www.topografix.com/GPX/1/1/gpx.xsd http://www.cluetrust.com/XML/GPXDATA/1/0 https://www.cluetrust.com/Schemas/gpxdata10.xsd" creator="COROS Wearables" version="1.1" xmlns="http://www.topografix.com/GPX/1/1" xmlns:xsi="http://www.w3.org/2001/XMLSchema-instance" xsi:schemaLocation="http://www.topografix.com/GPX/1/1 http://www.topografix.com/GPX/1/1/gpx.xsd http://www.garmin.com/xmlschemas/GpxExtensions/v3 http://www.garmin.com/xmlschemas/GpxExtensionsv3.xsd http://www.garmin.com/xmlschemas/TrackPointExtension/v1 http://www.garmin.com/xmlschemas/TrackPointExtensionv1.xsd http://www.garmin.com/xmlschemas/PowerExtension/v1 http://www.garmin.com/xmlschemas/PowerExtensionv1.xsd http://www.topografix.com/GPX/gpx_style/0/2 http://www.topografix.com/GPX/gpx_style/0/2/gpx_style.xsd" xmlns:gpxtpx="http://www.garmin.com/xmlschemas/TrackPointExtension/v1" xmlns:gpxx="http://www.garmin.com/xmlschemas/GpxExtensions/v3" xmlns:gpxpx="http://www.garmin.com/xmlschemas/PowerExtension/v1" xmlns:gpx_style="http://www.topografix.com/GPX/gpx_style/0/2">
  <metadata>
    <name>リブランの森</name>
    <author>
      <name>gpx.studio</name>
      <link href="https://gpx.studio"/>
    </author>
    <link href="https://www.coros.com">
      <text>COROS</text>
    </link>
    <time>2026-05-28T07:59:57.000Z</time>
  </metadata>
  <trk>
    <name>リブランの森</name>
    <type>running</type>
    <extensions>
      <gpx_style:line>
        <gpx_style:opacity>1</gpx_style:opacity>
        <gpx_style:width>6</gpx_style:width>
      </gpx_style:line>
    </extensions>
    <trkseg>
      <trkpt lat="36.864735" lon="138.175787">
        <ele>742.6369504489102</ele>
      </trkpt>
      <trkpt lat="36.864849" lon="138.175905">
        <ele>742.7938803137515</ele>
      </trkpt>
      <trkpt lat="36.864933" lon="138.175979">
        <ele>742.9586966849038</ele>
      </trkpt>
      <trkpt lat="36.865097" lon="138.176086">
        <ele>743.0093004683259</ele>
      </trkpt>
      <trkpt lat="36.865432" lon="138.176281">
        <ele>743.5409627621566</ele>
      </trkpt>
      <trkpt lat="36.866082" lon="138.176598">
        <ele>742.4355890054195</ele>
      </trkpt>
      <trkpt lat="36.866427" lon="138.176789">
        <ele>743.3372319551262</ele>
      </trkpt>
      <trkpt lat="36.866624" lon="138.176832">
        <ele>744.1079853648178</ele>
      </trkpt>
      <trkpt lat="36.8666241" lon="138.1768389">
        <ele>744.113256526171</ele>
      </trkpt>
      <trkpt lat="36.8666021" lon="138.1768475">
        <ele>744.0148404595045</ele>
      </trkpt>
      <trkpt lat="36.8665806" lon="138.1768552">
        <ele>743.915284064881</ele>
      </trkpt>
      <trkpt lat="36.8665592" lon="138.1768629">
        <ele>743.8303811017475</ele>
      </trkpt>
      <trkpt lat="36.8665383" lon="138.1768716">
        <ele>743.7527813647184</ele>
      </trkpt>
      <trkpt lat="36.8665175" lon="138.1768803">
        <ele>743.6747814443615</ele>
      </trkpt>
      <trkpt lat="36.866497" lon="138.1768911">
        <ele>743.5973780834829</ele>
      </trkpt>
      <trkpt lat="36.8664767" lon="138.1769019">
        <ele>743.5197965000855</ele>
      </trkpt>
      <trkpt lat="36.8664563" lon="138.1769143">
        <ele>743.4409085469833</ele>
      </trkpt>
      <trkpt lat="36.866436" lon="138.1769268">
        <ele>743.3627690373725</ele>
      </trkpt>
      <trkpt lat="36.8664153" lon="138.1769392">
        <ele>743.3039156073928</ele>
      </trkpt>
      <trkpt lat="36.8663946" lon="138.1769517">
        <ele>743.2622259234093</ele>
      </trkpt>
      <trkpt lat="36.8663735" lon="138.1769624">
        <ele>743.2183352584352</ele>
      </trkpt>
      <trkpt lat="36.8663523" lon="138.1769732">
        <ele>743.1760563185262</ele>
      </trkpt>
      <trkpt lat="36.866331" lon="138.1769826">
        <ele>743.1326661942527</ele>
      </trkpt>
      <trkpt lat="36.8663096" lon="138.176992">
        <ele>743.0905244085644</ele>
      </trkpt>
      <trkpt lat="36.8662879" lon="138.1770004">
        <ele>743.0618812052209</ele>
      </trkpt>
      <trkpt lat="36.8662663" lon="138.1770088">
        <ele>743.0481252690989</ele>
      </trkpt>
      <trkpt lat="36.8662446" lon="138.1770161">
        <ele>743.0354302094686</ele>
      </trkpt>
      <trkpt lat="36.866223" lon="138.1770235">
        <ele>743.0266626307135</ele>
      </trkpt>
      <trkpt lat="36.8662014" lon="138.1770309">
        <ele>743.0214439640188</ele>
      </trkpt>
      <trkpt lat="36.8661798" lon="138.1770383">
        <ele>743.0197742073519</ele>
      </trkpt>
      <trkpt lat="36.8661589" lon="138.1770465">
        <ele>743.023987184919</ele>
      </trkpt>
      <trkpt lat="36.8661381" lon="138.1770548">
        <ele>743.0235551310452</ele>
      </trkpt>
      <trkpt lat="36.8661186" lon="138.1770612">
        <ele>743.016500851456</ele>
      </trkpt>
      <trkpt lat="36.8660992" lon="138.1770675">
        <ele>743.0074743220327</ele>
      </trkpt>
      <trkpt lat="36.8660805" lon="138.1770727">
        <ele>742.9945725102205</ele>
      </trkpt>
      <trkpt lat="36.866062" lon="138.1770779">
        <ele>742.9805662324277</ele>
      </trkpt>
      <trkpt lat="36.8660434" lon="138.1770841">
        <ele>742.9676073234617</ele>
      </trkpt>
      <trkpt lat="36.8660249" lon="138.1770903">
        <ele>742.951315303064</ele>
      </trkpt>
      <trkpt lat="36.866006" lon="138.177097">
        <ele>742.8844163203602</ele>
      </trkpt>
      <trkpt lat="36.8659871" lon="138.1771037">
        <ele>742.8196155220365</ele>
      </trkpt>
      <trkpt lat="36.8659673" lon="138.1771101">
        <ele>742.744568080033</ele>
      </trkpt>
      <trkpt lat="36.8659476" lon="138.1771165">
        <ele>742.6477518954584</ele>
      </trkpt>
      <trkpt lat="36.8659273" lon="138.1771227">
        <ele>742.5583445305963</ele>
      </trkpt>
      <trkpt lat="36.8659072" lon="138.177129">
        <ele>742.4790309896588</ele>
      </trkpt>
      <trkpt lat="36.8658866" lon="138.1771356">
        <ele>742.4035699542333</ele>
      </trkpt>
      <trkpt lat="36.8658661" lon="138.1771423">
        <ele>742.2868310448141</ele>
      </trkpt>
      <trkpt lat="36.8658449" lon="138.1771489">
        <ele>742.1685269440839</ele>
      </trkpt>
      <trkpt lat="36.8658237" lon="138.1771555">
        <ele>742.0527730773415</ele>
      </trkpt>
      <trkpt lat="36.8658023" lon="138.1771631">
        <ele>741.9394824972243</ele>
      </trkpt>
      <trkpt lat="36.8657809" lon="138.1771708">
        <ele>741.8292790691353</ele>
      </trkpt>
      <trkpt lat="36.8657585" lon="138.1771799">
        <ele>741.7186329884294</ele>
      </trkpt>
      <trkpt lat="36.8657362" lon="138.1771891">
        <ele>741.6322944164501</ele>
      </trkpt>
      <trkpt lat="36.8657138" lon="138.1772">
        <ele>741.5561450742642</ele>
      </trkpt>
      <trkpt lat="36.8656914" lon="138.177211">
        <ele>741.4765425199956</ele>
      </trkpt>
      <trkpt lat="36.8656693" lon="138.1772237">
        <ele>741.396161058653</ele>
      </trkpt>
      <trkpt lat="36.8656472" lon="138.1772364">
        <ele>741.3116872111215</ele>
      </trkpt>
      <trkpt lat="36.8656256" lon="138.1772492">
        <ele>741.2253979609499</ele>
      </trkpt>
      <trkpt lat="36.865604" lon="138.177262">
        <ele>741.2782903754286</ele>
      </trkpt>
      <trkpt lat="36.8655837" lon="138.1772748">
        <ele>741.4918629592355</ele>
      </trkpt>
      <trkpt lat="36.8655635" lon="138.1772879">
        <ele>741.6726803483838</ele>
      </trkpt>
      <trkpt lat="36.8655443" lon="138.1773016">
        <ele>741.8202201225133</ele>
      </trkpt>
      <trkpt lat="36.8655251" lon="138.1773155">
        <ele>741.965302535971</ele>
      </trkpt>
      <trkpt lat="36.865506" lon="138.1773298">
        <ele>742.1061579825265</ele>
      </trkpt>
      <trkpt lat="36.865487" lon="138.177344">
        <ele>742.2445727852719</ele>
      </trkpt>
      <trkpt lat="36.8654687" lon="138.1773591">
        <ele>742.3368697089251</ele>
      </trkpt>
      <trkpt lat="36.8654504" lon="138.1773743">
        <ele>742.367607517351</ele>
      </trkpt>
      <trkpt lat="36.8654333" lon="138.1773902">
        <ele>742.3728312722479</ele>
      </trkpt>
      <trkpt lat="36.8654163" lon="138.1774061">
        <ele>742.3614354146463</ele>
      </trkpt>
      <trkpt lat="36.8653997" lon="138.1774224">
        <ele>742.3300940848532</ele>
      </trkpt>
      <trkpt lat="36.8653831" lon="138.1774388">
        <ele>742.28196211498</ele>
      </trkpt>
      <trkpt lat="36.8653667" lon="138.1774556">
        <ele>742.2372317598971</ele>
      </trkpt>
      <trkpt lat="36.8653503" lon="138.1774725">
        <ele>742.2767087629812</ele>
      </trkpt>
      <trkpt lat="36.8653334" lon="138.1774877">
        <ele>742.3181671134859</ele>
      </trkpt>
      <trkpt lat="36.8653165" lon="138.177503">
        <ele>742.3409520237245</ele>
      </trkpt>
      <trkpt lat="36.8652992" lon="138.1775171">
        <ele>742.3538154098892</ele>
      </trkpt>
      <trkpt lat="36.8652819" lon="138.1775312">
        <ele>742.3556853704176</ele>
      </trkpt>
      <trkpt lat="36.865263" lon="138.1775446">
        <ele>742.3488621855437</ele>
      </trkpt>
      <trkpt lat="36.8652441" lon="138.177558">
        <ele>742.330625098673</ele>
      </trkpt>
      <trkpt lat="36.865225" lon="138.1775712">
        <ele>742.3015229531476</ele>
      </trkpt>
      <trkpt lat="36.8652059" lon="138.1775844">
        <ele>742.2610582912409</ele>
      </trkpt>
      <trkpt lat="36.8651873" lon="138.1775979">
        <ele>742.2235195779859</ele>
      </trkpt>
      <trkpt lat="36.8651687" lon="138.1776114">
        <ele>742.1889219594573</ele>
      </trkpt>
      <trkpt lat="36.86515" lon="138.177624">
        <ele>742.1569943896526</ele>
      </trkpt>
      <trkpt lat="36.8651314" lon="138.1776367">
        <ele>742.1202013812542</ele>
      </trkpt>
      <trkpt lat="36.8651127" lon="138.1776477">
        <ele>742.0733332537696</ele>
      </trkpt>
      <trkpt lat="36.865094" lon="138.1776587">
        <ele>742.0114006451233</ele>
      </trkpt>
      <trkpt lat="36.8650753" lon="138.1776695">
        <ele>741.935532764531</ele>
      </trkpt>
      <trkpt lat="36.8650566" lon="138.1776804">
        <ele>741.8787718876803</ele>
      </trkpt>
      <trkpt lat="36.8650371" lon="138.177692">
        <ele>741.8647323946409</ele>
      </trkpt>
      <trkpt lat="36.8650175" lon="138.1777036">
        <ele>741.8487286921679</ele>
      </trkpt>
      <trkpt lat="36.8649977" lon="138.1777157">
        <ele>741.8278305393819</ele>
      </trkpt>
      <trkpt lat="36.8649779" lon="138.1777281">
        <ele>741.8026060437412</ele>
      </trkpt>
      <trkpt lat="36.8649584" lon="138.1777408">
        <ele>741.772168438682</ele>
      </trkpt>
      <trkpt lat="36.8649389" lon="138.1777536">
        <ele>741.7386012561792</ele>
      </trkpt>
      <trkpt lat="36.8649206" lon="138.177767">
        <ele>741.6849440752508</ele>
      </trkpt>
      <trkpt lat="36.8649024" lon="138.1777805">
        <ele>741.6095115419279</ele>
      </trkpt>
      <trkpt lat="36.8648843" lon="138.177794">
        <ele>741.5340751209174</ele>
      </trkpt>
      <trkpt lat="36.8648663" lon="138.1778075">
        <ele>741.4742537864754</ele>
      </trkpt>
      <trkpt lat="36.8648479" lon="138.1778196">
        <ele>741.4357852956548</ele>
      </trkpt>
      <trkpt lat="36.8648295" lon="138.1778317">
        <ele>741.408900009763</ele>
      </trkpt>
      <trkpt lat="36.8648087" lon="138.1778419">
        <ele>741.4061438944387</ele>
      </trkpt>
      <trkpt lat="36.8647879" lon="138.1778521">
        <ele>741.4043366318023</ele>
      </trkpt>
      <trkpt lat="36.8647655" lon="138.1778629">
        <ele>741.27609285785</ele>
      </trkpt>
      <trkpt lat="36.8647431" lon="138.1778737">
        <ele>741.1423977317705</ele>
      </trkpt>
      <trkpt lat="36.8647214" lon="138.1778866">
        <ele>740.9974361182258</ele>
      </trkpt>
      <trkpt lat="36.8646997" lon="138.1778997">
        <ele>740.8452770519541</ele>
      </trkpt>
      <trkpt lat="36.864679" lon="138.1779143">
        <ele>740.6843124887371</ele>
      </trkpt>
      <trkpt lat="36.8646586" lon="138.1779289">
        <ele>740.517978794761</ele>
      </trkpt>
      <trkpt lat="36.8646371" lon="138.1779424">
        <ele>740.3704296093016</ele>
      </trkpt>
      <trkpt lat="36.8646157" lon="138.177956">
        <ele>740.2269308603709</ele>
      </trkpt>
      <trkpt lat="36.864593" lon="138.1779701">
        <ele>740.0484585544729</ele>
      </trkpt>
      <trkpt lat="36.8645702" lon="138.1779842">
        <ele>739.79357789722</ele>
      </trkpt>
      <trkpt lat="36.8645479" lon="138.1779995">
        <ele>739.5311593952722</ele>
      </trkpt>
      <trkpt lat="36.8645255" lon="138.1780148">
        <ele>739.2741919316038</ele>
      </trkpt>
      <trkpt lat="36.8645042" lon="138.1780296">
        <ele>739.0802700268395</ele>
      </trkpt>
      <trkpt lat="36.8644829" lon="138.1780444">
        <ele>738.9477604819558</ele>
      </trkpt>
      <trkpt lat="36.8644637" lon="138.1780598">
        <ele>738.8200680796547</ele>
      </trkpt>
      <trkpt lat="36.8644445" lon="138.1780753">
        <ele>738.7062559343616</ele>
      </trkpt>
      <trkpt lat="36.8644273" lon="138.178092">
        <ele>738.5897362616382</ele>
      </trkpt>
      <trkpt lat="36.8644104" lon="138.178109">
        <ele>738.4838589272922</ele>
      </trkpt>
      <trkpt lat="36.8643939" lon="138.1781265">
        <ele>738.3864580846307</ele>
      </trkpt>
      <trkpt lat="36.8643774" lon="138.1781441">
        <ele>738.2941889053645</ele>
      </trkpt>
      <trkpt lat="36.8643604" lon="138.1781619">
        <ele>738.0645220955242</ele>
      </trkpt>
      <trkpt lat="36.8643434" lon="138.1781796">
        <ele>737.8515993468603</ele>
      </trkpt>
      <trkpt lat="36.864326" lon="138.1781972">
        <ele>737.6543976241868</ele>
      </trkpt>
      <trkpt lat="36.8643086" lon="138.1782147">
        <ele>737.4740394317269</ele>
      </trkpt>
      <trkpt lat="36.8642905" lon="138.1782313">
        <ele>737.3155680136167</ele>
      </trkpt>
      <trkpt lat="36.8642724" lon="138.178248">
        <ele>737.1721132353739</ele>
      </trkpt>
      <trkpt lat="36.8642542" lon="138.1782639">
        <ele>737.0497757055632</ele>
      </trkpt>
      <trkpt lat="36.864236" lon="138.1782799">
        <ele>736.938539721566</ele>
      </trkpt>
      <trkpt lat="36.8642174" lon="138.1782959">
        <ele>736.8290799154524</ele>
      </trkpt>
      <trkpt lat="36.8641987" lon="138.1783119">
        <ele>736.7291557955012</ele>
      </trkpt>
      <trkpt lat="36.8641788" lon="138.1783273">
        <ele>736.6062411079763</ele>
      </trkpt>
      <trkpt lat="36.8641588" lon="138.1783428">
        <ele>736.4794632775258</ele>
      </trkpt>
      <trkpt lat="36.8641368" lon="138.1783561">
        <ele>736.3660227148268</ele>
      </trkpt>
      <trkpt lat="36.8641148" lon="138.1783695">
        <ele>736.2488737396509</ele>
      </trkpt>
      <trkpt lat="36.8640923" lon="138.1783802">
        <ele>736.1430146719932</ele>
      </trkpt>
      <trkpt lat="36.8640698" lon="138.1783911">
        <ele>736.0331190464759</ele>
      </trkpt>
      <trkpt lat="36.8640477" lon="138.1784009">
        <ele>735.9403404218799</ele>
      </trkpt>
      <trkpt lat="36.8640254" lon="138.1784108">
        <ele>735.8547220416833</ele>
      </trkpt>
      <trkpt lat="36.8640028" lon="138.1784214">
        <ele>735.7727136319211</ele>
      </trkpt>
      <trkpt lat="36.8639801" lon="138.1784319">
        <ele>735.7000644287891</ele>
      </trkpt>
      <trkpt lat="36.8639573" lon="138.1784427">
        <ele>735.6426057844981</ele>
      </trkpt>
      <trkpt lat="36.8639348" lon="138.1784534">
        <ele>735.6005713316241</ele>
      </trkpt>
      <trkpt lat="36.8639126" lon="138.1784645">
        <ele>735.5527788220747</ele>
      </trkpt>
      <trkpt lat="36.8638904" lon="138.1784757">
        <ele>735.5011172857612</ele>
      </trkpt>
      <trkpt lat="36.8638692" lon="138.1784879">
        <ele>735.4621582976079</ele>
      </trkpt>
      <trkpt lat="36.8638481" lon="138.1785002">
        <ele>735.4582200120418</ele>
      </trkpt>
      <trkpt lat="36.8638282" lon="138.1785137">
        <ele>735.4667773022964</ele>
      </trkpt>
      <trkpt lat="36.8638083" lon="138.1785273">
        <ele>735.421478881831</ele>
      </trkpt>
      <trkpt lat="36.8637895" lon="138.1785435">
        <ele>735.3560097753644</ele>
      </trkpt>
      <trkpt lat="36.863771" lon="138.1785597">
        <ele>735.2728376489902</ele>
      </trkpt>
      <trkpt lat="36.863753" lon="138.1785774">
        <ele>735.1680260752928</ele>
      </trkpt>
      <trkpt lat="36.8637352" lon="138.1785951">
        <ele>735.0446194230078</ele>
      </trkpt>
      <trkpt lat="36.8637174" lon="138.1786119">
        <ele>734.9060709610851</ele>
      </trkpt>
      <trkpt lat="36.8636995" lon="138.178629">
        <ele>734.7474395656229</ele>
      </trkpt>
      <trkpt lat="36.863682" lon="138.1786451">
        <ele>734.564867152814</ele>
      </trkpt>
      <trkpt lat="36.8636645" lon="138.1786612">
        <ele>734.3932295941793</ele>
      </trkpt>
      <trkpt lat="36.8636469" lon="138.1786781">
        <ele>734.2429032300878</ele>
      </trkpt>
      <trkpt lat="36.8636294" lon="138.1786949">
        <ele>734.0736014742582</ele>
      </trkpt>
      <trkpt lat="36.8636113" lon="138.1787116">
        <ele>733.8795890812045</ele>
      </trkpt>
      <trkpt lat="36.8635931" lon="138.1787284">
        <ele>733.6639761330003</ele>
      </trkpt>
      <trkpt lat="36.8635747" lon="138.1787453">
        <ele>733.4254273627632</ele>
      </trkpt>
      <trkpt lat="36.8635562" lon="138.1787622">
        <ele>733.1649217144552</ele>
      </trkpt>
      <trkpt lat="36.8635371" lon="138.1787785">
        <ele>732.8623352633688</ele>
      </trkpt>
      <trkpt lat="36.863518" lon="138.1787951">
        <ele>732.5476134167816</ele>
      </trkpt>
      <trkpt lat="36.8634983" lon="138.1788118">
        <ele>732.2182116825952</ele>
      </trkpt>
      <trkpt lat="36.8634786" lon="138.1788285">
        <ele>731.8932432583713</ele>
      </trkpt>
      <trkpt lat="36.8634575" lon="138.1788444">
        <ele>731.5950108485716</ele>
      </trkpt>
      <trkpt lat="36.8634364" lon="138.1788603">
        <ele>731.2899969832431</ele>
      </trkpt>
      <trkpt lat="36.8634151" lon="138.1788762">
        <ele>730.9805309740951</ele>
      </trkpt>
      <trkpt lat="36.8633938" lon="138.1788922">
        <ele>730.7467800838758</ele>
      </trkpt>
      <trkpt lat="36.8633733" lon="138.1789076">
        <ele>730.4868230607693</ele>
      </trkpt>
      <trkpt lat="36.8633529" lon="138.1789231">
        <ele>730.1930272933619</ele>
      </trkpt>
      <trkpt lat="36.8633326" lon="138.1789374">
        <ele>729.8744967680475</ele>
      </trkpt>
      <trkpt lat="36.8633122" lon="138.1789518">
        <ele>729.5223703436193</ele>
      </trkpt>
      <trkpt lat="36.8632915" lon="138.1789654">
        <ele>729.1418364783817</ele>
      </trkpt>
      <trkpt lat="36.8632708" lon="138.178979">
        <ele>728.745950764755</ele>
      </trkpt>
      <trkpt lat="36.86325" lon="138.178992">
        <ele>728.3735200794335</ele>
      </trkpt>
      <trkpt lat="36.8632292" lon="138.1790053">
        <ele>728.0029447153316</ele>
      </trkpt>
      <trkpt lat="36.863209" lon="138.1790193">
        <ele>727.6335170788896</ele>
      </trkpt>
      <trkpt lat="36.8631888" lon="138.1790335">
        <ele>727.2624590167775</ele>
      </trkpt>
      <trkpt lat="36.8631698" lon="138.1790504">
        <ele>726.8798679569355</ele>
      </trkpt>
      <trkpt lat="36.8631508" lon="138.1790673">
        <ele>726.4975961624486</ele>
      </trkpt>
      <trkpt lat="36.8631338" lon="138.1790858">
        <ele>726.1396929965383</ele>
      </trkpt>
      <trkpt lat="36.8631169" lon="138.1791043">
        <ele>725.8071264987558</ele>
      </trkpt>
      <trkpt lat="36.8631012" lon="138.1791226">
        <ele>725.49367188445</ele>
      </trkpt>
      <trkpt lat="36.8630854" lon="138.1791409">
        <ele>725.1851293244899</ele>
      </trkpt>
      <trkpt lat="36.8630702" lon="138.1791594">
        <ele>724.8859309420693</ele>
      </trkpt>
      <trkpt lat="36.8630552" lon="138.1791779">
        <ele>724.6093746264514</ele>
      </trkpt>
      <trkpt lat="36.8630401" lon="138.1791966">
        <ele>724.3531641878194</ele>
      </trkpt>
      <trkpt lat="36.8630251" lon="138.1792153">
        <ele>724.1055234395665</ele>
      </trkpt>
      <trkpt lat="36.8630099" lon="138.1792337">
        <ele>723.8659571443455</ele>
      </trkpt>
      <trkpt lat="36.8629947" lon="138.1792522">
        <ele>723.5771516605497</ele>
      </trkpt>
      <trkpt lat="36.8629792" lon="138.1792709">
        <ele>723.2408859335832</ele>
      </trkpt>
      <trkpt lat="36.8629637" lon="138.1792896">
        <ele>722.893670765121</ele>
      </trkpt>
      <trkpt lat="36.8629486" lon="138.179308">
        <ele>722.5435445259247</ele>
      </trkpt>
      <trkpt lat="36.8629334" lon="138.1793264">
        <ele>722.1814301210491</ele>
      </trkpt>
      <trkpt lat="36.8629212" lon="138.1793438">
        <ele>721.8713929716826</ele>
      </trkpt>
      <trkpt lat="36.8629092" lon="138.1793613">
        <ele>721.6031565198015</ele>
      </trkpt>
      <trkpt lat="36.8628996" lon="138.1793776">
        <ele>721.3850379339319</ele>
      </trkpt>
      <trkpt lat="36.86289" lon="138.1793939">
        <ele>721.1745417569291</ele>
      </trkpt>
      <trkpt lat="36.8628807" lon="138.179409">
        <ele>720.9808458552122</ele>
      </trkpt>
      <trkpt lat="36.8628715" lon="138.1794243">
        <ele>720.7944949014088</ele>
      </trkpt>
      <trkpt lat="36.8628616" lon="138.1794388">
        <ele>720.6154405487575</ele>
      </trkpt>
      <trkpt lat="36.8628517" lon="138.1794532">
        <ele>720.4381921073639</ele>
      </trkpt>
      <trkpt lat="36.8628416" lon="138.179468">
        <ele>720.2485803214184</ele>
      </trkpt>
      <trkpt lat="36.8628315" lon="138.1794828">
        <ele>720.0505478794953</ele>
      </trkpt>
      <trkpt lat="36.8628205" lon="138.1794985">
        <ele>719.8274836922934</ele>
      </trkpt>
      <trkpt lat="36.8628095" lon="138.1795142">
        <ele>719.5855913295516</ele>
      </trkpt>
      <trkpt lat="36.8627964" lon="138.1795299">
        <ele>719.263504304884</ele>
      </trkpt>
      <trkpt lat="36.8627832" lon="138.1795456">
        <ele>718.9562703605807</ele>
      </trkpt>
      <trkpt lat="36.8627696" lon="138.1795602">
        <ele>718.6695523654687</ele>
      </trkpt>
      <trkpt lat="36.862756" lon="138.1795748">
        <ele>718.3983624905771</ele>
      </trkpt>
      <trkpt lat="36.8627415" lon="138.179589">
        <ele>718.1359912376295</ele>
      </trkpt>
      <trkpt lat="36.8627271" lon="138.1796035">
        <ele>717.8953996117339</ele>
      </trkpt>
      <trkpt lat="36.8627112" lon="138.1796168">
        <ele>717.6992192296043</ele>
      </trkpt>
      <trkpt lat="36.8626953" lon="138.1796301">
        <ele>717.5129895126126</ele>
      </trkpt>
      <trkpt lat="36.8626785" lon="138.1796405">
        <ele>717.3467602859149</ele>
      </trkpt>
      <trkpt lat="36.8626616" lon="138.1796509">
        <ele>717.1881463122006</ele>
      </trkpt>
      <trkpt lat="36.8626441" lon="138.179658">
        <ele>717.0494663155345</ele>
      </trkpt>
      <trkpt lat="36.8626265" lon="138.1796651">
        <ele>716.9160601321191</ele>
      </trkpt>
      <trkpt lat="36.8626087" lon="138.1796699">
        <ele>716.7960679388111</ele>
      </trkpt>
      <trkpt lat="36.8625911" lon="138.1796749">
        <ele>716.6768022030765</ele>
      </trkpt>
      <trkpt lat="36.8625739" lon="138.1796807">
        <ele>716.4949799442104</ele>
      </trkpt>
      <trkpt lat="36.8625568" lon="138.1796866">
        <ele>716.2945470118275</ele>
      </trkpt>
      <trkpt lat="36.862541" lon="138.1796962">
        <ele>716.0509325070733</ele>
      </trkpt>
      <trkpt lat="36.8625253" lon="138.1797058">
        <ele>715.8040738972218</ele>
      </trkpt>
      <trkpt lat="36.8625104" lon="138.179718">
        <ele>715.534565744315</ele>
      </trkpt>
      <trkpt lat="36.8624956" lon="138.1797303">
        <ele>715.2599742319222</ele>
      </trkpt>
      <trkpt lat="36.8624815" lon="138.1797445">
        <ele>714.9674743625633</ele>
      </trkpt>
      <trkpt lat="36.8624675" lon="138.1797587">
        <ele>714.6704528967165</ele>
      </trkpt>
      <trkpt lat="36.8624525" lon="138.1797733">
        <ele>714.3560044726974</ele>
      </trkpt>
      <trkpt lat="36.8624376" lon="138.1797879">
        <ele>714.0550063158983</ele>
      </trkpt>
      <trkpt lat="36.8624212" lon="138.1798046">
        <ele>713.7099627418518</ele>
      </trkpt>
      <trkpt lat="36.8624049" lon="138.1798214">
        <ele>713.3575827534887</ele>
      </trkpt>
      <trkpt lat="36.8623886" lon="138.1798396">
        <ele>712.981530736849</ele>
      </trkpt>
      <trkpt lat="36.8623722" lon="138.1798579">
        <ele>712.6027751568985</ele>
      </trkpt>
      <trkpt lat="36.862357" lon="138.1798759">
        <ele>712.2804190596695</ele>
      </trkpt>
      <trkpt lat="36.8623417" lon="138.1798939">
        <ele>711.9562973079534</ele>
      </trkpt>
      <trkpt lat="36.8623272" lon="138.1799107">
        <ele>711.6508312672269</ele>
      </trkpt>
      <trkpt lat="36.8623129" lon="138.1799276">
        <ele>711.3693002519203</ele>
      </trkpt>
      <trkpt lat="36.8622991" lon="138.1799433">
        <ele>711.1442022493135</ele>
      </trkpt>
      <trkpt lat="36.8622854" lon="138.179959">
        <ele>710.9071536431925</ele>
      </trkpt>
      <trkpt lat="36.8622726" lon="138.1799742">
        <ele>710.6688195691731</ele>
      </trkpt>
      <trkpt lat="36.8622599" lon="138.1799894">
        <ele>710.4199046083862</ele>
      </trkpt>
      <trkpt lat="36.8622476" lon="138.1800053">
        <ele>710.1549103226062</ele>
      </trkpt>
      <trkpt lat="36.8622354" lon="138.1800212">
        <ele>709.8793687883544</ele>
      </trkpt>
      <trkpt lat="36.8622225" lon="138.1800392">
        <ele>709.5996702002315</ele>
      </trkpt>
      <trkpt lat="36.8622096" lon="138.1800572">
        <ele>709.3335625800896</ele>
      </trkpt>
      <trkpt lat="36.8621952" lon="138.1800757">
        <ele>709.0475014988971</ele>
      </trkpt>
      <trkpt lat="36.8621808" lon="138.1800943">
        <ele>708.757264453315</ele>
      </trkpt>
      <trkpt lat="36.8621655" lon="138.1801132">
        <ele>708.5098945368433</ele>
      </trkpt>
      <trkpt lat="36.8621502" lon="138.1801321">
        <ele>708.2651260204788</ele>
      </trkpt>
      <trkpt lat="36.8621355" lon="138.1801518">
        <ele>708.0156232583217</ele>
      </trkpt>
      <trkpt lat="36.8621209" lon="138.1801716">
        <ele>707.7653959321558</ele>
      </trkpt>
      <trkpt lat="36.8621083" lon="138.1801915">
        <ele>707.523516588532</ele>
      </trkpt>
      <trkpt lat="36.8620958" lon="138.1802114">
        <ele>707.2866521617865</ele>
      </trkpt>
      <trkpt lat="36.862086" lon="138.1802324">
        <ele>707.05602306278</ele>
      </trkpt>
      <trkpt lat="36.8620762" lon="138.1802535">
        <ele>706.8249282745599</ele>
      </trkpt>
      <trkpt lat="36.8620678" lon="138.1802758">
        <ele>706.5903399838255</ele>
      </trkpt>
      <trkpt lat="36.8620595" lon="138.180298">
        <ele>706.3574652700556</ele>
      </trkpt>
      <trkpt lat="36.8620533" lon="138.1803217">
        <ele>706.1216484874624</ele>
      </trkpt>
      <trkpt lat="36.8620472" lon="138.1803454">
        <ele>705.886587085386</ele>
      </trkpt>
      <trkpt lat="36.8620445" lon="138.180369">
        <ele>705.6683545873911</ele>
      </trkpt>
      <trkpt lat="36.8620418" lon="138.1803926">
        <ele>705.3810841150691</ele>
      </trkpt>
      <trkpt lat="36.8620408" lon="138.1804158">
        <ele>705.1031362554785</ele>
      </trkpt>
      <trkpt lat="36.8620399" lon="138.1804391">
        <ele>704.8246942268316</ele>
      </trkpt>
      <trkpt lat="36.8620377" lon="138.1804614">
        <ele>704.5589155038768</ele>
      </trkpt>
      <trkpt lat="36.8620355" lon="138.1804837">
        <ele>704.2945673880936</ele>
      </trkpt>
      <trkpt lat="36.8620331" lon="138.1805057">
        <ele>704.0353497560934</ele>
      </trkpt>
      <trkpt lat="36.8620308" lon="138.1805277">
        <ele>703.7775646422976</ele>
      </trkpt>
      <trkpt lat="36.8620288" lon="138.1805486">
        <ele>703.5184518779062</ele>
      </trkpt>
      <trkpt lat="36.8620268" lon="138.1805695">
        <ele>703.2270470804405</ele>
      </trkpt>
      <trkpt lat="36.862025" lon="138.1805897">
        <ele>702.9458254826623</ele>
      </trkpt>
      <trkpt lat="36.8620233" lon="138.1806099">
        <ele>702.6650111448497</ele>
      </trkpt>
      <trkpt lat="36.862021" lon="138.180631">
        <ele>702.3733304878724</ele>
      </trkpt>
      <trkpt lat="36.8620188" lon="138.1806522">
        <ele>702.0808198876048</ele>
      </trkpt>
      <trkpt lat="36.8620161" lon="138.180673">
        <ele>701.7958333541528</ele>
      </trkpt>
      <trkpt lat="36.8620135" lon="138.1806939">
        <ele>701.5101112154246</ele>
      </trkpt>
      <trkpt lat="36.8620109" lon="138.1807114">
        <ele>701.2726719444822</ele>
      </trkpt>
      <trkpt lat="36.8620083" lon="138.1807289">
        <ele>701.0682130234654</ele>
      </trkpt>
      <trkpt lat="36.8620046" lon="138.1807433">
        <ele>700.9060879508781</ele>
      </trkpt>
      <trkpt lat="36.8620009" lon="138.1807578">
        <ele>700.7408089808469</ele>
      </trkpt>
      <trkpt lat="36.8619957" lon="138.18077">
        <ele>700.6036347761294</ele>
      </trkpt>
      <trkpt lat="36.8619905" lon="138.1807822">
        <ele>700.464127132755</ele>
      </trkpt>
      <trkpt lat="36.8619857" lon="138.1807911">
        <ele>700.3621405093899</ele>
      </trkpt>
      <trkpt lat="36.861981" lon="138.1808002">
        <ele>700.2560124948911</ele>
      </trkpt>
      <trkpt lat="36.8619729" lon="138.1808146">
        <ele>700.0854007123723</ele>
      </trkpt>
      <trkpt lat="36.8619704" lon="138.18082">
        <ele>700.0199294580118</ele>
      </trkpt>
      <trkpt lat="36.861968" lon="138.1808254">
        <ele>699.953899812123</ele>
      </trkpt>
      <trkpt lat="36.8619656" lon="138.1808336">
        <ele>699.8521391616802</ele>
      </trkpt>
      <trkpt lat="36.8619633" lon="138.1808419">
        <ele>699.7483596558553</ele>
      </trkpt>
      <trkpt lat="36.861961" lon="138.1808546">
        <ele>699.5881061206667</ele>
      </trkpt>
      <trkpt lat="36.8619587" lon="138.1808673">
        <ele>699.4267781902308</ele>
      </trkpt>
      <trkpt lat="36.8619572" lon="138.1808826">
        <ele>699.2315466663389</ele>
      </trkpt>
      <trkpt lat="36.8619557" lon="138.180898">
        <ele>699.0808039497967</ele>
      </trkpt>
      <trkpt lat="36.861955" lon="138.1809137">
        <ele>698.9375371344124</ele>
      </trkpt>
      <trkpt lat="36.8619544" lon="138.1809295">
        <ele>698.7933355007564</ele>
      </trkpt>
      <trkpt lat="36.8619539" lon="138.1809465">
        <ele>698.6382014122364</ele>
      </trkpt>
      <trkpt lat="36.8619534" lon="138.1809635">
        <ele>698.4829969088942</ele>
      </trkpt>
      <trkpt lat="36.8619522" lon="138.1809818">
        <ele>698.3152606861273</ele>
      </trkpt>
      <trkpt lat="36.8619511" lon="138.1810001">
        <ele>698.1474384382575</ele>
      </trkpt>
      <trkpt lat="36.8619492" lon="138.1810178">
        <ele>697.984096864177</ele>
      </trkpt>
      <trkpt lat="36.8619474" lon="138.1810355">
        <ele>697.8205872516228</ele>
      </trkpt>
      <trkpt lat="36.8619431" lon="138.1810513">
        <ele>697.6712527191377</ele>
      </trkpt>
      <trkpt lat="36.8619389" lon="138.1810671">
        <ele>697.5444388802593</ele>
      </trkpt>
      <trkpt lat="36.8619321" lon="138.1810815">
        <ele>697.4394684825417</ele>
      </trkpt>
      <trkpt lat="36.8619253" lon="138.181096">
        <ele>697.3367812985462</ele>
      </trkpt>
      <trkpt lat="36.8619194" lon="138.1811109">
        <ele>697.2347736914846</ele>
      </trkpt>
      <trkpt lat="36.8619134" lon="138.181126">
        <ele>697.1340981405276</ele>
      </trkpt>
      <trkpt lat="36.8619097" lon="138.1811422">
        <ele>697.0288789628639</ele>
      </trkpt>
      <trkpt lat="36.8619061" lon="138.1811585">
        <ele>696.9247932168566</ele>
      </trkpt>
      <trkpt lat="36.8619048" lon="138.181176">
        <ele>696.8123699503236</ele>
      </trkpt>
      <trkpt lat="36.8619036" lon="138.1811938">
        <ele>696.6970582091111</ele>
      </trkpt>
      <trkpt lat="36.8619034" lon="138.1812122">
        <ele>696.5793641676896</ele>
      </trkpt>
      <trkpt lat="36.8619034" lon="138.1812306">
        <ele>696.4535658960524</ele>
      </trkpt>
      <trkpt lat="36.8619042" lon="138.1812488">
        <ele>696.2604731690276</ele>
      </trkpt>
      <trkpt lat="36.861905" lon="138.181267">
        <ele>696.0669606930513</ele>
      </trkpt>
      <trkpt lat="36.8619045" lon="138.1812866">
        <ele>695.8577592601723</ele>
      </trkpt>
      <trkpt lat="36.861904" lon="138.1813064">
        <ele>695.6467097765461</ele>
      </trkpt>
      <trkpt lat="36.8618999" lon="138.1813268">
        <ele>695.4307613555432</ele>
      </trkpt>
      <trkpt lat="36.8618959" lon="138.1813472">
        <ele>695.2171613631922</ele>
      </trkpt>
      <trkpt lat="36.8618888" lon="138.1813671">
        <ele>695.0139898031033</ele>
      </trkpt>
      <trkpt lat="36.8618817" lon="138.1813871">
        <ele>694.8138583392213</ele>
      </trkpt>
      <trkpt lat="36.8618727" lon="138.1814077">
        <ele>694.61660540958</ele>
      </trkpt>
      <trkpt lat="36.8618638" lon="138.1814283">
        <ele>694.4154125472116</ele>
      </trkpt>
      <trkpt lat="36.8618535" lon="138.181451">
        <ele>694.1777834914521</ele>
      </trkpt>
      <trkpt lat="36.8618432" lon="138.1814737">
        <ele>693.922877088346</ele>
      </trkpt>
      <trkpt lat="36.8618316" lon="138.181495">
        <ele>693.6639056178869</ele>
      </trkpt>
      <trkpt lat="36.86182" lon="138.1815163">
        <ele>693.3866762240425</ele>
      </trkpt>
      <trkpt lat="36.8618067" lon="138.1815354">
        <ele>693.1121268041184</ele>
      </trkpt>
      <trkpt lat="36.8617934" lon="138.1815546">
        <ele>692.8175207320892</ele>
      </trkpt>
      <trkpt lat="36.8617769" lon="138.1815728">
        <ele>692.5110340864167</ele>
      </trkpt>
      <trkpt lat="36.8617607" lon="138.1815911">
        <ele>692.414166421592</ele>
      </trkpt>
      <trkpt lat="36.8617415" lon="138.1816083">
        <ele>692.3318690157732</ele>
      </trkpt>
      <trkpt lat="36.8617222" lon="138.1816255">
        <ele>692.2385870127889</ele>
      </trkpt>
      <trkpt lat="36.8617017" lon="138.1816398">
        <ele>692.140192217234</ele>
      </trkpt>
      <trkpt lat="36.8616812" lon="138.1816541">
        <ele>692.0322777156953</ele>
      </trkpt>
      <trkpt lat="36.8616602" lon="138.1816648">
        <ele>691.9269495400663</ele>
      </trkpt>
      <trkpt lat="36.8616393" lon="138.1816755">
        <ele>691.814666112268</ele>
      </trkpt>
      <trkpt lat="36.8616176" lon="138.1816835">
        <ele>691.7432286700026</ele>
      </trkpt>
      <trkpt lat="36.8615962" lon="138.1816915">
        <ele>691.6999125683978</ele>
      </trkpt>
      <trkpt lat="36.8615746" lon="138.1816985">
        <ele>691.6643798150571</ele>
      </trkpt>
      <trkpt lat="36.8615531" lon="138.1817055">
        <ele>691.6326350574536</ele>
      </trkpt>
      <trkpt lat="36.8615317" lon="138.181712">
        <ele>691.6061877227331</ele>
      </trkpt>
      <trkpt lat="36.8615104" lon="138.1817186">
        <ele>691.5829308752612</ele>
      </trkpt>
      <trkpt lat="36.8614896" lon="138.1817263">
        <ele>691.5452120536503</ele>
      </trkpt>
      <trkpt lat="36.8614688" lon="138.1817341">
        <ele>691.437613236245</ele>
      </trkpt>
      <trkpt lat="36.8614485" lon="138.1817426">
        <ele>691.3274356737295</ele>
      </trkpt>
      <trkpt lat="36.8614283" lon="138.1817512">
        <ele>691.2214025098202</ele>
      </trkpt>
      <trkpt lat="36.8614078" lon="138.1817601">
        <ele>691.121787536064</ele>
      </trkpt>
      <trkpt lat="36.8613874" lon="138.181769">
        <ele>691.0307642440641</ele>
      </trkpt>
      <trkpt lat="36.8613661" lon="138.1817772">
        <ele>690.9453524990394</ele>
      </trkpt>
      <trkpt lat="36.8613449" lon="138.1817854">
        <ele>690.8240828538646</ele>
      </trkpt>
      <trkpt lat="36.8613233" lon="138.1817918">
        <ele>690.6652897001338</ele>
      </trkpt>
      <trkpt lat="36.8613018" lon="138.1817982">
        <ele>690.5108289514842</ele>
      </trkpt>
      <trkpt lat="36.8612796" lon="138.1818034">
        <ele>690.3545445213224</ele>
      </trkpt>
      <trkpt lat="36.8612574" lon="138.1818087">
        <ele>690.2013519612069</ele>
      </trkpt>
      <trkpt lat="36.8612345" lon="138.1818147">
        <ele>690.0470883396688</ele>
      </trkpt>
      <trkpt lat="36.8612116" lon="138.1818207">
        <ele>689.8909280834162</ele>
      </trkpt>
      <trkpt lat="36.8611877" lon="138.1818269">
        <ele>689.7177919557583</ele>
      </trkpt>
      <trkpt lat="36.8611639" lon="138.1818331">
        <ele>689.5478140117082</ele>
      </trkpt>
      <trkpt lat="36.8611399" lon="138.1818392">
        <ele>689.3785532709488</ele>
      </trkpt>
      <trkpt lat="36.8611159" lon="138.1818453">
        <ele>689.2116696578837</ele>
      </trkpt>
      <trkpt lat="36.8610926" lon="138.1818519">
        <ele>689.0534388467693</ele>
      </trkpt>
      <trkpt lat="36.8610694" lon="138.1818584">
        <ele>688.9050123072557</ele>
      </trkpt>
      <trkpt lat="36.8610466" lon="138.1818646">
        <ele>688.7643897254738</ele>
      </trkpt>
      <trkpt lat="36.8610239" lon="138.1818708">
        <ele>688.6227625467398</ele>
      </trkpt>
      <trkpt lat="36.8610011" lon="138.1818759">
        <ele>688.4767440954383</ele>
      </trkpt>
      <trkpt lat="36.8609784" lon="138.1818811">
        <ele>688.3301970528757</ele>
      </trkpt>
      <trkpt lat="36.8609553" lon="138.1818863">
        <ele>688.1794783625079</ele>
      </trkpt>
      <trkpt lat="36.8609322" lon="138.1818916">
        <ele>688.0417261111089</ele>
      </trkpt>
      <trkpt lat="36.8609092" lon="138.1818969">
        <ele>687.9158432792832</ele>
      </trkpt>
      <trkpt lat="36.8608862" lon="138.1819023">
        <ele>687.7872161885105</ele>
      </trkpt>
      <trkpt lat="36.8608626" lon="138.1819075">
        <ele>687.6520486999166</ele>
      </trkpt>
      <trkpt lat="36.8608391" lon="138.1819128">
        <ele>687.5146604224024</ele>
      </trkpt>
      <trkpt lat="36.8608163" lon="138.1819174">
        <ele>687.3674982400387</ele>
      </trkpt>
      <trkpt lat="36.8607936" lon="138.1819219">
        <ele>687.1635017438668</ele>
      </trkpt>
      <trkpt lat="36.8607709" lon="138.181927">
        <ele>686.9290982517008</ele>
      </trkpt>
      <trkpt lat="36.8607482" lon="138.181932">
        <ele>686.7035411979067</ele>
      </trkpt>
      <trkpt lat="36.8607246" lon="138.1819379">
        <ele>686.4764986384167</ele>
      </trkpt>
      <trkpt lat="36.8607011" lon="138.1819439">
        <ele>686.2604947554432</ele>
      </trkpt>
      <trkpt lat="36.860677" lon="138.1819501">
        <ele>686.0497839771648</ele>
      </trkpt>
      <trkpt lat="36.8606529" lon="138.1819563">
        <ele>685.8535464276085</ele>
      </trkpt>
      <trkpt lat="36.8606278" lon="138.181962">
        <ele>685.6547839292798</ele>
      </trkpt>
      <trkpt lat="36.8606028" lon="138.1819677">
        <ele>685.4593242527028</ele>
      </trkpt>
      <trkpt lat="36.8605773" lon="138.1819733">
        <ele>685.2623608465419</ele>
      </trkpt>
      <trkpt lat="36.8605519" lon="138.181979">
        <ele>685.0687887311307</ele>
      </trkpt>
      <trkpt lat="36.8605267" lon="138.1819845">
        <ele>684.8566863910481</ele>
      </trkpt>
      <trkpt lat="36.8605016" lon="138.18199">
        <ele>684.5490395297505</ele>
      </trkpt>
      <trkpt lat="36.8604768" lon="138.1819958">
        <ele>684.22494932973</ele>
      </trkpt>
      <trkpt lat="36.8604521" lon="138.1820017">
        <ele>683.8814380911085</ele>
      </trkpt>
      <trkpt lat="36.8604271" lon="138.182009">
        <ele>683.504583423067</ele>
      </trkpt>
      <trkpt lat="36.8604021" lon="138.1820165">
        <ele>683.1003761170614</ele>
      </trkpt>
      <trkpt lat="36.8603769" lon="138.182025">
        <ele>682.6769719430162</ele>
      </trkpt>
      <trkpt lat="36.8603517" lon="138.1820335">
        <ele>682.2426046225644</ele>
      </trkpt>
      <trkpt lat="36.860327" lon="138.1820422">
        <ele>681.7956214567671</ele>
      </trkpt>
      <trkpt lat="36.8603023" lon="138.1820509">
        <ele>681.3309793163194</ele>
      </trkpt>
      <trkpt lat="36.8602774" lon="138.1820588">
        <ele>680.8562792821082</ele>
      </trkpt>
      <trkpt lat="36.8602526" lon="138.1820667">
        <ele>680.4757670489039</ele>
      </trkpt>
      <trkpt lat="36.8602274" lon="138.1820736">
        <ele>680.5933650589145</ele>
      </trkpt>
      <trkpt lat="36.8602022" lon="138.1820805">
        <ele>680.7296884756055</ele>
      </trkpt>
      <trkpt lat="36.8601772" lon="138.1820871">
        <ele>680.8860332036063</ele>
      </trkpt>
      <trkpt lat="36.8601522" lon="138.1820937">
        <ele>681.0564088016428</ele>
      </trkpt>
      <trkpt lat="36.8601277" lon="138.1821003">
        <ele>681.2172628820063</ele>
      </trkpt>
      <trkpt lat="36.8601032" lon="138.1821069">
        <ele>681.3829189677764</ele>
      </trkpt>
      <trkpt lat="36.8600797" lon="138.1821132">
        <ele>681.5471186742983</ele>
      </trkpt>
      <trkpt lat="36.8600562" lon="138.1821195">
        <ele>681.7129372169433</ele>
      </trkpt>
      <trkpt lat="36.8600335" lon="138.1821255">
        <ele>681.8754172665242</ele>
      </trkpt>
      <trkpt lat="36.8600109" lon="138.1821315">
        <ele>682.0384265167007</ele>
      </trkpt>
      <trkpt lat="36.8599887" lon="138.1821373">
        <ele>682.2008149351051</ele>
      </trkpt>
      <trkpt lat="36.8599665" lon="138.1821434">
        <ele>682.2649426996189</ele>
      </trkpt>
      <trkpt lat="36.8599443" lon="138.1821493">
        <ele>682.2983055454984</ele>
      </trkpt>
      <trkpt lat="36.8599221" lon="138.1821555">
        <ele>682.3349471135731</ele>
      </trkpt>
      <trkpt lat="36.8599003" lon="138.1821615">
        <ele>682.3771818096162</ele>
      </trkpt>
      <trkpt lat="36.8598786" lon="138.1821676">
        <ele>682.4238567509148</ele>
      </trkpt>
      <trkpt lat="36.8598571" lon="138.1821735">
        <ele>682.4764688289584</ele>
      </trkpt>
      <trkpt lat="36.8598357" lon="138.1821795">
        <ele>682.4919539552293</ele>
      </trkpt>
      <trkpt lat="36.8598142" lon="138.1821852">
        <ele>682.458882417903</ele>
      </trkpt>
      <trkpt lat="36.859793" lon="138.182191">
        <ele>682.4258048709701</ele>
      </trkpt>
      <trkpt lat="36.859772" lon="138.1821964">
        <ele>682.3955545595837</ele>
      </trkpt>
      <trkpt lat="36.859751" lon="138.1822019">
        <ele>682.3652696130198</ele>
      </trkpt>
      <trkpt lat="36.8597303" lon="138.1822082">
        <ele>682.331057729323</ele>
      </trkpt>
      <trkpt lat="36.8597098" lon="138.1822144">
        <ele>682.2979882930063</ele>
      </trkpt>
      <trkpt lat="36.8596894" lon="138.1822209">
        <ele>682.3236647160641</ele>
      </trkpt>
      <trkpt lat="36.8596689" lon="138.1822273">
        <ele>682.3628571557022</ele>
      </trkpt>
      <trkpt lat="36.859649" lon="138.1822323">
        <ele>682.4120453315479</ele>
      </trkpt>
      <trkpt lat="36.8596291" lon="138.1822373">
        <ele>682.4661789972242</ele>
      </trkpt>
      <trkpt lat="36.8596102" lon="138.1822412">
        <ele>682.5247860553934</ele>
      </trkpt>
      <trkpt lat="36.8595914" lon="138.1822452">
        <ele>682.5864023536077</ele>
      </trkpt>
      <trkpt lat="36.8595737" lon="138.1822491">
        <ele>682.6475381334151</ele>
      </trkpt>
      <trkpt lat="36.859556" lon="138.182253">
        <ele>682.6464187384713</ele>
      </trkpt>
      <trkpt lat="36.8595379" lon="138.1822568">
        <ele>682.6300494577584</ele>
      </trkpt>
      <trkpt lat="36.8595198" lon="138.1822606">
        <ele>682.6033085439907</ele>
      </trkpt>
      <trkpt lat="36.8595008" lon="138.1822645">
        <ele>682.5715489655908</ele>
      </trkpt>
      <trkpt lat="36.8594819" lon="138.1822685">
        <ele>682.5455499020335</ele>
      </trkpt>
      <trkpt lat="36.8594614" lon="138.1822718">
        <ele>682.5294711249222</ele>
      </trkpt>
      <trkpt lat="36.8594409" lon="138.1822752">
        <ele>682.5187743574946</ele>
      </trkpt>
      <trkpt lat="36.859419" lon="138.1822787">
        <ele>682.4641213784529</ele>
      </trkpt>
      <trkpt lat="36.8593973" lon="138.1822823">
        <ele>682.384648668754</ele>
      </trkpt>
      <trkpt lat="36.8593748" lon="138.1822873">
        <ele>682.3003168329642</ele>
      </trkpt>
      <trkpt lat="36.8593523" lon="138.1822923">
        <ele>682.2182962267158</ele>
      </trkpt>
      <trkpt lat="36.859329" lon="138.1822981">
        <ele>682.134308659281</ele>
      </trkpt>
      <trkpt lat="36.8593059" lon="138.1823039">
        <ele>682.0536755817823</ele>
      </trkpt>
      <trkpt lat="36.859284" lon="138.1823102">
        <ele>681.9601030246711</ele>
      </trkpt>
      <trkpt lat="36.859262" lon="138.1823166">
        <ele>681.859859430605</ele>
      </trkpt>
      <trkpt lat="36.8592403" lon="138.1823218">
        <ele>681.7720599064814</ele>
      </trkpt>
      <trkpt lat="36.8592187" lon="138.1823269">
        <ele>681.6937886790074</ele>
      </trkpt>
      <trkpt lat="36.8591965" lon="138.1823311">
        <ele>681.6206605646121</ele>
      </trkpt>
      <trkpt lat="36.8591743" lon="138.1823352">
        <ele>681.5549002323462</ele>
      </trkpt>
      <trkpt lat="36.8591519" lon="138.1823387">
        <ele>681.4761163888206</ele>
      </trkpt>
      <trkpt lat="36.8591295" lon="138.1823422">
        <ele>681.3601247104774</ele>
      </trkpt>
      <trkpt lat="36.859107" lon="138.1823468">
        <ele>681.2541324308628</ele>
      </trkpt>
      <trkpt lat="36.8590845" lon="138.1823513">
        <ele>681.153964804167</ele>
      </trkpt>
      <trkpt lat="36.8590618" lon="138.1823589">
        <ele>681.0794275764744</ele>
      </trkpt>
      <trkpt lat="36.8590392" lon="138.1823664">
        <ele>681.0153532330985</ele>
      </trkpt>
      <trkpt lat="36.8590155" lon="138.1823754">
        <ele>680.9438367279257</ele>
      </trkpt>
      <trkpt lat="36.8589919" lon="138.1823844">
        <ele>680.7885077899809</ele>
      </trkpt>
      <trkpt lat="36.8589673" lon="138.1823947">
        <ele>680.6154436007153</ele>
      </trkpt>
      <trkpt lat="36.8589427" lon="138.182405">
        <ele>680.4238246437408</ele>
      </trkpt>
      <trkpt lat="36.8589188" lon="138.1824158">
        <ele>680.2231440315925</ele>
      </trkpt>
      <trkpt lat="36.8588949" lon="138.1824267">
        <ele>680.0038846053884</ele>
      </trkpt>
      <trkpt lat="36.8588746" lon="138.1824364">
        <ele>679.7545228363722</ele>
      </trkpt>
      <trkpt lat="36.8588543" lon="138.1824461">
        <ele>679.4555298657948</ele>
      </trkpt>
      <trkpt lat="36.8588386" lon="138.1824518">
        <ele>679.2264855874753</ele>
      </trkpt>
      <trkpt lat="36.8588229" lon="138.1824575">
        <ele>678.9993687916535</ele>
      </trkpt>
      <trkpt lat="36.8588104" lon="138.1824582">
        <ele>678.8172396649105</ele>
      </trkpt>
      <trkpt lat="36.858798" lon="138.1824589">
        <ele>678.6367584631455</ele>
      </trkpt>
      <trkpt lat="36.8587851" lon="138.182459">
        <ele>678.4485881100777</ele>
      </trkpt>
      <trkpt lat="36.8587723" lon="138.1824591">
        <ele>678.2619047945741</ele>
      </trkpt>
      <trkpt lat="36.8587563" lon="138.1824617">
        <ele>678.0317607613417</ele>
      </trkpt>
      <trkpt lat="36.8587404" lon="138.1824643">
        <ele>677.8569433710098</ele>
      </trkpt>
      <trkpt lat="36.8587212" lon="138.182471">
        <ele>677.7469024014295</ele>
      </trkpt>
      <trkpt lat="36.858702" lon="138.1824776">
        <ele>677.6215166158692</ele>
      </trkpt>
      <trkpt lat="36.8586801" lon="138.1824884">
        <ele>677.4513888764236</ele>
      </trkpt>
      <trkpt lat="36.8586583" lon="138.1824992">
        <ele>677.2535908745007</ele>
      </trkpt>
      <trkpt lat="36.8586352" lon="138.1825131">
        <ele>677.0000816347682</ele>
      </trkpt>
      <trkpt lat="36.8586122" lon="138.182527">
        <ele>676.7088971802502</ele>
      </trkpt>
      <trkpt lat="36.8585906" lon="138.1825424">
        <ele>676.5877787071406</ele>
      </trkpt>
      <trkpt lat="36.858569" lon="138.1825578">
        <ele>676.4543373483366</ele>
      </trkpt>
      <trkpt lat="36.8585501" lon="138.1825733">
        <ele>676.2753972269986</ele>
      </trkpt>
      <trkpt lat="36.8585312" lon="138.1825889">
        <ele>676.0526885115468</ele>
      </trkpt>
      <trkpt lat="36.8585136" lon="138.1826051">
        <ele>675.8082648588814</ele>
      </trkpt>
      <trkpt lat="36.858496" lon="138.1826213">
        <ele>675.637687849471</ele>
      </trkpt>
      <trkpt lat="36.85848" lon="138.1826405">
        <ele>675.4360450783053</ele>
      </trkpt>
      <trkpt lat="36.858464" lon="138.1826596">
        <ele>675.314846631487</ele>
      </trkpt>
      <trkpt lat="36.8584491" lon="138.1826814">
        <ele>675.2478333297124</ele>
      </trkpt>
      <trkpt lat="36.8584343" lon="138.1827032">
        <ele>675.1549457951979</ele>
      </trkpt>
      <trkpt lat="36.8584198" lon="138.1827255">
        <ele>675.0307722512794</ele>
      </trkpt>
      <trkpt lat="36.8584053" lon="138.1827479">
        <ele>674.8804289621885</ele>
      </trkpt>
      <trkpt lat="36.8583918" lon="138.1827707">
        <ele>674.6974195426471</ele>
      </trkpt>
      <trkpt lat="36.8583784" lon="138.1827936">
        <ele>674.550286065072</ele>
      </trkpt>
      <trkpt lat="36.858367" lon="138.1828179">
        <ele>674.3758660037772</ele>
      </trkpt>
      <trkpt lat="36.8583556" lon="138.1828423">
        <ele>674.1814845864297</ele>
      </trkpt>
      <trkpt lat="36.858346" lon="138.1828674">
        <ele>673.9618655634567</ele>
      </trkpt>
      <trkpt lat="36.8583365" lon="138.1828928">
        <ele>673.7229380252704</ele>
      </trkpt>
      <trkpt lat="36.8583286" lon="138.1829179">
        <ele>673.5731256303857</ele>
      </trkpt>
      <trkpt lat="36.8583208" lon="138.1829431">
        <ele>673.4541782380961</ele>
      </trkpt>
      <trkpt lat="36.8583136" lon="138.1829682">
        <ele>673.396946484777</ele>
      </trkpt>
      <trkpt lat="36.8583067" lon="138.1829933">
        <ele>673.3442378907466</ele>
      </trkpt>
      <trkpt lat="36.8582974" lon="138.1830153">
        <ele>673.3515373812231</ele>
      </trkpt>
      <trkpt lat="36.8582881" lon="138.1830375">
        <ele>673.3605765053239</ele>
      </trkpt>
      <trkpt lat="36.8582767" lon="138.1830483">
        <ele>673.476430500511</ele>
      </trkpt>
      <trkpt lat="36.8582652" lon="138.1830592">
        <ele>673.5950876024743</ele>
      </trkpt>
      <trkpt lat="36.8582548" lon="138.1830586">
        <ele>673.7664387942573</ele>
      </trkpt>
      <trkpt lat="36.8582443" lon="138.183058">
        <ele>673.9393112559873</ele>
      </trkpt>
      <trkpt lat="36.8582352" lon="138.1830523">
        <ele>674.1192638511748</ele>
      </trkpt>
      <trkpt lat="36.8582262" lon="138.1830466">
        <ele>674.2968562352212</ele>
      </trkpt>
      <trkpt lat="36.8582166" lon="138.1830397">
        <ele>674.4901338752511</ele>
      </trkpt>
      <trkpt lat="36.858207" lon="138.1830329">
        <ele>674.6818832188512</ele>
      </trkpt>
      <trkpt lat="36.8581973" lon="138.183028">
        <ele>674.863716015567</ele>
      </trkpt>
      <trkpt lat="36.8581876" lon="138.1830231">
        <ele>675.0132404918288</ele>
      </trkpt>
      <trkpt lat="36.8581805" lon="138.1830224">
        <ele>675.1062127737384</ele>
      </trkpt>
      <trkpt lat="36.8581735" lon="138.1830218">
        <ele>675.197593308576</ele>
      </trkpt>
      <trkpt lat="36.8581709" lon="138.1830227">
        <ele>675.2245218665315</ele>
      </trkpt>
      <trkpt lat="36.8581683" lon="138.1830236">
        <ele>675.2513162859997</ele>
      </trkpt>
      <trkpt lat="36.8581658" lon="138.1830244">
        <ele>675.2773751384492</ele>
      </trkpt>
      <trkpt lat="36.8581584" lon="138.1830249">
        <ele>675.3662752336086</ele>
      </trkpt>
      <trkpt lat="36.8581511" lon="138.1830254">
        <ele>675.4537197461614</ele>
      </trkpt>
      <trkpt lat="36.8581423" lon="138.1830232">
        <ele>675.578809161222</ele>
      </trkpt>
      <trkpt lat="36.8581336" lon="138.183021">
        <ele>675.7037522641431</ele>
      </trkpt>
      <trkpt lat="36.8581244" lon="138.1830167">
        <ele>675.8521335065136</ele>
      </trkpt>
      <trkpt lat="36.8581152" lon="138.1830125">
        <ele>676.0019928048101</ele>
      </trkpt>
      <trkpt lat="36.8581067" lon="138.1830071">
        <ele>676.154787888481</ele>
      </trkpt>
      <trkpt lat="36.8580982" lon="138.1830017">
        <ele>676.3102141164535</ele>
      </trkpt>
      <trkpt lat="36.8580898" lon="138.1829957">
        <ele>676.4721193473697</ele>
      </trkpt>
      <trkpt lat="36.8580815" lon="138.18299">
        <ele>676.6329091437765</ele>
      </trkpt>
      <trkpt lat="36.8580721" lon="138.1829849">
        <ele>676.8059057949031</ele>
      </trkpt>
      <trkpt lat="36.8580627" lon="138.1829799">
        <ele>676.9807103963685</ele>
      </trkpt>
      <trkpt lat="36.8580517" lon="138.1829762">
        <ele>677.1153897618003</ele>
      </trkpt>
      <trkpt lat="36.8580408" lon="138.1829726">
        <ele>677.2323271590493</ele>
      </trkpt>
      <trkpt lat="36.8580282" lon="138.1829691">
        <ele>677.3655631107132</ele>
      </trkpt>
      <trkpt lat="36.8580157" lon="138.1829656">
        <ele>677.5029832307936</ele>
      </trkpt>
      <trkpt lat="36.8580028" lon="138.1829591">
        <ele>677.6866195197791</ele>
      </trkpt>
      <trkpt lat="36.8579899" lon="138.1829526">
        <ele>677.8797022543642</ele>
      </trkpt>
      <trkpt lat="36.8579774" lon="138.1829432">
        <ele>678.1063917459262</ele>
      </trkpt>
      <trkpt lat="36.8579649" lon="138.1829338">
        <ele>678.2859806569741</ele>
      </trkpt>
      <trkpt lat="36.857952" lon="138.1829219">
        <ele>678.4777882999123</ele>
      </trkpt>
      <trkpt lat="36.8579391" lon="138.18291">
        <ele>678.6590158928891</ele>
      </trkpt>
      <trkpt lat="36.8579266" lon="138.1828973">
        <ele>678.8314613877894</ele>
      </trkpt>
      <trkpt lat="36.8579141" lon="138.1828846">
        <ele>678.8848205080114</ele>
      </trkpt>
      <trkpt lat="36.857903" lon="138.1828723">
        <ele>678.8866386526774</ele>
      </trkpt>
      <trkpt lat="36.8578919" lon="138.1828601">
        <ele>678.888773531398</ele>
      </trkpt>
      <trkpt lat="36.8578813" lon="138.1828485">
        <ele>678.8913515039128</ele>
      </trkpt>
      <trkpt lat="36.857871" lon="138.1828369">
        <ele>678.8965904597977</ele>
      </trkpt>
      <trkpt lat="36.8578597" lon="138.1828267">
        <ele>678.8881237124704</ele>
      </trkpt>
      <trkpt lat="36.8578484" lon="138.1828168">
        <ele>678.8786133812227</ele>
      </trkpt>
      <trkpt lat="36.8578375" lon="138.1828085">
        <ele>678.8625687849361</ele>
      </trkpt>
      <trkpt lat="36.8578266" lon="138.1828002">
        <ele>678.8471237414385</ele>
      </trkpt>
      <trkpt lat="36.8578154" lon="138.1827949">
        <ele>678.8120746192681</ele>
      </trkpt>
      <trkpt lat="36.8578041" lon="138.1827896">
        <ele>678.776819185386</ele>
      </trkpt>
      <trkpt lat="36.8577915" lon="138.1827863">
        <ele>678.7217608378655</ele>
      </trkpt>
      <trkpt lat="36.8577789" lon="138.182783">
        <ele>678.6337679275777</ele>
      </trkpt>
      <trkpt lat="36.8577666" lon="138.1827807">
        <ele>678.5076526221793</ele>
      </trkpt>
      <trkpt lat="36.8577543" lon="138.1827785">
        <ele>678.3818093327607</ele>
      </trkpt>
      <trkpt lat="36.8577438" lon="138.1827762">
        <ele>678.2780199800492</ele>
      </trkpt>
      <trkpt lat="36.8577334" lon="138.1827739">
        <ele>678.1761712815804</ele>
      </trkpt>
      <trkpt lat="36.8577236" lon="138.1827711">
        <ele>678.1040950384361</ele>
      </trkpt>
      <trkpt lat="36.8577139" lon="138.1827683">
        <ele>678.0356997315188</ele>
      </trkpt>
      <trkpt lat="36.8577042" lon="138.1827639">
        <ele>677.9911657236089</ele>
      </trkpt>
      <trkpt lat="36.8576945" lon="138.1827596">
        <ele>677.9454603614345</ele>
      </trkpt>
      <trkpt lat="36.8576836" lon="138.1827525">
        <ele>677.9281771726035</ele>
      </trkpt>
      <trkpt lat="36.8576727" lon="138.1827453">
        <ele>677.912948585732</ele>
      </trkpt>
      <trkpt lat="36.8576592" lon="138.1827348">
        <ele>677.9185456473293</ele>
      </trkpt>
      <trkpt lat="36.8576458" lon="138.1827242">
        <ele>677.9080026600668</ele>
      </trkpt>
      <trkpt lat="36.8576299" lon="138.1827111">
        <ele>677.7505669504999</ele>
      </trkpt>
      <trkpt lat="36.857614" lon="138.1826979">
        <ele>677.5935873094679</ele>
      </trkpt>
      <trkpt lat="36.8575971" lon="138.1826819">
        <ele>677.4548831698778</ele>
      </trkpt>
      <trkpt lat="36.8575802" lon="138.1826658">
        <ele>677.3163180085561</ele>
      </trkpt>
      <trkpt lat="36.8575627" lon="138.1826467">
        <ele>677.2073120763865</ele>
      </trkpt>
      <trkpt lat="36.8575455" lon="138.1826276">
        <ele>677.1033831051515</ele>
      </trkpt>
      <trkpt lat="36.8575292" lon="138.1826065">
        <ele>677.0474820433633</ele>
      </trkpt>
      <trkpt lat="36.857513" lon="138.1825854">
        <ele>676.930280498956</ele>
      </trkpt>
      <trkpt lat="36.857499" lon="138.1825614">
        <ele>676.9632576332592</ele>
      </trkpt>
      <trkpt lat="36.8574851" lon="138.1825375">
        <ele>677.003348790154</ele>
      </trkpt>
      <trkpt lat="36.8574729" lon="138.182509">
        <ele>677.0968300804548</ele>
      </trkpt>
      <trkpt lat="36.8574608" lon="138.1824805">
        <ele>677.1725204698516</ele>
      </trkpt>
      <trkpt lat="36.8574502" lon="138.1824504">
        <ele>677.2699307324414</ele>
      </trkpt>
      <trkpt lat="36.8574396" lon="138.1824203">
        <ele>677.4284321033676</ele>
      </trkpt>
      <trkpt lat="36.8574311" lon="138.182392">
        <ele>677.7284764356625</ele>
      </trkpt>
      <trkpt lat="36.8574227" lon="138.1823639">
        <ele>677.9980319068275</ele>
      </trkpt>
      <trkpt lat="36.857416" lon="138.1823399">
        <ele>678.2165517973442</ele>
      </trkpt>
      <trkpt lat="36.8574093" lon="138.1823159">
        <ele>678.4153045590867</ele>
      </trkpt>
      <trkpt lat="36.857406" lon="138.1822987">
        <ele>678.5850607031994</ele>
      </trkpt>
      <trkpt lat="36.8574027" lon="138.1822814">
        <ele>678.7492901012723</ele>
      </trkpt>
      <trkpt lat="36.857401" lon="138.1822713">
        <ele>678.8482632999277</ele>
      </trkpt>
      <trkpt lat="36.8573994" lon="138.1822611">
        <ele>678.9494155811776</ele>
      </trkpt>
      <trkpt lat="36.8573977" lon="138.1822517">
        <ele>679.0482809121793</ele>
      </trkpt>
      <trkpt lat="36.857396" lon="138.1822423">
        <ele>679.1521169147873</ele>
      </trkpt>
      <trkpt lat="36.8573937" lon="138.1822318">
        <ele>679.2568778887032</ele>
      </trkpt>
      <trkpt lat="36.8573914" lon="138.1822213">
        <ele>679.3619429423077</ele>
      </trkpt>
      <trkpt lat="36.8573882" lon="138.1822088">
        <ele>679.4742807224961</ele>
      </trkpt>
      <trkpt lat="36.8573852" lon="138.1821962">
        <ele>679.5944248743224</ele>
      </trkpt>
      <trkpt lat="36.8573809" lon="138.1821823">
        <ele>679.6995140228173</ele>
      </trkpt>
      <trkpt lat="36.8573768" lon="138.1821684">
        <ele>679.8109926975785</ele>
      </trkpt>
      <trkpt lat="36.857372" lon="138.1821548">
        <ele>679.9157707924589</ele>
      </trkpt>
      <trkpt lat="36.8573672" lon="138.1821413">
        <ele>680.0944539270943</ele>
      </trkpt>
      <trkpt lat="36.8573546" lon="138.1821159">
        <ele>680.3936612987126</ele>
      </trkpt>
      <trkpt lat="36.8573499" lon="138.1821074">
        <ele>680.4875441506432</ele>
      </trkpt>
      <trkpt lat="36.8573452" lon="138.182099">
        <ele>680.578830202198</ele>
      </trkpt>
      <trkpt lat="36.8573413" lon="138.1820918">
        <ele>680.6575080294572</ele>
      </trkpt>
      <trkpt lat="36.8573374" lon="138.1820846">
        <ele>680.7109664487413</ele>
      </trkpt>
      <trkpt lat="36.8573335" lon="138.182076">
        <ele>680.7196075188521</ele>
      </trkpt>
      <trkpt lat="36.8573299" lon="138.1820674">
        <ele>680.7289785812779</ele>
      </trkpt>
      <trkpt lat="36.8573254" lon="138.1820574">
        <ele>680.7338758043187</ele>
      </trkpt>
      <trkpt lat="36.8573209" lon="138.1820473">
        <ele>680.7361480033981</ele>
      </trkpt>
      <trkpt lat="36.8573156" lon="138.1820372">
        <ele>680.7262956602008</ele>
      </trkpt>
      <trkpt lat="36.8573103" lon="138.182027">
        <ele>680.713190875839</ele>
      </trkpt>
      <trkpt lat="36.8573049" lon="138.1820169">
        <ele>680.6947136939667</ele>
      </trkpt>
      <trkpt lat="36.8572995" lon="138.1820068">
        <ele>680.6724595366404</ele>
      </trkpt>
      <trkpt lat="36.8572927" lon="138.1819993">
        <ele>680.6185203923466</ele>
      </trkpt>
      <trkpt lat="36.857286" lon="138.1819919">
        <ele>680.5619583094917</ele>
      </trkpt>
      <trkpt lat="36.8572775" lon="138.181987">
        <ele>680.4699543160519</ele>
      </trkpt>
      <trkpt lat="36.857269" lon="138.1819822">
        <ele>680.374754422225</ele>
      </trkpt>
      <trkpt lat="36.8572599" lon="138.1819798">
        <ele>680.2620320754053</ele>
      </trkpt>
      <trkpt lat="36.8572508" lon="138.1819774">
        <ele>680.1477972897245</ele>
      </trkpt>
      <trkpt lat="36.8572408" lon="138.1819768">
        <ele>680.0161615861257</ele>
      </trkpt>
      <trkpt lat="36.8572308" lon="138.1819762">
        <ele>679.8780275895353</ele>
      </trkpt>
      <trkpt lat="36.8572259" lon="138.1819762">
        <ele>679.8063936653655</ele>
      </trkpt>
      <trkpt lat="36.857221" lon="138.1819762">
        <ele>679.7347597456371</ele>
      </trkpt>
      <trkpt lat="36.8572161" lon="138.1819762">
        <ele>679.6631258308175</ele>
      </trkpt>
      <trkpt lat="36.8572113" lon="138.1819763">
        <ele>679.5926393110517</ele>
      </trkpt>
      <trkpt lat="36.857205" lon="138.1819751">
        <ele>679.5046527282351</ele>
      </trkpt>
      <trkpt lat="36.8571988" lon="138.1819739">
        <ele>679.4188582645954</ele>
      </trkpt>
      <trkpt lat="36.8571922" lon="138.1819705">
        <ele>679.3369947042635</ele>
      </trkpt>
      <trkpt lat="36.8571856" lon="138.1819672">
        <ele>679.2568914801166</ele>
      </trkpt>
      <trkpt lat="36.857176" lon="138.1819636">
        <ele>679.1383393941417</ele>
      </trkpt>
      <trkpt lat="36.8571666" lon="138.1819601">
        <ele>679.025408134263</ele>
      </trkpt>
      <trkpt lat="36.8571538" lon="138.1819568">
        <ele>678.8680735258422</ele>
      </trkpt>
      <trkpt lat="36.857141" lon="138.1819535">
        <ele>678.7148817861174</ele>
      </trkpt>
      <trkpt lat="36.8571245" lon="138.1819508">
        <ele>678.512018519151</ele>
      </trkpt>
      <trkpt lat="36.8571081" lon="138.1819482">
        <ele>678.3140282010886</ele>
      </trkpt>
      <trkpt lat="36.857089" lon="138.181947">
        <ele>678.1125538481234</ele>
      </trkpt>
      <trkpt lat="36.8570699" lon="138.1819458">
        <ele>677.9568429167964</ele>
      </trkpt>
      <trkpt lat="36.8570502" lon="138.1819457">
        <ele>677.7860900608773</ele>
      </trkpt>
      <trkpt lat="36.8570306" lon="138.1819456">
        <ele>677.6163652610239</ele>
      </trkpt>
      <trkpt lat="36.857013" lon="138.1819435">
        <ele>677.488374390254</ele>
      </trkpt>
      <trkpt lat="36.8569954" lon="138.1819415">
        <ele>677.3620447968044</ele>
      </trkpt>
      <trkpt lat="36.8569806" lon="138.1819343">
        <ele>677.3317454366431</ele>
      </trkpt>
      <trkpt lat="36.8569658" lon="138.1819272">
        <ele>677.3085244471606</ele>
      </trkpt>
      <trkpt lat="36.8569522" lon="138.1819169">
        <ele>677.3787308849559</ele>
      </trkpt>
      <trkpt lat="36.8569386" lon="138.1819067">
        <ele>677.5787381106195</ele>
      </trkpt>
      <trkpt lat="36.8569237" lon="138.181896">
        <ele>677.7953944072416</ele>
      </trkpt>
      <trkpt lat="36.856909" lon="138.1818854">
        <ele>677.9969670342293</ele>
      </trkpt>
      <trkpt lat="36.8568934" lon="138.181874">
        <ele>678.2001755796637</ele>
      </trkpt>
      <trkpt lat="36.8568778" lon="138.1818629">
        <ele>678.3808764686046</ele>
      </trkpt>
      <trkpt lat="36.8568633" lon="138.1818496">
        <ele>678.6069824982774</ele>
      </trkpt>
      <trkpt lat="36.8568488" lon="138.1818366">
        <ele>678.809673119531</ele>
      </trkpt>
      <trkpt lat="36.8568354" lon="138.1818222">
        <ele>679.0369779787028</ele>
      </trkpt>
      <trkpt lat="36.856822" lon="138.1818078">
        <ele>679.2419586590704</ele>
      </trkpt>
      <trkpt lat="36.8568096" lon="138.1817926">
        <ele>679.4205296284135</ele>
      </trkpt>
      <trkpt lat="36.8567972" lon="138.1817773">
        <ele>679.597865045088</ele>
      </trkpt>
      <trkpt lat="36.8567864" lon="138.1817619">
        <ele>679.7949145741568</ele>
      </trkpt>
      <trkpt lat="36.8567756" lon="138.1817465">
        <ele>679.988933112813</ele>
      </trkpt>
      <trkpt lat="36.8567667" lon="138.1817304">
        <ele>680.0865653047681</ele>
      </trkpt>
      <trkpt lat="36.8567579" lon="138.1817145">
        <ele>680.1565649232531</ele>
      </trkpt>
      <trkpt lat="36.8567489" lon="138.1816994">
        <ele>680.2176017828801</ele>
      </trkpt>
      <trkpt lat="36.8567399" lon="138.1816844">
        <ele>680.2803787734945</ele>
      </trkpt>
      <trkpt lat="36.8567294" lon="138.1816696">
        <ele>680.3249440890984</ele>
      </trkpt>
      <trkpt lat="36.8567189" lon="138.1816549">
        <ele>680.3716469038326</ele>
      </trkpt>
      <trkpt lat="36.8567068" lon="138.1816395">
        <ele>680.4107631920022</ele>
      </trkpt>
      <trkpt lat="36.8566948" lon="138.1816241">
        <ele>680.4550921987206</ele>
      </trkpt>
      <trkpt lat="36.8566823" lon="138.1816078">
        <ele>680.4933412837411</ele>
      </trkpt>
      <trkpt lat="36.8566698" lon="138.1815915">
        <ele>680.5229039244163</ele>
      </trkpt>
      <trkpt lat="36.8566568" lon="138.1815752">
        <ele>680.5839332669724</ele>
      </trkpt>
      <trkpt lat="36.8566438" lon="138.181559">
        <ele>680.5891138786492</ele>
      </trkpt>
      <trkpt lat="36.8566299" lon="138.1815443">
        <ele>680.5536344415193</ele>
      </trkpt>
      <trkpt lat="36.856616" lon="138.1815296">
        <ele>680.5222172502404</ele>
      </trkpt>
      <trkpt lat="36.8566029" lon="138.1815166">
        <ele>680.4881580909557</ele>
      </trkpt>
      <trkpt lat="36.8565899" lon="138.1815037">
        <ele>680.4576985579279</ele>
      </trkpt>
      <trkpt lat="36.8565782" lon="138.1814896">
        <ele>680.4575647251913</ele>
      </trkpt>
      <trkpt lat="36.8565665" lon="138.1814757">
        <ele>680.4587251805922</ele>
      </trkpt>
      <trkpt lat="36.8565562" lon="138.1814631">
        <ele>680.4660660440856</ele>
      </trkpt>
      <trkpt lat="36.8565459" lon="138.1814504">
        <ele>680.4351935412066</ele>
      </trkpt>
      <trkpt lat="36.856538" lon="138.1814411">
        <ele>680.3295481857391</ele>
      </trkpt>
      <trkpt lat="36.8565301" lon="138.1814318">
        <ele>680.230986906981</ele>
      </trkpt>
      <trkpt lat="36.8565221" lon="138.1814238">
        <ele>680.122250476766</ele>
      </trkpt>
      <trkpt lat="36.8565142" lon="138.1814158">
        <ele>680.0221060015018</ele>
      </trkpt>
      <trkpt lat="36.8565052" lon="138.181406">
        <ele>679.9238158529785</ele>
      </trkpt>
      <trkpt lat="36.8564963" lon="138.1813963">
        <ele>679.8240650224302</ele>
      </trkpt>
      <trkpt lat="36.8564877" lon="138.1813859">
        <ele>679.7282113137373</ele>
      </trkpt>
      <trkpt lat="36.8564791" lon="138.1813756">
        <ele>679.6359781121591</ele>
      </trkpt>
      <trkpt lat="36.8564712" lon="138.1813653">
        <ele>679.5641394886399</ele>
      </trkpt>
      <trkpt lat="36.8564634" lon="138.1813551">
        <ele>679.4976891508006</ele>
      </trkpt>
      <trkpt lat="36.8564558" lon="138.181345">
        <ele>679.4386890583843</ele>
      </trkpt>
      <trkpt lat="36.8564482" lon="138.1813349">
        <ele>679.383682109489</ele>
      </trkpt>
      <trkpt lat="36.8564407" lon="138.1813247">
        <ele>679.335950329996</ele>
      </trkpt>
      <trkpt lat="36.8564333" lon="138.1813146">
        <ele>679.2931698546363</ele>
      </trkpt>
      <trkpt lat="36.8564271" lon="138.181306">
        <ele>679.2619294793615</ele>
      </trkpt>
      <trkpt lat="36.8564209" lon="138.1812974">
        <ele>679.2334628706099</ele>
      </trkpt>
      <trkpt lat="36.8564157" lon="138.18129">
        <ele>679.2139662997974</ele>
      </trkpt>
      <trkpt lat="36.8564105" lon="138.1812827">
        <ele>679.1732980697279</ele>
      </trkpt>
      <trkpt lat="36.856406" lon="138.1812753">
        <ele>679.0627385356447</ele>
      </trkpt>
      <trkpt lat="36.8564014" lon="138.181268">
        <ele>678.9461759055872</ele>
      </trkpt>
      <trkpt lat="36.8563964" lon="138.1812591">
        <ele>678.8306596523192</ele>
      </trkpt>
      <trkpt lat="36.8563914" lon="138.1812502">
        <ele>678.7146715805018</ele>
      </trkpt>
      <trkpt lat="36.8563852" lon="138.1812392">
        <ele>678.5697611181381</ele>
      </trkpt>
      <trkpt lat="36.8563789" lon="138.1812282">
        <ele>678.4173536157955</ele>
      </trkpt>
      <trkpt lat="36.8563737" lon="138.1812158">
        <ele>678.2658019908296</ele>
      </trkpt>
      <trkpt lat="36.8563684" lon="138.1812033">
        <ele>678.1072849918046</ele>
      </trkpt>
      <trkpt lat="36.8563651" lon="138.1811913">
        <ele>678.0336122916622</ele>
      </trkpt>
      <trkpt lat="36.8563618" lon="138.1811792">
        <ele>677.9586736113401</ele>
      </trkpt>
      <trkpt lat="36.8563603" lon="138.1811663">
        <ele>677.9698523366752</ele>
      </trkpt>
      <trkpt lat="36.8563588" lon="138.1811535">
        <ele>677.9794915013736</ele>
      </trkpt>
      <trkpt lat="36.856358" lon="138.1811386">
        <ele>678.033860297525</ele>
      </trkpt>
      <trkpt lat="36.8563572" lon="138.1811237">
        <ele>678.0876603503959</ele>
      </trkpt>
      <trkpt lat="36.8563567" lon="138.1811069">
        <ele>678.1667674877316</ele>
      </trkpt>
      <trkpt lat="36.8563562" lon="138.1810902">
        <ele>678.2448637279936</ele>
      </trkpt>
      <trkpt lat="36.8563558" lon="138.181073">
        <ele>678.3304452528296</ele>
      </trkpt>
      <trkpt lat="36.8563555" lon="138.1810558">
        <ele>678.4108404435144</ele>
      </trkpt>
      <trkpt lat="36.8563553" lon="138.1810373">
        <ele>678.3604535893151</ele>
      </trkpt>
      <trkpt lat="36.8563551" lon="138.1810189">
        <ele>678.3102129970086</ele>
      </trkpt>
      <trkpt lat="36.8563542" lon="138.1809987">
        <ele>678.2213919156626</ele>
      </trkpt>
      <trkpt lat="36.8563534" lon="138.1809785">
        <ele>678.1371647707825</ele>
      </trkpt>
      <trkpt lat="36.8563528" lon="138.180958">
        <ele>678.0619009277245</ele>
      </trkpt>
      <trkpt lat="36.8563522" lon="138.1809375">
        <ele>677.9863925550798</ele>
      </trkpt>
      <trkpt lat="36.8563541" lon="138.180917">
        <ele>678.0360521041101</ele>
      </trkpt>
      <trkpt lat="36.856356" lon="138.1808966">
        <ele>678.0867049291104</ele>
      </trkpt>
      <trkpt lat="36.8563596" lon="138.1808772">
        <ele>678.2052302173729</ele>
      </trkpt>
      <trkpt lat="36.8563633" lon="138.1808578">
        <ele>678.2969546930253</ele>
      </trkpt>
      <trkpt lat="36.8563661" lon="138.1808382">
        <ele>678.3392547272288</ele>
      </trkpt>
      <trkpt lat="36.8563692" lon="138.1808187">
        <ele>678.3933531253439</ele>
      </trkpt>
      <trkpt lat="36.8563724" lon="138.1807987">
        <ele>678.4460970750171</ele>
      </trkpt>
      <trkpt lat="36.8563757" lon="138.1807787">
        <ele>678.4997769898707</ele>
      </trkpt>
      <trkpt lat="36.8563815" lon="138.1807592">
        <ele>678.6690520274555</ele>
      </trkpt>
      <trkpt lat="36.8563874" lon="138.1807397">
        <ele>678.8362352474543</ele>
      </trkpt>
      <trkpt lat="36.8563946" lon="138.180722">
        <ele>679.0662606593907</ele>
      </trkpt>
      <trkpt lat="36.8564018" lon="138.1807043">
        <ele>679.2591021035583</ele>
      </trkpt>
      <trkpt lat="36.8564093" lon="138.180684">
        <ele>679.3928124464003</ele>
      </trkpt>
      <trkpt lat="36.8564169" lon="138.1806637">
        <ele>679.4929038832629</ele>
      </trkpt>
      <trkpt lat="36.8564251" lon="138.1806435">
        <ele>679.6110108142593</ele>
      </trkpt>
      <trkpt lat="36.8564335" lon="138.1806234">
        <ele>679.7393828433516</ele>
      </trkpt>
      <trkpt lat="36.8564425" lon="138.1806068">
        <ele>679.9275207689171</ele>
      </trkpt>
      <trkpt lat="36.8564515" lon="138.1805902">
        <ele>680.1169458068211</ele>
      </trkpt>
      <trkpt lat="36.8564622" lon="138.1805779">
        <ele>680.4169858289995</ele>
      </trkpt>
      <trkpt lat="36.8564732" lon="138.1805657">
        <ele>680.7309761787216</ele>
      </trkpt>
      <trkpt lat="36.8564847" lon="138.180554">
        <ele>681.0707487112683</ele>
      </trkpt>
      <trkpt lat="36.8564964" lon="138.1805424">
        <ele>681.420561231819</ele>
      </trkpt>
      <trkpt lat="36.8565086" lon="138.18053">
        <ele>681.8393784570629</ele>
      </trkpt>
      <trkpt lat="36.8565208" lon="138.1805177">
        <ele>682.2213815888556</ele>
      </trkpt>
      <trkpt lat="36.8565339" lon="138.180504">
        <ele>682.5832252481337</ele>
      </trkpt>
      <trkpt lat="36.856547" lon="138.1804904">
        <ele>682.8985628403897</ele>
      </trkpt>
      <trkpt lat="36.8565599" lon="138.1804772">
        <ele>683.0586233154282</ele>
      </trkpt>
      <trkpt lat="36.8565729" lon="138.180464">
        <ele>683.1779382532236</ele>
      </trkpt>
      <trkpt lat="36.856585" lon="138.180453">
        <ele>683.2834716846232</ele>
      </trkpt>
      <trkpt lat="36.8565971" lon="138.1804421">
        <ele>683.371286568619</ele>
      </trkpt>
      <trkpt lat="36.8566089" lon="138.1804313">
        <ele>683.4362103123767</ele>
      </trkpt>
      <trkpt lat="36.8566207" lon="138.1804205">
        <ele>683.4828500142107</ele>
      </trkpt>
      <trkpt lat="36.8566324" lon="138.1804067">
        <ele>683.4606267180002</ele>
      </trkpt>
      <trkpt lat="36.856644" lon="138.180393">
        <ele>683.41541689858</ele>
      </trkpt>
      <trkpt lat="36.8566525" lon="138.1803786">
        <ele>683.2904047801893</ele>
      </trkpt>
      <trkpt lat="36.856661" lon="138.1803643">
        <ele>683.1499427030354</ele>
      </trkpt>
      <trkpt lat="36.8566668" lon="138.1803507">
        <ele>682.9754730183369</ele>
      </trkpt>
      <trkpt lat="36.8566726" lon="138.1803371">
        <ele>682.7939726361919</ele>
      </trkpt>
      <trkpt lat="36.8566777" lon="138.180321">
        <ele>682.5496422839849</ele>
      </trkpt>
      <trkpt lat="36.8566828" lon="138.1803052">
        <ele>682.3037788977995</ele>
      </trkpt>
      <trkpt lat="36.8566879" lon="138.1802877">
        <ele>682.0386900121305</ele>
      </trkpt>
      <trkpt lat="36.856693" lon="138.1802703">
        <ele>681.8131743901222</ele>
      </trkpt>
      <trkpt lat="36.8566999" lon="138.1802519">
        <ele>681.6093072730241</ele>
      </trkpt>
      <trkpt lat="36.8567071" lon="138.1802336">
        <ele>681.4156517700284</ele>
      </trkpt>
      <trkpt lat="36.8567133" lon="138.1802149">
        <ele>681.1935594517996</ele>
      </trkpt>
      <trkpt lat="36.8567197" lon="138.1801963">
        <ele>681.0245368703962</ele>
      </trkpt>
      <trkpt lat="36.8567258" lon="138.1801767">
        <ele>681.1594534779108</ele>
      </trkpt>
      <trkpt lat="36.8567319" lon="138.1801571">
        <ele>681.2955585633538</ele>
      </trkpt>
      <trkpt lat="36.8567383" lon="138.1801386">
        <ele>681.4397572053256</ele>
      </trkpt>
      <trkpt lat="36.8567448" lon="138.1801201">
        <ele>681.5874214145014</ele>
      </trkpt>
      <trkpt lat="36.8567514" lon="138.1801037">
        <ele>681.7385664576595</ele>
      </trkpt>
      <trkpt lat="36.856758" lon="138.1800874">
        <ele>681.8907835899037</ele>
      </trkpt>
      <trkpt lat="36.8567652" lon="138.1800741">
        <ele>682.0577245922532</ele>
      </trkpt>
      <trkpt lat="36.8567723" lon="138.1800608">
        <ele>682.2232994054222</ele>
      </trkpt>
      <trkpt lat="36.8567808" lon="138.1800499">
        <ele>682.421993970983</ele>
      </trkpt>
      <trkpt lat="36.8567892" lon="138.180039">
        <ele>682.6192806033854</ele>
      </trkpt>
      <trkpt lat="36.856796" lon="138.1800334">
        <ele>682.778921922535</ele>
      </trkpt>
      <trkpt lat="36.8568029" lon="138.1800279">
        <ele>682.9412500958543</ele>
      </trkpt>
      <trkpt lat="36.8568098" lon="138.1800224">
        <ele>683.1314547643008</ele>
      </trkpt>
      <trkpt lat="36.8568185" lon="138.1800162">
        <ele>683.3721324883929</ele>
      </trkpt>
      <trkpt lat="36.8568274" lon="138.1800101">
        <ele>683.6007792682401</ele>
      </trkpt>
      <trkpt lat="36.8568345" lon="138.1800051">
        <ele>683.7669255714646</ele>
      </trkpt>
      <trkpt lat="36.8568416" lon="138.1800001">
        <ele>683.9304840816831</ele>
      </trkpt>
      <trkpt lat="36.8568483" lon="138.1799952">
        <ele>684.0833943148866</ele>
      </trkpt>
      <trkpt lat="36.856855" lon="138.1799902">
        <ele>684.2344040548394</ele>
      </trkpt>
      <trkpt lat="36.8568611" lon="138.1799848">
        <ele>684.3737549429636</ele>
      </trkpt>
      <trkpt lat="36.8568672" lon="138.1799793">
        <ele>684.5111528493621</ele>
      </trkpt>
      <trkpt lat="36.8568725" lon="138.1799722">
        <ele>684.6385015502101</ele>
      </trkpt>
      <trkpt lat="36.8568778" lon="138.1799651">
        <ele>684.7631071824983</ele>
      </trkpt>
      <trkpt lat="36.8568843" lon="138.1799554">
        <ele>684.9160100668431</ele>
      </trkpt>
      <trkpt lat="36.8568909" lon="138.1799458">
        <ele>685.0656608448322</ele>
      </trkpt>
      <trkpt lat="36.8568994" lon="138.1799347">
        <ele>685.2474077961903</ele>
      </trkpt>
      <trkpt lat="36.856908" lon="138.1799237">
        <ele>685.423602777997</ele>
      </trkpt>
      <trkpt lat="36.8569193" lon="138.1799155">
        <ele>685.6284781759731</ele>
      </trkpt>
      <trkpt lat="36.8569307" lon="138.1799073">
        <ele>685.8281648936124</ele>
      </trkpt>
      <trkpt lat="36.8569439" lon="138.1799064">
        <ele>686.0363732182565</ele>
      </trkpt>
      <trkpt lat="36.8569571" lon="138.1799055">
        <ele>686.243715573968</ele>
      </trkpt>
      <trkpt lat="36.8569699" lon="138.1799126">
        <ele>686.3859291115881</ele>
      </trkpt>
      <trkpt lat="36.8569826" lon="138.1799198">
        <ele>686.509407588483</ele>
      </trkpt>
      <trkpt lat="36.8569936" lon="138.1799303">
        <ele>686.6169897220826</ele>
      </trkpt>
      <trkpt lat="36.8570048" lon="138.1799409">
        <ele>686.7308388862389</ele>
      </trkpt>
      <trkpt lat="36.8570143" lon="138.1799473">
        <ele>686.8310374717173</ele>
      </trkpt>
      <trkpt lat="36.8570239" lon="138.1799537">
        <ele>686.9345168005048</ele>
      </trkpt>
      <trkpt lat="36.8570322" lon="138.1799543">
        <ele>687.024689717829</ele>
      </trkpt>
      <trkpt lat="36.8570406" lon="138.1799549">
        <ele>687.1161295081769</ele>
      </trkpt>
      <trkpt lat="36.8570556" lon="138.1799402">
        <ele>687.269743409833</ele>
      </trkpt>
      <trkpt lat="36.8570608" lon="138.1799356">
        <ele>687.3215022983893</ele>
      </trkpt>
      <trkpt lat="36.8570659" lon="138.1799312">
        <ele>687.3715190223942</ele>
      </trkpt>
      <trkpt lat="36.8570715" lon="138.1799356">
        <ele>687.4340823265289</ele>
      </trkpt>
      <trkpt lat="36.8570772" lon="138.1799401">
        <ele>687.4986988464071</ele>
      </trkpt>
      <trkpt lat="36.8570845" lon="138.1799524">
        <ele>687.5904140063457</ele>
      </trkpt>
      <trkpt lat="36.8570918" lon="138.1799648">
        <ele>687.6855016602849</ele>
      </trkpt>
      <trkpt lat="36.8570948" lon="138.17997">
        <ele>687.725667151903</ele>
      </trkpt>
      <trkpt lat="36.8570978" lon="138.1799752">
        <ele>687.7663960659752</ele>
      </trkpt>
      <trkpt lat="36.8571009" lon="138.1799805">
        <ele>687.8028114131064</ele>
      </trkpt>
      <trkpt lat="36.857107" lon="138.1799906">
        <ele>687.8731539116586</ele>
      </trkpt>
      <trkpt lat="36.8571131" lon="138.1800007">
        <ele>687.9445579554626</ele>
      </trkpt>
      <trkpt lat="36.8571184" lon="138.1800111">
        <ele>688.0100344320293</ele>
      </trkpt>
      <trkpt lat="36.8571237" lon="138.1800215">
        <ele>688.0764606302088</ele>
      </trkpt>
      <trkpt lat="36.8571288" lon="138.1800345">
        <ele>688.157356551381</ele>
      </trkpt>
      <trkpt lat="36.8571339" lon="138.1800476">
        <ele>688.2487044523688</ele>
      </trkpt>
      <trkpt lat="36.8571393" lon="138.1800622">
        <ele>688.3502900535397</ele>
      </trkpt>
      <trkpt lat="36.8571447" lon="138.1800769">
        <ele>688.4548559248739</ele>
      </trkpt>
      <trkpt lat="36.8571507" lon="138.1800925">
        <ele>688.5715757005851</ele>
      </trkpt>
      <trkpt lat="36.8571567" lon="138.1801082">
        <ele>688.6917897858099</ele>
      </trkpt>
      <trkpt lat="36.8571639" lon="138.1801228">
        <ele>688.8243531456659</ele>
      </trkpt>
      <trkpt lat="36.8571712" lon="138.1801374">
        <ele>688.9615662204543</ele>
      </trkpt>
      <trkpt lat="36.85718" lon="138.1801481">
        <ele>689.1040548498712</ele>
      </trkpt>
      <trkpt lat="36.8571889" lon="138.1801589">
        <ele>689.2512779882383</ele>
      </trkpt>
      <trkpt lat="36.8571994" lon="138.1801646">
        <ele>689.398590641111</ele>
      </trkpt>
      <trkpt lat="36.8572099" lon="138.1801702">
        <ele>689.547455345103</ele>
      </trkpt>
      <trkpt lat="36.8572212" lon="138.1801721">
        <ele>689.6904728400747</ele>
      </trkpt>
      <trkpt lat="36.8572325" lon="138.180174">
        <ele>689.8342088706689</ele>
      </trkpt>
      <trkpt lat="36.8572421" lon="138.1801723">
        <ele>689.9209386895425</ele>
      </trkpt>
      <trkpt lat="36.8572517" lon="138.1801706">
        <ele>689.9986735266524</ele>
      </trkpt>
      <trkpt lat="36.8572598" lon="138.1801675">
        <ele>690.0559393929921</ele>
      </trkpt>
      <trkpt lat="36.857268" lon="138.1801644">
        <ele>690.114026815949</ele>
      </trkpt>
      <trkpt lat="36.8572749" lon="138.180161">
        <ele>690.1588918612266</ele>
      </trkpt>
      <trkpt lat="36.8572818" lon="138.1801577">
        <ele>690.2041876456374</ele>
      </trkpt>
      <trkpt lat="36.8572882" lon="138.1801531">
        <ele>690.2384194022079</ele>
      </trkpt>
      <trkpt lat="36.8572945" lon="138.1801485">
        <ele>690.2716693102905</ele>
      </trkpt>
      <trkpt lat="36.8573009" lon="138.1801418">
        <ele>690.2951517829929</ele>
      </trkpt>
      <trkpt lat="36.8573074" lon="138.1801351">
        <ele>690.3193984489926</ele>
      </trkpt>
      <trkpt lat="36.8573139" lon="138.180126">
        <ele>690.3313837085045</ele>
      </trkpt>
      <trkpt lat="36.8573205" lon="138.1801169">
        <ele>690.3440819283123</ele>
      </trkpt>
      <trkpt lat="36.8573268" lon="138.180106">
        <ele>690.3448037950783</ele>
      </trkpt>
      <trkpt lat="36.8573332" lon="138.1800952">
        <ele>690.3467153405692</ele>
      </trkpt>
      <trkpt lat="36.8573393" lon="138.1800835">
        <ele>690.3411838456971</ele>
      </trkpt>
      <trkpt lat="36.8573454" lon="138.1800718">
        <ele>690.3354395205913</ele>
      </trkpt>
      <trkpt lat="36.8573505" lon="138.180058">
        <ele>690.3099438724373</ele>
      </trkpt>
      <trkpt lat="36.8573559" lon="138.1800442">
        <ele>690.286873870752</ele>
      </trkpt>
      <trkpt lat="36.8573606" lon="138.1800295">
        <ele>690.2528344911667</ele>
      </trkpt>
      <trkpt lat="36.8573653" lon="138.1800148">
        <ele>690.2419533078455</ele>
      </trkpt>
      <trkpt lat="36.8573698" lon="138.1799999">
        <ele>690.232842336618</ele>
      </trkpt>
      <trkpt lat="36.8573742" lon="138.1799849">
        <ele>690.2228714006246</ele>
      </trkpt>
      <trkpt lat="36.8573789" lon="138.1799685">
        <ele>690.2125499774236</ele>
      </trkpt>
      <trkpt lat="36.8573835" lon="138.1799521">
        <ele>690.2003496091045</ele>
      </trkpt>
      <trkpt lat="36.8573885" lon="138.1799336">
        <ele>690.1837517713345</ele>
      </trkpt>
      <trkpt lat="36.8573936" lon="138.1799152">
        <ele>690.1672128208545</ele>
      </trkpt>
      <trkpt lat="36.8574005" lon="138.179896">
        <ele>690.1624748435457</ele>
      </trkpt>
      <trkpt lat="36.8574075" lon="138.1798769">
        <ele>690.1572769982595</ele>
      </trkpt>
      <trkpt lat="36.8574162" lon="138.1798566">
        <ele>690.1605974702672</ele>
      </trkpt>
      <trkpt lat="36.857425" lon="138.1798365">
        <ele>690.18011944906</ele>
      </trkpt>
      <trkpt lat="36.8574362" lon="138.1798154">
        <ele>690.2150118444356</ele>
      </trkpt>
      <trkpt lat="36.8574475" lon="138.1797944">
        <ele>690.2474680231701</ele>
      </trkpt>
      <trkpt lat="36.8574604" lon="138.1797754">
        <ele>690.29487007722</ele>
      </trkpt>
      <trkpt lat="36.8574733" lon="138.1797565">
        <ele>690.338922242252</ele>
      </trkpt>
      <trkpt lat="36.8574866" lon="138.1797407">
        <ele>690.3921308855308</ele>
      </trkpt>
      <trkpt lat="36.8575" lon="138.179725">
        <ele>690.4432810762008</ele>
      </trkpt>
      <trkpt lat="36.8575141" lon="138.1797094">
        <ele>690.5022228450996</ele>
      </trkpt>
      <trkpt lat="36.8575282" lon="138.1796939">
        <ele>690.5675594898851</ele>
      </trkpt>
      <trkpt lat="36.8575426" lon="138.1796764">
        <ele>690.6326735255789</ele>
      </trkpt>
      <trkpt lat="36.8575571" lon="138.1796589">
        <ele>690.713438221157</ele>
      </trkpt>
      <trkpt lat="36.8575722" lon="138.1796414">
        <ele>690.7916674476464</ele>
      </trkpt>
      <trkpt lat="36.8575873" lon="138.1796238">
        <ele>690.8622956992025</ele>
      </trkpt>
      <trkpt lat="36.8576021" lon="138.1796082">
        <ele>690.9287434597904</ele>
      </trkpt>
      <trkpt lat="36.857617" lon="138.1795926">
        <ele>690.9894517150482</ele>
      </trkpt>
      <trkpt lat="36.8576317" lon="138.179579">
        <ele>691.0485175639077</ele>
      </trkpt>
      <trkpt lat="36.8576464" lon="138.1795654">
        <ele>691.1020190017849</ele>
      </trkpt>
      <trkpt lat="36.8576618" lon="138.1795537">
        <ele>691.145501238272</ele>
      </trkpt>
      <trkpt lat="36.8576774" lon="138.1795421">
        <ele>691.1791902007855</ele>
      </trkpt>
      <trkpt lat="36.8576938" lon="138.1795327">
        <ele>691.2165188863488</ele>
      </trkpt>
      <trkpt lat="36.8577102" lon="138.1795234">
        <ele>691.245720212078</ele>
      </trkpt>
      <trkpt lat="36.8577281" lon="138.1795151">
        <ele>691.2781221713212</ele>
      </trkpt>
      <trkpt lat="36.8577462" lon="138.1795068">
        <ele>691.3146138094049</ele>
      </trkpt>
      <trkpt lat="36.8577652" lon="138.1794992">
        <ele>691.3552285519404</ele>
      </trkpt>
      <trkpt lat="36.8577843" lon="138.1794916">
        <ele>691.3872875566378</ele>
      </trkpt>
      <trkpt lat="36.8578038" lon="138.1794842">
        <ele>691.3392051418477</ele>
      </trkpt>
      <trkpt lat="36.8578233" lon="138.1794769">
        <ele>691.2805985230586</ele>
      </trkpt>
      <trkpt lat="36.8578403" lon="138.1794688">
        <ele>691.2109281629057</ele>
      </trkpt>
      <trkpt lat="36.8578574" lon="138.1794607">
        <ele>691.1328596571468</ele>
      </trkpt>
      <trkpt lat="36.8578733" lon="138.1794521">
        <ele>691.0446124435484</ele>
      </trkpt>
      <trkpt lat="36.8578892" lon="138.1794436">
        <ele>690.9489798942302</ele>
      </trkpt>
      <trkpt lat="36.857905" lon="138.1794369">
        <ele>690.8609910654893</ele>
      </trkpt>
      <trkpt lat="36.8579209" lon="138.1794302">
        <ele>690.7664222020986</ele>
      </trkpt>
      <trkpt lat="36.8579375" lon="138.1794261">
        <ele>690.773241486014</ele>
      </trkpt>
      <trkpt lat="36.8579542" lon="138.179422">
        <ele>690.7824523905797</ele>
      </trkpt>
      <trkpt lat="36.8579716" lon="138.1794204">
        <ele>690.8159099060664</ele>
      </trkpt>
      <trkpt lat="36.857989" lon="138.1794188">
        <ele>690.847042787349</ele>
      </trkpt>
      <trkpt lat="36.8580065" lon="138.1794185">
        <ele>690.8925890301695</ele>
      </trkpt>
      <trkpt lat="36.8580241" lon="138.1794181">
        <ele>690.9366365345991</ele>
      </trkpt>
      <trkpt lat="36.8580412" lon="138.1794171">
        <ele>690.9702418949742</ele>
      </trkpt>
      <trkpt lat="36.8580585" lon="138.179416">
        <ele>691.0014773494648</ele>
      </trkpt>
      <trkpt lat="36.8580749" lon="138.1794108">
        <ele>691.0115541902704</ele>
      </trkpt>
      <trkpt lat="36.8580913" lon="138.1794057">
        <ele>691.0231786289143</ele>
      </trkpt>
      <trkpt lat="36.8581066" lon="138.1793961">
        <ele>690.9545689313044</ele>
      </trkpt>
      <trkpt lat="36.8581219" lon="138.1793865">
        <ele>690.8802163337446</ele>
      </trkpt>
      <trkpt lat="36.8581363" lon="138.1793731">
        <ele>690.7334936992133</ele>
      </trkpt>
      <trkpt lat="36.8581507" lon="138.1793599">
        <ele>690.5825589328866</ele>
      </trkpt>
      <trkpt lat="36.8581643" lon="138.1793449">
        <ele>690.3903004051122</ele>
      </trkpt>
      <trkpt lat="36.8581779" lon="138.17933">
        <ele>690.4658444063434</ele>
      </trkpt>
      <trkpt lat="36.8581913" lon="138.179316">
        <ele>690.6597341828693</ele>
      </trkpt>
      <trkpt lat="36.8582047" lon="138.179302">
        <ele>690.8829635624518</ele>
      </trkpt>
      <trkpt lat="36.8582179" lon="138.1792889">
        <ele>691.0885165289094</ele>
      </trkpt>
      <trkpt lat="36.8582312" lon="138.1792758">
        <ele>691.2646442614142</ele>
      </trkpt>
      <trkpt lat="36.8582437" lon="138.1792634">
        <ele>691.4031566942517</ele>
      </trkpt>
      <trkpt lat="36.8582562" lon="138.179251">
        <ele>691.51480814654</ele>
      </trkpt>
      <trkpt lat="36.8582677" lon="138.179238">
        <ele>691.5995908878458</ele>
      </trkpt>
      <trkpt lat="36.8582793" lon="138.1792249">
        <ele>691.6588297963597</ele>
      </trkpt>
      <trkpt lat="36.8582887" lon="138.1792122">
        <ele>691.6913018524378</ele>
      </trkpt>
      <trkpt lat="36.8582982" lon="138.1791996">
        <ele>691.7028665872728</ele>
      </trkpt>
      <trkpt lat="36.8583051" lon="138.1791902">
        <ele>691.6983595129938</ele>
      </trkpt>
      <trkpt lat="36.8583121" lon="138.179181">
        <ele>691.6823728767487</ele>
      </trkpt>
      <trkpt lat="36.858316" lon="138.1791741">
        <ele>691.6676490183762</ele>
      </trkpt>
      <trkpt lat="36.85832" lon="138.1791673">
        <ele>691.6674355599489</ele>
      </trkpt>
      <trkpt lat="36.8583207" lon="138.1791608">
        <ele>691.7494989113293</ele>
      </trkpt>
      <trkpt lat="36.8583214" lon="138.1791543">
        <ele>691.8319135449832</ele>
      </trkpt>
      <trkpt lat="36.8583196" lon="138.1791475">
        <ele>691.9262300302831</ele>
      </trkpt>
      <trkpt lat="36.8583179" lon="138.1791406">
        <ele>692.0206156087233</ele>
      </trkpt>
      <trkpt lat="36.8583147" lon="138.1791345">
        <ele>692.1076272798936</ele>
      </trkpt>
      <trkpt lat="36.8583115" lon="138.1791285">
        <ele>692.1918638404869</ele>
      </trkpt>
      <trkpt lat="36.8583074" lon="138.1791231">
        <ele>692.2689805478269</ele>
      </trkpt>
      <trkpt lat="36.8583033" lon="138.1791178">
        <ele>692.3431515222621</ele>
      </trkpt>
      <trkpt lat="36.8582989" lon="138.1791124">
        <ele>692.4173737713162</ele>
      </trkpt>
      <trkpt lat="36.8582945" lon="138.1791071">
        <ele>692.4885591849202</ele>
      </trkpt>
      <trkpt lat="36.8582896" lon="138.1791007">
        <ele>692.5716056743463</ele>
      </trkpt>
      <trkpt lat="36.8582847" lon="138.1790944">
        <ele>692.6510664013631</ele>
      </trkpt>
      <trkpt lat="36.8582797" lon="138.179087">
        <ele>692.7408179180009</ele>
      </trkpt>
      <trkpt lat="36.8582747" lon="138.1790796">
        <ele>692.8277128538607</ele>
      </trkpt>
      <trkpt lat="36.8582696" lon="138.1790725">
        <ele>692.9084464990774</ele>
      </trkpt>
      <trkpt lat="36.8582646" lon="138.1790654">
        <ele>692.9863965371462</ele>
      </trkpt>
      <trkpt lat="36.8582586" lon="138.179059">
        <ele>693.0537648625344</ele>
      </trkpt>
      <trkpt lat="36.8582527" lon="138.1790527">
        <ele>693.1171888259461</ele>
      </trkpt>
      <trkpt lat="36.8582455" lon="138.1790478">
        <ele>693.1624477212376</ele>
      </trkpt>
      <trkpt lat="36.8582384" lon="138.179043">
        <ele>693.2040957812139</ele>
      </trkpt>
      <trkpt lat="36.8582354" lon="138.1790418">
        <ele>693.2128339042688</ele>
      </trkpt>
      <trkpt lat="36.8582324" lon="138.1790407">
        <ele>693.2203313649935</ele>
      </trkpt>
      <trkpt lat="36.8582294" lon="138.1790394">
        <ele>693.2294763381518</ele>
      </trkpt>
      <trkpt lat="36.8582264" lon="138.1790384">
        <ele>693.2355015218836</ele>
      </trkpt>
      <trkpt lat="36.8582234" lon="138.1790373">
        <ele>693.2422230744739</ele>
      </trkpt>
      <trkpt lat="36.8582181" lon="138.1790364">
        <ele>693.2440066784634</ele>
      </trkpt>
      <trkpt lat="36.8582129" lon="138.1790355">
        <ele>693.2455494191706</ele>
      </trkpt>
      <trkpt lat="36.8582074" lon="138.1790345">
        <ele>693.2472044283805</ele>
      </trkpt>
      <trkpt lat="36.8582019" lon="138.1790336">
        <ele>693.247589823994</ele>
      </trkpt>
      <trkpt lat="36.8581925" lon="138.1790281">
        <ele>693.2244252814307</ele>
      </trkpt>
      <trkpt lat="36.8581895" lon="138.1790244">
        <ele>693.2125598898598</ele>
      </trkpt>
      <trkpt lat="36.8581865" lon="138.1790207">
        <ele>693.1998926965476</ele>
      </trkpt>
      <trkpt lat="36.8581835" lon="138.1790148">
        <ele>693.203524547579</ele>
      </trkpt>
      <trkpt lat="36.8581808" lon="138.1790089">
        <ele>693.2102286547869</ele>
      </trkpt>
      <trkpt lat="36.8581772" lon="138.1790003">
        <ele>693.222910916144</ele>
      </trkpt>
      <trkpt lat="36.8581736" lon="138.1789918">
        <ele>693.3196906825489</ele>
      </trkpt>
      <trkpt lat="36.8581701" lon="138.1789827">
        <ele>693.4934223205495</ele>
      </trkpt>
      <trkpt lat="36.8581667" lon="138.1789737">
        <ele>693.6750482624259</ele>
      </trkpt>
      <trkpt lat="36.8581633" lon="138.1789646">
        <ele>693.8681091184783</ele>
      </trkpt>
      <trkpt lat="36.8581598" lon="138.1789555">
        <ele>694.0692604946792</ele>
      </trkpt>
      <trkpt lat="36.8581562" lon="138.1789466">
        <ele>694.2735868130706</ele>
      </trkpt>
      <trkpt lat="36.8581525" lon="138.1789377">
        <ele>694.4865812744276</ele>
      </trkpt>
      <trkpt lat="36.8581477" lon="138.1789293">
        <ele>694.6897078191778</ele>
      </trkpt>
      <trkpt lat="36.858143" lon="138.1789212">
        <ele>694.8963834521417</ele>
      </trkpt>
      <trkpt lat="36.8581385" lon="138.1789134">
        <ele>695.1059208220985</ele>
      </trkpt>
      <trkpt lat="36.8581341" lon="138.1789057">
        <ele>695.3228358218682</ele>
      </trkpt>
      <trkpt lat="36.85813" lon="138.1788975">
        <ele>695.5649328063055</ele>
      </trkpt>
      <trkpt lat="36.8581262" lon="138.1788893">
        <ele>695.8165768163352</ele>
      </trkpt>
      <trkpt lat="36.8581225" lon="138.1788816">
        <ele>696.0613509395364</ele>
      </trkpt>
      <trkpt lat="36.8581188" lon="138.178874">
        <ele>696.3111959752002</ele>
      </trkpt>
      <trkpt lat="36.8581132" lon="138.1788672">
        <ele>696.5506185013892</ele>
      </trkpt>
      <trkpt lat="36.8581077" lon="138.1788605">
        <ele>696.7972444937279</ele>
      </trkpt>
      <trkpt lat="36.8580999" lon="138.1788535">
        <ele>697.0784580955669</ele>
      </trkpt>
      <trkpt lat="36.8580922" lon="138.1788466">
        <ele>697.3712436177298</ele>
      </trkpt>
      <trkpt lat="36.8580827" lon="138.1788393">
        <ele>697.7085683596454</ele>
      </trkpt>
      <trkpt lat="36.8580732" lon="138.1788321">
        <ele>698.0621623522444</ele>
      </trkpt>
      <trkpt lat="36.8580631" lon="138.1788211">
        <ele>698.5444136715935</ele>
      </trkpt>
      <trkpt lat="36.8580532" lon="138.1788103">
        <ele>698.8624159581173</ele>
      </trkpt>
      <trkpt lat="36.8580449" lon="138.1787957">
        <ele>699.2454734859438</ele>
      </trkpt>
      <trkpt lat="36.8580367" lon="138.1787811">
        <ele>699.6279128040136</ele>
      </trkpt>
      <trkpt lat="36.8580313" lon="138.1787645">
        <ele>700.0784726083399</ele>
      </trkpt>
      <trkpt lat="36.8580259" lon="138.178748">
        <ele>700.5254097628739</ele>
      </trkpt>
      <trkpt lat="36.8580233" lon="138.1787311">
        <ele>700.9954960680833</ele>
      </trkpt>
      <trkpt lat="36.8580207" lon="138.1787145">
        <ele>701.4566593710424</ele>
      </trkpt>
      <trkpt lat="36.8580213" lon="138.1786982">
        <ele>701.9236769541207</ele>
      </trkpt>
      <trkpt lat="36.858022" lon="138.1786818">
        <ele>702.3940960013906</ele>
      </trkpt>
      <trkpt lat="36.8580258" lon="138.178666">
        <ele>702.8622555810565</ele>
      </trkpt>
      <trkpt lat="36.8580296" lon="138.1786504">
        <ele>703.2615712444231</ele>
      </trkpt>
      <trkpt lat="36.8580351" lon="138.1786347">
        <ele>703.432095905314</ele>
      </trkpt>
      <trkpt lat="36.8580406" lon="138.1786191">
        <ele>703.5977927873275</ele>
      </trkpt>
      <trkpt lat="36.8580458" lon="138.1786025">
        <ele>703.7674560069077</ele>
      </trkpt>
      <trkpt lat="36.8580511" lon="138.1785859">
        <ele>703.9335274402359</ele>
      </trkpt>
      <trkpt lat="36.8580536" lon="138.1785697">
        <ele>704.083998491453</ele>
      </trkpt>
      <trkpt lat="36.8580561" lon="138.1785535">
        <ele>704.2326310453723</ele>
      </trkpt>
      <trkpt lat="36.8580557" lon="138.1785367">
        <ele>704.3783914256678</ele>
      </trkpt>
      <trkpt lat="36.8580552" lon="138.17852">
        <ele>704.5234051713826</ele>
      </trkpt>
      <trkpt lat="36.8580563" lon="138.1785018">
        <ele>704.6841099138816</ele>
      </trkpt>
      <trkpt lat="36.8580573" lon="138.1784836">
        <ele>704.843811334913</ele>
      </trkpt>
      <trkpt lat="36.8580613" lon="138.1784659">
        <ele>704.9296221079758</ele>
      </trkpt>
      <trkpt lat="36.8580656" lon="138.1784482">
        <ele>704.9819209507581</ele>
      </trkpt>
      <trkpt lat="36.8580709" lon="138.1784314">
        <ele>705.0248395006208</ele>
      </trkpt>
      <trkpt lat="36.8580763" lon="138.1784146">
        <ele>705.074145539489</ele>
      </trkpt>
      <trkpt lat="36.8580819" lon="138.1783986">
        <ele>705.1239808325739</ele>
      </trkpt>
      <trkpt lat="36.8580876" lon="138.1783826">
        <ele>705.180381829545</ele>
      </trkpt>
      <trkpt lat="36.8580911" lon="138.1783668">
        <ele>705.2596760699745</ele>
      </trkpt>
      <trkpt lat="36.8580948" lon="138.1783512">
        <ele>705.3407393345132</ele>
      </trkpt>
      <trkpt lat="36.858096" lon="138.1783349">
        <ele>705.4473257080956</ele>
      </trkpt>
      <trkpt lat="36.8580972" lon="138.1783186">
        <ele>705.5555259048692</ele>
      </trkpt>
      <trkpt lat="36.8580962" lon="138.1783031">
        <ele>705.6823972149347</ele>
      </trkpt>
      <trkpt lat="36.8580953" lon="138.1782878">
        <ele>705.8193936577513</ele>
      </trkpt>
      <trkpt lat="36.8580921" lon="138.1782739">
        <ele>705.95346412966</ele>
      </trkpt>
      <trkpt lat="36.8580889" lon="138.1782602">
        <ele>706.0834359091868</ele>
      </trkpt>
      <trkpt lat="36.8580849" lon="138.1782457">
        <ele>706.2205902527348</ele>
      </trkpt>
      <trkpt lat="36.858081" lon="138.1782313">
        <ele>706.3534700607975</ele>
      </trkpt>
      <trkpt lat="36.8580773" lon="138.1782155">
        <ele>706.4941993348544</ele>
      </trkpt>
      <trkpt lat="36.8580737" lon="138.1782">
        <ele>706.6291197839612</ele>
      </trkpt>
      <trkpt lat="36.858071" lon="138.1781835">
        <ele>706.7673236216255</ele>
      </trkpt>
      <trkpt lat="36.8580684" lon="138.178167">
        <ele>706.9029795597953</ele>
      </trkpt>
      <trkpt lat="36.8580674" lon="138.1781511">
        <ele>707.0300228402583</ele>
      </trkpt>
      <trkpt lat="36.8580665" lon="138.1781353">
        <ele>707.1507355405485</ele>
      </trkpt>
      <trkpt lat="36.8580673" lon="138.1781193">
        <ele>707.2549203533861</ele>
      </trkpt>
      <trkpt lat="36.8580682" lon="138.1781034">
        <ele>707.3588573213681</ele>
      </trkpt>
      <trkpt lat="36.8580716" lon="138.1780861">
        <ele>707.4729590321685</ele>
      </trkpt>
      <trkpt lat="36.858075" lon="138.1780689">
        <ele>707.5883041179871</ele>
      </trkpt>
      <trkpt lat="36.8580792" lon="138.1780503">
        <ele>707.7155839078696</ele>
      </trkpt>
      <trkpt lat="36.8580835" lon="138.1780318">
        <ele>707.844828356962</ele>
      </trkpt>
      <trkpt lat="36.858087" lon="138.1780126">
        <ele>707.980352964664</ele>
      </trkpt>
      <trkpt lat="36.8580906" lon="138.1779935">
        <ele>708.1175382898036</ele>
      </trkpt>
      <trkpt lat="36.8580925" lon="138.1779739">
        <ele>708.2570078959412</ele>
      </trkpt>
      <trkpt lat="36.8580944" lon="138.1779544">
        <ele>708.3883969112919</ele>
      </trkpt>
      <trkpt lat="36.8580941" lon="138.1779338">
        <ele>708.5174705695147</ele>
      </trkpt>
      <trkpt lat="36.8580939" lon="138.1779132">
        <ele>708.6466616439327</ele>
      </trkpt>
      <trkpt lat="36.8580922" lon="138.1778884">
        <ele>708.7973511897121</ele>
      </trkpt>
      <trkpt lat="36.8580905" lon="138.1778636">
        <ele>708.9468812469165</ele>
      </trkpt>
      <trkpt lat="36.8580907" lon="138.177836">
        <ele>709.1201630369378</ele>
      </trkpt>
      <trkpt lat="36.8580909" lon="138.1778085">
        <ele>709.2929711076007</ele>
      </trkpt>
      <trkpt lat="36.8580935" lon="138.1777813">
        <ele>709.4611798904555</ele>
      </trkpt>
      <trkpt lat="36.8580962" lon="138.1777542">
        <ele>709.6181313090208</ele>
      </trkpt>
      <trkpt lat="36.8580988" lon="138.1777276">
        <ele>709.7737795673299</ele>
      </trkpt>
      <trkpt lat="36.8581014" lon="138.177701">
        <ele>709.931238206621</ele>
      </trkpt>
      <trkpt lat="36.8581024" lon="138.1776748">
        <ele>710.0786208165915</ele>
      </trkpt>
      <trkpt lat="36.8581034" lon="138.1776486">
        <ele>710.2266892561262</ele>
      </trkpt>
      <trkpt lat="36.8581014" lon="138.1776229">
        <ele>710.3499596903155</ele>
      </trkpt>
      <trkpt lat="36.8580994" lon="138.1775973">
        <ele>710.3996196241346</ele>
      </trkpt>
      <trkpt lat="36.858096" lon="138.1775716">
        <ele>710.4429699848201</ele>
      </trkpt>
      <trkpt lat="36.8580927" lon="138.177546">
        <ele>710.489475554212</ele>
      </trkpt>
      <trkpt lat="36.8580893" lon="138.1775184">
        <ele>710.5435098591513</ele>
      </trkpt>
      <trkpt lat="36.858086" lon="138.1774909">
        <ele>710.6008099209091</ele>
      </trkpt>
      <trkpt lat="36.8580844" lon="138.1774632">
        <ele>710.6686166589764</ele>
      </trkpt>
      <trkpt lat="36.8580829" lon="138.1774355">
        <ele>710.6750250228349</ele>
      </trkpt>
      <trkpt lat="36.858084" lon="138.1774114">
        <ele>710.6531998937594</ele>
      </trkpt>
      <trkpt lat="36.858085" lon="138.1773873">
        <ele>710.6307432592373</ele>
      </trkpt>
      <trkpt lat="36.8580871" lon="138.1773658">
        <ele>710.614705720128</ele>
      </trkpt>
      <trkpt lat="36.8580892" lon="138.1773442">
        <ele>710.5980936501059</ele>
      </trkpt>
      <trkpt lat="36.8580907" lon="138.1773232">
        <ele>710.5797289953348</ele>
      </trkpt>
      <trkpt lat="36.8580922" lon="138.1773022">
        <ele>710.5610407767622</ele>
      </trkpt>
      <trkpt lat="36.8580917" lon="138.1772808">
        <ele>710.5354867126899</ele>
      </trkpt>
      <trkpt lat="36.8580914" lon="138.1772594">
        <ele>710.5644412416646</ele>
      </trkpt>
      <trkpt lat="36.8580903" lon="138.1772381">
        <ele>710.5918983627498</ele>
      </trkpt>
      <trkpt lat="36.8580893" lon="138.1772169">
        <ele>710.6196225436663</ele>
      </trkpt>
      <trkpt lat="36.8580887" lon="138.1771986">
        <ele>710.6443885216344</ele>
      </trkpt>
      <trkpt lat="36.8580882" lon="138.1771803">
        <ele>710.6694904783028</ele>
      </trkpt>
      <trkpt lat="36.8580868" lon="138.1771645">
        <ele>710.6885531479631</ele>
      </trkpt>
      <trkpt lat="36.8580854" lon="138.1771488">
        <ele>710.7075874560736</ele>
      </trkpt>
      <trkpt lat="36.8580834" lon="138.1771331">
        <ele>710.7251467620952</ele>
      </trkpt>
      <trkpt lat="36.8580814" lon="138.1771173">
        <ele>710.7430192323501</ele>
      </trkpt>
      <trkpt lat="36.8580811" lon="138.1771015">
        <ele>710.7698947118902</ele>
      </trkpt>
      <trkpt lat="36.8580809" lon="138.1770857">
        <ele>710.8023126918697</ele>
      </trkpt>
      <trkpt lat="36.8580849" lon="138.1770722">
        <ele>710.8399507377596</ele>
      </trkpt>
      <trkpt lat="36.8580889" lon="138.1770586">
        <ele>710.8771662924494</ele>
      </trkpt>
      <trkpt lat="36.8580987" lon="138.1770477">
        <ele>710.9212689656796</ele>
      </trkpt>
      <trkpt lat="36.8581085" lon="138.1770368">
        <ele>710.964132820988</ele>
      </trkpt>
      <trkpt lat="36.8581213" lon="138.1770294">
        <ele>711.0056064238559</ele>
      </trkpt>
      <trkpt lat="36.8581342" lon="138.177022">
        <ele>711.0461900301757</ele>
      </trkpt>
      <trkpt lat="36.8581488" lon="138.1770161">
        <ele>711.086602592905</ele>
      </trkpt>
      <trkpt lat="36.8581634" lon="138.1770103">
        <ele>711.1258556107172</ele>
      </trkpt>
      <trkpt lat="36.8581773" lon="138.1770062">
        <ele>711.1601456431944</ele>
      </trkpt>
      <trkpt lat="36.8581912" lon="138.1770024">
        <ele>711.1933414291043</ele>
      </trkpt>
      <trkpt lat="36.8582045" lon="138.1770008">
        <ele>711.2165377444933</ele>
      </trkpt>
      <trkpt lat="36.8582178" lon="138.1769992">
        <ele>711.2352857264544</ele>
      </trkpt>
      <trkpt lat="36.8582311" lon="138.1769972">
        <ele>711.2539555381779</ele>
      </trkpt>
      <trkpt lat="36.8582445" lon="138.1769952">
        <ele>711.2721376409029</ele>
      </trkpt>
      <trkpt lat="36.8582582" lon="138.1769915">
        <ele>711.2912703631753</ele>
      </trkpt>
      <trkpt lat="36.8582719" lon="138.1769878">
        <ele>711.3092441506648</ele>
      </trkpt>
      <trkpt lat="36.8582861" lon="138.1769834">
        <ele>711.3268723148357</ele>
      </trkpt>
      <trkpt lat="36.8583004" lon="138.1769791">
        <ele>711.3431510491035</ele>
      </trkpt>
      <trkpt lat="36.8583145" lon="138.176974">
        <ele>711.3578836599845</ele>
      </trkpt>
      <trkpt lat="36.8583287" lon="138.1769689">
        <ele>711.3710625616109</ele>
      </trkpt>
      <trkpt lat="36.8583428" lon="138.1769636">
        <ele>711.4139888947853</ele>
      </trkpt>
      <trkpt lat="36.8583568" lon="138.1769584">
        <ele>711.4766826002608</ele>
      </trkpt>
      <trkpt lat="36.8583713" lon="138.176953">
        <ele>711.5410006823732</ele>
      </trkpt>
      <trkpt lat="36.8583858" lon="138.1769476">
        <ele>711.6046961006317</ele>
      </trkpt>
      <trkpt lat="36.8583997" lon="138.1769416">
        <ele>711.6648261226514</ele>
      </trkpt>
      <trkpt lat="36.8584136" lon="138.1769357">
        <ele>711.729344271797</ele>
      </trkpt>
      <trkpt lat="36.8584259" lon="138.1769307">
        <ele>711.8003746887084</ele>
      </trkpt>
      <trkpt lat="36.8584382" lon="138.1769257">
        <ele>711.8724240223203</ele>
      </trkpt>
      <trkpt lat="36.8584504" lon="138.1769221">
        <ele>711.9402773853328</ele>
      </trkpt>
      <trkpt lat="36.8584626" lon="138.1769185">
        <ele>712.0088584067616</ele>
      </trkpt>
      <trkpt lat="36.8584763" lon="138.1769167">
        <ele>712.1070663161127</ele>
      </trkpt>
      <trkpt lat="36.8584899" lon="138.1769152">
        <ele>712.257960853678</ele>
      </trkpt>
      <trkpt lat="36.8585026" lon="138.1769157">
        <ele>712.3931285010771</ele>
      </trkpt>
      <trkpt lat="36.8585154" lon="138.1769162">
        <ele>712.5299815913545</ele>
      </trkpt>
      <trkpt lat="36.8585279" lon="138.1769185">
        <ele>712.6626222792875</ele>
      </trkpt>
      <trkpt lat="36.8585404" lon="138.1769209">
        <ele>712.7979878488277</ele>
      </trkpt>
      <trkpt lat="36.858553" lon="138.1769234">
        <ele>712.9373696648922</ele>
      </trkpt>
      <trkpt lat="36.8585657" lon="138.1769262">
        <ele>713.0811703713707</ele>
      </trkpt>
      <trkpt lat="36.8585781" lon="138.1769288">
        <ele>713.224655992763</ele>
      </trkpt>
      <trkpt lat="36.8585908" lon="138.1769314">
        <ele>713.3746793238715</ele>
      </trkpt>
      <trkpt lat="36.8586021" lon="138.1769342">
        <ele>713.5121230764775</ele>
      </trkpt>
      <trkpt lat="36.8586135" lon="138.176937">
        <ele>713.6186490966279</ele>
      </trkpt>
      <trkpt lat="36.8586228" lon="138.1769392">
        <ele>713.6530565046903</ele>
      </trkpt>
      <trkpt lat="36.8586321" lon="138.1769415">
        <ele>713.6860352058193</ele>
      </trkpt>
      <trkpt lat="36.8586407" lon="138.1769425">
        <ele>713.7172726913931</ele>
      </trkpt>
      <trkpt lat="36.8586494" lon="138.1769435">
        <ele>713.7484978485138</ele>
      </trkpt>
      <trkpt lat="36.8586596" lon="138.1769411">
        <ele>713.791197404664</ele>
      </trkpt>
      <trkpt lat="36.8586699" lon="138.1769387">
        <ele>713.8353861670188</ele>
      </trkpt>
      <trkpt lat="36.8586808" lon="138.1769334">
        <ele>713.8753760057637</ele>
      </trkpt>
      <trkpt lat="36.8586916" lon="138.1769282">
        <ele>713.9112452228921</ele>
      </trkpt>
      <trkpt lat="36.8587026" lon="138.1769222">
        <ele>713.9492994411999</ele>
      </trkpt>
      <trkpt lat="36.8587136" lon="138.1769162">
        <ele>713.9899998531138</ele>
      </trkpt>
      <trkpt lat="36.858724" lon="138.1769119">
        <ele>714.0318735328067</ele>
      </trkpt>
      <trkpt lat="36.8587344" lon="138.1769078">
        <ele>714.0756383328852</ele>
      </trkpt>
      <trkpt lat="36.8587447" lon="138.176905">
        <ele>714.1210255034911</ele>
      </trkpt>
      <trkpt lat="36.8587551" lon="138.1769022">
        <ele>714.1794708627599</ele>
      </trkpt>
      <trkpt lat="36.8587647" lon="138.1769002">
        <ele>714.2360203640972</ele>
      </trkpt>
      <trkpt lat="36.8587744" lon="138.1768982">
        <ele>714.293501492514</ele>
      </trkpt>
      <trkpt lat="36.8587847" lon="138.1768985">
        <ele>714.3547024102695</ele>
      </trkpt>
      <trkpt lat="36.858795" lon="138.1768989">
        <ele>714.4158314150186</ele>
      </trkpt>
      <trkpt lat="36.8588066" lon="138.1769013">
        <ele>714.4840463398845</ele>
      </trkpt>
      <trkpt lat="36.8588182" lon="138.1769038">
        <ele>714.5517343289557</ele>
      </trkpt>
      <trkpt lat="36.8588302" lon="138.1769056">
        <ele>714.6216022770734</ele>
      </trkpt>
      <trkpt lat="36.8588422" lon="138.1769074">
        <ele>714.6910909023389</ele>
      </trkpt>
      <trkpt lat="36.8588558" lon="138.1769079">
        <ele>714.7704801854368</ele>
      </trkpt>
      <trkpt lat="36.8588695" lon="138.1769085">
        <ele>714.8502524684432</ele>
      </trkpt>
      <trkpt lat="36.8588858" lon="138.17691">
        <ele>714.9562920576482</ele>
      </trkpt>
      <trkpt lat="36.8589022" lon="138.1769115">
        <ele>715.1465395921916</ele>
      </trkpt>
      <trkpt lat="36.858918" lon="138.1769121">
        <ele>715.3305763642836</ele>
      </trkpt>
      <trkpt lat="36.8589341" lon="138.1769127">
        <ele>715.5180557084751</ele>
      </trkpt>
      <trkpt lat="36.8589494" lon="138.1769118">
        <ele>715.697885011652</ele>
      </trkpt>
      <trkpt lat="36.8589647" lon="138.1769109">
        <ele>715.8778056056877</ele>
      </trkpt>
      <trkpt lat="36.85898" lon="138.1769095">
        <ele>716.0584548452108</ele>
      </trkpt>
      <trkpt lat="36.8589955" lon="138.1769081">
        <ele>716.2415860286269</ele>
      </trkpt>
      <trkpt lat="36.8590114" lon="138.1769061">
        <ele>716.4303700788038</ele>
      </trkpt>
      <trkpt lat="36.8590273" lon="138.1769042">
        <ele>716.507145634039</ele>
      </trkpt>
      <trkpt lat="36.8590441" lon="138.1769037">
        <ele>716.4015507425083</ele>
      </trkpt>
      <trkpt lat="36.8590609" lon="138.1769033">
        <ele>716.295657587312</ele>
      </trkpt>
      <trkpt lat="36.8590782" lon="138.176905">
        <ele>716.1849398984593</ele>
      </trkpt>
      <trkpt lat="36.8590954" lon="138.1769067">
        <ele>716.0755721613857</ele>
      </trkpt>
      <trkpt lat="36.8591107" lon="138.1769084">
        <ele>715.9788296516775</ele>
      </trkpt>
      <trkpt lat="36.8591261" lon="138.1769102">
        <ele>715.882087893559</ele>
      </trkpt>
      <trkpt lat="36.8591396" lon="138.1769095">
        <ele>715.7977448146426</ele>
      </trkpt>
      <trkpt lat="36.8591532" lon="138.1769088">
        <ele>715.712543742603</ele>
      </trkpt>
      <trkpt lat="36.8591663" lon="138.1769056">
        <ele>715.5340529163913</ele>
      </trkpt>
      <trkpt lat="36.8591795" lon="138.1769025">
        <ele>715.2895007366906</ele>
      </trkpt>
      <trkpt lat="36.859194" lon="138.1768968">
        <ele>715.0184299374124</ele>
      </trkpt>
      <trkpt lat="36.8592085" lon="138.1768911">
        <ele>714.745661122322</ele>
      </trkpt>
      <trkpt lat="36.8592242" lon="138.1768855">
        <ele>714.4489460703</ele>
      </trkpt>
      <trkpt lat="36.85924" lon="138.17688">
        <ele>714.1486682451067</ele>
      </trkpt>
      <trkpt lat="36.8592558" lon="138.1768787">
        <ele>713.8519526135792</ele>
      </trkpt>
      <trkpt lat="36.8592716" lon="138.1768775">
        <ele>713.5549584980154</ele>
      </trkpt>
      <trkpt lat="36.8592871" lon="138.1768813">
        <ele>713.2711623069883</ele>
      </trkpt>
      <trkpt lat="36.8593026" lon="138.1768851">
        <ele>712.9957274361907</ele>
      </trkpt>
      <trkpt lat="36.8593178" lon="138.1768913">
        <ele>712.732173865539</ele>
      </trkpt>
      <trkpt lat="36.8593331" lon="138.1768975">
        <ele>712.4573074277835</ele>
      </trkpt>
      <trkpt lat="36.8593472" lon="138.1769001">
        <ele>712.1983589787997</ele>
      </trkpt>
      <trkpt lat="36.8593613" lon="138.1769028">
        <ele>711.9355560369485</ele>
      </trkpt>
      <trkpt lat="36.8593746" lon="138.1769014">
        <ele>711.6931711097819</ele>
      </trkpt>
      <trkpt lat="36.859388" lon="138.1769001">
        <ele>711.4505332930801</ele>
      </trkpt>
      <trkpt lat="36.859402" lon="138.1768948">
        <ele>711.2133556832763</ele>
      </trkpt>
      <trkpt lat="36.8594161" lon="138.1768894">
        <ele>710.9823104534328</ele>
      </trkpt>
      <trkpt lat="36.8594298" lon="138.1768792">
        <ele>710.7902594479275</ele>
      </trkpt>
      <trkpt lat="36.8594435" lon="138.176869">
        <ele>710.810329853327</ele>
      </trkpt>
      <trkpt lat="36.8594567" lon="138.1768587">
        <ele>710.89424191141</ele>
      </trkpt>
      <trkpt lat="36.8594701" lon="138.1768484">
        <ele>710.9777060954291</ele>
      </trkpt>
      <trkpt lat="36.8594831" lon="138.1768424">
        <ele>711.0375697234239</ele>
      </trkpt>
      <trkpt lat="36.859496" lon="138.1768365">
        <ele>711.0961912984018</ele>
      </trkpt>
      <trkpt lat="36.8595078" lon="138.1768303">
        <ele>711.1533769718809</ele>
      </trkpt>
      <trkpt lat="36.8595196" lon="138.1768241">
        <ele>711.2100778078395</ele>
      </trkpt>
      <trkpt lat="36.8595294" lon="138.1768155">
        <ele>711.2737599462779</ele>
      </trkpt>
      <trkpt lat="36.8595393" lon="138.176807">
        <ele>711.336608176821</ele>
      </trkpt>
      <trkpt lat="36.8595476" lon="138.1767955">
        <ele>711.4101015402057</ele>
      </trkpt>
      <trkpt lat="36.859556" lon="138.176784">
        <ele>711.483167578611</ele>
      </trkpt>
      <trkpt lat="36.8595647" lon="138.1767711">
        <ele>711.562914639547</ele>
      </trkpt>
      <trkpt lat="36.8595734" lon="138.1767582">
        <ele>711.6245938386254</ele>
      </trkpt>
      <trkpt lat="36.8595809" lon="138.1767464">
        <ele>711.6617983967868</ele>
      </trkpt>
      <trkpt lat="36.8595885" lon="138.1767347">
        <ele>711.6997749048701</ele>
      </trkpt>
      <trkpt lat="36.8595952" lon="138.1767225">
        <ele>711.7408156572235</ele>
      </trkpt>
      <trkpt lat="36.8596019" lon="138.1767103">
        <ele>711.7829127297143</ele>
      </trkpt>
      <trkpt lat="36.8596085" lon="138.1766962">
        <ele>711.8328905396962</ele>
      </trkpt>
      <trkpt lat="36.8596151" lon="138.1766821">
        <ele>711.8840709575207</ele>
      </trkpt>
      <trkpt lat="36.8596202" lon="138.176667">
        <ele>711.9398584810457</ele>
      </trkpt>
      <trkpt lat="36.8596253" lon="138.1766519">
        <ele>711.9966411997491</ele>
      </trkpt>
      <trkpt lat="36.8596288" lon="138.1766351">
        <ele>712.0601445093903</ele>
      </trkpt>
      <trkpt lat="36.8596324" lon="138.1766184">
        <ele>712.1240827397243</ele>
      </trkpt>
      <trkpt lat="36.8596322" lon="138.1766016">
        <ele>712.1868810267023</ele>
      </trkpt>
      <trkpt lat="36.859632" lon="138.1765848">
        <ele>712.2827119553488</ele>
      </trkpt>
      <trkpt lat="36.859629" lon="138.1765696">
        <ele>712.3928868373373</ele>
      </trkpt>
      <trkpt lat="36.859626" lon="138.1765543">
        <ele>712.5028765205634</ele>
      </trkpt>
      <trkpt lat="36.8596243" lon="138.1765414">
        <ele>712.5958736564111</ele>
      </trkpt>
      <trkpt lat="36.8596226" lon="138.1765284">
        <ele>712.6891605937938</ele>
      </trkpt>
      <trkpt lat="36.8596236" lon="138.1765155">
        <ele>712.7851717025844</ele>
      </trkpt>
      <trkpt lat="36.8596247" lon="138.1765029">
        <ele>712.8793955476394</ele>
      </trkpt>
      <trkpt lat="36.8596276" lon="138.1764868">
        <ele>713.0027937112508</ele>
      </trkpt>
      <trkpt lat="36.8596306" lon="138.1764708">
        <ele>713.1265842603921</ele>
      </trkpt>
      <trkpt lat="36.859634" lon="138.1764509">
        <ele>713.2812075175797</ele>
      </trkpt>
      <trkpt lat="36.8596373" lon="138.1764313">
        <ele>713.4347246721651</ele>
      </trkpt>
      <trkpt lat="36.8596407" lon="138.1764101">
        <ele>713.5358199821941</ele>
      </trkpt>
      <trkpt lat="36.8596441" lon="138.1763889">
        <ele>713.5849448724409</ele>
      </trkpt>
      <trkpt lat="36.8596483" lon="138.1763681">
        <ele>713.6321126945772</ele>
      </trkpt>
      <trkpt lat="36.8596525" lon="138.1763473">
        <ele>713.6763857792675</ele>
      </trkpt>
      <trkpt lat="36.8596558" lon="138.1763302">
        <ele>713.7104828058405</ele>
      </trkpt>
      <trkpt lat="36.8596591" lon="138.176313">
        <ele>713.7428817315188</ele>
      </trkpt>
      <trkpt lat="36.8596598" lon="138.1762982">
        <ele>713.7685356866089</ele>
      </trkpt>
      <trkpt lat="36.8596607" lon="138.1762834">
        <ele>713.7938645019458</ele>
      </trkpt>
      <trkpt lat="36.8596604" lon="138.1762702">
        <ele>713.8162237983368</ele>
      </trkpt>
      <trkpt lat="36.8596604" lon="138.176257">
        <ele>713.8386103145591</ele>
      </trkpt>
      <trkpt lat="36.8596621" lon="138.176245">
        <ele>713.8555514398558</ele>
      </trkpt>
      <trkpt lat="36.8596639" lon="138.176233">
        <ele>713.8688595639197</ele>
      </trkpt>
      <trkpt lat="36.8596663" lon="138.1762202">
        <ele>713.8819922633114</ele>
      </trkpt>
      <trkpt lat="36.8596688" lon="138.1762074">
        <ele>713.8941862582367</ele>
      </trkpt>
      <trkpt lat="36.859672" lon="138.1761934">
        <ele>713.9059550463658</ele>
      </trkpt>
      <trkpt lat="36.8596753" lon="138.1761795">
        <ele>713.9162611665917</ele>
      </trkpt>
      <trkpt lat="36.8596789" lon="138.176168">
        <ele>713.922475516648</ele>
      </trkpt>
      <trkpt lat="36.8596825" lon="138.1761565">
        <ele>713.9275649740703</ele>
      </trkpt>
      <trkpt lat="36.8596853" lon="138.1761469">
        <ele>713.931334201301</ele>
      </trkpt>
      <trkpt lat="36.8596882" lon="138.1761373">
        <ele>713.9341738261123</ele>
      </trkpt>
      <trkpt lat="36.8596911" lon="138.1761294">
        <ele>713.9348649390256</ele>
      </trkpt>
      <trkpt lat="36.8596941" lon="138.1761214">
        <ele>713.9347906645173</ele>
      </trkpt>
      <trkpt lat="36.8596979" lon="138.176114">
        <ele>713.931774735086</ele>
      </trkpt>
      <trkpt lat="36.8597017" lon="138.1761066">
        <ele>713.9279947477493</ele>
      </trkpt>
      <trkpt lat="36.8597063" lon="138.1760971">
        <ele>713.9227286645315</ele>
      </trkpt>
      <trkpt lat="36.8597109" lon="138.1760879">
        <ele>713.9074412869795</ele>
      </trkpt>
      <trkpt lat="36.8597144" lon="138.1760753">
        <ele>713.8943593138074</ele>
      </trkpt>
      <trkpt lat="36.859718" lon="138.1760628">
        <ele>713.8755046881774</ele>
      </trkpt>
      <trkpt lat="36.8597208" lon="138.1760478">
        <ele>713.8615958994255</ele>
      </trkpt>
      <trkpt lat="36.8597237" lon="138.1760328">
        <ele>713.8478248194522</ele>
      </trkpt>
      <trkpt lat="36.8597269" lon="138.1760167">
        <ele>713.8333535135623</ele>
      </trkpt>
      <trkpt lat="36.8597302" lon="138.1760006">
        <ele>713.8191895649591</ele>
      </trkpt>
      <trkpt lat="36.8597331" lon="138.1759845">
        <ele>713.8076980994748</ele>
      </trkpt>
      <trkpt lat="36.8597361" lon="138.1759683">
        <ele>713.7964819089966</ele>
      </trkpt>
      <trkpt lat="36.8597364" lon="138.1759519">
        <ele>713.7979471534914</ele>
      </trkpt>
      <trkpt lat="36.859737" lon="138.1759355">
        <ele>713.7982024336612</ele>
      </trkpt>
      <trkpt lat="36.8597341" lon="138.1759208">
        <ele>713.8128983519572</ele>
      </trkpt>
      <trkpt lat="36.8597312" lon="138.1759061">
        <ele>713.8322412671985</ele>
      </trkpt>
      <trkpt lat="36.8597262" lon="138.175892">
        <ele>713.9269935958026</ele>
      </trkpt>
      <trkpt lat="36.8597212" lon="138.1758778">
        <ele>714.0230002666955</ele>
      </trkpt>
      <trkpt lat="36.8597137" lon="138.1758621">
        <ele>714.1384729852646</ele>
      </trkpt>
      <trkpt lat="36.8597062" lon="138.1758465">
        <ele>714.2532551862984</ele>
      </trkpt>
      <trkpt lat="36.8596977" lon="138.1758286">
        <ele>714.3731381954983</ele>
      </trkpt>
      <trkpt lat="36.8596892" lon="138.1758107">
        <ele>714.4823834143451</ele>
      </trkpt>
      <trkpt lat="36.8596816" lon="138.1757903">
        <ele>714.5906282381096</ele>
      </trkpt>
      <trkpt lat="36.8596741" lon="138.1757699">
        <ele>714.6879469972566</ele>
      </trkpt>
      <trkpt lat="36.8596675" lon="138.1757478">
        <ele>714.7811674742762</ele>
      </trkpt>
      <trkpt lat="36.859661" lon="138.1757256">
        <ele>714.8512536711061</ele>
      </trkpt>
      <trkpt lat="36.8596563" lon="138.1757048">
        <ele>714.9007703315056</ele>
      </trkpt>
      <trkpt lat="36.8596517" lon="138.175684">
        <ele>714.952497428023</ele>
      </trkpt>
      <trkpt lat="36.8596486" lon="138.1756634">
        <ele>715.0051806717878</ele>
      </trkpt>
      <trkpt lat="36.8596456" lon="138.1756428">
        <ele>715.0592521744923</ele>
      </trkpt>
      <trkpt lat="36.859646" lon="138.1756246">
        <ele>715.1053743584516</ele>
      </trkpt>
      <trkpt lat="36.8596464" lon="138.1756064">
        <ele>715.1513300949772</ele>
      </trkpt>
      <trkpt lat="36.8596492" lon="138.1755873">
        <ele>715.1961598663038</ele>
      </trkpt>
      <trkpt lat="36.8596519" lon="138.1755681">
        <ele>715.2401722368638</ele>
      </trkpt>
      <trkpt lat="36.8596549" lon="138.1755482">
        <ele>715.3231828273633</ele>
      </trkpt>
      <trkpt lat="36.8596582" lon="138.1755283">
        <ele>715.4162535370657</ele>
      </trkpt>
      <trkpt lat="36.859661" lon="138.1755073">
        <ele>715.5155579194876</ele>
      </trkpt>
      <trkpt lat="36.8596641" lon="138.1754864">
        <ele>715.613858110204</ele>
      </trkpt>
      <trkpt lat="36.8596668" lon="138.1754629">
        <ele>715.7256481503923</ele>
      </trkpt>
      <trkpt lat="36.8596695" lon="138.1754395">
        <ele>715.836922735438</ele>
      </trkpt>
      <trkpt lat="36.8596707" lon="138.1754166">
        <ele>715.9481727154719</ele>
      </trkpt>
      <trkpt lat="36.8596719" lon="138.1753937">
        <ele>716.0594135901982</ele>
      </trkpt>
      <trkpt lat="36.8596705" lon="138.1753729">
        <ele>716.1867536335053</ele>
      </trkpt>
      <trkpt lat="36.8596691" lon="138.1753522">
        <ele>716.3141767471097</ele>
      </trkpt>
      <trkpt lat="36.8596645" lon="138.175334">
        <ele>716.4270018197783</ele>
      </trkpt>
      <trkpt lat="36.8596598" lon="138.1753158">
        <ele>716.5365691146958</ele>
      </trkpt>
      <trkpt lat="36.8596542" lon="138.1753008">
        <ele>716.6241221935351</ele>
      </trkpt>
      <trkpt lat="36.8596486" lon="138.1752858">
        <ele>716.7083908581619</ele>
      </trkpt>
      <trkpt lat="36.859643" lon="138.1752722">
        <ele>716.7815920349778</ele>
      </trkpt>
      <trkpt lat="36.8596373" lon="138.1752586">
        <ele>716.8517192061485</ele>
      </trkpt>
      <trkpt lat="36.8596336" lon="138.1752438">
        <ele>716.9277205248924</ele>
      </trkpt>
      <trkpt lat="36.8596298" lon="138.1752291">
        <ele>717.0008965859263</ele>
      </trkpt>
      <trkpt lat="36.8596278" lon="138.1752148">
        <ele>717.0655625055533</ele>
      </trkpt>
      <trkpt lat="36.8596258" lon="138.1752008">
        <ele>717.1180002391043</ele>
      </trkpt>
      <trkpt lat="36.8596239" lon="138.1751874">
        <ele>717.169076195384</ele>
      </trkpt>
      <trkpt lat="36.8596221" lon="138.1751741">
        <ele>717.2206856915316</ele>
      </trkpt>
      <trkpt lat="36.8596177" lon="138.1751595">
        <ele>717.2765660129317</ele>
      </trkpt>
      <trkpt lat="36.8596133" lon="138.1751449">
        <ele>717.3345749734385</ele>
      </trkpt>
      <trkpt lat="36.8596066" lon="138.1751296">
        <ele>717.397230312061</ele>
      </trkpt>
      <trkpt lat="36.8596" lon="138.1751142">
        <ele>717.4637174347823</ele>
      </trkpt>
      <trkpt lat="36.8595934" lon="138.1750969">
        <ele>717.5421465285631</ele>
      </trkpt>
      <trkpt lat="36.8595868" lon="138.1750797">
        <ele>717.6238968568136</ele>
      </trkpt>
      <trkpt lat="36.8595833" lon="138.1750621">
        <ele>717.7084563061222</ele>
      </trkpt>
      <trkpt lat="36.8595798" lon="138.1750445">
        <ele>717.7930974010744</ele>
      </trkpt>
      <trkpt lat="36.8595795" lon="138.1750269">
        <ele>717.8689342011635</ele>
      </trkpt>
      <trkpt lat="36.8595793" lon="138.1750093">
        <ele>717.9447327710227</ele>
      </trkpt>
      <trkpt lat="36.8595823" lon="138.1749915">
        <ele>718.0157329056428</ele>
      </trkpt>
      <trkpt lat="36.8595853" lon="138.1749738">
        <ele>718.0850898851298</ele>
      </trkpt>
      <trkpt lat="36.8595934" lon="138.174954">
        <ele>718.1506971812856</ele>
      </trkpt>
      <trkpt lat="36.8596016" lon="138.1749342">
        <ele>718.212392801611</ele>
      </trkpt>
      <trkpt lat="36.8596108" lon="138.1749137">
        <ele>718.2704534965654</ele>
      </trkpt>
      <trkpt lat="36.8596201" lon="138.1748933">
        <ele>718.3235279768528</ele>
      </trkpt>
      <trkpt lat="36.8596273" lon="138.1748757">
        <ele>718.3721012949956</ele>
      </trkpt>
      <trkpt lat="36.8596345" lon="138.1748582">
        <ele>718.4597369821352</ele>
      </trkpt>
      <trkpt lat="36.8596412" lon="138.1748424">
        <ele>718.5387224213824</ele>
      </trkpt>
      <trkpt lat="36.8596479" lon="138.1748267">
        <ele>718.6175327908935</ele>
      </trkpt>
      <trkpt lat="36.8596528" lon="138.1748082">
        <ele>718.7198194756949</ele>
      </trkpt>
      <trkpt lat="36.8596578" lon="138.1747897">
        <ele>718.8222054834525</ele>
      </trkpt>
      <trkpt lat="36.8596603" lon="138.1747684">
        <ele>718.949914330867</ele>
      </trkpt>
      <trkpt lat="36.8596628" lon="138.1747471">
        <ele>719.0778525605106</ele>
      </trkpt>
      <trkpt lat="36.8596631" lon="138.1747249">
        <ele>719.2178321423123</ele>
      </trkpt>
      <trkpt lat="36.8596633" lon="138.1747028">
        <ele>719.3552994113983</ele>
      </trkpt>
      <trkpt lat="36.8596618" lon="138.1746832">
        <ele>719.4685199546957</ele>
      </trkpt>
      <trkpt lat="36.8596603" lon="138.1746636">
        <ele>719.5827439145103</ele>
      </trkpt>
      <trkpt lat="36.8596588" lon="138.1746461">
        <ele>719.686179227353</ele>
      </trkpt>
      <trkpt lat="36.8596573" lon="138.1746287">
        <ele>719.789946361022</ele>
      </trkpt>
      <trkpt lat="36.859658" lon="138.1746132">
        <ele>719.8743659399895</ele>
      </trkpt>
      <trkpt lat="36.8596587" lon="138.1745977">
        <ele>719.9584152106455</ele>
      </trkpt>
      <trkpt lat="36.8596609" lon="138.1745817">
        <ele>720.0376321453884</ele>
      </trkpt>
      <trkpt lat="36.8596632" lon="138.1745656">
        <ele>720.1156901225073</ele>
      </trkpt>
      <trkpt lat="36.8596649" lon="138.1745459">
        <ele>720.2155600031359</ele>
      </trkpt>
      <trkpt lat="36.8596667" lon="138.1745262">
        <ele>720.308049604638</ele>
      </trkpt>
      <trkpt lat="36.8596674" lon="138.1745027">
        <ele>720.4155519188412</ele>
      </trkpt>
      <trkpt lat="36.8596681" lon="138.1744793">
        <ele>720.5226833347963</ele>
      </trkpt>
      <trkpt lat="36.8596679" lon="138.1744564">
        <ele>720.6324187653966</ele>
      </trkpt>
      <trkpt lat="36.8596677" lon="138.1744335">
        <ele>720.7421253611003</ele>
      </trkpt>
      <trkpt lat="36.8596687" lon="138.1744122">
        <ele>720.8378826037152</ele>
      </trkpt>
      <trkpt lat="36.8596698" lon="138.1743909">
        <ele>720.9332529751331</ele>
      </trkpt>
      <trkpt lat="36.8596729" lon="138.1743658">
        <ele>721.0365725774155</ele>
      </trkpt>
      <trkpt lat="36.859676" lon="138.1743406">
        <ele>721.1798614271943</ele>
      </trkpt>
      <trkpt lat="36.8596808" lon="138.1743173">
        <ele>721.3109870295805</ele>
      </trkpt>
      <trkpt lat="36.8596856" lon="138.174294">
        <ele>721.4446697034542</ele>
      </trkpt>
      <trkpt lat="36.8596914" lon="138.1742738">
        <ele>721.5559026374849</ele>
      </trkpt>
      <trkpt lat="36.8596972" lon="138.1742537">
        <ele>721.6691323786793</ele>
      </trkpt>
      <trkpt lat="36.859701" lon="138.174236">
        <ele>721.775856505548</ele>
      </trkpt>
      <trkpt lat="36.8597048" lon="138.1742184">
        <ele>721.883427855861</ele>
      </trkpt>
      <trkpt lat="36.8597033" lon="138.1742005">
        <ele>722.0119493555324</ele>
      </trkpt>
      <trkpt lat="36.8597017" lon="138.1741827">
        <ele>722.1496178534758</ele>
      </trkpt>
      <trkpt lat="36.8596955" lon="138.1741653">
        <ele>722.3100799583272</ele>
      </trkpt>
      <trkpt lat="36.8596893" lon="138.1741479">
        <ele>722.4688619599186</ele>
      </trkpt>
      <trkpt lat="36.8596815" lon="138.1741317">
        <ele>722.6206553876891</ele>
      </trkpt>
      <trkpt lat="36.8596737" lon="138.1741156">
        <ele>722.7696860046351</ele>
      </trkpt>
      <trkpt lat="36.8596661" lon="138.1740997">
        <ele>722.9146932637672</ele>
      </trkpt>
      <trkpt lat="36.8596585" lon="138.1740839">
        <ele>723.0570355168398</ele>
      </trkpt>
      <trkpt lat="36.8596525" lon="138.1740665">
        <ele>723.2064361776997</ele>
      </trkpt>
      <trkpt lat="36.8596466" lon="138.1740492">
        <ele>723.3532315649143</ele>
      </trkpt>
      <trkpt lat="36.8596427" lon="138.1740299">
        <ele>723.510009121825</ele>
      </trkpt>
      <trkpt lat="36.8596389" lon="138.1740108">
        <ele>723.6776560611564</ele>
      </trkpt>
      <trkpt lat="36.8596377" lon="138.1739915">
        <ele>723.8606596627938</ele>
      </trkpt>
      <trkpt lat="36.8596365" lon="138.1739723">
        <ele>724.0423049310945</ele>
      </trkpt>
      <trkpt lat="36.8596385" lon="138.1739523">
        <ele>724.2271277723758</ele>
      </trkpt>
      <trkpt lat="36.8596405" lon="138.1739323">
        <ele>724.4126795992738</ele>
      </trkpt>
      <trkpt lat="36.8596481" lon="138.1739127">
        <ele>724.5904176525369</ele>
      </trkpt>
      <trkpt lat="36.8596557" lon="138.173893">
        <ele>724.7718241960424</ele>
      </trkpt>
      <trkpt lat="36.8596669" lon="138.1738756">
        <ele>724.9320107053435</ele>
      </trkpt>
      <trkpt lat="36.859678" lon="138.1738581">
        <ele>725.0967585248426</ele>
      </trkpt>
      <trkpt lat="36.8596896" lon="138.1738417">
        <ele>725.2425067951904</ele>
      </trkpt>
      <trkpt lat="36.8597012" lon="138.1738254">
        <ele>725.3681695055704</ele>
      </trkpt>
      <trkpt lat="36.8597102" lon="138.1738095">
        <ele>725.5000064614826</ele>
      </trkpt>
      <trkpt lat="36.8597192" lon="138.1737936">
        <ele>725.648066948653</ele>
      </trkpt>
      <trkpt lat="36.859725" lon="138.1737787">
        <ele>725.7787984743225</ele>
      </trkpt>
      <trkpt lat="36.8597309" lon="138.1737639">
        <ele>725.9078370995899</ele>
      </trkpt>
      <trkpt lat="36.8597355" lon="138.1737484">
        <ele>726.0382810893753</ele>
      </trkpt>
      <trkpt lat="36.8597401" lon="138.173733">
        <ele>726.1670095431743</ele>
      </trkpt>
      <trkpt lat="36.8597435" lon="138.1737171">
        <ele>726.2962580790195</ele>
      </trkpt>
      <trkpt lat="36.859747" lon="138.1737012">
        <ele>726.4249777389513</ele>
      </trkpt>
      <trkpt lat="36.8597499" lon="138.1736852">
        <ele>726.5526611214583</ele>
      </trkpt>
      <trkpt lat="36.8597528" lon="138.1736693">
        <ele>726.6465851111029</ele>
      </trkpt>
      <trkpt lat="36.8597566" lon="138.1736528">
        <ele>726.6929619522903</ele>
      </trkpt>
      <trkpt lat="36.8597604" lon="138.1736364">
        <ele>726.7388274413806</ele>
      </trkpt>
      <trkpt lat="36.8597652" lon="138.1736194">
        <ele>726.7874526749597</ele>
      </trkpt>
      <trkpt lat="36.85977" lon="138.1736024">
        <ele>726.8357264047763</ele>
      </trkpt>
      <trkpt lat="36.8597741" lon="138.1735841">
        <ele>726.8856880774524</ele>
      </trkpt>
      <trkpt lat="36.8597784" lon="138.1735659">
        <ele>726.9353831784624</ele>
      </trkpt>
      <trkpt lat="36.859782" lon="138.1735464">
        <ele>726.9868153294428</ele>
      </trkpt>
      <trkpt lat="36.8597856" lon="138.1735271">
        <ele>727.0374734128858</ele>
      </trkpt>
      <trkpt lat="36.8597887" lon="138.1735083">
        <ele>727.0859837811066</ele>
      </trkpt>
      <trkpt lat="36.859792" lon="138.1734896">
        <ele>727.0620047768462</ele>
      </trkpt>
      <trkpt lat="36.8597966" lon="138.1734724">
        <ele>727.0232354185553</ele>
      </trkpt>
      <trkpt lat="36.8598014" lon="138.1734553">
        <ele>726.9871083956109</ele>
      </trkpt>
      <trkpt lat="36.8598088" lon="138.1734406">
        <ele>726.9646883222323</ele>
      </trkpt>
      <trkpt lat="36.8598163" lon="138.173426">
        <ele>726.9454806897973</ele>
      </trkpt>
      <trkpt lat="36.859816" lon="138.173371">
        <ele>726.811942795244</ele>
      </trkpt>
      <trkpt lat="36.86014" lon="138.173365">
        <ele>728.0658346404325</ele>
      </trkpt>
      <trkpt lat="36.860326" lon="138.173337">
        <ele>729.0818671011887</ele>
      </trkpt>
      <trkpt lat="36.860523" lon="138.173287">
        <ele>730.1062100301328</ele>
      </trkpt>
      <trkpt lat="36.860661" lon="138.173281">
        <ele>730.0519685521786</ele>
      </trkpt>
      <trkpt lat="36.860792" lon="138.173276">
        <ele>729.7094473208873</ele>
      </trkpt>
      <trkpt lat="36.86103" lon="138.173377">
        <ele>728.4736130035567</ele>
      </trkpt>
      <trkpt lat="36.861847" lon="138.173897">
        <ele>732.0032289012888</ele>
      </trkpt>
      <trkpt lat="36.86224" lon="138.174132">
        <ele>732.5079203279543</ele>
      </trkpt>
      <trkpt lat="36.86244" lon="138.174273">
        <ele>734.8574821529487</ele>
      </trkpt>
      <trkpt lat="36.862756" lon="138.174444">
        <ele>737.6364184805467</ele>
      </trkpt>
      <trkpt lat="36.863523" lon="138.174583">
        <ele>736.7202753018311</ele>
      </trkpt>
      <trkpt lat="36.863523" lon="138.174583">
        <ele>736.7202753018311</ele>
      </trkpt>
      <trkpt lat="36.86387522076427" lon="138.17493238119027">
        <ele>734.7224792815553</ele>
      </trkpt>
      <trkpt lat="36.86422744152854" lon="138.17528176238056">
        <ele>737.941264864837</ele>
      </trkpt>
      <trkpt lat="36.86457966229282" lon="138.17563114357083">
        <ele>741.5027583903599</ele>
      </trkpt>
      <trkpt lat="36.864738859993395" lon="138.17578905783301">
        <ele>742.6308195804339</ele>
      </trkpt>
    </trkseg>
  </trk>
</gpx>
