<?xml version="1.0" encoding="UTF-8"?>
<gpx creator="https://gpx.studio" version="1.1" xmlns="http://www.topografix.com/GPX/1/1" xmlns:xsi="http://www.w3.org/2001/XMLSchema-instance" xsi:schemaLocation="http://www.topografix.com/GPX/1/1 http://www.topografix.com/GPX/1/1/gpx.xsd http://www.garmin.com/xmlschemas/GpxExtensions/v3 http://www.garmin.com/xmlschemas/GpxExtensionsv3.xsd http://www.garmin.com/xmlschemas/TrackPointExtension/v1 http://www.garmin.com/xmlschemas/TrackPointExtensionv1.xsd http://www.garmin.com/xmlschemas/PowerExtension/v1 http://www.garmin.com/xmlschemas/PowerExtensionv1.xsd http://www.topografix.com/GPX/gpx_style/0/2 http://www.topografix.com/GPX/gpx_style/0/2/gpx_style.xsd" xmlns:gpxtpx="http://www.garmin.com/xmlschemas/TrackPointExtension/v1" xmlns:gpxx="http://www.garmin.com/xmlschemas/GpxExtensions/v3" xmlns:gpxpx="http://www.garmin.com/xmlschemas/PowerExtension/v1" xmlns:gpx_style="http://www.topografix.com/GPX/gpx_style/0/2">
  <metadata>
    <name>夢見平トレイル</name>
    <author>
      <name>gpx.studio</name>
      <link href="https://gpx.studio"/>
    </author>
  </metadata>
  <trk>
    <name>夢見平トレイル</name>
    <extensions>
      <gpx_style:line>
        <gpx_style:color>652881</gpx_style:color>
        <gpx_style:opacity>1</gpx_style:opacity>
        <gpx_style:width>6</gpx_style:width>
      </gpx_style:line>
    </extensions>
    <trkseg>
      <trkpt lat="36.85934486911076" lon="138.07620788078043">
        <ele>1231.6409969611086</ele>
      </trkpt>
      <trkpt lat="36.85898355595543" lon="138.07617163068744">
        <ele>1227.194703575995</ele>
      </trkpt>
      <trkpt lat="36.858874929218516" lon="138.07591096393975">
        <ele>1223.6979092959157</ele>
      </trkpt>
      <trkpt lat="36.858518632437" lon="138.07570460276264">
        <ele>1222.3545844561406</ele>
      </trkpt>
      <trkpt lat="36.858509" lon="138.075705">
        <ele>1222.327473369738</ele>
      </trkpt>
      <trkpt lat="36.858509" lon="138.075688">
        <ele>1222.410692913982</ele>
      </trkpt>
      <trkpt lat="36.858255" lon="138.075527">
        <ele>1218.1751330931215</ele>
      </trkpt>
      <trkpt lat="36.858255" lon="138.075527">
        <ele>1218.1751330931215</ele>
      </trkpt>
      <trkpt lat="36.858255" lon="138.075527">
        <ele>1218.1751330931215</ele>
      </trkpt>
      <trkpt lat="36.858255" lon="138.075527">
        <ele>1218.1751330931215</ele>
      </trkpt>
      <trkpt lat="36.858255" lon="138.075527">
        <ele>1218.1751330931215</ele>
      </trkpt>
      <trkpt lat="36.858255" lon="138.075527">
        <ele>1218.1751330931215</ele>
      </trkpt>
      <trkpt lat="36.858255" lon="138.075527">
        <ele>1218.1751330931215</ele>
      </trkpt>
      <trkpt lat="36.858255" lon="138.075527">
        <ele>1218.1751330931215</ele>
      </trkpt>
      <trkpt lat="36.858255" lon="138.075527">
        <ele>1218.1751330931215</ele>
      </trkpt>
      <trkpt lat="36.858255" lon="138.075527">
        <ele>1218.1751330931215</ele>
      </trkpt>
      <trkpt lat="36.858255" lon="138.075527">
        <ele>1218.1751330931215</ele>
      </trkpt>
      <trkpt lat="36.85783810912046" lon="138.0753163927782">
        <ele>1218.8224686560327</ele>
      </trkpt>
      <trkpt lat="36.85781247157463" lon="138.07530344106215">
        <ele>1218.9649978175155</ele>
      </trkpt>
      <trkpt lat="36.85781247157463" lon="138.07530344106215">
        <ele>1218.9649978175155</ele>
      </trkpt>
      <trkpt lat="36.85736637179242" lon="138.07523286088374">
        <ele>1218.1958642296968</ele>
      </trkpt>
      <trkpt lat="36.856920272010214" lon="138.07516228070534">
        <ele>1218.9697803500585</ele>
      </trkpt>
      <trkpt lat="36.85648472675592" lon="138.07509337042342">
        <ele>1220.3742426528859</ele>
      </trkpt>
      <trkpt lat="36.85638" lon="138.075091">
        <ele>1222.10512195647</ele>
      </trkpt>
      <trkpt lat="36.856171" lon="138.075104">
        <ele>1230.7532152691756</ele>
      </trkpt>
      <trkpt lat="36.855961" lon="138.075118">
        <ele>1244.361966247435</ele>
      </trkpt>
      <trkpt lat="36.855867" lon="138.075099">
        <ele>1249.2647326627557</ele>
      </trkpt>
      <trkpt lat="36.855815" lon="138.075022">
        <ele>1249.6709925160724</ele>
      </trkpt>
      <trkpt lat="36.855754" lon="138.074867">
        <ele>1251.4749867192133</ele>
      </trkpt>
      <trkpt lat="36.855669" lon="138.074801">
        <ele>1253.0195893597609</ele>
      </trkpt>
      <trkpt lat="36.855652" lon="138.074779">
        <ele>1253.293993513625</ele>
      </trkpt>
      <trkpt lat="36.855571" lon="138.074674">
        <ele>1254.2793633304982</ele>
      </trkpt>
      <trkpt lat="36.855537" lon="138.074567">
        <ele>1256.17479716248</ele>
      </trkpt>
      <trkpt lat="36.85552" lon="138.074447">
        <ele>1259.3669186569728</ele>
      </trkpt>
      <trkpt lat="36.855548" lon="138.07431">
        <ele>1262.4903226454533</ele>
      </trkpt>
      <trkpt lat="36.855538" lon="138.074258">
        <ele>1264.244978063537</ele>
      </trkpt>
      <trkpt lat="36.855498" lon="138.074224">
        <ele>1266.3650275308773</ele>
      </trkpt>
      <trkpt lat="36.855364" lon="138.074282">
        <ele>1264.938281901254</ele>
      </trkpt>
      <trkpt lat="36.855214" lon="138.07425">
        <ele>1264.4608001681831</ele>
      </trkpt>
      <trkpt lat="36.85498" lon="138.074224">
        <ele>1264.601117501731</ele>
      </trkpt>
      <trkpt lat="36.854891" lon="138.074237">
        <ele>1264.8423990938372</ele>
      </trkpt>
      <trkpt lat="36.854847" lon="138.074254">
        <ele>1265.6534271311957</ele>
      </trkpt>
      <trkpt lat="36.854802" lon="138.074272">
        <ele>1266.5305277466173</ele>
      </trkpt>
      <trkpt lat="36.854729" lon="138.074341">
        <ele>1267.5710863801103</ele>
      </trkpt>
      <trkpt lat="36.854632" lon="138.074531">
        <ele>1264.7205087731745</ele>
      </trkpt>
      <trkpt lat="36.854466" lon="138.07464">
        <ele>1265.910179057394</ele>
      </trkpt>
      <trkpt lat="36.854384" lon="138.074791">
        <ele>1266.4757039818396</ele>
      </trkpt>
      <trkpt lat="36.854202" lon="138.075192">
        <ele>1266.082105038788</ele>
      </trkpt>
      <trkpt lat="36.853991" lon="138.075407">
        <ele>1263.8323847492356</ele>
      </trkpt>
      <trkpt lat="36.853835" lon="138.075468">
        <ele>1263.0451272434802</ele>
      </trkpt>
      <trkpt lat="36.853782" lon="138.075465">
        <ele>1262.4169464958325</ele>
      </trkpt>
      <trkpt lat="36.853725" lon="138.075442">
        <ele>1260.6681929693575</ele>
      </trkpt>
      <trkpt lat="36.853648" lon="138.075377">
        <ele>1259.0202506453245</ele>
      </trkpt>
      <trkpt lat="36.853616" lon="138.075027">
        <ele>1260.7168600954926</ele>
      </trkpt>
      <trkpt lat="36.853612" lon="138.074807">
        <ele>1261.1549790341942</ele>
      </trkpt>
      <trkpt lat="36.85362" lon="138.074654">
        <ele>1261.5814252005862</ele>
      </trkpt>
      <trkpt lat="36.853671" lon="138.074481">
        <ele>1262.6778367763627</ele>
      </trkpt>
      <trkpt lat="36.853771" lon="138.07425">
        <ele>1263.716344991011</ele>
      </trkpt>
      <trkpt lat="36.853788" lon="138.074138">
        <ele>1263.0530907570485</ele>
      </trkpt>
      <trkpt lat="36.85378" lon="138.074049">
        <ele>1262.9415314955656</ele>
      </trkpt>
      <trkpt lat="36.853718" lon="138.073971">
        <ele>1262.9659349585252</ele>
      </trkpt>
      <trkpt lat="36.853653" lon="138.073923">
        <ele>1263.3123163273474</ele>
      </trkpt>
      <trkpt lat="36.85355" lon="138.07392">
        <ele>1263.7444454305805</ele>
      </trkpt>
      <trkpt lat="36.853047" lon="138.073981">
        <ele>1263.126637717361</ele>
      </trkpt>
      <trkpt lat="36.852847" lon="138.073965">
        <ele>1263.5664354241815</ele>
      </trkpt>
      <trkpt lat="36.852674" lon="138.073998">
        <ele>1263.5872983398135</ele>
      </trkpt>
      <trkpt lat="36.852532" lon="138.074182">
        <ele>1263.9346416330914</ele>
      </trkpt>
      <trkpt lat="36.852351" lon="138.074391">
        <ele>1264.5112216755329</ele>
      </trkpt>
      <trkpt lat="36.852262" lon="138.07452">
        <ele>1264.6585926944153</ele>
      </trkpt>
      <trkpt lat="36.852182" lon="138.074616">
        <ele>1264.4608980319194</ele>
      </trkpt>
      <trkpt lat="36.852066" lon="138.074691">
        <ele>1264.1775556734708</ele>
      </trkpt>
      <trkpt lat="36.851559" lon="138.074863">
        <ele>1263.0917691898303</ele>
      </trkpt>
      <trkpt lat="36.851134" lon="138.07505">
        <ele>1263.1538080299827</ele>
      </trkpt>
      <trkpt lat="36.851024" lon="138.075108">
        <ele>1263.114401201534</ele>
      </trkpt>
      <trkpt lat="36.850965" lon="138.075169">
        <ele>1263.7999423635592</ele>
      </trkpt>
      <trkpt lat="36.850956" lon="138.075431">
        <ele>1264.749445361702</ele>
      </trkpt>
      <trkpt lat="36.850976" lon="138.07569">
        <ele>1264.646966605298</ele>
      </trkpt>
      <trkpt lat="36.850973" lon="138.075858">
        <ele>1263.984069086592</ele>
      </trkpt>
      <trkpt lat="36.850734" lon="138.076435">
        <ele>1263.544956588422</ele>
      </trkpt>
      <trkpt lat="36.850474" lon="138.07702">
        <ele>1263.1738566463441</ele>
      </trkpt>
      <trkpt lat="36.850171" lon="138.07761">
        <ele>1262.4767462235016</ele>
      </trkpt>
      <trkpt lat="36.850002" lon="138.077877">
        <ele>1263.32533111477</ele>
      </trkpt>
      <trkpt lat="36.849677" lon="138.078515">
        <ele>1261.584238686856</ele>
      </trkpt>
      <trkpt lat="36.849448" lon="138.078727">
        <ele>1261.651431183076</ele>
      </trkpt>
      <trkpt lat="36.84885" lon="138.079141">
        <ele>1260.8949800963692</ele>
      </trkpt>
      <trkpt lat="36.848624" lon="138.07928">
        <ele>1261.1806159981986</ele>
      </trkpt>
      <trkpt lat="36.848526" lon="138.079363">
        <ele>1261.1600984105817</ele>
      </trkpt>
      <trkpt lat="36.84841" lon="138.079528">
        <ele>1260.9217042122884</ele>
      </trkpt>
      <trkpt lat="36.84816" lon="138.080408">
        <ele>1259.9229992257374</ele>
      </trkpt>
      <trkpt lat="36.848078" lon="138.080544">
        <ele>1262.0216314641134</ele>
      </trkpt>
      <trkpt lat="36.847995" lon="138.08066">
        <ele>1264.100464981974</ele>
      </trkpt>
      <trkpt lat="36.847816" lon="138.080858">
        <ele>1268.1565033224358</ele>
      </trkpt>
      <trkpt lat="36.847746" lon="138.080918">
        <ele>1269.7080293216861</ele>
      </trkpt>
      <trkpt lat="36.847593" lon="138.080988">
        <ele>1272.8650163440211</ele>
      </trkpt>
      <trkpt lat="36.847458" lon="138.080994">
        <ele>1275.0382762279328</ele>
      </trkpt>
      <trkpt lat="36.847304" lon="138.080953">
        <ele>1277.1561356895113</ele>
      </trkpt>
      <trkpt lat="36.847229" lon="138.080953">
        <ele>1278.9928593436493</ele>
      </trkpt>
      <trkpt lat="36.847163" lon="138.080981">
        <ele>1280.3629776131838</ele>
      </trkpt>
      <trkpt lat="36.847101" lon="138.08102">
        <ele>1281.853853146107</ele>
      </trkpt>
      <trkpt lat="36.847063" lon="138.08122">
        <ele>1287.4989942832556</ele>
      </trkpt>
      <trkpt lat="36.847029" lon="138.081299">
        <ele>1290.4201619443331</ele>
      </trkpt>
      <trkpt lat="36.846932" lon="138.081418">
        <ele>1295.6519193278546</ele>
      </trkpt>
      <trkpt lat="36.84689" lon="138.081517">
        <ele>1298.66401960972</ele>
      </trkpt>
      <trkpt lat="36.846837" lon="138.081604">
        <ele>1301.9608904807092</ele>
      </trkpt>
      <trkpt lat="36.846793" lon="138.081786">
        <ele>1309.9823481955848</ele>
      </trkpt>
      <trkpt lat="36.84676" lon="138.081852">
        <ele>1313.3850088247384</ele>
      </trkpt>
      <trkpt lat="36.84663" lon="138.081999">
        <ele>1318.1602523419688</ele>
      </trkpt>
      <trkpt lat="36.8466" lon="138.082081">
        <ele>1318.4241969868087</ele>
      </trkpt>
      <trkpt lat="36.846386" lon="138.082454">
        <ele>1316.9585040266618</ele>
      </trkpt>
      <trkpt lat="36.846086" lon="138.083003">
        <ele>1313.1458581915529</ele>
      </trkpt>
      <trkpt lat="36.845959" lon="138.083179">
        <ele>1311.4014764902238</ele>
      </trkpt>
      <trkpt lat="36.845881" lon="138.083234">
        <ele>1310.121855861031</ele>
      </trkpt>
      <trkpt lat="36.84574" lon="138.083206">
        <ele>1309.3475568292497</ele>
      </trkpt>
      <trkpt lat="36.845656" lon="138.083228">
        <ele>1308.560892758806</ele>
      </trkpt>
      <trkpt lat="36.845577" lon="138.083273">
        <ele>1307.7768342093082</ele>
      </trkpt>
      <trkpt lat="36.845433" lon="138.083409">
        <ele>1306.5870915928879</ele>
      </trkpt>
      <trkpt lat="36.845196" lon="138.083733">
        <ele>1304.4496323195283</ele>
      </trkpt>
      <trkpt lat="36.84512" lon="138.08388">
        <ele>1303.8277268711663</ele>
      </trkpt>
      <trkpt lat="36.845032" lon="138.084099">
        <ele>1300.568502627186</ele>
      </trkpt>
      <trkpt lat="36.844796" lon="138.084536">
        <ele>1297.167913702869</ele>
      </trkpt>
      <trkpt lat="36.844704" lon="138.084691">
        <ele>1296.3902508032463</ele>
      </trkpt>
      <trkpt lat="36.844631" lon="138.084842">
        <ele>1295.7713783556042</ele>
      </trkpt>
      <trkpt lat="36.844512" lon="138.085149">
        <ele>1294.5682662551649</ele>
      </trkpt>
      <trkpt lat="36.844437" lon="138.085292">
        <ele>1293.5002913889311</ele>
      </trkpt>
      <trkpt lat="36.84429" lon="138.085506">
        <ele>1293.5632810634372</ele>
      </trkpt>
      <trkpt lat="36.844071" lon="138.085779">
        <ele>1296.0647293444756</ele>
      </trkpt>
      <trkpt lat="36.843948" lon="138.085881">
        <ele>1297.6168308688632</ele>
      </trkpt>
      <trkpt lat="36.843508" lon="138.086181">
        <ele>1303.34848514854</ele>
      </trkpt>
      <trkpt lat="36.843325" lon="138.086282">
        <ele>1305.3487776090556</ele>
      </trkpt>
      <trkpt lat="36.843174" lon="138.086347">
        <ele>1305.9111264131343</ele>
      </trkpt>
      <trkpt lat="36.842896" lon="138.086504">
        <ele>1304.4710510637487</ele>
      </trkpt>
      <trkpt lat="36.842713" lon="138.086542">
        <ele>1301.9027804589712</ele>
      </trkpt>
      <trkpt lat="36.84254" lon="138.086543">
        <ele>1298.753299922324</ele>
      </trkpt>
      <trkpt lat="36.842466" lon="138.086553">
        <ele>1297.4068864646376</ele>
      </trkpt>
      <trkpt lat="36.842398" lon="138.086615">
        <ele>1295.9166356287947</ele>
      </trkpt>
      <trkpt lat="36.842292" lon="138.086839">
        <ele>1293.9035006034496</ele>
      </trkpt>
      <trkpt lat="36.842226" lon="138.086938">
        <ele>1292.7943403646186</ele>
      </trkpt>
      <trkpt lat="36.842138" lon="138.087005">
        <ele>1291.6852479045529</ele>
      </trkpt>
      <trkpt lat="36.841688" lon="138.087077">
        <ele>1287.9325377476375</ele>
      </trkpt>
      <trkpt lat="36.841605" lon="138.08714">
        <ele>1287.5333805935113</ele>
      </trkpt>
      <trkpt lat="36.841535" lon="138.08725">
        <ele>1286.8429516813871</ele>
      </trkpt>
      <trkpt lat="36.841488" lon="138.087361">
        <ele>1286.166379306578</ele>
      </trkpt>
      <trkpt lat="36.841423" lon="138.087417">
        <ele>1285.8136254714243</ele>
      </trkpt>
      <trkpt lat="36.841336" lon="138.087418">
        <ele>1285.617243871821</ele>
      </trkpt>
      <trkpt lat="36.841259" lon="138.087403">
        <ele>1285.4885733002518</ele>
      </trkpt>
      <trkpt lat="36.840894" lon="138.087246">
        <ele>1289.0185750647775</ele>
      </trkpt>
      <trkpt lat="36.840739" lon="138.087127">
        <ele>1291.202445986953</ele>
      </trkpt>
      <trkpt lat="36.840609" lon="138.087061">
        <ele>1292.6459416929897</ele>
      </trkpt>
      <trkpt lat="36.840381" lon="138.087012">
        <ele>1293.7655927301266</ele>
      </trkpt>
      <trkpt lat="36.840153" lon="138.086962">
        <ele>1294.0042290174395</ele>
      </trkpt>
      <trkpt lat="36.839913" lon="138.086943">
        <ele>1293.4833329164999</ele>
      </trkpt>
      <trkpt lat="36.839497" lon="138.086945">
        <ele>1291.6717798857712</ele>
      </trkpt>
      <trkpt lat="36.838799" lon="138.086798">
        <ele>1288.4842363577413</ele>
      </trkpt>
      <trkpt lat="36.838539" lon="138.086686">
        <ele>1289.409240462439</ele>
      </trkpt>
      <trkpt lat="36.838367" lon="138.08655">
        <ele>1289.2117460076822</ele>
      </trkpt>
      <trkpt lat="36.838292" lon="138.08645">
        <ele>1288.9354832918161</ele>
      </trkpt>
      <trkpt lat="36.8382" lon="138.086371">
        <ele>1287.9937470245254</ele>
      </trkpt>
      <trkpt lat="36.838075" lon="138.086309">
        <ele>1285.9315541405495</ele>
      </trkpt>
      <trkpt lat="36.837926" lon="138.086282">
        <ele>1282.7195298415736</ele>
      </trkpt>
      <trkpt lat="36.837521" lon="138.086259">
        <ele>1272.3006218507815</ele>
      </trkpt>
      <trkpt lat="36.837321" lon="138.086193">
        <ele>1268.334729076922</ele>
      </trkpt>
      <trkpt lat="36.837167" lon="138.086148">
        <ele>1265.5761250073147</ele>
      </trkpt>
      <trkpt lat="36.837121" lon="138.086011">
        <ele>1265.9497598768123</ele>
      </trkpt>
      <trkpt lat="36.836913" lon="138.085514">
        <ele>1266.5089988503275</ele>
      </trkpt>
      <trkpt lat="36.836857" lon="138.08536">
        <ele>1266.1799270594088</ele>
      </trkpt>
      <trkpt lat="36.836547" lon="138.084737">
        <ele>1265.2653051719353</ele>
      </trkpt>
      <trkpt lat="36.8363" lon="138.084371">
        <ele>1266.5704430593828</ele>
      </trkpt>
      <trkpt lat="36.835889" lon="138.083867">
        <ele>1264.6842505209079</ele>
      </trkpt>
      <trkpt lat="36.835829" lon="138.083815">
        <ele>1264.578941031041</ele>
      </trkpt>
      <trkpt lat="36.835774" lon="138.083794">
        <ele>1264.5347020897136</ele>
      </trkpt>
      <trkpt lat="36.835334" lon="138.083828">
        <ele>1263.913344821236</ele>
      </trkpt>
      <trkpt lat="36.835176" lon="138.083853">
        <ele>1262.252191509665</ele>
      </trkpt>
      <trkpt lat="36.834859" lon="138.083902">
        <ele>1260.4779102512898</ele>
      </trkpt>
      <trkpt lat="36.834628" lon="138.083902">
        <ele>1262.7436237257346</ele>
      </trkpt>
      <trkpt lat="36.834184" lon="138.08372">
        <ele>1266.2984756968312</ele>
      </trkpt>
      <trkpt lat="36.834071" lon="138.083685">
        <ele>1266.83524561584</ele>
      </trkpt>
      <trkpt lat="36.833885" lon="138.083678">
        <ele>1262.6660028838933</ele>
      </trkpt>
      <trkpt lat="36.833671" lon="138.083689">
        <ele>1261.2835415983031</ele>
      </trkpt>
      <trkpt lat="36.833457" lon="138.083699">
        <ele>1266.0518760446528</ele>
      </trkpt>
      <trkpt lat="36.833361" lon="138.083722">
        <ele>1265.2923126832316</ele>
      </trkpt>
      <trkpt lat="36.833272" lon="138.083769">
        <ele>1263.729419095659</ele>
      </trkpt>
      <trkpt lat="36.833128" lon="138.083969">
        <ele>1265.760936400823</ele>
      </trkpt>
      <trkpt lat="36.832984" lon="138.084168">
        <ele>1266.0488243715454</ele>
      </trkpt>
      <trkpt lat="36.832896" lon="138.084268">
        <ele>1261.2569353878876</ele>
      </trkpt>
      <trkpt lat="36.83284" lon="138.084308">
        <ele>1256.956787163955</ele>
      </trkpt>
      <trkpt lat="36.832759" lon="138.084308">
        <ele>1253.102003483806</ele>
      </trkpt>
      <trkpt lat="36.832534" lon="138.084126">
        <ele>1249.3278385495987</ele>
      </trkpt>
      <trkpt lat="36.832157" lon="138.083741">
        <ele>1242.4039056087224</ele>
      </trkpt>
      <trkpt lat="36.831982" lon="138.083587">
        <ele>1243.6889659248832</ele>
      </trkpt>
      <trkpt lat="36.831839" lon="138.083508">
        <ele>1244.9063395199892</ele>
      </trkpt>
      <trkpt lat="36.831718" lon="138.083503">
        <ele>1245.039069750958</ele>
      </trkpt>
      <trkpt lat="36.831565" lon="138.083579">
        <ele>1244.7687501053276</ele>
      </trkpt>
      <trkpt lat="36.831467" lon="138.083661">
        <ele>1245.7764415987679</ele>
      </trkpt>
      <trkpt lat="36.831403" lon="138.083734">
        <ele>1246.8345634594891</ele>
      </trkpt>
      <trkpt lat="36.831371" lon="138.083815">
        <ele>1247.4589388224326</ele>
      </trkpt>
      <trkpt lat="36.83138" lon="138.083937">
        <ele>1248.4862241480898</ele>
      </trkpt>
      <trkpt lat="36.831459" lon="138.084174">
        <ele>1254.0844037646723</ele>
      </trkpt>
      <trkpt lat="36.831611" lon="138.084489">
        <ele>1257.323761733981</ele>
      </trkpt>
      <trkpt lat="36.83178" lon="138.084776">
        <ele>1258.668021490634</ele>
      </trkpt>
      <trkpt lat="36.832033" lon="138.085147">
        <ele>1259.0781743316106</ele>
      </trkpt>
      <trkpt lat="36.832123" lon="138.08535">
        <ele>1260.560885963142</ele>
      </trkpt>
      <trkpt lat="36.83218" lon="138.085532">
        <ele>1260.9125454521823</ele>
      </trkpt>
      <trkpt lat="36.832196" lon="138.085749">
        <ele>1262.0657317108896</ele>
      </trkpt>
      <trkpt lat="36.832196" lon="138.085966">
        <ele>1262.5790223720749</ele>
      </trkpt>
      <trkpt lat="36.832118" lon="138.086448">
        <ele>1263.4436274126026</ele>
      </trkpt>
      <trkpt lat="36.832022" lon="138.086833">
        <ele>1266.3216749877215</ele>
      </trkpt>
      <trkpt lat="36.831943" lon="138.087029">
        <ele>1267.4244726162121</ele>
      </trkpt>
      <trkpt lat="36.831848" lon="138.087148">
        <ele>1268.4557212560044</ele>
      </trkpt>
      <trkpt lat="36.831532" lon="138.087631">
        <ele>1271.7460343582773</ele>
      </trkpt>
      <trkpt lat="36.831307" lon="138.088034">
        <ele>1273.6986378373442</ele>
      </trkpt>
      <trkpt lat="36.831182" lon="138.088266">
        <ele>1275.475000508447</ele>
      </trkpt>
      <trkpt lat="36.831076" lon="138.088481">
        <ele>1276.2624443279033</ele>
      </trkpt>
      <trkpt lat="36.83102" lon="138.088554">
        <ele>1276.6488157732258</ele>
      </trkpt>
      <trkpt lat="36.830559" lon="138.089015">
        <ele>1280.482945552191</ele>
      </trkpt>
      <trkpt lat="36.830412" lon="138.089176">
        <ele>1281.7957185155733</ele>
      </trkpt>
      <trkpt lat="36.830164" lon="138.089484">
        <ele>1284.2465222474948</ele>
      </trkpt>
      <trkpt lat="36.829854" lon="138.089791">
        <ele>1286.0688520400927</ele>
      </trkpt>
      <trkpt lat="36.829583" lon="138.090043">
        <ele>1288.0405510782653</ele>
      </trkpt>
      <trkpt lat="36.829439" lon="138.090135">
        <ele>1289.1885432793579</ele>
      </trkpt>
      <trkpt lat="36.829358" lon="138.090113">
        <ele>1289.9897056644131</ele>
      </trkpt>
      <trkpt lat="36.829285" lon="138.09005">
        <ele>1290.8718492689081</ele>
      </trkpt>
      <trkpt lat="36.829257" lon="138.089994">
        <ele>1291.343108568631</ele>
      </trkpt>
      <trkpt lat="36.829021" lon="138.089176">
        <ele>1296.2682262335356</ele>
      </trkpt>
      <trkpt lat="36.829026" lon="138.088903">
        <ele>1296.7810488812645</ele>
      </trkpt>
      <trkpt lat="36.829042" lon="138.088713">
        <ele>1297.6628695216793</ele>
      </trkpt>
      <trkpt lat="36.828992" lon="138.088547">
        <ele>1298.8216171115973</ele>
      </trkpt>
      <trkpt lat="36.828925" lon="138.088421">
        <ele>1299.9215833874423</ele>
      </trkpt>
      <trkpt lat="36.828773" lon="138.088218">
        <ele>1301.5146025910497</ele>
      </trkpt>
      <trkpt lat="36.828722" lon="138.088113">
        <ele>1301.9210741855854</ele>
      </trkpt>
      <trkpt lat="36.828683" lon="138.087988">
        <ele>1302.2128173842277</ele>
      </trkpt>
      <trkpt lat="36.82866" lon="138.087833">
        <ele>1302.332436359162</ele>
      </trkpt>
      <trkpt lat="36.828657" lon="138.087218">
        <ele>1306.4411248764832</ele>
      </trkpt>
      <trkpt lat="36.828655" lon="138.08691">
        <ele>1306.7677642864348</ele>
      </trkpt>
      <trkpt lat="36.828643" lon="138.086756">
        <ele>1307.565158052895</ele>
      </trkpt>
      <trkpt lat="36.828604" lon="138.086525">
        <ele>1309.315216142558</ele>
      </trkpt>
      <trkpt lat="36.828542" lon="138.086428">
        <ele>1310.6738830778022</ele>
      </trkpt>
      <trkpt lat="36.828441" lon="138.086351">
        <ele>1311.794420693544</ele>
      </trkpt>
      <trkpt lat="36.828373" lon="138.086358">
        <ele>1312.6716441309522</ele>
      </trkpt>
      <trkpt lat="36.828289" lon="138.086455">
        <ele>1314.116561850838</ele>
      </trkpt>
      <trkpt lat="36.828052" lon="138.086896">
        <ele>1315.0942100878892</ele>
      </trkpt>
      <trkpt lat="36.827912" lon="138.087183">
        <ele>1315.989883392719</ele>
      </trkpt>
      <trkpt lat="36.827782" lon="138.087379">
        <ele>1317.0966610999126</ele>
      </trkpt>
      <trkpt lat="36.827592" lon="138.087596">
        <ele>1318.451332886079</ele>
      </trkpt>
      <trkpt lat="36.827513" lon="138.087666">
        <ele>1319.4190904485554</ele>
      </trkpt>
      <trkpt lat="36.827406" lon="138.087784">
        <ele>1320.2173736788798</ele>
      </trkpt>
      <trkpt lat="36.827305" lon="138.087931">
        <ele>1320.9181068103426</ele>
      </trkpt>
      <trkpt lat="36.827175" lon="138.088183">
        <ele>1322.2272668020928</ele>
      </trkpt>
      <trkpt lat="36.827057" lon="138.088351">
        <ele>1323.4819122090944</ele>
      </trkpt>
      <trkpt lat="36.827006" lon="138.088407">
        <ele>1323.9210446925551</ele>
      </trkpt>
      <trkpt lat="36.82695" lon="138.088442">
        <ele>1324.356611426304</ele>
      </trkpt>
      <trkpt lat="36.826854" lon="138.088414">
        <ele>1325.65029008054</ele>
      </trkpt>
      <trkpt lat="36.826815" lon="138.088365">
        <ele>1326.3578459370756</ele>
      </trkpt>
      <trkpt lat="36.82679" lon="138.088276">
        <ele>1326.933417091628</ele>
      </trkpt>
      <trkpt lat="36.82686" lon="138.088071">
        <ele>1327.0442107548106</ele>
      </trkpt>
      <trkpt lat="36.82686" lon="138.087918">
        <ele>1327.8748589156048</ele>
      </trkpt>
      <trkpt lat="36.826725" lon="138.087484">
        <ele>1330.605689520135</ele>
      </trkpt>
      <trkpt lat="36.826697" lon="138.087267">
        <ele>1331.9491304632606</ele>
      </trkpt>
      <trkpt lat="36.826686" lon="138.087099">
        <ele>1332.5621625026652</ele>
      </trkpt>
      <trkpt lat="36.826714" lon="138.086896">
        <ele>1332.584470628381</ele>
      </trkpt>
      <trkpt lat="36.826838" lon="138.086378">
        <ele>1333.8437862145672</ele>
      </trkpt>
      <trkpt lat="36.82685" lon="138.086231">
        <ele>1334.7555698599303</ele>
      </trkpt>
      <trkpt lat="36.82684" lon="138.086144">
        <ele>1335.4651041008378</ele>
      </trkpt>
      <trkpt lat="36.826803" lon="138.086073">
        <ele>1336.2584812543892</ele>
      </trkpt>
      <trkpt lat="36.826769" lon="138.086043">
        <ele>1336.7395070019807</ele>
      </trkpt>
      <trkpt lat="36.826718" lon="138.086036">
        <ele>1337.3502296274924</ele>
      </trkpt>
      <trkpt lat="36.826674" lon="138.086061">
        <ele>1337.8726461737638</ele>
      </trkpt>
      <trkpt lat="36.826624" lon="138.086113">
        <ele>1338.419945439043</ele>
      </trkpt>
      <trkpt lat="36.826477" lon="138.086434">
        <ele>1338.8282061613004</ele>
      </trkpt>
      <trkpt lat="36.826404" lon="138.086567">
        <ele>1338.9909518155919</ele>
      </trkpt>
      <trkpt lat="36.826004" lon="138.086945">
        <ele>1343.0762175671398</ele>
      </trkpt>
      <trkpt lat="36.825937" lon="138.087064">
        <ele>1343.859651945317</ele>
      </trkpt>
      <trkpt lat="36.825892" lon="138.087358">
        <ele>1344.5716161960843</ele>
      </trkpt>
      <trkpt lat="36.825847" lon="138.087505">
        <ele>1345.4325604368946</ele>
      </trkpt>
      <trkpt lat="36.825773" lon="138.087679">
        <ele>1346.656138022643</ele>
      </trkpt>
      <trkpt lat="36.825514" lon="138.088148">
        <ele>1347.1880426545636</ele>
      </trkpt>
      <trkpt lat="36.825464" lon="138.088274">
        <ele>1348.1702509466425</ele>
      </trkpt>
      <trkpt lat="36.825441" lon="138.088456">
        <ele>1348.6848002597017</ele>
      </trkpt>
      <trkpt lat="36.825453" lon="138.088687">
        <ele>1348.354262442555</ele>
      </trkpt>
      <trkpt lat="36.82547" lon="138.088792">
        <ele>1348.0723184665446</ele>
      </trkpt>
      <trkpt lat="36.825537" lon="138.08896">
        <ele>1347.5102980713389</ele>
      </trkpt>
      <trkpt lat="36.825638" lon="138.089113">
        <ele>1348.2233968322357</ele>
      </trkpt>
      <trkpt lat="36.825779" lon="138.089267">
        <ele>1347.4971929027279</ele>
      </trkpt>
      <trkpt lat="36.826094" lon="138.089491">
        <ele>1344.0820737871386</ele>
      </trkpt>
      <trkpt lat="36.826336" lon="138.08975">
        <ele>1336.00035926289</ele>
      </trkpt>
      <trkpt lat="36.826409" lon="138.089868">
        <ele>1337.9981340213874</ele>
      </trkpt>
      <trkpt lat="36.826432" lon="138.089966">
        <ele>1340.0650756743441</ele>
      </trkpt>
      <trkpt lat="36.826426" lon="138.090162">
        <ele>1341.3215331252572</ele>
      </trkpt>
      <trkpt lat="36.826286" lon="138.090841">
        <ele>1339.963889197284</ele>
      </trkpt>
      <trkpt lat="36.826263" lon="138.091108">
        <ele>1339.7345324222101</ele>
      </trkpt>
      <trkpt lat="36.826269" lon="138.091429">
        <ele>1337.5668080645992</ele>
      </trkpt>
      <trkpt lat="36.826297" lon="138.091674">
        <ele>1336.3684506162112</ele>
      </trkpt>
      <trkpt lat="36.826331" lon="138.091835">
        <ele>1335.1082188811279</ele>
      </trkpt>
      <trkpt lat="36.826371" lon="138.092073">
        <ele>1338.7587380357947</ele>
      </trkpt>
      <trkpt lat="36.826371" lon="138.092324">
        <ele>1341.4270033795633</ele>
      </trkpt>
      <trkpt lat="36.826325" lon="138.092535">
        <ele>1340.1195375621346</ele>
      </trkpt>
      <trkpt lat="36.826224" lon="138.092821">
        <ele>1342.7077624131598</ele>
      </trkpt>
      <trkpt lat="36.826196" lon="138.092975">
        <ele>1344.3588172857812</ele>
      </trkpt>
      <trkpt lat="36.826173" lon="138.093248">
        <ele>1344.4435971745188</ele>
      </trkpt>
      <trkpt lat="36.826179" lon="138.09357">
        <ele>1344.6506917219892</ele>
      </trkpt>
      <trkpt lat="36.826218" lon="138.093787">
        <ele>1346.6283735479496</ele>
      </trkpt>
      <trkpt lat="36.826393" lon="138.09441">
        <ele>1348.2597138452593</ele>
      </trkpt>
      <trkpt lat="36.826494" lon="138.094641">
        <ele>1348.7213911789813</ele>
      </trkpt>
      <trkpt lat="36.826618" lon="138.094864">
        <ele>1349.2596591366373</ele>
      </trkpt>
      <trkpt lat="36.826781" lon="138.095067">
        <ele>1348.7029122739625</ele>
      </trkpt>
      <trkpt lat="36.826911" lon="138.095214">
        <ele>1348.7492281079149</ele>
      </trkpt>
      <trkpt lat="36.827074" lon="138.095424">
        <ele>1349.3356192622396</ele>
      </trkpt>
      <trkpt lat="36.827108" lon="138.095501">
        <ele>1349.3590259305427</ele>
      </trkpt>
      <trkpt lat="36.827125" lon="138.095613">
        <ele>1349.5094689780362</ele>
      </trkpt>
      <trkpt lat="36.827142" lon="138.096298">
        <ele>1348.752709716179</ele>
      </trkpt>
      <trkpt lat="36.82717" lon="138.096508">
        <ele>1348.504117713218</ele>
      </trkpt>
      <trkpt lat="36.827215" lon="138.096662">
        <ele>1347.8618956510843</ele>
      </trkpt>
      <trkpt lat="36.827283" lon="138.096788">
        <ele>1347.088509817872</ele>
      </trkpt>
      <trkpt lat="36.827479" lon="138.097005">
        <ele>1345.3514684139525</ele>
      </trkpt>
      <trkpt lat="36.82753" lon="138.09711">
        <ele>1343.7421158310608</ele>
      </trkpt>
      <trkpt lat="36.82757" lon="138.097243">
        <ele>1344.3767715761055</ele>
      </trkpt>
      <trkpt lat="36.827688" lon="138.097439">
        <ele>1343.4797358384822</ele>
      </trkpt>
      <trkpt lat="36.827778" lon="138.097544">
        <ele>1342.0860598389934</ele>
      </trkpt>
      <trkpt lat="36.828082" lon="138.097859">
        <ele>1337.5801701579487</ele>
      </trkpt>
      <trkpt lat="36.828149" lon="138.097943">
        <ele>1336.6245064541508</ele>
      </trkpt>
      <trkpt lat="36.828431" lon="138.098223">
        <ele>1333.8435220536735</ele>
      </trkpt>
      <trkpt lat="36.828645" lon="138.098453">
        <ele>1332.306189763307</ele>
      </trkpt>
      <trkpt lat="36.828966" lon="138.098761">
        <ele>1331.011160044629</ele>
      </trkpt>
      <trkpt lat="36.829067" lon="138.098901">
        <ele>1330.646755853785</ele>
      </trkpt>
      <trkpt lat="36.829163" lon="138.09909">
        <ele>1330.0666259154534</ele>
      </trkpt>
      <trkpt lat="36.829196" lon="138.099202">
        <ele>1329.724611227867</ele>
      </trkpt>
      <trkpt lat="36.829202" lon="138.099411">
        <ele>1329.7680092332907</ele>
      </trkpt>
      <trkpt lat="36.829157" lon="138.099837">
        <ele>1329.4974720501164</ele>
      </trkpt>
      <trkpt lat="36.829157" lon="138.10018">
        <ele>1329.773782230269</ele>
      </trkpt>
      <trkpt lat="36.82918" lon="138.1003">
        <ele>1329.6669815432997</ele>
      </trkpt>
      <trkpt lat="36.829247" lon="138.100502">
        <ele>1329.7938395690967</ele>
      </trkpt>
      <trkpt lat="36.829321" lon="138.100635">
        <ele>1332.0576800957178</ele>
      </trkpt>
      <trkpt lat="36.829416" lon="138.100775">
        <ele>1335.8606156794465</ele>
      </trkpt>
      <trkpt lat="36.829641" lon="138.100968">
        <ele>1337.664073235435</ele>
      </trkpt>
      <trkpt lat="36.829866" lon="138.10116">
        <ele>1335.7346466124204</ele>
      </trkpt>
      <trkpt lat="36.829951" lon="138.101265">
        <ele>1335.6618396563815</ele>
      </trkpt>
      <trkpt lat="36.830001" lon="138.10135">
        <ele>1336.2054306368823</ele>
      </trkpt>
      <trkpt lat="36.830075" lon="138.101502">
        <ele>1338.0082045909312</ele>
      </trkpt>
      <trkpt lat="36.830131" lon="138.101692">
        <ele>1339.4292791323921</ele>
      </trkpt>
      <trkpt lat="36.830187" lon="138.101937">
        <ele>1338.516257766493</ele>
      </trkpt>
      <trkpt lat="36.830244" lon="138.102272">
        <ele>1337.9086588515122</ele>
      </trkpt>
      <trkpt lat="36.830283" lon="138.102587">
        <ele>1338.134737731114</ele>
      </trkpt>
      <trkpt lat="36.830294" lon="138.102909">
        <ele>1339.083775861888</ele>
      </trkpt>
      <trkpt lat="36.830278" lon="138.10307">
        <ele>1340.293031381035</ele>
      </trkpt>
      <trkpt lat="36.830278" lon="138.103273">
        <ele>1342.3917410488707</ele>
      </trkpt>
      <trkpt lat="36.830345" lon="138.103413">
        <ele>1346.1957051929708</ele>
      </trkpt>
      <trkpt lat="36.830413" lon="138.103455">
        <ele>1346.8901446843336</ele>
      </trkpt>
      <trkpt lat="36.830559" lon="138.103462">
        <ele>1343.0989940903512</ele>
      </trkpt>
      <trkpt lat="36.830677" lon="138.103378">
        <ele>1342.611195780997</ele>
      </trkpt>
      <trkpt lat="36.830805" lon="138.103147">
        <ele>1343.0173486209087</ele>
      </trkpt>
      <trkpt lat="36.830863" lon="138.103091">
        <ele>1342.7264780932317</ele>
      </trkpt>
      <trkpt lat="36.830975" lon="138.103056">
        <ele>1341.9376413787193</ele>
      </trkpt>
      <trkpt lat="36.83124" lon="138.103049">
        <ele>1342.1868278045447</ele>
      </trkpt>
      <trkpt lat="36.831313" lon="138.103021">
        <ele>1341.4554117877842</ele>
      </trkpt>
      <trkpt lat="36.831347" lon="138.102994">
        <ele>1340.768390121109</ele>
      </trkpt>
      <trkpt lat="36.831414" lon="138.102889">
        <ele>1339.1733935127622</ele>
      </trkpt>
      <trkpt lat="36.831471" lon="138.102755">
        <ele>1339.1957673945776</ele>
      </trkpt>
      <trkpt lat="36.831544" lon="138.102483">
        <ele>1338.3938716437785</ele>
      </trkpt>
      <trkpt lat="36.831707" lon="138.102265">
        <ele>1339.4028436847948</ele>
      </trkpt>
      <trkpt lat="36.832011" lon="138.102118">
        <ele>1339.7726656302625</ele>
      </trkpt>
      <trkpt lat="36.832214" lon="138.102063">
        <ele>1339.7856394645728</ele>
      </trkpt>
      <trkpt lat="36.832315" lon="138.102">
        <ele>1340.0751994901975</ele>
      </trkpt>
      <trkpt lat="36.83245" lon="138.101845">
        <ele>1338.8908827607688</ele>
      </trkpt>
      <trkpt lat="36.832647" lon="138.101565">
        <ele>1336.3554501930385</ele>
      </trkpt>
      <trkpt lat="36.832748" lon="138.10146">
        <ele>1335.864530092298</ele>
      </trkpt>
      <trkpt lat="36.832815" lon="138.101418">
        <ele>1335.71097835313</ele>
      </trkpt>
      <trkpt lat="36.832909" lon="138.101417">
        <ele>1336.2764924702508</ele>
      </trkpt>
      <trkpt lat="36.832973" lon="138.101447">
        <ele>1336.265280651248</ele>
      </trkpt>
      <trkpt lat="36.833018" lon="138.101488">
        <ele>1336.2870434439894</ele>
      </trkpt>
      <trkpt lat="36.833136" lon="138.10167">
        <ele>1335.5535358891811</ele>
      </trkpt>
      <trkpt lat="36.83331" lon="138.101979">
        <ele>1337.3241791446394</ele>
      </trkpt>
      <trkpt lat="36.833498" lon="138.102268">
        <ele>1340.3113872841814</ele>
      </trkpt>
      <trkpt lat="36.833873" lon="138.102847">
        <ele>1337.9758821916669</ele>
      </trkpt>
      <trkpt lat="36.833952" lon="138.103029">
        <ele>1336.0989073522792</ele>
      </trkpt>
      <trkpt lat="36.833988" lon="138.103609">
        <ele>1333.0566138782867</ele>
      </trkpt>
      <trkpt lat="36.834009" lon="138.103777">
        <ele>1330.1673047155452</ele>
      </trkpt>
      <trkpt lat="36.834014" lon="138.103931">
        <ele>1324.8178113715248</ele>
      </trkpt>
      <trkpt lat="36.833958" lon="138.104057">
        <ele>1323.9248364794394</ele>
      </trkpt>
      <trkpt lat="36.833789" lon="138.10433">
        <ele>1329.1184300842422</ele>
      </trkpt>
      <trkpt lat="36.833778" lon="138.104383">
        <ele>1330.73736620326</ele>
      </trkpt>
      <trkpt lat="36.833805" lon="138.104425">
        <ele>1331.4827897548414</ele>
      </trkpt>
      <trkpt lat="36.834226" lon="138.104616">
        <ele>1330.620764883199</ele>
      </trkpt>
      <trkpt lat="36.834617" lon="138.104784">
        <ele>1330.5357587203887</ele>
      </trkpt>
      <trkpt lat="36.834864" lon="138.104784">
        <ele>1328.2779116200388</ele>
      </trkpt>
      <trkpt lat="36.834974" lon="138.10477">
        <ele>1326.892185833409</ele>
      </trkpt>
      <trkpt lat="36.835484" lon="138.10477">
        <ele>1325.202755758041</ele>
      </trkpt>
      <trkpt lat="36.835845" lon="138.104778">
        <ele>1321.4930117048684</ele>
      </trkpt>
      <trkpt lat="36.835982" lon="138.104796">
        <ele>1320.3795250420526</ele>
      </trkpt>
      <trkpt lat="36.836397" lon="138.104791">
        <ele>1314.1072203173358</ele>
      </trkpt>
      <trkpt lat="36.836842" lon="138.104811">
        <ele>1309.1304583850115</ele>
      </trkpt>
      <trkpt lat="36.836965" lon="138.104857">
        <ele>1308.4095957351108</ele>
      </trkpt>
      <trkpt lat="36.837049" lon="138.104913">
        <ele>1307.3376417068303</ele>
      </trkpt>
      <trkpt lat="36.837082" lon="138.104955">
        <ele>1307.007181984892</ele>
      </trkpt>
      <trkpt lat="36.837122" lon="138.105039">
        <ele>1306.6372037233543</ele>
      </trkpt>
      <trkpt lat="36.837185" lon="138.105221">
        <ele>1306.318579448124</ele>
      </trkpt>
      <trkpt lat="36.837269" lon="138.105368">
        <ele>1305.842910481741</ele>
      </trkpt>
      <trkpt lat="36.83759" lon="138.105641">
        <ele>1304.3461636962181</ele>
      </trkpt>
      <trkpt lat="36.837759" lon="138.105859">
        <ele>1304.246191062743</ele>
      </trkpt>
      <trkpt lat="36.837887" lon="138.106125">
        <ele>1304.518182541227</ele>
      </trkpt>
      <trkpt lat="36.837939" lon="138.106314">
        <ele>1305.006014724742</ele>
      </trkpt>
      <trkpt lat="36.838006" lon="138.10672">
        <ele>1305.5320615668045</ele>
      </trkpt>
      <trkpt lat="36.838067" lon="138.106992">
        <ele>1305.3083079931916</ele>
      </trkpt>
      <trkpt lat="36.838367" lon="138.107958">
        <ele>1298.8162885341494</ele>
      </trkpt>
      <trkpt lat="36.838434" lon="138.108239">
        <ele>1296.9629512309712</ele>
      </trkpt>
      <trkpt lat="36.838547" lon="138.108631">
        <ele>1293.0155299992523</ele>
      </trkpt>
      <trkpt lat="36.838602" lon="138.108939">
        <ele>1290.8811519422798</ele>
      </trkpt>
      <trkpt lat="36.838602" lon="138.109171">
        <ele>1289.6549746337398</ele>
      </trkpt>
      <trkpt lat="36.838581" lon="138.109352">
        <ele>1288.8095485683534</ele>
      </trkpt>
      <trkpt lat="36.838496" lon="138.109724">
        <ele>1287.2933604347725</ele>
      </trkpt>
      <trkpt lat="36.838332" lon="138.110277">
        <ele>1285.2122754731313</ele>
      </trkpt>
      <trkpt lat="36.838276" lon="138.110494">
        <ele>1283.1594182583779</ele>
      </trkpt>
      <trkpt lat="36.838175" lon="138.110712">
        <ele>1280.3360214355785</ele>
      </trkpt>
      <trkpt lat="36.838163" lon="138.110839">
        <ele>1278.7639505507095</ele>
      </trkpt>
      <trkpt lat="36.838197" lon="138.110936">
        <ele>1277.7461694864865</ele>
      </trkpt>
      <trkpt lat="36.838248" lon="138.111006">
        <ele>1277.001266631401</ele>
      </trkpt>
      <trkpt lat="36.838597" lon="138.111244">
        <ele>1274.627981486805</ele>
      </trkpt>
      <trkpt lat="36.838715" lon="138.111349">
        <ele>1273.4670356313977</ele>
      </trkpt>
      <trkpt lat="36.838833" lon="138.111503">
        <ele>1271.7312197807787</ele>
      </trkpt>
      <trkpt lat="36.83889" lon="138.111706">
        <ele>1269.9264864707238</ele>
      </trkpt>
      <trkpt lat="36.838923" lon="138.111979">
        <ele>1267.8468100421742</ele>
      </trkpt>
      <trkpt lat="36.838952" lon="138.112084">
        <ele>1267.210598555005</ele>
      </trkpt>
      <trkpt lat="36.839025" lon="138.112266">
        <ele>1265.9383997920756</ele>
      </trkpt>
      <trkpt lat="36.839413" lon="138.112855">
        <ele>1260.9904211909798</ele>
      </trkpt>
      <trkpt lat="36.839683" lon="138.113331">
        <ele>1255.9596686038471</ele>
      </trkpt>
      <trkpt lat="36.839796" lon="138.113478">
        <ele>1254.647725868524</ele>
      </trkpt>
      <trkpt lat="36.839948" lon="138.113618">
        <ele>1253.6486118804603</ele>
      </trkpt>
      <trkpt lat="36.840015" lon="138.113667">
        <ele>1253.1298815189054</ele>
      </trkpt>
      <trkpt lat="36.840201" lon="138.113695">
        <ele>1252.409297588072</ele>
      </trkpt>
      <trkpt lat="36.840489" lon="138.113716">
        <ele>1250.7855431858313</ele>
      </trkpt>
      <trkpt lat="36.840809" lon="138.113695">
        <ele>1249.3970937021163</ele>
      </trkpt>
      <trkpt lat="36.840967" lon="138.113667">
        <ele>1249.154390317896</ele>
      </trkpt>
      <trkpt lat="36.841176" lon="138.113611">
        <ele>1248.7986890525463</ele>
      </trkpt>
      <trkpt lat="36.841486" lon="138.113492">
        <ele>1250.115061545328</ele>
      </trkpt>
      <trkpt lat="36.841632" lon="138.11345">
        <ele>1249.290315101755</ele>
      </trkpt>
      <trkpt lat="36.841772" lon="138.113429">
        <ele>1248.3345113774433</ele>
      </trkpt>
      <trkpt lat="36.841897" lon="138.113436">
        <ele>1247.774601537442</ele>
      </trkpt>
      <trkpt lat="36.842177" lon="138.113632">
        <ele>1248.4246806925964</ele>
      </trkpt>
      <trkpt lat="36.842324" lon="138.113632">
        <ele>1249.1253669226508</ele>
      </trkpt>
      <trkpt lat="36.842476" lon="138.113611">
        <ele>1249.5488770703457</ele>
      </trkpt>
      <trkpt lat="36.842627" lon="138.113611">
        <ele>1250.5185902500427</ele>
      </trkpt>
      <trkpt lat="36.842869" lon="138.113716">
        <ele>1252.5548505502898</ele>
      </trkpt>
      <trkpt lat="36.843224" lon="138.114107">
        <ele>1254.0307015368423</ele>
      </trkpt>
      <trkpt lat="36.843314" lon="138.114219">
        <ele>1254.5577570903365</ele>
      </trkpt>
      <trkpt lat="36.843477" lon="138.1145">
        <ele>1254.3021219836976</ele>
      </trkpt>
      <trkpt lat="36.843567" lon="138.114702">
        <ele>1253.0011077488646</ele>
      </trkpt>
      <trkpt lat="36.84367" lon="138.11506">
        <ele>1250.6788300356789</ele>
      </trkpt>
      <trkpt lat="36.843732" lon="138.115375">
        <ele>1248.8795864181193</ele>
      </trkpt>
      <trkpt lat="36.84376" lon="138.11567">
        <ele>1247.614872822929</ele>
      </trkpt>
      <trkpt lat="36.843771" lon="138.116328">
        <ele>1247.1479352595313</ele>
      </trkpt>
      <trkpt lat="36.843771" lon="138.116909">
        <ele>1246.3687743687692</ele>
      </trkpt>
      <trkpt lat="36.843754" lon="138.117049">
        <ele>1246.1306987189914</ele>
      </trkpt>
      <trkpt lat="36.843697" lon="138.117232">
        <ele>1245.30486196279</ele>
      </trkpt>
      <trkpt lat="36.843614" lon="138.117434">
        <ele>1244.200772489741</ele>
      </trkpt>
      <trkpt lat="36.843511" lon="138.117743">
        <ele>1243.432704002436</ele>
      </trkpt>
      <trkpt lat="36.843478" lon="138.117946">
        <ele>1243.3219058053237</ele>
      </trkpt>
      <trkpt lat="36.843478" lon="138.118254">
        <ele>1243.6280156385287</ele>
      </trkpt>
      <trkpt lat="36.843523" lon="138.118646">
        <ele>1245.2435227657481</ele>
      </trkpt>
      <trkpt lat="36.843529" lon="138.118961">
        <ele>1246.8536734814813</ele>
      </trkpt>
      <trkpt lat="36.843534" lon="138.119276">
        <ele>1246.8357119618677</ele>
      </trkpt>
      <trkpt lat="36.8435" lon="138.119562">
        <ele>1247.2775912830882</ele>
      </trkpt>
      <trkpt lat="36.843461" lon="138.119781">
        <ele>1247.7099661100976</ele>
      </trkpt>
      <trkpt lat="36.843472" lon="138.120131">
        <ele>1246.5459631620067</ele>
      </trkpt>
      <trkpt lat="36.843529" lon="138.120516">
        <ele>1242.2770341099547</ele>
      </trkpt>
      <trkpt lat="36.843507" lon="138.120768">
        <ele>1241.3045449701908</ele>
      </trkpt>
      <trkpt lat="36.843428" lon="138.12116">
        <ele>1238.8121360110583</ele>
      </trkpt>
      <trkpt lat="36.843394" lon="138.121237">
        <ele>1237.4322291440644</ele>
      </trkpt>
      <trkpt lat="36.843203" lon="138.121413">
        <ele>1237.3080085523495</ele>
      </trkpt>
      <trkpt lat="36.842816" lon="138.121684">
        <ele>1240.9316307031756</ele>
      </trkpt>
      <trkpt lat="36.842469" lon="138.121788">
        <ele>1240.4508603752652</ele>
      </trkpt>
      <trkpt lat="36.842409" lon="138.121882">
        <ele>1237.9114591360012</ele>
      </trkpt>
      <trkpt lat="36.842312" lon="138.122062">
        <ele>1239.2702201191123</ele>
      </trkpt>
      <trkpt lat="36.842273" lon="138.122188">
        <ele>1242.1469229244715</ele>
      </trkpt>
      <trkpt lat="36.842286" lon="138.122435">
        <ele>1240.4940568074637</ele>
      </trkpt>
      <trkpt lat="36.842343" lon="138.122764">
        <ele>1239.157638426494</ele>
      </trkpt>
      <trkpt lat="36.84233" lon="138.122924">
        <ele>1239.0705379635353</ele>
      </trkpt>
      <trkpt lat="36.842191" lon="138.123285">
        <ele>1241.9522917201907</ele>
      </trkpt>
      <trkpt lat="36.842187" lon="138.123389">
        <ele>1242.1873662270325</ele>
      </trkpt>
      <trkpt lat="36.842234" lon="138.12348">
        <ele>1243.245418128839</ele>
      </trkpt>
      <trkpt lat="36.842317" lon="138.123558">
        <ele>1244.0991002380651</ele>
      </trkpt>
      <trkpt lat="36.842742" lon="138.123724">
        <ele>1244.6318781895804</ele>
      </trkpt>
      <trkpt lat="36.842855" lon="138.123824">
        <ele>1243.4619452320019</ele>
      </trkpt>
      <trkpt lat="36.842989" lon="138.12407">
        <ele>1243.1416645196662</ele>
      </trkpt>
      <trkpt lat="36.843033" lon="138.124279">
        <ele>1242.9341282926691</ele>
      </trkpt>
      <trkpt lat="36.843033" lon="138.124421">
        <ele>1243.2143714964627</ele>
      </trkpt>
      <trkpt lat="36.843033" lon="138.124279">
        <ele>1242.9341282926691</ele>
      </trkpt>
      <trkpt lat="36.842989" lon="138.12407">
        <ele>1243.1416645196662</ele>
      </trkpt>
      <trkpt lat="36.842855" lon="138.123824">
        <ele>1243.4619452320019</ele>
      </trkpt>
      <trkpt lat="36.842742" lon="138.123724">
        <ele>1244.6318781895804</ele>
      </trkpt>
      <trkpt lat="36.842317" lon="138.123558">
        <ele>1244.0991002380651</ele>
      </trkpt>
      <trkpt lat="36.842234" lon="138.12348">
        <ele>1243.245418128839</ele>
      </trkpt>
      <trkpt lat="36.842187" lon="138.123389">
        <ele>1242.1873662270325</ele>
      </trkpt>
      <trkpt lat="36.842191" lon="138.123285">
        <ele>1241.9522917201907</ele>
      </trkpt>
      <trkpt lat="36.84233" lon="138.122924">
        <ele>1239.0705379635353</ele>
      </trkpt>
      <trkpt lat="36.842343" lon="138.122764">
        <ele>1239.157638426494</ele>
      </trkpt>
      <trkpt lat="36.842286" lon="138.122435">
        <ele>1240.4940568074637</ele>
      </trkpt>
      <trkpt lat="36.842273" lon="138.122188">
        <ele>1242.1469229244715</ele>
      </trkpt>
      <trkpt lat="36.842312" lon="138.122062">
        <ele>1239.2702201191123</ele>
      </trkpt>
      <trkpt lat="36.842409" lon="138.121882">
        <ele>1237.9114591360012</ele>
      </trkpt>
      <trkpt lat="36.842469" lon="138.121788">
        <ele>1240.4508603752652</ele>
      </trkpt>
      <trkpt lat="36.842816" lon="138.121684">
        <ele>1240.9316307031756</ele>
      </trkpt>
      <trkpt lat="36.843203" lon="138.121413">
        <ele>1237.3080085523495</ele>
      </trkpt>
      <trkpt lat="36.843394" lon="138.121237">
        <ele>1237.4322291440644</ele>
      </trkpt>
      <trkpt lat="36.843428" lon="138.12116">
        <ele>1238.8121360110583</ele>
      </trkpt>
      <trkpt lat="36.843507" lon="138.120768">
        <ele>1241.3045449701908</ele>
      </trkpt>
      <trkpt lat="36.843529" lon="138.120516">
        <ele>1242.2770341099547</ele>
      </trkpt>
      <trkpt lat="36.843472" lon="138.120131">
        <ele>1246.5459631620067</ele>
      </trkpt>
      <trkpt lat="36.843461" lon="138.119781">
        <ele>1247.7099661100976</ele>
      </trkpt>
      <trkpt lat="36.8435" lon="138.119562">
        <ele>1247.2775912830882</ele>
      </trkpt>
      <trkpt lat="36.843534" lon="138.119276">
        <ele>1246.8357119618677</ele>
      </trkpt>
      <trkpt lat="36.843529" lon="138.118961">
        <ele>1246.8536734814813</ele>
      </trkpt>
      <trkpt lat="36.843523" lon="138.118646">
        <ele>1245.2435227657481</ele>
      </trkpt>
      <trkpt lat="36.843478" lon="138.118254">
        <ele>1243.6280156385287</ele>
      </trkpt>
      <trkpt lat="36.843478" lon="138.117946">
        <ele>1243.3219058053237</ele>
      </trkpt>
      <trkpt lat="36.843511" lon="138.117743">
        <ele>1243.432704002436</ele>
      </trkpt>
      <trkpt lat="36.843614" lon="138.117434">
        <ele>1244.200772489741</ele>
      </trkpt>
      <trkpt lat="36.843697" lon="138.117232">
        <ele>1245.30486196279</ele>
      </trkpt>
      <trkpt lat="36.843754" lon="138.117049">
        <ele>1246.1306987189914</ele>
      </trkpt>
      <trkpt lat="36.843771" lon="138.116909">
        <ele>1246.3687743687692</ele>
      </trkpt>
      <trkpt lat="36.843771" lon="138.116328">
        <ele>1247.1479352595313</ele>
      </trkpt>
      <trkpt lat="36.84376" lon="138.11567">
        <ele>1247.614872822929</ele>
      </trkpt>
      <trkpt lat="36.843732" lon="138.115375">
        <ele>1248.8795864181193</ele>
      </trkpt>
      <trkpt lat="36.84367" lon="138.11506">
        <ele>1250.6788300356789</ele>
      </trkpt>
      <trkpt lat="36.843567" lon="138.114702">
        <ele>1253.0011077488646</ele>
      </trkpt>
      <trkpt lat="36.843477" lon="138.1145">
        <ele>1254.3021219836976</ele>
      </trkpt>
      <trkpt lat="36.843314" lon="138.114219">
        <ele>1254.5577570903365</ele>
      </trkpt>
      <trkpt lat="36.843224" lon="138.114107">
        <ele>1254.0307015368423</ele>
      </trkpt>
      <trkpt lat="36.842869" lon="138.113716">
        <ele>1252.5548505502898</ele>
      </trkpt>
      <trkpt lat="36.842627" lon="138.113611">
        <ele>1250.5185902500427</ele>
      </trkpt>
      <trkpt lat="36.842476" lon="138.113611">
        <ele>1249.5488770703457</ele>
      </trkpt>
      <trkpt lat="36.842324" lon="138.113632">
        <ele>1249.1253669226508</ele>
      </trkpt>
      <trkpt lat="36.842177" lon="138.113632">
        <ele>1248.4246806925964</ele>
      </trkpt>
      <trkpt lat="36.841897" lon="138.113436">
        <ele>1247.774601537442</ele>
      </trkpt>
      <trkpt lat="36.841772" lon="138.113429">
        <ele>1248.3345113774433</ele>
      </trkpt>
      <trkpt lat="36.841632" lon="138.11345">
        <ele>1249.290315101755</ele>
      </trkpt>
      <trkpt lat="36.841486" lon="138.113492">
        <ele>1250.115061545328</ele>
      </trkpt>
      <trkpt lat="36.841176" lon="138.113611">
        <ele>1248.7986890525463</ele>
      </trkpt>
      <trkpt lat="36.840967" lon="138.113667">
        <ele>1249.154390317896</ele>
      </trkpt>
      <trkpt lat="36.840809" lon="138.113695">
        <ele>1249.3970937021163</ele>
      </trkpt>
      <trkpt lat="36.840489" lon="138.113716">
        <ele>1250.7855431858313</ele>
      </trkpt>
      <trkpt lat="36.840201" lon="138.113695">
        <ele>1252.409297588072</ele>
      </trkpt>
      <trkpt lat="36.840015" lon="138.113667">
        <ele>1253.1298815189054</ele>
      </trkpt>
      <trkpt lat="36.839948" lon="138.113618">
        <ele>1253.6486118804603</ele>
      </trkpt>
      <trkpt lat="36.839796" lon="138.113478">
        <ele>1254.647725868524</ele>
      </trkpt>
      <trkpt lat="36.839683" lon="138.113331">
        <ele>1255.9596686038471</ele>
      </trkpt>
      <trkpt lat="36.839413" lon="138.112855">
        <ele>1260.9904211909798</ele>
      </trkpt>
      <trkpt lat="36.839025" lon="138.112266">
        <ele>1265.9383997920756</ele>
      </trkpt>
      <trkpt lat="36.838952" lon="138.112084">
        <ele>1267.210598555005</ele>
      </trkpt>
      <trkpt lat="36.838923" lon="138.111979">
        <ele>1267.8468100421742</ele>
      </trkpt>
      <trkpt lat="36.83889" lon="138.111706">
        <ele>1269.9264864707238</ele>
      </trkpt>
      <trkpt lat="36.838833" lon="138.111503">
        <ele>1271.7312197807787</ele>
      </trkpt>
      <trkpt lat="36.838715" lon="138.111349">
        <ele>1273.4670356313977</ele>
      </trkpt>
      <trkpt lat="36.838597" lon="138.111244">
        <ele>1274.627981486805</ele>
      </trkpt>
      <trkpt lat="36.838248" lon="138.111006">
        <ele>1277.001266631401</ele>
      </trkpt>
      <trkpt lat="36.838197" lon="138.110936">
        <ele>1277.7461694864865</ele>
      </trkpt>
      <trkpt lat="36.838163" lon="138.110839">
        <ele>1278.7639505507095</ele>
      </trkpt>
      <trkpt lat="36.838175" lon="138.110712">
        <ele>1280.3360214355785</ele>
      </trkpt>
      <trkpt lat="36.838276" lon="138.110494">
        <ele>1283.1594182583779</ele>
      </trkpt>
      <trkpt lat="36.838287" lon="138.110452">
        <ele>1283.651362057577</ele>
      </trkpt>
      <trkpt lat="36.838332" lon="138.110277">
        <ele>1285.2122754731313</ele>
      </trkpt>
      <trkpt lat="36.838496" lon="138.109724">
        <ele>1287.2933604347725</ele>
      </trkpt>
      <trkpt lat="36.838581" lon="138.109352">
        <ele>1288.8095485683534</ele>
      </trkpt>
      <trkpt lat="36.838602" lon="138.109171">
        <ele>1289.6549746337398</ele>
      </trkpt>
      <trkpt lat="36.838602" lon="138.108939">
        <ele>1290.8811519422798</ele>
      </trkpt>
      <trkpt lat="36.838547" lon="138.108631">
        <ele>1293.0155299992523</ele>
      </trkpt>
      <trkpt lat="36.838434" lon="138.108239">
        <ele>1296.9629512309712</ele>
      </trkpt>
      <trkpt lat="36.838367" lon="138.107958">
        <ele>1298.8162885341494</ele>
      </trkpt>
      <trkpt lat="36.838067" lon="138.106992">
        <ele>1305.3083079931916</ele>
      </trkpt>
      <trkpt lat="36.838006" lon="138.10672">
        <ele>1305.5320615668045</ele>
      </trkpt>
      <trkpt lat="36.837939" lon="138.106314">
        <ele>1305.006014724742</ele>
      </trkpt>
      <trkpt lat="36.837887" lon="138.106125">
        <ele>1304.518182541227</ele>
      </trkpt>
      <trkpt lat="36.837759" lon="138.105859">
        <ele>1304.246191062743</ele>
      </trkpt>
      <trkpt lat="36.83759" lon="138.105641">
        <ele>1304.3461636962181</ele>
      </trkpt>
      <trkpt lat="36.837269" lon="138.105368">
        <ele>1305.842910481741</ele>
      </trkpt>
      <trkpt lat="36.837185" lon="138.105221">
        <ele>1306.318579448124</ele>
      </trkpt>
      <trkpt lat="36.837122" lon="138.105039">
        <ele>1306.6372037233543</ele>
      </trkpt>
      <trkpt lat="36.837082" lon="138.104955">
        <ele>1307.007181984892</ele>
      </trkpt>
      <trkpt lat="36.837049" lon="138.104913">
        <ele>1307.3376417068303</ele>
      </trkpt>
      <trkpt lat="36.836965" lon="138.104857">
        <ele>1308.4095957351108</ele>
      </trkpt>
      <trkpt lat="36.836842" lon="138.104811">
        <ele>1309.1304583850115</ele>
      </trkpt>
      <trkpt lat="36.836397" lon="138.104791">
        <ele>1314.1072203173358</ele>
      </trkpt>
      <trkpt lat="36.835982" lon="138.104796">
        <ele>1320.3795250420526</ele>
      </trkpt>
      <trkpt lat="36.835845" lon="138.104778">
        <ele>1321.4930117048684</ele>
      </trkpt>
      <trkpt lat="36.835484" lon="138.10477">
        <ele>1325.202755758041</ele>
      </trkpt>
      <trkpt lat="36.834974" lon="138.10477">
        <ele>1326.892185833409</ele>
      </trkpt>
      <trkpt lat="36.834864" lon="138.104784">
        <ele>1328.2779116200388</ele>
      </trkpt>
      <trkpt lat="36.834617" lon="138.104784">
        <ele>1330.5357587203887</ele>
      </trkpt>
      <trkpt lat="36.834226" lon="138.104616">
        <ele>1330.620764883199</ele>
      </trkpt>
      <trkpt lat="36.833805" lon="138.104425">
        <ele>1331.4827897548414</ele>
      </trkpt>
      <trkpt lat="36.833778" lon="138.104383">
        <ele>1330.73736620326</ele>
      </trkpt>
      <trkpt lat="36.833789" lon="138.10433">
        <ele>1329.1184300842422</ele>
      </trkpt>
      <trkpt lat="36.833958" lon="138.104057">
        <ele>1323.9248364794394</ele>
      </trkpt>
      <trkpt lat="36.834014" lon="138.103931">
        <ele>1324.8178113715248</ele>
      </trkpt>
      <trkpt lat="36.834009" lon="138.103777">
        <ele>1330.1673047155452</ele>
      </trkpt>
      <trkpt lat="36.833988" lon="138.103609">
        <ele>1333.0566138782867</ele>
      </trkpt>
      <trkpt lat="36.833952" lon="138.103029">
        <ele>1336.0989073522792</ele>
      </trkpt>
      <trkpt lat="36.833873" lon="138.102847">
        <ele>1337.9758821916669</ele>
      </trkpt>
      <trkpt lat="36.833498" lon="138.102268">
        <ele>1340.3113872841814</ele>
      </trkpt>
      <trkpt lat="36.83331" lon="138.101979">
        <ele>1337.3241791446394</ele>
      </trkpt>
      <trkpt lat="36.833136" lon="138.10167">
        <ele>1335.5535358891811</ele>
      </trkpt>
      <trkpt lat="36.833018" lon="138.101488">
        <ele>1336.2870434439894</ele>
      </trkpt>
      <trkpt lat="36.832973" lon="138.101447">
        <ele>1336.265280651248</ele>
      </trkpt>
      <trkpt lat="36.832909" lon="138.101417">
        <ele>1336.2764924702508</ele>
      </trkpt>
      <trkpt lat="36.832815" lon="138.101418">
        <ele>1335.71097835313</ele>
      </trkpt>
      <trkpt lat="36.832748" lon="138.10146">
        <ele>1335.864530092298</ele>
      </trkpt>
      <trkpt lat="36.832647" lon="138.101565">
        <ele>1336.3554501930385</ele>
      </trkpt>
      <trkpt lat="36.83245" lon="138.101845">
        <ele>1338.8908827607688</ele>
      </trkpt>
      <trkpt lat="36.832315" lon="138.102">
        <ele>1340.0751994901975</ele>
      </trkpt>
      <trkpt lat="36.832214" lon="138.102063">
        <ele>1339.7856394645728</ele>
      </trkpt>
      <trkpt lat="36.832011" lon="138.102118">
        <ele>1339.7726656302625</ele>
      </trkpt>
      <trkpt lat="36.831707" lon="138.102265">
        <ele>1339.4028436847948</ele>
      </trkpt>
      <trkpt lat="36.831544" lon="138.102483">
        <ele>1338.3938716437785</ele>
      </trkpt>
      <trkpt lat="36.831471" lon="138.102755">
        <ele>1339.1957673945776</ele>
      </trkpt>
      <trkpt lat="36.831414" lon="138.102889">
        <ele>1339.1733935127622</ele>
      </trkpt>
      <trkpt lat="36.831347" lon="138.102994">
        <ele>1340.768390121109</ele>
      </trkpt>
      <trkpt lat="36.831313" lon="138.103021">
        <ele>1341.4554117877842</ele>
      </trkpt>
      <trkpt lat="36.83124" lon="138.103049">
        <ele>1342.1868278045447</ele>
      </trkpt>
      <trkpt lat="36.830975" lon="138.103056">
        <ele>1341.9376413787193</ele>
      </trkpt>
      <trkpt lat="36.830863" lon="138.103091">
        <ele>1342.7264780932317</ele>
      </trkpt>
      <trkpt lat="36.830805" lon="138.103147">
        <ele>1343.0173486209087</ele>
      </trkpt>
      <trkpt lat="36.830677" lon="138.103378">
        <ele>1342.611195780997</ele>
      </trkpt>
      <trkpt lat="36.830559" lon="138.103462">
        <ele>1343.0989940903512</ele>
      </trkpt>
      <trkpt lat="36.830413" lon="138.103455">
        <ele>1346.8901446843336</ele>
      </trkpt>
      <trkpt lat="36.830345" lon="138.103413">
        <ele>1346.1957051929708</ele>
      </trkpt>
      <trkpt lat="36.830278" lon="138.103273">
        <ele>1342.3917410488707</ele>
      </trkpt>
      <trkpt lat="36.830278" lon="138.10307">
        <ele>1340.293031381035</ele>
      </trkpt>
      <trkpt lat="36.830294" lon="138.102909">
        <ele>1339.083775861888</ele>
      </trkpt>
      <trkpt lat="36.830283" lon="138.102587">
        <ele>1338.134737731114</ele>
      </trkpt>
      <trkpt lat="36.830244" lon="138.102272">
        <ele>1337.9086588515122</ele>
      </trkpt>
      <trkpt lat="36.830187" lon="138.101937">
        <ele>1338.516257766493</ele>
      </trkpt>
      <trkpt lat="36.830131" lon="138.101692">
        <ele>1339.4292791323921</ele>
      </trkpt>
      <trkpt lat="36.830075" lon="138.101502">
        <ele>1338.0082045909312</ele>
      </trkpt>
      <trkpt lat="36.830001" lon="138.10135">
        <ele>1336.2054306368823</ele>
      </trkpt>
      <trkpt lat="36.829951" lon="138.101265">
        <ele>1335.6618396563815</ele>
      </trkpt>
      <trkpt lat="36.829866" lon="138.10116">
        <ele>1335.7346466124204</ele>
      </trkpt>
      <trkpt lat="36.829641" lon="138.100968">
        <ele>1337.664073235435</ele>
      </trkpt>
      <trkpt lat="36.829416" lon="138.100775">
        <ele>1335.8606156794465</ele>
      </trkpt>
      <trkpt lat="36.829321" lon="138.100635">
        <ele>1332.0576800957178</ele>
      </trkpt>
      <trkpt lat="36.829247" lon="138.100502">
        <ele>1329.7938395690967</ele>
      </trkpt>
      <trkpt lat="36.82918" lon="138.1003">
        <ele>1329.6669815432997</ele>
      </trkpt>
      <trkpt lat="36.829157" lon="138.10018">
        <ele>1329.773782230269</ele>
      </trkpt>
      <trkpt lat="36.829157" lon="138.099837">
        <ele>1329.4974720501164</ele>
      </trkpt>
      <trkpt lat="36.829202" lon="138.099411">
        <ele>1329.7680092332907</ele>
      </trkpt>
      <trkpt lat="36.829196" lon="138.099202">
        <ele>1329.724611227867</ele>
      </trkpt>
      <trkpt lat="36.829163" lon="138.09909">
        <ele>1330.0666259154534</ele>
      </trkpt>
      <trkpt lat="36.829067" lon="138.098901">
        <ele>1330.646755853785</ele>
      </trkpt>
      <trkpt lat="36.828966" lon="138.098761">
        <ele>1331.011160044629</ele>
      </trkpt>
      <trkpt lat="36.828645" lon="138.098453">
        <ele>1332.306189763307</ele>
      </trkpt>
      <trkpt lat="36.828431" lon="138.098223">
        <ele>1333.8435220536735</ele>
      </trkpt>
      <trkpt lat="36.828149" lon="138.097943">
        <ele>1336.6245064541508</ele>
      </trkpt>
      <trkpt lat="36.828082" lon="138.097859">
        <ele>1337.5801701579487</ele>
      </trkpt>
      <trkpt lat="36.827778" lon="138.097544">
        <ele>1342.0860598389934</ele>
      </trkpt>
      <trkpt lat="36.827688" lon="138.097439">
        <ele>1343.4797358384822</ele>
      </trkpt>
      <trkpt lat="36.82757" lon="138.097243">
        <ele>1344.3767715761055</ele>
      </trkpt>
      <trkpt lat="36.82753" lon="138.09711">
        <ele>1343.7421158310608</ele>
      </trkpt>
      <trkpt lat="36.827479" lon="138.097005">
        <ele>1345.3514684139525</ele>
      </trkpt>
      <trkpt lat="36.827283" lon="138.096788">
        <ele>1347.088509817872</ele>
      </trkpt>
      <trkpt lat="36.827215" lon="138.096662">
        <ele>1347.8618956510843</ele>
      </trkpt>
      <trkpt lat="36.82717" lon="138.096508">
        <ele>1348.504117713218</ele>
      </trkpt>
      <trkpt lat="36.827142" lon="138.096298">
        <ele>1348.752709716179</ele>
      </trkpt>
      <trkpt lat="36.827125" lon="138.095613">
        <ele>1349.5094689780362</ele>
      </trkpt>
      <trkpt lat="36.827108" lon="138.095501">
        <ele>1349.3590259305427</ele>
      </trkpt>
      <trkpt lat="36.827074" lon="138.095424">
        <ele>1349.3356192622396</ele>
      </trkpt>
      <trkpt lat="36.826911" lon="138.095214">
        <ele>1348.7492281079149</ele>
      </trkpt>
      <trkpt lat="36.826781" lon="138.095067">
        <ele>1348.7029122739625</ele>
      </trkpt>
      <trkpt lat="36.826618" lon="138.094864">
        <ele>1349.2596591366373</ele>
      </trkpt>
      <trkpt lat="36.826494" lon="138.094641">
        <ele>1348.7213911789813</ele>
      </trkpt>
      <trkpt lat="36.826393" lon="138.09441">
        <ele>1348.2597138452593</ele>
      </trkpt>
      <trkpt lat="36.826218" lon="138.093787">
        <ele>1346.6283735479496</ele>
      </trkpt>
      <trkpt lat="36.826179" lon="138.09357">
        <ele>1344.6506917219892</ele>
      </trkpt>
      <trkpt lat="36.826173" lon="138.093248">
        <ele>1344.4435971745188</ele>
      </trkpt>
      <trkpt lat="36.826196" lon="138.092975">
        <ele>1344.3588172857812</ele>
      </trkpt>
      <trkpt lat="36.826224" lon="138.092821">
        <ele>1342.7077624131598</ele>
      </trkpt>
      <trkpt lat="36.826325" lon="138.092535">
        <ele>1340.1195375621346</ele>
      </trkpt>
      <trkpt lat="36.826371" lon="138.092324">
        <ele>1341.4270033795633</ele>
      </trkpt>
      <trkpt lat="36.826371" lon="138.092073">
        <ele>1338.7587380357947</ele>
      </trkpt>
      <trkpt lat="36.826331" lon="138.091835">
        <ele>1335.1082188811279</ele>
      </trkpt>
      <trkpt lat="36.826297" lon="138.091674">
        <ele>1336.3684506162112</ele>
      </trkpt>
      <trkpt lat="36.826269" lon="138.091429">
        <ele>1337.5668080645992</ele>
      </trkpt>
      <trkpt lat="36.826263" lon="138.091108">
        <ele>1339.7345324222101</ele>
      </trkpt>
      <trkpt lat="36.826286" lon="138.090841">
        <ele>1339.963889197284</ele>
      </trkpt>
      <trkpt lat="36.826426" lon="138.090162">
        <ele>1341.3215331252572</ele>
      </trkpt>
      <trkpt lat="36.826432" lon="138.089966">
        <ele>1340.0650756743441</ele>
      </trkpt>
      <trkpt lat="36.826409" lon="138.089868">
        <ele>1337.9981340213874</ele>
      </trkpt>
      <trkpt lat="36.826336" lon="138.08975">
        <ele>1336.00035926289</ele>
      </trkpt>
      <trkpt lat="36.826094" lon="138.089491">
        <ele>1344.0820737871386</ele>
      </trkpt>
      <trkpt lat="36.825779" lon="138.089267">
        <ele>1347.4971929027279</ele>
      </trkpt>
      <trkpt lat="36.825638" lon="138.089113">
        <ele>1348.2233968322357</ele>
      </trkpt>
      <trkpt lat="36.825537" lon="138.08896">
        <ele>1347.5102980713389</ele>
      </trkpt>
      <trkpt lat="36.82547" lon="138.088792">
        <ele>1348.0723184665446</ele>
      </trkpt>
      <trkpt lat="36.825453" lon="138.088687">
        <ele>1348.354262442555</ele>
      </trkpt>
      <trkpt lat="36.825441" lon="138.088456">
        <ele>1348.6848002597017</ele>
      </trkpt>
      <trkpt lat="36.825464" lon="138.088274">
        <ele>1348.1702509466425</ele>
      </trkpt>
      <trkpt lat="36.825514" lon="138.088148">
        <ele>1347.1880426545636</ele>
      </trkpt>
      <trkpt lat="36.825773" lon="138.087679">
        <ele>1346.656138022643</ele>
      </trkpt>
      <trkpt lat="36.825847" lon="138.087505">
        <ele>1345.4325604368946</ele>
      </trkpt>
      <trkpt lat="36.825892" lon="138.087358">
        <ele>1344.5716161960843</ele>
      </trkpt>
      <trkpt lat="36.825937" lon="138.087064">
        <ele>1343.859651945317</ele>
      </trkpt>
      <trkpt lat="36.826004" lon="138.086945">
        <ele>1343.0762175671398</ele>
      </trkpt>
      <trkpt lat="36.826404" lon="138.086567">
        <ele>1338.9909518155919</ele>
      </trkpt>
      <trkpt lat="36.826477" lon="138.086434">
        <ele>1338.8282061613004</ele>
      </trkpt>
      <trkpt lat="36.826624" lon="138.086113">
        <ele>1338.419945439043</ele>
      </trkpt>
      <trkpt lat="36.826674" lon="138.086061">
        <ele>1337.8726461737638</ele>
      </trkpt>
      <trkpt lat="36.826718" lon="138.086036">
        <ele>1337.3502296274924</ele>
      </trkpt>
      <trkpt lat="36.826769" lon="138.086043">
        <ele>1336.7395070019807</ele>
      </trkpt>
      <trkpt lat="36.826803" lon="138.086073">
        <ele>1336.2584812543892</ele>
      </trkpt>
      <trkpt lat="36.82684" lon="138.086144">
        <ele>1335.4651041008378</ele>
      </trkpt>
      <trkpt lat="36.82685" lon="138.086231">
        <ele>1334.7555698599303</ele>
      </trkpt>
      <trkpt lat="36.826838" lon="138.086378">
        <ele>1333.8437862145672</ele>
      </trkpt>
      <trkpt lat="36.826714" lon="138.086896">
        <ele>1332.584470628381</ele>
      </trkpt>
      <trkpt lat="36.826686" lon="138.087099">
        <ele>1332.5621625026652</ele>
      </trkpt>
      <trkpt lat="36.826697" lon="138.087267">
        <ele>1331.9491304632606</ele>
      </trkpt>
      <trkpt lat="36.826725" lon="138.087484">
        <ele>1330.605689520135</ele>
      </trkpt>
      <trkpt lat="36.82686" lon="138.087918">
        <ele>1327.8748589156048</ele>
      </trkpt>
      <trkpt lat="36.82686" lon="138.088071">
        <ele>1327.0442107548106</ele>
      </trkpt>
      <trkpt lat="36.82679" lon="138.088276">
        <ele>1326.933417091628</ele>
      </trkpt>
      <trkpt lat="36.826815" lon="138.088365">
        <ele>1326.3578459370756</ele>
      </trkpt>
      <trkpt lat="36.826854" lon="138.088414">
        <ele>1325.65029008054</ele>
      </trkpt>
      <trkpt lat="36.82695" lon="138.088442">
        <ele>1324.356611426304</ele>
      </trkpt>
      <trkpt lat="36.827006" lon="138.088407">
        <ele>1323.9210446925551</ele>
      </trkpt>
      <trkpt lat="36.827057" lon="138.088351">
        <ele>1323.4819122090944</ele>
      </trkpt>
      <trkpt lat="36.827175" lon="138.088183">
        <ele>1322.2272668020928</ele>
      </trkpt>
      <trkpt lat="36.827305" lon="138.087931">
        <ele>1320.9181068103426</ele>
      </trkpt>
      <trkpt lat="36.827406" lon="138.087784">
        <ele>1320.2173736788798</ele>
      </trkpt>
      <trkpt lat="36.827513" lon="138.087666">
        <ele>1319.4190904485554</ele>
      </trkpt>
      <trkpt lat="36.827592" lon="138.087596">
        <ele>1318.451332886079</ele>
      </trkpt>
      <trkpt lat="36.827782" lon="138.087379">
        <ele>1317.0966610999126</ele>
      </trkpt>
      <trkpt lat="36.827912" lon="138.087183">
        <ele>1315.989883392719</ele>
      </trkpt>
      <trkpt lat="36.828052" lon="138.086896">
        <ele>1315.0942100878892</ele>
      </trkpt>
      <trkpt lat="36.828289" lon="138.086455">
        <ele>1314.116561850838</ele>
      </trkpt>
      <trkpt lat="36.828373" lon="138.086358">
        <ele>1312.6716441309522</ele>
      </trkpt>
      <trkpt lat="36.828441" lon="138.086351">
        <ele>1311.794420693544</ele>
      </trkpt>
      <trkpt lat="36.828542" lon="138.086428">
        <ele>1310.6738830778022</ele>
      </trkpt>
      <trkpt lat="36.828604" lon="138.086525">
        <ele>1309.315216142558</ele>
      </trkpt>
      <trkpt lat="36.828643" lon="138.086756">
        <ele>1307.565158052895</ele>
      </trkpt>
      <trkpt lat="36.828655" lon="138.08691">
        <ele>1306.7677642864348</ele>
      </trkpt>
      <trkpt lat="36.828657" lon="138.087218">
        <ele>1306.4411248764832</ele>
      </trkpt>
      <trkpt lat="36.82866" lon="138.087833">
        <ele>1302.332436359162</ele>
      </trkpt>
      <trkpt lat="36.828683" lon="138.087988">
        <ele>1302.2128173842277</ele>
      </trkpt>
      <trkpt lat="36.828722" lon="138.088113">
        <ele>1301.9210741855854</ele>
      </trkpt>
      <trkpt lat="36.828773" lon="138.088218">
        <ele>1301.5146025910497</ele>
      </trkpt>
      <trkpt lat="36.828925" lon="138.088421">
        <ele>1299.9215833874423</ele>
      </trkpt>
      <trkpt lat="36.828992" lon="138.088547">
        <ele>1298.8216171115973</ele>
      </trkpt>
      <trkpt lat="36.829042" lon="138.088713">
        <ele>1297.6628695216793</ele>
      </trkpt>
      <trkpt lat="36.829026" lon="138.088903">
        <ele>1296.7810488812645</ele>
      </trkpt>
      <trkpt lat="36.829021" lon="138.089176">
        <ele>1296.2682262335356</ele>
      </trkpt>
      <trkpt lat="36.829257" lon="138.089994">
        <ele>1291.343108568631</ele>
      </trkpt>
      <trkpt lat="36.829285" lon="138.09005">
        <ele>1290.8718492689081</ele>
      </trkpt>
      <trkpt lat="36.829358" lon="138.090113">
        <ele>1289.9897056644131</ele>
      </trkpt>
      <trkpt lat="36.829439" lon="138.090135">
        <ele>1289.1885432793579</ele>
      </trkpt>
      <trkpt lat="36.829583" lon="138.090043">
        <ele>1288.0405510782653</ele>
      </trkpt>
      <trkpt lat="36.829854" lon="138.089791">
        <ele>1286.0688520400927</ele>
      </trkpt>
      <trkpt lat="36.830164" lon="138.089484">
        <ele>1284.2465222474948</ele>
      </trkpt>
      <trkpt lat="36.830412" lon="138.089176">
        <ele>1281.7957185155733</ele>
      </trkpt>
      <trkpt lat="36.830559" lon="138.089015">
        <ele>1280.482945552191</ele>
      </trkpt>
      <trkpt lat="36.83102" lon="138.088554">
        <ele>1276.6488157732258</ele>
      </trkpt>
      <trkpt lat="36.831076" lon="138.088481">
        <ele>1276.2624443279033</ele>
      </trkpt>
      <trkpt lat="36.831182" lon="138.088266">
        <ele>1275.475000508447</ele>
      </trkpt>
      <trkpt lat="36.831307" lon="138.088034">
        <ele>1273.6986378373442</ele>
      </trkpt>
      <trkpt lat="36.831532" lon="138.087631">
        <ele>1271.7460343582773</ele>
      </trkpt>
      <trkpt lat="36.831848" lon="138.087148">
        <ele>1268.4557212560044</ele>
      </trkpt>
      <trkpt lat="36.831943" lon="138.087029">
        <ele>1267.4244726162121</ele>
      </trkpt>
      <trkpt lat="36.832022" lon="138.086833">
        <ele>1266.3216749877215</ele>
      </trkpt>
      <trkpt lat="36.832118" lon="138.086448">
        <ele>1263.4436274126026</ele>
      </trkpt>
      <trkpt lat="36.832196" lon="138.085966">
        <ele>1262.5790223720749</ele>
      </trkpt>
      <trkpt lat="36.832196" lon="138.085749">
        <ele>1262.0657317108896</ele>
      </trkpt>
      <trkpt lat="36.83218" lon="138.085532">
        <ele>1260.9125454521823</ele>
      </trkpt>
      <trkpt lat="36.832123" lon="138.08535">
        <ele>1260.560885963142</ele>
      </trkpt>
      <trkpt lat="36.832033" lon="138.085147">
        <ele>1259.0781743316106</ele>
      </trkpt>
      <trkpt lat="36.83178" lon="138.084776">
        <ele>1258.668021490634</ele>
      </trkpt>
      <trkpt lat="36.831611" lon="138.084489">
        <ele>1257.323761733981</ele>
      </trkpt>
      <trkpt lat="36.831459" lon="138.084174">
        <ele>1254.0844037646723</ele>
      </trkpt>
      <trkpt lat="36.83138" lon="138.083937">
        <ele>1248.4862241480898</ele>
      </trkpt>
      <trkpt lat="36.831371" lon="138.083815">
        <ele>1247.4589388224326</ele>
      </trkpt>
      <trkpt lat="36.831403" lon="138.083734">
        <ele>1246.8345634594891</ele>
      </trkpt>
      <trkpt lat="36.831467" lon="138.083661">
        <ele>1245.7764415987679</ele>
      </trkpt>
      <trkpt lat="36.831565" lon="138.083579">
        <ele>1244.7687501053276</ele>
      </trkpt>
      <trkpt lat="36.831718" lon="138.083503">
        <ele>1245.039069750958</ele>
      </trkpt>
      <trkpt lat="36.831839" lon="138.083508">
        <ele>1244.9063395199892</ele>
      </trkpt>
      <trkpt lat="36.831982" lon="138.083587">
        <ele>1243.6889659248832</ele>
      </trkpt>
      <trkpt lat="36.832157" lon="138.083741">
        <ele>1242.4039056087224</ele>
      </trkpt>
      <trkpt lat="36.832534" lon="138.084126">
        <ele>1249.3278385495987</ele>
      </trkpt>
      <trkpt lat="36.832759" lon="138.084308">
        <ele>1253.102003483806</ele>
      </trkpt>
      <trkpt lat="36.83284" lon="138.084308">
        <ele>1256.956787163955</ele>
      </trkpt>
      <trkpt lat="36.832896" lon="138.084268">
        <ele>1261.2569353878876</ele>
      </trkpt>
      <trkpt lat="36.832984" lon="138.084168">
        <ele>1266.0488243715454</ele>
      </trkpt>
      <trkpt lat="36.833128" lon="138.083969">
        <ele>1265.760936400823</ele>
      </trkpt>
      <trkpt lat="36.833272" lon="138.083769">
        <ele>1263.729419095659</ele>
      </trkpt>
      <trkpt lat="36.833361" lon="138.083722">
        <ele>1265.2923126832316</ele>
      </trkpt>
      <trkpt lat="36.833457" lon="138.083699">
        <ele>1266.0518760446528</ele>
      </trkpt>
      <trkpt lat="36.833671" lon="138.083689">
        <ele>1261.2835415983031</ele>
      </trkpt>
      <trkpt lat="36.833885" lon="138.083678">
        <ele>1262.6660028838933</ele>
      </trkpt>
      <trkpt lat="36.834071" lon="138.083685">
        <ele>1266.83524561584</ele>
      </trkpt>
      <trkpt lat="36.834184" lon="138.08372">
        <ele>1266.2984756968312</ele>
      </trkpt>
      <trkpt lat="36.834628" lon="138.083902">
        <ele>1262.7436237257346</ele>
      </trkpt>
      <trkpt lat="36.834859" lon="138.083902">
        <ele>1260.4779102512898</ele>
      </trkpt>
      <trkpt lat="36.835334" lon="138.083828">
        <ele>1263.913344821236</ele>
      </trkpt>
      <trkpt lat="36.835774" lon="138.083794">
        <ele>1264.5347020897136</ele>
      </trkpt>
      <trkpt lat="36.835829" lon="138.083815">
        <ele>1264.578941031041</ele>
      </trkpt>
      <trkpt lat="36.835889" lon="138.083867">
        <ele>1264.6842505209079</ele>
      </trkpt>
      <trkpt lat="36.8363" lon="138.084371">
        <ele>1266.5704430593828</ele>
      </trkpt>
      <trkpt lat="36.836547" lon="138.084737">
        <ele>1265.2653051719353</ele>
      </trkpt>
      <trkpt lat="36.836857" lon="138.08536">
        <ele>1266.1799270594088</ele>
      </trkpt>
      <trkpt lat="36.836913" lon="138.085514">
        <ele>1266.5089988503275</ele>
      </trkpt>
      <trkpt lat="36.837121" lon="138.086011">
        <ele>1265.9497598768123</ele>
      </trkpt>
      <trkpt lat="36.837167" lon="138.086148">
        <ele>1265.5761250073147</ele>
      </trkpt>
      <trkpt lat="36.836777" lon="138.086115">
        <ele>1260.1216451783462</ele>
      </trkpt>
      <trkpt lat="36.836632" lon="138.086068">
        <ele>1258.7695951063915</ele>
      </trkpt>
      <trkpt lat="36.836484" lon="138.08602">
        <ele>1256.7691167329494</ele>
      </trkpt>
      <trkpt lat="36.836363" lon="138.08601">
        <ele>1254.2903595363682</ele>
      </trkpt>
      <trkpt lat="36.836221" lon="138.086027">
        <ele>1252.014920411672</ele>
      </trkpt>
      <trkpt lat="36.836122" lon="138.086066">
        <ele>1251.4904750500045</ele>
      </trkpt>
      <trkpt lat="36.836084" lon="138.086115">
        <ele>1251.1496935524065</ele>
      </trkpt>
      <trkpt lat="36.836043" lon="138.086135">
        <ele>1251.1793068272837</ele>
      </trkpt>
      <trkpt lat="36.835914" lon="138.086126">
        <ele>1251.6047878121603</ele>
      </trkpt>
      <trkpt lat="36.835796" lon="138.086144">
        <ele>1251.7170363593596</ele>
      </trkpt>
      <trkpt lat="36.835791" lon="138.08637">
        <ele>1250.7840088842427</ele>
      </trkpt>
      <trkpt lat="36.835803" lon="138.086525">
        <ele>1250.0948252346634</ele>
      </trkpt>
      <trkpt lat="36.835828" lon="138.086615">
        <ele>1249.9936052189532</ele>
      </trkpt>
      <trkpt lat="36.836023" lon="138.086539">
        <ele>1249.698255415996</ele>
      </trkpt>
      <trkpt lat="36.836154" lon="138.086569">
        <ele>1249.3556232609694</ele>
      </trkpt>
      <trkpt lat="36.83618" lon="138.086643">
        <ele>1249.05627661392</ele>
      </trkpt>
      <trkpt lat="36.836243" lon="138.08727">
        <ele>1256.4931988942135</ele>
      </trkpt>
      <trkpt lat="36.836283" lon="138.087372">
        <ele>1257.8100449823473</ele>
      </trkpt>
      <trkpt lat="36.836328" lon="138.087523">
        <ele>1258.6147625889698</ele>
      </trkpt>
      <trkpt lat="36.836313" lon="138.087857">
        <ele>1255.318896812477</ele>
      </trkpt>
      <trkpt lat="36.836323" lon="138.087962">
        <ele>1251.423612225144</ele>
      </trkpt>
      <trkpt lat="36.836423" lon="138.088166">
        <ele>1250.1303593872804</ele>
      </trkpt>
      <trkpt lat="36.836693" lon="138.088622">
        <ele>1255.708788925251</ele>
      </trkpt>
      <trkpt lat="36.836828" lon="138.088851">
        <ele>1252.8040754408444</ele>
      </trkpt>
      <trkpt lat="36.836931" lon="138.088968">
        <ele>1250.1715550285753</ele>
      </trkpt>
      <trkpt lat="36.83707" lon="138.089097">
        <ele>1247.2910851596794</ele>
      </trkpt>
      <trkpt lat="36.837313" lon="138.089178">
        <ele>1246.122845176086</ele>
      </trkpt>
      <trkpt lat="36.83738" lon="138.089161">
        <ele>1246.1787027354806</ele>
      </trkpt>
      <trkpt lat="36.837563" lon="138.089047">
        <ele>1246.790597110576</ele>
      </trkpt>
      <trkpt lat="36.837662" lon="138.08901">
        <ele>1247.1732578366</ele>
      </trkpt>
      <trkpt lat="36.837784" lon="138.088989">
        <ele>1247.2956974705387</ele>
      </trkpt>
      <trkpt lat="36.83782" lon="138.088994">
        <ele>1247.2580852430265</ele>
      </trkpt>
      <trkpt lat="36.838021" lon="138.089037">
        <ele>1247.5344866719154</ele>
      </trkpt>
      <trkpt lat="36.838192" lon="138.089089">
        <ele>1247.9190126348042</ele>
      </trkpt>
      <trkpt lat="36.838288" lon="138.089142">
        <ele>1248.1032594448286</ele>
      </trkpt>
      <trkpt lat="36.838387" lon="138.089278">
        <ele>1248.0642421805085</ele>
      </trkpt>
      <trkpt lat="36.838429" lon="138.089408">
        <ele>1247.8166951586948</ele>
      </trkpt>
      <trkpt lat="36.838523" lon="138.089581">
        <ele>1248.9087984013318</ele>
      </trkpt>
      <trkpt lat="36.838688" lon="138.08978">
        <ele>1249.7970640137773</ele>
      </trkpt>
      <trkpt lat="36.838951" lon="138.090001">
        <ele>1247.8303259494087</ele>
      </trkpt>
      <trkpt lat="36.839229" lon="138.090158">
        <ele>1247.5424485855706</ele>
      </trkpt>
      <trkpt lat="36.839372" lon="138.090258">
        <ele>1248.2210544001455</ele>
      </trkpt>
      <trkpt lat="36.839854" lon="138.090799">
        <ele>1240.2659397204673</ele>
      </trkpt>
      <trkpt lat="36.840042" lon="138.090972">
        <ele>1237.2413374217763</ele>
      </trkpt>
      <trkpt lat="36.840231" lon="138.091144">
        <ele>1245.4293594112678</ele>
      </trkpt>
      <trkpt lat="36.84041" lon="138.091357">
        <ele>1241.7192012206274</ele>
      </trkpt>
      <trkpt lat="36.840589" lon="138.091569">
        <ele>1247.1221443972972</ele>
      </trkpt>
      <trkpt lat="36.840768" lon="138.091781">
        <ele>1248.5792282740254</ele>
      </trkpt>
      <trkpt lat="36.840899" lon="138.091897">
        <ele>1249.6170595959848</ele>
      </trkpt>
      <trkpt lat="36.841221" lon="138.092254">
        <ele>1249.7046609384772</ele>
      </trkpt>
      <trkpt lat="36.841454" lon="138.092387">
        <ele>1250.6820367418384</ele>
      </trkpt>
      <trkpt lat="36.841547" lon="138.09241">
        <ele>1251.350434475833</ele>
      </trkpt>
      <trkpt lat="36.841752" lon="138.092458">
        <ele>1251.502412674084</ele>
      </trkpt>
      <trkpt lat="36.841834" lon="138.092466">
        <ele>1251.4195739308702</ele>
      </trkpt>
      <trkpt lat="36.841971" lon="138.092516">
        <ele>1251.2789037586626</ele>
      </trkpt>
      <trkpt lat="36.842019" lon="138.092545">
        <ele>1251.33252640846</ele>
      </trkpt>
      <trkpt lat="36.842309" lon="138.092849">
        <ele>1251.316225862242</ele>
      </trkpt>
      <trkpt lat="36.842778" lon="138.093228">
        <ele>1252.3790467579922</ele>
      </trkpt>
      <trkpt lat="36.842912" lon="138.093324">
        <ele>1252.2847406815144</ele>
      </trkpt>
      <trkpt lat="36.843177" lon="138.093483">
        <ele>1252.1005133636597</ele>
      </trkpt>
      <trkpt lat="36.843264" lon="138.093508">
        <ele>1252.023804310581</ele>
      </trkpt>
      <trkpt lat="36.843339" lon="138.093508">
        <ele>1252.136529220519</ele>
      </trkpt>
      <trkpt lat="36.843395" lon="138.093489">
        <ele>1252.5908407938182</ele>
      </trkpt>
      <trkpt lat="36.843586" lon="138.093336">
        <ele>1255.1329188694122</ele>
      </trkpt>
      <trkpt lat="36.843739" lon="138.093193">
        <ele>1256.5700574662342</ele>
      </trkpt>
      <trkpt lat="36.843789" lon="138.093093">
        <ele>1256.8690313114175</ele>
      </trkpt>
      <trkpt lat="36.843812" lon="138.093018">
        <ele>1256.8842910466221</ele>
      </trkpt>
      <trkpt lat="36.843823" lon="138.092816">
        <ele>1256.368983601852</ele>
      </trkpt>
      <trkpt lat="36.843782" lon="138.091868">
        <ele>1255.2815653527878</ele>
      </trkpt>
      <trkpt lat="36.843769" lon="138.091552">
        <ele>1254.7728675876772</ele>
      </trkpt>
      <trkpt lat="36.843741" lon="138.09131">
        <ele>1254.7884174609355</ele>
      </trkpt>
      <trkpt lat="36.843729" lon="138.091094">
        <ele>1255.3377622596388</ele>
      </trkpt>
      <trkpt lat="36.843729" lon="138.090947">
        <ele>1255.507200425334</ele>
      </trkpt>
      <trkpt lat="36.843752" lon="138.09085">
        <ele>1255.5366187870607</ele>
      </trkpt>
      <trkpt lat="36.843833" lon="138.090701">
        <ele>1255.650126623189</ele>
      </trkpt>
      <trkpt lat="36.843937" lon="138.090564">
        <ele>1255.8651414545832</ele>
      </trkpt>
      <trkpt lat="36.844173" lon="138.090337">
        <ele>1256.1906515517278</ele>
      </trkpt>
      <trkpt lat="36.844491" lon="138.090012">
        <ele>1256.570006435726</ele>
      </trkpt>
      <trkpt lat="36.844631" lon="138.089902">
        <ele>1256.2964537976318</ele>
      </trkpt>
      <trkpt lat="36.844697" lon="138.089881">
        <ele>1256.0924105656989</ele>
      </trkpt>
      <trkpt lat="36.844804" lon="138.089872">
        <ele>1255.9664332568798</ele>
      </trkpt>
      <trkpt lat="36.844902" lon="138.089887">
        <ele>1256.0240003124877</ele>
      </trkpt>
      <trkpt lat="36.844989" lon="138.089918">
        <ele>1256.2574248526048</ele>
      </trkpt>
      <trkpt lat="36.845106" lon="138.089993">
        <ele>1256.6086317136617</ele>
      </trkpt>
      <trkpt lat="36.845589" lon="138.090356">
        <ele>1256.2269372817764</ele>
      </trkpt>
      <trkpt lat="36.846177" lon="138.090819">
        <ele>1255.7052024153759</ele>
      </trkpt>
      <trkpt lat="36.846379" lon="138.091">
        <ele>1256.1213719039567</ele>
      </trkpt>
      <trkpt lat="36.846533" lon="138.091193">
        <ele>1256.1204139476577</ele>
      </trkpt>
      <trkpt lat="36.84657" lon="138.091268">
        <ele>1256.0673786990094</ele>
      </trkpt>
      <trkpt lat="36.846602" lon="138.091431">
        <ele>1256.3654664529608</ele>
      </trkpt>
      <trkpt lat="36.84676" lon="138.091557">
        <ele>1259.6437283344114</ele>
      </trkpt>
      <trkpt lat="36.846939" lon="138.091736">
        <ele>1264.9873542496816</ele>
      </trkpt>
      <trkpt lat="36.847039" lon="138.09191">
        <ele>1268.4485335881125</ele>
      </trkpt>
      <trkpt lat="36.847145" lon="138.092041">
        <ele>1271.7909674902794</ele>
      </trkpt>
      <trkpt lat="36.847215" lon="138.092173">
        <ele>1273.564197751544</ele>
      </trkpt>
      <trkpt lat="36.847439" lon="138.092361">
        <ele>1277.786371447942</ele>
      </trkpt>
      <trkpt lat="36.847533" lon="138.092463">
        <ele>1279.2648713296653</ele>
      </trkpt>
      <trkpt lat="36.847597" lon="138.092572">
        <ele>1280.1154047782709</ele>
      </trkpt>
      <trkpt lat="36.847824" lon="138.092593">
        <ele>1282.9083072955532</ele>
      </trkpt>
      <trkpt lat="36.847978" lon="138.092648">
        <ele>1284.147135459349</ele>
      </trkpt>
      <trkpt lat="36.848103" lon="138.092618">
        <ele>1283.9928658673534</ele>
      </trkpt>
      <trkpt lat="36.848227" lon="138.092565">
        <ele>1282.3483666301263</ele>
      </trkpt>
      <trkpt lat="36.848275" lon="138.092251">
        <ele>1280.9460783924687</ele>
      </trkpt>
      <trkpt lat="36.84834" lon="138.092152">
        <ele>1280.3207531001406</ele>
      </trkpt>
      <trkpt lat="36.848466" lon="138.092047">
        <ele>1279.2067744806222</ele>
      </trkpt>
      <trkpt lat="36.848554" lon="138.091894">
        <ele>1279.2739015188465</ele>
      </trkpt>
      <trkpt lat="36.848612" lon="138.09176">
        <ele>1279.0733055808641</ele>
      </trkpt>
      <trkpt lat="36.848655" lon="138.091617">
        <ele>1280.1027145908938</ele>
      </trkpt>
      <trkpt lat="36.848708" lon="138.09149">
        <ele>1280.4616882079695</ele>
      </trkpt>
      <trkpt lat="36.84877" lon="138.091375">
        <ele>1280.1742758562891</ele>
      </trkpt>
      <trkpt lat="36.848945" lon="138.09127">
        <ele>1278.8333140149186</ele>
      </trkpt>
      <trkpt lat="36.849222" lon="138.09106">
        <ele>1276.0001161826744</ele>
      </trkpt>
      <trkpt lat="36.849339" lon="138.091015">
        <ele>1274.273648744411</ele>
      </trkpt>
      <trkpt lat="36.849492" lon="138.090983">
        <ele>1272.1886506152553</ele>
      </trkpt>
      <trkpt lat="36.849604" lon="138.090853">
        <ele>1269.3736081466466</ele>
      </trkpt>
      <trkpt lat="36.849624" lon="138.09071">
        <ele>1265.8018248401793</ele>
      </trkpt>
      <trkpt lat="36.849614" lon="138.09055">
        <ele>1262.8298835102646</ele>
      </trkpt>
      <trkpt lat="36.849519" lon="138.090419">
        <ele>1263.0661566007045</ele>
      </trkpt>
      <trkpt lat="36.849427" lon="138.090242">
        <ele>1262.1279078916034</ele>
      </trkpt>
      <trkpt lat="36.849352" lon="138.090067">
        <ele>1262.5273083592876</ele>
      </trkpt>
      <trkpt lat="36.849318" lon="138.089878">
        <ele>1263.336720148784</ele>
      </trkpt>
      <trkpt lat="36.849294" lon="138.089657">
        <ele>1263.6043297189094</ele>
      </trkpt>
      <trkpt lat="36.849245" lon="138.089514">
        <ele>1264.758560248904</ele>
      </trkpt>
      <trkpt lat="36.849089" lon="138.08879">
        <ele>1264.0775469533878</ele>
      </trkpt>
      <trkpt lat="36.849068" lon="138.088557">
        <ele>1264.0300232332206</ele>
      </trkpt>
      <trkpt lat="36.849063" lon="138.088233">
        <ele>1264.2414973944808</ele>
      </trkpt>
      <trkpt lat="36.848975" lon="138.087747">
        <ele>1266.072219976466</ele>
      </trkpt>
      <trkpt lat="36.848952" lon="138.087449">
        <ele>1264.2584384531935</ele>
      </trkpt>
      <trkpt lat="36.848872" lon="138.087249">
        <ele>1265.2242892228746</ele>
      </trkpt>
      <trkpt lat="36.848817" lon="138.087061">
        <ele>1263.6932817107213</ele>
      </trkpt>
      <trkpt lat="36.848771" lon="138.086948">
        <ele>1262.4517845468658</ele>
      </trkpt>
      <trkpt lat="36.848659" lon="138.086798">
        <ele>1262.1527536407784</ele>
      </trkpt>
      <trkpt lat="36.848742" lon="138.086636">
        <ele>1256.606401331838</ele>
      </trkpt>
      <trkpt lat="36.848827" lon="138.086501">
        <ele>1251.9172379470497</ele>
      </trkpt>
      <trkpt lat="36.848987" lon="138.086343">
        <ele>1244.8027368487808</ele>
      </trkpt>
      <trkpt lat="36.849089" lon="138.086254">
        <ele>1240.7003723578646</ele>
      </trkpt>
      <trkpt lat="36.849162" lon="138.086228">
        <ele>1238.510067008438</ele>
      </trkpt>
      <trkpt lat="36.849446" lon="138.086259">
        <ele>1232.8823841873939</ele>
      </trkpt>
      <trkpt lat="36.849773" lon="138.086277">
        <ele>1227.9160686915745</ele>
      </trkpt>
      <trkpt lat="36.84985" lon="138.086247">
        <ele>1226.9233842054114</ele>
      </trkpt>
      <trkpt lat="36.850064" lon="138.086097">
        <ele>1225.2882594235284</ele>
      </trkpt>
      <trkpt lat="36.850119" lon="138.086136">
        <ele>1225.0089420770364</ele>
      </trkpt>
      <trkpt lat="36.850183" lon="138.086137">
        <ele>1224.86059135233</ele>
      </trkpt>
      <trkpt lat="36.85026" lon="138.086125">
        <ele>1224.8710566833308</ele>
      </trkpt>
      <trkpt lat="36.850518" lon="138.086209">
        <ele>1225.8999402562267</ele>
      </trkpt>
      <trkpt lat="36.850647" lon="138.086342">
        <ele>1226.7320970982535</ele>
      </trkpt>
      <trkpt lat="36.850723" lon="138.086378">
        <ele>1227.301534947756</ele>
      </trkpt>
      <trkpt lat="36.850817" lon="138.086368">
        <ele>1227.8860758378412</ele>
      </trkpt>
      <trkpt lat="36.850903" lon="138.086326">
        <ele>1228.0887207767219</ele>
      </trkpt>
      <trkpt lat="36.850993" lon="138.086268">
        <ele>1228.191898072288</ele>
      </trkpt>
      <trkpt lat="36.851264" lon="138.086037">
        <ele>1228.4434344068236</ele>
      </trkpt>
      <trkpt lat="36.851434" lon="138.085927">
        <ele>1228.3191869942236</ele>
      </trkpt>
      <trkpt lat="36.851748" lon="138.085653">
        <ele>1228.789020359577</ele>
      </trkpt>
      <trkpt lat="36.85182" lon="138.08553">
        <ele>1228.954013861875</ele>
      </trkpt>
      <trkpt lat="36.851862" lon="138.085342">
        <ele>1229.3121835350023</ele>
      </trkpt>
      <trkpt lat="36.851939" lon="138.084851">
        <ele>1230.0341186563246</ele>
      </trkpt>
      <trkpt lat="36.851995" lon="138.084662">
        <ele>1230.5117880936439</ele>
      </trkpt>
      <trkpt lat="36.852351" lon="138.083957">
        <ele>1237.6802580333228</ele>
      </trkpt>
      <trkpt lat="36.852398" lon="138.083823">
        <ele>1238.4426928483324</ele>
      </trkpt>
      <trkpt lat="36.852409" lon="138.083694">
        <ele>1239.263004100211</ele>
      </trkpt>
      <trkpt lat="36.852376" lon="138.083571">
        <ele>1239.8623906610455</ele>
      </trkpt>
      <trkpt lat="36.852333" lon="138.083477">
        <ele>1239.7725436057372</ele>
      </trkpt>
      <trkpt lat="36.852232" lon="138.083353">
        <ele>1239.3661482826715</ele>
      </trkpt>
      <trkpt lat="36.852159" lon="138.083232">
        <ele>1239.1726177745068</ele>
      </trkpt>
      <trkpt lat="36.852155" lon="138.083091">
        <ele>1238.9388409589433</ele>
      </trkpt>
      <trkpt lat="36.852233" lon="138.082675">
        <ele>1237.3166182264522</ele>
      </trkpt>
      <trkpt lat="36.852327" lon="138.082307">
        <ele>1235.1954601428522</ele>
      </trkpt>
      <trkpt lat="36.852343" lon="138.082135">
        <ele>1234.6901173868328</ele>
      </trkpt>
      <trkpt lat="36.85235" lon="138.081729">
        <ele>1234.3368054152525</ele>
      </trkpt>
      <trkpt lat="36.852443" lon="138.081269">
        <ele>1233.879132570439</ele>
      </trkpt>
      <trkpt lat="36.852428" lon="138.081139">
        <ele>1233.6419701936134</ele>
      </trkpt>
      <trkpt lat="36.852401" lon="138.081002">
        <ele>1233.1053965764713</ele>
      </trkpt>
      <trkpt lat="36.852354" lon="138.080922">
        <ele>1232.2010823539833</ele>
      </trkpt>
      <trkpt lat="36.852324" lon="138.080844">
        <ele>1231.1232924951717</ele>
      </trkpt>
      <trkpt lat="36.852325" lon="138.080747">
        <ele>1229.517520948666</ele>
      </trkpt>
      <trkpt lat="36.852325" lon="138.080747">
        <ele>1229.517520948666</ele>
      </trkpt>
      <trkpt lat="36.852377" lon="138.080694">
        <ele>1228.0829727694781</ele>
      </trkpt>
      <trkpt lat="36.852586" lon="138.080669">
        <ele>1226.316918828299</ele>
      </trkpt>
      <trkpt lat="36.852632" lon="138.080614">
        <ele>1226.112086640394</ele>
      </trkpt>
      <trkpt lat="36.852635" lon="138.080519">
        <ele>1229.0366719940891</ele>
      </trkpt>
      <trkpt lat="36.852602" lon="138.080408">
        <ele>1231.6510006611281</ele>
      </trkpt>
      <trkpt lat="36.852624" lon="138.080219">
        <ele>1234.4779301631047</ele>
      </trkpt>
      <trkpt lat="36.852686" lon="138.079973">
        <ele>1235.5115206915873</ele>
      </trkpt>
      <trkpt lat="36.852861" lon="138.078745">
        <ele>1237.1328480148723</ele>
      </trkpt>
      <trkpt lat="36.852833" lon="138.07863">
        <ele>1237.586290042419</ele>
      </trkpt>
      <trkpt lat="36.852865" lon="138.078181">
        <ele>1240.0643664464903</ele>
      </trkpt>
      <trkpt lat="36.852944" lon="138.078051">
        <ele>1240.01613763174</ele>
      </trkpt>
      <trkpt lat="36.852978" lon="138.077937">
        <ele>1239.7407088675736</ele>
      </trkpt>
      <trkpt lat="36.852978" lon="138.077764">
        <ele>1239.4566679535394</ele>
      </trkpt>
      <trkpt lat="36.852967" lon="138.077661">
        <ele>1239.821532945668</ele>
      </trkpt>
      <trkpt lat="36.853029" lon="138.077279">
        <ele>1242.1005891289756</ele>
      </trkpt>
      <trkpt lat="36.853099" lon="138.077093">
        <ele>1243.125612993304</ele>
      </trkpt>
      <trkpt lat="36.853305" lon="138.076691">
        <ele>1244.4643704577877</ele>
      </trkpt>
      <trkpt lat="36.853408" lon="138.076394">
        <ele>1245.6856424822367</ele>
      </trkpt>
      <trkpt lat="36.853515" lon="138.07627">
        <ele>1245.8017818985404</ele>
      </trkpt>
      <trkpt lat="36.853596" lon="138.076201">
        <ele>1245.5690877770503</ele>
      </trkpt>
      <trkpt lat="36.85364" lon="138.076142">
        <ele>1246.3504872292688</ele>
      </trkpt>
      <trkpt lat="36.85379013657541" lon="138.07625393858143">
        <ele>1244.4031871441223</ele>
      </trkpt>
      <trkpt lat="36.85400148598225" lon="138.07630676487042">
        <ele>1244.8501023943454</ele>
      </trkpt>
      <trkpt lat="36.85439459432622" lon="138.07637543904735">
        <ele>1245.2099605153078</ele>
      </trkpt>
      <trkpt lat="36.85466511932351" lon="138.07648637425314">
        <ele>1244.0161780590515</ele>
      </trkpt>
      <trkpt lat="36.854988481576456" lon="138.07658044742487">
        <ele>1244.236408075501</ele>
      </trkpt>
      <trkpt lat="36.855248771081065" lon="138.07661297732113">
        <ele>1243.2853209182872</ele>
      </trkpt>
      <trkpt lat="36.85539453281626" lon="138.07661297732113">
        <ele>1243.1301302462227</ele>
      </trkpt>
      <trkpt lat="36.85551947122565" lon="138.0765088816546">
        <ele>1243.4667666669684</ele>
      </trkpt>
      <trkpt lat="36.85551131886426" lon="138.07643706267282">
        <ele>1243.6226583051325</ele>
      </trkpt>
      <trkpt lat="36.85546600801851" lon="138.07640235526304">
        <ele>1243.7992476690308</ele>
      </trkpt>
      <trkpt lat="36.85547039294059" lon="138.07632015350578">
        <ele>1244.2082586502347</ele>
      </trkpt>
      <trkpt lat="36.85554639821042" lon="138.0761886306911">
        <ele>1243.8985317394975</ele>
      </trkpt>
      <trkpt lat="36.8556093098951" lon="138.07598515036386">
        <ele>1244.6636436883618</ele>
      </trkpt>
      <trkpt lat="36.855625647278046" lon="138.07571291152988">
        <ele>1245.4809235544824</ele>
      </trkpt>
      <trkpt lat="36.85559569540666" lon="138.07547810553638">
        <ele>1246.3853848291687</ele>
      </trkpt>
      <trkpt lat="36.85552217712765" lon="138.0753113592504">
        <ele>1247.5201730239683</ele>
      </trkpt>
      <trkpt lat="36.85555485192671" lon="138.0750697472846">
        <ele>1249.9693605373513</ele>
      </trkpt>
      <trkpt lat="36.85559841830454" lon="138.07492001592652">
        <ele>1252.2771111738487</ele>
      </trkpt>
      <trkpt lat="36.8555875267124" lon="138.07483153830498">
        <ele>1253.5825965537908</ele>
      </trkpt>
      <trkpt lat="36.8555875267124" lon="138.07483153830498">
        <ele>1253.5825965537908</ele>
      </trkpt>
      <trkpt lat="36.85565105338459" lon="138.07477840257593">
        <ele>1253.3070890103822</ele>
      </trkpt>
      <trkpt lat="36.85574273465505" lon="138.07487235767576">
        <ele>1251.8363811551671</ele>
      </trkpt>
      <trkpt lat="36.85586901655405" lon="138.07511267946774">
        <ele>1249.3419597487496</ele>
      </trkpt>
      <trkpt lat="36.85618759041884" lon="138.07511447291353">
        <ele>1230.0051235699038</ele>
      </trkpt>
      <trkpt lat="36.85648416550117" lon="138.0751126794584">
        <ele>1219.9073864764425</ele>
      </trkpt>
      <trkpt lat="36.8569303204756" lon="138.0751827126042">
        <ele>1218.238345031119</ele>
      </trkpt>
      <trkpt lat="36.857376475450025" lon="138.07525274575002">
        <ele>1217.5977956548581</ele>
      </trkpt>
      <trkpt lat="36.857818995116375" lon="138.07532220825988">
        <ele>1218.431597488905</ele>
      </trkpt>
      <trkpt lat="36.858234960919745" lon="138.07553565349593">
        <ele>1217.0613038995464</ele>
      </trkpt>
      <trkpt lat="36.85825416167992" lon="138.07554550601446">
        <ele>1217.822795533836</ele>
      </trkpt>
      <trkpt lat="36.85851596801663" lon="138.0757223755365">
        <ele>1222.2507928062332</ele>
      </trkpt>
      <trkpt lat="36.8588697589266" lon="138.0759281052417">
        <ele>1223.6182586428763</ele>
      </trkpt>
      <trkpt lat="36.85898827851956" lon="138.07619119865706">
        <ele>1227.7158595249336</ele>
      </trkpt>
      <trkpt lat="36.85931022633561" lon="138.07621772908567">
        <ele>1231.5107792430094</ele>
      </trkpt>
      <trkpt lat="36.85934486911076" lon="138.07620788078043">
        <ele>1231.6409969611086</ele>
      </trkpt>
    </trkseg>
  </trk>
</gpx>
