<?xml version="1.0" encoding="UTF-8"?>
<gpx schemaLocation="http://www.topografix.com/GPX/1/1 https://www.topografix.com/GPX/1/1/gpx.xsd http://www.cluetrust.com/XML/GPXDATA/1/0 https://www.cluetrust.com/Schemas/gpxdata10.xsd" creator="COROS Wearables" version="1.1" xmlns="http://www.topografix.com/GPX/1/1" xmlns:xsi="http://www.w3.org/2001/XMLSchema-instance" xsi:schemaLocation="http://www.topografix.com/GPX/1/1 http://www.topografix.com/GPX/1/1/gpx.xsd http://www.garmin.com/xmlschemas/GpxExtensions/v3 http://www.garmin.com/xmlschemas/GpxExtensionsv3.xsd http://www.garmin.com/xmlschemas/TrackPointExtension/v1 http://www.garmin.com/xmlschemas/TrackPointExtensionv1.xsd http://www.garmin.com/xmlschemas/PowerExtension/v1 http://www.garmin.com/xmlschemas/PowerExtensionv1.xsd http://www.topografix.com/GPX/gpx_style/0/2 http://www.topografix.com/GPX/gpx_style/0/2/gpx_style.xsd" xmlns:gpxtpx="http://www.garmin.com/xmlschemas/TrackPointExtension/v1" xmlns:gpxx="http://www.garmin.com/xmlschemas/GpxExtensions/v3" xmlns:gpxpx="http://www.garmin.com/xmlschemas/PowerExtension/v1" xmlns:gpx_style="http://www.topografix.com/GPX/gpx_style/0/2">
  <metadata>
    <name>斑尾トレイル</name>
    <author>
      <name>gpx.studio</name>
      <link href="https://gpx.studio"/>
    </author>
    <link href="https://www.coros.com">
      <text>COROS</text>
    </link>
  </metadata>
  <trk>
    <name>斑尾トレイル</name>
    <type>running</type>
    <extensions>
      <gpx_style:line>
        <gpx_style:color>bd6e00</gpx_style:color>
        <gpx_style:opacity>1</gpx_style:opacity>
        <gpx_style:width>6</gpx_style:width>
      </gpx_style:line>
    </extensions>
    <trkseg>
      <trkpt lat="36.851707012209744" lon="138.28399808933727">
        <ele>914.305968326973</ele>
      </trkpt>
      <trkpt lat="36.851363147317684" lon="138.28436018098668">
        <ele>914.2864337261736</ele>
      </trkpt>
      <trkpt lat="36.85113689409286" lon="138.28459842689443">
        <ele>913.5276122561193</ele>
      </trkpt>
      <trkpt lat="36.85113689409286" lon="138.28459842689443">
        <ele>913.5276122561193</ele>
      </trkpt>
      <trkpt lat="36.850920309904104" lon="138.2850908826984">
        <ele>914.8237516356642</ele>
      </trkpt>
      <trkpt lat="36.85070372571535" lon="138.28558333850233">
        <ele>918.0407156989327</ele>
      </trkpt>
      <trkpt lat="36.85054403654617" lon="138.285946429911">
        <ele>920.3735787676194</ele>
      </trkpt>
      <trkpt lat="36.85054403654617" lon="138.285946429911">
        <ele>920.3735787676194</ele>
      </trkpt>
      <trkpt lat="36.85054403654617" lon="138.285946429911">
        <ele>920.3735787676194</ele>
      </trkpt>
      <trkpt lat="36.850404055621354" lon="138.28606476605432">
        <ele>921.6556048983715</ele>
      </trkpt>
      <trkpt lat="36.849954490081" lon="138.28605323760436">
        <ele>926.7078781883632</ele>
      </trkpt>
      <trkpt lat="36.84950492454064" lon="138.28604170915443">
        <ele>935.7521454930006</ele>
      </trkpt>
      <trkpt lat="36.8491731" lon="138.2860332">
        <ele>940.0444765342412</ele>
      </trkpt>
      <trkpt lat="36.8491731" lon="138.2860332">
        <ele>940.0444765342412</ele>
      </trkpt>
      <trkpt lat="36.8491731" lon="138.2860332">
        <ele>940.0444765342412</ele>
      </trkpt>
      <trkpt lat="36.84876686041203" lon="138.28579229270858">
        <ele>942.550709488861</ele>
      </trkpt>
      <trkpt lat="36.84859919941424" lon="138.28569286675884">
        <ele>944.3041305636059</ele>
      </trkpt>
      <trkpt lat="36.84859919941424" lon="138.28569286675884">
        <ele>944.3041305636059</ele>
      </trkpt>
      <trkpt lat="36.84815028856644" lon="138.2856604401972">
        <ele>950.1194079125426</ele>
      </trkpt>
      <trkpt lat="36.847886922743555" lon="138.28564141626822">
        <ele>953.8790169506808</ele>
      </trkpt>
      <trkpt lat="36.8474538257266" lon="138.28549031253644">
        <ele>962.1937646691968</ele>
      </trkpt>
      <trkpt lat="36.84716830643549" lon="138.2853906973724">
        <ele>966.138987880196</ele>
      </trkpt>
      <trkpt lat="36.84716830643549" lon="138.2853906973724">
        <ele>966.138987880196</ele>
      </trkpt>
      <trkpt lat="36.84716830643549" lon="138.2853906973724">
        <ele>966.138987880196</ele>
      </trkpt>
      <trkpt lat="36.84678128263495" lon="138.28547301816673">
        <ele>967.1941747511742</ele>
      </trkpt>
      <trkpt lat="36.84639013956961" lon="138.28570454540255">
        <ele>968.008312291381</ele>
      </trkpt>
      <trkpt lat="36.84639013956961" lon="138.28570454540255">
        <ele>968.008312291381</ele>
      </trkpt>
      <trkpt lat="36.84639013956961" lon="138.28570454540255">
        <ele>968.008312291381</ele>
      </trkpt>
      <trkpt lat="36.84594257221237" lon="138.28565039611271">
        <ele>969.169364734107</ele>
      </trkpt>
      <trkpt lat="36.84590314532589" lon="138.28564562601974">
        <ele>969.0169787988526</ele>
      </trkpt>
      <trkpt lat="36.84590314532589" lon="138.28564562601974">
        <ele>969.0169787988526</ele>
      </trkpt>
      <trkpt lat="36.84557375804167" lon="138.28574338196387">
        <ele>970.047447317563</ele>
      </trkpt>
      <trkpt lat="36.845384359710934" lon="138.28572280176456">
        <ele>974.5979545745967</ele>
      </trkpt>
      <trkpt lat="36.845384359710934" lon="138.28572280176456">
        <ele>974.5979545745967</ele>
      </trkpt>
      <trkpt lat="36.84497316155264" lon="138.28549542247717">
        <ele>982.4461254139474</ele>
      </trkpt>
      <trkpt lat="36.84477556987031" lon="138.28538616066504">
        <ele>986.2511341690138</ele>
      </trkpt>
      <trkpt lat="36.84477556987031" lon="138.28538616066504">
        <ele>986.2511341690138</ele>
      </trkpt>
      <trkpt lat="36.84477556987031" lon="138.28538616066504">
        <ele>986.2511341690138</ele>
      </trkpt>
      <trkpt lat="36.84444206031813" lon="138.2854736265088">
        <ele>992.9482260429262</ele>
      </trkpt>
      <trkpt lat="36.8441246" lon="138.2853917">
        <ele>995.4435130313981</ele>
      </trkpt>
      <trkpt lat="36.8441246" lon="138.2853917">
        <ele>995.4435130313981</ele>
      </trkpt>
      <trkpt lat="36.8441042" lon="138.2853791">
        <ele>995.47889472216</ele>
      </trkpt>
      <trkpt lat="36.8440838" lon="138.2853666">
        <ele>995.4591785447681</ele>
      </trkpt>
      <trkpt lat="36.8440637" lon="138.2853533">
        <ele>995.4592384169582</ele>
      </trkpt>
      <trkpt lat="36.8440436" lon="138.28534">
        <ele>995.4388651299291</ele>
      </trkpt>
      <trkpt lat="36.8440241" lon="138.2853261">
        <ele>995.3896973606204</ele>
      </trkpt>
      <trkpt lat="36.8440046" lon="138.2853123">
        <ele>995.3384325257509</ele>
      </trkpt>
      <trkpt lat="36.8439859" lon="138.2852982">
        <ele>995.3074355068625</ele>
      </trkpt>
      <trkpt lat="36.8439672" lon="138.2852841">
        <ele>995.2085099399807</ele>
      </trkpt>
      <trkpt lat="36.8439494" lon="138.2852695">
        <ele>995.1011603475033</ele>
      </trkpt>
      <trkpt lat="36.8439317" lon="138.2852549">
        <ele>994.9877602543684</ele>
      </trkpt>
      <trkpt lat="36.8439148" lon="138.2852388">
        <ele>994.9317369914617</ele>
      </trkpt>
      <trkpt lat="36.8438979" lon="138.2852227">
        <ele>994.8488871148609</ele>
      </trkpt>
      <trkpt lat="36.8438819" lon="138.2852021">
        <ele>994.8657715004671</ele>
      </trkpt>
      <trkpt lat="36.843866" lon="138.2851815">
        <ele>994.8740749887266</ele>
      </trkpt>
      <trkpt lat="36.8438515" lon="138.2851556">
        <ele>994.9813142184557</ele>
      </trkpt>
      <trkpt lat="36.843837" lon="138.2851298">
        <ele>995.0382671135947</ele>
      </trkpt>
      <trkpt lat="36.8438222" lon="138.2850993">
        <ele>995.1413853416119</ele>
      </trkpt>
      <trkpt lat="36.8438075" lon="138.2850689">
        <ele>995.2131136300434</ele>
      </trkpt>
      <trkpt lat="36.8437927" lon="138.2850358">
        <ele>995.2903577901835</ele>
      </trkpt>
      <trkpt lat="36.8437779" lon="138.2850027">
        <ele>995.3509833698668</ele>
      </trkpt>
      <trkpt lat="36.843763" lon="138.284968">
        <ele>995.2953599073226</ele>
      </trkpt>
      <trkpt lat="36.8437481" lon="138.2849333">
        <ele>995.1996832909418</ele>
      </trkpt>
      <trkpt lat="36.8437337" lon="138.2848988">
        <ele>995.079184069485</ele>
      </trkpt>
      <trkpt lat="36.8437194" lon="138.2848643">
        <ele>994.9219160213141</ele>
      </trkpt>
      <trkpt lat="36.8437061" lon="138.2848316">
        <ele>994.7813555476498</ele>
      </trkpt>
      <trkpt lat="36.8436929" lon="138.284799">
        <ele>994.579647606752</ele>
      </trkpt>
      <trkpt lat="36.8436795" lon="138.2847669">
        <ele>994.3553479920384</ele>
      </trkpt>
      <trkpt lat="36.8436662" lon="138.2847349">
        <ele>994.1336978736341</ele>
      </trkpt>
      <trkpt lat="36.8436504" lon="138.2847027">
        <ele>993.8297342406591</ele>
      </trkpt>
      <trkpt lat="36.8436346" lon="138.2846706">
        <ele>993.5305674253038</ele>
      </trkpt>
      <trkpt lat="36.8436149" lon="138.2846397">
        <ele>993.1214447312846</ele>
      </trkpt>
      <trkpt lat="36.8435953" lon="138.2846089">
        <ele>992.6751611691082</ele>
      </trkpt>
      <trkpt lat="36.8435728" lon="138.284581">
        <ele>992.1022122738092</ele>
      </trkpt>
      <trkpt lat="36.8435504" lon="138.2845531">
        <ele>991.6283718336841</ele>
      </trkpt>
      <trkpt lat="36.8435262" lon="138.2845273">
        <ele>991.1393255227715</ele>
      </trkpt>
      <trkpt lat="36.8435021" lon="138.2845015">
        <ele>990.6530455432838</ele>
      </trkpt>
      <trkpt lat="36.8434766" lon="138.2844786">
        <ele>990.1733131669234</ele>
      </trkpt>
      <trkpt lat="36.8434511" lon="138.2844558">
        <ele>989.7015848938379</ele>
      </trkpt>
      <trkpt lat="36.8434242" lon="138.2844356">
        <ele>989.1820306549436</ele>
      </trkpt>
      <trkpt lat="36.8433974" lon="138.2844155">
        <ele>988.6920397253241</ele>
      </trkpt>
      <trkpt lat="36.8433701" lon="138.2843979">
        <ele>988.18865667316</ele>
      </trkpt>
      <trkpt lat="36.8433429" lon="138.2843803">
        <ele>987.7626828515199</ele>
      </trkpt>
      <trkpt lat="36.8433182" lon="138.2843623">
        <ele>987.4173870832337</ele>
      </trkpt>
      <trkpt lat="36.8432936" lon="138.2843444">
        <ele>987.0881330965698</ele>
      </trkpt>
      <trkpt lat="36.8432801" lon="138.2843227">
        <ele>987.0359280861803</ele>
      </trkpt>
      <trkpt lat="36.8432666" lon="138.2843011">
        <ele>987.0428225734618</ele>
      </trkpt>
      <trkpt lat="36.8432712" lon="138.2842811">
        <ele>987.5461830786038</ele>
      </trkpt>
      <trkpt lat="36.8432759" lon="138.2842611">
        <ele>988.0552246559182</ele>
      </trkpt>
      <trkpt lat="36.8432939" lon="138.2842514">
        <ele>988.7058156232724</ele>
      </trkpt>
      <trkpt lat="36.843312" lon="138.2842417">
        <ele>989.3147077517715</ele>
      </trkpt>
      <trkpt lat="36.8433336" lon="138.2842411">
        <ele>989.824197309172</ele>
      </trkpt>
      <trkpt lat="36.8433553" lon="138.2842406">
        <ele>990.3343442758443</ele>
      </trkpt>
      <trkpt lat="36.8433759" lon="138.2842441">
        <ele>990.743618006245</ele>
      </trkpt>
      <trkpt lat="36.8433965" lon="138.2842476">
        <ele>991.1586416635722</ele>
      </trkpt>
      <trkpt lat="36.8434152" lon="138.2842518">
        <ele>991.5169820444743</ele>
      </trkpt>
      <trkpt lat="36.843434" lon="138.284256">
        <ele>991.8699521687045</ele>
      </trkpt>
      <trkpt lat="36.8434516" lon="138.2842589">
        <ele>992.1813929628001</ele>
      </trkpt>
      <trkpt lat="36.8434692" lon="138.2842618">
        <ele>992.4945653132859</ele>
      </trkpt>
      <trkpt lat="36.8434864" lon="138.2842631">
        <ele>992.8312213665872</ele>
      </trkpt>
      <trkpt lat="36.8435036" lon="138.2842645">
        <ele>993.1828222764618</ele>
      </trkpt>
      <trkpt lat="36.8435203" lon="138.2842662">
        <ele>993.563472907291</ele>
      </trkpt>
      <trkpt lat="36.843537" lon="138.284268">
        <ele>993.9443142212943</ele>
      </trkpt>
      <trkpt lat="36.843553" lon="138.2842702">
        <ele>994.3031114376565</ele>
      </trkpt>
      <trkpt lat="36.843569" lon="138.2842725">
        <ele>994.6677462585276</ele>
      </trkpt>
      <trkpt lat="36.8435844" lon="138.2842761">
        <ele>995.0574290677912</ele>
      </trkpt>
      <trkpt lat="36.8435999" lon="138.2842797">
        <ele>995.4500236761761</ele>
      </trkpt>
      <trkpt lat="36.8436146" lon="138.2842847">
        <ele>995.7964890446518</ele>
      </trkpt>
      <trkpt lat="36.8436293" lon="138.2842898">
        <ele>996.1413233760748</ele>
      </trkpt>
      <trkpt lat="36.8436434" lon="138.2842966">
        <ele>996.4694265203104</ele>
      </trkpt>
      <trkpt lat="36.8436576" lon="138.2843035">
        <ele>996.8312934056548</ele>
      </trkpt>
      <trkpt lat="36.8436714" lon="138.2843108">
        <ele>997.1768088371707</ele>
      </trkpt>
      <trkpt lat="36.8436853" lon="138.2843182">
        <ele>997.564391286731</ele>
      </trkpt>
      <trkpt lat="36.8436993" lon="138.2843256">
        <ele>997.9546800708642</ele>
      </trkpt>
      <trkpt lat="36.8437134" lon="138.284333">
        <ele>998.3567396474898</ele>
      </trkpt>
      <trkpt lat="36.8437282" lon="138.2843401">
        <ele>998.791189406128</ele>
      </trkpt>
      <trkpt lat="36.8437431" lon="138.2843473">
        <ele>999.2243947888137</ele>
      </trkpt>
      <trkpt lat="36.8437588" lon="138.2843539">
        <ele>999.6881642989795</ele>
      </trkpt>
      <trkpt lat="36.8437745" lon="138.2843605">
        <ele>1000.1489498416901</ele>
      </trkpt>
      <trkpt lat="36.8437902" lon="138.2843674">
        <ele>1000.6171263176955</ele>
      </trkpt>
      <trkpt lat="36.8438059" lon="138.2843743">
        <ele>1001.0853029069497</ele>
      </trkpt>
      <trkpt lat="36.8438208" lon="138.2843821">
        <ele>1001.5150413615634</ele>
      </trkpt>
      <trkpt lat="36.8438357" lon="138.28439">
        <ele>1001.9436148323123</ele>
      </trkpt>
      <trkpt lat="36.843851" lon="138.2843988">
        <ele>1002.3566933276918</ele>
      </trkpt>
      <trkpt lat="36.8438663" lon="138.2844077">
        <ele>1002.7701311416816</ele>
      </trkpt>
      <trkpt lat="36.8438816" lon="138.2844179">
        <ele>1003.1674863164544</ele>
      </trkpt>
      <trkpt lat="36.843897" lon="138.2844281">
        <ele>1003.5626977617394</ele>
      </trkpt>
      <trkpt lat="36.8439114" lon="138.2844388">
        <ele>1003.9162345661789</ele>
      </trkpt>
      <trkpt lat="36.8439259" lon="138.2844495">
        <ele>1004.2387029174719</ele>
      </trkpt>
      <trkpt lat="36.8439394" lon="138.2844604">
        <ele>1004.5301899930465</ele>
      </trkpt>
      <trkpt lat="36.8439529" lon="138.2844713">
        <ele>1004.8216771380978</ele>
      </trkpt>
      <trkpt lat="36.8439645" lon="138.2844851">
        <ele>1005.0338707355295</ele>
      </trkpt>
      <trkpt lat="36.8439761" lon="138.284499">
        <ele>1005.2587484472833</ele>
      </trkpt>
      <trkpt lat="36.8439862" lon="138.2845162">
        <ele>1005.3658548212381</ele>
      </trkpt>
      <trkpt lat="36.8439964" lon="138.2845335">
        <ele>1005.4475099813897</ele>
      </trkpt>
      <trkpt lat="36.8440076" lon="138.2845527">
        <ele>1005.5355074827568</ele>
      </trkpt>
      <trkpt lat="36.8440188" lon="138.2845719">
        <ele>1005.6266540600669</ele>
      </trkpt>
      <trkpt lat="36.8440317" lon="138.284592">
        <ele>1005.7546076823987</ele>
      </trkpt>
      <trkpt lat="36.8440447" lon="138.2846121">
        <ele>1005.8670058686953</ele>
      </trkpt>
      <trkpt lat="36.8440588" lon="138.2846304">
        <ele>1005.9457826144068</ele>
      </trkpt>
      <trkpt lat="36.8440729" lon="138.2846487">
        <ele>1006.0018120396885</ele>
      </trkpt>
      <trkpt lat="36.8440886" lon="138.2846635">
        <ele>1006.1140045320568</ele>
      </trkpt>
      <trkpt lat="36.8441043" lon="138.2846783">
        <ele>1006.2227711835271</ele>
      </trkpt>
      <trkpt lat="36.8441213" lon="138.2846885">
        <ele>1006.3376020063788</ele>
      </trkpt>
      <trkpt lat="36.8441383" lon="138.2846988">
        <ele>1006.3165374247703</ele>
      </trkpt>
      <trkpt lat="36.8441548" lon="138.2847004">
        <ele>1006.3649152477459</ele>
      </trkpt>
      <trkpt lat="36.8441713" lon="138.2847021">
        <ele>1006.4134647115756</ele>
      </trkpt>
      <trkpt lat="36.8441713" lon="138.2847021">
        <ele>1006.4134647115756</ele>
      </trkpt>
      <trkpt lat="36.84425834254087" lon="138.28458946148072">
        <ele>1007.0874220694674</ele>
      </trkpt>
      <trkpt lat="36.84426124611814" lon="138.2843536249431">
        <ele>1010.0570161899808</ele>
      </trkpt>
      <trkpt lat="36.84426124611814" lon="138.2843536249431">
        <ele>1010.0570161899808</ele>
      </trkpt>
      <trkpt lat="36.84426124611814" lon="138.2843536249431">
        <ele>1010.0570161899808</ele>
      </trkpt>
      <trkpt lat="36.844162524425855" lon="138.2840452233159">
        <ele>1015.4125146459204</ele>
      </trkpt>
      <trkpt lat="36.84416542800673" lon="138.28381664328492">
        <ele>1020.3829347620688</ele>
      </trkpt>
      <trkpt lat="36.84416542800673" lon="138.28381664328492">
        <ele>1020.3829347620688</ele>
      </trkpt>
      <trkpt lat="36.844335460993506" lon="138.2836687065996">
        <ele>1023.3190618470319</ele>
      </trkpt>
      <trkpt lat="36.844335460993506" lon="138.2836687065996">
        <ele>1023.3190618470319</ele>
      </trkpt>
      <trkpt lat="36.844335460993506" lon="138.2836687065996">
        <ele>1023.3190618470319</ele>
      </trkpt>
      <trkpt lat="36.84477652447511" lon="138.28377805286053">
        <ele>1014.7107429676093</ele>
      </trkpt>
      <trkpt lat="36.8449649721654" lon="138.28382477187301">
        <ele>1010.7066049377996</ele>
      </trkpt>
      <trkpt lat="36.8449649721654" lon="138.28382477187301">
        <ele>1010.7066049377996</ele>
      </trkpt>
      <trkpt lat="36.845137638860464" lon="138.28387662194785">
        <ele>1008.1435387656182</ele>
      </trkpt>
      <trkpt lat="36.8452434" lon="138.2838531">
        <ele>1008.13986699614</ele>
      </trkpt>
      <trkpt lat="36.8452434" lon="138.2838531">
        <ele>1008.13986699614</ele>
      </trkpt>
      <trkpt lat="36.8452434" lon="138.2838531">
        <ele>1008.13986699614</ele>
      </trkpt>
      <trkpt lat="36.845285250571095" lon="138.28372806763912">
        <ele>1009.494085512725</ele>
      </trkpt>
      <trkpt lat="36.8452839" lon="138.2836742">
        <ele>1010.086496247803</ele>
      </trkpt>
      <trkpt lat="36.8452839" lon="138.2836742">
        <ele>1010.086496247803</ele>
      </trkpt>
      <trkpt lat="36.8452938" lon="138.283649">
        <ele>1010.3061618786544</ele>
      </trkpt>
      <trkpt lat="36.8453038" lon="138.2836239">
        <ele>1010.5258333942243</ele>
      </trkpt>
      <trkpt lat="36.8453025" lon="138.2835897">
        <ele>1010.8995382668236</ele>
      </trkpt>
      <trkpt lat="36.8453013" lon="138.2835556">
        <ele>1011.2758972977845</ele>
      </trkpt>
      <trkpt lat="36.8452914" lon="138.283519">
        <ele>1011.7243726660244</ele>
      </trkpt>
      <trkpt lat="36.8452816" lon="138.2834825">
        <ele>1012.1674318284994</ele>
      </trkpt>
      <trkpt lat="36.845268" lon="138.2834457">
        <ele>1012.7109203420646</ele>
      </trkpt>
      <trkpt lat="36.8452544" lon="138.2834089">
        <ele>1013.2505923589464</ele>
      </trkpt>
      <trkpt lat="36.845242" lon="138.2833726">
        <ele>1013.7986510575307</ele>
      </trkpt>
      <trkpt lat="36.8452296" lon="138.2833364">
        <ele>1014.3623675674651</ele>
      </trkpt>
      <trkpt lat="36.8452184" lon="138.2833022">
        <ele>1014.9351478186215</ele>
      </trkpt>
      <trkpt lat="36.8452073" lon="138.2832681">
        <ele>1015.5383677111327</ele>
      </trkpt>
      <trkpt lat="36.8451974" lon="138.2832374">
        <ele>1016.0727265743103</ele>
      </trkpt>
      <trkpt lat="36.8451876" lon="138.2832068">
        <ele>1016.6544429285103</ele>
      </trkpt>
      <trkpt lat="36.8451796" lon="138.2831787">
        <ele>1017.1972071039813</ele>
      </trkpt>
      <trkpt lat="36.8451717" lon="138.2831507">
        <ele>1017.760395253574</ele>
      </trkpt>
      <trkpt lat="36.8451638" lon="138.2831232">
        <ele>1018.3406821787165</ele>
      </trkpt>
      <trkpt lat="36.845156" lon="138.2830958">
        <ele>1018.9219468467074</ele>
      </trkpt>
      <trkpt lat="36.8451461" lon="138.2830684">
        <ele>1019.5952949530829</ele>
      </trkpt>
      <trkpt lat="36.8451363" lon="138.283041">
        <ele>1020.3041821043831</ele>
      </trkpt>
      <trkpt lat="36.845125" lon="138.2830133">
        <ele>1021.1142247019902</ele>
      </trkpt>
      <trkpt lat="36.8451138" lon="138.2829857">
        <ele>1021.9641307201413</ele>
      </trkpt>
      <trkpt lat="36.8451035" lon="138.2829582">
        <ele>1022.8113129584451</ele>
      </trkpt>
      <trkpt lat="36.8450932" lon="138.2829308">
        <ele>1023.6822168965424</ele>
      </trkpt>
      <trkpt lat="36.845089" lon="138.2829074">
        <ele>1024.183038190319</ele>
      </trkpt>
      <trkpt lat="36.8450849" lon="138.2828841">
        <ele>1024.684133150057</ele>
      </trkpt>
      <trkpt lat="36.8450871" lon="138.2828652">
        <ele>1024.8081895150315</ele>
      </trkpt>
      <trkpt lat="36.8450894" lon="138.2828463">
        <ele>1024.9173212441867</ele>
      </trkpt>
      <trkpt lat="36.8450955" lon="138.282828">
        <ele>1024.7993143743092</ele>
      </trkpt>
      <trkpt lat="36.8451017" lon="138.2828097">
        <ele>1024.668348220647</ele>
      </trkpt>
      <trkpt lat="36.8451103" lon="138.2827886">
        <ele>1024.4285896001666</ele>
      </trkpt>
      <trkpt lat="36.845119" lon="138.2827676">
        <ele>1024.1699614734036</ele>
      </trkpt>
      <trkpt lat="36.8451309" lon="138.2827456">
        <ele>1023.675433721678</ele>
      </trkpt>
      <trkpt lat="36.8451429" lon="138.2827236">
        <ele>1023.1628781338266</ele>
      </trkpt>
      <trkpt lat="36.8451581" lon="138.282702">
        <ele>1022.5000776346778</ele>
      </trkpt>
      <trkpt lat="36.8451733" lon="138.2826804">
        <ele>1021.8544612275111</ele>
      </trkpt>
      <trkpt lat="36.8451904" lon="138.2826596">
        <ele>1021.1187498438744</ele>
      </trkpt>
      <trkpt lat="36.8452075" lon="138.2826388">
        <ele>1020.3951045528062</ele>
      </trkpt>
      <trkpt lat="36.8452255" lon="138.2826193">
        <ele>1019.7202776928712</ele>
      </trkpt>
      <trkpt lat="36.8452435" lon="138.2825998">
        <ele>1019.1470258542336</ele>
      </trkpt>
      <trkpt lat="36.8452616" lon="138.2825808">
        <ele>1018.5716612254106</ele>
      </trkpt>
      <trkpt lat="36.8452797" lon="138.2825619">
        <ele>1018.0151133164409</ele>
      </trkpt>
      <trkpt lat="36.8452983" lon="138.2825425">
        <ele>1017.6028496689069</ele>
      </trkpt>
      <trkpt lat="36.845317" lon="138.2825231">
        <ele>1017.2661170428286</ele>
      </trkpt>
      <trkpt lat="36.8453378" lon="138.2825035">
        <ele>1016.9095243659201</ele>
      </trkpt>
      <trkpt lat="36.8453587" lon="138.2824839">
        <ele>1016.6798796970861</ele>
      </trkpt>
      <trkpt lat="36.8453829" lon="138.2824658">
        <ele>1016.6190416535821</ele>
      </trkpt>
      <trkpt lat="36.8454072" lon="138.2824478">
        <ele>1016.5850947370403</ele>
      </trkpt>
      <trkpt lat="36.8454347" lon="138.2824348">
        <ele>1016.6004461334028</ele>
      </trkpt>
      <trkpt lat="36.8454622" lon="138.2824219">
        <ele>1016.8216238035827</ele>
      </trkpt>
      <trkpt lat="36.845491" lon="138.2824134">
        <ele>1016.9905188719599</ele>
      </trkpt>
      <trkpt lat="36.8455199" lon="138.282405">
        <ele>1017.3513981835525</ele>
      </trkpt>
      <trkpt lat="36.8455488" lon="138.2824034">
        <ele>1017.5825919102714</ele>
      </trkpt>
      <trkpt lat="36.8455777" lon="138.2824018">
        <ele>1017.9298909887445</ele>
      </trkpt>
      <trkpt lat="36.845604" lon="138.2824125">
        <ele>1018.0251726621302</ele>
      </trkpt>
      <trkpt lat="36.8456304" lon="138.2824232">
        <ele>1018.1215543545088</ele>
      </trkpt>
      <trkpt lat="36.8456304" lon="138.2824232">
        <ele>1018.1215543545088</ele>
      </trkpt>
      <trkpt lat="36.84587819195261" lon="138.2828920827413">
        <ele>1007.2155437236339</ele>
      </trkpt>
      <trkpt lat="36.845961353906816" lon="138.28304944541856">
        <ele>1002.8328933204625</ele>
      </trkpt>
      <trkpt lat="36.84633195095002" lon="138.28334895184025">
        <ele>993.4816309276976</ele>
      </trkpt>
      <trkpt lat="36.84633195095002" lon="138.28334895184025">
        <ele>993.4816309276976</ele>
      </trkpt>
      <trkpt lat="36.84633195095002" lon="138.28334895184025">
        <ele>993.4816309276976</ele>
      </trkpt>
      <trkpt lat="36.846543846820026" lon="138.2836617900449">
        <ele>985.5109926086861</ele>
      </trkpt>
      <trkpt lat="36.8467127" lon="138.2837959">
        <ele>981.3565250870662</ele>
      </trkpt>
      <trkpt lat="36.8467127" lon="138.2837959">
        <ele>981.3565250870662</ele>
      </trkpt>
      <trkpt lat="36.8467127" lon="138.2837959">
        <ele>981.3565250870662</ele>
      </trkpt>
      <trkpt lat="36.84703032151553" lon="138.28394449017577">
        <ele>973.956468098005</ele>
      </trkpt>
      <trkpt lat="36.84725831385721" lon="138.28397589952897">
        <ele>968.725040816009</ele>
      </trkpt>
      <trkpt lat="36.84725831385721" lon="138.28397589952897">
        <ele>968.725040816009</ele>
      </trkpt>
      <trkpt lat="36.84744216774325" lon="138.28404378008395">
        <ele>963.1192368733618</ele>
      </trkpt>
      <trkpt lat="36.84744216774325" lon="138.28404378008395">
        <ele>963.1192368733618</ele>
      </trkpt>
      <trkpt lat="36.84769566252798" lon="138.28424394069043">
        <ele>956.5172824014832</ele>
      </trkpt>
      <trkpt lat="36.84769566252798" lon="138.28424394069043">
        <ele>956.5172824014832</ele>
      </trkpt>
      <trkpt lat="36.8477458042541" lon="138.284245681217">
        <ele>955.3089897763472</ele>
      </trkpt>
      <trkpt lat="36.8477458042541" lon="138.284245681217">
        <ele>955.3089897763472</ele>
      </trkpt>
      <trkpt lat="36.8477026266586" lon="138.28413080643395">
        <ele>956.1368607488108</ele>
      </trkpt>
      <trkpt lat="36.8477026266586" lon="138.28413080643395">
        <ele>956.1368607488108</ele>
      </trkpt>
      <trkpt lat="36.847561951098186" lon="138.28396197531333">
        <ele>959.6397961941782</ele>
      </trkpt>
      <trkpt lat="36.847561951098186" lon="138.28396197531333">
        <ele>959.6397961941782</ele>
      </trkpt>
      <trkpt lat="36.84748534548585" lon="138.2837391878552">
        <ele>962.5092852206899</ele>
      </trkpt>
      <trkpt lat="36.84748534548585" lon="138.2837391878552">
        <ele>962.5092852206899</ele>
      </trkpt>
      <trkpt lat="36.84748534548585" lon="138.2837391878552">
        <ele>962.5092852206899</ele>
      </trkpt>
      <trkpt lat="36.847457488880224" lon="138.28355643251905">
        <ele>964.7509135925918</ele>
      </trkpt>
      <trkpt lat="36.84753270169105" lon="138.283401525614">
        <ele>963.8086787553895</ele>
      </trkpt>
      <trkpt lat="36.84753270169105" lon="138.283401525614">
        <ele>963.8086787553895</ele>
      </trkpt>
      <trkpt lat="36.847919748696825" lon="138.28311550055133">
        <ele>961.0637724835317</ele>
      </trkpt>
      <trkpt lat="36.848078552451994" lon="138.28299814567362">
        <ele>960.6525404105784</ele>
      </trkpt>
      <trkpt lat="36.848078552451994" lon="138.28299814567362">
        <ele>960.6525404105784</ele>
      </trkpt>
      <trkpt lat="36.848078552451994" lon="138.28299814567362">
        <ele>960.6525404105784</ele>
      </trkpt>
      <trkpt lat="36.848131479563406" lon="138.28272314240434">
        <ele>965.6810436033885</ele>
      </trkpt>
      <trkpt lat="36.84844548823568" lon="138.28232093244836">
        <ele>967.565790425536</ele>
      </trkpt>
      <trkpt lat="36.8487083" lon="138.2819843">
        <ele>970.2614901098435</ele>
      </trkpt>
      <trkpt lat="36.8487083" lon="138.2819843">
        <ele>970.2614901098435</ele>
      </trkpt>
      <trkpt lat="36.8487083" lon="138.2819843">
        <ele>970.2614901098435</ele>
      </trkpt>
      <trkpt lat="36.848961300678894" lon="138.28180105595163">
        <ele>973.1621933378949</ele>
      </trkpt>
      <trkpt lat="36.849159429453735" lon="138.2816589710731">
        <ele>977.279526088024</ele>
      </trkpt>
      <trkpt lat="36.849159429453735" lon="138.2816589710731">
        <ele>977.279526088024</ele>
      </trkpt>
      <trkpt lat="36.84936938630065" lon="138.2816898320474">
        <ele>974.8729997205631</ele>
      </trkpt>
      <trkpt lat="36.84936938630065" lon="138.2816898320474">
        <ele>974.8729997205631</ele>
      </trkpt>
      <trkpt lat="36.84936938630065" lon="138.2816898320474">
        <ele>974.8729997205631</ele>
      </trkpt>
      <trkpt lat="36.84951518158179" lon="138.28165147513653">
        <ele>974.5093482565399</ele>
      </trkpt>
      <trkpt lat="36.84961323088196" lon="138.28158115413873">
        <ele>974.1689300950969</ele>
      </trkpt>
      <trkpt lat="36.84961323088196" lon="138.28158115413873">
        <ele>974.1689300950969</ele>
      </trkpt>
      <trkpt lat="36.8496483" lon="138.2815199">
        <ele>974.1576449002703</ele>
      </trkpt>
      <trkpt lat="36.8496483" lon="138.2815199">
        <ele>974.1576449002703</ele>
      </trkpt>
      <trkpt lat="36.8496483" lon="138.2814965">
        <ele>974.3886514832093</ele>
      </trkpt>
      <trkpt lat="36.8496484" lon="138.2814731">
        <ele>974.624346227141</ele>
      </trkpt>
      <trkpt lat="36.8496413" lon="138.2814503">
        <ele>975.0241205722967</ele>
      </trkpt>
      <trkpt lat="36.8496343" lon="138.2814276">
        <ele>975.4261339514218</ele>
      </trkpt>
      <trkpt lat="36.8496204" lon="138.2814122">
        <ele>975.8988180130174</ele>
      </trkpt>
      <trkpt lat="36.8496066" lon="138.2813968">
        <ele>976.3685457248855</ele>
      </trkpt>
      <trkpt lat="36.84959" lon="138.2813879">
        <ele>976.8289611581257</ele>
      </trkpt>
      <trkpt lat="36.8495735" lon="138.281379">
        <ele>977.3000901413623</ele>
      </trkpt>
      <trkpt lat="36.8495573" lon="138.2813728">
        <ele>977.7242095225031</ele>
      </trkpt>
      <trkpt lat="36.8495412" lon="138.2813667">
        <ele>978.1447758693719</ele>
      </trkpt>
      <trkpt lat="36.8495275" lon="138.2813607">
        <ele>978.5149070322518</ele>
      </trkpt>
      <trkpt lat="36.8495138" lon="138.2813547">
        <ele>978.885038145539</ele>
      </trkpt>
      <trkpt lat="36.849502" lon="138.2813475">
        <ele>979.234615806165</ele>
      </trkpt>
      <trkpt lat="36.8494903" lon="138.2813404">
        <ele>979.5806404658135</ele>
      </trkpt>
      <trkpt lat="36.8494793" lon="138.2813344">
        <ele>979.8957359106289</ele>
      </trkpt>
      <trkpt lat="36.8494684" lon="138.2813285">
        <ele>980.2049836343306</ele>
      </trkpt>
      <trkpt lat="36.8494571" lon="138.2813218">
        <ele>980.5347241764928</ele>
      </trkpt>
      <trkpt lat="36.8494459" lon="138.2813151">
        <ele>980.8650082720684</ele>
      </trkpt>
      <trkpt lat="36.8494337" lon="138.281307">
        <ele>981.2403310412609</ele>
      </trkpt>
      <trkpt lat="36.8494215" lon="138.281299">
        <ele>981.6122264830008</ele>
      </trkpt>
      <trkpt lat="36.8494087" lon="138.2812908">
        <ele>981.9959138084923</ele>
      </trkpt>
      <trkpt lat="36.8493959" lon="138.2812827">
        <ele>982.3681933896523</ele>
      </trkpt>
      <trkpt lat="36.8493826" lon="138.2812747">
        <ele>982.7498161455133</ele>
      </trkpt>
      <trkpt lat="36.8493693" lon="138.2812667">
        <ele>983.1350486295738</ele>
      </trkpt>
      <trkpt lat="36.8493561" lon="138.2812584">
        <ele>983.5267139263517</ele>
      </trkpt>
      <trkpt lat="36.849343" lon="138.2812502">
        <ele>983.9184849066369</ele>
      </trkpt>
      <trkpt lat="36.8493305" lon="138.2812417">
        <ele>984.3015233950892</ele>
      </trkpt>
      <trkpt lat="36.849318" lon="138.2812333">
        <ele>984.6766749176217</ele>
      </trkpt>
      <trkpt lat="36.8493056" lon="138.281225">
        <ele>985.0447882314126</ele>
      </trkpt>
      <trkpt lat="36.8492933" lon="138.2812167">
        <ele>985.4055686354644</ele>
      </trkpt>
      <trkpt lat="36.8492798" lon="138.281209">
        <ele>985.777715065657</ele>
      </trkpt>
      <trkpt lat="36.8492664" lon="138.2812013">
        <ele>986.1539032088738</ele>
      </trkpt>
      <trkpt lat="36.8492528" lon="138.2811941">
        <ele>986.5533937905383</ele>
      </trkpt>
      <trkpt lat="36.8492393" lon="138.281187">
        <ele>986.945972087069</ele>
      </trkpt>
      <trkpt lat="36.8492266" lon="138.2811804">
        <ele>987.3111740838077</ele>
      </trkpt>
      <trkpt lat="36.849214" lon="138.2811738">
        <ele>987.6714291139458</ele>
      </trkpt>
      <trkpt lat="36.8492011" lon="138.2811671">
        <ele>988.0365387650617</ele>
      </trkpt>
      <trkpt lat="36.8491882" lon="138.2811604">
        <ele>988.4109500335998</ele>
      </trkpt>
      <trkpt lat="36.8491754" lon="138.2811541">
        <ele>988.7785748977915</ele>
      </trkpt>
      <trkpt lat="36.8491626" lon="138.2811479">
        <ele>989.1448016148528</ele>
      </trkpt>
      <trkpt lat="36.8491503" lon="138.2811424">
        <ele>989.4903218741065</ele>
      </trkpt>
      <trkpt lat="36.8491381" lon="138.2811369">
        <ele>989.8336581493496</ele>
      </trkpt>
      <trkpt lat="36.8491259" lon="138.2811323">
        <ele>990.1761316568592</ele>
      </trkpt>
      <trkpt lat="36.8491137" lon="138.2811278">
        <ele>990.5284924212846</ele>
      </trkpt>
      <trkpt lat="36.8491012" lon="138.2811238">
        <ele>990.8802686970685</ele>
      </trkpt>
      <trkpt lat="36.8490888" lon="138.2811199">
        <ele>991.2282007809732</ele>
      </trkpt>
      <trkpt lat="36.8490771" lon="138.281115">
        <ele>991.5749721764591</ele>
      </trkpt>
      <trkpt lat="36.8490654" lon="138.2811101">
        <ele>991.9217435302219</ele>
      </trkpt>
      <trkpt lat="36.8490539" lon="138.2811045">
        <ele>992.2872101784458</ele>
      </trkpt>
      <trkpt lat="36.8490424" lon="138.2810989">
        <ele>992.6566681726144</ele>
      </trkpt>
      <trkpt lat="36.8490296" lon="138.2810918">
        <ele>993.0810219408022</ele>
      </trkpt>
      <trkpt lat="36.8490169" lon="138.2810848">
        <ele>993.5013859184468</ele>
      </trkpt>
      <trkpt lat="36.849003" lon="138.281077">
        <ele>993.9635682533967</ele>
      </trkpt>
      <trkpt lat="36.8489892" lon="138.2810693">
        <ele>994.4287133926997</ele>
      </trkpt>
      <trkpt lat="36.8489756" lon="138.2810619">
        <ele>994.8972127996392</ele>
      </trkpt>
      <trkpt lat="36.8489621" lon="138.2810546">
        <ele>995.3615768113184</ele>
      </trkpt>
      <trkpt lat="36.8489494" lon="138.2810475">
        <ele>995.8054533342637</ele>
      </trkpt>
      <trkpt lat="36.8489368" lon="138.2810404">
        <ele>996.2523833411069</ele>
      </trkpt>
      <trkpt lat="36.848925" lon="138.2810335">
        <ele>996.6720098863386</ele>
      </trkpt>
      <trkpt lat="36.8489133" lon="138.2810267">
        <ele>997.0771196232525</ele>
      </trkpt>
      <trkpt lat="36.8489011" lon="138.2810199">
        <ele>997.4975570981946</ele>
      </trkpt>
      <trkpt lat="36.848889" lon="138.2810132">
        <ele>997.9165791061728</ele>
      </trkpt>
      <trkpt lat="36.8488762" lon="138.2810062">
        <ele>998.3613338088206</ele>
      </trkpt>
      <trkpt lat="36.8488635" lon="138.2809993">
        <ele>998.8048314751452</ele>
      </trkpt>
      <trkpt lat="36.8488507" lon="138.280993">
        <ele>999.2405596544938</ele>
      </trkpt>
      <trkpt lat="36.848838" lon="138.2809868">
        <ele>999.6675655340109</ele>
      </trkpt>
      <trkpt lat="36.8488253" lon="138.2809815">
        <ele>1000.0766493538471</ele>
      </trkpt>
      <trkpt lat="36.8488126" lon="138.2809763">
        <ele>1000.4817765728006</ele>
      </trkpt>
      <trkpt lat="36.8487994" lon="138.2809703">
        <ele>1000.9103046134759</ele>
      </trkpt>
      <trkpt lat="36.8487863" lon="138.2809643">
        <ele>1001.3336587520095</ele>
      </trkpt>
      <trkpt lat="36.848772" lon="138.2809571">
        <ele>1001.8013688553198</ele>
      </trkpt>
      <trkpt lat="36.8487577" lon="138.2809499">
        <ele>1002.2620706388237</ele>
      </trkpt>
      <trkpt lat="36.8487439" lon="138.2809424">
        <ele>1002.7082155398481</ele>
      </trkpt>
      <trkpt lat="36.8487301" lon="138.2809349">
        <ele>1003.1473376672393</ele>
      </trkpt>
      <trkpt lat="36.8487185" lon="138.2809277">
        <ele>1003.5233527801935</ele>
      </trkpt>
      <trkpt lat="36.848707" lon="138.2809206">
        <ele>1003.8905131258075</ele>
      </trkpt>
      <trkpt lat="36.8486987" lon="138.280915">
        <ele>1004.1621571883566</ele>
      </trkpt>
      <trkpt lat="36.8486905" lon="138.2809095">
        <ele>1004.4300736062235</ele>
      </trkpt>
      <trkpt lat="36.8486857" lon="138.2809068">
        <ele>1004.5796394126496</ele>
      </trkpt>
      <trkpt lat="36.8486809" lon="138.2809041">
        <ele>1004.7292052123703</ele>
      </trkpt>
      <trkpt lat="36.8486762" lon="138.2809015">
        <ele>1004.8750433810064</ele>
      </trkpt>
      <trkpt lat="36.8486697" lon="138.2808987">
        <ele>1005.0656091373421</ele>
      </trkpt>
      <trkpt lat="36.8486633" lon="138.2808959">
        <ele>1005.2538453597584</ele>
      </trkpt>
      <trkpt lat="36.8486566" lon="138.2808928">
        <ele>1005.4532644379894</ele>
      </trkpt>
      <trkpt lat="36.8486499" lon="138.2808897">
        <ele>1005.65255369093</ele>
      </trkpt>
      <trkpt lat="36.8486425" lon="138.2808859">
        <ele>1005.8771252531338</ele>
      </trkpt>
      <trkpt lat="36.8486351" lon="138.2808821">
        <ele>1006.1026508008019</ele>
      </trkpt>
      <trkpt lat="36.8486272" lon="138.2808775">
        <ele>1006.3520530831081</ele>
      </trkpt>
      <trkpt lat="36.8486193" lon="138.280873">
        <ele>1006.5989997483803</ele>
      </trkpt>
      <trkpt lat="36.8486119" lon="138.2808682">
        <ele>1006.8384930998099</ele>
      </trkpt>
      <trkpt lat="36.8486046" lon="138.2808635">
        <ele>1007.0742588119593</ele>
      </trkpt>
      <trkpt lat="36.8485979" lon="138.2808586">
        <ele>1007.2988435946415</ele>
      </trkpt>
      <trkpt lat="36.8485912" lon="138.2808537">
        <ele>1007.5234283624227</ele>
      </trkpt>
      <trkpt lat="36.8485838" lon="138.2808488">
        <ele>1007.7643197508539</ele>
      </trkpt>
      <trkpt lat="36.8485765" lon="138.2808439">
        <ele>1007.9997668667947</ele>
      </trkpt>
      <trkpt lat="36.848568" lon="138.280839">
        <ele>1008.2602033235197</ele>
      </trkpt>
      <trkpt lat="36.8485595" lon="138.2808342">
        <ele>1008.5178665896369</ele>
      </trkpt>
      <trkpt lat="36.8485511" lon="138.2808297">
        <ele>1008.7678609897296</ele>
      </trkpt>
      <trkpt lat="36.8485427" lon="138.2808253">
        <ele>1009.0152413129485</ele>
      </trkpt>
      <trkpt lat="36.8485348" lon="138.280821">
        <ele>1009.2488867345023</ele>
      </trkpt>
      <trkpt lat="36.848527" lon="138.2808167">
        <ele>1009.479154249129</ele>
      </trkpt>
      <trkpt lat="36.8485187" lon="138.2808119">
        <ele>1009.7258291901592</ele>
      </trkpt>
      <trkpt lat="36.8485104" lon="138.2808072">
        <ele>1009.9684590553144</ele>
      </trkpt>
      <trkpt lat="36.848502" lon="138.2808018">
        <ele>1010.2200073985147</ele>
      </trkpt>
      <trkpt lat="36.8484936" lon="138.2807964">
        <ele>1010.473094605965</ele>
      </trkpt>
      <trkpt lat="36.8484853" lon="138.2807908">
        <ele>1010.725159953078</ele>
      </trkpt>
      <trkpt lat="36.8484771" lon="138.2807853">
        <ele>1010.9647542370701</ele>
      </trkpt>
      <trkpt lat="36.8484691" lon="138.2807795">
        <ele>1011.2017636681771</ele>
      </trkpt>
      <trkpt lat="36.8484612" lon="138.2807738">
        <ele>1011.4339695430343</ele>
      </trkpt>
      <trkpt lat="36.8484535" lon="138.2807674">
        <ele>1011.6678085755312</ele>
      </trkpt>
      <trkpt lat="36.8484459" lon="138.2807611">
        <ele>1011.896793843554</ele>
      </trkpt>
      <trkpt lat="36.8484378" lon="138.2807545">
        <ele>1012.1226324740567</ele>
      </trkpt>
      <trkpt lat="36.8484298" lon="138.280748">
        <ele>1012.3422083594608</ele>
      </trkpt>
      <trkpt lat="36.8484211" lon="138.2807416">
        <ele>1012.573984765029</ele>
      </trkpt>
      <trkpt lat="36.8484124" lon="138.2807353">
        <ele>1012.8047125763497</ele>
      </trkpt>
      <trkpt lat="36.8484034" lon="138.280729">
        <ele>1013.0411185574725</ele>
      </trkpt>
      <trkpt lat="36.8483944" lon="138.2807228">
        <ele>1013.2764759436724</ele>
      </trkpt>
      <trkpt lat="36.8483859" lon="138.2807165">
        <ele>1013.503418238043</ele>
      </trkpt>
      <trkpt lat="36.8483774" lon="138.2807102">
        <ele>1013.7303605150909</ele>
      </trkpt>
      <trkpt lat="36.8483698" lon="138.2807036">
        <ele>1013.9095322629447</ele>
      </trkpt>
      <trkpt lat="36.8483623" lon="138.2806971">
        <ele>1014.0599399461888</ele>
      </trkpt>
      <trkpt lat="36.8483553" lon="138.2806905">
        <ele>1014.2028059534041</ele>
      </trkpt>
      <trkpt lat="36.8483484" lon="138.2806839">
        <ele>1014.3440704102873</ele>
      </trkpt>
      <trkpt lat="36.8483411" lon="138.2806777">
        <ele>1014.4898768798694</ele>
      </trkpt>
      <trkpt lat="36.8483338" lon="138.2806715">
        <ele>1014.6356833383685</ele>
      </trkpt>
      <trkpt lat="36.8483262" lon="138.2806647">
        <ele>1014.789090605221</ele>
      </trkpt>
      <trkpt lat="36.8483187" lon="138.280658">
        <ele>1014.9404302872731</ele>
      </trkpt>
      <trkpt lat="36.848311" lon="138.2806513">
        <ele>1015.094973034925</ele>
      </trkpt>
      <trkpt lat="36.8483033" lon="138.2806447">
        <ele>1015.2474787548306</ele>
      </trkpt>
      <trkpt lat="36.848295" lon="138.2806383">
        <ele>1015.4081538057503</ele>
      </trkpt>
      <trkpt lat="36.8482868" lon="138.280632">
        <ele>1015.5685481273891</ele>
      </trkpt>
      <trkpt lat="36.8482776" lon="138.280626">
        <ele>1015.7450750713374</ele>
      </trkpt>
      <trkpt lat="36.8482685" lon="138.2806201">
        <ele>1015.9188158908873</ele>
      </trkpt>
      <trkpt lat="36.8482588" lon="138.2806153">
        <ele>1016.0741650463095</ele>
      </trkpt>
      <trkpt lat="36.8482491" lon="138.2806106">
        <ele>1016.2295141825234</ele>
      </trkpt>
      <trkpt lat="36.8482393" lon="138.2806062">
        <ele>1016.3864648361705</ele>
      </trkpt>
      <trkpt lat="36.8482296" lon="138.2806019">
        <ele>1016.5188346471427</ele>
      </trkpt>
      <trkpt lat="36.8482194" lon="138.2805978">
        <ele>1016.6570465902614</ele>
      </trkpt>
      <trkpt lat="36.8482092" lon="138.2805938">
        <ele>1016.7966276718757</ele>
      </trkpt>
      <trkpt lat="36.8481989" lon="138.2805905">
        <ele>1016.9384857864529</ele>
      </trkpt>
      <trkpt lat="36.8481886" lon="138.2805873">
        <ele>1017.0814124551734</ele>
      </trkpt>
      <trkpt lat="36.8481779" lon="138.2805847">
        <ele>1017.2303298682597</ele>
      </trkpt>
      <trkpt lat="36.8481673" lon="138.2805821">
        <ele>1017.3804280444259</ele>
      </trkpt>
      <trkpt lat="36.8481562" lon="138.2805801">
        <ele>1017.5436163628628</ele>
      </trkpt>
      <trkpt lat="36.8481452" lon="138.2805782">
        <ele>1017.7066566534088</ele>
      </trkpt>
      <trkpt lat="36.8481348" lon="138.2805771">
        <ele>1017.8604705012114</ele>
      </trkpt>
      <trkpt lat="36.8481245" lon="138.280576">
        <ele>1018.0135989820153</ele>
      </trkpt>
      <trkpt lat="36.848114" lon="138.2805752">
        <ele>1018.1695096601622</ele>
      </trkpt>
      <trkpt lat="36.8481035" lon="138.2805745">
        <ele>1018.3256489341768</ele>
      </trkpt>
      <trkpt lat="36.8480928" lon="138.280574">
        <ele>1018.4789516281778</ele>
      </trkpt>
      <trkpt lat="36.8480822" lon="138.2805736">
        <ele>1018.6293214059289</ele>
      </trkpt>
      <trkpt lat="36.8480716" lon="138.280572">
        <ele>1018.786117655654</ele>
      </trkpt>
      <trkpt lat="36.8480611" lon="138.2805705">
        <ele>1018.9426669330461</ele>
      </trkpt>
      <trkpt lat="36.8480504" lon="138.2805667">
        <ele>1019.1176452753202</ele>
      </trkpt>
      <trkpt lat="36.8480398" lon="138.2805629">
        <ele>1019.2953036187293</ele>
      </trkpt>
      <trkpt lat="36.8480292" lon="138.2805587">
        <ele>1019.4845856425246</ele>
      </trkpt>
      <trkpt lat="36.8480186" lon="138.2805545">
        <ele>1019.6891690189311</ele>
      </trkpt>
      <trkpt lat="36.848008" lon="138.2805505">
        <ele>1019.8966370405075</ele>
      </trkpt>
      <trkpt lat="36.8479975" lon="138.2805465">
        <ele>1020.1067331001475</ele>
      </trkpt>
      <trkpt lat="36.8479868" lon="138.2805424">
        <ele>1020.3254502208766</ele>
      </trkpt>
      <trkpt lat="36.8479761" lon="138.2805384">
        <ele>1020.5476467256061</ele>
      </trkpt>
      <trkpt lat="36.847965" lon="138.2805342">
        <ele>1020.7763273277965</ele>
      </trkpt>
      <trkpt lat="36.847954" lon="138.28053">
        <ele>1020.9595183054026</ele>
      </trkpt>
      <trkpt lat="36.8479432" lon="138.280526">
        <ele>1021.1411484571555</ele>
      </trkpt>
      <trkpt lat="36.8479324" lon="138.280522">
        <ele>1021.3242441764817</ele>
      </trkpt>
      <trkpt lat="36.847922" lon="138.2805181">
        <ele>1021.501865604258</ele>
      </trkpt>
      <trkpt lat="36.8479116" lon="138.2805143">
        <ele>1021.6810076458418</ele>
      </trkpt>
      <trkpt lat="36.8479014" lon="138.2805105">
        <ele>1021.8579139115081</ele>
      </trkpt>
      <trkpt lat="36.8478913" lon="138.2805067">
        <ele>1022.0397769242063</ele>
      </trkpt>
      <trkpt lat="36.8478811" lon="138.280503">
        <ele>1022.2342500426863</ele>
      </trkpt>
      <trkpt lat="36.8478709" lon="138.2804994">
        <ele>1022.4300790630002</ele>
      </trkpt>
      <trkpt lat="36.8478604" lon="138.2804964">
        <ele>1022.6333766972211</ele>
      </trkpt>
      <trkpt lat="36.8478499" lon="138.2804935">
        <ele>1022.8377829128111</ele>
      </trkpt>
      <trkpt lat="36.8478389" lon="138.2804912">
        <ele>1023.0531878592988</ele>
      </trkpt>
      <trkpt lat="36.8478279" lon="138.2804889">
        <ele>1023.2694510961375</ele>
      </trkpt>
      <trkpt lat="36.8478168" lon="138.2804865">
        <ele>1023.4885632037541</ele>
      </trkpt>
      <trkpt lat="36.8478057" lon="138.2804841">
        <ele>1023.7085790612116</ele>
      </trkpt>
      <trkpt lat="36.8477948" lon="138.2804817">
        <ele>1023.9255332827383</ele>
      </trkpt>
      <trkpt lat="36.8477839" lon="138.2804793">
        <ele>1024.1433749703158</ele>
      </trkpt>
      <trkpt lat="36.8477729" lon="138.2804773">
        <ele>1024.363732294537</ele>
      </trkpt>
      <trkpt lat="36.8477619" lon="138.2804753">
        <ele>1024.5848359534384</ele>
      </trkpt>
      <trkpt lat="36.8477508" lon="138.2804741">
        <ele>1024.8105907261377</ele>
      </trkpt>
      <trkpt lat="36.8477397" lon="138.2804729">
        <ele>1025.0382408902985</ele>
      </trkpt>
      <trkpt lat="36.8477283" lon="138.2804734">
        <ele>1025.2700252973943</ele>
      </trkpt>
      <trkpt lat="36.8477169" lon="138.280474">
        <ele>1025.5016931614377</ele>
      </trkpt>
      <trkpt lat="36.8477049" lon="138.2804764">
        <ele>1025.7434936739508</ele>
      </trkpt>
      <trkpt lat="36.847693" lon="138.2804789">
        <ele>1025.9831393338743</ele>
      </trkpt>
      <trkpt lat="36.8476811" lon="138.2804811">
        <ele>1026.2044894077485</ele>
      </trkpt>
      <trkpt lat="36.8476693" lon="138.2804833">
        <ele>1026.4152631495379</ele>
      </trkpt>
      <trkpt lat="36.8476578" lon="138.2804848">
        <ele>1026.6219353506654</ele>
      </trkpt>
      <trkpt lat="36.8476464" lon="138.2804863">
        <ele>1026.8273822020888</ele>
      </trkpt>
      <trkpt lat="36.8476349" lon="138.2804876">
        <ele>1027.0352717760502</ele>
      </trkpt>
      <trkpt lat="36.8476234" lon="138.2804889">
        <ele>1027.243668507587</ele>
      </trkpt>
      <trkpt lat="36.8476121" lon="138.2804911">
        <ele>1027.4490632230754</ele>
      </trkpt>
      <trkpt lat="36.8476009" lon="138.2804933">
        <ele>1027.6534788908577</ele>
      </trkpt>
      <trkpt lat="36.84759" lon="138.2804968">
        <ele>1027.8539201188369</ele>
      </trkpt>
      <trkpt lat="36.8475791" lon="138.2805004">
        <ele>1028.0557254620635</ele>
      </trkpt>
      <trkpt lat="36.8475683" lon="138.2805049">
        <ele>1028.257815263047</ele>
      </trkpt>
      <trkpt lat="36.8475576" lon="138.2805095">
        <ele>1028.4598104540623</ele>
      </trkpt>
      <trkpt lat="36.8475464" lon="138.2805146">
        <ele>1028.6675836801999</ele>
      </trkpt>
      <trkpt lat="36.8475353" lon="138.2805198">
        <ele>1028.8675719409255</ele>
      </trkpt>
      <trkpt lat="36.8475236" lon="138.2805251">
        <ele>1029.0781593719503</ele>
      </trkpt>
      <trkpt lat="36.847512" lon="138.2805305">
        <ele>1029.2871161656462</ele>
      </trkpt>
      <trkpt lat="36.8474998" lon="138.2805357">
        <ele>1029.4954803319977</ele>
      </trkpt>
      <trkpt lat="36.8474877" lon="138.280541">
        <ele>1029.6567827695744</ele>
      </trkpt>
      <trkpt lat="36.8474752" lon="138.2805463">
        <ele>1029.8400564790759</ele>
      </trkpt>
      <trkpt lat="36.8474627" lon="138.2805517">
        <ele>1030.030616159657</ele>
      </trkpt>
      <trkpt lat="36.8474501" lon="138.2805561">
        <ele>1030.2341602436004</ele>
      </trkpt>
      <trkpt lat="36.8474375" lon="138.2805605">
        <ele>1030.4395851221925</ele>
      </trkpt>
      <trkpt lat="36.8474247" lon="138.2805641">
        <ele>1030.6574448974839</ele>
      </trkpt>
      <trkpt lat="36.847412" lon="138.2805677">
        <ele>1030.869643650183</ele>
      </trkpt>
      <trkpt lat="36.8473963" lon="138.2805718">
        <ele>1031.107693248068</ele>
      </trkpt>
      <trkpt lat="36.8473806" lon="138.280576">
        <ele>1031.3494089394387</ele>
      </trkpt>
      <trkpt lat="36.8473599" lon="138.2805833">
        <ele>1031.6638179687575</ele>
      </trkpt>
      <trkpt lat="36.8473393" lon="138.2805906">
        <ele>1031.9989809445196</ele>
      </trkpt>
      <trkpt lat="36.8473148" lon="138.2806012">
        <ele>1032.4296870581738</ele>
      </trkpt>
      <trkpt lat="36.8472904" lon="138.2806118">
        <ele>1032.8671800615355</ele>
      </trkpt>
      <trkpt lat="36.8472677" lon="138.2806218">
        <ele>1033.260955537879</ele>
      </trkpt>
      <trkpt lat="36.8472451" lon="138.2806319">
        <ele>1033.5887129219914</ele>
      </trkpt>
      <trkpt lat="36.8472411" lon="138.2806337">
        <ele>1033.647407256804</ele>
      </trkpt>
      <trkpt lat="36.8472372" lon="138.2806356">
        <ele>1033.703446552928</ele>
      </trkpt>
      <trkpt lat="36.8472333" lon="138.2806374">
        <ele>1033.7607118988399</ele>
      </trkpt>
      <trkpt lat="36.8472294" lon="138.2806393">
        <ele>1033.8172473474697</ele>
      </trkpt>
      <trkpt lat="36.847222" lon="138.2806429">
        <ele>1033.925259753654</ele>
      </trkpt>
      <trkpt lat="36.8472146" lon="138.2806465">
        <ele>1034.0341759211078</ele>
      </trkpt>
      <trkpt lat="36.8472094" lon="138.2806488">
        <ele>1034.113398238878</ele>
      </trkpt>
      <trkpt lat="36.8472043" lon="138.2806512">
        <ele>1034.1937969576577</ele>
      </trkpt>
      <trkpt lat="36.8471978" lon="138.2806537">
        <ele>1034.3029842722706</ele>
      </trkpt>
      <trkpt lat="36.8471913" lon="138.2806563">
        <ele>1034.4112395084937</ele>
      </trkpt>
      <trkpt lat="36.8471822" lon="138.2806587">
        <ele>1034.5743544574834</ele>
      </trkpt>
      <trkpt lat="36.8471732" lon="138.2806612">
        <ele>1034.7344990253457</ele>
      </trkpt>
      <trkpt lat="36.8471626" lon="138.2806636">
        <ele>1034.9281883016235</ele>
      </trkpt>
      <trkpt lat="36.8471521" lon="138.2806661">
        <ele>1035.1189071889041</ele>
      </trkpt>
      <trkpt lat="36.847142" lon="138.2806675">
        <ele>1035.311725626374</ele>
      </trkpt>
      <trkpt lat="36.8471319" lon="138.280669">
        <ele>1035.5036119694828</ele>
      </trkpt>
      <trkpt lat="36.8471224" lon="138.2806703">
        <ele>1035.6851326786918</ele>
      </trkpt>
      <trkpt lat="36.8471129" lon="138.2806717">
        <ele>1035.8657212964267</ele>
      </trkpt>
      <trkpt lat="36.8471035" lon="138.2806731">
        <ele>1036.044271600061</ele>
      </trkpt>
      <trkpt lat="36.8470942" lon="138.2806745">
        <ele>1036.2207835908523</ele>
      </trkpt>
      <trkpt lat="36.8470849" lon="138.2806751">
        <ele>1036.404752099515</ele>
      </trkpt>
      <trkpt lat="36.8470757" lon="138.2806758">
        <ele>1036.585750227609</ele>
      </trkpt>
      <trkpt lat="36.8470666" lon="138.2806764">
        <ele>1036.7717827757833</ele>
      </trkpt>
      <trkpt lat="36.8470576" lon="138.2806771">
        <ele>1036.9618075667659</ele>
      </trkpt>
      <trkpt lat="36.8470486" lon="138.280678">
        <ele>1037.149968199433</ele>
      </trkpt>
      <trkpt lat="36.8470397" lon="138.280679">
        <ele>1037.3350128613424</ele>
      </trkpt>
      <trkpt lat="36.8470301" lon="138.2806789">
        <ele>1037.5455974018214</ele>
      </trkpt>
      <trkpt lat="36.8470206" lon="138.2806789">
        <ele>1037.7530659694703</ele>
      </trkpt>
      <trkpt lat="36.8470105" lon="138.2806777">
        <ele>1037.9848225973092</ele>
      </trkpt>
      <trkpt lat="36.8470004" lon="138.2806766">
        <ele>1038.2156471289009</ele>
      </trkpt>
      <trkpt lat="36.8470004" lon="138.2806766">
        <ele>1038.2156471289009</ele>
      </trkpt>
      <trkpt lat="36.8466383978802" lon="138.28055967184827">
        <ele>1048.1413031029738</ele>
      </trkpt>
      <trkpt lat="36.84634123391993" lon="138.2804036211666">
        <ele>1055.8372126208847</ele>
      </trkpt>
      <trkpt lat="36.84634123391993" lon="138.2804036211666">
        <ele>1055.8372126208847</ele>
      </trkpt>
      <trkpt lat="36.8462435" lon="138.2803807">
        <ele>1057.515547989084</ele>
      </trkpt>
      <trkpt lat="36.8462435" lon="138.2803807">
        <ele>1057.515547989084</ele>
      </trkpt>
      <trkpt lat="36.8462347" lon="138.2803696">
        <ele>1057.7843622714636</ele>
      </trkpt>
      <trkpt lat="36.8462259" lon="138.2803586">
        <ele>1058.051416895593</ele>
      </trkpt>
      <trkpt lat="36.8462149" lon="138.2803509">
        <ele>1058.302258449044</ele>
      </trkpt>
      <trkpt lat="36.846204" lon="138.2803433">
        <ele>1058.5561304505206</ele>
      </trkpt>
      <trkpt lat="36.8461923" lon="138.2803367">
        <ele>1058.8156858944333</ele>
      </trkpt>
      <trkpt lat="36.8461806" lon="138.2803301">
        <ele>1059.0804806907663</ele>
      </trkpt>
      <trkpt lat="36.846168" lon="138.2803228">
        <ele>1059.3654942554397</ele>
      </trkpt>
      <trkpt lat="36.8461555" lon="138.2803156">
        <ele>1059.659748087595</ele>
      </trkpt>
      <trkpt lat="36.846142" lon="138.2803062">
        <ele>1060.0204479392637</ele>
      </trkpt>
      <trkpt lat="36.8461285" lon="138.2802969">
        <ele>1060.4009725394749</ele>
      </trkpt>
      <trkpt lat="36.8461152" lon="138.2802859">
        <ele>1060.8300118994368</ele>
      </trkpt>
      <trkpt lat="36.846102" lon="138.2802749">
        <ele>1061.2629323176561</ele>
      </trkpt>
      <trkpt lat="36.8460891" lon="138.2802642">
        <ele>1061.6670355867009</ele>
      </trkpt>
      <trkpt lat="36.8460762" lon="138.2802535">
        <ele>1062.0898694738949</ele>
      </trkpt>
      <trkpt lat="36.8460639" lon="138.2802429">
        <ele>1062.5177268225536</ele>
      </trkpt>
      <trkpt lat="36.8460516" lon="138.2802323">
        <ele>1062.9632766790085</ele>
      </trkpt>
      <trkpt lat="36.84604" lon="138.280221">
        <ele>1063.4258092723198</ele>
      </trkpt>
      <trkpt lat="36.8460284" lon="138.2802098">
        <ele>1063.9073126687126</ele>
      </trkpt>
      <trkpt lat="36.8460171" lon="138.2801984">
        <ele>1064.399359672554</ele>
      </trkpt>
      <trkpt lat="36.8460058" lon="138.2801871">
        <ele>1064.8822776277475</ele>
      </trkpt>
      <trkpt lat="36.845995" lon="138.2801757">
        <ele>1065.3412249854164</ele>
      </trkpt>
      <trkpt lat="36.8459842" lon="138.2801644">
        <ele>1065.8191806024715</ele>
      </trkpt>
      <trkpt lat="36.8459752" lon="138.2801544">
        <ele>1066.2446781364142</ele>
      </trkpt>
      <trkpt lat="36.8459663" lon="138.2801445">
        <ele>1066.679931778778</ele>
      </trkpt>
      <trkpt lat="36.84596" lon="138.2801376">
        <ele>1066.991726007996</ele>
      </trkpt>
      <trkpt lat="36.8459537" lon="138.2801308">
        <ele>1067.3058713711737</ele>
      </trkpt>
      <trkpt lat="36.8459483" lon="138.2801253">
        <ele>1067.571707474632</ele>
      </trkpt>
      <trkpt lat="36.8459429" lon="138.2801199">
        <ele>1067.8384383207156</ele>
      </trkpt>
      <trkpt lat="36.8459369" lon="138.2801143">
        <ele>1068.1296526537476</ele>
      </trkpt>
      <trkpt lat="36.845931" lon="138.2801087">
        <ele>1068.421390627665</ele>
      </trkpt>
      <trkpt lat="36.8459246" lon="138.2801027">
        <ele>1068.7277913934759</ele>
      </trkpt>
      <trkpt lat="36.8459182" lon="138.2800967">
        <ele>1069.026902117845</ele>
      </trkpt>
      <trkpt lat="36.8459116" lon="138.2800912">
        <ele>1069.3290571598513</ele>
      </trkpt>
      <trkpt lat="36.8459051" lon="138.2800857">
        <ele>1069.6342890563787</ele>
      </trkpt>
      <trkpt lat="36.8458982" lon="138.2800807">
        <ele>1069.9293387898758</ele>
      </trkpt>
      <trkpt lat="36.8458913" lon="138.2800758">
        <ele>1070.218910566127</ele>
      </trkpt>
      <trkpt lat="36.8458848" lon="138.2800705">
        <ele>1070.5090310767794</ele>
      </trkpt>
      <trkpt lat="36.8458783" lon="138.2800652">
        <ele>1070.8026577076328</ele>
      </trkpt>
      <trkpt lat="36.8458722" lon="138.2800595">
        <ele>1071.0969307821656</ele>
      </trkpt>
      <trkpt lat="36.8458662" lon="138.2800539">
        <ele>1071.3896896430554</ele>
      </trkpt>
      <trkpt lat="36.8458607" lon="138.2800485">
        <ele>1071.6669139020528</ele>
      </trkpt>
      <trkpt lat="36.8458553" lon="138.2800431">
        <ele>1071.9442222416724</ele>
      </trkpt>
      <trkpt lat="36.8458498" lon="138.2800383">
        <ele>1072.213951256615</ele>
      </trkpt>
      <trkpt lat="36.8458443" lon="138.2800335">
        <ele>1072.4863671106777</ele>
      </trkpt>
      <trkpt lat="36.8458379" lon="138.28003">
        <ele>1072.7585110994605</ele>
      </trkpt>
      <trkpt lat="36.8458316" lon="138.2800265">
        <ele>1073.025723704726</ele>
      </trkpt>
      <trkpt lat="36.8458245" lon="138.2800231">
        <ele>1073.310977824415</ele>
      </trkpt>
      <trkpt lat="36.8458175" lon="138.2800197">
        <ele>1073.5954964272296</ele>
      </trkpt>
      <trkpt lat="36.8458104" lon="138.2800153">
        <ele>1073.8896682781074</ele>
      </trkpt>
      <trkpt lat="36.8458034" lon="138.2800109">
        <ele>1074.1840626664084</ele>
      </trkpt>
      <trkpt lat="36.8457974" lon="138.2800046">
        <ele>1074.490802340686</ele>
      </trkpt>
      <trkpt lat="36.8457914" lon="138.2799983">
        <ele>1074.8013890789748</ele>
      </trkpt>
      <trkpt lat="36.8457863" lon="138.2799908">
        <ele>1075.1136568873414</ele>
      </trkpt>
      <trkpt lat="36.8457812" lon="138.2799834">
        <ele>1075.427682317131</ele>
      </trkpt>
      <trkpt lat="36.8457758" lon="138.2799761">
        <ele>1075.7527894057575</ele>
      </trkpt>
      <trkpt lat="36.8457705" lon="138.2799688">
        <ele>1076.0787373204573</ele>
      </trkpt>
      <trkpt lat="36.8457643" lon="138.279962">
        <ele>1076.4205910740968</ele>
      </trkpt>
      <trkpt lat="36.8457581" lon="138.2799553">
        <ele>1076.7452811993185</ele>
      </trkpt>
      <trkpt lat="36.8457509" lon="138.2799495">
        <ele>1077.0810324167473</ele>
      </trkpt>
      <trkpt lat="36.8457437" lon="138.2799437">
        <ele>1077.4196170153896</ele>
      </trkpt>
      <trkpt lat="36.8457361" lon="138.279938">
        <ele>1077.770313891904</ele>
      </trkpt>
      <trkpt lat="36.8457286" lon="138.2799324">
        <ele>1078.1133470547225</ele>
      </trkpt>
      <trkpt lat="36.845721" lon="138.2799266">
        <ele>1078.4519704019883</ele>
      </trkpt>
      <trkpt lat="36.8457135" lon="138.2799208">
        <ele>1078.790628207311</ele>
      </trkpt>
      <trkpt lat="36.8457059" lon="138.2799137">
        <ele>1079.1620885148063</ele>
      </trkpt>
      <trkpt lat="36.8456984" lon="138.2799067">
        <ele>1079.5321127043846</ele>
      </trkpt>
      <trkpt lat="36.8456906" lon="138.2798991">
        <ele>1079.912401945947</ele>
      </trkpt>
      <trkpt lat="36.8456829" lon="138.2798916">
        <ele>1080.290543624528</ele>
      </trkpt>
      <trkpt lat="36.8456749" lon="138.2798845">
        <ele>1080.6743447131735</ele>
      </trkpt>
      <trkpt lat="36.8456669" lon="138.2798774">
        <ele>1081.0639265631044</ele>
      </trkpt>
      <trkpt lat="36.8456591" lon="138.2798709">
        <ele>1081.4396571035024</ele>
      </trkpt>
      <trkpt lat="36.8456514" lon="138.2798644">
        <ele>1081.8175731554957</ele>
      </trkpt>
      <trkpt lat="36.8456441" lon="138.2798587">
        <ele>1082.1696179890632</ele>
      </trkpt>
      <trkpt lat="36.8456369" lon="138.279853">
        <ele>1082.522865195608</ele>
      </trkpt>
      <trkpt lat="36.8456301" lon="138.2798483">
        <ele>1082.8436622677395</ele>
      </trkpt>
      <trkpt lat="36.8456233" lon="138.2798436">
        <ele>1083.1296348255837</ele>
      </trkpt>
      <trkpt lat="36.8456166" lon="138.2798404">
        <ele>1083.3757826072729</ele>
      </trkpt>
      <trkpt lat="36.8456099" lon="138.2798372">
        <ele>1083.6241124136423</ele>
      </trkpt>
      <trkpt lat="36.8456025" lon="138.2798383">
        <ele>1083.797621973476</ele>
      </trkpt>
      <trkpt lat="36.8455951" lon="138.2798395">
        <ele>1083.9680363736488</ele>
      </trkpt>
      <trkpt lat="36.8455881" lon="138.2798473">
        <ele>1083.974961001709</ele>
      </trkpt>
      <trkpt lat="36.8455811" lon="138.2798551">
        <ele>1083.9630963262061</ele>
      </trkpt>
      <trkpt lat="36.8455738" lon="138.2798672">
        <ele>1083.8462756534223</ele>
      </trkpt>
      <trkpt lat="36.8455666" lon="138.2798794">
        <ele>1083.7213391749456</ele>
      </trkpt>
      <trkpt lat="36.8455593" lon="138.2798925">
        <ele>1083.5722662001283</ele>
      </trkpt>
      <trkpt lat="36.845552" lon="138.2799056">
        <ele>1083.4099490613658</ele>
      </trkpt>
      <trkpt lat="36.8455443" lon="138.2799174">
        <ele>1083.2874704170033</ele>
      </trkpt>
      <trkpt lat="36.8455366" lon="138.2799293">
        <ele>1083.1593069310152</ele>
      </trkpt>
      <trkpt lat="36.8455294" lon="138.2799397">
        <ele>1083.051914683497</ele>
      </trkpt>
      <trkpt lat="36.8455222" lon="138.2799501">
        <ele>1082.9409451521005</ele>
      </trkpt>
      <trkpt lat="36.8455146" lon="138.2799595">
        <ele>1082.8660902508539</ele>
      </trkpt>
      <trkpt lat="36.845507" lon="138.279969">
        <ele>1082.788555638027</ele>
      </trkpt>
      <trkpt lat="36.8454989" lon="138.279978">
        <ele>1082.73606660273</ele>
      </trkpt>
      <trkpt lat="36.8454908" lon="138.2799871">
        <ele>1082.6806769239345</ele>
      </trkpt>
      <trkpt lat="36.8454824" lon="138.2799956">
        <ele>1082.6397522223679</ele>
      </trkpt>
      <trkpt lat="36.845474" lon="138.2800042">
        <ele>1082.593696670238</ele>
      </trkpt>
      <trkpt lat="36.8454654" lon="138.280012">
        <ele>1082.5713672121065</ele>
      </trkpt>
      <trkpt lat="36.8454569" lon="138.2800199">
        <ele>1082.5417577943758</ele>
      </trkpt>
      <trkpt lat="36.8454489" lon="138.2800273">
        <ele>1082.5115421006326</ele>
      </trkpt>
      <trkpt lat="36.8454409" lon="138.2800347">
        <ele>1082.4853430718144</ele>
      </trkpt>
      <trkpt lat="36.8454331" lon="138.2800421">
        <ele>1082.4586414618773</ele>
      </trkpt>
      <trkpt lat="36.8454254" lon="138.2800495">
        <ele>1082.4335713759415</ele>
      </trkpt>
      <trkpt lat="36.8454176" lon="138.2800568">
        <ele>1082.4182891801472</ele>
      </trkpt>
      <trkpt lat="36.8454098" lon="138.2800642">
        <ele>1082.4016867649748</ele>
      </trkpt>
      <trkpt lat="36.8454017" lon="138.2800711">
        <ele>1082.4054710702512</ele>
      </trkpt>
      <trkpt lat="36.8453937" lon="138.2800781">
        <ele>1082.4042462388059</ele>
      </trkpt>
      <trkpt lat="36.8453854" lon="138.2800862">
        <ele>1082.3805330159148</ele>
      </trkpt>
      <trkpt lat="36.8453772" lon="138.2800943">
        <ele>1082.3544903506995</ele>
      </trkpt>
      <trkpt lat="36.8453693" lon="138.2801037">
        <ele>1082.2866233762356</ele>
      </trkpt>
      <trkpt lat="36.8453615" lon="138.2801132">
        <ele>1082.22059186308</ele>
      </trkpt>
      <trkpt lat="36.8453544" lon="138.2801237">
        <ele>1082.1184196563534</ele>
      </trkpt>
      <trkpt lat="36.8453473" lon="138.2801343">
        <ele>1081.9971076199429</ele>
      </trkpt>
      <trkpt lat="36.8453418" lon="138.2801463">
        <ele>1081.8067235375217</ele>
      </trkpt>
      <trkpt lat="36.8453364" lon="138.2801583">
        <ele>1081.6164508246811</ele>
      </trkpt>
      <trkpt lat="36.8453329" lon="138.2801712">
        <ele>1081.3648127718366</ele>
      </trkpt>
      <trkpt lat="36.8453294" lon="138.2801841">
        <ele>1081.114706411981</ele>
      </trkpt>
      <trkpt lat="36.8453275" lon="138.2801968">
        <ele>1080.8298102385909</ele>
      </trkpt>
      <trkpt lat="36.8453256" lon="138.2802095">
        <ele>1080.5372024882502</ele>
      </trkpt>
      <trkpt lat="36.8453245" lon="138.2802228">
        <ele>1080.2117437597108</ele>
      </trkpt>
      <trkpt lat="36.8453235" lon="138.2802361">
        <ele>1079.884521730556</ele>
      </trkpt>
      <trkpt lat="36.8453209" lon="138.2802496">
        <ele>1079.5890175039751</ele>
      </trkpt>
      <trkpt lat="36.8453183" lon="138.2802631">
        <ele>1079.2947040298354</ele>
      </trkpt>
      <trkpt lat="36.845313" lon="138.2802761">
        <ele>1079.077499291881</ele>
      </trkpt>
      <trkpt lat="36.8453077" lon="138.2802892">
        <ele>1078.8600302368804</ele>
      </trkpt>
      <trkpt lat="36.8452998" lon="138.2803006">
        <ele>1078.7505874715976</ele>
      </trkpt>
      <trkpt lat="36.8452919" lon="138.280312">
        <ele>1078.644199939005</ele>
      </trkpt>
      <trkpt lat="36.845282" lon="138.2803204">
        <ele>1078.6570728800039</ele>
      </trkpt>
      <trkpt lat="36.8452722" lon="138.2803289">
        <ele>1078.6479655701837</ele>
      </trkpt>
      <trkpt lat="36.8452615" lon="138.2803331">
        <ele>1078.7694505653478</ele>
      </trkpt>
      <trkpt lat="36.8452508" lon="138.2803374">
        <ele>1078.8899549006803</ele>
      </trkpt>
      <trkpt lat="36.8452397" lon="138.2803382">
        <ele>1079.107633314131</ele>
      </trkpt>
      <trkpt lat="36.8452286" lon="138.2803391">
        <ele>1079.3231453997735</ele>
      </trkpt>
      <trkpt lat="36.8452165" lon="138.2803383">
        <ele>1079.6020424219137</ele>
      </trkpt>
      <trkpt lat="36.8452045" lon="138.2803376">
        <ele>1079.783179781265</ele>
      </trkpt>
      <trkpt lat="36.845189" lon="138.2803359">
        <ele>1080.0353562695498</ele>
      </trkpt>
      <trkpt lat="36.8451735" lon="138.2803342">
        <ele>1080.2884266296505</ele>
      </trkpt>
      <trkpt lat="36.8451545" lon="138.2803299">
        <ele>1080.6564058992722</ele>
      </trkpt>
      <trkpt lat="36.8451355" lon="138.2803257">
        <ele>1080.9716729677164</ele>
      </trkpt>
      <trkpt lat="36.8451155" lon="138.2803186">
        <ele>1081.3449144558804</ele>
      </trkpt>
      <trkpt lat="36.8450955" lon="138.2803116">
        <ele>1081.7203215977372</ele>
      </trkpt>
      <trkpt lat="36.8450753" lon="138.2803041">
        <ele>1082.1000202482385</ele>
      </trkpt>
      <trkpt lat="36.8450552" lon="138.2802967">
        <ele>1082.4091950151094</ele>
      </trkpt>
      <trkpt lat="36.8450341" lon="138.2802891">
        <ele>1082.7345463102995</ele>
      </trkpt>
      <trkpt lat="36.845013" lon="138.2802816">
        <ele>1083.06254618867</ele>
      </trkpt>
      <trkpt lat="36.8449913" lon="138.2802733">
        <ele>1083.3681937781853</ele>
      </trkpt>
      <trkpt lat="36.8449697" lon="138.2802651">
        <ele>1083.6745494093238</ele>
      </trkpt>
      <trkpt lat="36.8449481" lon="138.2802581">
        <ele>1083.9568383943101</ele>
      </trkpt>
      <trkpt lat="36.8449266" lon="138.2802511">
        <ele>1084.2206068476548</ele>
      </trkpt>
      <trkpt lat="36.8449052" lon="138.2802483">
        <ele>1084.3478003173714</ele>
      </trkpt>
      <trkpt lat="36.8448839" lon="138.2802456">
        <ele>1084.4737000727282</ele>
      </trkpt>
      <trkpt lat="36.8448632" lon="138.2802441">
        <ele>1084.5591813764033</ele>
      </trkpt>
      <trkpt lat="36.8448426" lon="138.2802427">
        <ele>1084.6401299039248</ele>
      </trkpt>
      <trkpt lat="36.8448229" lon="138.2802379">
        <ele>1084.8379662990505</ele>
      </trkpt>
      <trkpt lat="36.8448032" lon="138.2802332">
        <ele>1085.0404659737937</ele>
      </trkpt>
      <trkpt lat="36.8447828" lon="138.2802258">
        <ele>1085.317041307511</ele>
      </trkpt>
      <trkpt lat="36.8447625" lon="138.2802184">
        <ele>1085.5986380368365</ele>
      </trkpt>
      <trkpt lat="36.8447407" lon="138.2802135">
        <ele>1085.7969434461068</ele>
      </trkpt>
      <trkpt lat="36.8447189" lon="138.2802086">
        <ele>1086.0664972422057</ele>
      </trkpt>
      <trkpt lat="36.844695" lon="138.2802073">
        <ele>1086.2404893429523</ele>
      </trkpt>
      <trkpt lat="36.8446712" lon="138.280206">
        <ele>1086.4160565687394</ele>
      </trkpt>
      <trkpt lat="36.8446446" lon="138.2802063">
        <ele>1086.5839736319117</ele>
      </trkpt>
      <trkpt lat="36.844618" lon="138.2802067">
        <ele>1086.7551815866148</ele>
      </trkpt>
      <trkpt lat="36.8445908" lon="138.2802118">
        <ele>1086.7886032594604</ele>
      </trkpt>
      <trkpt lat="36.8445637" lon="138.280217">
        <ele>1086.9377037933336</ele>
      </trkpt>
      <trkpt lat="36.8445382" lon="138.2802261">
        <ele>1086.911349441368</ele>
      </trkpt>
      <trkpt lat="36.8445127" lon="138.2802353">
        <ele>1086.6618469835266</ele>
      </trkpt>
      <trkpt lat="36.8444927" lon="138.2802417">
        <ele>1086.408324608021</ele>
      </trkpt>
      <trkpt lat="36.8444728" lon="138.2802482">
        <ele>1086.1508409466599</ele>
      </trkpt>
      <trkpt lat="36.8444593" lon="138.2802521">
        <ele>1087.6838893546733</ele>
      </trkpt>
      <trkpt lat="36.8444458" lon="138.2802561">
        <ele>1087.9671521693945</ele>
      </trkpt>
      <trkpt lat="36.8444355" lon="138.2802621">
        <ele>1088.0733562235264</ele>
      </trkpt>
      <trkpt lat="36.8444253" lon="138.2802681">
        <ele>1088.1763573196263</ele>
      </trkpt>
      <trkpt lat="36.8444175" lon="138.2802767">
        <ele>1088.10555340564</ele>
      </trkpt>
      <trkpt lat="36.8444098" lon="138.2802853">
        <ele>1088.0829596623357</ele>
      </trkpt>
      <trkpt lat="36.8444035" lon="138.2802938">
        <ele>1088.0256788613794</ele>
      </trkpt>
      <trkpt lat="36.8443973" lon="138.2803024">
        <ele>1087.9656964225048</ele>
      </trkpt>
      <trkpt lat="36.8443922" lon="138.2803125">
        <ele>1087.8273944904888</ele>
      </trkpt>
      <trkpt lat="36.8443871" lon="138.2803226">
        <ele>1087.7426587742298</ele>
      </trkpt>
      <trkpt lat="36.8443854" lon="138.2803363">
        <ele>1087.4019050397924</ele>
      </trkpt>
      <trkpt lat="36.8443837" lon="138.2803501">
        <ele>1087.0581220848496</ele>
      </trkpt>
      <trkpt lat="36.8443854" lon="138.2803698">
        <ele>1086.4121106249777</ele>
      </trkpt>
      <trkpt lat="36.8443872" lon="138.2803895">
        <ele>1085.8084272711</ele>
      </trkpt>
      <trkpt lat="36.8443899" lon="138.2804139">
        <ele>1085.0360192031953</ele>
      </trkpt>
      <trkpt lat="36.8443927" lon="138.2804383">
        <ele>1084.2609920757811</ele>
      </trkpt>
      <trkpt lat="36.8443962" lon="138.2804621">
        <ele>1083.5553180809488</ele>
      </trkpt>
      <trkpt lat="36.8443998" lon="138.2804859">
        <ele>1082.889573585405</ele>
      </trkpt>
      <trkpt lat="36.8444019" lon="138.2805089">
        <ele>1082.293680660339</ele>
      </trkpt>
      <trkpt lat="36.844404" lon="138.280532">
        <ele>1081.6922564648437</ele>
      </trkpt>
      <trkpt lat="36.8444033" lon="138.2805578">
        <ele>1081.0806172432528</ele>
      </trkpt>
      <trkpt lat="36.8444027" lon="138.2805837">
        <ele>1080.4571850317807</ele>
      </trkpt>
      <trkpt lat="36.8444017" lon="138.2806131">
        <ele>1079.7652296196186</ele>
      </trkpt>
      <trkpt lat="36.8444008" lon="138.2806425">
        <ele>1079.1005845153147</ele>
      </trkpt>
      <trkpt lat="36.8444015" lon="138.2806747">
        <ele>1078.3088570787736</ele>
      </trkpt>
      <trkpt lat="36.8444023" lon="138.2807069">
        <ele>1077.5115158494327</ele>
      </trkpt>
      <trkpt lat="36.8444053" lon="138.2807396">
        <ele>1076.633140272733</ele>
      </trkpt>
      <trkpt lat="36.8444084" lon="138.2807724">
        <ele>1075.7409573158438</ele>
      </trkpt>
      <trkpt lat="36.8444146" lon="138.280804">
        <ele>1074.7511634020889</ele>
      </trkpt>
      <trkpt lat="36.8444209" lon="138.2808357">
        <ele>1073.7980815144138</ele>
      </trkpt>
      <trkpt lat="36.844427" lon="138.2808667">
        <ele>1072.849633212638</ele>
      </trkpt>
      <trkpt lat="36.8444332" lon="138.2808977">
        <ele>1071.958777819015</ele>
      </trkpt>
      <trkpt lat="36.8444361" lon="138.2809301">
        <ele>1071.2614842035018</ele>
      </trkpt>
      <trkpt lat="36.844439" lon="138.2809625">
        <ele>1070.5578155375342</ele>
      </trkpt>
      <trkpt lat="36.8444378" lon="138.2809978">
        <ele>1070.1417582548295</ele>
      </trkpt>
      <trkpt lat="36.8444367" lon="138.2810332">
        <ele>1069.7243553028247</ele>
      </trkpt>
      <trkpt lat="36.8444322" lon="138.2810694">
        <ele>1069.4831667537242</ele>
      </trkpt>
      <trkpt lat="36.8444278" lon="138.2811057">
        <ele>1069.2330978463656</ele>
      </trkpt>
      <trkpt lat="36.844423" lon="138.2811432">
        <ele>1069.0057836543322</ele>
      </trkpt>
      <trkpt lat="36.8444182" lon="138.2811807">
        <ele>1068.8026805212567</ele>
      </trkpt>
      <trkpt lat="36.8444172" lon="138.2812193">
        <ele>1068.3534334445071</ele>
      </trkpt>
      <trkpt lat="36.8444162" lon="138.2812579">
        <ele>1067.8204208432755</ele>
      </trkpt>
      <trkpt lat="36.8444173" lon="138.2812965">
        <ele>1067.14970766721</ele>
      </trkpt>
      <trkpt lat="36.8444184" lon="138.2813352">
        <ele>1066.5286879151467</ele>
      </trkpt>
      <trkpt lat="36.8444217" lon="138.2813708">
        <ele>1065.8221118663682</ele>
      </trkpt>
      <trkpt lat="36.8444251" lon="138.2814065">
        <ele>1065.1063758259038</ele>
      </trkpt>
      <trkpt lat="36.8444348" lon="138.2814368">
        <ele>1064.0573242717312</ele>
      </trkpt>
      <trkpt lat="36.8444446" lon="138.2814672">
        <ele>1063.0103629345556</ele>
      </trkpt>
      <trkpt lat="36.8444591" lon="138.2814969">
        <ele>1061.7390524669404</ele>
      </trkpt>
      <trkpt lat="36.8444737" lon="138.2815267">
        <ele>1057.0100146061752</ele>
      </trkpt>
      <trkpt lat="36.8444858" lon="138.2815616">
        <ele>1056.7253844763159</ele>
      </trkpt>
      <trkpt lat="36.844498" lon="138.2815966">
        <ele>1056.6256967964587</ele>
      </trkpt>
      <trkpt lat="36.8445049" lon="138.2816359">
        <ele>1056.5341211590917</ele>
      </trkpt>
      <trkpt lat="36.8445118" lon="138.2816753">
        <ele>1056.5576874950902</ele>
      </trkpt>
      <trkpt lat="36.8445169" lon="138.2817131">
        <ele>1056.6457678791141</ele>
      </trkpt>
      <trkpt lat="36.844522" lon="138.2817509">
        <ele>1056.801544789412</ele>
      </trkpt>
      <trkpt lat="36.8445293" lon="138.2817878">
        <ele>1057.0594944852414</ele>
      </trkpt>
      <trkpt lat="36.8445366" lon="138.2818247">
        <ele>1056.9007042386627</ele>
      </trkpt>
      <trkpt lat="36.844544" lon="138.281865">
        <ele>1056.7823058655113</ele>
      </trkpt>
      <trkpt lat="36.8445514" lon="138.2819053">
        <ele>1056.6942581555015</ele>
      </trkpt>
      <trkpt lat="36.844558" lon="138.2819461">
        <ele>1056.4421571915982</ele>
      </trkpt>
      <trkpt lat="36.8445647" lon="138.281987">
        <ele>1056.186489884726</ele>
      </trkpt>
      <trkpt lat="36.8445714" lon="138.282024">
        <ele>1055.7988834241357</ele>
      </trkpt>
      <trkpt lat="36.8445782" lon="138.282061">
        <ele>1055.3912310696787</ele>
      </trkpt>
      <trkpt lat="36.8445868" lon="138.2820932">
        <ele>1054.841468722135</ele>
      </trkpt>
      <trkpt lat="36.8445955" lon="138.2821255">
        <ele>1054.1993732943463</ele>
      </trkpt>
      <trkpt lat="36.8446049" lon="138.2821578">
        <ele>1053.5164081182013</ele>
      </trkpt>
      <trkpt lat="36.8446143" lon="138.2821901">
        <ele>1052.7614457335449</ele>
      </trkpt>
      <trkpt lat="36.844623" lon="138.2822282">
        <ele>1051.9904148506635</ele>
      </trkpt>
      <trkpt lat="36.8446317" lon="138.2822663">
        <ele>1051.2094045757065</ele>
      </trkpt>
      <trkpt lat="36.844639" lon="138.2823078">
        <ele>1050.4222481512552</ele>
      </trkpt>
      <trkpt lat="36.8446464" lon="138.2823493">
        <ele>1049.644131187389</ele>
      </trkpt>
      <trkpt lat="36.8446537" lon="138.2823899">
        <ele>1048.8540591444591</ele>
      </trkpt>
      <trkpt lat="36.844661" lon="138.2824306">
        <ele>1048.077250652459</ele>
      </trkpt>
      <trkpt lat="36.8446681" lon="138.2824701">
        <ele>1047.240063153077</ele>
      </trkpt>
      <trkpt lat="36.8446752" lon="138.2825097">
        <ele>1046.4053169474569</ele>
      </trkpt>
      <trkpt lat="36.8446798" lon="138.2825476">
        <ele>1045.6583570069429</ele>
      </trkpt>
      <trkpt lat="36.8446844" lon="138.2825855">
        <ele>1044.9291401703583</ele>
      </trkpt>
      <trkpt lat="36.8446847" lon="138.2826202">
        <ele>1044.266940893792</ele>
      </trkpt>
      <trkpt lat="36.8446851" lon="138.2826549">
        <ele>1043.5604101946788</ele>
      </trkpt>
      <trkpt lat="36.8446838" lon="138.2826883">
        <ele>1042.9091539248145</ele>
      </trkpt>
      <trkpt lat="36.8446826" lon="138.2827217">
        <ele>1042.2082823834985</ele>
      </trkpt>
      <trkpt lat="36.8446776" lon="138.2827531">
        <ele>1041.6391999072105</ele>
      </trkpt>
      <trkpt lat="36.8446726" lon="138.2827845">
        <ele>1040.9819551822166</ele>
      </trkpt>
      <trkpt lat="36.8446616" lon="138.2828002">
        <ele>1040.78360794643</ele>
      </trkpt>
      <trkpt lat="36.8446507" lon="138.282816">
        <ele>1040.5506446663296</ele>
      </trkpt>
      <trkpt lat="36.8446392" lon="138.2828137">
        <ele>1040.8131883058704</ele>
      </trkpt>
      <trkpt lat="36.8446277" lon="138.2828114">
        <ele>1041.075731917378</ele>
      </trkpt>
      <trkpt lat="36.8446172" lon="138.282799">
        <ele>1041.5914541268728</ele>
      </trkpt>
      <trkpt lat="36.8446067" lon="138.2827867">
        <ele>1042.1044966167779</ele>
      </trkpt>
      <trkpt lat="36.8445964" lon="138.2827706">
        <ele>1042.7107544088328</ele>
      </trkpt>
      <trkpt lat="36.8445862" lon="138.2827546">
        <ele>1043.263140481825</ele>
      </trkpt>
      <trkpt lat="36.8445765" lon="138.2827381">
        <ele>1043.8160435637917</ele>
      </trkpt>
      <trkpt lat="36.8445668" lon="138.2827217">
        <ele>1044.3718764166015</ele>
      </trkpt>
      <trkpt lat="36.8445573" lon="138.282706">
        <ele>1044.9123757374791</ele>
      </trkpt>
      <trkpt lat="36.8445478" lon="138.2826904">
        <ele>1045.4554028242642</ele>
      </trkpt>
      <trkpt lat="36.8445383" lon="138.2826759">
        <ele>1045.9747340050658</ele>
      </trkpt>
      <trkpt lat="36.8445288" lon="138.2826614">
        <ele>1046.4898625999692</ele>
      </trkpt>
      <trkpt lat="36.8445194" lon="138.2826481">
        <ele>1046.8307663079354</ele>
      </trkpt>
      <trkpt lat="36.84451" lon="138.2826348">
        <ele>1047.1716700159016</ele>
      </trkpt>
      <trkpt lat="36.8445006" lon="138.2826231">
        <ele>1047.471562752128</ele>
      </trkpt>
      <trkpt lat="36.8444912" lon="138.2826114">
        <ele>1047.7714554883546</ele>
      </trkpt>
      <trkpt lat="36.8444841" lon="138.2826049">
        <ele>1047.9380625633528</ele>
      </trkpt>
      <trkpt lat="36.844477" lon="138.2825985">
        <ele>1048.1021064533859</ele>
      </trkpt>
      <trkpt lat="36.8444738" lon="138.2826">
        <ele>1048.0636586666114</ele>
      </trkpt>
      <trkpt lat="36.8444707" lon="138.2826015">
        <ele>1048.0252108798368</ele>
      </trkpt>
      <trkpt lat="36.8444703" lon="138.2826098">
        <ele>1047.8124664600946</ele>
      </trkpt>
      <trkpt lat="36.84447" lon="138.2826182">
        <ele>1047.5971588553866</ele>
      </trkpt>
      <trkpt lat="36.8444713" lon="138.2826305">
        <ele>1047.2818870042456</ele>
      </trkpt>
      <trkpt lat="36.8444727" lon="138.2826428">
        <ele>1046.9666151541287</ele>
      </trkpt>
      <trkpt lat="36.8444762" lon="138.2826567">
        <ele>1046.6103323312477</ele>
      </trkpt>
      <trkpt lat="36.8444797" lon="138.2826707">
        <ele>1046.2514863213526</ele>
      </trkpt>
      <trkpt lat="36.8444851" lon="138.2826844">
        <ele>1045.9003298704513</ele>
      </trkpt>
      <trkpt lat="36.8444906" lon="138.2826981">
        <ele>1045.5491734185257</ele>
      </trkpt>
      <trkpt lat="36.8444978" lon="138.2827127">
        <ele>1045.174948295765</ele>
      </trkpt>
      <trkpt lat="36.844505" lon="138.2827273">
        <ele>1044.8007231719798</ele>
      </trkpt>
      <trkpt lat="36.8445134" lon="138.282745">
        <ele>1044.3470392886557</ele>
      </trkpt>
      <trkpt lat="36.8445218" lon="138.2827627">
        <ele>1043.8933554053317</ele>
      </trkpt>
      <trkpt lat="36.8445303" lon="138.2827831">
        <ele>1043.3189720312535</ele>
      </trkpt>
      <trkpt lat="36.8445389" lon="138.2828035">
        <ele>1042.6290637196303</ele>
      </trkpt>
      <trkpt lat="36.8445413" lon="138.2828245">
        <ele>1042.0126616874488</ele>
      </trkpt>
      <trkpt lat="36.8445438" lon="138.2828456">
        <ele>1041.3938760114047</ele>
      </trkpt>
      <trkpt lat="36.8445349" lon="138.2828619">
        <ele>1041.0563126692791</ele>
      </trkpt>
      <trkpt lat="36.844526" lon="138.2828783">
        <ele>1040.669431978465</ele>
      </trkpt>
      <trkpt lat="36.8445077" lon="138.2828886">
        <ele>1040.3814231045553</ele>
      </trkpt>
      <trkpt lat="36.8444895" lon="138.282899">
        <ele>1040.0906180277473</ele>
      </trkpt>
      <trkpt lat="36.8444663" lon="138.2829046">
        <ele>1039.9340306777513</ele>
      </trkpt>
      <trkpt lat="36.8444432" lon="138.2829102">
        <ele>1040.2781758311885</ele>
      </trkpt>
      <trkpt lat="36.8444189" lon="138.2829135">
        <ele>1040.2790713044421</ele>
      </trkpt>
      <trkpt lat="36.8443946" lon="138.2829169">
        <ele>1040.2798866088153</ele>
      </trkpt>
      <trkpt lat="36.8443709" lon="138.2829192">
        <ele>1040.1949885602812</ele>
      </trkpt>
      <trkpt lat="36.8443473" lon="138.2829216">
        <ele>1040.093521188945</ele>
      </trkpt>
      <trkpt lat="36.8443256" lon="138.2829199">
        <ele>1040.109464285686</ele>
      </trkpt>
      <trkpt lat="36.8443039" lon="138.2829182">
        <ele>1040.097067668988</ele>
      </trkpt>
      <trkpt lat="36.8442851" lon="138.2829086">
        <ele>1040.3107624964796</ele>
      </trkpt>
      <trkpt lat="36.8442664" lon="138.282899">
        <ele>1040.5247485131501</ele>
      </trkpt>
      <trkpt lat="36.8442497" lon="138.2828811">
        <ele>1040.974200155028</ele>
      </trkpt>
      <trkpt lat="36.8442331" lon="138.2828632">
        <ele>1041.4247922517893</ele>
      </trkpt>
      <trkpt lat="36.8442174" lon="138.2828402">
        <ele>1042.0680888852112</ele>
      </trkpt>
      <trkpt lat="36.8442017" lon="138.2828172">
        <ele>1042.7458921286284</ele>
      </trkpt>
      <trkpt lat="36.8441839" lon="138.2827975">
        <ele>1043.3157105367695</ele>
      </trkpt>
      <trkpt lat="36.8441661" lon="138.2827778">
        <ele>1043.90674374663</ele>
      </trkpt>
      <trkpt lat="36.8441436" lon="138.2827726">
        <ele>1044.0369307697817</ele>
      </trkpt>
      <trkpt lat="36.8441211" lon="138.2827675">
        <ele>1044.1678311255039</ele>
      </trkpt>
      <trkpt lat="36.8440945" lon="138.2827764">
        <ele>1043.8425817492703</ele>
      </trkpt>
      <trkpt lat="36.8440679" lon="138.2827854">
        <ele>1043.5223342733063</ele>
      </trkpt>
      <trkpt lat="36.8440399" lon="138.2828011">
        <ele>1043.0522275970532</ele>
      </trkpt>
      <trkpt lat="36.844012" lon="138.2828169">
        <ele>1042.691415138411</ele>
      </trkpt>
      <trkpt lat="36.8439856" lon="138.2828346">
        <ele>1042.2468017236279</ele>
      </trkpt>
      <trkpt lat="36.8439593" lon="138.2828524">
        <ele>1041.9333646854393</ele>
      </trkpt>
      <trkpt lat="36.8439346" lon="138.2828697">
        <ele>1041.696987867542</ele>
      </trkpt>
      <trkpt lat="36.8439099" lon="138.2828871">
        <ele>1041.4665392249078</ele>
      </trkpt>
      <trkpt lat="36.8438859" lon="138.2829031">
        <ele>1041.4149971079937</ele>
      </trkpt>
      <trkpt lat="36.8438619" lon="138.2829191">
        <ele>1041.350428038504</ele>
      </trkpt>
      <trkpt lat="36.8438391" lon="138.2829348">
        <ele>1041.2815512221507</ele>
      </trkpt>
      <trkpt lat="36.8438163" lon="138.2829506">
        <ele>1041.3096394577349</ele>
      </trkpt>
      <trkpt lat="36.8437938" lon="138.2829666">
        <ele>1041.3123938614167</ele>
      </trkpt>
      <trkpt lat="36.8437714" lon="138.2829826">
        <ele>1041.302404864894</ele>
      </trkpt>
      <trkpt lat="36.8437474" lon="138.2829954">
        <ele>1041.4310279795104</ele>
      </trkpt>
      <trkpt lat="36.8437234" lon="138.2830082">
        <ele>1041.5388080568064</ele>
      </trkpt>
      <trkpt lat="36.8436994" lon="138.2830113">
        <ele>1041.9402320219629</ele>
      </trkpt>
      <trkpt lat="36.8436755" lon="138.2830145">
        <ele>1042.249393998361</ele>
      </trkpt>
      <trkpt lat="36.8436546" lon="138.2830062">
        <ele>1042.9150579291477</ele>
      </trkpt>
      <trkpt lat="36.8436337" lon="138.2829979">
        <ele>1043.5634838340955</ele>
      </trkpt>
      <trkpt lat="36.8436154" lon="138.2829845">
        <ele>1044.2329988854472</ele>
      </trkpt>
      <trkpt lat="36.8435972" lon="138.2829711">
        <ele>1044.9180991110495</ele>
      </trkpt>
      <trkpt lat="36.8435783" lon="138.2829598">
        <ele>1045.5474387751842</ele>
      </trkpt>
      <trkpt lat="36.8435595" lon="138.2829486">
        <ele>1046.0805070162287</ele>
      </trkpt>
      <trkpt lat="36.8435398" lon="138.2829409">
        <ele>1046.3478746576939</ele>
      </trkpt>
      <trkpt lat="36.8435201" lon="138.2829333">
        <ele>1046.615203028412</ele>
      </trkpt>
      <trkpt lat="36.8434993" lon="138.2829271">
        <ele>1046.8321606666348</ele>
      </trkpt>
      <trkpt lat="36.8434785" lon="138.282921">
        <ele>1046.8935191645767</ele>
      </trkpt>
      <trkpt lat="36.8434543" lon="138.282915">
        <ele>1046.9198066785475</ele>
      </trkpt>
      <trkpt lat="36.8434301" lon="138.282909">
        <ele>1046.9429639333423</ele>
      </trkpt>
      <trkpt lat="36.8434013" lon="138.2829014">
        <ele>1046.7168736508977</ele>
      </trkpt>
      <trkpt lat="36.8433725" lon="138.2828938">
        <ele>1046.4982088042636</ele>
      </trkpt>
      <trkpt lat="36.8433426" lon="138.2828829">
        <ele>1046.2476486662667</ele>
      </trkpt>
      <trkpt lat="36.8433127" lon="138.2828721">
        <ele>1045.8807857362715</ele>
      </trkpt>
      <trkpt lat="36.8432882" lon="138.2828561">
        <ele>1045.7919662948602</ele>
      </trkpt>
      <trkpt lat="36.8432638" lon="138.2828402">
        <ele>1045.5831136692764</ele>
      </trkpt>
      <trkpt lat="36.8432452" lon="138.2828225">
        <ele>1045.625165979848</ele>
      </trkpt>
      <trkpt lat="36.8432266" lon="138.2828048">
        <ele>1045.6448817182636</ele>
      </trkpt>
      <trkpt lat="36.8432106" lon="138.282786">
        <ele>1045.6954425672848</ele>
      </trkpt>
      <trkpt lat="36.8431946" lon="138.2827673">
        <ele>1045.7089086179428</ele>
      </trkpt>
      <trkpt lat="36.8431794" lon="138.2827497">
        <ele>1045.7163882072591</ele>
      </trkpt>
      <trkpt lat="36.8431643" lon="138.2827322">
        <ele>1045.707530434906</ele>
      </trkpt>
      <trkpt lat="36.8431502" lon="138.2827198">
        <ele>1045.5262109328069</ele>
      </trkpt>
      <trkpt lat="36.8431362" lon="138.2827075">
        <ele>1045.3182386890526</ele>
      </trkpt>
      <trkpt lat="36.8431216" lon="138.2827001">
        <ele>1044.905338004977</ele>
      </trkpt>
      <trkpt lat="36.8431071" lon="138.2826927">
        <ele>1044.497096153349</ele>
      </trkpt>
      <trkpt lat="36.8430894" lon="138.2826896">
        <ele>1043.78447016133</ele>
      </trkpt>
      <trkpt lat="36.8430718" lon="138.2826865">
        <ele>1043.0338446669614</ele>
      </trkpt>
      <trkpt lat="36.8430483" lon="138.2826855">
        <ele>1041.9084736630755</ele>
      </trkpt>
      <trkpt lat="36.8430249" lon="138.2826845">
        <ele>1040.7872489186925</ele>
      </trkpt>
      <trkpt lat="36.8429959" lon="138.2826801">
        <ele>1039.5405419469353</ele>
      </trkpt>
      <trkpt lat="36.842967" lon="138.2826758">
        <ele>1038.3224400363872</ele>
      </trkpt>
      <trkpt lat="36.8429367" lon="138.2826659">
        <ele>1037.3372470260017</ele>
      </trkpt>
      <trkpt lat="36.8429065" lon="138.2826561">
        <ele>1036.4650765272816</ele>
      </trkpt>
      <trkpt lat="36.8428788" lon="138.2826411">
        <ele>1035.939407533595</ele>
      </trkpt>
      <trkpt lat="36.8428511" lon="138.2826262">
        <ele>1035.65980983507</ele>
      </trkpt>
      <trkpt lat="36.8428261" lon="138.2826096">
        <ele>1035.5360118671795</ele>
      </trkpt>
      <trkpt lat="36.8428011" lon="138.282593">
        <ele>1035.5629066831682</ele>
      </trkpt>
      <trkpt lat="36.8427772" lon="138.282575">
        <ele>1035.8733702767472</ele>
      </trkpt>
      <trkpt lat="36.8427533" lon="138.2825571">
        <ele>1036.1359248683434</ele>
      </trkpt>
      <trkpt lat="36.8427273" lon="138.2825386">
        <ele>1036.5532279659526</ele>
      </trkpt>
      <trkpt lat="36.8427014" lon="138.2825201">
        <ele>1037.081230314374</ele>
      </trkpt>
      <trkpt lat="36.8426734" lon="138.2825052">
        <ele>1037.4423045176295</ele>
      </trkpt>
      <trkpt lat="36.8426454" lon="138.2824903">
        <ele>1037.973421357256</ele>
      </trkpt>
      <trkpt lat="36.8426191" lon="138.282481">
        <ele>1038.2693947974776</ele>
      </trkpt>
      <trkpt lat="36.8425928" lon="138.2824718">
        <ele>1038.6339333658862</ele>
      </trkpt>
      <trkpt lat="36.8425701" lon="138.2824738">
        <ele>1038.65243117222</ele>
      </trkpt>
      <trkpt lat="36.8425475" lon="138.2824759">
        <ele>1038.6717053753264</ele>
      </trkpt>
      <trkpt lat="36.8425267" lon="138.2824885">
        <ele>1038.4055688883568</ele>
      </trkpt>
      <trkpt lat="36.842506" lon="138.2825011">
        <ele>1038.220094037276</ele>
      </trkpt>
      <trkpt lat="36.8424855" lon="138.2825225">
        <ele>1037.7522339877962</ele>
      </trkpt>
      <trkpt lat="36.842465" lon="138.282544">
        <ele>1037.305108754224</ele>
      </trkpt>
      <trkpt lat="36.8424458" lon="138.2825711">
        <ele>1036.6946206892553</ele>
      </trkpt>
      <trkpt lat="36.8424267" lon="138.2825983">
        <ele>1036.0870640337496</ele>
      </trkpt>
      <trkpt lat="36.8424089" lon="138.2826262">
        <ele>1035.3973801723105</ele>
      </trkpt>
      <trkpt lat="36.8423911" lon="138.2826541">
        <ele>1034.7585071121432</ele>
      </trkpt>
      <trkpt lat="36.8423744" lon="138.2826819">
        <ele>1034.1415275673887</ele>
      </trkpt>
      <trkpt lat="36.8423578" lon="138.2827097">
        <ele>1033.5691267051434</ele>
      </trkpt>
      <trkpt lat="36.8423429" lon="138.2827388">
        <ele>1032.9374155912033</ele>
      </trkpt>
      <trkpt lat="36.842328" lon="138.2827679">
        <ele>1032.319091202418</ele>
      </trkpt>
      <trkpt lat="36.8423136" lon="138.2827961">
        <ele>1031.77913338151</ele>
      </trkpt>
      <trkpt lat="36.8422993" lon="138.2828244">
        <ele>1031.248101934285</ele>
      </trkpt>
      <trkpt lat="36.8422829" lon="138.2828488">
        <ele>1030.8840063527634</ele>
      </trkpt>
      <trkpt lat="36.8422666" lon="138.2828732">
        <ele>1030.5341848379235</ele>
      </trkpt>
      <trkpt lat="36.842247" lon="138.2828952">
        <ele>1030.2942388698466</ele>
      </trkpt>
      <trkpt lat="36.8422275" lon="138.2829173">
        <ele>1030.0453306321992</ele>
      </trkpt>
      <trkpt lat="36.8422064" lon="138.282942">
        <ele>1029.754841264079</ele>
      </trkpt>
      <trkpt lat="36.8421853" lon="138.2829668">
        <ele>1029.4175205390586</ele>
      </trkpt>
      <trkpt lat="36.8421643" lon="138.2829951">
        <ele>1028.9073944773315</ele>
      </trkpt>
      <trkpt lat="36.8421434" lon="138.2830234">
        <ele>1028.3757967804133</ele>
      </trkpt>
      <trkpt lat="36.8421201" lon="138.2830488">
        <ele>1027.9628565315163</ele>
      </trkpt>
      <trkpt lat="36.8420968" lon="138.2830742">
        <ele>1027.5239870490514</ele>
      </trkpt>
      <trkpt lat="36.8420721" lon="138.2830823">
        <ele>1027.5851657914004</ele>
      </trkpt>
      <trkpt lat="36.8420474" lon="138.2830904">
        <ele>1027.605972571811</ele>
      </trkpt>
      <trkpt lat="36.8420247" lon="138.2830785">
        <ele>1028.103956801049</ele>
      </trkpt>
      <trkpt lat="36.8420021" lon="138.2830667">
        <ele>1028.5984168660834</ele>
      </trkpt>
      <trkpt lat="36.8419799" lon="138.2830437">
        <ele>1029.3887006138875</ele>
      </trkpt>
      <trkpt lat="36.8419577" lon="138.2830208">
        <ele>1030.1680923033518</ele>
      </trkpt>
      <trkpt lat="36.8419346" lon="138.2829951">
        <ele>1031.0811197807093</ele>
      </trkpt>
      <trkpt lat="36.8419116" lon="138.2829695">
        <ele>1031.95706122385</ele>
      </trkpt>
      <trkpt lat="36.841888" lon="138.2829456">
        <ele>1032.7154021017493</ele>
      </trkpt>
      <trkpt lat="36.8418645" lon="138.2829218">
        <ele>1033.4705681658586</ele>
      </trkpt>
      <trkpt lat="36.8418397" lon="138.2829021">
        <ele>1034.0875970566647</ele>
      </trkpt>
      <trkpt lat="36.8418149" lon="138.2828825">
        <ele>1034.6813240890392</ele>
      </trkpt>
      <trkpt lat="36.8417893" lon="138.2828656">
        <ele>1035.193262193911</ele>
      </trkpt>
      <trkpt lat="36.8417637" lon="138.2828488">
        <ele>1035.6814756379304</ele>
      </trkpt>
      <trkpt lat="36.8417372" lon="138.2828344">
        <ele>1036.0877981509334</ele>
      </trkpt>
      <trkpt lat="36.8417107" lon="138.2828201">
        <ele>1036.462934747944</ele>
      </trkpt>
      <trkpt lat="36.8416827" lon="138.2828091">
        <ele>1036.6937012748294</ele>
      </trkpt>
      <trkpt lat="36.8416548" lon="138.2827982">
        <ele>1036.9114722578447</ele>
      </trkpt>
      <trkpt lat="36.841626" lon="138.2827901">
        <ele>1036.9956726794574</ele>
      </trkpt>
      <trkpt lat="36.8415973" lon="138.2827821">
        <ele>1037.0352593340258</ele>
      </trkpt>
      <trkpt lat="36.8415678" lon="138.282775">
        <ele>1037.0349396109664</ele>
      </trkpt>
      <trkpt lat="36.8415384" lon="138.282768">
        <ele>1037.0427838608268</ele>
      </trkpt>
      <trkpt lat="36.8415085" lon="138.2827598">
        <ele>1037.0763035315363</ele>
      </trkpt>
      <trkpt lat="36.8414787" lon="138.2827516">
        <ele>1037.05674420913</ele>
      </trkpt>
      <trkpt lat="36.841448" lon="138.282743">
        <ele>1037.0211087373912</ele>
      </trkpt>
      <trkpt lat="36.8414174" lon="138.2827344">
        <ele>1036.9990202303486</ele>
      </trkpt>
      <trkpt lat="36.8413877" lon="138.2827272">
        <ele>1036.9492679893297</ele>
      </trkpt>
      <trkpt lat="36.841358" lon="138.28272">
        <ele>1036.8863730177757</ele>
      </trkpt>
      <trkpt lat="36.8413319" lon="138.2827135">
        <ele>1036.8327044815762</ele>
      </trkpt>
      <trkpt lat="36.8413058" lon="138.282707">
        <ele>1036.7790360103368</ele>
      </trkpt>
      <trkpt lat="36.841282" lon="138.2827021">
        <ele>1036.7155323232837</ele>
      </trkpt>
      <trkpt lat="36.8412583" lon="138.2826972">
        <ele>1036.6509041472732</ele>
      </trkpt>
      <trkpt lat="36.8412337" lon="138.2826947">
        <ele>1036.5283755677933</ele>
      </trkpt>
      <trkpt lat="36.8412092" lon="138.2826922">
        <ele>1036.3906915082864</ele>
      </trkpt>
      <trkpt lat="36.8411843" lon="138.2826931">
        <ele>1036.1802770486338</ele>
      </trkpt>
      <trkpt lat="36.8411595" lon="138.282694">
        <ele>1035.9691158917021</ele>
      </trkpt>
      <trkpt lat="36.8411342" lon="138.2826951">
        <ele>1035.7479296240558</ele>
      </trkpt>
      <trkpt lat="36.841109" lon="138.2826963">
        <ele>1035.5232372752655</ele>
      </trkpt>
      <trkpt lat="36.8410857" lon="138.28269">
        <ele>1035.468756371244</ele>
      </trkpt>
      <trkpt lat="36.8410625" lon="138.2826838">
        <ele>1035.3830741148304</ele>
      </trkpt>
      <trkpt lat="36.8410448" lon="138.2826678">
        <ele>1035.6360533400707</ele>
      </trkpt>
      <trkpt lat="36.8410271" lon="138.2826518">
        <ele>1035.9102659776916</ele>
      </trkpt>
      <trkpt lat="36.8410105" lon="138.2826363">
        <ele>1036.2108280850734</ele>
      </trkpt>
      <trkpt lat="36.8409939" lon="138.2826208">
        <ele>1036.5379680163428</ele>
      </trkpt>
      <trkpt lat="36.8409727" lon="138.2826159">
        <ele>1036.536716333721</ele>
      </trkpt>
      <trkpt lat="36.8409516" lon="138.2826111">
        <ele>1036.5277194049916</ele>
      </trkpt>
      <trkpt lat="36.8409265" lon="138.2826114">
        <ele>1036.284741332332</ele>
      </trkpt>
      <trkpt lat="36.8409014" lon="138.2826118">
        <ele>1036.0379160759796</ele>
      </trkpt>
      <trkpt lat="36.8408749" lon="138.2826154">
        <ele>1035.6881070830495</ele>
      </trkpt>
      <trkpt lat="36.8408485" lon="138.2826191">
        <ele>1035.3473000521171</ele>
      </trkpt>
      <trkpt lat="36.8408193" lon="138.2826258">
        <ele>1034.8675120588546</ele>
      </trkpt>
      <trkpt lat="36.8407901" lon="138.2826326">
        <ele>1034.3479693097333</ele>
      </trkpt>
      <trkpt lat="36.8407576" lon="138.2826385">
        <ele>1033.823824887347</ele>
      </trkpt>
      <trkpt lat="36.8407251" lon="138.2826444">
        <ele>1033.3539431752183</ele>
      </trkpt>
      <trkpt lat="36.840693" lon="138.2826501">
        <ele>1032.907775950619</ele>
      </trkpt>
      <trkpt lat="36.8406609" lon="138.2826558">
        <ele>1032.4616088240418</ele>
      </trkpt>
      <trkpt lat="36.8406325" lon="138.2826655">
        <ele>1031.8932432495765</ele>
      </trkpt>
      <trkpt lat="36.8406042" lon="138.2826753">
        <ele>1031.3644502193358</ele>
      </trkpt>
      <trkpt lat="36.8405791" lon="138.2826887">
        <ele>1030.8022007564086</ele>
      </trkpt>
      <trkpt lat="36.840554" lon="138.2827022">
        <ele>1030.2415319169877</ele>
      </trkpt>
      <trkpt lat="36.8405273" lon="138.2827144">
        <ele>1029.7440320114456</ele>
      </trkpt>
      <trkpt lat="36.8405007" lon="138.2827267">
        <ele>1029.2715911792434</ele>
      </trkpt>
      <trkpt lat="36.8404713" lon="138.2827341">
        <ele>1028.9993193873895</ele>
      </trkpt>
      <trkpt lat="36.8404419" lon="138.2827415">
        <ele>1028.8114898522401</ele>
      </trkpt>
      <trkpt lat="36.8404142" lon="138.2827485">
        <ele>1028.6471427986262</ele>
      </trkpt>
      <trkpt lat="36.8403865" lon="138.2827556">
        <ele>1028.4968095373547</ele>
      </trkpt>
      <trkpt lat="36.8403632" lon="138.2827671">
        <ele>1028.2085525029506</ele>
      </trkpt>
      <trkpt lat="36.8403399" lon="138.2827787">
        <ele>1027.9526276197614</ele>
      </trkpt>
      <trkpt lat="36.8403207" lon="138.2827946">
        <ele>1027.6365725727037</ele>
      </trkpt>
      <trkpt lat="36.8403015" lon="138.2828105">
        <ele>1027.342619851763</ele>
      </trkpt>
      <trkpt lat="36.8402843" lon="138.2828292">
        <ele>1026.980596295461</ele>
      </trkpt>
      <trkpt lat="36.8402672" lon="138.282848">
        <ele>1026.6367366933262</ele>
      </trkpt>
      <trkpt lat="36.8402543" lon="138.2828682">
        <ele>1026.2555228689212</ele>
      </trkpt>
      <trkpt lat="36.8402414" lon="138.2828885">
        <ele>1025.8851186421214</ele>
      </trkpt>
      <trkpt lat="36.84023" lon="138.2829099">
        <ele>1025.4829006345972</ele>
      </trkpt>
      <trkpt lat="36.8402186" lon="138.2829314">
        <ele>1025.0865999924638</ele>
      </trkpt>
      <trkpt lat="36.8402049" lon="138.2829523">
        <ele>1024.7685517341063</ele>
      </trkpt>
      <trkpt lat="36.8401913" lon="138.2829733">
        <ele>1024.5375810764835</ele>
      </trkpt>
      <trkpt lat="36.8401756" lon="138.2829922">
        <ele>1024.4104972093314</ele>
      </trkpt>
      <trkpt lat="36.84016" lon="138.2830111">
        <ele>1024.2917537180492</ele>
      </trkpt>
      <trkpt lat="36.8401459" lon="138.2830301">
        <ele>1024.1665734424319</ele>
      </trkpt>
      <trkpt lat="36.8401318" lon="138.2830492">
        <ele>1024.0932132940086</ele>
      </trkpt>
      <trkpt lat="36.8401205" lon="138.2830729">
        <ele>1023.9622556733037</ele>
      </trkpt>
      <trkpt lat="36.8401092" lon="138.2830966">
        <ele>1023.849467486736</ele>
      </trkpt>
      <trkpt lat="36.8401011" lon="138.2831259">
        <ele>1023.5591776546555</ele>
      </trkpt>
      <trkpt lat="36.8400931" lon="138.2831552">
        <ele>1023.2669927518268</ele>
      </trkpt>
      <trkpt lat="36.8400868" lon="138.2831865">
        <ele>1022.9077207878238</ele>
      </trkpt>
      <trkpt lat="36.8400806" lon="138.2832179">
        <ele>1022.5893298665992</ele>
      </trkpt>
      <trkpt lat="36.8400748" lon="138.2832493">
        <ele>1022.2793963064375</ele>
      </trkpt>
      <trkpt lat="36.8400691" lon="138.2832807">
        <ele>1021.9725845725527</ele>
      </trkpt>
      <trkpt lat="36.8400626" lon="138.2833191">
        <ele>1021.6056424208833</ele>
      </trkpt>
      <trkpt lat="36.8400561" lon="138.2833576">
        <ele>1021.2782739836148</ele>
      </trkpt>
      <trkpt lat="36.840049" lon="138.2833979">
        <ele>1020.9646318288072</ele>
      </trkpt>
      <trkpt lat="36.8400419" lon="138.2834383">
        <ele>1020.6703456138509</ele>
      </trkpt>
      <trkpt lat="36.8400358" lon="138.2834778">
        <ele>1020.3241440889847</ele>
      </trkpt>
      <trkpt lat="36.8400297" lon="138.2835174">
        <ele>1019.9617717577087</ele>
      </trkpt>
      <trkpt lat="36.8400254" lon="138.2835557">
        <ele>1019.5684344001604</ele>
      </trkpt>
      <trkpt lat="36.8400212" lon="138.2835941">
        <ele>1019.1997359733379</ele>
      </trkpt>
      <trkpt lat="36.8400187" lon="138.2836296">
        <ele>1018.797371079937</ele>
      </trkpt>
      <trkpt lat="36.8400162" lon="138.2836651">
        <ele>1018.3725080512006</ele>
      </trkpt>
      <trkpt lat="36.8400168" lon="138.2836993">
        <ele>1017.8274338816298</ele>
      </trkpt>
      <trkpt lat="36.8400175" lon="138.2837336">
        <ele>1017.3302062828795</ele>
      </trkpt>
      <trkpt lat="36.8400206" lon="138.2837695">
        <ele>1016.7302133647496</ele>
      </trkpt>
      <trkpt lat="36.8400238" lon="138.2838055">
        <ele>1016.1244259107167</ele>
      </trkpt>
      <trkpt lat="36.8400263" lon="138.2838444">
        <ele>1015.5130628230527</ele>
      </trkpt>
      <trkpt lat="36.8400288" lon="138.2838833">
        <ele>1014.9030499327009</ele>
      </trkpt>
      <trkpt lat="36.8400308" lon="138.2839236">
        <ele>1014.3432621331897</ele>
      </trkpt>
      <trkpt lat="36.8400328" lon="138.283964">
        <ele>1013.7823092469725</ele>
      </trkpt>
      <trkpt lat="36.8400363" lon="138.284004">
        <ele>1013.1829925035806</ele>
      </trkpt>
      <trkpt lat="36.8400398" lon="138.2840441">
        <ele>1012.5898180622689</ele>
      </trkpt>
      <trkpt lat="36.8400465" lon="138.2840842">
        <ele>1011.8893721336668</ele>
      </trkpt>
      <trkpt lat="36.8400532" lon="138.2841243">
        <ele>1011.214373631572</ele>
      </trkpt>
      <trkpt lat="36.8400593" lon="138.2841645">
        <ele>1010.5516339853448</ele>
      </trkpt>
      <trkpt lat="36.8400655" lon="138.2842047">
        <ele>1009.8818697246729</ele>
      </trkpt>
      <trkpt lat="36.84007" lon="138.2842446">
        <ele>1009.2800586997075</ele>
      </trkpt>
      <trkpt lat="36.8400745" lon="138.2842846">
        <ele>1008.6771990882241</ele>
      </trkpt>
      <trkpt lat="36.8400761" lon="138.284326">
        <ele>1008.1635995247618</ele>
      </trkpt>
      <trkpt lat="36.8400777" lon="138.2843675">
        <ele>1007.6244758609554</ele>
      </trkpt>
      <trkpt lat="36.8400778" lon="138.2844094">
        <ele>1007.1559921239245</ele>
      </trkpt>
      <trkpt lat="36.840078" lon="138.2844514">
        <ele>1006.7173018105901</ele>
      </trkpt>
      <trkpt lat="36.8400802" lon="138.2844934">
        <ele>1006.1913815592837</ele>
      </trkpt>
      <trkpt lat="36.8400825" lon="138.2845354">
        <ele>1005.6281343042923</ele>
      </trkpt>
      <trkpt lat="36.840086" lon="138.2845756">
        <ele>1005.0419876374341</ele>
      </trkpt>
      <trkpt lat="36.8400896" lon="138.2846158">
        <ele>1004.4481106768646</ele>
      </trkpt>
      <trkpt lat="36.8400927" lon="138.2846536">
        <ele>1003.9122690465751</ele>
      </trkpt>
      <trkpt lat="36.8400958" lon="138.2846914">
        <ele>1003.3260452768088</ele>
      </trkpt>
      <trkpt lat="36.8401005" lon="138.2847277">
        <ele>1002.7180519133343</ele>
      </trkpt>
      <trkpt lat="36.8401052" lon="138.284764">
        <ele>1002.1104037506257</ele>
      </trkpt>
      <trkpt lat="36.8401106" lon="138.2847999">
        <ele>1001.4998968648732</ele>
      </trkpt>
      <trkpt lat="36.840116" lon="138.2848358">
        <ele>1000.884136533443</ele>
      </trkpt>
      <trkpt lat="36.8401216" lon="138.2848725">
        <ele>1000.2068987766539</ele>
      </trkpt>
      <trkpt lat="36.8401273" lon="138.2849093">
        <ele>999.5541967260045</ele>
      </trkpt>
      <trkpt lat="36.8401325" lon="138.2849501">
        <ele>998.882122110895</ele>
      </trkpt>
      <trkpt lat="36.8401378" lon="138.2849909">
        <ele>998.1857412057414</ele>
      </trkpt>
      <trkpt lat="36.8401412" lon="138.2850339">
        <ele>997.4793694950442</ele>
      </trkpt>
      <trkpt lat="36.8401446" lon="138.285077">
        <ele>996.7837312076837</ele>
      </trkpt>
      <trkpt lat="36.840145" lon="138.28512">
        <ele>996.1516113239186</ele>
      </trkpt>
      <trkpt lat="36.8401454" lon="138.285163">
        <ele>995.5199454877306</ele>
      </trkpt>
      <trkpt lat="36.8401434" lon="138.2852042">
        <ele>994.9527830873162</ele>
      </trkpt>
      <trkpt lat="36.8401414" lon="138.2852455">
        <ele>994.3743336534203</ele>
      </trkpt>
      <trkpt lat="36.8401338" lon="138.2852802">
        <ele>993.9498651782717</ele>
      </trkpt>
      <trkpt lat="36.8401263" lon="138.2853149">
        <ele>993.4473619573795</ele>
      </trkpt>
      <trkpt lat="36.8401116" lon="138.2853458">
        <ele>992.9384009704571</ele>
      </trkpt>
      <trkpt lat="36.840097" lon="138.2853768">
        <ele>992.4007938331013</ele>
      </trkpt>
      <trkpt lat="36.8400825" lon="138.2854111">
        <ele>991.781317285559</ele>
      </trkpt>
      <trkpt lat="36.840068" lon="138.2854455">
        <ele>991.1479237001887</ele>
      </trkpt>
      <trkpt lat="36.8400581" lon="138.2854859">
        <ele>990.4173769566667</ele>
      </trkpt>
      <trkpt lat="36.8400483" lon="138.2855264">
        <ele>989.701675263228</ele>
      </trkpt>
      <trkpt lat="36.8400422" lon="138.2855722">
        <ele>989.060452729696</ele>
      </trkpt>
      <trkpt lat="36.8400362" lon="138.2856181">
        <ele>988.4420375711287</ele>
      </trkpt>
      <trkpt lat="36.8400308" lon="138.2856666">
        <ele>987.8470044836406</ele>
      </trkpt>
      <trkpt lat="36.8400255" lon="138.2857152">
        <ele>987.2881925863454</ele>
      </trkpt>
      <trkpt lat="36.8400185" lon="138.2857632">
        <ele>986.7287046037859</ele>
      </trkpt>
      <trkpt lat="36.8400116" lon="138.2858113">
        <ele>986.2175189390322</ele>
      </trkpt>
      <trkpt lat="36.8400026" lon="138.285857">
        <ele>985.7006003901545</ele>
      </trkpt>
      <trkpt lat="36.8399936" lon="138.2859028">
        <ele>985.1713136165001</ele>
      </trkpt>
      <trkpt lat="36.8399836" lon="138.2859474">
        <ele>984.613742758863</ele>
      </trkpt>
      <trkpt lat="36.8399737" lon="138.2859921">
        <ele>984.1349890178391</ele>
      </trkpt>
      <trkpt lat="36.839964" lon="138.2860389">
        <ele>983.6772865507423</ele>
      </trkpt>
      <trkpt lat="36.8399543" lon="138.2860858">
        <ele>983.2498249639748</ele>
      </trkpt>
      <trkpt lat="36.8399452" lon="138.2861331">
        <ele>982.8653674066308</ele>
      </trkpt>
      <trkpt lat="36.8399361" lon="138.2861805">
        <ele>982.5078542299159</ele>
      </trkpt>
      <trkpt lat="36.8399273" lon="138.2862272">
        <ele>982.2041848911892</ele>
      </trkpt>
      <trkpt lat="36.8399186" lon="138.286274">
        <ele>981.9375818617559</ele>
      </trkpt>
      <trkpt lat="36.8399087" lon="138.2863194">
        <ele>981.6470371473162</ele>
      </trkpt>
      <trkpt lat="36.8398988" lon="138.2863649">
        <ele>981.375004018972</ele>
      </trkpt>
      <trkpt lat="36.8398891" lon="138.2864102">
        <ele>981.0852714591663</ele>
      </trkpt>
      <trkpt lat="36.8398794" lon="138.2864555">
        <ele>980.7894315398303</ele>
      </trkpt>
      <trkpt lat="36.8398722" lon="138.2864998">
        <ele>980.5101911288862</ele>
      </trkpt>
      <trkpt lat="36.839865" lon="138.2865441">
        <ele>980.2398112559981</ele>
      </trkpt>
      <trkpt lat="36.8398601" lon="138.2865873">
        <ele>979.9514480577839</ele>
      </trkpt>
      <trkpt lat="36.8398553" lon="138.2866305">
        <ele>979.6518449096017</ele>
      </trkpt>
      <trkpt lat="36.8398506" lon="138.2866718">
        <ele>979.3565175226898</ele>
      </trkpt>
      <trkpt lat="36.839846" lon="138.2867132">
        <ele>979.0617722235164</ele>
      </trkpt>
      <trkpt lat="36.839841" lon="138.2867529">
        <ele>978.7504187603598</ele>
      </trkpt>
      <trkpt lat="36.8398361" lon="138.2867927">
        <ele>978.4518082299736</ele>
      </trkpt>
      <trkpt lat="36.8398305" lon="138.2868317">
        <ele>978.1726004830564</ele>
      </trkpt>
      <trkpt lat="36.8398249" lon="138.2868707">
        <ele>977.8964947164526</ele>
      </trkpt>
      <trkpt lat="36.8398197" lon="138.2869088">
        <ele>977.6325734716097</ele>
      </trkpt>
      <trkpt lat="36.8398146" lon="138.286947">
        <ele>977.3818429132114</ele>
      </trkpt>
      <trkpt lat="36.8398095" lon="138.2869852">
        <ele>977.1333872361246</ele>
      </trkpt>
      <trkpt lat="36.8398045" lon="138.2870234">
        <ele>976.8733669545448</ele>
      </trkpt>
      <trkpt lat="36.8397992" lon="138.2870632">
        <ele>976.6143186703665</ele>
      </trkpt>
      <trkpt lat="36.8397939" lon="138.2871031">
        <ele>976.4007057227403</ele>
      </trkpt>
      <trkpt lat="36.8397883" lon="138.2871436">
        <ele>976.186922205799</ele>
      </trkpt>
      <trkpt lat="36.8397827" lon="138.2871842">
        <ele>975.9586255961704</ele>
      </trkpt>
      <trkpt lat="36.8397773" lon="138.2872251">
        <ele>975.7456861691888</ele>
      </trkpt>
      <trkpt lat="36.8397719" lon="138.287266">
        <ele>975.5680048361428</ele>
      </trkpt>
      <trkpt lat="36.8397666" lon="138.287306">
        <ele>975.3973321321423</ele>
      </trkpt>
      <trkpt lat="36.8397614" lon="138.287346">
        <ele>975.2420250002368</ele>
      </trkpt>
      <trkpt lat="36.8397583" lon="138.2873838">
        <ele>975.1136937928675</ele>
      </trkpt>
      <trkpt lat="36.8397552" lon="138.2874217">
        <ele>975.0006673703131</ele>
      </trkpt>
      <trkpt lat="36.8397512" lon="138.2874565">
        <ele>974.8942400848432</ele>
      </trkpt>
      <trkpt lat="36.8397473" lon="138.2874913">
        <ele>974.7803002414065</ele>
      </trkpt>
      <trkpt lat="36.8397429" lon="138.2875247">
        <ele>974.670445414843</ele>
      </trkpt>
      <trkpt lat="36.8397385" lon="138.2875582">
        <ele>974.5603575732339</ele>
      </trkpt>
      <trkpt lat="36.8397342" lon="138.2875929">
        <ele>974.410368861128</ele>
      </trkpt>
      <trkpt lat="36.83973" lon="138.2876276">
        <ele>974.2256309078425</ele>
      </trkpt>
      <trkpt lat="36.8397262" lon="138.2876651">
        <ele>974.0225599733441</ele>
      </trkpt>
      <trkpt lat="36.8397224" lon="138.2877027">
        <ele>973.8093593902659</ele>
      </trkpt>
      <trkpt lat="36.8397173" lon="138.2877425">
        <ele>973.525337178045</ele>
      </trkpt>
      <trkpt lat="36.8397122" lon="138.2877824">
        <ele>973.177868393694</ele>
      </trkpt>
      <trkpt lat="36.839705" lon="138.2878234">
        <ele>972.7659364583701</ele>
      </trkpt>
      <trkpt lat="36.8396978" lon="138.2878645">
        <ele>972.3298374265363</ele>
      </trkpt>
      <trkpt lat="36.8396897" lon="138.2879073">
        <ele>971.8367777738104</ele>
      </trkpt>
      <trkpt lat="36.8396816" lon="138.2879501">
        <ele>971.2471689057078</ele>
      </trkpt>
      <trkpt lat="36.8396724" lon="138.2879924">
        <ele>970.611827183329</ele>
      </trkpt>
      <trkpt lat="36.8396633" lon="138.2880348">
        <ele>969.8756225003692</ele>
      </trkpt>
      <trkpt lat="36.8396536" lon="138.2880771">
        <ele>969.0701614212069</ele>
      </trkpt>
      <trkpt lat="36.839644" lon="138.2881194">
        <ele>968.1829870197976</ele>
      </trkpt>
      <trkpt lat="36.8396339" lon="138.2881623">
        <ele>967.2408089125831</ele>
      </trkpt>
      <trkpt lat="36.8396239" lon="138.2882052">
        <ele>966.229153823807</ele>
      </trkpt>
      <trkpt lat="36.8396141" lon="138.2882489">
        <ele>965.1882226258056</ele>
      </trkpt>
      <trkpt lat="36.8396043" lon="138.2882926">
        <ele>964.0201020147775</ele>
      </trkpt>
      <trkpt lat="36.839596" lon="138.2883355">
        <ele>962.8882645856675</ele>
      </trkpt>
      <trkpt lat="36.8395877" lon="138.2883785">
        <ele>961.6892429390075</ele>
      </trkpt>
      <trkpt lat="36.8395789" lon="138.2884115">
        <ele>960.6632673807526</ele>
      </trkpt>
      <trkpt lat="36.8395702" lon="138.2884446">
        <ele>959.5748887752442</ele>
      </trkpt>
      <trkpt lat="36.8395578" lon="138.2884571">
        <ele>958.8316866254604</ele>
      </trkpt>
      <trkpt lat="36.8395454" lon="138.2884697">
        <ele>958.1017738999166</ele>
      </trkpt>
      <trkpt lat="36.8395313" lon="138.2884645">
        <ele>957.7622424864071</ele>
      </trkpt>
      <trkpt lat="36.8395172" lon="138.2884594">
        <ele>957.4129087463089</ele>
      </trkpt>
      <trkpt lat="36.8395052" lon="138.2884441">
        <ele>957.384152477375</ele>
      </trkpt>
      <trkpt lat="36.8394933" lon="138.2884288">
        <ele>957.3501104720094</ele>
      </trkpt>
      <trkpt lat="36.839485" lon="138.288408">
        <ele>957.498597593845</ele>
      </trkpt>
      <trkpt lat="36.8394768" lon="138.2883873">
        <ele>957.6367567219643</ele>
      </trkpt>
      <trkpt lat="36.8394705" lon="138.2883642">
        <ele>957.8751146078441</ele>
      </trkpt>
      <trkpt lat="36.8394643" lon="138.2883411">
        <ele>958.1045341037227</ele>
      </trkpt>
      <trkpt lat="36.8394581" lon="138.2883171">
        <ele>958.335307097436</ele>
      </trkpt>
      <trkpt lat="36.8394519" lon="138.2882932">
        <ele>958.5642159724614</ele>
      </trkpt>
      <trkpt lat="36.8394443" lon="138.2882687">
        <ele>958.7587732443259</ele>
      </trkpt>
      <trkpt lat="36.8394367" lon="138.2882443">
        <ele>958.9258934531192</ele>
      </trkpt>
      <trkpt lat="36.8394282" lon="138.2882172">
        <ele>959.0938782206428</ele>
      </trkpt>
      <trkpt lat="36.8394197" lon="138.2881902">
        <ele>959.2680005574417</ele>
      </trkpt>
      <trkpt lat="36.8394109" lon="138.2881593">
        <ele>959.4890054256572</ele>
      </trkpt>
      <trkpt lat="36.8394021" lon="138.2881284">
        <ele>959.6858221731162</ele>
      </trkpt>
      <trkpt lat="36.8393937" lon="138.2880961">
        <ele>959.908326877314</ele>
      </trkpt>
      <trkpt lat="36.8393853" lon="138.2880639">
        <ele>960.138742989082</ele>
      </trkpt>
      <trkpt lat="36.8393784" lon="138.2880317">
        <ele>960.437775732383</ele>
      </trkpt>
      <trkpt lat="36.8393715" lon="138.2879996">
        <ele>960.7561944262169</ele>
      </trkpt>
      <trkpt lat="36.8393653" lon="138.287967">
        <ele>961.07655348442</ele>
      </trkpt>
      <trkpt lat="36.8393592" lon="138.2879345">
        <ele>961.4050197439752</ele>
      </trkpt>
      <trkpt lat="36.8393527" lon="138.2879019">
        <ele>961.6975175150923</ele>
      </trkpt>
      <trkpt lat="36.8393463" lon="138.2878693">
        <ele>961.9572092157165</ele>
      </trkpt>
      <trkpt lat="36.8393385" lon="138.2878368">
        <ele>962.1857941195207</ele>
      </trkpt>
      <trkpt lat="36.8393308" lon="138.2878043">
        <ele>962.4048285971866</ele>
      </trkpt>
      <trkpt lat="36.8393225" lon="138.287773">
        <ele>962.588474655571</ele>
      </trkpt>
      <trkpt lat="36.8393143" lon="138.2877418">
        <ele>962.7700439085706</ele>
      </trkpt>
      <trkpt lat="36.8393092" lon="138.2877127">
        <ele>962.9755860690259</ele>
      </trkpt>
      <trkpt lat="36.8393042" lon="138.2876836">
        <ele>963.1956844435331</ele>
      </trkpt>
      <trkpt lat="36.8393043" lon="138.2876569">
        <ele>963.5090369189161</ele>
      </trkpt>
      <trkpt lat="36.8393044" lon="138.2876303">
        <ele>963.790287371632</ele>
      </trkpt>
      <trkpt lat="36.8393083" lon="138.2876049">
        <ele>964.1474658988882</ele>
      </trkpt>
      <trkpt lat="36.8393122" lon="138.2875795">
        <ele>964.5092858283316</ele>
      </trkpt>
      <trkpt lat="36.8393182" lon="138.2875538">
        <ele>964.8606366673254</ele>
      </trkpt>
      <trkpt lat="36.8393242" lon="138.2875281">
        <ele>965.1887815444036</ele>
      </trkpt>
      <trkpt lat="36.8393307" lon="138.2875016">
        <ele>965.534892911418</ele>
      </trkpt>
      <trkpt lat="36.8393372" lon="138.2874751">
        <ele>965.8695967777404</ele>
      </trkpt>
      <trkpt lat="36.8393429" lon="138.2874465">
        <ele>966.175405651554</ele>
      </trkpt>
      <trkpt lat="36.8393487" lon="138.287418">
        <ele>966.4718305046299</ele>
      </trkpt>
      <trkpt lat="36.8393537" lon="138.2873868">
        <ele>966.7261691907192</ele>
      </trkpt>
      <trkpt lat="36.8393587" lon="138.2873557">
        <ele>966.9440546014815</ele>
      </trkpt>
      <trkpt lat="36.8393628" lon="138.287323">
        <ele>967.1478794776602</ele>
      </trkpt>
      <trkpt lat="36.839367" lon="138.2872903">
        <ele>967.3292320356314</ele>
      </trkpt>
      <trkpt lat="36.8393701" lon="138.2872568">
        <ele>967.4779884888343</ele>
      </trkpt>
      <trkpt lat="36.8393733" lon="138.2872233">
        <ele>967.6179818945976</ele>
      </trkpt>
      <trkpt lat="36.8393768" lon="138.2871896">
        <ele>967.7287244264255</ele>
      </trkpt>
      <trkpt lat="36.8393803" lon="138.2871559">
        <ele>967.8462676841774</ele>
      </trkpt>
      <trkpt lat="36.8393849" lon="138.2871226">
        <ele>968.014225473278</ele>
      </trkpt>
      <trkpt lat="36.8393896" lon="138.2870894">
        <ele>968.1926798604603</ele>
      </trkpt>
      <trkpt lat="36.8393944" lon="138.2870559">
        <ele>968.3703791277234</ele>
      </trkpt>
      <trkpt lat="36.8393992" lon="138.2870225">
        <ele>968.5672593579617</ele>
      </trkpt>
      <trkpt lat="36.8394047" lon="138.286989">
        <ele>968.7671732966063</ele>
      </trkpt>
      <trkpt lat="36.8394103" lon="138.2869556">
        <ele>968.9743691450924</ele>
      </trkpt>
      <trkpt lat="36.8394176" lon="138.2869227">
        <ele>969.2275160142229</ele>
      </trkpt>
      <trkpt lat="36.839425" lon="138.2868898">
        <ele>969.482555404027</ele>
      </trkpt>
      <trkpt lat="36.8394335" lon="138.2868579">
        <ele>969.7673035558591</ele>
      </trkpt>
      <trkpt lat="36.839442" lon="138.286826">
        <ele>970.0362575975979</ele>
      </trkpt>
      <trkpt lat="36.8394513" lon="138.2867957">
        <ele>970.3411331683808</ele>
      </trkpt>
      <trkpt lat="36.8394606" lon="138.2867654">
        <ele>970.7262240870537</ele>
      </trkpt>
      <trkpt lat="36.8394707" lon="138.2867358">
        <ele>971.1157150023554</ele>
      </trkpt>
      <trkpt lat="36.8394809" lon="138.2867063">
        <ele>971.501540469053</ele>
      </trkpt>
      <trkpt lat="36.8394909" lon="138.2866764">
        <ele>971.8940870283877</ele>
      </trkpt>
      <trkpt lat="36.839501" lon="138.2866466">
        <ele>972.2882347386802</ele>
      </trkpt>
      <trkpt lat="36.83951" lon="138.2866161">
        <ele>972.6782362410343</ele>
      </trkpt>
      <trkpt lat="36.8395191" lon="138.2865856">
        <ele>973.1007534165876</ele>
      </trkpt>
      <trkpt lat="36.8395259" lon="138.2865538">
        <ele>973.4913393413658</ele>
      </trkpt>
      <trkpt lat="36.8395328" lon="138.2865221">
        <ele>973.8774545550946</ele>
      </trkpt>
      <trkpt lat="36.839537" lon="138.2864912">
        <ele>974.1844383011103</ele>
      </trkpt>
      <trkpt lat="36.8395412" lon="138.2864603">
        <ele>974.4870196466608</ele>
      </trkpt>
      <trkpt lat="36.8395429" lon="138.2864307">
        <ele>974.7196660153115</ele>
      </trkpt>
      <trkpt lat="36.8395446" lon="138.2864011">
        <ele>974.9506054267491</ele>
      </trkpt>
      <trkpt lat="36.8395437" lon="138.2863715">
        <ele>975.1230507041694</ele>
      </trkpt>
      <trkpt lat="36.8395429" lon="138.2863419">
        <ele>975.2505241151628</ele>
      </trkpt>
      <trkpt lat="36.8395411" lon="138.2863126">
        <ele>975.357839750787</ele>
      </trkpt>
      <trkpt lat="36.8395394" lon="138.2862834">
        <ele>975.4701188031567</ele>
      </trkpt>
      <trkpt lat="36.8395379" lon="138.2862543">
        <ele>975.5888338256345</ele>
      </trkpt>
      <trkpt lat="36.8395364" lon="138.2862253">
        <ele>975.7099999989709</ele>
      </trkpt>
      <trkpt lat="36.8395354" lon="138.2861956">
        <ele>975.8442965360673</ele>
      </trkpt>
      <trkpt lat="36.8395344" lon="138.2861659">
        <ele>975.9723145145699</ele>
      </trkpt>
      <trkpt lat="36.839534" lon="138.2861357">
        <ele>976.113459959934</ele>
      </trkpt>
      <trkpt lat="36.8395337" lon="138.2861055">
        <ele>976.26215932624</ele>
      </trkpt>
      <trkpt lat="36.8395363" lon="138.2860742">
        <ele>976.4631506091584</ele>
      </trkpt>
      <trkpt lat="36.839539" lon="138.2860429">
        <ele>976.662425786512</ele>
      </trkpt>
      <trkpt lat="36.8395452" lon="138.2860103">
        <ele>976.8914484805877</ele>
      </trkpt>
      <trkpt lat="36.8395514" lon="138.2859777">
        <ele>977.1006782021284</ele>
      </trkpt>
      <trkpt lat="36.8395596" lon="138.285946">
        <ele>977.307074173471</ele>
      </trkpt>
      <trkpt lat="36.8395678" lon="138.2859144">
        <ele>977.5126750292726</ele>
      </trkpt>
      <trkpt lat="36.8395783" lon="138.2858855">
        <ele>977.7237871304862</ele>
      </trkpt>
      <trkpt lat="36.8395888" lon="138.2858566">
        <ele>977.9495471390193</ele>
      </trkpt>
      <trkpt lat="36.8396022" lon="138.2858292">
        <ele>978.1822503575601</ele>
      </trkpt>
      <trkpt lat="36.8396157" lon="138.2858019">
        <ele>978.4152418488414</ele>
      </trkpt>
      <trkpt lat="36.8396313" lon="138.2857759">
        <ele>978.6650894860749</ele>
      </trkpt>
      <trkpt lat="36.8396469" lon="138.28575">
        <ele>978.9621609638458</ele>
      </trkpt>
      <trkpt lat="36.8396625" lon="138.2857245">
        <ele>979.3358899962236</ele>
      </trkpt>
      <trkpt lat="36.8396781" lon="138.2856991">
        <ele>979.7568578245086</ele>
      </trkpt>
      <trkpt lat="36.8396914" lon="138.2856731">
        <ele>980.1871155921378</ele>
      </trkpt>
      <trkpt lat="36.8397047" lon="138.2856471">
        <ele>980.6617956877695</ele>
      </trkpt>
      <trkpt lat="36.8397169" lon="138.2856208">
        <ele>981.1200557222601</ele>
      </trkpt>
      <trkpt lat="36.8397291" lon="138.2855945">
        <ele>981.6284248409016</ele>
      </trkpt>
      <trkpt lat="36.8397389" lon="138.2855665">
        <ele>982.2104014545768</ele>
      </trkpt>
      <trkpt lat="36.8397487" lon="138.2855386">
        <ele>982.8003580369094</ele>
      </trkpt>
      <trkpt lat="36.8397522" lon="138.2855097">
        <ele>983.2772209466378</ele>
      </trkpt>
      <trkpt lat="36.8397557" lon="138.2854808">
        <ele>983.8472585325089</ele>
      </trkpt>
      <trkpt lat="36.8397509" lon="138.285452">
        <ele>984.2171272273914</ele>
      </trkpt>
      <trkpt lat="36.8397461" lon="138.2854232">
        <ele>984.5988047795147</ele>
      </trkpt>
      <trkpt lat="36.8397319" lon="138.2853977">
        <ele>984.7821529947</ele>
      </trkpt>
      <trkpt lat="36.8397177" lon="138.2853722">
        <ele>984.9741764735796</ele>
      </trkpt>
      <trkpt lat="36.8396964" lon="138.2853524">
        <ele>984.8990038366356</ele>
      </trkpt>
      <trkpt lat="36.8396752" lon="138.2853327">
        <ele>984.8189632726373</ele>
      </trkpt>
      <trkpt lat="36.8396503" lon="138.2853193">
        <ele>984.5466363881093</ele>
      </trkpt>
      <trkpt lat="36.8396255" lon="138.2853059">
        <ele>984.3792904973805</ele>
      </trkpt>
      <trkpt lat="36.8396001" lon="138.2852977">
        <ele>984.072052340862</ele>
      </trkpt>
      <trkpt lat="36.8395747" lon="138.2852896">
        <ele>983.796342425988</ele>
      </trkpt>
      <trkpt lat="36.8395488" lon="138.2852836">
        <ele>983.5495845364168</ele>
      </trkpt>
      <trkpt lat="36.8395229" lon="138.2852776">
        <ele>983.2975552811363</ele>
      </trkpt>
      <trkpt lat="36.8394974" lon="138.2852746">
        <ele>983.0481926275113</ele>
      </trkpt>
      <trkpt lat="36.839472" lon="138.2852717">
        <ele>982.8187155470737</ele>
      </trkpt>
      <trkpt lat="36.8394474" lon="138.2852726">
        <ele>982.5310834026716</ele>
      </trkpt>
      <trkpt lat="36.8394229" lon="138.2852735">
        <ele>982.3756742034047</ele>
      </trkpt>
      <trkpt lat="36.839399" lon="138.2852776">
        <ele>982.1802463236326</ele>
      </trkpt>
      <trkpt lat="36.8393752" lon="138.2852817">
        <ele>981.9959700011881</ele>
      </trkpt>
      <trkpt lat="36.8393504" lon="138.2852874">
        <ele>981.8511196455112</ele>
      </trkpt>
      <trkpt lat="36.8393256" lon="138.2852931">
        <ele>981.7110645206913</ele>
      </trkpt>
      <trkpt lat="36.8392996" lon="138.2852989">
        <ele>981.5787501768386</ele>
      </trkpt>
      <trkpt lat="36.8392736" lon="138.2853048">
        <ele>981.4659867151263</ele>
      </trkpt>
      <trkpt lat="36.8392465" lon="138.2853099">
        <ele>981.371978488359</ele>
      </trkpt>
      <trkpt lat="36.8392194" lon="138.285315">
        <ele>981.3271197355546</ele>
      </trkpt>
      <trkpt lat="36.839192" lon="138.2853195">
        <ele>981.3060618972905</ele>
      </trkpt>
      <trkpt lat="36.8391646" lon="138.2853241">
        <ele>981.2697347046577</ele>
      </trkpt>
      <trkpt lat="36.8391385" lon="138.2853293">
        <ele>981.1772131587848</ele>
      </trkpt>
      <trkpt lat="36.8391125" lon="138.2853346">
        <ele>981.08378862713</ele>
      </trkpt>
      <trkpt lat="36.8390876" lon="138.285342">
        <ele>980.9937960972774</ele>
      </trkpt>
      <trkpt lat="36.8390627" lon="138.2853495">
        <ele>980.9271996139287</ele>
      </trkpt>
      <trkpt lat="36.8390381" lon="138.2853582">
        <ele>980.8432419891409</ele>
      </trkpt>
      <trkpt lat="36.8390136" lon="138.285367">
        <ele>980.7000089707321</ele>
      </trkpt>
      <trkpt lat="36.8389878" lon="138.2853735">
        <ele>980.5643070027238</ele>
      </trkpt>
      <trkpt lat="36.8389621" lon="138.28538">
        <ele>980.4316525233545</ele>
      </trkpt>
      <trkpt lat="36.838934" lon="138.2853829">
        <ele>980.343701468622</ele>
      </trkpt>
      <trkpt lat="36.838906" lon="138.2853858">
        <ele>980.25320726434</ele>
      </trkpt>
      <trkpt lat="36.838878" lon="138.2853878">
        <ele>980.1547985164455</ele>
      </trkpt>
      <trkpt lat="36.8388501" lon="138.2853898">
        <ele>980.0459953158818</ele>
      </trkpt>
      <trkpt lat="36.8388236" lon="138.2853922">
        <ele>979.9432479633621</ele>
      </trkpt>
      <trkpt lat="36.8387972" lon="138.2853947">
        <ele>979.8870871247009</ele>
      </trkpt>
      <trkpt lat="36.8387711" lon="138.2853983">
        <ele>979.8138098835067</ele>
      </trkpt>
      <trkpt lat="36.838745" lon="138.2854019">
        <ele>979.7584153096482</ele>
      </trkpt>
      <trkpt lat="36.8387172" lon="138.2854086">
        <ele>979.671817692313</ele>
      </trkpt>
      <trkpt lat="36.8386895" lon="138.2854154">
        <ele>979.5829591711401</ele>
      </trkpt>
      <trkpt lat="36.8386605" lon="138.2854265">
        <ele>979.5415394472668</ele>
      </trkpt>
      <trkpt lat="36.8386316" lon="138.2854376">
        <ele>979.4887813775146</ele>
      </trkpt>
      <trkpt lat="36.838605" lon="138.2854526">
        <ele>979.4184324821712</ele>
      </trkpt>
      <trkpt lat="36.8385784" lon="138.2854676">
        <ele>979.3608593157588</ele>
      </trkpt>
      <trkpt lat="36.8385548" lon="138.2854868">
        <ele>979.1775679798343</ele>
      </trkpt>
      <trkpt lat="36.8385313" lon="138.285506">
        <ele>979.1211641419357</ele>
      </trkpt>
      <trkpt lat="36.8385074" lon="138.2855286">
        <ele>978.9737210417388</ele>
      </trkpt>
      <trkpt lat="36.8384835" lon="138.2855513">
        <ele>978.7715030609636</ele>
      </trkpt>
      <trkpt lat="36.8384585" lon="138.2855771">
        <ele>978.6371057400954</ele>
      </trkpt>
      <trkpt lat="36.8384336" lon="138.285603">
        <ele>978.4976012418606</ele>
      </trkpt>
      <trkpt lat="36.8384104" lon="138.2856333">
        <ele>978.2224236261045</ele>
      </trkpt>
      <trkpt lat="36.8383872" lon="138.2856637">
        <ele>978.0259808829604</ele>
      </trkpt>
      <trkpt lat="36.8383672" lon="138.2856952">
        <ele>977.7168704000726</ele>
      </trkpt>
      <trkpt lat="36.8383473" lon="138.2857267">
        <ele>977.3701216271393</ele>
      </trkpt>
      <trkpt lat="36.8383303" lon="138.285756">
        <ele>977.1729494888114</ele>
      </trkpt>
      <trkpt lat="36.8383133" lon="138.2857853">
        <ele>977.0020378081199</ele>
      </trkpt>
      <trkpt lat="36.838296" lon="138.2858138">
        <ele>976.8457058139777</ele>
      </trkpt>
      <trkpt lat="36.8382787" lon="138.2858423">
        <ele>976.6391986966767</ele>
      </trkpt>
      <trkpt lat="36.8382589" lon="138.2858698">
        <ele>976.6068236485149</ele>
      </trkpt>
      <trkpt lat="36.8382391" lon="138.2858974">
        <ele>976.5517161152859</ele>
      </trkpt>
      <trkpt lat="36.8382179" lon="138.2859228">
        <ele>976.556901071867</ele>
      </trkpt>
      <trkpt lat="36.8381968" lon="138.2859483">
        <ele>976.5814216366695</ele>
      </trkpt>
      <trkpt lat="36.8381758" lon="138.285971">
        <ele>976.7361208140294</ele>
      </trkpt>
      <trkpt lat="36.8381548" lon="138.2859937">
        <ele>976.8746494480257</ele>
      </trkpt>
      <trkpt lat="36.8381348" lon="138.286014">
        <ele>977.0224277208256</ele>
      </trkpt>
      <trkpt lat="36.8381148" lon="138.2860343">
        <ele>977.1684613074955</ele>
      </trkpt>
      <trkpt lat="36.8380955" lon="138.2860536">
        <ele>977.319597827243</ele>
      </trkpt>
      <trkpt lat="36.8380763" lon="138.2860729">
        <ele>977.4425589609975</ele>
      </trkpt>
      <trkpt lat="36.8380559" lon="138.2860894">
        <ele>977.5548378702258</ele>
      </trkpt>
      <trkpt lat="36.8380356" lon="138.2861059">
        <ele>977.6431872200227</ele>
      </trkpt>
      <trkpt lat="36.8380126" lon="138.2861175">
        <ele>977.9179248061183</ele>
      </trkpt>
      <trkpt lat="36.8379897" lon="138.2861291">
        <ele>978.1456782447647</ele>
      </trkpt>
      <trkpt lat="36.8379636" lon="138.2861359">
        <ele>978.4970070370011</ele>
      </trkpt>
      <trkpt lat="36.8379375" lon="138.2861428">
        <ele>978.8462385087744</ele>
      </trkpt>
      <trkpt lat="36.83791" lon="138.2861427">
        <ele>979.1123922212053</ele>
      </trkpt>
      <trkpt lat="36.8378825" lon="138.2861427">
        <ele>979.352590307035</ele>
      </trkpt>
      <trkpt lat="36.8378563" lon="138.2861344">
        <ele>979.6590338785643</ele>
      </trkpt>
      <trkpt lat="36.8378301" lon="138.2861262">
        <ele>979.8011068280749</ele>
      </trkpt>
      <trkpt lat="36.8378054" lon="138.286113">
        <ele>980.028229016413</ele>
      </trkpt>
      <trkpt lat="36.8377807" lon="138.2860999">
        <ele>980.115638005771</ele>
      </trkpt>
      <trkpt lat="36.8377579" lon="138.2860835">
        <ele>980.1993737349634</ele>
      </trkpt>
      <trkpt lat="36.8377352" lon="138.2860672">
        <ele>980.2569467435708</ele>
      </trkpt>
      <trkpt lat="36.8377143" lon="138.2860484">
        <ele>980.274200704662</ele>
      </trkpt>
      <trkpt lat="36.8376934" lon="138.2860296">
        <ele>980.2384024322397</ele>
      </trkpt>
      <trkpt lat="36.8376729" lon="138.2860098">
        <ele>980.2597583110527</ele>
      </trkpt>
      <trkpt lat="36.8376524" lon="138.28599">
        <ele>980.2364147005312</ele>
      </trkpt>
      <trkpt lat="36.8376315" lon="138.2859718">
        <ele>980.0997220990674</ele>
      </trkpt>
      <trkpt lat="36.8376106" lon="138.2859536">
        <ele>979.9501266897794</ele>
      </trkpt>
      <trkpt lat="36.8375901" lon="138.285936">
        <ele>979.825791125652</ele>
      </trkpt>
      <trkpt lat="36.8375697" lon="138.2859185">
        <ele>979.8195840937091</ele>
      </trkpt>
      <trkpt lat="36.83755" lon="138.2858994">
        <ele>979.8725565769716</ele>
      </trkpt>
      <trkpt lat="36.8375303" lon="138.2858803">
        <ele>979.9255291790246</ele>
      </trkpt>
      <trkpt lat="36.8375111" lon="138.2858603">
        <ele>980.085182228696</ele>
      </trkpt>
      <trkpt lat="36.837492" lon="138.2858403">
        <ele>980.3973072804522</ele>
      </trkpt>
      <trkpt lat="36.8374733" lon="138.2858187">
        <ele>980.8004485470251</ele>
      </trkpt>
      <trkpt lat="36.8374547" lon="138.2857971">
        <ele>981.2053367760968</ele>
      </trkpt>
      <trkpt lat="36.8374362" lon="138.2857718">
        <ele>981.843255784484</ele>
      </trkpt>
      <trkpt lat="36.8374178" lon="138.2857466">
        <ele>982.5628090843566</ele>
      </trkpt>
      <trkpt lat="36.8374002" lon="138.2857182">
        <ele>983.4166701013228</ele>
      </trkpt>
      <trkpt lat="36.8373826" lon="138.2856898">
        <ele>984.2888603470459</ele>
      </trkpt>
      <trkpt lat="36.8373659" lon="138.2856619">
        <ele>985.2158381310027</ele>
      </trkpt>
      <trkpt lat="36.8373493" lon="138.285634">
        <ele>986.1122263599275</ele>
      </trkpt>
      <trkpt lat="36.8373315" lon="138.2856089">
        <ele>986.8677596794068</ele>
      </trkpt>
      <trkpt lat="36.8373138" lon="138.2855838">
        <ele>987.6332258787652</ele>
      </trkpt>
      <trkpt lat="36.8372942" lon="138.2855613">
        <ele>988.3764186785137</ele>
      </trkpt>
      <trkpt lat="36.8372746" lon="138.2855389">
        <ele>989.0713374683398</ele>
      </trkpt>
      <trkpt lat="36.8372537" lon="138.2855204">
        <ele>989.5859307974125</ele>
      </trkpt>
      <trkpt lat="36.8372329" lon="138.285502">
        <ele>990.1348182571005</ele>
      </trkpt>
      <trkpt lat="36.8372112" lon="138.2854911">
        <ele>990.4621631890973</ele>
      </trkpt>
      <trkpt lat="36.8371896" lon="138.2854802">
        <ele>990.7734268619972</ele>
      </trkpt>
      <trkpt lat="36.8371676" lon="138.2854782">
        <ele>990.9309839469768</ele>
      </trkpt>
      <trkpt lat="36.8371457" lon="138.2854763">
        <ele>991.1630980692796</ele>
      </trkpt>
      <trkpt lat="36.837125" lon="138.2854825">
        <ele>991.1865202110257</ele>
      </trkpt>
      <trkpt lat="36.8371044" lon="138.2854887">
        <ele>991.2528537092976</ele>
      </trkpt>
      <trkpt lat="36.8370868" lon="138.2855006">
        <ele>991.2270121259802</ele>
      </trkpt>
      <trkpt lat="36.8370693" lon="138.2855126">
        <ele>991.2117357383568</ele>
      </trkpt>
      <trkpt lat="36.8370536" lon="138.2855292">
        <ele>991.1171320111955</ele>
      </trkpt>
      <trkpt lat="36.837038" lon="138.2855458">
        <ele>991.0701347150464</ele>
      </trkpt>
      <trkpt lat="36.8370232" lon="138.2855661">
        <ele>991.0013449710174</ele>
      </trkpt>
      <trkpt lat="36.8370084" lon="138.2855865">
        <ele>990.9511879074165</ele>
      </trkpt>
      <trkpt lat="36.8369929" lon="138.2856073">
        <ele>990.9472959851528</ele>
      </trkpt>
      <trkpt lat="36.8369774" lon="138.2856282">
        <ele>990.9960851038393</ele>
      </trkpt>
      <trkpt lat="36.8369604" lon="138.2856474">
        <ele>991.066797484784</ele>
      </trkpt>
      <trkpt lat="36.8369434" lon="138.2856666">
        <ele>991.1200779164217</ele>
      </trkpt>
      <trkpt lat="36.836924" lon="138.2856816">
        <ele>991.2774972315417</ele>
      </trkpt>
      <trkpt lat="36.8369047" lon="138.2856967">
        <ele>991.4596793801104</ele>
      </trkpt>
      <trkpt lat="36.8368829" lon="138.2857065">
        <ele>991.6783617013286</ele>
      </trkpt>
      <trkpt lat="36.8368612" lon="138.2857164">
        <ele>991.8797436696104</ele>
      </trkpt>
      <trkpt lat="36.8368365" lon="138.2857202">
        <ele>992.1955379131459</ele>
      </trkpt>
      <trkpt lat="36.8368119" lon="138.285724">
        <ele>992.3115064231777</ele>
      </trkpt>
      <trkpt lat="36.8367863" lon="138.2857238">
        <ele>992.4870686668273</ele>
      </trkpt>
      <trkpt lat="36.8367607" lon="138.2857237">
        <ele>992.6322665418081</ele>
      </trkpt>
      <trkpt lat="36.8367344" lon="138.2857237">
        <ele>992.6947811548049</ele>
      </trkpt>
      <trkpt lat="36.8367081" lon="138.2857237">
        <ele>992.7572957462836</ele>
      </trkpt>
      <trkpt lat="36.8366803" lon="138.2857266">
        <ele>992.7058035351885</ele>
      </trkpt>
      <trkpt lat="36.8366525" lon="138.2857296">
        <ele>992.6207300346628</ele>
      </trkpt>
      <trkpt lat="36.8366244" lon="138.2857336">
        <ele>992.5057171769829</ele>
      </trkpt>
      <trkpt lat="36.8365963" lon="138.2857376">
        <ele>992.3658823079793</ele>
      </trkpt>
      <trkpt lat="36.8365678" lon="138.2857423">
        <ele>992.2006765301294</ele>
      </trkpt>
      <trkpt lat="36.8365394" lon="138.285747">
        <ele>992.0960829205897</ele>
      </trkpt>
      <trkpt lat="36.8365114" lon="138.2857519">
        <ele>992.0099811342847</ele>
      </trkpt>
      <trkpt lat="36.8364834" lon="138.2857569">
        <ele>991.9438033899929</ele>
      </trkpt>
      <trkpt lat="36.8364563" lon="138.2857621">
        <ele>991.9045467441251</ele>
      </trkpt>
      <trkpt lat="36.8364293" lon="138.2857674">
        <ele>991.8577760306799</ele>
      </trkpt>
      <trkpt lat="36.8364034" lon="138.2857726">
        <ele>991.9630162112657</ele>
      </trkpt>
      <trkpt lat="36.8363776" lon="138.2857778">
        <ele>992.1168668538568</ele>
      </trkpt>
      <trkpt lat="36.8363539" lon="138.2857825">
        <ele>992.2654692212586</ele>
      </trkpt>
      <trkpt lat="36.8363303" lon="138.2857872">
        <ele>992.5104521465024</ele>
      </trkpt>
      <trkpt lat="36.8363105" lon="138.2857935">
        <ele>992.6665633346888</ele>
      </trkpt>
      <trkpt lat="36.8362907" lon="138.2857998">
        <ele>992.8226744486021</ele>
      </trkpt>
      <trkpt lat="36.8362763" lon="138.2858106">
        <ele>992.8434074889831</ele>
      </trkpt>
      <trkpt lat="36.8362619" lon="138.2858215">
        <ele>992.872965559993</ele>
      </trkpt>
      <trkpt lat="36.8362505" lon="138.2858391">
        <ele>992.6989800288629</ele>
      </trkpt>
      <trkpt lat="36.8362392" lon="138.2858567">
        <ele>992.5176973253425</ele>
      </trkpt>
      <trkpt lat="36.8362281" lon="138.2858795">
        <ele>992.282680983946</ele>
      </trkpt>
      <trkpt lat="36.8362171" lon="138.2859023">
        <ele>992.0564093857752</ele>
      </trkpt>
      <trkpt lat="36.8362036" lon="138.285927">
        <ele>991.8742537026719</ele>
      </trkpt>
      <trkpt lat="36.8361902" lon="138.2859518">
        <ele>991.6814068607529</ele>
      </trkpt>
      <trkpt lat="36.8361718" lon="138.2859778">
        <ele>991.571723484528</ele>
      </trkpt>
      <trkpt lat="36.8361534" lon="138.2860038">
        <ele>991.4620400194083</ele>
      </trkpt>
      <trkpt lat="36.8361318" lon="138.2860285">
        <ele>991.4159142321913</ele>
      </trkpt>
      <trkpt lat="36.8361103" lon="138.2860533">
        <ele>991.3315861865188</ele>
      </trkpt>
      <trkpt lat="36.8360872" lon="138.2860776">
        <ele>991.2874400455748</ele>
      </trkpt>
      <trkpt lat="36.8360642" lon="138.2861019">
        <ele>991.2243055794614</ele>
      </trkpt>
      <trkpt lat="36.8360414" lon="138.286125">
        <ele>991.151094504757</ele>
      </trkpt>
      <trkpt lat="36.8360186" lon="138.2861481">
        <ele>991.0632745048954</ele>
      </trkpt>
      <trkpt lat="36.8359964" lon="138.2861677">
        <ele>990.9856733462475</ele>
      </trkpt>
      <trkpt lat="36.8359743" lon="138.2861873">
        <ele>990.8631827210176</ele>
      </trkpt>
      <trkpt lat="36.8359516" lon="138.2862009">
        <ele>990.8568897784643</ele>
      </trkpt>
      <trkpt lat="36.8359289" lon="138.2862146">
        <ele>990.8276616050023</ele>
      </trkpt>
      <trkpt lat="36.8359052" lon="138.2862223">
        <ele>990.936777905375</ele>
      </trkpt>
      <trkpt lat="36.8358816" lon="138.2862301">
        <ele>991.0297683741019</ele>
      </trkpt>
      <trkpt lat="36.8358565" lon="138.2862336">
        <ele>991.1991639765713</ele>
      </trkpt>
      <trkpt lat="36.8358315" lon="138.2862372">
        <ele>991.3445937324343</ele>
      </trkpt>
      <trkpt lat="36.8358047" lon="138.2862377">
        <ele>991.5864149677574</ele>
      </trkpt>
      <trkpt lat="36.8357779" lon="138.2862382">
        <ele>991.8070940072191</ele>
      </trkpt>
      <trkpt lat="36.8357496" lon="138.2862363">
        <ele>992.1051869721628</ele>
      </trkpt>
      <trkpt lat="36.8357214" lon="138.2862345">
        <ele>992.3678936436797</ele>
      </trkpt>
      <trkpt lat="36.8356925" lon="138.2862322">
        <ele>992.6244884545501</ele>
      </trkpt>
      <trkpt lat="36.8356637" lon="138.2862299">
        <ele>992.8783811608338</ele>
      </trkpt>
      <trkpt lat="36.8356346" lon="138.2862273">
        <ele>993.1205262837938</ele>
      </trkpt>
      <trkpt lat="36.8356056" lon="138.2862248">
        <ele>993.3592928585601</ele>
      </trkpt>
      <trkpt lat="36.8355763" lon="138.2862218">
        <ele>993.5548581743553</ele>
      </trkpt>
      <trkpt lat="36.8355471" lon="138.2862189">
        <ele>993.7293904571993</ele>
      </trkpt>
      <trkpt lat="36.8355189" lon="138.2862153">
        <ele>993.9132863262209</ele>
      </trkpt>
      <trkpt lat="36.8354907" lon="138.2862117">
        <ele>994.0918568246537</ele>
      </trkpt>
      <trkpt lat="36.8354627" lon="138.2862066">
        <ele>994.3100404252764</ele>
      </trkpt>
      <trkpt lat="36.8354348" lon="138.2862015">
        <ele>994.4093402005387</ele>
      </trkpt>
      <trkpt lat="36.8354064" lon="138.2861948">
        <ele>994.5365742352394</ele>
      </trkpt>
      <trkpt lat="36.8353781" lon="138.2861882">
        <ele>994.6081142319629</ele>
      </trkpt>
      <trkpt lat="36.835351" lon="138.2861802">
        <ele>994.6745126974124</ele>
      </trkpt>
      <trkpt lat="36.835324" lon="138.2861722">
        <ele>994.7287937641147</ele>
      </trkpt>
      <trkpt lat="36.8352994" lon="138.2861603">
        <ele>994.7196027342237</ele>
      </trkpt>
      <trkpt lat="36.8352749" lon="138.2861484">
        <ele>994.7115763545044</ele>
      </trkpt>
      <trkpt lat="36.835251" lon="138.2861328">
        <ele>994.7893670068133</ele>
      </trkpt>
      <trkpt lat="36.8352271" lon="138.2861172">
        <ele>994.8397532719665</ele>
      </trkpt>
      <trkpt lat="36.8352022" lon="138.2860999">
        <ele>994.9488984929875</ele>
      </trkpt>
      <trkpt lat="36.8351774" lon="138.2860826">
        <ele>995.052892835253</ele>
      </trkpt>
      <trkpt lat="36.835151" lon="138.2860679">
        <ele>995.0453779339334</ele>
      </trkpt>
      <trkpt lat="36.8351246" lon="138.2860533">
        <ele>995.0352999803617</ele>
      </trkpt>
      <trkpt lat="36.835097" lon="138.2860476">
        <ele>994.8815624126611</ele>
      </trkpt>
      <trkpt lat="36.8350695" lon="138.2860419">
        <ele>994.7518728133293</ele>
      </trkpt>
      <trkpt lat="36.8350416" lon="138.2860486">
        <ele>994.3937414834289</ele>
      </trkpt>
      <trkpt lat="36.8350137" lon="138.2860553">
        <ele>994.2298141022227</ele>
      </trkpt>
      <trkpt lat="36.8349883" lon="138.2860746">
        <ele>993.757605375956</ele>
      </trkpt>
      <trkpt lat="36.834963" lon="138.286094">
        <ele>993.4488305579671</ele>
      </trkpt>
      <trkpt lat="36.8349433" lon="138.2861228">
        <ele>992.9042883816719</ele>
      </trkpt>
      <trkpt lat="36.8349236" lon="138.2861516">
        <ele>992.3405012935029</ele>
      </trkpt>
      <trkpt lat="36.8349085" lon="138.2861839">
        <ele>991.6563834530742</ele>
      </trkpt>
      <trkpt lat="36.8348934" lon="138.2862162">
        <ele>991.0143862641913</ele>
      </trkpt>
      <trkpt lat="36.8348807" lon="138.2862474">
        <ele>990.3401386647151</ele>
      </trkpt>
      <trkpt lat="36.8348681" lon="138.2862787">
        <ele>989.6352539573684</ele>
      </trkpt>
      <trkpt lat="36.834857" lon="138.286308">
        <ele>988.9972775905663</ele>
      </trkpt>
      <trkpt lat="36.834846" lon="138.2863373">
        <ele>988.3520077145492</ele>
      </trkpt>
      <trkpt lat="36.8348345" lon="138.286365">
        <ele>987.770165231959</ele>
      </trkpt>
      <trkpt lat="36.834823" lon="138.2863927">
        <ele>987.2779258699929</ele>
      </trkpt>
      <trkpt lat="36.8348097" lon="138.2864183">
        <ele>986.8565578160901</ele>
      </trkpt>
      <trkpt lat="36.8347964" lon="138.2864439">
        <ele>986.4120915973675</ele>
      </trkpt>
      <trkpt lat="36.834778" lon="138.2864652">
        <ele>986.1337314274917</ele>
      </trkpt>
      <trkpt lat="36.8347596" lon="138.2864865">
        <ele>985.9516547046735</ele>
      </trkpt>
      <trkpt lat="36.8347367" lon="138.2865023">
        <ele>985.898709587399</ele>
      </trkpt>
      <trkpt lat="36.8347139" lon="138.2865181">
        <ele>985.8202610708429</ele>
      </trkpt>
      <trkpt lat="36.8346895" lon="138.2865274">
        <ele>985.9093728699395</ele>
      </trkpt>
      <trkpt lat="36.8346652" lon="138.2865368">
        <ele>986.0059770421518</ele>
      </trkpt>
      <trkpt lat="36.8346388" lon="138.286543">
        <ele>986.1864765986933</ele>
      </trkpt>
      <trkpt lat="36.8346124" lon="138.2865492">
        <ele>986.4126104874392</ele>
      </trkpt>
      <trkpt lat="36.834585" lon="138.2865587">
        <ele>986.5830491654413</ele>
      </trkpt>
      <trkpt lat="36.8345576" lon="138.2865683">
        <ele>986.7879807625619</ele>
      </trkpt>
      <trkpt lat="36.8345323" lon="138.2865854">
        <ele>986.8480782940012</ele>
      </trkpt>
      <trkpt lat="36.8345071" lon="138.2866026">
        <ele>986.875090579055</ele>
      </trkpt>
      <trkpt lat="36.8344869" lon="138.2866271">
        <ele>986.6724405007523</ele>
      </trkpt>
      <trkpt lat="36.8344667" lon="138.2866517">
        <ele>986.520765427773</ele>
      </trkpt>
      <trkpt lat="36.8344538" lon="138.2866836">
        <ele>986.0840311379009</ele>
      </trkpt>
      <trkpt lat="36.8344409" lon="138.2867156">
        <ele>985.6312568837606</ele>
      </trkpt>
      <trkpt lat="36.8344334" lon="138.2867521">
        <ele>984.9867958301908</ele>
      </trkpt>
      <trkpt lat="36.8344259" lon="138.2867887">
        <ele>984.3394168257331</ele>
      </trkpt>
      <trkpt lat="36.8344203" lon="138.286825">
        <ele>983.7192567460263</ele>
      </trkpt>
      <trkpt lat="36.8344147" lon="138.2868613">
        <ele>983.119428352995</ele>
      </trkpt>
      <trkpt lat="36.8344078" lon="138.2868938">
        <ele>982.6183530072261</ele>
      </trkpt>
      <trkpt lat="36.834401" lon="138.2869264">
        <ele>982.1498735244983</ele>
      </trkpt>
      <trkpt lat="36.8343897" lon="138.2869534">
        <ele>981.8200758147475</ele>
      </trkpt>
      <trkpt lat="36.8343784" lon="138.2869805">
        <ele>981.4852633008659</ele>
      </trkpt>
      <trkpt lat="36.8343612" lon="138.287002">
        <ele>981.3255011011215</ele>
      </trkpt>
      <trkpt lat="36.834344" lon="138.2870236">
        <ele>981.0919905409976</ele>
      </trkpt>
      <trkpt lat="36.8343231" lon="138.2870399">
        <ele>980.950038028208</ele>
      </trkpt>
      <trkpt lat="36.8343022" lon="138.2870563">
        <ele>980.7831371561886</ele>
      </trkpt>
      <trkpt lat="36.8342795" lon="138.2870657">
        <ele>980.7005452443162</ele>
      </trkpt>
      <trkpt lat="36.8342569" lon="138.2870751">
        <ele>980.5751679426766</ele>
      </trkpt>
      <trkpt lat="36.8342329" lon="138.2870769">
        <ele>980.5869256014906</ele>
      </trkpt>
      <trkpt lat="36.834209" lon="138.2870788">
        <ele>980.4584574928758</ele>
      </trkpt>
      <trkpt lat="36.8341844" lon="138.2870738">
        <ele>980.4148435761189</ele>
      </trkpt>
      <trkpt lat="36.8341598" lon="138.2870689">
        <ele>980.3731930262805</ele>
      </trkpt>
      <trkpt lat="36.8341364" lon="138.2870585">
        <ele>980.3767304094877</ele>
      </trkpt>
      <trkpt lat="36.834113" lon="138.2870481">
        <ele>980.3801193341158</ele>
      </trkpt>
      <trkpt lat="36.8340912" lon="138.2870329">
        <ele>980.512169188309</ele>
      </trkpt>
      <trkpt lat="36.8340694" lon="138.2870177">
        <ele>980.5071025190887</ele>
      </trkpt>
      <trkpt lat="36.8340481" lon="138.2869984">
        <ele>980.5847551120456</ele>
      </trkpt>
      <trkpt lat="36.8340268" lon="138.2869791">
        <ele>980.6624078074477</ele>
      </trkpt>
      <trkpt lat="36.8340052" lon="138.2869577">
        <ele>980.7795904239649</ele>
      </trkpt>
      <trkpt lat="36.8339837" lon="138.2869364">
        <ele>980.8938724501534</ele>
      </trkpt>
      <trkpt lat="36.8339622" lon="138.2869149">
        <ele>981.013047945826</ele>
      </trkpt>
      <trkpt lat="36.8339408" lon="138.2868935">
        <ele>981.1329103398718</ele>
      </trkpt>
      <trkpt lat="36.8339184" lon="138.2868739">
        <ele>981.1729785050734</ele>
      </trkpt>
      <trkpt lat="36.833896" lon="138.2868544">
        <ele>981.2034703174147</ele>
      </trkpt>
      <trkpt lat="36.8338713" lon="138.2868391">
        <ele>981.1399460277062</ele>
      </trkpt>
      <trkpt lat="36.8338466" lon="138.2868239">
        <ele>981.1345814213164</ele>
      </trkpt>
      <trkpt lat="36.8338201" lon="138.2868168">
        <ele>980.9142712206121</ele>
      </trkpt>
      <trkpt lat="36.8337936" lon="138.2868097">
        <ele>980.8642083213407</ele>
      </trkpt>
      <trkpt lat="36.833767" lon="138.2868137">
        <ele>980.6087648134419</ele>
      </trkpt>
      <trkpt lat="36.8337404" lon="138.2868177">
        <ele>980.3826848642212</ele>
      </trkpt>
      <trkpt lat="36.8337159" lon="138.286833">
        <ele>980.044007064473</ele>
      </trkpt>
      <trkpt lat="36.8336914" lon="138.2868483">
        <ele>979.705329253293</ele>
      </trkpt>
      <trkpt lat="36.8336697" lon="138.2868727">
        <ele>979.2061656234372</ele>
      </trkpt>
      <trkpt lat="36.833648" lon="138.2868971">
        <ele>978.8656021286438</ele>
      </trkpt>
      <trkpt lat="36.8336289" lon="138.2869258">
        <ele>978.412310881751</ele>
      </trkpt>
      <trkpt lat="36.8336098" lon="138.2869546">
        <ele>977.9752788940998</ele>
      </trkpt>
      <trkpt lat="36.8335936" lon="138.2869857">
        <ele>977.6055099711849</ele>
      </trkpt>
      <trkpt lat="36.8335774" lon="138.2870168">
        <ele>977.2776894674963</ele>
      </trkpt>
      <trkpt lat="36.8335673" lon="138.2870501">
        <ele>976.7672689682662</ele>
      </trkpt>
      <trkpt lat="36.8335573" lon="138.2870834">
        <ele>976.2440690287398</ele>
      </trkpt>
      <trkpt lat="36.833556" lon="138.287117">
        <ele>975.4933024426698</ele>
      </trkpt>
      <trkpt lat="36.8335547" lon="138.2871506">
        <ele>974.7585970687456</ele>
      </trkpt>
      <trkpt lat="36.8335636" lon="138.2871818">
        <ele>973.8840437670945</ele>
      </trkpt>
      <trkpt lat="36.8335726" lon="138.2872131">
        <ele>973.0049186600843</ele>
      </trkpt>
      <trkpt lat="36.8335904" lon="138.2872399">
        <ele>972.0114901235517</ele>
      </trkpt>
      <trkpt lat="36.8336083" lon="138.2872667">
        <ele>971.0524177487316</ele>
      </trkpt>
      <trkpt lat="36.8336292" lon="138.2872894">
        <ele>970.3378442049519</ele>
      </trkpt>
      <trkpt lat="36.8336502" lon="138.2873122">
        <ele>969.6038203315575</ele>
      </trkpt>
      <trkpt lat="36.833677" lon="138.2873356">
        <ele>968.8474801812125</ele>
      </trkpt>
      <trkpt lat="36.8337038" lon="138.287359">
        <ele>968.457341976075</ele>
      </trkpt>
      <trkpt lat="36.8337343" lon="138.2873853">
        <ele>967.9935661415474</ele>
      </trkpt>
      <trkpt lat="36.8337649" lon="138.2874117">
        <ele>967.7181756515016</ele>
      </trkpt>
      <trkpt lat="36.8337927" lon="138.2874397">
        <ele>967.4843942254101</ele>
      </trkpt>
      <trkpt lat="36.8338206" lon="138.2874677">
        <ele>967.253990004888</ele>
      </trkpt>
      <trkpt lat="36.8338418" lon="138.2874968">
        <ele>967.0120339400377</ele>
      </trkpt>
      <trkpt lat="36.833863" lon="138.2875259">
        <ele>966.8151201856332</ele>
      </trkpt>
      <trkpt lat="36.8338793" lon="138.2875557">
        <ele>966.5425936517316</ele>
      </trkpt>
      <trkpt lat="36.8338956" lon="138.2875855">
        <ele>966.3288100961605</ele>
      </trkpt>
      <trkpt lat="36.8339099" lon="138.287616">
        <ele>966.0811120061211</ele>
      </trkpt>
      <trkpt lat="36.8339242" lon="138.2876466">
        <ele>965.8317828446634</ele>
      </trkpt>
      <trkpt lat="36.8339364" lon="138.2876769">
        <ele>965.5718787327415</ele>
      </trkpt>
      <trkpt lat="36.8339487" lon="138.2877073">
        <ele>965.3262943597983</ele>
      </trkpt>
      <trkpt lat="36.8339591" lon="138.2877381">
        <ele>965.0423613566824</ele>
      </trkpt>
      <trkpt lat="36.8339696" lon="138.2877689">
        <ele>964.7377287190669</ele>
      </trkpt>
      <trkpt lat="36.8339785" lon="138.2878003">
        <ele>964.3994300920692</ele>
      </trkpt>
      <trkpt lat="36.8339875" lon="138.2878318">
        <ele>964.0725092802096</ele>
      </trkpt>
      <trkpt lat="36.8339941" lon="138.2878641">
        <ele>963.7219622206268</ele>
      </trkpt>
      <trkpt lat="36.8340007" lon="138.2878965">
        <ele>963.3627015356509</ele>
      </trkpt>
      <trkpt lat="36.8340053" lon="138.2879304">
        <ele>962.9358919501783</ele>
      </trkpt>
      <trkpt lat="36.83401" lon="138.2879643">
        <ele>962.504539134587</ele>
      </trkpt>
      <trkpt lat="36.8340136" lon="138.2880009">
        <ele>962.0130769884684</ele>
      </trkpt>
      <trkpt lat="36.8340173" lon="138.2880375">
        <ele>961.4833670622796</ele>
      </trkpt>
      <trkpt lat="36.8340206" lon="138.2880766">
        <ele>960.9018950449309</ele>
      </trkpt>
      <trkpt lat="36.8340239" lon="138.2881157">
        <ele>960.2872601187897</ele>
      </trkpt>
      <trkpt lat="36.8340255" lon="138.2881561">
        <ele>959.6043298194043</ele>
      </trkpt>
      <trkpt lat="36.8340271" lon="138.2881965">
        <ele>958.9192069563516</ele>
      </trkpt>
      <trkpt lat="36.8340296" lon="138.2882373">
        <ele>958.2382788994116</ele>
      </trkpt>
      <trkpt lat="36.8340322" lon="138.2882781">
        <ele>957.5119885448025</ele>
      </trkpt>
      <trkpt lat="36.8340372" lon="138.2883192">
        <ele>956.7568425724114</ele>
      </trkpt>
      <trkpt lat="36.8340423" lon="138.2883604">
        <ele>955.9998054863424</ele>
      </trkpt>
      <trkpt lat="36.8340463" lon="138.2884026">
        <ele>955.2163781206365</ele>
      </trkpt>
      <trkpt lat="36.8340504" lon="138.2884449">
        <ele>954.4179067110559</ele>
      </trkpt>
      <trkpt lat="36.8340504" lon="138.2884869">
        <ele>953.5420755987857</ele>
      </trkpt>
      <trkpt lat="36.8340504" lon="138.2885289">
        <ele>952.664835346095</ele>
      </trkpt>
      <trkpt lat="36.8340457" lon="138.2885704">
        <ele>951.7466256330495</ele>
      </trkpt>
      <trkpt lat="36.834041" lon="138.288612">
        <ele>950.8122962324641</ele>
      </trkpt>
      <trkpt lat="36.8340352" lon="138.2886556">
        <ele>949.7773639490275</ele>
      </trkpt>
      <trkpt lat="36.8340294" lon="138.2886993">
        <ele>948.773572657218</ele>
      </trkpt>
      <trkpt lat="36.8340284" lon="138.2887448">
        <ele>947.8569909278162</ele>
      </trkpt>
      <trkpt lat="36.8340274" lon="138.2887904">
        <ele>946.9770307273412</ele>
      </trkpt>
      <trkpt lat="36.8340334" lon="138.2888334">
        <ele>946.2574963580149</ele>
      </trkpt>
      <trkpt lat="36.8340394" lon="138.2888765">
        <ele>945.58397896998</ele>
      </trkpt>
      <trkpt lat="36.8340548" lon="138.2889114">
        <ele>945.1606163826789</ele>
      </trkpt>
      <trkpt lat="36.8340703" lon="138.2889464">
        <ele>944.7188433824621</ele>
      </trkpt>
      <trkpt lat="36.834094" lon="138.2889714">
        <ele>944.5393813639889</ele>
      </trkpt>
      <trkpt lat="36.8341178" lon="138.2889964">
        <ele>944.3866904023112</ele>
      </trkpt>
      <trkpt lat="36.834147" lon="138.2890122">
        <ele>944.3726298228845</ele>
      </trkpt>
      <trkpt lat="36.8341762" lon="138.289028">
        <ele>944.4146546743818</ele>
      </trkpt>
      <trkpt lat="36.834208" lon="138.2890373">
        <ele>944.6026309848774</ele>
      </trkpt>
      <trkpt lat="36.8342398" lon="138.2890466">
        <ele>944.8216382900998</ele>
      </trkpt>
      <trkpt lat="36.8342717" lon="138.2890538">
        <ele>945.0744368625134</ele>
      </trkpt>
      <trkpt lat="36.8343037" lon="138.289061">
        <ele>945.3386679477994</ele>
      </trkpt>
      <trkpt lat="36.8343331" lon="138.2890718">
        <ele>945.5803800895815</ele>
      </trkpt>
      <trkpt lat="36.8343626" lon="138.2890826">
        <ele>945.8232569055638</ele>
      </trkpt>
      <trkpt lat="36.834387" lon="138.2891001">
        <ele>946.0212947702846</ele>
      </trkpt>
      <trkpt lat="36.8344115" lon="138.2891176">
        <ele>946.2077973193541</ele>
      </trkpt>
      <trkpt lat="36.8344283" lon="138.2891426">
        <ele>946.1614017968532</ele>
      </trkpt>
      <trkpt lat="36.8344451" lon="138.2891677">
        <ele>946.1411497033093</ele>
      </trkpt>
      <trkpt lat="36.8344543" lon="138.2892">
        <ele>945.9053821685609</ele>
      </trkpt>
      <trkpt lat="36.8344635" lon="138.2892323">
        <ele>945.6415925705344</ele>
      </trkpt>
      <trkpt lat="36.8344694" lon="138.2892697">
        <ele>945.2567505075601</ele>
      </trkpt>
      <trkpt lat="36.8344753" lon="138.2893071">
        <ele>944.8122931053313</ele>
      </trkpt>
      <trkpt lat="36.8344817" lon="138.2893467">
        <ele>944.2546875248038</ele>
      </trkpt>
      <trkpt lat="36.8344882" lon="138.2893864">
        <ele>943.6813425233831</ele>
      </trkpt>
      <trkpt lat="36.8344959" lon="138.2894261">
        <ele>943.1266449988744</ele>
      </trkpt>
      <trkpt lat="36.8345037" lon="138.2894659">
        <ele>942.5538985958026</ele>
      </trkpt>
      <trkpt lat="36.8345125" lon="138.2895055">
        <ele>941.9290169854046</ele>
      </trkpt>
      <trkpt lat="36.8345213" lon="138.2895451">
        <ele>941.2568538415899</ele>
      </trkpt>
      <trkpt lat="36.834531" lon="138.2895808">
        <ele>940.6560132150234</ele>
      </trkpt>
      <trkpt lat="36.8345407" lon="138.2896165">
        <ele>940.0103628701197</ele>
      </trkpt>
      <trkpt lat="36.8345456" lon="138.2896448">
        <ele>939.4998100795311</ele>
      </trkpt>
      <trkpt lat="36.8345506" lon="138.2896731">
        <ele>939.0209687123659</ele>
      </trkpt>
      <trkpt lat="36.8345457" lon="138.2896936">
        <ele>938.685685279871</ele>
      </trkpt>
      <trkpt lat="36.8345408" lon="138.2897142">
        <ele>938.3555647614592</ele>
      </trkpt>
      <trkpt lat="36.8345282" lon="138.2897297">
        <ele>938.1615673428045</ele>
      </trkpt>
      <trkpt lat="36.8345156" lon="138.2897453">
        <ele>937.9933699717469</ele>
      </trkpt>
      <trkpt lat="36.8344982" lon="138.2897628">
        <ele>937.8387845517516</ele>
      </trkpt>
      <trkpt lat="36.8344809" lon="138.2897804">
        <ele>937.6571939216337</ele>
      </trkpt>
      <trkpt lat="36.834462" lon="138.2898012">
        <ele>937.4514881554715</ele>
      </trkpt>
      <trkpt lat="36.8344431" lon="138.289822">
        <ele>937.2795541249991</ele>
      </trkpt>
      <trkpt lat="36.8344244" lon="138.2898484">
        <ele>937.0551010348256</ele>
      </trkpt>
      <trkpt lat="36.8344057" lon="138.2898749">
        <ele>936.8060396490616</ele>
      </trkpt>
      <trkpt lat="36.8343882" lon="138.2899074">
        <ele>936.4766295515565</ele>
      </trkpt>
      <trkpt lat="36.8343707" lon="138.2899399">
        <ele>936.1621649013714</ele>
      </trkpt>
      <trkpt lat="36.8343551" lon="138.2899746">
        <ele>935.7930691630023</ele>
      </trkpt>
      <trkpt lat="36.8343396" lon="138.2900093">
        <ele>935.2810925394457</ele>
      </trkpt>
      <trkpt lat="36.834325" lon="138.2900452">
        <ele>934.7680362901309</ele>
      </trkpt>
      <trkpt lat="36.8343105" lon="138.2900812">
        <ele>934.2596944227367</ele>
      </trkpt>
      <trkpt lat="36.8342958" lon="138.2901166">
        <ele>933.7394523086109</ele>
      </trkpt>
      <trkpt lat="36.8342812" lon="138.290152">
        <ele>933.1836853500465</ele>
      </trkpt>
      <trkpt lat="36.8342665" lon="138.2901848">
        <ele>932.6609127555283</ele>
      </trkpt>
      <trkpt lat="36.8342518" lon="138.2902176">
        <ele>932.1381401733736</ele>
      </trkpt>
      <trkpt lat="36.8342364" lon="138.2902476">
        <ele>931.6489030491631</ele>
      </trkpt>
      <trkpt lat="36.834221" lon="138.2902776">
        <ele>931.1378026801169</ele>
      </trkpt>
      <trkpt lat="36.8342047" lon="138.2903055">
        <ele>930.5816397912575</ele>
      </trkpt>
      <trkpt lat="36.8341885" lon="138.2903334">
        <ele>930.0027628398269</ele>
      </trkpt>
      <trkpt lat="36.8341724" lon="138.2903595">
        <ele>929.4403608246571</ele>
      </trkpt>
      <trkpt lat="36.8341564" lon="138.2903857">
        <ele>928.8894440605778</ele>
      </trkpt>
      <trkpt lat="36.8341393" lon="138.2904118">
        <ele>928.2644506622571</ele>
      </trkpt>
      <trkpt lat="36.8341223" lon="138.290438">
        <ele>927.6316514953298</ele>
      </trkpt>
      <trkpt lat="36.8341028" lon="138.2904662">
        <ele>926.9529198935154</ele>
      </trkpt>
      <trkpt lat="36.8340834" lon="138.2904944">
        <ele>926.2584146946667</ele>
      </trkpt>
      <trkpt lat="36.8340638" lon="138.2905224">
        <ele>925.4521069346274</ele>
      </trkpt>
      <trkpt lat="36.8340442" lon="138.2905504">
        <ele>924.6830294531828</ele>
      </trkpt>
      <trkpt lat="36.8340296" lon="138.29058">
        <ele>923.9994606094324</ele>
      </trkpt>
      <trkpt lat="36.8340151" lon="138.2906096">
        <ele>923.3350366348177</ele>
      </trkpt>
      <trkpt lat="36.8340052" lon="138.2906434">
        <ele>922.691282935168</ele>
      </trkpt>
      <trkpt lat="36.8339954" lon="138.2906772">
        <ele>922.0937237121132</ele>
      </trkpt>
      <trkpt lat="36.833989" lon="138.2907135">
        <ele>921.5431057813668</ele>
      </trkpt>
      <trkpt lat="36.8339827" lon="138.2907499">
        <ele>921.0095090630987</ele>
      </trkpt>
      <trkpt lat="36.8339812" lon="138.2907864">
        <ele>920.5739795740426</ele>
      </trkpt>
      <trkpt lat="36.8339797" lon="138.290823">
        <ele>920.1410178328881</ele>
      </trkpt>
      <trkpt lat="36.8339838" lon="138.2908584">
        <ele>919.7750805948092</ele>
      </trkpt>
      <trkpt lat="36.8339879" lon="138.2908938">
        <ele>919.4098122284047</ele>
      </trkpt>
      <trkpt lat="36.8339949" lon="138.2909278">
        <ele>919.0805803984395</ele>
      </trkpt>
      <trkpt lat="36.8340019" lon="138.2909619">
        <ele>918.7730823510574</ele>
      </trkpt>
      <trkpt lat="36.834011" lon="138.2909956">
        <ele>918.4711540832308</ele>
      </trkpt>
      <trkpt lat="36.8340202" lon="138.2910293">
        <ele>918.1293046246981</ele>
      </trkpt>
      <trkpt lat="36.8340302" lon="138.2910631">
        <ele>917.7254599019291</ele>
      </trkpt>
      <trkpt lat="36.8340403" lon="138.2910969">
        <ele>917.3175532538456</ele>
      </trkpt>
      <trkpt lat="36.8340499" lon="138.2911307">
        <ele>916.9491601081108</ele>
      </trkpt>
      <trkpt lat="36.8340596" lon="138.2911645">
        <ele>916.5806213933517</ele>
      </trkpt>
      <trkpt lat="36.8340692" lon="138.2911981">
        <ele>916.1840444336561</ele>
      </trkpt>
      <trkpt lat="36.8340789" lon="138.2912317">
        <ele>915.7764820879477</ele>
      </trkpt>
      <trkpt lat="36.8340864" lon="138.2912664">
        <ele>915.3671483729049</ele>
      </trkpt>
      <trkpt lat="36.8340939" lon="138.2913012">
        <ele>914.9122549051433</ele>
      </trkpt>
      <trkpt lat="36.8340966" lon="138.2913365">
        <ele>914.4773981831515</ele>
      </trkpt>
      <trkpt lat="36.8340993" lon="138.2913718">
        <ele>914.0206564364576</ele>
      </trkpt>
      <trkpt lat="36.8340974" lon="138.2914076">
        <ele>913.5832816627825</ele>
      </trkpt>
      <trkpt lat="36.8340955" lon="138.2914434">
        <ele>913.1435996743073</ele>
      </trkpt>
      <trkpt lat="36.8340915" lon="138.291478">
        <ele>912.7306421851349</ele>
      </trkpt>
      <trkpt lat="36.8340875" lon="138.2915126">
        <ele>912.3065364330074</ele>
      </trkpt>
      <trkpt lat="36.8340841" lon="138.291545">
        <ele>911.8812955820474</ele>
      </trkpt>
      <trkpt lat="36.8340807" lon="138.2915774">
        <ele>911.4561609069357</ele>
      </trkpt>
      <trkpt lat="36.8340774" lon="138.291608">
        <ele>911.0554624043223</ele>
      </trkpt>
      <trkpt lat="36.8340741" lon="138.2916386">
        <ele>910.6819400436307</ele>
      </trkpt>
      <trkpt lat="36.83407" lon="138.2916693">
        <ele>910.3006221469678</ele>
      </trkpt>
      <trkpt lat="36.8340659" lon="138.2917">
        <ele>909.9065690083871</ele>
      </trkpt>
      <trkpt lat="36.8340616" lon="138.2917319">
        <ele>909.4640206419351</ele>
      </trkpt>
      <trkpt lat="36.8340574" lon="138.2917639">
        <ele>909.016042853917</ele>
      </trkpt>
      <trkpt lat="36.8340529" lon="138.2917978">
        <ele>908.5810043168794</ele>
      </trkpt>
      <trkpt lat="36.8340485" lon="138.2918317">
        <ele>908.1756343803204</ele>
      </trkpt>
      <trkpt lat="36.8340435" lon="138.2918667">
        <ele>907.7511420916867</ele>
      </trkpt>
      <trkpt lat="36.8340385" lon="138.2919018">
        <ele>907.3577900469026</ele>
      </trkpt>
      <trkpt lat="36.8340327" lon="138.2919371">
        <ele>906.949626164046</ele>
      </trkpt>
      <trkpt lat="36.8340269" lon="138.2919725">
        <ele>906.5594327719813</ele>
      </trkpt>
      <trkpt lat="36.8340201" lon="138.2920074">
        <ele>906.1725111388416</ele>
      </trkpt>
      <trkpt lat="36.8340133" lon="138.2920424">
        <ele>905.7749011934961</ele>
      </trkpt>
      <trkpt lat="36.8340042" lon="138.2920754">
        <ele>905.3902281416814</ele>
      </trkpt>
      <trkpt lat="36.8339952" lon="138.2921084">
        <ele>904.996656273519</ele>
      </trkpt>
      <trkpt lat="36.8339816" lon="138.292138">
        <ele>904.5715085346725</ele>
      </trkpt>
      <trkpt lat="36.833968" lon="138.2921676">
        <ele>904.151928865072</ele>
      </trkpt>
      <trkpt lat="36.8339497" lon="138.2921907">
        <ele>903.7237856900558</ele>
      </trkpt>
      <trkpt lat="36.8339314" lon="138.2922138">
        <ele>903.2976483847524</ele>
      </trkpt>
      <trkpt lat="36.8339114" lon="138.2922307">
        <ele>902.9111671055753</ele>
      </trkpt>
      <trkpt lat="36.8338914" lon="138.2922476">
        <ele>902.5361507082318</ele>
      </trkpt>
      <trkpt lat="36.8338709" lon="138.2922649">
        <ele>902.1856496872387</ele>
      </trkpt>
      <trkpt lat="36.8338504" lon="138.2922823">
        <ele>901.855126345205</ele>
      </trkpt>
      <trkpt lat="36.8338301" lon="138.2923046">
        <ele>901.5021429331568</ele>
      </trkpt>
      <trkpt lat="36.8338098" lon="138.2923269">
        <ele>901.1791367990444</ele>
      </trkpt>
      <trkpt lat="36.8337898" lon="138.2923535">
        <ele>900.878613766843</ele>
      </trkpt>
      <trkpt lat="36.8337699" lon="138.2923801">
        <ele>900.5788186060746</ele>
      </trkpt>
      <trkpt lat="36.8337526" lon="138.292409">
        <ele>900.2845486842343</ele>
      </trkpt>
      <trkpt lat="36.8337353" lon="138.2924379">
        <ele>900.0040414433938</ele>
      </trkpt>
      <trkpt lat="36.8337191" lon="138.2924692">
        <ele>899.7320272626364</ele>
      </trkpt>
      <trkpt lat="36.8337029" lon="138.2925005">
        <ele>899.4918315125633</ele>
      </trkpt>
      <trkpt lat="36.8336866" lon="138.2925332">
        <ele>899.2445290429521</ele>
      </trkpt>
      <trkpt lat="36.8336703" lon="138.292566">
        <ele>898.9814593620971</ele>
      </trkpt>
      <trkpt lat="36.833654" lon="138.2925987">
        <ele>898.7030703616066</ele>
      </trkpt>
      <trkpt lat="36.8336378" lon="138.2926314">
        <ele>898.4434979114877</ele>
      </trkpt>
      <trkpt lat="36.833621" lon="138.2926633">
        <ele>898.2068989221249</ele>
      </trkpt>
      <trkpt lat="36.8336043" lon="138.2926953">
        <ele>897.9720805965691</ele>
      </trkpt>
      <trkpt lat="36.8335876" lon="138.2927266">
        <ele>897.7425534492838</ele>
      </trkpt>
      <trkpt lat="36.8335709" lon="138.292758">
        <ele>897.5112545659542</ele>
      </trkpt>
      <trkpt lat="36.8335543" lon="138.2927893">
        <ele>897.2810330663814</ele>
      </trkpt>
      <trkpt lat="36.8335378" lon="138.2928207">
        <ele>897.0511898989096</ele>
      </trkpt>
      <trkpt lat="36.8335224" lon="138.2928514">
        <ele>896.8317995796685</ele>
      </trkpt>
      <trkpt lat="36.8335071" lon="138.2928821">
        <ele>896.6131371144215</ele>
      </trkpt>
      <trkpt lat="36.8334938" lon="138.2929114">
        <ele>896.4070381357326</ele>
      </trkpt>
      <trkpt lat="36.8334806" lon="138.2929408">
        <ele>896.2067156255699</ele>
      </trkpt>
      <trkpt lat="36.833468" lon="138.2929696">
        <ele>896.0255822172857</ele>
      </trkpt>
      <trkpt lat="36.8334555" lon="138.2929985">
        <ele>895.8517863168383</ele>
      </trkpt>
      <trkpt lat="36.8334435" lon="138.2930283">
        <ele>895.6777560228488</ele>
      </trkpt>
      <trkpt lat="36.8334315" lon="138.2930582">
        <ele>895.5033762145796</ele>
      </trkpt>
      <trkpt lat="36.833419" lon="138.2930882">
        <ele>895.3324040741247</ele>
      </trkpt>
      <trkpt lat="36.8334066" lon="138.2931182">
        <ele>895.1533948200663</ele>
      </trkpt>
      <trkpt lat="36.8333949" lon="138.2931467">
        <ele>894.9536828427645</ele>
      </trkpt>
      <trkpt lat="36.8333833" lon="138.2931753">
        <ele>894.7076472913386</ele>
      </trkpt>
      <trkpt lat="36.8333721" lon="138.2932027">
        <ele>894.4658302938572</ele>
      </trkpt>
      <trkpt lat="36.833361" lon="138.2932301">
        <ele>894.2250322747752</ele>
      </trkpt>
      <trkpt lat="36.8333506" lon="138.2932567">
        <ele>893.9286370762634</ele>
      </trkpt>
      <trkpt lat="36.8333402" lon="138.2932833">
        <ele>893.6057263509381</ele>
      </trkpt>
      <trkpt lat="36.8333315" lon="138.2933103">
        <ele>893.2955565176991</ele>
      </trkpt>
      <trkpt lat="36.8333228" lon="138.2933374">
        <ele>892.9244608694696</ele>
      </trkpt>
      <trkpt lat="36.8333153" lon="138.293366">
        <ele>892.5039071869114</ele>
      </trkpt>
      <trkpt lat="36.8333079" lon="138.2933946">
        <ele>892.0845180386686</ele>
      </trkpt>
      <trkpt lat="36.8333023" lon="138.2934261">
        <ele>891.5765477371489</ele>
      </trkpt>
      <trkpt lat="36.8332967" lon="138.2934577">
        <ele>890.9910868626761</ele>
      </trkpt>
      <trkpt lat="36.8332919" lon="138.2934916">
        <ele>890.3670980666858</ele>
      </trkpt>
      <trkpt lat="36.8332872" lon="138.2935255">
        <ele>889.6509788059765</ele>
      </trkpt>
      <trkpt lat="36.8332823" lon="138.2935613">
        <ele>888.8792489169788</ele>
      </trkpt>
      <trkpt lat="36.8332774" lon="138.2935971">
        <ele>888.0265790014402</ele>
      </trkpt>
      <trkpt lat="36.8332735" lon="138.2936316">
        <ele>887.1245956497277</ele>
      </trkpt>
      <trkpt lat="36.8332696" lon="138.2936662">
        <ele>886.2156114940038</ele>
      </trkpt>
      <trkpt lat="36.833267" lon="138.2937009">
        <ele>885.3230659034235</ele>
      </trkpt>
      <trkpt lat="36.8332644" lon="138.2937357">
        <ele>884.4250143317902</ele>
      </trkpt>
      <trkpt lat="36.8332626" lon="138.2937721">
        <ele>883.4552383260569</ele>
      </trkpt>
      <trkpt lat="36.8332609" lon="138.2938086">
        <ele>882.444979898632</ele>
      </trkpt>
      <trkpt lat="36.8332572" lon="138.2938463">
        <ele>881.3820083475811</ele>
      </trkpt>
      <trkpt lat="36.8332535" lon="138.293884">
        <ele>880.3824716818535</ele>
      </trkpt>
      <trkpt lat="36.8332472" lon="138.2939209">
        <ele>879.3451333722925</ele>
      </trkpt>
      <trkpt lat="36.833241" lon="138.2939578">
        <ele>878.2630111049103</ele>
      </trkpt>
      <trkpt lat="36.8332315" lon="138.2939927">
        <ele>877.150302772496</ele>
      </trkpt>
      <trkpt lat="36.8332221" lon="138.2940277">
        <ele>876.0748012052709</ele>
      </trkpt>
      <trkpt lat="36.8332126" lon="138.2940628">
        <ele>875.0236791989573</ele>
      </trkpt>
      <trkpt lat="36.8332032" lon="138.294098">
        <ele>873.9588049803172</ele>
      </trkpt>
      <trkpt lat="36.833196" lon="138.294135">
        <ele>873.0477944973863</ele>
      </trkpt>
      <trkpt lat="36.8331889" lon="138.2941721">
        <ele>872.1484842092151</ele>
      </trkpt>
      <trkpt lat="36.833183" lon="138.2942122">
        <ele>871.2855439622424</ele>
      </trkpt>
      <trkpt lat="36.8331772" lon="138.2942523">
        <ele>870.4496607719923</ele>
      </trkpt>
      <trkpt lat="36.8331716" lon="138.2942938">
        <ele>869.7053619696683</ele>
      </trkpt>
      <trkpt lat="36.8331661" lon="138.2943353">
        <ele>869.0224997742569</ele>
      </trkpt>
      <trkpt lat="36.8331607" lon="138.294377">
        <ele>868.4551678931582</ele>
      </trkpt>
      <trkpt lat="36.8331554" lon="138.2944188">
        <ele>867.9950322048655</ele>
      </trkpt>
      <trkpt lat="36.8331503" lon="138.2944615">
        <ele>867.6505152683637</ele>
      </trkpt>
      <trkpt lat="36.8331452" lon="138.2945043">
        <ele>867.4160855434696</ele>
      </trkpt>
      <trkpt lat="36.8331407" lon="138.29455">
        <ele>867.2860838896289</ele>
      </trkpt>
      <trkpt lat="36.8331362" lon="138.2945958">
        <ele>867.2429804988212</ele>
      </trkpt>
      <trkpt lat="36.8331324" lon="138.2946434">
        <ele>867.2605950670959</ele>
      </trkpt>
      <trkpt lat="36.8331286" lon="138.294691">
        <ele>867.3117960150835</ele>
      </trkpt>
      <trkpt lat="36.8331248" lon="138.2947386">
        <ele>867.3862902511939</ele>
      </trkpt>
      <trkpt lat="36.833121" lon="138.2947863">
        <ele>867.4770951332446</ele>
      </trkpt>
      <trkpt lat="36.8331168" lon="138.2948334">
        <ele>867.4827303841912</ele>
      </trkpt>
      <trkpt lat="36.8331127" lon="138.2948806">
        <ele>867.4802375060042</ele>
      </trkpt>
      <trkpt lat="36.8331083" lon="138.2949278">
        <ele>867.4166251249773</ele>
      </trkpt>
      <trkpt lat="36.8331039" lon="138.2949751">
        <ele>867.2528584243305</ele>
      </trkpt>
      <trkpt lat="36.833099" lon="138.2950214">
        <ele>866.9665696727488</ele>
      </trkpt>
      <trkpt lat="36.8330942" lon="138.2950678">
        <ele>866.6543173251903</ele>
      </trkpt>
      <trkpt lat="36.833089" lon="138.2951126">
        <ele>866.3439997944874</ele>
      </trkpt>
      <trkpt lat="36.8330838" lon="138.2951575">
        <ele>865.9384628591879</ele>
      </trkpt>
      <trkpt lat="36.83308" lon="138.2952017">
        <ele>865.4899981113376</ele>
      </trkpt>
      <trkpt lat="36.8330763" lon="138.2952459">
        <ele>864.9933035164612</ele>
      </trkpt>
      <trkpt lat="36.8330726" lon="138.2952891">
        <ele>864.4935145946689</ele>
      </trkpt>
      <trkpt lat="36.833069" lon="138.2953324">
        <ele>863.9504699086315</ele>
      </trkpt>
      <trkpt lat="36.8330657" lon="138.2953746">
        <ele>863.40850773072</ele>
      </trkpt>
      <trkpt lat="36.8330624" lon="138.2954169">
        <ele>862.828799314105</ele>
      </trkpt>
      <trkpt lat="36.8330612" lon="138.2954559">
        <ele>862.2571499817257</ele>
      </trkpt>
      <trkpt lat="36.8330601" lon="138.2954949">
        <ele>861.5642750433818</ele>
      </trkpt>
      <trkpt lat="36.8330547" lon="138.2955297">
        <ele>860.9374270256396</ele>
      </trkpt>
      <trkpt lat="36.8330493" lon="138.2955645">
        <ele>860.277311530792</ele>
      </trkpt>
      <trkpt lat="36.833037" lon="138.2955946">
        <ele>859.7237652921399</ele>
      </trkpt>
      <trkpt lat="36.8330247" lon="138.2956247">
        <ele>859.1576611329914</ele>
      </trkpt>
      <trkpt lat="36.8330062" lon="138.2956451">
        <ele>858.8439999449192</ele>
      </trkpt>
      <trkpt lat="36.8329877" lon="138.2956656">
        <ele>858.4508375110202</ele>
      </trkpt>
      <trkpt lat="36.8329636" lon="138.2956745">
        <ele>858.408908615052</ele>
      </trkpt>
      <trkpt lat="36.8329396" lon="138.2956834">
        <ele>858.358902949179</ele>
      </trkpt>
      <trkpt lat="36.8329124" lon="138.2956845">
        <ele>858.5402481164558</ele>
      </trkpt>
      <trkpt lat="36.8328852" lon="138.2956856">
        <ele>858.7074584035911</ele>
      </trkpt>
      <trkpt lat="36.8328575" lon="138.295682">
        <ele>859.0097292729429</ele>
      </trkpt>
      <trkpt lat="36.8328299" lon="138.2956785">
        <ele>859.1598133860505</ele>
      </trkpt>
      <trkpt lat="36.8328028" lon="138.2956749">
        <ele>859.2638547711242</ele>
      </trkpt>
      <trkpt lat="36.8327757" lon="138.2956713">
        <ele>859.332992330072</ele>
      </trkpt>
      <trkpt lat="36.8327487" lon="138.2956686">
        <ele>859.3058039327287</ele>
      </trkpt>
      <trkpt lat="36.8327218" lon="138.295666">
        <ele>859.2717830937008</ele>
      </trkpt>
      <trkpt lat="36.8326935" lon="138.2956625">
        <ele>859.080863917553</ele>
      </trkpt>
      <trkpt lat="36.8326652" lon="138.2956591">
        <ele>858.8154329111403</ele>
      </trkpt>
      <trkpt lat="36.8326358" lon="138.2956545">
        <ele>858.5295548375468</ele>
      </trkpt>
      <trkpt lat="36.8326065" lon="138.29565">
        <ele>858.1967013567539</ele>
      </trkpt>
      <trkpt lat="36.8325775" lon="138.2956445">
        <ele>857.8630902940189</ele>
      </trkpt>
      <trkpt lat="36.8325485" lon="138.295639">
        <ele>857.458374992922</ele>
      </trkpt>
      <trkpt lat="36.8325202" lon="138.2956321">
        <ele>857.0388016625611</ele>
      </trkpt>
      <trkpt lat="36.832492" lon="138.2956252">
        <ele>856.6525220886381</ele>
      </trkpt>
      <trkpt lat="36.8324636" lon="138.2956186">
        <ele>856.286066537517</ele>
      </trkpt>
      <trkpt lat="36.8324353" lon="138.2956121">
        <ele>855.9223664278246</ele>
      </trkpt>
      <trkpt lat="36.8324065" lon="138.2956074">
        <ele>855.6231414020475</ele>
      </trkpt>
      <trkpt lat="36.8323778" lon="138.2956028">
        <ele>855.320280663507</ele>
      </trkpt>
      <trkpt lat="36.8323497" lon="138.2955984">
        <ele>855.1729106956965</ele>
      </trkpt>
      <trkpt lat="36.8323217" lon="138.2955941">
        <ele>855.0726206450393</ele>
      </trkpt>
      <trkpt lat="36.8322938" lon="138.2955892">
        <ele>855.0193732699124</ele>
      </trkpt>
      <trkpt lat="36.832266" lon="138.2955844">
        <ele>855.0871755550177</ele>
      </trkpt>
      <trkpt lat="36.8322378" lon="138.2955803">
        <ele>855.1597389722231</ele>
      </trkpt>
      <trkpt lat="36.8322096" lon="138.2955762">
        <ele>855.4009681765053</ele>
      </trkpt>
      <trkpt lat="36.8321813" lon="138.2955721">
        <ele>855.6811131032932</ele>
      </trkpt>
      <trkpt lat="36.832153" lon="138.295568">
        <ele>856.0321743246152</ele>
      </trkpt>
      <trkpt lat="36.832124" lon="138.2955637">
        <ele>856.4980770444656</ele>
      </trkpt>
      <trkpt lat="36.8320951" lon="138.2955594">
        <ele>856.9780704255111</ele>
      </trkpt>
      <trkpt lat="36.8320644" lon="138.2955551">
        <ele>857.4601896387733</ele>
      </trkpt>
      <trkpt lat="36.8320337" lon="138.2955508">
        <ele>857.9407634691994</ele>
      </trkpt>
      <trkpt lat="36.8320013" lon="138.2955472">
        <ele>858.2643243602838</ele>
      </trkpt>
      <trkpt lat="36.8319689" lon="138.2955436">
        <ele>858.5532425143065</ele>
      </trkpt>
      <trkpt lat="36.8319346" lon="138.2955423">
        <ele>858.6946901410182</ele>
      </trkpt>
      <trkpt lat="36.8319003" lon="138.295541">
        <ele>858.7772444159591</ele>
      </trkpt>
      <trkpt lat="36.8318643" lon="138.29554">
        <ele>858.5569114865574</ele>
      </trkpt>
      <trkpt lat="36.8318283" lon="138.295539">
        <ele>858.2143465236946</ele>
      </trkpt>
      <trkpt lat="36.8317923" lon="138.2955373">
        <ele>857.7068636220425</ele>
      </trkpt>
      <trkpt lat="36.8317563" lon="138.2955357">
        <ele>857.1546681093527</ele>
      </trkpt>
      <trkpt lat="36.8317212" lon="138.2955323">
        <ele>856.4952826388859</ele>
      </trkpt>
      <trkpt lat="36.8316862" lon="138.295529">
        <ele>855.8147533619211</ele>
      </trkpt>
      <trkpt lat="36.8316523" lon="138.2955242">
        <ele>855.114738426759</ele>
      </trkpt>
      <trkpt lat="36.8316185" lon="138.2955195">
        <ele>854.4161735007049</ele>
      </trkpt>
      <trkpt lat="36.8315852" lon="138.2955132">
        <ele>853.7826428451662</ele>
      </trkpt>
      <trkpt lat="36.831552" lon="138.2955069">
        <ele>853.1408012542031</ele>
      </trkpt>
      <trkpt lat="36.8315194" lon="138.2954994">
        <ele>852.616571936726</ele>
      </trkpt>
      <trkpt lat="36.8314869" lon="138.2954919">
        <ele>852.1067189599619</ele>
      </trkpt>
      <trkpt lat="36.8314556" lon="138.295486">
        <ele>851.6573510969613</ele>
      </trkpt>
      <trkpt lat="36.8314243" lon="138.2954802">
        <ele>851.2273737106824</ele>
      </trkpt>
      <trkpt lat="36.8313932" lon="138.2954762">
        <ele>850.8681430994912</ele>
      </trkpt>
      <trkpt lat="36.8313621" lon="138.2954722">
        <ele>850.5936620420811</ele>
      </trkpt>
      <trkpt lat="36.8313304" lon="138.2954685">
        <ele>850.3486317439948</ele>
      </trkpt>
      <trkpt lat="36.8312987" lon="138.2954648">
        <ele>850.1942347233189</ele>
      </trkpt>
      <trkpt lat="36.8312683" lon="138.2954563">
        <ele>850.1044299220115</ele>
      </trkpt>
      <trkpt lat="36.831238" lon="138.2954478">
        <ele>850.1507151103476</ele>
      </trkpt>
      <trkpt lat="36.831211" lon="138.2954319">
        <ele>850.2280207194469</ele>
      </trkpt>
      <trkpt lat="36.831184" lon="138.2954161">
        <ele>850.2927526265235</ele>
      </trkpt>
      <trkpt lat="36.8311623" lon="138.2953922">
        <ele>850.3959425906826</ele>
      </trkpt>
      <trkpt lat="36.8311407" lon="138.2953684">
        <ele>850.4828893161172</ele>
      </trkpt>
      <trkpt lat="36.8311231" lon="138.2953388">
        <ele>850.5834861741001</ele>
      </trkpt>
      <trkpt lat="36.8311056" lon="138.2953092">
        <ele>850.6683380206741</ele>
      </trkpt>
      <trkpt lat="36.8310899" lon="138.2952766">
        <ele>850.7618274794152</ele>
      </trkpt>
      <trkpt lat="36.8310743" lon="138.295244">
        <ele>850.8289385111365</ele>
      </trkpt>
      <trkpt lat="36.8310586" lon="138.2952102">
        <ele>850.8484335678468</ele>
      </trkpt>
      <trkpt lat="36.831043" lon="138.2951764">
        <ele>850.882423180795</ele>
      </trkpt>
      <trkpt lat="36.8310261" lon="138.2951418">
        <ele>850.8698298049978</ele>
      </trkpt>
      <trkpt lat="36.8310093" lon="138.2951073">
        <ele>850.7927155636168</ele>
      </trkpt>
      <trkpt lat="36.8309923" lon="138.2950722">
        <ele>850.6577581014718</ele>
      </trkpt>
      <trkpt lat="36.8309754" lon="138.2950371">
        <ele>850.4629263692582</ele>
      </trkpt>
      <trkpt lat="36.8309592" lon="138.2950026">
        <ele>850.2610807593333</ele>
      </trkpt>
      <trkpt lat="36.830943" lon="138.2949681">
        <ele>850.0402782890266</ele>
      </trkpt>
      <trkpt lat="36.8309269" lon="138.2949339">
        <ele>849.7768312505225</ele>
      </trkpt>
      <trkpt lat="36.8309109" lon="138.2948998">
        <ele>849.4740637062359</ele>
      </trkpt>
      <trkpt lat="36.8308931" lon="138.2948679">
        <ele>849.1382231907896</ele>
      </trkpt>
      <trkpt lat="36.8308753" lon="138.2948361">
        <ele>848.8468338012847</ele>
      </trkpt>
      <trkpt lat="36.8308527" lon="138.2948128">
        <ele>848.4537441993051</ele>
      </trkpt>
      <trkpt lat="36.8308302" lon="138.2947895">
        <ele>848.1206658524765</ele>
      </trkpt>
      <trkpt lat="36.8308049" lon="138.2947862">
        <ele>847.719521487703</ele>
      </trkpt>
      <trkpt lat="36.8307796" lon="138.2947829">
        <ele>847.3535967895682</ele>
      </trkpt>
      <trkpt lat="36.8307569" lon="138.2948015">
        <ele>847.0021040408069</ele>
      </trkpt>
      <trkpt lat="36.8307343" lon="138.2948201">
        <ele>846.63766403092</ele>
      </trkpt>
      <trkpt lat="36.8307165" lon="138.2948519">
        <ele>846.2951236127234</ele>
      </trkpt>
      <trkpt lat="36.8306988" lon="138.2948837">
        <ele>846.0175448028929</ele>
      </trkpt>
      <trkpt lat="36.8306845" lon="138.2949183">
        <ele>845.7995971597261</ele>
      </trkpt>
      <trkpt lat="36.8306702" lon="138.2949529">
        <ele>845.5480855158712</ele>
      </trkpt>
      <trkpt lat="36.8306577" lon="138.2949873">
        <ele>845.2892260237262</ele>
      </trkpt>
      <trkpt lat="36.8306453" lon="138.2950217">
        <ele>845.0261246919637</ele>
      </trkpt>
      <trkpt lat="36.8306341" lon="138.2950565">
        <ele>844.8285474454864</ele>
      </trkpt>
      <trkpt lat="36.830623" lon="138.2950914">
        <ele>844.6655757756531</ele>
      </trkpt>
      <trkpt lat="36.8306115" lon="138.2951267">
        <ele>844.4697560944566</ele>
      </trkpt>
      <trkpt lat="36.8306001" lon="138.295162">
        <ele>844.2797499128434</ele>
      </trkpt>
      <trkpt lat="36.8305865" lon="138.295198">
        <ele>844.0350270257029</ele>
      </trkpt>
      <trkpt lat="36.830573" lon="138.295234">
        <ele>843.8273762429646</ele>
      </trkpt>
      <trkpt lat="36.8305583" lon="138.2952706">
        <ele>843.6126171678875</ele>
      </trkpt>
      <trkpt lat="36.8305437" lon="138.2953072">
        <ele>843.392822016969</ele>
      </trkpt>
      <trkpt lat="36.8305306" lon="138.2953445">
        <ele>843.2199338886383</ele>
      </trkpt>
      <trkpt lat="36.8305176" lon="138.2953819">
        <ele>843.0328888794942</ele>
      </trkpt>
      <trkpt lat="36.8305061" lon="138.2954179">
        <ele>842.9803867179827</ele>
      </trkpt>
      <trkpt lat="36.8304947" lon="138.295454">
        <ele>842.9221213591903</ele>
      </trkpt>
      <trkpt lat="36.8304819" lon="138.2954888">
        <ele>842.8099747382136</ele>
      </trkpt>
      <trkpt lat="36.8304692" lon="138.2955236">
        <ele>842.685140792596</ele>
      </trkpt>
      <trkpt lat="36.8304527" lon="138.2955575">
        <ele>842.4521314751368</ele>
      </trkpt>
      <trkpt lat="36.8304363" lon="138.2955915">
        <ele>842.2931481551909</ele>
      </trkpt>
      <trkpt lat="36.830417" lon="138.2956242">
        <ele>842.0435759553525</ele>
      </trkpt>
      <trkpt lat="36.8303977" lon="138.2956569">
        <ele>841.772597871193</ele>
      </trkpt>
      <trkpt lat="36.8303776" lon="138.2956877">
        <ele>841.4487191366084</ele>
      </trkpt>
      <trkpt lat="36.8303575" lon="138.2957186">
        <ele>841.1043894630451</ele>
      </trkpt>
      <trkpt lat="36.8303372" lon="138.2957464">
        <ele>840.7635173168682</ele>
      </trkpt>
      <trkpt lat="36.8303169" lon="138.2957742">
        <ele>840.4225557839966</ele>
      </trkpt>
      <trkpt lat="36.8302952" lon="138.2957974">
        <ele>840.0355493428607</ele>
      </trkpt>
      <trkpt lat="36.8302736" lon="138.2958206">
        <ele>839.6035840446834</ele>
      </trkpt>
      <trkpt lat="36.8302497" lon="138.2958395">
        <ele>839.0121734847091</ele>
      </trkpt>
      <trkpt lat="36.8302258" lon="138.2958585">
        <ele>838.4430711619565</ele>
      </trkpt>
      <trkpt lat="36.8301982" lon="138.2958765">
        <ele>837.800278314949</ele>
      </trkpt>
      <trkpt lat="36.8301706" lon="138.2958946">
        <ele>837.1654571312719</ele>
      </trkpt>
      <trkpt lat="36.8301382" lon="138.2959132">
        <ele>837.340136913537</ele>
      </trkpt>
      <trkpt lat="36.8301058" lon="138.2959319">
        <ele>836.8541742788632</ele>
      </trkpt>
      <trkpt lat="36.8300702" lon="138.2959518">
        <ele>836.381445012923</ele>
      </trkpt>
      <trkpt lat="36.8300347" lon="138.2959718">
        <ele>835.8931130240439</ele>
      </trkpt>
      <trkpt lat="36.8300001" lon="138.2959927">
        <ele>835.5193887975307</ele>
      </trkpt>
      <trkpt lat="36.8299656" lon="138.2960137">
        <ele>835.1634174620281</ele>
      </trkpt>
      <trkpt lat="36.8299332" lon="138.2960332">
        <ele>834.8464318619648</ele>
      </trkpt>
      <trkpt lat="36.8299009" lon="138.2960528">
        <ele>834.5104099624301</ele>
      </trkpt>
      <trkpt lat="36.8298691" lon="138.2960731">
        <ele>834.2563430263195</ele>
      </trkpt>
      <trkpt lat="36.8298373" lon="138.2960935">
        <ele>834.0311735775914</ele>
      </trkpt>
      <trkpt lat="36.8298077" lon="138.2961147">
        <ele>833.805571561516</ele>
      </trkpt>
      <trkpt lat="36.8297781" lon="138.296136">
        <ele>833.534836987208</ele>
      </trkpt>
      <trkpt lat="36.8297514" lon="138.2961583">
        <ele>833.3085634564342</ele>
      </trkpt>
      <trkpt lat="36.8297247" lon="138.2961806">
        <ele>833.1636024820348</ele>
      </trkpt>
      <trkpt lat="36.8296992" lon="138.2962029">
        <ele>832.9958838695222</ele>
      </trkpt>
      <trkpt lat="36.8296737" lon="138.2962252">
        <ele>832.7795802605344</ele>
      </trkpt>
      <trkpt lat="36.8296483" lon="138.2962469">
        <ele>832.5483183196004</ele>
      </trkpt>
      <trkpt lat="36.829623" lon="138.2962686">
        <ele>832.290642779438</ele>
      </trkpt>
      <trkpt lat="36.8295977" lon="138.2962879">
        <ele>831.9837402392186</ele>
      </trkpt>
      <trkpt lat="36.8295724" lon="138.2963073">
        <ele>831.6774396078665</ele>
      </trkpt>
      <trkpt lat="36.8295478" lon="138.2963244">
        <ele>831.3587715007909</ele>
      </trkpt>
      <trkpt lat="36.8295233" lon="138.2963415">
        <ele>830.9743401483834</ele>
      </trkpt>
      <trkpt lat="36.829498" lon="138.2963574">
        <ele>830.5485966580551</ele>
      </trkpt>
      <trkpt lat="36.8294727" lon="138.2963734">
        <ele>830.128052266341</ele>
      </trkpt>
      <trkpt lat="36.829446" lon="138.2963882">
        <ele>829.6827760767835</ele>
      </trkpt>
      <trkpt lat="36.8294194" lon="138.2964031">
        <ele>829.2262093328081</ele>
      </trkpt>
      <trkpt lat="36.8293921" lon="138.2964167">
        <ele>828.7007585025598</ele>
      </trkpt>
      <trkpt lat="36.8293649" lon="138.2964304">
        <ele>828.1488821666729</ele>
      </trkpt>
      <trkpt lat="36.8293377" lon="138.2964454">
        <ele>827.6047541018117</ele>
      </trkpt>
      <trkpt lat="36.8293106" lon="138.2964605">
        <ele>827.0919522630987</ele>
      </trkpt>
      <trkpt lat="36.8292825" lon="138.2964788">
        <ele>826.560228039045</ele>
      </trkpt>
      <trkpt lat="36.8292545" lon="138.2964971">
        <ele>825.9960845853999</ele>
      </trkpt>
      <trkpt lat="36.8292246" lon="138.2965172">
        <ele>825.3222349035093</ele>
      </trkpt>
      <trkpt lat="36.8291948" lon="138.2965373">
        <ele>824.6677336013184</ele>
      </trkpt>
      <trkpt lat="36.8291636" lon="138.296556">
        <ele>824.0119890778797</ele>
      </trkpt>
      <trkpt lat="36.8291325" lon="138.2965748">
        <ele>823.369849853316</ele>
      </trkpt>
      <trkpt lat="36.8291004" lon="138.2965903">
        <ele>822.7566262722022</ele>
      </trkpt>
      <trkpt lat="36.8290684" lon="138.2966058">
        <ele>822.1538969868111</ele>
      </trkpt>
      <trkpt lat="36.8290363" lon="138.2966158">
        <ele>821.640055765524</ele>
      </trkpt>
      <trkpt lat="36.8290043" lon="138.2966259">
        <ele>821.1494991632248</ele>
      </trkpt>
      <trkpt lat="36.8289717" lon="138.2966291">
        <ele>820.695599444484</ele>
      </trkpt>
      <trkpt lat="36.8289391" lon="138.2966324">
        <ele>820.2452326013486</ele>
      </trkpt>
      <trkpt lat="36.8289063" lon="138.2966289">
        <ele>819.8993101107194</ele>
      </trkpt>
      <trkpt lat="36.8288735" lon="138.2966255">
        <ele>819.5651101849508</ele>
      </trkpt>
      <trkpt lat="36.8288415" lon="138.2966197">
        <ele>819.2390616147551</ele>
      </trkpt>
      <trkpt lat="36.8288096" lon="138.296614">
        <ele>818.9140320820044</ele>
      </trkpt>
      <trkpt lat="36.8287822" lon="138.296609">
        <ele>818.6650197119394</ele>
      </trkpt>
      <trkpt lat="36.8287548" lon="138.296604">
        <ele>818.4331393723396</ele>
      </trkpt>
      <trkpt lat="36.8287337" lon="138.2965982">
        <ele>818.2492682763317</ele>
      </trkpt>
      <trkpt lat="36.8287126" lon="138.2965924">
        <ele>818.0819011924665</ele>
      </trkpt>
      <trkpt lat="36.8286959" lon="138.2965813">
        <ele>817.9715889102321</ele>
      </trkpt>
      <trkpt lat="36.8286793" lon="138.2965702">
        <ele>817.9025062879555</ele>
      </trkpt>
      <trkpt lat="36.8286645" lon="138.2965527">
        <ele>817.8763499862055</ele>
      </trkpt>
      <trkpt lat="36.8286497" lon="138.2965352">
        <ele>817.8501937053637</ele>
      </trkpt>
      <trkpt lat="36.8286341" lon="138.2965138">
        <ele>817.8363904839152</ele>
      </trkpt>
      <trkpt lat="36.8286185" lon="138.2964924">
        <ele>817.8465378775732</ele>
      </trkpt>
      <trkpt lat="36.8286013" lon="138.2964665">
        <ele>817.9325887305669</ele>
      </trkpt>
      <trkpt lat="36.8285841" lon="138.2964406">
        <ele>818.0066986671192</ele>
      </trkpt>
      <trkpt lat="36.8285667" lon="138.2964094">
        <ele>818.1215021668208</ele>
      </trkpt>
      <trkpt lat="36.8285494" lon="138.2963782">
        <ele>818.3100399759769</ele>
      </trkpt>
      <trkpt lat="36.8285329" lon="138.2963435">
        <ele>818.5254105820934</ele>
      </trkpt>
      <trkpt lat="36.8285164" lon="138.2963089">
        <ele>818.7661614409419</ele>
      </trkpt>
      <trkpt lat="36.8285" lon="138.2962742">
        <ele>819.0437750439864</ele>
      </trkpt>
      <trkpt lat="36.8284837" lon="138.2962396">
        <ele>819.3186091084735</ele>
      </trkpt>
      <trkpt lat="36.8284659" lon="138.2962076">
        <ele>819.5100725208877</ele>
      </trkpt>
      <trkpt lat="36.8284481" lon="138.2961757">
        <ele>819.6904727693648</ele>
      </trkpt>
      <trkpt lat="36.8284266" lon="138.2961484">
        <ele>819.7179342466784</ele>
      </trkpt>
      <trkpt lat="36.8284051" lon="138.2961212">
        <ele>819.6517452898154</ele>
      </trkpt>
      <trkpt lat="36.8283781" lon="138.2961017">
        <ele>819.5009181782983</ele>
      </trkpt>
      <trkpt lat="36.8283511" lon="138.2960822">
        <ele>819.3649941576332</ele>
      </trkpt>
      <trkpt lat="36.828321" lon="138.296071">
        <ele>819.1303940275232</ele>
      </trkpt>
      <trkpt lat="36.828291" lon="138.2960599">
        <ele>818.8804785455579</ele>
      </trkpt>
      <trkpt lat="36.8282612" lon="138.2960512">
        <ele>818.6303601314316</ele>
      </trkpt>
      <trkpt lat="36.8282315" lon="138.2960425">
        <ele>818.398193983192</ele>
      </trkpt>
      <trkpt lat="36.8282023" lon="138.296033">
        <ele>818.1755930543806</ele>
      </trkpt>
      <trkpt lat="36.8281732" lon="138.2960235">
        <ele>817.9243253374411</ele>
      </trkpt>
      <trkpt lat="36.8281453" lon="138.2960139">
        <ele>817.6123421383802</ele>
      </trkpt>
      <trkpt lat="36.8281174" lon="138.2960043">
        <ele>817.2912747188433</ele>
      </trkpt>
      <trkpt lat="36.8280896" lon="138.2959984">
        <ele>816.931008365658</ele>
      </trkpt>
      <trkpt lat="36.8280618" lon="138.2959926">
        <ele>816.5600699889484</ele>
      </trkpt>
      <trkpt lat="36.8280353" lon="138.2959891">
        <ele>816.1562811724137</ele>
      </trkpt>
      <trkpt lat="36.8280088" lon="138.2959857">
        <ele>815.6127427378543</ele>
      </trkpt>
      <trkpt lat="36.8279848" lon="138.2959785">
        <ele>815.078981129414</ele>
      </trkpt>
      <trkpt lat="36.8279609" lon="138.2959714">
        <ele>814.5186177396621</ele>
      </trkpt>
      <trkpt lat="36.8279386" lon="138.2959596">
        <ele>813.9253509634154</ele>
      </trkpt>
      <trkpt lat="36.8279163" lon="138.2959479">
        <ele>813.3151292395638</ele>
      </trkpt>
      <trkpt lat="36.827899" lon="138.2959312">
        <ele>812.7280909882235</ele>
      </trkpt>
      <trkpt lat="36.8278817" lon="138.2959146">
        <ele>812.0919538807784</ele>
      </trkpt>
      <trkpt lat="36.8278777" lon="138.2958918">
        <ele>810.9371504031596</ele>
      </trkpt>
      <trkpt lat="36.8278738" lon="138.295869">
        <ele>810.8292937554428</ele>
      </trkpt>
      <trkpt lat="36.8278854" lon="138.2958449">
        <ele>811.1500981591882</ele>
      </trkpt>
      <trkpt lat="36.8278971" lon="138.2958208">
        <ele>811.4736681673684</ele>
      </trkpt>
      <trkpt lat="36.8279186" lon="138.2957973">
        <ele>811.7588952903178</ele>
      </trkpt>
      <trkpt lat="36.8279401" lon="138.2957739">
        <ele>811.8738935144629</ele>
      </trkpt>
      <trkpt lat="36.8279633" lon="138.295747">
        <ele>811.9729972302227</ele>
      </trkpt>
      <trkpt lat="36.8279866" lon="138.2957202">
        <ele>812.0237553481957</ele>
      </trkpt>
      <trkpt lat="36.8280072" lon="138.2956894">
        <ele>811.8752846600266</ele>
      </trkpt>
      <trkpt lat="36.8280279" lon="138.2956587">
        <ele>811.730453929795</ele>
      </trkpt>
      <trkpt lat="36.828046" lon="138.2956248">
        <ele>811.4284190241253</ele>
      </trkpt>
      <trkpt lat="36.8280641" lon="138.295591">
        <ele>811.0224176275547</ele>
      </trkpt>
      <trkpt lat="36.8280811" lon="138.2955551">
        <ele>810.5588192035616</ele>
      </trkpt>
      <trkpt lat="36.8280981" lon="138.2955193">
        <ele>810.105258505957</ele>
      </trkpt>
      <trkpt lat="36.8281144" lon="138.2954834">
        <ele>809.6233915193947</ele>
      </trkpt>
      <trkpt lat="36.8281308" lon="138.2954475">
        <ele>809.1764325887441</ele>
      </trkpt>
      <trkpt lat="36.8281458" lon="138.2954143">
        <ele>808.7758737751758</ele>
      </trkpt>
      <trkpt lat="36.8281609" lon="138.2953812">
        <ele>808.3884027416852</ele>
      </trkpt>
      <trkpt lat="36.8281776" lon="138.2953578">
        <ele>808.3039747448117</ele>
      </trkpt>
      <trkpt lat="36.8281943" lon="138.2953344">
        <ele>808.2446196740042</ele>
      </trkpt>
      <trkpt lat="36.8282136" lon="138.2953228">
        <ele>808.4086566658176</ele>
      </trkpt>
      <trkpt lat="36.828233" lon="138.2953112">
        <ele>808.5895810594855</ele>
      </trkpt>
      <trkpt lat="36.8282553" lon="138.2953047">
        <ele>808.9134621695729</ele>
      </trkpt>
      <trkpt lat="36.8282777" lon="138.2952983">
        <ele>809.2962587794859</ele>
      </trkpt>
      <trkpt lat="36.8282997" lon="138.2952882">
        <ele>809.68774446813</ele>
      </trkpt>
      <trkpt lat="36.8283217" lon="138.2952782">
        <ele>810.1067989208325</ele>
      </trkpt>
      <trkpt lat="36.8283396" lon="138.2952614">
        <ele>810.4680972798346</ele>
      </trkpt>
      <trkpt lat="36.8283576" lon="138.2952447">
        <ele>810.8729309613757</ele>
      </trkpt>
      <trkpt lat="36.8283698" lon="138.2952195">
        <ele>811.1550651491768</ele>
      </trkpt>
      <trkpt lat="36.828382" lon="138.2951943">
        <ele>811.562918696227</ele>
      </trkpt>
      <trkpt lat="36.8283873" lon="138.295163">
        <ele>811.8605880617152</ele>
      </trkpt>
      <trkpt lat="36.8283926" lon="138.2951317">
        <ele>812.1763823740353</ele>
      </trkpt>
      <trkpt lat="36.8283944" lon="138.2950983">
        <ele>812.5565331790556</ele>
      </trkpt>
      <trkpt lat="36.8283962" lon="138.2950649">
        <ele>812.9709073978373</ele>
      </trkpt>
      <trkpt lat="36.828396" lon="138.295032">
        <ele>813.3607587834599</ele>
      </trkpt>
      <trkpt lat="36.8283959" lon="138.2949992">
        <ele>813.8924177602877</ele>
      </trkpt>
      <trkpt lat="36.8283938" lon="138.294968">
        <ele>814.3310228482131</ele>
      </trkpt>
      <trkpt lat="36.8283918" lon="138.2949368">
        <ele>814.8324800002447</ele>
      </trkpt>
      <trkpt lat="36.8283903" lon="138.2949079">
        <ele>815.3531039350737</ele>
      </trkpt>
      <trkpt lat="36.8283889" lon="138.2948791">
        <ele>815.8764422177695</ele>
      </trkpt>
      <trkpt lat="36.8283875" lon="138.2948533">
        <ele>816.4121538858901</ele>
      </trkpt>
      <trkpt lat="36.8283862" lon="138.2948276">
        <ele>816.999988230621</ele>
      </trkpt>
      <trkpt lat="36.8283836" lon="138.2948014">
        <ele>817.560717012134</ele>
      </trkpt>
      <trkpt lat="36.8283811" lon="138.2947752">
        <ele>818.1527987925298</ele>
      </trkpt>
      <trkpt lat="36.8283776" lon="138.2947461">
        <ele>818.8641945117037</ele>
      </trkpt>
      <trkpt lat="36.8283741" lon="138.2947171">
        <ele>819.5762279737837</ele>
      </trkpt>
      <trkpt lat="36.8283689" lon="138.2946876">
        <ele>820.2727238546768</ele>
      </trkpt>
      <trkpt lat="36.8283638" lon="138.2946581">
        <ele>821.0195113709003</ele>
      </trkpt>
      <trkpt lat="36.8283514" lon="138.294632">
        <ele>821.4893753537414</ele>
      </trkpt>
      <trkpt lat="36.828339" lon="138.294606">
        <ele>821.9926473843907</ele>
      </trkpt>
      <trkpt lat="36.8283174" lon="138.2945882">
        <ele>822.0401701330142</ele>
      </trkpt>
      <trkpt lat="36.8282959" lon="138.2945704">
        <ele>821.9933091401556</ele>
      </trkpt>
      <trkpt lat="36.8282686" lon="138.2945632">
        <ele>821.4432284235227</ele>
      </trkpt>
      <trkpt lat="36.8282413" lon="138.2945561">
        <ele>820.8781025727285</ele>
      </trkpt>
      <trkpt lat="36.8282142" lon="138.294562">
        <ele>819.8040765639398</ele>
      </trkpt>
      <trkpt lat="36.8281871" lon="138.294568">
        <ele>818.726555611659</ele>
      </trkpt>
      <trkpt lat="36.828164" lon="138.2945877">
        <ele>817.2577796690014</ele>
      </trkpt>
      <trkpt lat="36.828141" lon="138.2946075">
        <ele>815.7582027973422</ele>
      </trkpt>
      <trkpt lat="36.8281222" lon="138.2946363">
        <ele>814.0878738942644</ele>
      </trkpt>
      <trkpt lat="36.8281034" lon="138.2946651">
        <ele>812.4554330437812</ele>
      </trkpt>
      <trkpt lat="36.8280865" lon="138.2946966">
        <ele>810.846267982831</ele>
      </trkpt>
      <trkpt lat="36.8280696" lon="138.2947281">
        <ele>809.4190463910251</ele>
      </trkpt>
      <trkpt lat="36.8280513" lon="138.2947585">
        <ele>808.0201727233233</ele>
      </trkpt>
      <trkpt lat="36.8280331" lon="138.294789">
        <ele>806.7677587933249</ele>
      </trkpt>
      <trkpt lat="36.8280135" lon="138.2948167">
        <ele>805.8386635443716</ele>
      </trkpt>
      <trkpt lat="36.827994" lon="138.2948444">
        <ele>804.9666801041577</ele>
      </trkpt>
      <trkpt lat="36.8279745" lon="138.2948679">
        <ele>804.2182742285146</ele>
      </trkpt>
      <trkpt lat="36.8279551" lon="138.2948915">
        <ele>803.7057345167539</ele>
      </trkpt>
      <trkpt lat="36.8279355" lon="138.2949121">
        <ele>803.2677388777748</ele>
      </trkpt>
      <trkpt lat="36.8279159" lon="138.2949328">
        <ele>802.8700731313501</ele>
      </trkpt>
      <trkpt lat="36.8278958" lon="138.294956">
        <ele>802.511231268384</ele>
      </trkpt>
      <trkpt lat="36.8278758" lon="138.2949792">
        <ele>802.2554747327233</ele>
      </trkpt>
      <trkpt lat="36.8278539" lon="138.2950025">
        <ele>801.9827753912662</ele>
      </trkpt>
      <trkpt lat="36.827832" lon="138.2950258">
        <ele>801.7111895589837</ele>
      </trkpt>
      <trkpt lat="36.8278072" lon="138.2950401">
        <ele>801.4435227672589</ele>
      </trkpt>
      <trkpt lat="36.8277825" lon="138.2950544">
        <ele>801.2146004140369</ele>
      </trkpt>
      <trkpt lat="36.8277549" lon="138.2950562">
        <ele>800.9608516240932</ele>
      </trkpt>
      <trkpt lat="36.8277274" lon="138.2950581">
        <ele>800.7008750723965</ele>
      </trkpt>
      <trkpt lat="36.8276979" lon="138.2950502">
        <ele>800.4515772715241</ele>
      </trkpt>
      <trkpt lat="36.8276685" lon="138.2950423">
        <ele>800.1787267026074</ele>
      </trkpt>
      <trkpt lat="36.8276393" lon="138.2950278">
        <ele>799.9724294249238</ele>
      </trkpt>
      <trkpt lat="36.8276101" lon="138.2950134">
        <ele>799.7885050737669</ele>
      </trkpt>
      <trkpt lat="36.827583" lon="138.2949948">
        <ele>799.6696699631839</ele>
      </trkpt>
      <trkpt lat="36.8275559" lon="138.2949763">
        <ele>799.5692961973613</ele>
      </trkpt>
      <trkpt lat="36.8275334" lon="138.2949526">
        <ele>799.5621234754576</ele>
      </trkpt>
      <trkpt lat="36.8275109" lon="138.294929">
        <ele>799.5031043830336</ele>
      </trkpt>
      <trkpt lat="36.8274939" lon="138.2948996">
        <ele>799.5259058806121</ele>
      </trkpt>
      <trkpt lat="36.8274769" lon="138.2948703">
        <ele>799.5245898402303</ele>
      </trkpt>
      <trkpt lat="36.8274613" lon="138.294839">
        <ele>799.5479797624521</ele>
      </trkpt>
      <trkpt lat="36.8274458" lon="138.2948078">
        <ele>799.5718060573798</ele>
      </trkpt>
      <trkpt lat="36.8274275" lon="138.2947795">
        <ele>799.5465532673988</ele>
      </trkpt>
      <trkpt lat="36.8274093" lon="138.2947512">
        <ele>799.4930041901075</ele>
      </trkpt>
      <trkpt lat="36.8273874" lon="138.2947289">
        <ele>799.3737944879344</ele>
      </trkpt>
      <trkpt lat="36.8273655" lon="138.2947067">
        <ele>799.2541188156706</ele>
      </trkpt>
      <trkpt lat="36.8273428" lon="138.2946861">
        <ele>799.1289752764767</ele>
      </trkpt>
      <trkpt lat="36.8273201" lon="138.2946656">
        <ele>799.0006247117828</ele>
      </trkpt>
      <trkpt lat="36.8273008" lon="138.2946398">
        <ele>798.9200580768979</ele>
      </trkpt>
      <trkpt lat="36.8272815" lon="138.294614">
        <ele>798.8379405376411</ele>
      </trkpt>
      <trkpt lat="36.8272679" lon="138.294581">
        <ele>798.9081651837578</ele>
      </trkpt>
      <trkpt lat="36.8272544" lon="138.2945481">
        <ele>798.9819225430966</ele>
      </trkpt>
      <trkpt lat="36.8272446" lon="138.2945109">
        <ele>799.1066781976042</ele>
      </trkpt>
      <trkpt lat="36.8272348" lon="138.2944737">
        <ele>799.2297301751819</ele>
      </trkpt>
      <trkpt lat="36.8272252" lon="138.2944362">
        <ele>799.3650417401001</ele>
      </trkpt>
      <trkpt lat="36.8272157" lon="138.2943987">
        <ele>799.4687046446514</ele>
      </trkpt>
      <trkpt lat="36.8272049" lon="138.2943631">
        <ele>799.5557967747465</ele>
      </trkpt>
      <trkpt lat="36.8271942" lon="138.2943275">
        <ele>799.6762861939387</ele>
      </trkpt>
      <trkpt lat="36.82718" lon="138.2942949">
        <ele>799.7628514623975</ele>
      </trkpt>
      <trkpt lat="36.8271658" lon="138.2942623">
        <ele>799.8494167499484</ele>
      </trkpt>
      <trkpt lat="36.8271468" lon="138.2942343">
        <ele>799.8822727010361</ele>
      </trkpt>
      <trkpt lat="36.8271278" lon="138.2942064">
        <ele>799.961836129847</ele>
      </trkpt>
      <trkpt lat="36.8271042" lon="138.2941852">
        <ele>799.9822827894252</ele>
      </trkpt>
      <trkpt lat="36.8270807" lon="138.294164">
        <ele>800.0866278177081</ele>
      </trkpt>
      <trkpt lat="36.8270545" lon="138.2941497">
        <ele>800.1841293426609</ele>
      </trkpt>
      <trkpt lat="36.8270284" lon="138.2941355">
        <ele>800.2681883716432</ele>
      </trkpt>
      <trkpt lat="36.8270003" lon="138.2941302">
        <ele>800.2915413674916</ele>
      </trkpt>
      <trkpt lat="36.8269722" lon="138.2941249">
        <ele>800.3691316217834</ele>
      </trkpt>
      <trkpt lat="36.8269441" lon="138.2941283">
        <ele>800.3606434198534</ele>
      </trkpt>
      <trkpt lat="36.826916" lon="138.2941317">
        <ele>800.405482899678</ele>
      </trkpt>
      <trkpt lat="36.8268889" lon="138.2941425">
        <ele>800.371126785456</ele>
      </trkpt>
      <trkpt lat="36.8268619" lon="138.2941534">
        <ele>800.3666270313634</ele>
      </trkpt>
      <trkpt lat="36.8268364" lon="138.2941719">
        <ele>800.3208429142214</ele>
      </trkpt>
      <trkpt lat="36.8268109" lon="138.2941904">
        <ele>800.3117498653022</ele>
      </trkpt>
      <trkpt lat="36.8267853" lon="138.2942147">
        <ele>800.260740041897</ele>
      </trkpt>
      <trkpt lat="36.8267597" lon="138.2942391">
        <ele>800.2019567142713</ele>
      </trkpt>
      <trkpt lat="36.8267331" lon="138.2942652">
        <ele>800.1416459127953</ele>
      </trkpt>
      <trkpt lat="36.8267065" lon="138.2942913">
        <ele>800.1142387604344</ele>
      </trkpt>
      <trkpt lat="36.8266796" lon="138.2943165">
        <ele>800.0946933213628</ele>
      </trkpt>
      <trkpt lat="36.8266528" lon="138.2943417">
        <ele>800.0284747434791</ele>
      </trkpt>
      <trkpt lat="36.8266249" lon="138.2943647">
        <ele>799.9619780594026</ele>
      </trkpt>
      <trkpt lat="36.8265971" lon="138.2943877">
        <ele>799.9105626687243</ele>
      </trkpt>
      <trkpt lat="36.8265676" lon="138.294406">
        <ele>799.9169832717066</ele>
      </trkpt>
      <trkpt lat="36.8265381" lon="138.2944244">
        <ele>799.941235864504</ele>
      </trkpt>
      <trkpt lat="36.8265073" lon="138.2944363">
        <ele>799.9488797724257</ele>
      </trkpt>
      <trkpt lat="36.8264765" lon="138.2944483">
        <ele>799.9461238299848</ele>
      </trkpt>
      <trkpt lat="36.8264449" lon="138.2944556">
        <ele>799.9895163846396</ele>
      </trkpt>
      <trkpt lat="36.8264134" lon="138.294463">
        <ele>800.0404866490401</ele>
      </trkpt>
      <trkpt lat="36.8263815" lon="138.294468">
        <ele>800.0782601834728</ele>
      </trkpt>
      <trkpt lat="36.8263497" lon="138.294473">
        <ele>800.0820348938214</ele>
      </trkpt>
      <trkpt lat="36.8263183" lon="138.2944743">
        <ele>800.121918467455</ele>
      </trkpt>
      <trkpt lat="36.8262869" lon="138.2944756">
        <ele>800.2319848912878</ele>
      </trkpt>
      <trkpt lat="36.8262573" lon="138.2944695">
        <ele>800.385572477564</ele>
      </trkpt>
      <trkpt lat="36.8262277" lon="138.2944634">
        <ele>800.6823815119924</ele>
      </trkpt>
      <trkpt lat="36.8262018" lon="138.2944505">
        <ele>800.9987474306492</ele>
      </trkpt>
      <trkpt lat="36.8261759" lon="138.2944376">
        <ele>801.4185758295471</ele>
      </trkpt>
      <trkpt lat="36.8261521" lon="138.2944219">
        <ele>801.954196852073</ele>
      </trkpt>
      <trkpt lat="36.8261283" lon="138.2944063">
        <ele>802.5016910506284</ele>
      </trkpt>
      <trkpt lat="36.8261045" lon="138.2943908">
        <ele>803.2087128628856</ele>
      </trkpt>
      <trkpt lat="36.8260808" lon="138.2943753">
        <ele>804.0200864809817</ele>
      </trkpt>
      <trkpt lat="36.8260558" lon="138.2943621">
        <ele>804.860400256463</ele>
      </trkpt>
      <trkpt lat="36.8260309" lon="138.294349">
        <ele>805.8247208223681</ele>
      </trkpt>
      <trkpt lat="36.8260049" lon="138.2943374">
        <ele>806.8546000900681</ele>
      </trkpt>
      <trkpt lat="36.8259789" lon="138.2943258">
        <ele>807.8844790487555</ele>
      </trkpt>
      <trkpt lat="36.8259524" lon="138.2943141">
        <ele>808.9328724994334</ele>
      </trkpt>
      <trkpt lat="36.825926" lon="138.2943024">
        <ele>809.9777723862801</ele>
      </trkpt>
      <trkpt lat="36.825902" lon="138.2942895">
        <ele>810.9395985530088</ele>
      </trkpt>
      <trkpt lat="36.8258781" lon="138.2942767">
        <ele>811.8752161547391</ele>
      </trkpt>
      <trkpt lat="36.8258591" lon="138.2942592">
        <ele>812.6817288442472</ele>
      </trkpt>
      <trkpt lat="36.8258402" lon="138.2942417">
        <ele>813.4405889490858</ele>
      </trkpt>
      <trkpt lat="36.8258331" lon="138.2942185">
        <ele>813.8325094641662</ele>
      </trkpt>
      <trkpt lat="36.8258261" lon="138.2941953">
        <ele>814.221955585667</ele>
      </trkpt>
      <trkpt lat="36.8258288" lon="138.2941685">
        <ele>814.4325112278134</ele>
      </trkpt>
      <trkpt lat="36.8258316" lon="138.2941418">
        <ele>814.6692392981006</ele>
      </trkpt>
      <trkpt lat="36.825843" lon="138.2941143">
        <ele>814.7147418722097</ele>
      </trkpt>
      <trkpt lat="36.8258545" lon="138.2940868">
        <ele>814.7288640361169</ele>
      </trkpt>
      <trkpt lat="36.8258732" lon="138.294062">
        <ele>814.5782552943942</ele>
      </trkpt>
      <trkpt lat="36.8258919" lon="138.2940373">
        <ele>814.4730757460073</ele>
      </trkpt>
      <trkpt lat="36.8259113" lon="138.2940144">
        <ele>814.3630574990686</ele>
      </trkpt>
      <trkpt lat="36.8259307" lon="138.2939915">
        <ele>814.3592947491687</ele>
      </trkpt>
      <trkpt lat="36.8259374" lon="138.2939701">
        <ele>814.7057065386408</ele>
      </trkpt>
      <trkpt lat="36.8259441" lon="138.2939488">
        <ele>815.0642180205572</ele>
      </trkpt>
      <trkpt lat="36.8259329" lon="138.2939361">
        <ele>815.6478473400974</ele>
      </trkpt>
      <trkpt lat="36.8259218" lon="138.2939235">
        <ele>816.2172748259065</ele>
      </trkpt>
      <trkpt lat="36.8258999" lon="138.293914">
        <ele>816.97547817902</ele>
      </trkpt>
      <trkpt lat="36.825878" lon="138.2939045">
        <ele>817.692490755856</ele>
      </trkpt>
      <trkpt lat="36.825854" lon="138.2938927">
        <ele>818.480753264578</ele>
      </trkpt>
      <trkpt lat="36.8258301" lon="138.293881">
        <ele>819.1751922526904</ele>
      </trkpt>
      <trkpt lat="36.8258076" lon="138.2938725">
        <ele>819.7107273003651</ele>
      </trkpt>
      <trkpt lat="36.8257852" lon="138.293864">
        <ele>820.2253632689378</ele>
      </trkpt>
      <trkpt lat="36.8257669" lon="138.2938667">
        <ele>820.4292772831956</ele>
      </trkpt>
      <trkpt lat="36.8257487" lon="138.2938695">
        <ele>820.6289203204968</ele>
      </trkpt>
      <trkpt lat="36.8257337" lon="138.293883">
        <ele>820.577201043694</ele>
      </trkpt>
      <trkpt lat="36.8257188" lon="138.2938965">
        <ele>820.5377110107886</ele>
      </trkpt>
      <trkpt lat="36.8257026" lon="138.2939166">
        <ele>820.3861643821618</ele>
      </trkpt>
      <trkpt lat="36.8256864" lon="138.2939368">
        <ele>820.2085746760944</ele>
      </trkpt>
      <trkpt lat="36.8256671" lon="138.2939604">
        <ele>820.0402314577171</ele>
      </trkpt>
      <trkpt lat="36.8256478" lon="138.2939841">
        <ele>819.8858051081894</ele>
      </trkpt>
      <trkpt lat="36.8256273" lon="138.2940112">
        <ele>819.6663282006284</ele>
      </trkpt>
      <trkpt lat="36.8256069" lon="138.2940384">
        <ele>819.4978874897587</ele>
      </trkpt>
      <trkpt lat="36.8255872" lon="138.2940699">
        <ele>819.2742538161345</ele>
      </trkpt>
      <trkpt lat="36.8255675" lon="138.2941015">
        <ele>819.038387716492</ele>
      </trkpt>
      <trkpt lat="36.8255495" lon="138.294134">
        <ele>818.6733019963926</ele>
      </trkpt>
      <trkpt lat="36.8255316" lon="138.2941665">
        <ele>818.2883495061478</ele>
      </trkpt>
      <trkpt lat="36.8255138" lon="138.2941952">
        <ele>817.9345289154847</ele>
      </trkpt>
      <trkpt lat="36.8254961" lon="138.2942239">
        <ele>817.5309087487125</ele>
      </trkpt>
      <trkpt lat="36.8254751" lon="138.2942429">
        <ele>817.1419216853419</ele>
      </trkpt>
      <trkpt lat="36.8254542" lon="138.2942619">
        <ele>816.7401202408574</ele>
      </trkpt>
      <trkpt lat="36.825433" lon="138.2942649">
        <ele>816.5460148056472</ele>
      </trkpt>
      <trkpt lat="36.8254119" lon="138.294268">
        <ele>816.2026433440479</ele>
      </trkpt>
      <trkpt lat="36.8253941" lon="138.2942559">
        <ele>816.1358944976143</ele>
      </trkpt>
      <trkpt lat="36.8253764" lon="138.2942439">
        <ele>816.0905459569968</ele>
      </trkpt>
      <trkpt lat="36.8253619" lon="138.2942214">
        <ele>816.2876846278381</ele>
      </trkpt>
      <trkpt lat="36.8253475" lon="138.294199">
        <ele>816.4658812737398</ele>
      </trkpt>
      <trkpt lat="36.8253339" lon="138.2941738">
        <ele>816.7115647478842</ele>
      </trkpt>
      <trkpt lat="36.8253204" lon="138.2941487">
        <ele>816.9646397758586</ele>
      </trkpt>
      <trkpt lat="36.8253053" lon="138.2941245">
        <ele>817.2041217990569</ele>
      </trkpt>
      <trkpt lat="36.8252903" lon="138.2941004">
        <ele>817.4491207879589</ele>
      </trkpt>
      <trkpt lat="36.8252743" lon="138.2940776">
        <ele>817.5606388979686</ele>
      </trkpt>
      <trkpt lat="36.8252584" lon="138.2940548">
        <ele>817.6703394590725</ele>
      </trkpt>
      <trkpt lat="36.8252483" lon="138.294031">
        <ele>817.8948328112606</ele>
      </trkpt>
      <trkpt lat="36.8252383" lon="138.2940073">
        <ele>818.1273193267394</ele>
      </trkpt>
      <trkpt lat="36.8252373" lon="138.2939795">
        <ele>818.560865014733</ele>
      </trkpt>
      <trkpt lat="36.8252364" lon="138.2939517">
        <ele>818.9967099250068</ele>
      </trkpt>
      <trkpt lat="36.8252417" lon="138.2939192">
        <ele>819.5826160795427</ele>
      </trkpt>
      <trkpt lat="36.825247" lon="138.2938867">
        <ele>820.1200547092278</ele>
      </trkpt>
      <trkpt lat="36.8252545" lon="138.2938527">
        <ele>820.6906570636983</ele>
      </trkpt>
      <trkpt lat="36.825262" lon="138.2938188">
        <ele>821.2437727025717</ele>
      </trkpt>
      <trkpt lat="36.8252655" lon="138.2937865">
        <ele>821.7310193206422</ele>
      </trkpt>
      <trkpt lat="36.8252691" lon="138.2937543">
        <ele>822.2178866933801</ele>
      </trkpt>
      <trkpt lat="36.825266" lon="138.2937252">
        <ele>822.5744455345307</ele>
      </trkpt>
      <trkpt lat="36.825263" lon="138.2936961">
        <ele>822.933791515164</ele>
      </trkpt>
      <trkpt lat="36.8252531" lon="138.2936761">
        <ele>823.1127998172111</ele>
      </trkpt>
      <trkpt lat="36.8252432" lon="138.2936561">
        <ele>823.3016835507939</ele>
      </trkpt>
      <trkpt lat="36.8252268" lon="138.2936459">
        <ele>823.3010681887624</ele>
      </trkpt>
      <trkpt lat="36.8252105" lon="138.2936358">
        <ele>823.3080068604977</ele>
      </trkpt>
      <trkpt lat="36.8251885" lon="138.293631">
        <ele>823.1976092410489</ele>
      </trkpt>
      <trkpt lat="36.8251666" lon="138.2936263">
        <ele>823.0900989838431</ele>
      </trkpt>
      <trkpt lat="36.8251419" lon="138.2936223">
        <ele>822.9308050420461</ele>
      </trkpt>
      <trkpt lat="36.8251172" lon="138.2936183">
        <ele>822.7610981779276</ele>
      </trkpt>
      <trkpt lat="36.8250915" lon="138.2936133">
        <ele>822.6017039694258</ele>
      </trkpt>
      <trkpt lat="36.8250659" lon="138.2936084">
        <ele>822.4249800008272</ele>
      </trkpt>
      <trkpt lat="36.8250394" lon="138.2936029">
        <ele>822.2600607955458</ele>
      </trkpt>
      <trkpt lat="36.825013" lon="138.2935975">
        <ele>822.0715911053838</ele>
      </trkpt>
      <trkpt lat="36.8249871" lon="138.29359">
        <ele>821.8369797147225</ele>
      </trkpt>
      <trkpt lat="36.8249612" lon="138.2935825">
        <ele>821.6155446696097</ele>
      </trkpt>
      <trkpt lat="36.8249399" lon="138.2935693">
        <ele>821.541951146435</ele>
      </trkpt>
      <trkpt lat="36.8249187" lon="138.2935562">
        <ele>821.4539188917863</ele>
      </trkpt>
      <trkpt lat="36.8249026" lon="138.2935359">
        <ele>821.6216765830163</ele>
      </trkpt>
      <trkpt lat="36.8248866" lon="138.2935156">
        <ele>821.8131283433223</ele>
      </trkpt>
      <trkpt lat="36.8248708" lon="138.2934918">
        <ele>822.0541137574178</ele>
      </trkpt>
      <trkpt lat="36.824855" lon="138.2934681">
        <ele>822.2759528526888</ele>
      </trkpt>
      <trkpt lat="36.8248343" lon="138.293446">
        <ele>822.4027550432551</ele>
      </trkpt>
      <trkpt lat="36.8248136" lon="138.293424">
        <ele>822.5582069774999</ele>
      </trkpt>
      <trkpt lat="36.824789" lon="138.2934045">
        <ele>822.5229353802497</ele>
      </trkpt>
      <trkpt lat="36.8247644" lon="138.293385">
        <ele>822.4348504320167</ele>
      </trkpt>
      <trkpt lat="36.8247384" lon="138.2933686">
        <ele>822.2643679903533</ele>
      </trkpt>
      <trkpt lat="36.8247125" lon="138.2933522">
        <ele>822.0398584819184</ele>
      </trkpt>
      <trkpt lat="36.8246884" lon="138.2933378">
        <ele>821.8381431057115</ele>
      </trkpt>
      <trkpt lat="36.8246644" lon="138.2933235">
        <ele>821.6425049265995</ele>
      </trkpt>
      <trkpt lat="36.8246434" lon="138.2933084">
        <ele>821.4823229034581</ele>
      </trkpt>
      <trkpt lat="36.8246225" lon="138.2932933">
        <ele>821.3457309491178</ele>
      </trkpt>
      <trkpt lat="36.8246037" lon="138.2932757">
        <ele>821.3252853241295</ele>
      </trkpt>
      <trkpt lat="36.8245849" lon="138.2932581">
        <ele>821.3112983517824</ele>
      </trkpt>
      <trkpt lat="36.8245667" lon="138.2932373">
        <ele>821.3751140469665</ele>
      </trkpt>
      <trkpt lat="36.8245486" lon="138.2932165">
        <ele>821.366459969996</ele>
      </trkpt>
      <trkpt lat="36.824531" lon="138.2931935">
        <ele>821.4360032913286</ele>
      </trkpt>
      <trkpt lat="36.8245134" lon="138.2931706">
        <ele>821.528809992644</ele>
      </trkpt>
      <trkpt lat="36.8244955" lon="138.293145">
        <ele>821.6475885166792</ele>
      </trkpt>
      <trkpt lat="36.8244776" lon="138.2931194">
        <ele>821.722689190368</ele>
      </trkpt>
      <trkpt lat="36.82446" lon="138.2930915">
        <ele>821.8569162775638</ele>
      </trkpt>
      <trkpt lat="36.8244424" lon="138.2930636">
        <ele>821.9865604544752</ele>
      </trkpt>
      <trkpt lat="36.824424" lon="138.2930353">
        <ele>822.0317833453526</ele>
      </trkpt>
      <trkpt lat="36.8244056" lon="138.293007">
        <ele>822.0593459002177</ele>
      </trkpt>
      <trkpt lat="36.8243847" lon="138.2929803">
        <ele>822.031650219211</ele>
      </trkpt>
      <trkpt lat="36.8243638" lon="138.2929536">
        <ele>821.991099919715</ele>
      </trkpt>
      <trkpt lat="36.8243368" lon="138.2929273">
        <ele>821.8242555901036</ele>
      </trkpt>
      <trkpt lat="36.8243099" lon="138.2929011">
        <ele>821.5729402246077</ele>
      </trkpt>
      <trkpt lat="36.8242813" lon="138.2928754">
        <ele>821.2574102138792</ele>
      </trkpt>
      <trkpt lat="36.8242528" lon="138.2928498">
        <ele>820.9389110438716</ele>
      </trkpt>
      <trkpt lat="36.8242246" lon="138.2928261">
        <ele>820.5795707331276</ele>
      </trkpt>
      <trkpt lat="36.8241965" lon="138.2928024">
        <ele>820.1912632580836</ele>
      </trkpt>
      <trkpt lat="36.8241708" lon="138.2927848">
        <ele>819.7948985099904</ele>
      </trkpt>
      <trkpt lat="36.8241451" lon="138.2927673">
        <ele>819.3668466433744</ele>
      </trkpt>
      <trkpt lat="36.82412" lon="138.2927525">
        <ele>818.9040846857715</ele>
      </trkpt>
      <trkpt lat="36.824095" lon="138.2927378">
        <ele>818.4417784287136</ele>
      </trkpt>
      <trkpt lat="36.8240711" lon="138.2927209">
        <ele>818.0259398651253</ele>
      </trkpt>
      <trkpt lat="36.8240473" lon="138.292704">
        <ele>817.6096837584661</ele>
      </trkpt>
      <trkpt lat="36.8240278" lon="138.2926804">
        <ele>817.3289451611195</ele>
      </trkpt>
      <trkpt lat="36.8240084" lon="138.2926568">
        <ele>817.0351849926041</ele>
      </trkpt>
      <trkpt lat="36.823994" lon="138.2926279">
        <ele>816.9120515985011</ele>
      </trkpt>
      <trkpt lat="36.8239796" lon="138.292599">
        <ele>816.7826425541665</ele>
      </trkpt>
      <trkpt lat="36.8239685" lon="138.2925665">
        <ele>816.7600921847497</ele>
      </trkpt>
      <trkpt lat="36.8239575" lon="138.292534">
        <ele>816.7083930295673</ele>
      </trkpt>
      <trkpt lat="36.823947" lon="138.2924984">
        <ele>816.6645990107962</ele>
      </trkpt>
      <trkpt lat="36.8239366" lon="138.2924628">
        <ele>816.6139959538876</ele>
      </trkpt>
      <trkpt lat="36.8239261" lon="138.2924256">
        <ele>816.599586719647</ele>
      </trkpt>
      <trkpt lat="36.8239157" lon="138.2923885">
        <ele>816.5743095271607</ele>
      </trkpt>
      <trkpt lat="36.8239057" lon="138.2923509">
        <ele>816.5125940752598</ele>
      </trkpt>
      <trkpt lat="36.8238957" lon="138.2923133">
        <ele>816.4140136836036</ele>
      </trkpt>
      <trkpt lat="36.8238868" lon="138.2922745">
        <ele>816.3355835873641</ele>
      </trkpt>
      <trkpt lat="36.823878" lon="138.2922357">
        <ele>816.2542127344761</ele>
      </trkpt>
      <trkpt lat="36.8238705" lon="138.292197">
        <ele>816.1802085619424</ele>
      </trkpt>
      <trkpt lat="36.823863" lon="138.2921583">
        <ele>816.0083998716442</ele>
      </trkpt>
      <trkpt lat="36.8238565" lon="138.2921214">
        <ele>815.8673677012739</ele>
      </trkpt>
      <trkpt lat="36.82385" lon="138.2920846">
        <ele>815.7260239196952</ele>
      </trkpt>
      <trkpt lat="36.8238445" lon="138.2920479">
        <ele>815.6194179340279</ele>
      </trkpt>
      <trkpt lat="36.823839" lon="138.2920113">
        <ele>815.5360730293123</ele>
      </trkpt>
      <trkpt lat="36.823833" lon="138.291973">
        <ele>815.4456608243125</ele>
      </trkpt>
      <trkpt lat="36.823827" lon="138.2919347">
        <ele>815.348908517548</ele>
      </trkpt>
      <trkpt lat="36.8238187" lon="138.291896">
        <ele>815.1848132920535</ele>
      </trkpt>
      <trkpt lat="36.8238105" lon="138.2918574">
        <ele>815.0519719777171</ele>
      </trkpt>
      <trkpt lat="36.8238006" lon="138.2918201">
        <ele>814.8943902651552</ele>
      </trkpt>
      <trkpt lat="36.8237907" lon="138.2917828">
        <ele>814.7368085955969</ele>
      </trkpt>
      <trkpt lat="36.8237784" lon="138.2917483">
        <ele>814.5210963147227</ele>
      </trkpt>
      <trkpt lat="36.8237662" lon="138.2917138">
        <ele>814.3136664678343</ele>
      </trkpt>
      <trkpt lat="36.8237508" lon="138.2916835">
        <ele>813.9682734806163</ele>
      </trkpt>
      <trkpt lat="36.8237354" lon="138.2916532">
        <ele>813.639312498171</ele>
      </trkpt>
      <trkpt lat="36.8237178" lon="138.2916249">
        <ele>813.2783686334499</ele>
      </trkpt>
      <trkpt lat="36.8237002" lon="138.2915967">
        <ele>812.9411114736633</ele>
      </trkpt>
      <trkpt lat="36.8236827" lon="138.2915684">
        <ele>812.599996881976</ele>
      </trkpt>
      <trkpt lat="36.8236653" lon="138.2915402">
        <ele>812.2945273141166</ele>
      </trkpt>
      <trkpt lat="36.823648" lon="138.2915101">
        <ele>811.9992653574461</ele>
      </trkpt>
      <trkpt lat="36.8236307" lon="138.2914801">
        <ele>811.6729527206977</ele>
      </trkpt>
      <trkpt lat="36.823614" lon="138.2914496">
        <ele>811.3979607307243</ele>
      </trkpt>
      <trkpt lat="36.8235973" lon="138.2914192">
        <ele>811.1009348260676</ele>
      </trkpt>
      <trkpt lat="36.8235825" lon="138.2913883">
        <ele>810.8304832358637</ele>
      </trkpt>
      <trkpt lat="36.8235677" lon="138.2913574">
        <ele>810.6044685000703</ele>
      </trkpt>
      <trkpt lat="36.8235575" lon="138.2913278">
        <ele>810.3641662553812</ele>
      </trkpt>
      <trkpt lat="36.8235474" lon="138.2912983">
        <ele>810.0884203420817</ele>
      </trkpt>
      <trkpt lat="36.8235459" lon="138.2912704">
        <ele>809.978496248837</ele>
      </trkpt>
      <trkpt lat="36.8235444" lon="138.2912425">
        <ele>809.7704382120537</ele>
      </trkpt>
      <trkpt lat="36.8235537" lon="138.2912189">
        <ele>809.7308031594093</ele>
      </trkpt>
      <trkpt lat="36.8235631" lon="138.2911954">
        <ele>809.6710981242417</ele>
      </trkpt>
      <trkpt lat="36.8235803" lon="138.2911773">
        <ele>809.7368882294237</ele>
      </trkpt>
      <trkpt lat="36.8235975" lon="138.2911592">
        <ele>809.6476181366315</ele>
      </trkpt>
      <trkpt lat="36.8236202" lon="138.2911466">
        <ele>809.690285997809</ele>
      </trkpt>
      <trkpt lat="36.823643" lon="138.291134">
        <ele>809.7049401846027</ele>
      </trkpt>
      <trkpt lat="36.8236689" lon="138.2911267">
        <ele>809.7720028239412</ele>
      </trkpt>
      <trkpt lat="36.8236949" lon="138.2911194">
        <ele>809.8258626389983</ele>
      </trkpt>
      <trkpt lat="36.8237224" lon="138.2911138">
        <ele>809.9030971782656</ele>
      </trkpt>
      <trkpt lat="36.8237499" lon="138.2911083">
        <ele>809.9284897891914</ele>
      </trkpt>
      <trkpt lat="36.8237784" lon="138.2911025">
        <ele>809.9361441966504</ele>
      </trkpt>
      <trkpt lat="36.8238069" lon="138.2910968">
        <ele>809.927573036323</ele>
      </trkpt>
      <trkpt lat="36.8238367" lon="138.2910915">
        <ele>809.9223297709837</ele>
      </trkpt>
      <trkpt lat="36.8238666" lon="138.2910863">
        <ele>809.9012115074556</ele>
      </trkpt>
      <trkpt lat="36.8238963" lon="138.291084">
        <ele>809.9639023592702</ele>
      </trkpt>
      <trkpt lat="36.8239261" lon="138.2910817">
        <ele>810.0342765996579</ele>
      </trkpt>
      <trkpt lat="36.8239545" lon="138.2910823">
        <ele>810.2125205099633</ele>
      </trkpt>
      <trkpt lat="36.823983" lon="138.291083">
        <ele>810.3949280766917</ele>
      </trkpt>
      <trkpt lat="36.8240095" lon="138.2910868">
        <ele>810.6651548335789</ele>
      </trkpt>
      <trkpt lat="36.8240361" lon="138.2910907">
        <ele>810.9373619417984</ele>
      </trkpt>
      <trkpt lat="36.8240618" lon="138.2910984">
        <ele>811.332550953981</ele>
      </trkpt>
      <trkpt lat="36.8240875" lon="138.2911062">
        <ele>811.7649473024537</ele>
      </trkpt>
      <trkpt lat="36.824112" lon="138.2911169">
        <ele>812.2798369221862</ele>
      </trkpt>
      <trkpt lat="36.8241365" lon="138.2911276">
        <ele>812.794726600452</ele>
      </trkpt>
      <trkpt lat="36.8241614" lon="138.2911366">
        <ele>813.2590499295627</ele>
      </trkpt>
      <trkpt lat="36.8241864" lon="138.2911456">
        <ele>813.7241010589998</ele>
      </trkpt>
      <trkpt lat="36.8242128" lon="138.291148">
        <ele>813.9750525974719</ele>
      </trkpt>
      <trkpt lat="36.8242393" lon="138.2911505">
        <ele>814.2194795486948</ele>
      </trkpt>
      <trkpt lat="36.8242673" lon="138.2911472">
        <ele>814.2939326249069</ele>
      </trkpt>
      <trkpt lat="36.8242953" lon="138.291144">
        <ele>814.3600121336062</ele>
      </trkpt>
      <trkpt lat="36.8243243" lon="138.2911401">
        <ele>814.4107091166081</ele>
      </trkpt>
      <trkpt lat="36.8243534" lon="138.2911362">
        <ele>814.4308742447806</ele>
      </trkpt>
      <trkpt lat="36.8243835" lon="138.2911354">
        <ele>814.5380557203248</ele>
      </trkpt>
      <trkpt lat="36.8244136" lon="138.2911347">
        <ele>814.6407101217696</ele>
      </trkpt>
      <trkpt lat="36.8244432" lon="138.2911424">
        <ele>814.9583317616784</ele>
      </trkpt>
      <trkpt lat="36.8244728" lon="138.2911502">
        <ele>815.2655479357752</ele>
      </trkpt>
      <trkpt lat="36.8245001" lon="138.2911687">
        <ele>815.7713121693437</ele>
      </trkpt>
      <trkpt lat="36.8245274" lon="138.2911872">
        <ele>816.2862723412924</ele>
      </trkpt>
      <trkpt lat="36.8245533" lon="138.2912131">
        <ele>817.1043610230629</ele>
      </trkpt>
      <trkpt lat="36.8245792" lon="138.291239">
        <ele>817.9310527576615</ele>
      </trkpt>
      <trkpt lat="36.8246056" lon="138.2912629">
        <ele>818.6773914658169</ele>
      </trkpt>
      <trkpt lat="36.8246321" lon="138.2912869">
        <ele>819.5323426727213</ele>
      </trkpt>
      <trkpt lat="36.8246603" lon="138.2913036">
        <ele>820.1592260134881</ele>
      </trkpt>
      <trkpt lat="36.8246885" lon="138.2913204">
        <ele>820.8311977713643</ele>
      </trkpt>
      <trkpt lat="36.8247177" lon="138.2913278">
        <ele>821.2517637372314</ele>
      </trkpt>
      <trkpt lat="36.824747" lon="138.2913353">
        <ele>821.6778582882549</ele>
      </trkpt>
      <trkpt lat="36.824777" lon="138.2913366">
        <ele>822.0308783213327</ele>
      </trkpt>
      <trkpt lat="36.824807" lon="138.2913379">
        <ele>822.3825757702772</ele>
      </trkpt>
      <trkpt lat="36.824837" lon="138.2913382">
        <ele>822.805147511232</ele>
      </trkpt>
      <trkpt lat="36.8248671" lon="138.2913386">
        <ele>823.2607288795882</ele>
      </trkpt>
      <trkpt lat="36.8248967" lon="138.2913396">
        <ele>823.7306498306436</ele>
      </trkpt>
      <trkpt lat="36.8249263" lon="138.2913406">
        <ele>824.2031413466352</ele>
      </trkpt>
      <trkpt lat="36.824955" lon="138.2913399">
        <ele>824.6210727042418</ele>
      </trkpt>
      <trkpt lat="36.8249837" lon="138.2913393">
        <ele>825.0751175831617</ele>
      </trkpt>
      <trkpt lat="36.8250126" lon="138.2913375">
        <ele>825.5053530783924</ele>
      </trkpt>
      <trkpt lat="36.8250415" lon="138.2913358">
        <ele>825.9147170730216</ele>
      </trkpt>
      <trkpt lat="36.8250689" lon="138.2913309">
        <ele>826.2305751937793</ele>
      </trkpt>
      <trkpt lat="36.8250964" lon="138.291326">
        <ele>826.5700955677826</ele>
      </trkpt>
      <trkpt lat="36.8251205" lon="138.2913159">
        <ele>826.7860222339209</ele>
      </trkpt>
      <trkpt lat="36.8251447" lon="138.2913058">
        <ele>827.0202088237256</ele>
      </trkpt>
      <trkpt lat="36.8251666" lon="138.291293">
        <ele>827.1698770185797</ele>
      </trkpt>
      <trkpt lat="36.8251886" lon="138.2912802">
        <ele>827.3221383901441</ele>
      </trkpt>
      <trkpt lat="36.8252116" lon="138.2912672">
        <ele>827.507711834795</ele>
      </trkpt>
      <trkpt lat="36.8252347" lon="138.2912543">
        <ele>827.7796328024988</ele>
      </trkpt>
      <trkpt lat="36.8252555" lon="138.2912406">
        <ele>828.0372067766681</ele>
      </trkpt>
      <trkpt lat="36.8252764" lon="138.2912269">
        <ele>828.3158355621639</ele>
      </trkpt>
      <trkpt lat="36.8252865" lon="138.2912136">
        <ele>828.4244920759082</ele>
      </trkpt>
      <trkpt lat="36.8252967" lon="138.2912004">
        <ele>828.5391094051336</ele>
      </trkpt>
      <trkpt lat="36.8252916" lon="138.2911939">
        <ele>828.4210094515054</ele>
      </trkpt>
      <trkpt lat="36.8252865" lon="138.2911874">
        <ele>828.2952354477823</ele>
      </trkpt>
      <trkpt lat="36.8252703" lon="138.2911884">
        <ele>827.9994910514899</ele>
      </trkpt>
      <trkpt lat="36.8252541" lon="138.2911895">
        <ele>827.7054488220864</ele>
      </trkpt>
      <trkpt lat="36.8252314" lon="138.2911943">
        <ele>827.3176263274115</ele>
      </trkpt>
      <trkpt lat="36.8252087" lon="138.2911992">
        <ele>826.9129926736425</ele>
      </trkpt>
      <trkpt lat="36.8251833" lon="138.2912009">
        <ele>826.4282310039403</ele>
      </trkpt>
      <trkpt lat="36.8251579" lon="138.2912027">
        <ele>825.9473279620321</ele>
      </trkpt>
      <trkpt lat="36.8251319" lon="138.2911966">
        <ele>825.3120327121575</ele>
      </trkpt>
      <trkpt lat="36.825106" lon="138.2911906">
        <ele>824.6621748489933</ele>
      </trkpt>
      <trkpt lat="36.8250806" lon="138.2911767">
        <ele>823.929663540153</ele>
      </trkpt>
      <trkpt lat="36.8250552" lon="138.2911628">
        <ele>823.3664511451618</ele>
      </trkpt>
      <trkpt lat="36.8250326" lon="138.2911433">
        <ele>822.8231731986521</ele>
      </trkpt>
      <trkpt lat="36.8250101" lon="138.2911238">
        <ele>822.2234910193002</ele>
      </trkpt>
      <trkpt lat="36.8249913" lon="138.2911001">
        <ele>821.6445700566353</ele>
      </trkpt>
      <trkpt lat="36.8249725" lon="138.2910765">
        <ele>821.1824675638384</ele>
      </trkpt>
      <trkpt lat="36.8249572" lon="138.2910504">
        <ele>820.8771807568531</ele>
      </trkpt>
      <trkpt lat="36.824942" lon="138.2910243">
        <ele>820.5578680772588</ele>
      </trkpt>
      <trkpt lat="36.8249281" lon="138.290997">
        <ele>820.3701741705111</ele>
      </trkpt>
      <trkpt lat="36.8249143" lon="138.2909698">
        <ele>820.3549160747478</ele>
      </trkpt>
      <trkpt lat="36.8249017" lon="138.2909436">
        <ele>820.3264725520806</ele>
      </trkpt>
      <trkpt lat="36.8248891" lon="138.2909175">
        <ele>820.2788715437644</ele>
      </trkpt>
      <trkpt lat="36.8248747" lon="138.2908933">
        <ele>820.2479384833035</ele>
      </trkpt>
      <trkpt lat="36.8248603" lon="138.2908691">
        <ele>820.1910942734344</ele>
      </trkpt>
      <trkpt lat="36.8248438" lon="138.2908464">
        <ele>819.9984764820133</ele>
      </trkpt>
      <trkpt lat="36.8248273" lon="138.2908237">
        <ele>819.7902564352273</ele>
      </trkpt>
      <trkpt lat="36.8248104" lon="138.2908009">
        <ele>819.5745009149916</ele>
      </trkpt>
      <trkpt lat="36.8247936" lon="138.2907782">
        <ele>819.3742928710324</ele>
      </trkpt>
      <trkpt lat="36.8247761" lon="138.2907562">
        <ele>819.1115669704778</ele>
      </trkpt>
      <trkpt lat="36.8247586" lon="138.2907343">
        <ele>818.8378215067585</ele>
      </trkpt>
      <trkpt lat="36.8247384" lon="138.2907141">
        <ele>818.4236956345508</ele>
      </trkpt>
      <trkpt lat="36.8247182" lon="138.290694">
        <ele>817.9831600937422</ele>
      </trkpt>
      <trkpt lat="36.8246974" lon="138.290674">
        <ele>817.4766850968363</ele>
      </trkpt>
      <trkpt lat="36.8246766" lon="138.2906541">
        <ele>816.9063506452444</ele>
      </trkpt>
      <trkpt lat="36.8246549" lon="138.2906326">
        <ele>816.3392492988194</ele>
      </trkpt>
      <trkpt lat="36.8246332" lon="138.2906111">
        <ele>815.7263288365479</ele>
      </trkpt>
      <trkpt lat="36.8246117" lon="138.2905874">
        <ele>815.08951840542</ele>
      </trkpt>
      <trkpt lat="36.8245902" lon="138.2905638">
        <ele>814.4353198493885</ele>
      </trkpt>
      <trkpt lat="36.8245693" lon="138.2905384">
        <ele>813.7594591884173</ele>
      </trkpt>
      <trkpt lat="36.8245484" lon="138.290513">
        <ele>813.0295857090575</ele>
      </trkpt>
      <trkpt lat="36.8245314" lon="138.2904832">
        <ele>812.4201682754001</ele>
      </trkpt>
      <trkpt lat="36.8245144" lon="138.2904535">
        <ele>811.7134216049096</ele>
      </trkpt>
      <trkpt lat="36.8245054" lon="138.2904189">
        <ele>811.2424061390922</ele>
      </trkpt>
      <trkpt lat="36.8244965" lon="138.2903843">
        <ele>810.7982670943236</ele>
      </trkpt>
      <trkpt lat="36.8244955" lon="138.2903464">
        <ele>810.6866287356501</ele>
      </trkpt>
      <trkpt lat="36.8244946" lon="138.2903086">
        <ele>810.6411539648186</ele>
      </trkpt>
      <trkpt lat="36.8244978" lon="138.2902694">
        <ele>810.9275862316156</ele>
      </trkpt>
      <trkpt lat="36.824501" lon="138.2902303">
        <ele>811.2333062352286</ele>
      </trkpt>
      <trkpt lat="36.8245051" lon="138.2901899">
        <ele>811.7600632324419</ele>
      </trkpt>
      <trkpt lat="36.8245092" lon="138.2901495">
        <ele>812.2924379858762</ele>
      </trkpt>
      <trkpt lat="36.8245134" lon="138.2901085">
        <ele>812.9486472037623</ele>
      </trkpt>
      <trkpt lat="36.8245177" lon="138.2900676">
        <ele>813.6129251293842</ele>
      </trkpt>
      <trkpt lat="36.8245198" lon="138.2900277">
        <ele>814.191558798945</ele>
      </trkpt>
      <trkpt lat="36.824522" lon="138.2899878">
        <ele>814.7726663452522</ele>
      </trkpt>
      <trkpt lat="36.8245228" lon="138.2899488">
        <ele>815.2344765665946</ele>
      </trkpt>
      <trkpt lat="36.8245237" lon="138.2899098">
        <ele>815.6800995921719</ele>
      </trkpt>
      <trkpt lat="36.8245245" lon="138.2898714">
        <ele>816.0539129235018</ele>
      </trkpt>
      <trkpt lat="36.8245253" lon="138.2898331">
        <ele>816.3627630162747</ele>
      </trkpt>
      <trkpt lat="36.8245238" lon="138.2897963">
        <ele>816.5296003960777</ele>
      </trkpt>
      <trkpt lat="36.8245223" lon="138.2897595">
        <ele>816.5564032047529</ele>
      </trkpt>
      <trkpt lat="36.8245195" lon="138.289726">
        <ele>816.524428706943</ele>
      </trkpt>
      <trkpt lat="36.8245168" lon="138.2896926">
        <ele>816.4051768142505</ele>
      </trkpt>
      <trkpt lat="36.8245175" lon="138.2896623">
        <ele>816.3973835432209</ele>
      </trkpt>
      <trkpt lat="36.8245183" lon="138.289632">
        <ele>816.3895275609075</ele>
      </trkpt>
      <trkpt lat="36.8245228" lon="138.2896015">
        <ele>816.3804807096046</ele>
      </trkpt>
      <trkpt lat="36.8245273" lon="138.289571">
        <ele>816.3760887589785</ele>
      </trkpt>
      <trkpt lat="36.8245303" lon="138.289538">
        <ele>816.2700845583352</ele>
      </trkpt>
      <trkpt lat="36.8245334" lon="138.289505">
        <ele>816.0888389439333</ele>
      </trkpt>
      <trkpt lat="36.8245321" lon="138.2894706">
        <ele>815.7152278063832</ele>
      </trkpt>
      <trkpt lat="36.8245309" lon="138.2894363">
        <ele>815.3432976372671</ele>
      </trkpt>
      <trkpt lat="36.8245279" lon="138.2894008">
        <ele>814.8823280682625</ele>
      </trkpt>
      <trkpt lat="36.8245249" lon="138.2893653">
        <ele>814.3898500888903</ele>
      </trkpt>
      <trkpt lat="36.8245263" lon="138.2893319">
        <ele>814.0345738135339</ele>
      </trkpt>
      <trkpt lat="36.8245278" lon="138.2892986">
        <ele>813.6813304991589</ele>
      </trkpt>
      <trkpt lat="36.8245366" lon="138.2892685">
        <ele>813.6195808484573</ele>
      </trkpt>
      <trkpt lat="36.8245455" lon="138.2892385">
        <ele>813.5683636149329</ele>
      </trkpt>
      <trkpt lat="36.8245601" lon="138.2892082">
        <ele>813.7351133155358</ele>
      </trkpt>
      <trkpt lat="36.8245748" lon="138.289178">
        <ele>813.7891669621697</ele>
      </trkpt>
      <trkpt lat="36.8245953" lon="138.2891498">
        <ele>814.0989336703907</ele>
      </trkpt>
      <trkpt lat="36.8246158" lon="138.2891217">
        <ele>814.411111573274</ele>
      </trkpt>
      <trkpt lat="36.8246402" lon="138.289096">
        <ele>814.7988046059392</ele>
      </trkpt>
      <trkpt lat="36.8246646" lon="138.2890703">
        <ele>815.1644020190937</ele>
      </trkpt>
      <trkpt lat="36.8246886" lon="138.2890444">
        <ele>815.5448753386744</ele>
      </trkpt>
      <trkpt lat="36.8247126" lon="138.2890185">
        <ele>815.95082207414</ele>
      </trkpt>
      <trkpt lat="36.8247347" lon="138.2889922">
        <ele>816.2412001971206</ele>
      </trkpt>
      <trkpt lat="36.8247569" lon="138.288966">
        <ele>816.5321151224432</ele>
      </trkpt>
      <trkpt lat="36.8247791" lon="138.2889405">
        <ele>816.8412784582936</ele>
      </trkpt>
      <trkpt lat="36.8248014" lon="138.288915">
        <ele>817.131683658576</ele>
      </trkpt>
      <trkpt lat="36.8248238" lon="138.2888901">
        <ele>817.477311596524</ele>
      </trkpt>
      <trkpt lat="36.8248463" lon="138.2888653">
        <ele>817.8583237054869</ele>
      </trkpt>
      <trkpt lat="36.8248675" lon="138.2888405">
        <ele>818.2064858622799</ele>
      </trkpt>
      <trkpt lat="36.8248887" lon="138.2888157">
        <ele>818.5484186494987</ele>
      </trkpt>
      <trkpt lat="36.8249075" lon="138.2887882">
        <ele>818.6932045699341</ele>
      </trkpt>
      <trkpt lat="36.8249264" lon="138.2887607">
        <ele>818.878905400488</ele>
      </trkpt>
      <trkpt lat="36.8249449" lon="138.2887335">
        <ele>819.0768298377563</ele>
      </trkpt>
      <trkpt lat="36.8249634" lon="138.2887063">
        <ele>819.2766336035563</ele>
      </trkpt>
      <trkpt lat="36.8249845" lon="138.2886813">
        <ele>819.6776485875137</ele>
      </trkpt>
      <trkpt lat="36.8250057" lon="138.2886563">
        <ele>820.1489539984597</ele>
      </trkpt>
      <trkpt lat="36.8250302" lon="138.2886341">
        <ele>820.7473174400437</ele>
      </trkpt>
      <trkpt lat="36.8250547" lon="138.2886119">
        <ele>821.2699146187616</ele>
      </trkpt>
      <trkpt lat="36.8250793" lon="138.2885905">
        <ele>821.8866724730677</ele>
      </trkpt>
      <trkpt lat="36.825104" lon="138.2885692">
        <ele>822.590348451866</ele>
      </trkpt>
      <trkpt lat="36.8251273" lon="138.2885488">
        <ele>823.205462580548</ele>
      </trkpt>
      <trkpt lat="36.8251506" lon="138.2885285">
        <ele>823.7577970234937</ele>
      </trkpt>
      <trkpt lat="36.8251696" lon="138.2885094">
        <ele>824.1953284984244</ele>
      </trkpt>
      <trkpt lat="36.8251886" lon="138.2884903">
        <ele>824.7152639985654</ele>
      </trkpt>
      <trkpt lat="36.8251966" lon="138.2884722">
        <ele>824.8326388577999</ele>
      </trkpt>
      <trkpt lat="36.8252047" lon="138.2884541">
        <ele>824.9385995366202</ele>
      </trkpt>
      <trkpt lat="36.8251971" lon="138.2884411">
        <ele>824.5690706200255</ele>
      </trkpt>
      <trkpt lat="36.8251895" lon="138.2884281">
        <ele>824.250591699589</ele>
      </trkpt>
      <trkpt lat="36.8251694" lon="138.2884198">
        <ele>823.6539598470391</ele>
      </trkpt>
      <trkpt lat="36.8251493" lon="138.2884115">
        <ele>823.0738764505452</ele>
      </trkpt>
      <trkpt lat="36.8251218" lon="138.2884052">
        <ele>822.2817880378535</ele>
      </trkpt>
      <trkpt lat="36.8250944" lon="138.2883989">
        <ele>821.5161867180633</ele>
      </trkpt>
      <trkpt lat="36.8250634" lon="138.28839">
        <ele>820.7552329407395</ele>
      </trkpt>
      <trkpt lat="36.8250324" lon="138.2883811">
        <ele>820.0364426737952</ele>
      </trkpt>
      <trkpt lat="36.8250009" lon="138.2883729">
        <ele>819.3222122353782</ele>
      </trkpt>
      <trkpt lat="36.8249694" lon="138.2883647">
        <ele>818.6342633526995</ele>
      </trkpt>
      <trkpt lat="36.8249388" lon="138.2883605">
        <ele>817.9554369618572</ele>
      </trkpt>
      <trkpt lat="36.8249083" lon="138.2883564">
        <ele>817.3417119241062</ele>
      </trkpt>
      <trkpt lat="36.8248787" lon="138.2883557">
        <ele>816.6895626579685</ele>
      </trkpt>
      <trkpt lat="36.8248492" lon="138.288355">
        <ele>816.0466274663967</ele>
      </trkpt>
      <trkpt lat="36.8248194" lon="138.2883553">
        <ele>815.37376930084</ele>
      </trkpt>
      <trkpt lat="36.8247897" lon="138.2883556">
        <ele>814.7370513879188</ele>
      </trkpt>
      <trkpt lat="36.8247595" lon="138.2883552">
        <ele>814.1172536489744</ele>
      </trkpt>
      <trkpt lat="36.8247293" lon="138.2883549">
        <ele>813.4754991034577</ele>
      </trkpt>
      <trkpt lat="36.8247005" lon="138.2883505">
        <ele>812.9721713997225</ele>
      </trkpt>
      <trkpt lat="36.8246717" lon="138.2883462">
        <ele>812.480907064871</ele>
      </trkpt>
      <trkpt lat="36.8246451" lon="138.2883355">
        <ele>812.3546836127556</ele>
      </trkpt>
      <trkpt lat="36.8246186" lon="138.2883249">
        <ele>812.2517936620873</ele>
      </trkpt>
      <trkpt lat="36.8245932" lon="138.2883106">
        <ele>812.3666739875456</ele>
      </trkpt>
      <trkpt lat="36.8245678" lon="138.2882964">
        <ele>812.5020868069495</ele>
      </trkpt>
      <trkpt lat="36.8245426" lon="138.2882795">
        <ele>812.7510934369639</ele>
      </trkpt>
      <trkpt lat="36.8245174" lon="138.2882627">
        <ele>813.0882989960595</ele>
      </trkpt>
      <trkpt lat="36.8244938" lon="138.2882425">
        <ele>813.6634673532801</ele>
      </trkpt>
      <trkpt lat="36.8244702" lon="138.2882224">
        <ele>814.2442126201008</ele>
      </trkpt>
      <trkpt lat="36.8244471" lon="138.2882006">
        <ele>815.0301387093673</ele>
      </trkpt>
      <trkpt lat="36.824424" lon="138.2881788">
        <ele>815.8336782355608</ele>
      </trkpt>
      <trkpt lat="36.8244007" lon="138.2881611">
        <ele>816.4852082665016</ele>
      </trkpt>
      <trkpt lat="36.8243774" lon="138.2881434">
        <ele>817.288343847493</ele>
      </trkpt>
      <trkpt lat="36.8243529" lon="138.2881315">
        <ele>817.8296275698889</ele>
      </trkpt>
      <trkpt lat="36.8243284" lon="138.2881196">
        <ele>818.4018033628132</ele>
      </trkpt>
      <trkpt lat="36.8243031" lon="138.2881151">
        <ele>818.7272329486451</ele>
      </trkpt>
      <trkpt lat="36.8242779" lon="138.2881107">
        <ele>819.0474490070723</ele>
      </trkpt>
      <trkpt lat="36.8242541" lon="138.2881168">
        <ele>818.941385938501</ele>
      </trkpt>
      <trkpt lat="36.8242304" lon="138.288123">
        <ele>818.9405095453246</ele>
      </trkpt>
      <trkpt lat="36.8242072" lon="138.2881387">
        <ele>818.4655035273997</ele>
      </trkpt>
      <trkpt lat="36.8241841" lon="138.2881545">
        <ele>818.0208129444</ele>
      </trkpt>
      <trkpt lat="36.8241592" lon="138.2881737">
        <ele>817.4762701492315</ele>
      </trkpt>
      <trkpt lat="36.8241343" lon="138.288193">
        <ele>816.8880586437047</ele>
      </trkpt>
      <trkpt lat="36.8241076" lon="138.2882109">
        <ele>816.4938232378197</ele>
      </trkpt>
      <trkpt lat="36.824081" lon="138.2882288">
        <ele>816.1263186571387</ele>
      </trkpt>
      <trkpt lat="36.8240509" lon="138.2882402">
        <ele>816.1788367742577</ele>
      </trkpt>
      <trkpt lat="36.8240208" lon="138.2882517">
        <ele>816.2821203051265</ele>
      </trkpt>
      <trkpt lat="36.8239879" lon="138.2882554">
        <ele>816.8577063280161</ele>
      </trkpt>
      <trkpt lat="36.823955" lon="138.2882592">
        <ele>817.5115581114785</ele>
      </trkpt>
      <trkpt lat="36.8239208" lon="138.288257">
        <ele>818.528021571973</ele>
      </trkpt>
      <trkpt lat="36.8238867" lon="138.2882548">
        <ele>819.4436251315295</ele>
      </trkpt>
      <trkpt lat="36.8238528" lon="138.2882532">
        <ele>820.3206913426984</ele>
      </trkpt>
      <trkpt lat="36.8238189" lon="138.2882517">
        <ele>821.0923312672428</ele>
      </trkpt>
      <trkpt lat="36.8237868" lon="138.2882543">
        <ele>821.6026637434285</ele>
      </trkpt>
      <trkpt lat="36.8237547" lon="138.288257">
        <ele>821.864261840285</ele>
      </trkpt>
      <trkpt lat="36.8237248" lon="138.2882663">
        <ele>821.7024549146153</ele>
      </trkpt>
      <trkpt lat="36.8236949" lon="138.2882756">
        <ele>821.4088655162017</ele>
      </trkpt>
      <trkpt lat="36.823667" lon="138.2882876">
        <ele>820.8908266560381</ele>
      </trkpt>
      <trkpt lat="36.8236392" lon="138.2882997">
        <ele>820.2885712079279</ele>
      </trkpt>
      <trkpt lat="36.8236154" lon="138.2883129">
        <ele>819.3959581097457</ele>
      </trkpt>
      <trkpt lat="36.8235917" lon="138.2883261">
        <ele>818.5466766983834</ele>
      </trkpt>
      <trkpt lat="36.82357" lon="138.2883342">
        <ele>817.9114561322446</ele>
      </trkpt>
      <trkpt lat="36.8235484" lon="138.2883423">
        <ele>817.1060732998128</ele>
      </trkpt>
      <trkpt lat="36.8235266" lon="138.2883359">
        <ele>816.9935998295905</ele>
      </trkpt>
      <trkpt lat="36.8235049" lon="138.2883295">
        <ele>816.8371970451697</ele>
      </trkpt>
      <trkpt lat="36.8234862" lon="138.2883094">
        <ele>817.1669552370862</ele>
      </trkpt>
      <trkpt lat="36.8234675" lon="138.2882893">
        <ele>817.432975511086</ele>
      </trkpt>
      <trkpt lat="36.823454" lon="138.2882618">
        <ele>818.1310461816511</ele>
      </trkpt>
      <trkpt lat="36.8234406" lon="138.2882344">
        <ele>818.7937808870314</ele>
      </trkpt>
      <trkpt lat="36.8234286" lon="138.2882061">
        <ele>819.4243248727227</ele>
      </trkpt>
      <trkpt lat="36.8234167" lon="138.2881779">
        <ele>820.0007846203972</ele>
      </trkpt>
      <trkpt lat="36.8234027" lon="138.2881512">
        <ele>820.3811114617247</ele>
      </trkpt>
      <trkpt lat="36.8233887" lon="138.2881246">
        <ele>820.7447486802683</ele>
      </trkpt>
      <trkpt lat="36.8233737" lon="138.2880997">
        <ele>820.9775613845884</ele>
      </trkpt>
      <trkpt lat="36.8233587" lon="138.2880749">
        <ele>821.0881044689606</ele>
      </trkpt>
      <trkpt lat="36.8233426" lon="138.2880521">
        <ele>821.0160858366932</ele>
      </trkpt>
      <trkpt lat="36.8233265" lon="138.2880294">
        <ele>820.9277317650102</ele>
      </trkpt>
      <trkpt lat="36.8233103" lon="138.2880081">
        <ele>820.7668562673173</ele>
      </trkpt>
      <trkpt lat="36.8232942" lon="138.2879868">
        <ele>820.5972031388435</ele>
      </trkpt>
      <trkpt lat="36.8232795" lon="138.2879658">
        <ele>820.4876767234882</ele>
      </trkpt>
      <trkpt lat="36.8232648" lon="138.2879448">
        <ele>820.3781504920689</ele>
      </trkpt>
      <trkpt lat="36.8232507" lon="138.2879215">
        <ele>820.3981583795514</ele>
      </trkpt>
      <trkpt lat="36.8232367" lon="138.2878982">
        <ele>820.4245704902339</ele>
      </trkpt>
      <trkpt lat="36.8232227" lon="138.2878715">
        <ele>820.5782099627763</ele>
      </trkpt>
      <trkpt lat="36.8232088" lon="138.2878449">
        <ele>820.7431403966743</ele>
      </trkpt>
      <trkpt lat="36.8231935" lon="138.287816">
        <ele>820.9406275444213</ele>
      </trkpt>
      <trkpt lat="36.8231782" lon="138.2877871">
        <ele>821.1700597406416</ele>
      </trkpt>
      <trkpt lat="36.8231604" lon="138.2877592">
        <ele>821.2341187158203</ele>
      </trkpt>
      <trkpt lat="36.8231426" lon="138.2877313">
        <ele>821.3635998465599</ele>
      </trkpt>
      <trkpt lat="36.8231216" lon="138.2877086">
        <ele>821.1092515818598</ele>
      </trkpt>
      <trkpt lat="36.8231006" lon="138.287686">
        <ele>820.882942882721</ele>
      </trkpt>
      <trkpt lat="36.8230756" lon="138.2876703">
        <ele>820.3170185502029</ele>
      </trkpt>
      <trkpt lat="36.8230506" lon="138.2876547">
        <ele>819.7911789783265</ele>
      </trkpt>
      <trkpt lat="36.8230245" lon="138.2876468">
        <ele>818.8998574247585</ele>
      </trkpt>
      <trkpt lat="36.8229985" lon="138.2876389">
        <ele>818.1808347115298</ele>
      </trkpt>
      <trkpt lat="36.8229734" lon="138.2876357">
        <ele>817.2958818145104</ele>
      </trkpt>
      <trkpt lat="36.8229483" lon="138.2876326">
        <ele>816.4468788870308</ele>
      </trkpt>
      <trkpt lat="36.822926" lon="138.287626">
        <ele>815.9064622746453</ele>
      </trkpt>
      <trkpt lat="36.8229037" lon="138.2876195">
        <ele>815.3568365501051</ele>
      </trkpt>
      <trkpt lat="36.8228863" lon="138.2876011">
        <ele>815.489664210481</ele>
      </trkpt>
      <trkpt lat="36.8228689" lon="138.2875827">
        <ele>815.6318797997716</ele>
      </trkpt>
      <trkpt lat="36.8228583" lon="138.2875541">
        <ele>816.3093963512774</ele>
      </trkpt>
      <trkpt lat="36.8228478" lon="138.2875255">
        <ele>816.9128311105995</ele>
      </trkpt>
      <trkpt lat="36.8228423" lon="138.2874912">
        <ele>817.8873878142334</ele>
      </trkpt>
      <trkpt lat="36.8228368" lon="138.287457">
        <ele>818.6977954710401</ele>
      </trkpt>
      <trkpt lat="36.822831" lon="138.28742">
        <ele>819.5508023182103</ele>
      </trkpt>
      <trkpt lat="36.8228253" lon="138.287383">
        <ele>820.2534926393025</ele>
      </trkpt>
      <trkpt lat="36.8228149" lon="138.2873458">
        <ele>820.5922799501037</ele>
      </trkpt>
      <trkpt lat="36.8228046" lon="138.2873087">
        <ele>820.8903121506224</ele>
      </trkpt>
      <trkpt lat="36.8227888" lon="138.2872743">
        <ele>820.760297240372</ele>
      </trkpt>
      <trkpt lat="36.822773" lon="138.28724">
        <ele>820.5918315676081</ele>
      </trkpt>
      <trkpt lat="36.8227536" lon="138.2872085">
        <ele>820.0750502830228</ele>
      </trkpt>
      <trkpt lat="36.8227343" lon="138.287177">
        <ele>819.4737256144336</ele>
      </trkpt>
      <trkpt lat="36.8227165" lon="138.2871464">
        <ele>818.8965474146561</ele>
      </trkpt>
      <trkpt lat="36.8226988" lon="138.2871158">
        <ele>818.2406925384898</ele>
      </trkpt>
      <trkpt lat="36.8226892" lon="138.2870839">
        <ele>817.9886286240084</ele>
      </trkpt>
      <trkpt lat="36.8226797" lon="138.287052">
        <ele>817.7151035442031</ele>
      </trkpt>
      <trkpt lat="36.8226796" lon="138.2870178">
        <ele>817.8295471106202</ele>
      </trkpt>
      <trkpt lat="36.8226796" lon="138.2869836">
        <ele>817.9490847744521</ele>
      </trkpt>
      <trkpt lat="36.8226837" lon="138.2869469">
        <ele>818.2862045774676</ele>
      </trkpt>
      <trkpt lat="36.8226879" lon="138.2869103">
        <ele>818.6280969673303</ele>
      </trkpt>
      <trkpt lat="36.8226938" lon="138.2868736">
        <ele>819.0422267827206</ele>
      </trkpt>
      <trkpt lat="36.8226998" lon="138.286837">
        <ele>819.4331568893515</ele>
      </trkpt>
      <trkpt lat="36.8227058" lon="138.2868011">
        <ele>819.8224559004426</ele>
      </trkpt>
      <trkpt lat="36.8227118" lon="138.2867653">
        <ele>820.2115219190727</ele>
      </trkpt>
      <trkpt lat="36.8227163" lon="138.2867328">
        <ele>820.5164869029321</ele>
      </trkpt>
      <trkpt lat="36.8227209" lon="138.2867003">
        <ele>820.8099390823173</ele>
      </trkpt>
      <trkpt lat="36.8227243" lon="138.2866705">
        <ele>821.0178580140703</ele>
      </trkpt>
      <trkpt lat="36.8227278" lon="138.2866408">
        <ele>821.2307545465653</ele>
      </trkpt>
      <trkpt lat="36.8227298" lon="138.2866109">
        <ele>821.3603920729569</ele>
      </trkpt>
      <trkpt lat="36.8227318" lon="138.2865811">
        <ele>821.4819248643524</ele>
      </trkpt>
      <trkpt lat="36.8227323" lon="138.2865493">
        <ele>821.5283082472422</ele>
      </trkpt>
      <trkpt lat="36.8227329" lon="138.2865176">
        <ele>821.5615028673552</ele>
      </trkpt>
      <trkpt lat="36.8227328" lon="138.2864845">
        <ele>821.556699857116</ele>
      </trkpt>
      <trkpt lat="36.8227327" lon="138.2864514">
        <ele>821.5358979011273</ele>
      </trkpt>
      <trkpt lat="36.8227316" lon="138.286417">
        <ele>821.3873522863915</ele>
      </trkpt>
      <trkpt lat="36.8227305" lon="138.2863827">
        <ele>821.2416484480487</ele>
      </trkpt>
      <trkpt lat="36.8227283" lon="138.2863484">
        <ele>820.9778325762605</ele>
      </trkpt>
      <trkpt lat="36.8227261" lon="138.2863142">
        <ele>820.6793409449054</ele>
      </trkpt>
      <trkpt lat="36.8227232" lon="138.2862804">
        <ele>820.3457701834856</ele>
      </trkpt>
      <trkpt lat="36.8227203" lon="138.2862467">
        <ele>819.9793445006716</ele>
      </trkpt>
      <trkpt lat="36.8227147" lon="138.2862151">
        <ele>819.5057771239898</ele>
      </trkpt>
      <trkpt lat="36.8227091" lon="138.2861835">
        <ele>819.0134872060971</ele>
      </trkpt>
      <trkpt lat="36.8227003" lon="138.2861536">
        <ele>818.3725863803417</ele>
      </trkpt>
      <trkpt lat="36.8226916" lon="138.2861237">
        <ele>817.7361975155549</ele>
      </trkpt>
      <trkpt lat="36.8226844" lon="138.2860898">
        <ele>817.1627560327305</ele>
      </trkpt>
      <trkpt lat="36.8226772" lon="138.2860559">
        <ele>816.6135291246883</ele>
      </trkpt>
      <trkpt lat="36.8226777" lon="138.286019">
        <ele>816.3761330325257</ele>
      </trkpt>
      <trkpt lat="36.8226783" lon="138.2859822">
        <ele>816.1516798193868</ele>
      </trkpt>
      <trkpt lat="36.8226858" lon="138.2859453">
        <ele>816.2157946336553</ele>
      </trkpt>
      <trkpt lat="36.8226934" lon="138.2859084">
        <ele>816.4129416547944</ele>
      </trkpt>
      <trkpt lat="36.8227059" lon="138.285873">
        <ele>816.8327539972979</ele>
      </trkpt>
      <trkpt lat="36.8227185" lon="138.2858377">
        <ele>817.2639112098805</ele>
      </trkpt>
      <trkpt lat="36.8227311" lon="138.2858019">
        <ele>817.6979359977734</ele>
      </trkpt>
      <trkpt lat="36.8227437" lon="138.2857661">
        <ele>818.1317490899885</ele>
      </trkpt>
      <trkpt lat="36.8227498" lon="138.2857315">
        <ele>818.3903219048017</ele>
      </trkpt>
      <trkpt lat="36.8227559" lon="138.2856969">
        <ele>818.6661952531199</ele>
      </trkpt>
      <trkpt lat="36.8227556" lon="138.2856655">
        <ele>818.6952360482424</ele>
      </trkpt>
      <trkpt lat="36.8227553" lon="138.2856342">
        <ele>818.7523402855305</ele>
      </trkpt>
      <trkpt lat="36.8227479" lon="138.2856033">
        <ele>818.5106582586108</ele>
      </trkpt>
      <trkpt lat="36.8227406" lon="138.2855724">
        <ele>818.3988392270566</ele>
      </trkpt>
      <trkpt lat="36.822726" lon="138.2855425">
        <ele>818.0391388967489</ele>
      </trkpt>
      <trkpt lat="36.8227115" lon="138.2855126">
        <ele>817.7136668763255</ele>
      </trkpt>
      <trkpt lat="36.8226909" lon="138.2854845">
        <ele>817.2815895991787</ele>
      </trkpt>
      <trkpt lat="36.8226703" lon="138.2854564">
        <ele>817.0190378059273</ele>
      </trkpt>
      <trkpt lat="36.822648" lon="138.2854272">
        <ele>816.8663798957008</ele>
      </trkpt>
      <trkpt lat="36.8226258" lon="138.285398">
        <ele>816.9789861495068</ele>
      </trkpt>
      <trkpt lat="36.8226019" lon="138.2853692">
        <ele>817.2291824762414</ele>
      </trkpt>
      <trkpt lat="36.8225781" lon="138.2853404">
        <ele>817.6500046342209</ele>
      </trkpt>
      <trkpt lat="36.8225505" lon="138.2853152">
        <ele>818.1587684978815</ele>
      </trkpt>
      <trkpt lat="36.822523" lon="138.2852901">
        <ele>818.9022570831665</ele>
      </trkpt>
      <trkpt lat="36.8224938" lon="138.2852745">
        <ele>819.4256711896386</ele>
      </trkpt>
      <trkpt lat="36.8224646" lon="138.285259">
        <ele>820.0691959532269</ele>
      </trkpt>
      <trkpt lat="36.8224357" lon="138.285254">
        <ele>820.4617328747877</ele>
      </trkpt>
      <trkpt lat="36.8224069" lon="138.2852491">
        <ele>820.8710405974565</ele>
      </trkpt>
      <trkpt lat="36.8223796" lon="138.2852499">
        <ele>821.1149531795463</ele>
      </trkpt>
      <trkpt lat="36.8223523" lon="138.2852508">
        <ele>821.3557410535254</ele>
      </trkpt>
      <trkpt lat="36.8223263" lon="138.2852543">
        <ele>821.4848482532944</ele>
      </trkpt>
      <trkpt lat="36.8223004" lon="138.2852578">
        <ele>821.6187775172519</ele>
      </trkpt>
      <trkpt lat="36.8222757" lon="138.2852638">
        <ele>821.6542823653632</ele>
      </trkpt>
      <trkpt lat="36.8222511" lon="138.2852699">
        <ele>821.6011633569624</ele>
      </trkpt>
      <trkpt lat="36.8222276" lon="138.285279">
        <ele>821.4218431980206</ele>
      </trkpt>
      <trkpt lat="36.8222042" lon="138.2852881">
        <ele>821.2491380126886</ele>
      </trkpt>
      <trkpt lat="36.8221819" lon="138.2852999">
        <ele>820.9380152423845</ele>
      </trkpt>
      <trkpt lat="36.8221596" lon="138.2853118">
        <ele>820.6380513156184</ele>
      </trkpt>
      <trkpt lat="36.8221399" lon="138.2853246">
        <ele>820.312961148031</ele>
      </trkpt>
      <trkpt lat="36.8221203" lon="138.2853374">
        <ele>819.9251119302801</ele>
      </trkpt>
      <trkpt lat="36.8221024" lon="138.2853504">
        <ele>819.4748945032509</ele>
      </trkpt>
      <trkpt lat="36.8220845" lon="138.2853635">
        <ele>819.01553971998</ele>
      </trkpt>
      <trkpt lat="36.8220654" lon="138.2853746">
        <ele>818.634762731914</ele>
      </trkpt>
      <trkpt lat="36.8220463" lon="138.2853858">
        <ele>818.160056868662</ele>
      </trkpt>
      <trkpt lat="36.8220254" lon="138.2853919">
        <ele>817.8555900636832</ele>
      </trkpt>
      <trkpt lat="36.8220045" lon="138.285398">
        <ele>817.5511232821738</ele>
      </trkpt>
      <trkpt lat="36.8219838" lon="138.2853942">
        <ele>817.518691222789</ele>
      </trkpt>
      <trkpt lat="36.8219631" lon="138.2853904">
        <ele>817.4406171546323</ele>
      </trkpt>
      <trkpt lat="36.8219439" lon="138.2853744">
        <ele>817.8042461976884</ele>
      </trkpt>
      <trkpt lat="36.8219247" lon="138.2853584">
        <ele>818.1546189837378</ele>
      </trkpt>
      <trkpt lat="36.8219072" lon="138.2853325">
        <ele>818.7399018974097</ele>
      </trkpt>
      <trkpt lat="36.8218897" lon="138.2853066">
        <ele>819.1900156473944</ele>
      </trkpt>
      <trkpt lat="36.8218752" lon="138.2852758">
        <ele>819.8041327038402</ele>
      </trkpt>
      <trkpt lat="36.8218608" lon="138.285245">
        <ele>820.3682594457479</ele>
      </trkpt>
      <trkpt lat="36.8218463" lon="138.2852139">
        <ele>820.8040027840999</ele>
      </trkpt>
      <trkpt lat="36.8218318" lon="138.2851828">
        <ele>821.233230893128</ele>
      </trkpt>
      <trkpt lat="36.8218138" lon="138.2851531">
        <ele>821.455882926263</ele>
      </trkpt>
      <trkpt lat="36.8217958" lon="138.2851234">
        <ele>821.6105433728458</ele>
      </trkpt>
      <trkpt lat="36.8217731" lon="138.2850983">
        <ele>821.6118647857666</ele>
      </trkpt>
      <trkpt lat="36.8217504" lon="138.2850732">
        <ele>821.5955621605406</ele>
      </trkpt>
      <trkpt lat="36.8217284" lon="138.2850536">
        <ele>821.4779298936616</ele>
      </trkpt>
      <trkpt lat="36.8217064" lon="138.2850341">
        <ele>821.3603851139089</ele>
      </trkpt>
      <trkpt lat="36.8216885" lon="138.2850166">
        <ele>821.2867614532366</ele>
      </trkpt>
      <trkpt lat="36.8216707" lon="138.2849991">
        <ele>821.2150299416867</ele>
      </trkpt>
      <trkpt lat="36.8216577" lon="138.2849824">
        <ele>821.165271406197</ele>
      </trkpt>
      <trkpt lat="36.8216448" lon="138.2849657">
        <ele>821.1423994173309</ele>
      </trkpt>
      <trkpt lat="36.8216341" lon="138.2849472">
        <ele>821.1866351424496</ele>
      </trkpt>
      <trkpt lat="36.8216234" lon="138.2849288">
        <ele>821.2297058080337</ele>
      </trkpt>
      <trkpt lat="36.8216133" lon="138.2849084">
        <ele>821.2909018965009</ele>
      </trkpt>
      <trkpt lat="36.8216032" lon="138.2848881">
        <ele>821.2889298995867</ele>
      </trkpt>
      <trkpt lat="36.8215937" lon="138.2848647">
        <ele>821.3278605675151</ele>
      </trkpt>
      <trkpt lat="36.8215842" lon="138.2848414">
        <ele>821.3729476752693</ele>
      </trkpt>
      <trkpt lat="36.8215749" lon="138.2848138">
        <ele>821.3940122896569</ele>
      </trkpt>
      <trkpt lat="36.8215657" lon="138.2847862">
        <ele>821.3726624830493</ele>
      </trkpt>
      <trkpt lat="36.821556" lon="138.2847551">
        <ele>821.3697628831909</ele>
      </trkpt>
      <trkpt lat="36.8215464" lon="138.2847241">
        <ele>821.357061019759</ele>
      </trkpt>
      <trkpt lat="36.8215363" lon="138.2846913">
        <ele>821.3186611197044</ele>
      </trkpt>
      <trkpt lat="36.8215262" lon="138.2846585">
        <ele>821.269026183142</ele>
      </trkpt>
      <trkpt lat="36.8215165" lon="138.2846259">
        <ele>821.1807917282922</ele>
      </trkpt>
      <trkpt lat="36.8215069" lon="138.2845934">
        <ele>821.0888561922134</ele>
      </trkpt>
      <trkpt lat="36.8214977" lon="138.2845627">
        <ele>821.0015708259687</ele>
      </trkpt>
      <trkpt lat="36.8214885" lon="138.284532">
        <ele>820.9275393340539</ele>
      </trkpt>
      <trkpt lat="36.8214784" lon="138.2845012">
        <ele>820.8486940777631</ele>
      </trkpt>
      <trkpt lat="36.8214683" lon="138.2844705">
        <ele>820.770072635497</ele>
      </trkpt>
      <trkpt lat="36.8214559" lon="138.2844396">
        <ele>820.6435537517079</ele>
      </trkpt>
      <trkpt lat="36.8214436" lon="138.2844088">
        <ele>820.5220024812395</ele>
      </trkpt>
      <trkpt lat="36.8214302" lon="138.2843791">
        <ele>820.4236608532901</ele>
      </trkpt>
      <trkpt lat="36.8214168" lon="138.2843494">
        <ele>820.3517458471292</ele>
      </trkpt>
      <trkpt lat="36.8214046" lon="138.2843195">
        <ele>820.3100605232573</ele>
      </trkpt>
      <trkpt lat="36.8213925" lon="138.2842896">
        <ele>820.2820194858939</ele>
      </trkpt>
      <trkpt lat="36.8213806" lon="138.2842591">
        <ele>820.2714657202179</ele>
      </trkpt>
      <trkpt lat="36.8213688" lon="138.2842287">
        <ele>820.2739086087944</ele>
      </trkpt>
      <trkpt lat="36.8213589" lon="138.2841974">
        <ele>820.346951521242</ele>
      </trkpt>
      <trkpt lat="36.821349" lon="138.2841662">
        <ele>820.4336415419136</ele>
      </trkpt>
      <trkpt lat="36.8213413" lon="138.2841347">
        <ele>820.5633844301581</ele>
      </trkpt>
      <trkpt lat="36.8213336" lon="138.2841033">
        <ele>820.7410222637477</ele>
      </trkpt>
      <trkpt lat="36.8213267" lon="138.284072">
        <ele>820.9259949580544</ele>
      </trkpt>
      <trkpt lat="36.8213198" lon="138.2840408">
        <ele>821.1381970282072</ele>
      </trkpt>
      <trkpt lat="36.8213131" lon="138.2840105">
        <ele>821.3873251615319</ele>
      </trkpt>
      <trkpt lat="36.8213064" lon="138.2839802">
        <ele>821.6353973733949</ele>
      </trkpt>
      <trkpt lat="36.8212994" lon="138.2839499">
        <ele>821.8740721362226</ele>
      </trkpt>
      <trkpt lat="36.8212924" lon="138.2839196">
        <ele>822.1212593347785</ele>
      </trkpt>
      <trkpt lat="36.8212828" lon="138.2838907">
        <ele>822.3335194037833</ele>
      </trkpt>
      <trkpt lat="36.8212733" lon="138.2838618">
        <ele>822.5785425887431</ele>
      </trkpt>
      <trkpt lat="36.8212581" lon="138.2838364">
        <ele>822.7217932881059</ele>
      </trkpt>
      <trkpt lat="36.8212429" lon="138.283811">
        <ele>822.8519505175341</ele>
      </trkpt>
      <trkpt lat="36.8212217" lon="138.2837889">
        <ele>822.8693228669408</ele>
      </trkpt>
      <trkpt lat="36.8212006" lon="138.2837669">
        <ele>822.8879215992997</ele>
      </trkpt>
      <trkpt lat="36.821175" lon="138.2837474">
        <ele>822.805211900617</ele>
      </trkpt>
      <trkpt lat="36.8211494" lon="138.283728">
        <ele>822.5320209817038</ele>
      </trkpt>
      <trkpt lat="36.8211236" lon="138.2837108">
        <ele>822.2067152339974</ele>
      </trkpt>
      <trkpt lat="36.8210978" lon="138.2836936">
        <ele>821.8091474500027</ele>
      </trkpt>
      <trkpt lat="36.8210738" lon="138.2836769">
        <ele>821.3360586372211</ele>
      </trkpt>
      <trkpt lat="36.8210498" lon="138.2836602">
        <ele>820.8629700202501</ele>
      </trkpt>
      <trkpt lat="36.8210321" lon="138.2836406">
        <ele>820.5641198541629</ele>
      </trkpt>
      <trkpt lat="36.8210145" lon="138.2836211">
        <ele>820.1387448225644</ele>
      </trkpt>
      <trkpt lat="36.8210022" lon="138.2835968">
        <ele>819.8402513910557</ele>
      </trkpt>
      <trkpt lat="36.82099" lon="138.2835725">
        <ele>819.5451055008928</ele>
      </trkpt>
      <trkpt lat="36.8209814" lon="138.2835478">
        <ele>819.3723329292158</ele>
      </trkpt>
      <trkpt lat="36.8209728" lon="138.2835231">
        <ele>819.1830490944483</ele>
      </trkpt>
      <trkpt lat="36.8209669" lon="138.283502">
        <ele>819.0580332501348</ele>
      </trkpt>
      <trkpt lat="36.8209611" lon="138.283481">
        <ele>818.9223647673158</ele>
      </trkpt>
      <trkpt lat="36.8209562" lon="138.2834633">
        <ele>818.8059413449382</ele>
      </trkpt>
      <trkpt lat="36.8209513" lon="138.2834456">
        <ele>818.6723034125528</ele>
      </trkpt>
      <trkpt lat="36.8209437" lon="138.2834287">
        <ele>818.4154628714089</ele>
      </trkpt>
      <trkpt lat="36.8209362" lon="138.2834118">
        <ele>818.1622609167136</ele>
      </trkpt>
      <trkpt lat="36.8209245" lon="138.2833931">
        <ele>817.7583367129797</ele>
      </trkpt>
      <trkpt lat="36.8209128" lon="138.2833745">
        <ele>817.3542960659378</ele>
      </trkpt>
      <trkpt lat="36.820898" lon="138.2833513">
        <ele>816.842819620251</ele>
      </trkpt>
      <trkpt lat="36.8208832" lon="138.2833281">
        <ele>816.3519097348221</ele>
      </trkpt>
      <trkpt lat="36.8208664" lon="138.2833005">
        <ele>815.7972398619177</ele>
      </trkpt>
      <trkpt lat="36.8208497" lon="138.283273">
        <ele>815.2526715399995</ele>
      </trkpt>
      <trkpt lat="36.8208338" lon="138.2832422">
        <ele>814.768592627956</ele>
      </trkpt>
      <trkpt lat="36.820818" lon="138.2832115">
        <ele>814.3351653896793</ele>
      </trkpt>
      <trkpt lat="36.8208029" lon="138.2831778">
        <ele>813.9833960193062</ele>
      </trkpt>
      <trkpt lat="36.8207879" lon="138.2831442">
        <ele>813.6700815612735</ele>
      </trkpt>
      <trkpt lat="36.8207784" lon="138.2831119">
        <ele>813.5283922312773</ele>
      </trkpt>
      <trkpt lat="36.8207689" lon="138.2830797">
        <ele>813.4057906957241</ele>
      </trkpt>
      <trkpt lat="36.820769" lon="138.2830472">
        <ele>813.5652207923121</ele>
      </trkpt>
      <trkpt lat="36.8207691" lon="138.2830147">
        <ele>813.7538418441247</ele>
      </trkpt>
      <trkpt lat="36.8207767" lon="138.2829805">
        <ele>814.2541361555277</ele>
      </trkpt>
      <trkpt lat="36.8207844" lon="138.2829463">
        <ele>814.7485405355926</ele>
      </trkpt>
      <trkpt lat="36.8207953" lon="138.2829116">
        <ele>815.3770628857902</ele>
      </trkpt>
      <trkpt lat="36.8208063" lon="138.282877">
        <ele>816.0437192420525</ele>
      </trkpt>
      <trkpt lat="36.8208148" lon="138.2828424">
        <ele>816.6712814506611</ele>
      </trkpt>
      <trkpt lat="36.8208233" lon="138.2828078">
        <ele>817.3465644092299</ele>
      </trkpt>
      <trkpt lat="36.8208256" lon="138.2827751">
        <ele>817.8011913338677</ele>
      </trkpt>
      <trkpt lat="36.8208279" lon="138.2827424">
        <ele>818.3389156848751</ele>
      </trkpt>
      <trkpt lat="36.8208232" lon="138.2827117">
        <ele>818.6439486168885</ele>
      </trkpt>
      <trkpt lat="36.8208186" lon="138.2826811">
        <ele>818.9412054554637</ele>
      </trkpt>
      <trkpt lat="36.8208094" lon="138.2826506">
        <ele>819.1067041781263</ele>
      </trkpt>
      <trkpt lat="36.8208003" lon="138.2826201">
        <ele>819.2670678868361</ele>
      </trkpt>
      <trkpt lat="36.8207903" lon="138.2825892">
        <ele>819.4006685051598</ele>
      </trkpt>
      <trkpt lat="36.8207804" lon="138.2825584">
        <ele>819.5623950794957</ele>
      </trkpt>
      <trkpt lat="36.8207702" lon="138.2825285">
        <ele>819.6768475738476</ele>
      </trkpt>
      <trkpt lat="36.82076" lon="138.2824986">
        <ele>819.8064107651361</ele>
      </trkpt>
      <trkpt lat="36.8207487" lon="138.2824703">
        <ele>819.9645157993137</ele>
      </trkpt>
      <trkpt lat="36.8207374" lon="138.2824421">
        <ele>820.1101951284328</ele>
      </trkpt>
      <trkpt lat="36.8207265" lon="138.2824169">
        <ele>820.2160281167626</ele>
      </trkpt>
      <trkpt lat="36.8207157" lon="138.2823918">
        <ele>820.3693888544319</ele>
      </trkpt>
      <trkpt lat="36.8207031" lon="138.2823693">
        <ele>820.4111373854051</ele>
      </trkpt>
      <trkpt lat="36.8206906" lon="138.2823469">
        <ele>820.4666356907842</ele>
      </trkpt>
      <trkpt lat="36.8206745" lon="138.2823268">
        <ele>820.4494977942551</ele>
      </trkpt>
      <trkpt lat="36.8206584" lon="138.2823068">
        <ele>820.4746794696218</ele>
      </trkpt>
      <trkpt lat="36.8206382" lon="138.2822943">
        <ele>820.206413807914</ele>
      </trkpt>
      <trkpt lat="36.820618" lon="138.2822818">
        <ele>819.9860916578687</ele>
      </trkpt>
      <trkpt lat="36.8205934" lon="138.2822831">
        <ele>819.41420675316</ele>
      </trkpt>
      <trkpt lat="36.8205689" lon="138.2822845">
        <ele>818.8418254526109</ele>
      </trkpt>
      <trkpt lat="36.8205422" lon="138.2822971">
        <ele>817.996624047141</ele>
      </trkpt>
      <trkpt lat="36.8205156" lon="138.2823098">
        <ele>817.2403066644358</ele>
      </trkpt>
      <trkpt lat="36.8204882" lon="138.2823217">
        <ele>816.4822516063869</ele>
      </trkpt>
      <trkpt lat="36.8204609" lon="138.2823337">
        <ele>815.8864141326869</ele>
      </trkpt>
      <trkpt lat="36.8204306" lon="138.2823369">
        <ele>815.5323413884745</ele>
      </trkpt>
      <trkpt lat="36.8204003" lon="138.2823402">
        <ele>815.2327730558824</ele>
      </trkpt>
      <trkpt lat="36.8203662" lon="138.2823339">
        <ele>815.197092580203</ele>
      </trkpt>
      <trkpt lat="36.8203321" lon="138.2823277">
        <ele>815.1133806581959</ele>
      </trkpt>
      <trkpt lat="36.8202949" lon="138.2823149">
        <ele>815.0966599216877</ele>
      </trkpt>
      <trkpt lat="36.8202578" lon="138.2823022">
        <ele>815.0154762768013</ele>
      </trkpt>
      <trkpt lat="36.8202211" lon="138.2822879">
        <ele>814.9198526640669</ele>
      </trkpt>
      <trkpt lat="36.8201845" lon="138.2822737">
        <ele>814.6573842470528</ele>
      </trkpt>
      <trkpt lat="36.8201507" lon="138.2822626">
        <ele>814.2699860259353</ele>
      </trkpt>
      <trkpt lat="36.820117" lon="138.2822515">
        <ele>813.7621145873129</ele>
      </trkpt>
      <trkpt lat="36.820088" lon="138.2822456">
        <ele>813.2177464748636</ele>
      </trkpt>
      <trkpt lat="36.8200591" lon="138.2822397">
        <ele>812.612589753798</ele>
      </trkpt>
      <trkpt lat="36.8200344" lon="138.2822388">
        <ele>811.9921710107731</ele>
      </trkpt>
      <trkpt lat="36.8200098" lon="138.2822379">
        <ele>811.3713023615335</ele>
      </trkpt>
      <trkpt lat="36.8199864" lon="138.2822413">
        <ele>810.720616687404</ele>
      </trkpt>
      <trkpt lat="36.819963" lon="138.2822448">
        <ele>810.0703252632022</ele>
      </trkpt>
      <trkpt lat="36.8199362" lon="138.2822526">
        <ele>809.3149906586502</ele>
      </trkpt>
      <trkpt lat="36.8199095" lon="138.2822604">
        <ele>808.5574081094081</ele>
      </trkpt>
      <trkpt lat="36.8198785" lon="138.2822715">
        <ele>807.7102999965564</ele>
      </trkpt>
      <trkpt lat="36.8198476" lon="138.2822827">
        <ele>806.9376914428942</ele>
      </trkpt>
      <trkpt lat="36.8198157" lon="138.2822951">
        <ele>806.1761026430754</ele>
      </trkpt>
      <trkpt lat="36.8197839" lon="138.2823075">
        <ele>805.4303079019439</ele>
      </trkpt>
      <trkpt lat="36.8197541" lon="138.2823198">
        <ele>804.7448543897764</ele>
      </trkpt>
      <trkpt lat="36.8197243" lon="138.2823321">
        <ele>804.0658773426964</ele>
      </trkpt>
      <trkpt lat="36.819697" lon="138.28234">
        <ele>803.4145265005068</ele>
      </trkpt>
      <trkpt lat="36.8196697" lon="138.2823479">
        <ele>802.7758922728013</ele>
      </trkpt>
      <trkpt lat="36.8196444" lon="138.2823483">
        <ele>802.1456973778583</ele>
      </trkpt>
      <trkpt lat="36.8196192" lon="138.2823488">
        <ele>801.5143375403721</ele>
      </trkpt>
      <trkpt lat="36.8195957" lon="138.2823462">
        <ele>800.9172549962136</ele>
      </trkpt>
      <trkpt lat="36.8195722" lon="138.2823437">
        <ele>800.3795303485982</ele>
      </trkpt>
      <trkpt lat="36.8195491" lon="138.2823394">
        <ele>799.8669168305429</ele>
      </trkpt>
      <trkpt lat="36.8195261" lon="138.2823352">
        <ele>799.3780653809827</ele>
      </trkpt>
      <trkpt lat="36.8195029" lon="138.2823251">
        <ele>798.9885594390882</ele>
      </trkpt>
      <trkpt lat="36.8194798" lon="138.282315">
        <ele>798.6371238764747</ele>
      </trkpt>
      <trkpt lat="36.8194605" lon="138.2822942">
        <ele>798.5067066517354</ele>
      </trkpt>
      <trkpt lat="36.8194412" lon="138.2822735">
        <ele>798.4872879420855</ele>
      </trkpt>
      <trkpt lat="36.8194311" lon="138.2822431">
        <ele>798.8517671014492</ele>
      </trkpt>
      <trkpt lat="36.819421" lon="138.2822128">
        <ele>799.4772772044694</ele>
      </trkpt>
      <trkpt lat="36.8194188" lon="138.2821766">
        <ele>800.3306012487697</ele>
      </trkpt>
      <trkpt lat="36.8194167" lon="138.2821405">
        <ele>801.3117263269864</ele>
      </trkpt>
      <trkpt lat="36.8194185" lon="138.2821025">
        <ele>802.4029382199624</ele>
      </trkpt>
      <trkpt lat="36.8194204" lon="138.2820646">
        <ele>803.4880103202642</ele>
      </trkpt>
      <trkpt lat="36.8194211" lon="138.2820275">
        <ele>804.5622925315357</ele>
      </trkpt>
      <trkpt lat="36.8194219" lon="138.2819905">
        <ele>805.6233304605239</ele>
      </trkpt>
      <trkpt lat="36.8194188" lon="138.281955">
        <ele>806.6297309629166</ele>
      </trkpt>
      <trkpt lat="36.8194157" lon="138.2819195">
        <ele>807.6473278919597</ele>
      </trkpt>
      <trkpt lat="36.8194079" lon="138.2818846">
        <ele>808.5326610699985</ele>
      </trkpt>
      <trkpt lat="36.8194002" lon="138.2818497">
        <ele>809.3304662621222</ele>
      </trkpt>
      <trkpt lat="36.8193885" lon="138.2818147">
        <ele>810.1951569399699</ele>
      </trkpt>
      <trkpt lat="36.8193768" lon="138.2817798">
        <ele>811.0139898639876</ele>
      </trkpt>
      <trkpt lat="36.819362" lon="138.2817463">
        <ele>811.8297533473356</ele>
      </trkpt>
      <trkpt lat="36.8193473" lon="138.2817129">
        <ele>812.6135802866663</ele>
      </trkpt>
      <trkpt lat="36.8193298" lon="138.281682">
        <ele>813.3828213113364</ele>
      </trkpt>
      <trkpt lat="36.8193123" lon="138.2816511">
        <ele>814.1247324150962</ele>
      </trkpt>
      <trkpt lat="36.8192923" lon="138.2816236">
        <ele>814.6653680138667</ele>
      </trkpt>
      <trkpt lat="36.8192724" lon="138.2815962">
        <ele>815.1655399486435</ele>
      </trkpt>
      <trkpt lat="36.8192519" lon="138.2815733">
        <ele>815.5732119114515</ele>
      </trkpt>
      <trkpt lat="36.8192314" lon="138.2815504">
        <ele>815.8298360390221</ele>
      </trkpt>
      <trkpt lat="36.8192125" lon="138.2815309">
        <ele>815.9802405271639</ele>
      </trkpt>
      <trkpt lat="36.8191936" lon="138.2815114">
        <ele>816.0931490594069</ele>
      </trkpt>
      <trkpt lat="36.8191753" lon="138.281493">
        <ele>816.1431344173446</ele>
      </trkpt>
      <trkpt lat="36.819157" lon="138.2814746">
        <ele>816.101422932772</ele>
      </trkpt>
      <trkpt lat="36.8191387" lon="138.281459">
        <ele>816.0179209235573</ele>
      </trkpt>
      <trkpt lat="36.8191205" lon="138.2814434">
        <ele>815.9161950828689</ele>
      </trkpt>
      <trkpt lat="36.8191032" lon="138.2814311">
        <ele>815.74282454901</ele>
      </trkpt>
      <trkpt lat="36.819086" lon="138.2814189">
        <ele>815.5003670770615</ele>
      </trkpt>
      <trkpt lat="36.8190687" lon="138.2814073">
        <ele>815.2391945154443</ele>
      </trkpt>
      <trkpt lat="36.8190514" lon="138.2813957">
        <ele>814.9644107071047</ele>
      </trkpt>
      <trkpt lat="36.819036" lon="138.2813807">
        <ele>814.6913418274928</ele>
      </trkpt>
      <trkpt lat="36.8190206" lon="138.2813657">
        <ele>814.3726732967252</ele>
      </trkpt>
      <trkpt lat="36.8190081" lon="138.2813454">
        <ele>814.1120364133216</ele>
      </trkpt>
      <trkpt lat="36.8189957" lon="138.2813252">
        <ele>813.8365268705141</ele>
      </trkpt>
      <trkpt lat="36.8189851" lon="138.2813017">
        <ele>813.5942544968575</ele>
      </trkpt>
      <trkpt lat="36.8189746" lon="138.2812783">
        <ele>813.3617310547282</ele>
      </trkpt>
      <trkpt lat="36.8189655" lon="138.2812511">
        <ele>813.1375022318746</ele>
      </trkpt>
      <trkpt lat="36.8189565" lon="138.281224">
        <ele>812.9038440070328</ele>
      </trkpt>
      <trkpt lat="36.8189502" lon="138.2811926">
        <ele>812.7341138424118</ele>
      </trkpt>
      <trkpt lat="36.818944" lon="138.2811613">
        <ele>812.5723118721029</ele>
      </trkpt>
      <trkpt lat="36.8189411" lon="138.281128">
        <ele>812.5184469856069</ele>
      </trkpt>
      <trkpt lat="36.8189382" lon="138.2810948">
        <ele>812.4953915162614</ele>
      </trkpt>
      <trkpt lat="36.8189385" lon="138.2810615">
        <ele>812.5617451345995</ele>
      </trkpt>
      <trkpt lat="36.8189389" lon="138.2810283">
        <ele>812.6937020479704</ele>
      </trkpt>
      <trkpt lat="36.8189419" lon="138.280996">
        <ele>812.9315540791491</ele>
      </trkpt>
      <trkpt lat="36.818945" lon="138.2809637">
        <ele>813.1727775707841</ele>
      </trkpt>
      <trkpt lat="36.8189494" lon="138.280931">
        <ele>813.529441060126</ele>
      </trkpt>
      <trkpt lat="36.8189538" lon="138.2808984">
        <ele>813.8854055074047</ele>
      </trkpt>
      <trkpt lat="36.8189598" lon="138.2808627">
        <ele>814.3310779193872</ele>
      </trkpt>
      <trkpt lat="36.8189658" lon="138.280827">
        <ele>814.7999564812993</ele>
      </trkpt>
      <trkpt lat="36.8189733" lon="138.2807868">
        <ele>815.3524060407331</ele>
      </trkpt>
      <trkpt lat="36.8189809" lon="138.2807467">
        <ele>815.9722092574937</ele>
      </trkpt>
      <trkpt lat="36.8189899" lon="138.2807052">
        <ele>816.643140862324</ele>
      </trkpt>
      <trkpt lat="36.818999" lon="138.2806638">
        <ele>817.3156436146709</ele>
      </trkpt>
      <trkpt lat="36.8190081" lon="138.2806227">
        <ele>817.9850006668372</ele>
      </trkpt>
      <trkpt lat="36.8190173" lon="138.2805816">
        <ele>818.7188272888835</ele>
      </trkpt>
      <trkpt lat="36.8190268" lon="138.2805419">
        <ele>819.4343100721323</ele>
      </trkpt>
      <trkpt lat="36.8190363" lon="138.2805023">
        <ele>820.1325943241842</ele>
      </trkpt>
      <trkpt lat="36.8190465" lon="138.2804643">
        <ele>820.8414013993859</ele>
      </trkpt>
      <trkpt lat="36.8190567" lon="138.2804263">
        <ele>821.5650597341605</ele>
      </trkpt>
      <trkpt lat="36.8190684" lon="138.2803897">
        <ele>822.31501332014</ele>
      </trkpt>
      <trkpt lat="36.8190801" lon="138.2803531">
        <ele>823.0753899856363</ele>
      </trkpt>
      <trkpt lat="36.8190914" lon="138.2803169">
        <ele>823.8297203747787</ele>
      </trkpt>
      <trkpt lat="36.8191028" lon="138.2802807">
        <ele>824.5587917538126</ele>
      </trkpt>
      <trkpt lat="36.8191077" lon="138.280248">
        <ele>825.0991970176378</ele>
      </trkpt>
      <trkpt lat="36.8191127" lon="138.2802154">
        <ele>825.6337401234152</ele>
      </trkpt>
      <trkpt lat="36.8191068" lon="138.2801936">
        <ele>825.7825494630174</ele>
      </trkpt>
      <trkpt lat="36.819101" lon="138.2801719">
        <ele>825.9441568726587</ele>
      </trkpt>
      <trkpt lat="36.8190848" lon="138.2801635">
        <ele>825.725385938544</ele>
      </trkpt>
      <trkpt lat="36.8190687" lon="138.2801551">
        <ele>825.5224580333191</ele>
      </trkpt>
      <trkpt lat="36.8190494" lon="138.280158">
        <ele>825.090546195453</ele>
      </trkpt>
      <trkpt lat="36.8190302" lon="138.2801609">
        <ele>824.7072618946107</ele>
      </trkpt>
      <trkpt lat="36.81901" lon="138.2801734">
        <ele>824.1614887190485</ele>
      </trkpt>
      <trkpt lat="36.8189898" lon="138.280186">
        <ele>823.5881290021787</ele>
      </trkpt>
      <trkpt lat="36.8189659" lon="138.2802041">
        <ele>822.8886992522102</ele>
      </trkpt>
      <trkpt lat="36.8189421" lon="138.2802223">
        <ele>822.2787291472821</ele>
      </trkpt>
      <trkpt lat="36.8189165" lon="138.2802449">
        <ele>821.5504681238019</ele>
      </trkpt>
      <trkpt lat="36.8188909" lon="138.2802676">
        <ele>820.8634664157563</ele>
      </trkpt>
      <trkpt lat="36.8188683" lon="138.2802939">
        <ele>820.1713130761877</ele>
      </trkpt>
      <trkpt lat="36.8188457" lon="138.2803202">
        <ele>819.483695503418</ele>
      </trkpt>
      <trkpt lat="36.8188243" lon="138.2803478">
        <ele>818.856791283026</ele>
      </trkpt>
      <trkpt lat="36.8188029" lon="138.2803755">
        <ele>818.2650686898166</ele>
      </trkpt>
      <trkpt lat="36.8187836" lon="138.2804023">
        <ele>817.6814058724585</ele>
      </trkpt>
      <trkpt lat="36.8187644" lon="138.2804292">
        <ele>817.0881457381295</ele>
      </trkpt>
      <trkpt lat="36.8187465" lon="138.280454">
        <ele>816.5594120080914</ele>
      </trkpt>
      <trkpt lat="36.8187287" lon="138.2804788">
        <ele>815.9778480114908</ele>
      </trkpt>
      <trkpt lat="36.8187094" lon="138.2804988">
        <ele>815.4714722865365</ele>
      </trkpt>
      <trkpt lat="36.8186902" lon="138.2805188">
        <ele>814.9492824229228</ele>
      </trkpt>
      <trkpt lat="36.8186687" lon="138.2805353">
        <ele>814.4980864441412</ele>
      </trkpt>
      <trkpt lat="36.8186472" lon="138.2805518">
        <ele>813.9833987095627</ele>
      </trkpt>
      <trkpt lat="36.818624" lon="138.2805682">
        <ele>813.4525465325428</ele>
      </trkpt>
      <trkpt lat="36.8186008" lon="138.2805846">
        <ele>812.9389470744389</ele>
      </trkpt>
      <trkpt lat="36.8185763" lon="138.2805983">
        <ele>812.487044076984</ele>
      </trkpt>
      <trkpt lat="36.8185518" lon="138.2806121">
        <ele>812.0181268381248</ele>
      </trkpt>
      <trkpt lat="36.8185267" lon="138.2806211">
        <ele>811.6839670826143</ele>
      </trkpt>
      <trkpt lat="36.8185016" lon="138.2806301">
        <ele>811.3394436766097</ele>
      </trkpt>
      <trkpt lat="36.8184779" lon="138.2806298">
        <ele>811.2591196824226</ele>
      </trkpt>
      <trkpt lat="36.8184543" lon="138.2806296">
        <ele>811.165699543539</ele>
      </trkpt>
      <trkpt lat="36.8184359" lon="138.2806163">
        <ele>811.4683405334879</ele>
      </trkpt>
      <trkpt lat="36.8184175" lon="138.2806031">
        <ele>811.7096917296767</ele>
      </trkpt>
      <trkpt lat="36.8184052" lon="138.2805798">
        <ele>812.2046812677332</ele>
      </trkpt>
      <trkpt lat="36.818393" lon="138.2805565">
        <ele>812.6813232650485</ele>
      </trkpt>
      <trkpt lat="36.8183845" lon="138.2805278">
        <ele>813.27438908865</ele>
      </trkpt>
      <trkpt lat="36.8183761" lon="138.2804992">
        <ele>813.7040349899812</ele>
      </trkpt>
      <trkpt lat="36.8183689" lon="138.2804691">
        <ele>814.1543960433503</ele>
      </trkpt>
      <trkpt lat="36.8183617" lon="138.280439">
        <ele>814.5365078326948</ele>
      </trkpt>
      <trkpt lat="36.8183535" lon="138.2804106">
        <ele>814.7569585778416</ele>
      </trkpt>
      <trkpt lat="36.8183454" lon="138.2803822">
        <ele>814.9360520879562</ele>
      </trkpt>
      <trkpt lat="36.8183339" lon="138.2803563">
        <ele>814.9550099862267</ele>
      </trkpt>
      <trkpt lat="36.8183225" lon="138.2803305">
        <ele>814.8532828979052</ele>
      </trkpt>
      <trkpt lat="36.818303" lon="138.2803078">
        <ele>814.4918893356366</ele>
      </trkpt>
      <trkpt lat="36.8182835" lon="138.2802852">
        <ele>814.0721339880987</ele>
      </trkpt>
      <trkpt lat="36.8182575" lon="138.2802664">
        <ele>813.2706184554669</ele>
      </trkpt>
      <trkpt lat="36.8182316" lon="138.2802477">
        <ele>812.4192177545965</ele>
      </trkpt>
      <trkpt lat="36.8182041" lon="138.2802325">
        <ele>811.4745781362994</ele>
      </trkpt>
      <trkpt lat="36.8181767" lon="138.2802174">
        <ele>810.4999333353717</ele>
      </trkpt>
      <trkpt lat="36.8181507" lon="138.2802038">
        <ele>809.5759369459005</ele>
      </trkpt>
      <trkpt lat="36.8181247" lon="138.2801903">
        <ele>808.4700634988778</ele>
      </trkpt>
      <trkpt lat="36.8181017" lon="138.2801753">
        <ele>807.4193789952265</ele>
      </trkpt>
      <trkpt lat="36.8180788" lon="138.2801603">
        <ele>806.3920535697238</ele>
      </trkpt>
      <trkpt lat="36.8180577" lon="138.2801408">
        <ele>805.3863869261452</ele>
      </trkpt>
      <trkpt lat="36.8180366" lon="138.2801213">
        <ele>804.4086271681077</ele>
      </trkpt>
      <trkpt lat="36.8180128" lon="138.2801016">
        <ele>803.3446045131343</ele>
      </trkpt>
      <trkpt lat="36.817989" lon="138.2800819">
        <ele>802.2978765269544</ele>
      </trkpt>
      <trkpt lat="36.8179595" lon="138.2800678">
        <ele>801.0741681057259</ele>
      </trkpt>
      <trkpt lat="36.81793" lon="138.2800537">
        <ele>799.9666914471136</ele>
      </trkpt>
      <trkpt lat="36.8178966" lon="138.2800471">
        <ele>798.8283645033058</ele>
      </trkpt>
      <trkpt lat="36.8178632" lon="138.2800406">
        <ele>797.8208237467836</ele>
      </trkpt>
      <trkpt lat="36.8178289" lon="138.2800408">
        <ele>796.9212417422982</ele>
      </trkpt>
      <trkpt lat="36.8177946" lon="138.2800411">
        <ele>796.113416622172</ele>
      </trkpt>
      <trkpt lat="36.8177605" lon="138.2800476">
        <ele>795.4074907153534</ele>
      </trkpt>
      <trkpt lat="36.8177265" lon="138.2800542">
        <ele>794.7809617020039</ele>
      </trkpt>
      <trkpt lat="36.8176948" lon="138.2800667">
        <ele>794.2812451292934</ele>
      </trkpt>
      <trkpt lat="36.8176631" lon="138.2800793">
        <ele>793.7933958607691</ele>
      </trkpt>
      <trkpt lat="36.8176336" lon="138.280096">
        <ele>793.4734900586795</ele>
      </trkpt>
      <trkpt lat="36.8176041" lon="138.2801128">
        <ele>793.1183332023338</ele>
      </trkpt>
      <trkpt lat="36.8175747" lon="138.2801278">
        <ele>792.9617306593632</ele>
      </trkpt>
      <trkpt lat="36.8175453" lon="138.2801428">
        <ele>792.8266614620177</ele>
      </trkpt>
      <trkpt lat="36.8175165" lon="138.2801534">
        <ele>792.9016095939631</ele>
      </trkpt>
      <trkpt lat="36.8174877" lon="138.280164">
        <ele>793.1111476436693</ele>
      </trkpt>
      <trkpt lat="36.8174595" lon="138.2801723">
        <ele>793.394820134215</ele>
      </trkpt>
      <trkpt lat="36.8174314" lon="138.2801807">
        <ele>793.802964415085</ele>
      </trkpt>
      <trkpt lat="36.817403" lon="138.2801888">
        <ele>794.2400352963662</ele>
      </trkpt>
      <trkpt lat="36.8173746" lon="138.280197">
        <ele>794.7455084718098</ele>
      </trkpt>
      <trkpt lat="36.8173491" lon="138.2802052">
        <ele>795.2203987565285</ele>
      </trkpt>
      <trkpt lat="36.8173237" lon="138.2802135">
        <ele>795.7039529110206</ele>
      </trkpt>
      <trkpt lat="36.8173018" lon="138.2802229">
        <ele>796.073949763601</ele>
      </trkpt>
      <trkpt lat="36.81728" lon="138.2802323">
        <ele>796.4691197613863</ele>
      </trkpt>
      <trkpt lat="36.8172601" lon="138.2802436">
        <ele>796.8026127785058</ele>
      </trkpt>
      <trkpt lat="36.8172403" lon="138.280255">
        <ele>797.1677514689724</ele>
      </trkpt>
      <trkpt lat="36.8172213" lon="138.2802686">
        <ele>797.497199612568</ele>
      </trkpt>
      <trkpt lat="36.8172024" lon="138.2802823">
        <ele>797.8188562830464</ele>
      </trkpt>
      <trkpt lat="36.8171832" lon="138.2802971">
        <ele>798.0920527549337</ele>
      </trkpt>
      <trkpt lat="36.817164" lon="138.280312">
        <ele>798.3472902856311</ele>
      </trkpt>
      <trkpt lat="36.8171427" lon="138.2803266">
        <ele>798.700620235786</ele>
      </trkpt>
      <trkpt lat="36.8171215" lon="138.2803413">
        <ele>799.0807334667799</ele>
      </trkpt>
      <trkpt lat="36.8170963" lon="138.2803542">
        <ele>799.5527209259899</ele>
      </trkpt>
      <trkpt lat="36.8170711" lon="138.2803671">
        <ele>799.990434272537</ele>
      </trkpt>
      <trkpt lat="36.8170426" lon="138.2803767">
        <ele>800.4439021201955</ele>
      </trkpt>
      <trkpt lat="36.8170142" lon="138.2803864">
        <ele>800.6933978162151</ele>
      </trkpt>
      <trkpt lat="36.8169847" lon="138.2803902">
        <ele>801.1340195706307</ele>
      </trkpt>
      <trkpt lat="36.8169552" lon="138.2803941">
        <ele>801.4170078958169</ele>
      </trkpt>
      <trkpt lat="36.8169254" lon="138.2803904">
        <ele>801.8709948904498</ele>
      </trkpt>
      <trkpt lat="36.8168957" lon="138.2803868">
        <ele>802.1197187409742</ele>
      </trkpt>
      <trkpt lat="36.8168671" lon="138.2803773">
        <ele>802.3521530882928</ele>
      </trkpt>
      <trkpt lat="36.8168386" lon="138.2803679">
        <ele>802.5677233844568</ele>
      </trkpt>
      <trkpt lat="36.8168103" lon="138.2803563">
        <ele>802.6668247037571</ele>
      </trkpt>
      <trkpt lat="36.8167821" lon="138.2803448">
        <ele>802.6919310384433</ele>
      </trkpt>
      <trkpt lat="36.8167542" lon="138.2803369">
        <ele>802.6843561775056</ele>
      </trkpt>
      <trkpt lat="36.8167264" lon="138.280329">
        <ele>802.6770724152223</ele>
      </trkpt>
      <trkpt lat="36.8166988" lon="138.2803274">
        <ele>802.6282362556839</ele>
      </trkpt>
      <trkpt lat="36.8166712" lon="138.2803259">
        <ele>802.6246332864187</ele>
      </trkpt>
      <trkpt lat="36.816644" lon="138.2803285">
        <ele>802.5859837177029</ele>
      </trkpt>
      <trkpt lat="36.8166168" lon="138.2803311">
        <ele>802.6467467717484</ele>
      </trkpt>
      <trkpt lat="36.8165891" lon="138.2803384">
        <ele>802.7212889430177</ele>
      </trkpt>
      <trkpt lat="36.8165615" lon="138.2803457">
        <ele>802.832317203933</ele>
      </trkpt>
      <trkpt lat="36.816533" lon="138.2803585">
        <ele>803.0181255660655</ele>
      </trkpt>
      <trkpt lat="36.8165046" lon="138.2803714">
        <ele>803.1486408279324</ele>
      </trkpt>
      <trkpt lat="36.8164772" lon="138.2803897">
        <ele>803.1418927707988</ele>
      </trkpt>
      <trkpt lat="36.8164499" lon="138.280408">
        <ele>803.2053945156806</ele>
      </trkpt>
      <trkpt lat="36.8164249" lon="138.2804288">
        <ele>803.2935639533162</ele>
      </trkpt>
      <trkpt lat="36.8163999" lon="138.2804497">
        <ele>803.4084625917708</ele>
      </trkpt>
      <trkpt lat="36.8163747" lon="138.2804706">
        <ele>803.4503228495473</ele>
      </trkpt>
      <trkpt lat="36.8163496" lon="138.2804916">
        <ele>803.4486681096067</ele>
      </trkpt>
      <trkpt lat="36.8163213" lon="138.2805093">
        <ele>803.4233603155544</ele>
      </trkpt>
      <trkpt lat="36.8162931" lon="138.280527">
        <ele>803.4439699898137</ele>
      </trkpt>
      <trkpt lat="36.8162615" lon="138.2805363">
        <ele>803.3340230932789</ele>
      </trkpt>
      <trkpt lat="36.8162299" lon="138.2805457">
        <ele>803.1785700882679</ele>
      </trkpt>
      <trkpt lat="36.8162299" lon="138.2805457">
        <ele>803.1785700882679</ele>
      </trkpt>
      <trkpt lat="36.81607037399911" lon="138.28053553740256">
        <ele>799.9654401184519</ele>
      </trkpt>
      <trkpt lat="36.81607037399911" lon="138.28053553740256">
        <ele>799.9654401184519</ele>
      </trkpt>
      <trkpt lat="36.815940155252335" lon="138.2804383424425">
        <ele>795.8579290149781</ele>
      </trkpt>
      <trkpt lat="36.815940155252335" lon="138.2804383424425">
        <ele>795.8579290149781</ele>
      </trkpt>
      <trkpt lat="36.81610317018861" lon="138.28042718490013">
        <ele>801.0053831756061</ele>
      </trkpt>
      <trkpt lat="36.81625948555512" lon="138.28034071394285">
        <ele>802.8604262172764</ele>
      </trkpt>
      <trkpt lat="36.81625948555512" lon="138.28034071394285">
        <ele>802.8604262172764</ele>
      </trkpt>
      <trkpt lat="36.81643813129705" lon="138.28006456475754">
        <ele>798.7863947107757</ele>
      </trkpt>
      <trkpt lat="36.81643813129705" lon="138.28006456475754">
        <ele>798.7863947107757</ele>
      </trkpt>
      <trkpt lat="36.816653631899335" lon="138.27957158787336">
        <ele>793.7255292976512</ele>
      </trkpt>
      <trkpt lat="36.816747" lon="138.279358">
        <ele>794.3084758587768</ele>
      </trkpt>
      <trkpt lat="36.816747" lon="138.279358">
        <ele>794.3084758587768</ele>
      </trkpt>
      <trkpt lat="36.816781" lon="138.27794">
        <ele>795.9572301175949</ele>
      </trkpt>
      <trkpt lat="36.816603" lon="138.277042">
        <ele>794.7556099543357</ele>
      </trkpt>
      <trkpt lat="36.816603" lon="138.277042">
        <ele>794.7556099543357</ele>
      </trkpt>
      <trkpt lat="36.816403" lon="138.276031">
        <ele>804.4268964949424</ele>
      </trkpt>
      <trkpt lat="36.816067" lon="138.274809">
        <ele>816.0327882737861</ele>
      </trkpt>
      <trkpt lat="36.816015" lon="138.274798">
        <ele>814.7887920052291</ele>
      </trkpt>
      <trkpt lat="36.815984" lon="138.274778">
        <ele>814.2001831032294</ele>
      </trkpt>
      <trkpt lat="36.815951" lon="138.274724">
        <ele>813.5881036665463</ele>
      </trkpt>
      <trkpt lat="36.815749" lon="138.274272">
        <ele>807.8674108737883</ele>
      </trkpt>
      <trkpt lat="36.815751" lon="138.274367">
        <ele>808.457964837753</ele>
      </trkpt>
      <trkpt lat="36.815742" lon="138.274398">
        <ele>808.6438975771483</ele>
      </trkpt>
      <trkpt lat="36.8157325" lon="138.2743932">
        <ele>808.5692737753617</ele>
      </trkpt>
      <trkpt lat="36.8157348" lon="138.2743783">
        <ele>808.453976883677</ele>
      </trkpt>
      <trkpt lat="36.8157371" lon="138.2743635">
        <ele>808.3406694233829</ele>
      </trkpt>
      <trkpt lat="36.8157403" lon="138.2743472">
        <ele>808.2382361016383</ele>
      </trkpt>
      <trkpt lat="36.8157436" lon="138.274331">
        <ele>808.1585908141727</ele>
      </trkpt>
      <trkpt lat="36.8157481" lon="138.2743116">
        <ele>808.0862302636516</ele>
      </trkpt>
      <trkpt lat="36.8157526" lon="138.2742923">
        <ele>808.0192093222016</ele>
      </trkpt>
      <trkpt lat="36.8157561" lon="138.2742699">
        <ele>807.9275888072376</ele>
      </trkpt>
      <trkpt lat="36.8157597" lon="138.2742475">
        <ele>807.95185561316</ele>
      </trkpt>
      <trkpt lat="36.8157607" lon="138.2742224">
        <ele>807.9552013083937</ele>
      </trkpt>
      <trkpt lat="36.8157617" lon="138.2741973">
        <ele>807.9611005416434</ele>
      </trkpt>
      <trkpt lat="36.8157596" lon="138.2741708">
        <ele>808.0463707079385</ele>
      </trkpt>
      <trkpt lat="36.8157576" lon="138.2741443">
        <ele>808.2699433163659</ele>
      </trkpt>
      <trkpt lat="36.8157525" lon="138.2741157">
        <ele>808.4630376328025</ele>
      </trkpt>
      <trkpt lat="36.8157474" lon="138.2740872">
        <ele>808.6985698209216</ele>
      </trkpt>
      <trkpt lat="36.8157407" lon="138.2740561">
        <ele>809.0347712032935</ele>
      </trkpt>
      <trkpt lat="36.815734" lon="138.2740251">
        <ele>809.3702557225374</ele>
      </trkpt>
      <trkpt lat="36.8157262" lon="138.2739941">
        <ele>809.7513134197957</ele>
      </trkpt>
      <trkpt lat="36.8157184" lon="138.2739632">
        <ele>810.1666064064456</ele>
      </trkpt>
      <trkpt lat="36.8157097" lon="138.2739356">
        <ele>810.4848941909304</ele>
      </trkpt>
      <trkpt lat="36.815701" lon="138.2739081">
        <ele>810.831204270002</ele>
      </trkpt>
      <trkpt lat="36.8156912" lon="138.2738848">
        <ele>811.086825380605</ele>
      </trkpt>
      <trkpt lat="36.8156815" lon="138.2738616">
        <ele>811.3271845674122</ele>
      </trkpt>
      <trkpt lat="36.8156696" lon="138.2738412">
        <ele>811.4278336840958</ele>
      </trkpt>
      <trkpt lat="36.8156578" lon="138.2738208">
        <ele>811.448216450462</ele>
      </trkpt>
      <trkpt lat="36.8156466" lon="138.2737986">
        <ele>811.5024910544327</ele>
      </trkpt>
      <trkpt lat="36.8156354" lon="138.2737765">
        <ele>811.5467704899397</ele>
      </trkpt>
      <trkpt lat="36.8156262" lon="138.2737504">
        <ele>811.6949064445682</ele>
      </trkpt>
      <trkpt lat="36.815617" lon="138.2737243">
        <ele>811.7911212980054</ele>
      </trkpt>
      <trkpt lat="36.8156114" lon="138.2736957">
        <ele>812.0008181415399</ele>
      </trkpt>
      <trkpt lat="36.8156058" lon="138.2736672">
        <ele>812.1825885949494</ele>
      </trkpt>
      <trkpt lat="36.8156012" lon="138.273637">
        <ele>812.2977172354002</ele>
      </trkpt>
      <trkpt lat="36.8155967" lon="138.2736069">
        <ele>812.4062266826483</ele>
      </trkpt>
      <trkpt lat="36.8155911" lon="138.2735752">
        <ele>812.4777889599117</ele>
      </trkpt>
      <trkpt lat="36.8155856" lon="138.2735436">
        <ele>812.5403663889174</ele>
      </trkpt>
      <trkpt lat="36.8155793" lon="138.273512">
        <ele>812.5589740468719</ele>
      </trkpt>
      <trkpt lat="36.815573" lon="138.2734804">
        <ele>812.5640795435354</ele>
      </trkpt>
      <trkpt lat="36.8155679" lon="138.27345">
        <ele>812.5969175273981</ele>
      </trkpt>
      <trkpt lat="36.8155628" lon="138.2734196">
        <ele>812.6192402657816</ele>
      </trkpt>
      <trkpt lat="36.8155593" lon="138.273391">
        <ele>812.7660618812315</ele>
      </trkpt>
      <trkpt lat="36.8155559" lon="138.2733624">
        <ele>812.9508332879286</ele>
      </trkpt>
      <trkpt lat="36.8155527" lon="138.2733357">
        <ele>813.1222000223586</ele>
      </trkpt>
      <trkpt lat="36.8155496" lon="138.2733091">
        <ele>813.3860419523796</ele>
      </trkpt>
      <trkpt lat="36.8155463" lon="138.2732836">
        <ele>813.6848550410718</ele>
      </trkpt>
      <trkpt lat="36.8155431" lon="138.2732581">
        <ele>813.9907743691244</ele>
      </trkpt>
      <trkpt lat="36.81554" lon="138.2732334">
        <ele>814.3093525737304</ele>
      </trkpt>
      <trkpt lat="36.8155369" lon="138.2732088">
        <ele>814.7022186937393</ele>
      </trkpt>
      <trkpt lat="36.8155336" lon="138.2731826">
        <ele>815.1423981088291</ele>
      </trkpt>
      <trkpt lat="36.8155303" lon="138.2731565">
        <ele>815.5892377916775</ele>
      </trkpt>
      <trkpt lat="36.815526" lon="138.2731275">
        <ele>816.0568836157244</ele>
      </trkpt>
      <trkpt lat="36.8155217" lon="138.2730985">
        <ele>816.5427715474964</ele>
      </trkpt>
      <trkpt lat="36.8155187" lon="138.2730684">
        <ele>817.1057643543948</ele>
      </trkpt>
      <trkpt lat="36.8155157" lon="138.2730384">
        <ele>817.7048418802983</ele>
      </trkpt>
      <trkpt lat="36.8155147" lon="138.2730072">
        <ele>818.3854246951647</ele>
      </trkpt>
      <trkpt lat="36.8155137" lon="138.272976">
        <ele>819.0439382141501</ele>
      </trkpt>
      <trkpt lat="36.8155157" lon="138.2729436">
        <ele>819.6582219223453</ele>
      </trkpt>
      <trkpt lat="36.8155178" lon="138.2729112">
        <ele>820.2651299381128</ele>
      </trkpt>
      <trkpt lat="36.8155243" lon="138.2728783">
        <ele>820.8791389793714</ele>
      </trkpt>
      <trkpt lat="36.8155309" lon="138.2728454">
        <ele>821.4313536551742</ele>
      </trkpt>
      <trkpt lat="36.8155408" lon="138.272812">
        <ele>822.0147593314124</ele>
      </trkpt>
      <trkpt lat="36.8155508" lon="138.2727786">
        <ele>822.4737273314529</ele>
      </trkpt>
      <trkpt lat="36.8155603" lon="138.2727445">
        <ele>822.9117968962369</ele>
      </trkpt>
      <trkpt lat="36.8155698" lon="138.2727105">
        <ele>823.3147078714687</ele>
      </trkpt>
      <trkpt lat="36.8155791" lon="138.2726771">
        <ele>823.6579164142506</ele>
      </trkpt>
      <trkpt lat="36.8155884" lon="138.2726438">
        <ele>823.979413601152</ele>
      </trkpt>
      <trkpt lat="36.8155972" lon="138.272612">
        <ele>824.2576892974328</ele>
      </trkpt>
      <trkpt lat="36.8156061" lon="138.2725802">
        <ele>824.5336042763905</ele>
      </trkpt>
      <trkpt lat="36.8156136" lon="138.2725481">
        <ele>824.8322105397109</ele>
      </trkpt>
      <trkpt lat="36.8156212" lon="138.272516">
        <ele>825.1586917163879</ele>
      </trkpt>
      <trkpt lat="36.8156275" lon="138.2724815">
        <ele>825.4754188104724</ele>
      </trkpt>
      <trkpt lat="36.8156338" lon="138.272447">
        <ele>825.7800118141548</ele>
      </trkpt>
      <trkpt lat="36.8156393" lon="138.2724108">
        <ele>826.084842294267</ele>
      </trkpt>
      <trkpt lat="36.8156448" lon="138.2723747">
        <ele>826.3989469275821</ele>
      </trkpt>
      <trkpt lat="36.8156489" lon="138.2723375">
        <ele>826.7186620073405</ele>
      </trkpt>
      <trkpt lat="36.8156531" lon="138.2723003">
        <ele>827.0398324129651</ele>
      </trkpt>
      <trkpt lat="36.8156563" lon="138.2722635">
        <ele>827.2499607763109</ele>
      </trkpt>
      <trkpt lat="36.8156596" lon="138.2722267">
        <ele>827.4534170510892</ele>
      </trkpt>
      <trkpt lat="36.815662" lon="138.2721911">
        <ele>827.6227029580682</ele>
      </trkpt>
      <trkpt lat="36.8156645" lon="138.2721556">
        <ele>827.7789722814267</ele>
      </trkpt>
      <trkpt lat="36.8156655" lon="138.2721221">
        <ele>827.9013267971824</ele>
      </trkpt>
      <trkpt lat="36.8156665" lon="138.2720886">
        <ele>827.9507746584939</ele>
      </trkpt>
      <trkpt lat="36.815668" lon="138.2720555">
        <ele>828.0134718666568</ele>
      </trkpt>
      <trkpt lat="36.8156696" lon="138.2720225">
        <ele>828.0657863940842</ele>
      </trkpt>
      <trkpt lat="36.815673" lon="138.271989">
        <ele>828.1445137175426</ele>
      </trkpt>
      <trkpt lat="36.8156765" lon="138.2719556">
        <ele>828.2294893500438</ele>
      </trkpt>
      <trkpt lat="36.815682" lon="138.2719212">
        <ele>828.333676426044</ele>
      </trkpt>
      <trkpt lat="36.8156875" lon="138.2718869">
        <ele>828.4397231726713</ele>
      </trkpt>
      <trkpt lat="36.8156962" lon="138.2718518">
        <ele>828.631087303395</ele>
      </trkpt>
      <trkpt lat="36.815705" lon="138.2718168">
        <ele>828.8208326289437</ele>
      </trkpt>
      <trkpt lat="36.8157169" lon="138.2717817">
        <ele>829.0916685535115</ele>
      </trkpt>
      <trkpt lat="36.8157288" lon="138.2717467">
        <ele>829.354026712351</ele>
      </trkpt>
      <trkpt lat="36.8157431" lon="138.2717133">
        <ele>829.6972728729831</ele>
      </trkpt>
      <trkpt lat="36.8157574" lon="138.2716799">
        <ele>830.0701155482332</ele>
      </trkpt>
      <trkpt lat="36.815774" lon="138.2716489">
        <ele>830.5291250477085</ele>
      </trkpt>
      <trkpt lat="36.8157906" lon="138.2716179">
        <ele>830.9881346467189</ele>
      </trkpt>
      <trkpt lat="36.8158085" lon="138.271588">
        <ele>831.4830908928303</ele>
      </trkpt>
      <trkpt lat="36.8158264" lon="138.2715582">
        <ele>831.9465236668158</ele>
      </trkpt>
      <trkpt lat="36.8158447" lon="138.2715282">
        <ele>832.394082938434</ele>
      </trkpt>
      <trkpt lat="36.8158631" lon="138.2714983">
        <ele>832.846231000359</ele>
      </trkpt>
      <trkpt lat="36.815881" lon="138.2714681">
        <ele>833.2890870081503</ele>
      </trkpt>
      <trkpt lat="36.8158989" lon="138.2714379">
        <ele>833.7323009352225</ele>
      </trkpt>
      <trkpt lat="36.8159162" lon="138.2714073">
        <ele>834.1083894732819</ele>
      </trkpt>
      <trkpt lat="36.8159335" lon="138.2713767">
        <ele>834.4651177297968</ele>
      </trkpt>
      <trkpt lat="36.8159501" lon="138.2713463">
        <ele>834.7934217346689</ele>
      </trkpt>
      <trkpt lat="36.8159667" lon="138.2713159">
        <ele>835.1588141692184</ele>
      </trkpt>
      <trkpt lat="36.8159828" lon="138.2712865">
        <ele>835.4970663905917</ele>
      </trkpt>
      <trkpt lat="36.8159989" lon="138.2712571">
        <ele>835.8073432116779</ele>
      </trkpt>
      <trkpt lat="36.8160142" lon="138.271228">
        <ele>836.0618960165425</ele>
      </trkpt>
      <trkpt lat="36.8160295" lon="138.271199">
        <ele>836.3322727727707</ele>
      </trkpt>
      <trkpt lat="36.8160442" lon="138.2711701">
        <ele>836.5949469529096</ele>
      </trkpt>
      <trkpt lat="36.816059" lon="138.2711412">
        <ele>836.8600952648566</ele>
      </trkpt>
      <trkpt lat="36.8160727" lon="138.2711133">
        <ele>837.1015242144244</ele>
      </trkpt>
      <trkpt lat="36.8160865" lon="138.2710854">
        <ele>837.336289203083</ele>
      </trkpt>
      <trkpt lat="36.8160996" lon="138.271059">
        <ele>837.5267241880936</ele>
      </trkpt>
      <trkpt lat="36.8161127" lon="138.2710326">
        <ele>837.7276072889942</ele>
      </trkpt>
      <trkpt lat="36.8161252" lon="138.2710072">
        <ele>837.9293455364825</ele>
      </trkpt>
      <trkpt lat="36.8161377" lon="138.2709818">
        <ele>838.1281669465351</ele>
      </trkpt>
      <trkpt lat="36.8161495" lon="138.2709573">
        <ele>838.3036005920135</ele>
      </trkpt>
      <trkpt lat="36.8161613" lon="138.2709329">
        <ele>838.4760416745219</ele>
      </trkpt>
      <trkpt lat="36.8161733" lon="138.2709081">
        <ele>838.6534292556041</ele>
      </trkpt>
      <trkpt lat="36.8161853" lon="138.2708833">
        <ele>838.8197744867889</ele>
      </trkpt>
      <trkpt lat="36.8161976" lon="138.2708576">
        <ele>838.9783036539459</ele>
      </trkpt>
      <trkpt lat="36.8162099" lon="138.2708319">
        <ele>839.1297274600718</ele>
      </trkpt>
      <trkpt lat="36.8162216" lon="138.2708058">
        <ele>839.2805310830477</ele>
      </trkpt>
      <trkpt lat="36.8162334" lon="138.2707797">
        <ele>839.4256675185943</ele>
      </trkpt>
      <trkpt lat="36.8162439" lon="138.2707543">
        <ele>839.5336521903556</ele>
      </trkpt>
      <trkpt lat="36.8162544" lon="138.270729">
        <ele>839.654087199735</ele>
      </trkpt>
      <trkpt lat="36.8162643" lon="138.2707046">
        <ele>839.7762818957475</ele>
      </trkpt>
      <trkpt lat="36.8162742" lon="138.2706802">
        <ele>839.9066683432178</ele>
      </trkpt>
      <trkpt lat="36.8162844" lon="138.2706564">
        <ele>840.0478312698939</ele>
      </trkpt>
      <trkpt lat="36.8162946" lon="138.2706326">
        <ele>840.1736636796993</ele>
      </trkpt>
      <trkpt lat="36.816305" lon="138.2706091">
        <ele>840.316383849323</ele>
      </trkpt>
      <trkpt lat="36.8163155" lon="138.2705857">
        <ele>840.4702830260828</ele>
      </trkpt>
      <trkpt lat="36.8163254" lon="138.2705622">
        <ele>840.6374181966314</ele>
      </trkpt>
      <trkpt lat="36.8163354" lon="138.2705387">
        <ele>840.8107135067777</ele>
      </trkpt>
      <trkpt lat="36.8163452" lon="138.2705149">
        <ele>840.9703447812968</ele>
      </trkpt>
      <trkpt lat="36.8163551" lon="138.2704911">
        <ele>841.1242118694364</ele>
      </trkpt>
      <trkpt lat="36.8163655" lon="138.2704663">
        <ele>841.2783314007852</ele>
      </trkpt>
      <trkpt lat="36.816376" lon="138.2704416">
        <ele>841.426138234827</ele>
      </trkpt>
      <trkpt lat="36.8163869" lon="138.2704155">
        <ele>841.5684769163518</ele>
      </trkpt>
      <trkpt lat="36.8163979" lon="138.2703894">
        <ele>841.6525379327932</ele>
      </trkpt>
      <trkpt lat="36.8164085" lon="138.270362">
        <ele>841.6752864640155</ele>
      </trkpt>
      <trkpt lat="36.8164191" lon="138.2703346">
        <ele>841.6783363301818</ele>
      </trkpt>
      <trkpt lat="36.8164295" lon="138.2703068">
        <ele>841.6055002974996</ele>
      </trkpt>
      <trkpt lat="36.81644" lon="138.2702791">
        <ele>841.4680883455209</ele>
      </trkpt>
      <trkpt lat="36.81645" lon="138.2702516">
        <ele>841.3051265763669</ele>
      </trkpt>
      <trkpt lat="36.81646" lon="138.2702242">
        <ele>841.0382189731844</ele>
      </trkpt>
      <trkpt lat="36.816468" lon="138.2701971">
        <ele>840.5874720278599</ele>
      </trkpt>
      <trkpt lat="36.816476" lon="138.27017">
        <ele>840.1073167450538</ele>
      </trkpt>
      <trkpt lat="36.816482" lon="138.2701425">
        <ele>839.5281523202557</ele>
      </trkpt>
      <trkpt lat="36.8164881" lon="138.2701151">
        <ele>838.8065094402884</ele>
      </trkpt>
      <trkpt lat="36.8164937" lon="138.2700875">
        <ele>838.058570977221</ele>
      </trkpt>
      <trkpt lat="36.8164993" lon="138.2700599">
        <ele>837.254160199918</ele>
      </trkpt>
      <trkpt lat="36.816505" lon="138.2700317">
        <ele>836.1262122866997</ele>
      </trkpt>
      <trkpt lat="36.8165108" lon="138.2700035">
        <ele>834.9766362785231</ele>
      </trkpt>
      <trkpt lat="36.8165175" lon="138.2699754">
        <ele>833.793766234317</ele>
      </trkpt>
      <trkpt lat="36.8165243" lon="138.2699473">
        <ele>832.4038857731832</ele>
      </trkpt>
      <trkpt lat="36.8165341" lon="138.2699207">
        <ele>831.0513457626962</ele>
      </trkpt>
      <trkpt lat="36.8165439" lon="138.2698942">
        <ele>829.6685207336888</ele>
      </trkpt>
      <trkpt lat="36.8165585" lon="138.2698713">
        <ele>828.2749407755088</ele>
      </trkpt>
      <trkpt lat="36.8165732" lon="138.2698485">
        <ele>826.8709656511555</ele>
      </trkpt>
      <trkpt lat="36.8165925" lon="138.2698321">
        <ele>825.8531824063895</ele>
      </trkpt>
      <trkpt lat="36.8166118" lon="138.2698158">
        <ele>824.8092430975937</ele>
      </trkpt>
      <trkpt lat="36.8166348" lon="138.2698071">
        <ele>824.1842751590236</ele>
      </trkpt>
      <trkpt lat="36.8166578" lon="138.2697984">
        <ele>823.63989562569</ele>
      </trkpt>
      <trkpt lat="36.8166831" lon="138.2697961">
        <ele>823.4905359444335</ele>
      </trkpt>
      <trkpt lat="36.8167085" lon="138.2697939">
        <ele>823.3549422527185</ele>
      </trkpt>
      <trkpt lat="36.816734" lon="138.2697954">
        <ele>823.5561680870198</ele>
      </trkpt>
      <trkpt lat="36.8167595" lon="138.2697969">
        <ele>823.7586910841978</ele>
      </trkpt>
      <trkpt lat="36.8167835" lon="138.2698002">
        <ele>824.0973620902</ele>
      </trkpt>
      <trkpt lat="36.8168075" lon="138.2698035">
        <ele>824.4829783350447</ele>
      </trkpt>
      <trkpt lat="36.8168311" lon="138.2698084">
        <ele>824.9835132772387</ele>
      </trkpt>
      <trkpt lat="36.8168548" lon="138.2698134">
        <ele>825.5576778393691</ele>
      </trkpt>
      <trkpt lat="36.8168783" lon="138.2698188">
        <ele>826.2149493363837</ele>
      </trkpt>
      <trkpt lat="36.8169018" lon="138.2698242">
        <ele>826.8765243546928</ele>
      </trkpt>
      <trkpt lat="36.8169252" lon="138.2698302">
        <ele>827.5785901652656</ele>
      </trkpt>
      <trkpt lat="36.8169487" lon="138.2698362">
        <ele>828.2786163538233</ele>
      </trkpt>
      <trkpt lat="36.8169711" lon="138.2698419">
        <ele>828.9445145204201</ele>
      </trkpt>
      <trkpt lat="36.8169935" lon="138.2698477">
        <ele>829.6543623968961</ele>
      </trkpt>
      <trkpt lat="36.8170155" lon="138.2698538">
        <ele>830.4080669930206</ele>
      </trkpt>
      <trkpt lat="36.8170375" lon="138.2698599">
        <ele>831.1617716865617</ele>
      </trkpt>
      <trkpt lat="36.8170598" lon="138.2698662">
        <ele>831.9429300415998</ele>
      </trkpt>
      <trkpt lat="36.8170821" lon="138.2698726">
        <ele>832.734571929564</ele>
      </trkpt>
      <trkpt lat="36.817105" lon="138.2698785">
        <ele>833.4909304101459</ele>
      </trkpt>
      <trkpt lat="36.8171279" lon="138.2698844">
        <ele>834.3070279341451</ele>
      </trkpt>
      <trkpt lat="36.8171517" lon="138.2698903">
        <ele>835.2317710919558</ele>
      </trkpt>
      <trkpt lat="36.8171755" lon="138.2698963">
        <ele>836.1541030578115</ele>
      </trkpt>
      <trkpt lat="36.8172004" lon="138.2699026">
        <ele>837.1899448062661</ele>
      </trkpt>
      <trkpt lat="36.8172253" lon="138.2699089">
        <ele>838.2881746135171</ele>
      </trkpt>
      <trkpt lat="36.8172512" lon="138.2699156">
        <ele>839.434467089707</ele>
      </trkpt>
      <trkpt lat="36.8172772" lon="138.2699224">
        <ele>840.7383543387218</ele>
      </trkpt>
      <trkpt lat="36.8173035" lon="138.2699291">
        <ele>842.0559706195756</ele>
      </trkpt>
      <trkpt lat="36.8173299" lon="138.2699358">
        <ele>843.3811363443087</ele>
      </trkpt>
      <trkpt lat="36.8173553" lon="138.2699406">
        <ele>844.6425161527799</ele>
      </trkpt>
      <trkpt lat="36.8173808" lon="138.2699455">
        <ele>845.9010661218961</ele>
      </trkpt>
      <trkpt lat="36.8174054" lon="138.269948">
        <ele>847.0254831698188</ele>
      </trkpt>
      <trkpt lat="36.8174301" lon="138.2699506">
        <ele>848.1982603647992</ele>
      </trkpt>
      <trkpt lat="36.8174548" lon="138.2699497">
        <ele>849.178640991073</ele>
      </trkpt>
      <trkpt lat="36.8174795" lon="138.2699489">
        <ele>850.1677678251788</ele>
      </trkpt>
      <trkpt lat="36.8175037" lon="138.2699411">
        <ele>850.8053540610271</ele>
      </trkpt>
      <trkpt lat="36.8175279" lon="138.2699334">
        <ele>851.479513236475</ele>
      </trkpt>
      <trkpt lat="36.8175496" lon="138.2699172">
        <ele>851.7312936842657</ele>
      </trkpt>
      <trkpt lat="36.8175713" lon="138.269901">
        <ele>852.046519930151</ele>
      </trkpt>
      <trkpt lat="36.8175897" lon="138.2698785">
        <ele>852.0503927840393</ele>
      </trkpt>
      <trkpt lat="36.8176082" lon="138.269856">
        <ele>852.1455964247771</ele>
      </trkpt>
      <trkpt lat="36.8176233" lon="138.2698302">
        <ele>852.0130496213094</ele>
      </trkpt>
      <trkpt lat="36.8176385" lon="138.2698045">
        <ele>851.975651166774</ele>
      </trkpt>
      <trkpt lat="36.8176486" lon="138.2697762">
        <ele>851.7818649262638</ele>
      </trkpt>
      <trkpt lat="36.8176587" lon="138.269748">
        <ele>851.6390698004391</ele>
      </trkpt>
      <trkpt lat="36.8176652" lon="138.2697202">
        <ele>851.3343143632164</ele>
      </trkpt>
      <trkpt lat="36.8176718" lon="138.2696925">
        <ele>851.2543568500009</ele>
      </trkpt>
      <trkpt lat="36.8176743" lon="138.2696654">
        <ele>850.9462537180272</ele>
      </trkpt>
      <trkpt lat="36.8176768" lon="138.2696383">
        <ele>850.6473408445769</ele>
      </trkpt>
      <trkpt lat="36.8176748" lon="138.2696117">
        <ele>850.2456473270281</ele>
      </trkpt>
      <trkpt lat="36.8176728" lon="138.2695851">
        <ele>849.8709898905292</ele>
      </trkpt>
      <trkpt lat="36.8176677" lon="138.2695564">
        <ele>849.2559727189746</ele>
      </trkpt>
      <trkpt lat="36.8176627" lon="138.2695278">
        <ele>848.7750107703334</ele>
      </trkpt>
      <trkpt lat="36.8176561" lon="138.2694978">
        <ele>848.2261017323412</ele>
      </trkpt>
      <trkpt lat="36.8176495" lon="138.2694679">
        <ele>847.6707424053184</ele>
      </trkpt>
      <trkpt lat="36.8176411" lon="138.2694383">
        <ele>847.1869165762328</ele>
      </trkpt>
      <trkpt lat="36.8176328" lon="138.2694088">
        <ele>846.7547918977216</ele>
      </trkpt>
      <trkpt lat="36.8176224" lon="138.2693803">
        <ele>846.1640290305949</ele>
      </trkpt>
      <trkpt lat="36.8176121" lon="138.2693519">
        <ele>845.7772496750697</ele>
      </trkpt>
      <trkpt lat="36.8175977" lon="138.2693259">
        <ele>845.1009836848125</ele>
      </trkpt>
      <trkpt lat="36.8175833" lon="138.2693">
        <ele>844.4540753788184</ele>
      </trkpt>
      <trkpt lat="36.8175646" lon="138.2692766">
        <ele>843.6552545563594</ele>
      </trkpt>
      <trkpt lat="36.8175459" lon="138.2692532">
        <ele>842.9985744947597</ele>
      </trkpt>
      <trkpt lat="36.8175239" lon="138.269232">
        <ele>842.1328632543974</ele>
      </trkpt>
      <trkpt lat="36.817502" lon="138.2692108">
        <ele>841.3878199170771</ele>
      </trkpt>
      <trkpt lat="36.8174793" lon="138.2691916">
        <ele>840.7535353542702</ele>
      </trkpt>
      <trkpt lat="36.8174567" lon="138.2691725">
        <ele>840.2680578128035</ele>
      </trkpt>
      <trkpt lat="36.817434" lon="138.2691551">
        <ele>839.8452853328251</ele>
      </trkpt>
      <trkpt lat="36.8174114" lon="138.2691377">
        <ele>839.4678847464513</ele>
      </trkpt>
      <trkpt lat="36.8173871" lon="138.2691209">
        <ele>839.0415537457652</ele>
      </trkpt>
      <trkpt lat="36.8173629" lon="138.2691042">
        <ele>838.8254392656181</ele>
      </trkpt>
      <trkpt lat="36.8173372" lon="138.2690897">
        <ele>838.4428713366601</ele>
      </trkpt>
      <trkpt lat="36.8173115" lon="138.2690753">
        <ele>838.1140401943824</ele>
      </trkpt>
      <trkpt lat="36.8172868" lon="138.2690635">
        <ele>837.7314738552323</ele>
      </trkpt>
      <trkpt lat="36.8172621" lon="138.2690518">
        <ele>837.3433154436299</ele>
      </trkpt>
      <trkpt lat="36.8172389" lon="138.2690394">
        <ele>837.1064833449207</ele>
      </trkpt>
      <trkpt lat="36.8172157" lon="138.269027">
        <ele>836.89144106236</ele>
      </trkpt>
      <trkpt lat="36.8171926" lon="138.2690138">
        <ele>836.7206742391019</ele>
      </trkpt>
      <trkpt lat="36.8171696" lon="138.2690006">
        <ele>836.5591693332254</ele>
      </trkpt>
      <trkpt lat="36.817146" lon="138.2689863">
        <ele>836.4197311398619</ele>
      </trkpt>
      <trkpt lat="36.8171225" lon="138.2689721">
        <ele>836.2560223874027</ele>
      </trkpt>
      <trkpt lat="36.8170992" lon="138.2689569">
        <ele>836.1584566494971</ele>
      </trkpt>
      <trkpt lat="36.817076" lon="138.2689418">
        <ele>836.0282473109271</ele>
      </trkpt>
      <trkpt lat="36.8170536" lon="138.2689251">
        <ele>835.963126346739</ele>
      </trkpt>
      <trkpt lat="36.8170313" lon="138.2689085">
        <ele>835.8574011186704</ele>
      </trkpt>
      <trkpt lat="36.8170105" lon="138.2688883">
        <ele>835.9710965166632</ele>
      </trkpt>
      <trkpt lat="36.8169898" lon="138.2688681">
        <ele>836.0747534261011</ele>
      </trkpt>
      <trkpt lat="36.8169722" lon="138.2688429">
        <ele>836.4491308836086</ele>
      </trkpt>
      <trkpt lat="36.8169546" lon="138.2688178">
        <ele>836.7935198033697</ele>
      </trkpt>
      <trkpt lat="36.8169441" lon="138.2687891">
        <ele>837.5589853639513</ele>
      </trkpt>
      <trkpt lat="36.8169336" lon="138.2687605">
        <ele>838.2145524190747</ele>
      </trkpt>
      <trkpt lat="36.8169321" lon="138.26873">
        <ele>839.2194801051178</ele>
      </trkpt>
      <trkpt lat="36.8169306" lon="138.2686996">
        <ele>840.2209125375383</ele>
      </trkpt>
      <trkpt lat="36.8169376" lon="138.2686689">
        <ele>841.3073870843284</ele>
      </trkpt>
      <trkpt lat="36.8169447" lon="138.2686382">
        <ele>842.2763038909534</ele>
      </trkpt>
      <trkpt lat="36.8169576" lon="138.268609">
        <ele>843.4483642655428</ele>
      </trkpt>
      <trkpt lat="36.8169706" lon="138.2685799">
        <ele>844.4192306286047</ele>
      </trkpt>
      <trkpt lat="36.8169858" lon="138.2685528">
        <ele>845.44339140337</ele>
      </trkpt>
      <trkpt lat="36.8170011" lon="138.2685258">
        <ele>846.5111504742883</ele>
      </trkpt>
      <trkpt lat="36.8170166" lon="138.2685001">
        <ele>847.3671137489723</ele>
      </trkpt>
      <trkpt lat="36.8170321" lon="138.2684745">
        <ele>848.1531330407561</ele>
      </trkpt>
      <trkpt lat="36.8170472" lon="138.2684498">
        <ele>848.930980961125</ele>
      </trkpt>
      <trkpt lat="36.8170624" lon="138.2684252">
        <ele>849.7012623759144</ele>
      </trkpt>
      <trkpt lat="36.817078" lon="138.2684028">
        <ele>850.4110467018982</ele>
      </trkpt>
      <trkpt lat="36.8170936" lon="138.2683805">
        <ele>851.1328397628171</ele>
      </trkpt>
      <trkpt lat="36.8171099" lon="138.2683612">
        <ele>851.9048530364394</ele>
      </trkpt>
      <trkpt lat="36.8171262" lon="138.268342">
        <ele>852.6982892097677</ele>
      </trkpt>
      <trkpt lat="36.817144" lon="138.2683233">
        <ele>853.5559126771946</ele>
      </trkpt>
      <trkpt lat="36.8171619" lon="138.2683046">
        <ele>854.4074161001827</ele>
      </trkpt>
      <trkpt lat="36.8171822" lon="138.268286">
        <ele>855.3712909088092</ele>
      </trkpt>
      <trkpt lat="36.8172026" lon="138.2682675">
        <ele>856.2807550659873</ele>
      </trkpt>
      <trkpt lat="36.8172228" lon="138.2682489">
        <ele>857.1287960353447</ele>
      </trkpt>
      <trkpt lat="36.817243" lon="138.2682304">
        <ele>857.9479073103935</ele>
      </trkpt>
      <trkpt lat="36.8172618" lon="138.2682108">
        <ele>858.6754920603714</ele>
      </trkpt>
      <trkpt lat="36.8172807" lon="138.2681912">
        <ele>859.3958403369419</ele>
      </trkpt>
      <trkpt lat="36.8172995" lon="138.2681719">
        <ele>860.1078250737405</ele>
      </trkpt>
      <trkpt lat="36.8173183" lon="138.2681527">
        <ele>860.7829981019247</ele>
      </trkpt>
      <trkpt lat="36.817337" lon="138.268134">
        <ele>861.4100243606497</ele>
      </trkpt>
      <trkpt lat="36.8173558" lon="138.2681153">
        <ele>862.0116955696365</ele>
      </trkpt>
      <trkpt lat="36.8173737" lon="138.2680948">
        <ele>862.5429695296264</ele>
      </trkpt>
      <trkpt lat="36.8173917" lon="138.2680743">
        <ele>863.0488843329786</ele>
      </trkpt>
      <trkpt lat="36.8174085" lon="138.2680521">
        <ele>863.4853900958535</ele>
      </trkpt>
      <trkpt lat="36.8174253" lon="138.26803">
        <ele>863.9130011888783</ele>
      </trkpt>
      <trkpt lat="36.8174396" lon="138.2680054">
        <ele>864.188309677833</ele>
      </trkpt>
      <trkpt lat="36.817454" lon="138.2679809">
        <ele>864.4369548048434</ele>
      </trkpt>
      <trkpt lat="36.8174669" lon="138.2679552">
        <ele>864.5707087329008</ele>
      </trkpt>
      <trkpt lat="36.8174798" lon="138.2679295">
        <ele>864.670733929188</ele>
      </trkpt>
      <trkpt lat="36.8174915" lon="138.2679024">
        <ele>864.6969806145423</ele>
      </trkpt>
      <trkpt lat="36.8175032" lon="138.2678754">
        <ele>864.7058144739775</ele>
      </trkpt>
      <trkpt lat="36.8175141" lon="138.2678458">
        <ele>864.6027422065321</ele>
      </trkpt>
      <trkpt lat="36.8175251" lon="138.2678163">
        <ele>864.548160317609</ele>
      </trkpt>
      <trkpt lat="36.8175345" lon="138.2677849">
        <ele>864.4940486749158</ele>
      </trkpt>
      <trkpt lat="36.8175439" lon="138.2677535">
        <ele>864.4401305550333</ele>
      </trkpt>
      <trkpt lat="36.8175511" lon="138.2677216">
        <ele>864.457733738506</ele>
      </trkpt>
      <trkpt lat="36.8175583" lon="138.2676897">
        <ele>864.5140915539896</ele>
      </trkpt>
      <trkpt lat="36.817562" lon="138.2676586">
        <ele>864.4643566567453</ele>
      </trkpt>
      <trkpt lat="36.8175657" lon="138.2676275">
        <ele>864.6312669210557</ele>
      </trkpt>
      <trkpt lat="36.8175658" lon="138.2675966">
        <ele>864.6877941811916</ele>
      </trkpt>
      <trkpt lat="36.817566" lon="138.2675658">
        <ele>864.816665970856</ele>
      </trkpt>
      <trkpt lat="36.8175619" lon="138.2675349">
        <ele>865.0011762338387</ele>
      </trkpt>
      <trkpt lat="36.8175579" lon="138.2675041">
        <ele>865.1834416228778</ele>
      </trkpt>
      <trkpt lat="36.8175501" lon="138.2674759">
        <ele>865.3072549707418</ele>
      </trkpt>
      <trkpt lat="36.8175424" lon="138.2674478">
        <ele>865.5342775651616</ele>
      </trkpt>
      <trkpt lat="36.8175317" lon="138.2674235">
        <ele>865.5967188453681</ele>
      </trkpt>
      <trkpt lat="36.8175211" lon="138.2673993">
        <ele>865.7263811321261</ele>
      </trkpt>
      <trkpt lat="36.8175079" lon="138.2673791">
        <ele>865.8192443567939</ele>
      </trkpt>
      <trkpt lat="36.8174947" lon="138.2673589">
        <ele>865.9030652657178</ele>
      </trkpt>
      <trkpt lat="36.8174779" lon="138.2673432">
        <ele>865.7840347398273</ele>
      </trkpt>
      <trkpt lat="36.8174611" lon="138.2673275">
        <ele>865.6583024682884</ele>
      </trkpt>
      <trkpt lat="36.8174405" lon="138.2673148">
        <ele>865.4132523907676</ele>
      </trkpt>
      <trkpt lat="36.8174199" lon="138.2673021">
        <ele>865.1504581941946</ele>
      </trkpt>
      <trkpt lat="36.8173972" lon="138.2672918">
        <ele>864.7709392437376</ele>
      </trkpt>
      <trkpt lat="36.8173745" lon="138.2672815">
        <ele>864.4026520172138</ele>
      </trkpt>
      <trkpt lat="36.8173513" lon="138.2672729">
        <ele>863.9827578385898</ele>
      </trkpt>
      <trkpt lat="36.8173282" lon="138.2672644">
        <ele>863.5501941677143</ele>
      </trkpt>
      <trkpt lat="36.817307" lon="138.2672556">
        <ele>863.1679988480643</ele>
      </trkpt>
      <trkpt lat="36.8172858" lon="138.2672468">
        <ele>862.7870276392212</ele>
      </trkpt>
      <trkpt lat="36.8172673" lon="138.2672362">
        <ele>862.5022174288994</ele>
      </trkpt>
      <trkpt lat="36.8172488" lon="138.2672257">
        <ele>862.1934276849971</ele>
      </trkpt>
      <trkpt lat="36.8172344" lon="138.2672088">
        <ele>862.0524793013938</ele>
      </trkpt>
      <trkpt lat="36.8172201" lon="138.267192">
        <ele>861.9127525217835</ele>
      </trkpt>
      <trkpt lat="36.8172114" lon="138.2671656">
        <ele>862.0539430637382</ele>
      </trkpt>
      <trkpt lat="36.8172027" lon="138.2671393">
        <ele>862.1543544209371</ele>
      </trkpt>
      <trkpt lat="36.817201" lon="138.2671061">
        <ele>862.3496300320294</ele>
      </trkpt>
      <trkpt lat="36.8171993" lon="138.2670729">
        <ele>862.5429916421999</ele>
      </trkpt>
      <trkpt lat="36.8172049" lon="138.267038">
        <ele>862.8830666457164</ele>
      </trkpt>
      <trkpt lat="36.8172105" lon="138.2670032">
        <ele>863.1913599352976</ele>
      </trkpt>
      <trkpt lat="36.8172217" lon="138.2669708">
        <ele>863.6659389587323</ele>
      </trkpt>
      <trkpt lat="36.817233" lon="138.2669385">
        <ele>864.0884592557335</ele>
      </trkpt>
      <trkpt lat="36.8172479" lon="138.2669104">
        <ele>864.6574449444716</ele>
      </trkpt>
      <trkpt lat="36.8172628" lon="138.2668823">
        <ele>865.260622796687</ele>
      </trkpt>
      <trkpt lat="36.8172795" lon="138.2668562">
        <ele>865.9044017284551</ele>
      </trkpt>
      <trkpt lat="36.8172962" lon="138.2668302">
        <ele>866.592318664904</ele>
      </trkpt>
      <trkpt lat="36.8173132" lon="138.2668035">
        <ele>867.3386464583008</ele>
      </trkpt>
      <trkpt lat="36.8173302" lon="138.2667768">
        <ele>868.0496291452461</ele>
      </trkpt>
      <trkpt lat="36.8173482" lon="138.26675">
        <ele>868.8462344939982</ele>
      </trkpt>
      <trkpt lat="36.8173663" lon="138.2667232">
        <ele>869.6800457463005</ele>
      </trkpt>
      <trkpt lat="36.8173847" lon="138.266697">
        <ele>870.5009763970083</ele>
      </trkpt>
      <trkpt lat="36.8174032" lon="138.2666709">
        <ele>871.3542543261705</ele>
      </trkpt>
      <trkpt lat="36.8174185" lon="138.2666449">
        <ele>872.1039313583414</ele>
      </trkpt>
      <trkpt lat="36.8174339" lon="138.266619">
        <ele>872.8568054435241</ele>
      </trkpt>
      <trkpt lat="36.8174434" lon="138.2665927">
        <ele>873.285845142456</ele>
      </trkpt>
      <trkpt lat="36.8174529" lon="138.2665664">
        <ele>873.7064119193806</ele>
      </trkpt>
      <trkpt lat="36.8174571" lon="138.2665378">
        <ele>873.8585543769416</ele>
      </trkpt>
      <trkpt lat="36.8174614" lon="138.2665092">
        <ele>874.0380061821548</ele>
      </trkpt>
      <trkpt lat="36.8174617" lon="138.2664782">
        <ele>874.016733208811</ele>
      </trkpt>
      <trkpt lat="36.8174621" lon="138.2664473">
        <ele>874.0547195549716</ele>
      </trkpt>
      <trkpt lat="36.8174596" lon="138.266415">
        <ele>874.0419649663387</ele>
      </trkpt>
      <trkpt lat="36.8174571" lon="138.2663827">
        <ele>874.0311562898579</ele>
      </trkpt>
      <trkpt lat="36.8174514" lon="138.2663517">
        <ele>873.9307936760608</ele>
      </trkpt>
      <trkpt lat="36.8174458" lon="138.2663207">
        <ele>873.870399413352</ele>
      </trkpt>
      <trkpt lat="36.8174369" lon="138.266292">
        <ele>873.630635973812</ele>
      </trkpt>
      <trkpt lat="36.817428" lon="138.2662633">
        <ele>873.4731857171291</ele>
      </trkpt>
      <trkpt lat="36.8174176" lon="138.2662361">
        <ele>873.2437843335802</ele>
      </trkpt>
      <trkpt lat="36.8174073" lon="138.266209">
        <ele>873.0182826552552</ele>
      </trkpt>
      <trkpt lat="36.8173945" lon="138.2661823">
        <ele>872.687571057144</ele>
      </trkpt>
      <trkpt lat="36.8173818" lon="138.2661557">
        <ele>872.40888344238</ele>
      </trkpt>
      <trkpt lat="36.8173657" lon="138.2661299">
        <ele>871.9587427683895</ele>
      </trkpt>
      <trkpt lat="36.8173497" lon="138.2661041">
        <ele>871.4957856114861</ele>
      </trkpt>
      <trkpt lat="36.8173307" lon="138.2660809">
        <ele>870.8238849512256</ele>
      </trkpt>
      <trkpt lat="36.8173118" lon="138.2660578">
        <ele>870.1662416706849</ele>
      </trkpt>
      <trkpt lat="36.8172922" lon="138.2660377">
        <ele>869.4362213789974</ele>
      </trkpt>
      <trkpt lat="36.8172726" lon="138.2660177">
        <ele>868.6654526000481</ele>
      </trkpt>
      <trkpt lat="36.8172561" lon="138.2659977">
        <ele>868.0041665488741</ele>
      </trkpt>
      <trkpt lat="36.8172396" lon="138.2659778">
        <ele>867.4024744802583</ele>
      </trkpt>
      <trkpt lat="36.8172287" lon="138.2659538">
        <ele>867.0365732413852</ele>
      </trkpt>
      <trkpt lat="36.8172179" lon="138.2659299">
        <ele>866.6006183133942</ele>
      </trkpt>
      <trkpt lat="36.8172133" lon="138.2659021">
        <ele>866.3947294854818</ele>
      </trkpt>
      <trkpt lat="36.8172087" lon="138.2658743">
        <ele>866.1758306065116</ele>
      </trkpt>
      <trkpt lat="36.81721" lon="138.2658445">
        <ele>866.2289349398493</ele>
      </trkpt>
      <trkpt lat="36.8172113" lon="138.2658147">
        <ele>866.2711224290599</ele>
      </trkpt>
      <trkpt lat="36.8172164" lon="138.2657833">
        <ele>866.5062797985094</ele>
      </trkpt>
      <trkpt lat="36.8172216" lon="138.2657519">
        <ele>866.6937507658965</ele>
      </trkpt>
      <trkpt lat="36.8172286" lon="138.2657196">
        <ele>866.9374155017786</ele>
      </trkpt>
      <trkpt lat="36.8172357" lon="138.2656874">
        <ele>867.186523531215</ele>
      </trkpt>
      <trkpt lat="36.8172442" lon="138.265655">
        <ele>867.5062448449211</ele>
      </trkpt>
      <trkpt lat="36.8172528" lon="138.2656226">
        <ele>867.831059943397</ele>
      </trkpt>
      <trkpt lat="36.817262" lon="138.2655919">
        <ele>868.2181515112491</ele>
      </trkpt>
      <trkpt lat="36.8172712" lon="138.2655612">
        <ele>868.6009005535192</ele>
      </trkpt>
      <trkpt lat="36.8172804" lon="138.2655321">
        <ele>868.9714264819345</ele>
      </trkpt>
      <trkpt lat="36.8172896" lon="138.265503">
        <ele>869.3303341965359</ele>
      </trkpt>
      <trkpt lat="36.8172993" lon="138.2654749">
        <ele>869.7176779035801</ele>
      </trkpt>
      <trkpt lat="36.8173091" lon="138.2654468">
        <ele>870.1009029216187</ele>
      </trkpt>
      <trkpt lat="36.8173174" lon="138.2654193">
        <ele>870.3927842796046</ele>
      </trkpt>
      <trkpt lat="36.8173258" lon="138.2653919">
        <ele>870.658047121588</ele>
      </trkpt>
      <trkpt lat="36.8173302" lon="138.2653641">
        <ele>870.7156947786683</ele>
      </trkpt>
      <trkpt lat="36.8173347" lon="138.2653363">
        <ele>870.7837949044244</ele>
      </trkpt>
      <trkpt lat="36.8173348" lon="138.2653065">
        <ele>870.6687898383179</ele>
      </trkpt>
      <trkpt lat="36.8173349" lon="138.2652768">
        <ele>870.5538845246901</ele>
      </trkpt>
      <trkpt lat="36.817331" lon="138.2652468">
        <ele>870.2601820213921</ele>
      </trkpt>
      <trkpt lat="36.8173272" lon="138.2652168">
        <ele>869.9823362244583</ele>
      </trkpt>
      <trkpt lat="36.8173192" lon="138.2651871">
        <ele>869.5460229962558</ele>
      </trkpt>
      <trkpt lat="36.8173113" lon="138.2651575">
        <ele>869.1753959557971</ele>
      </trkpt>
      <trkpt lat="36.8173013" lon="138.2651272">
        <ele>868.7754819124814</ele>
      </trkpt>
      <trkpt lat="36.8172914" lon="138.2650969">
        <ele>868.3997967116042</ele>
      </trkpt>
      <trkpt lat="36.8172831" lon="138.2650658">
        <ele>868.1064237153342</ele>
      </trkpt>
      <trkpt lat="36.8172748" lon="138.2650348">
        <ele>867.8474261115521</ele>
      </trkpt>
      <trkpt lat="36.817271" lon="138.2650024">
        <ele>867.7640164705645</ele>
      </trkpt>
      <trkpt lat="36.8172672" lon="138.26497">
        <ele>867.6973079147793</ele>
      </trkpt>
      <trkpt lat="36.8172699" lon="138.2649358">
        <ele>867.8211752180393</ele>
      </trkpt>
      <trkpt lat="36.8172726" lon="138.2649016">
        <ele>867.9185835163097</ele>
      </trkpt>
      <trkpt lat="36.8172827" lon="138.2648674">
        <ele>868.1374696120885</ele>
      </trkpt>
      <trkpt lat="36.8172928" lon="138.2648333">
        <ele>868.3096351118616</ele>
      </trkpt>
      <trkpt lat="36.8173094" lon="138.264802">
        <ele>868.5458753923872</ele>
      </trkpt>
      <trkpt lat="36.817326" lon="138.2647708">
        <ele>868.7227592617689</ele>
      </trkpt>
      <trkpt lat="36.8173478" lon="138.2647453">
        <ele>868.8897111078142</ele>
      </trkpt>
      <trkpt lat="36.8173697" lon="138.2647198">
        <ele>868.9389788993782</ele>
      </trkpt>
      <trkpt lat="36.8173946" lon="138.2647007">
        <ele>869.026999110996</ele>
      </trkpt>
      <trkpt lat="36.8174196" lon="138.2646816">
        <ele>868.9994947994925</ele>
      </trkpt>
      <trkpt lat="36.8174452" lon="138.2646657">
        <ele>868.9512304382712</ele>
      </trkpt>
      <trkpt lat="36.8174709" lon="138.2646499">
        <ele>868.8435834505983</ele>
      </trkpt>
      <trkpt lat="36.8174957" lon="138.2646353">
        <ele>868.6847396738519</ele>
      </trkpt>
      <trkpt lat="36.8175206" lon="138.2646207">
        <ele>868.4768312489933</ele>
      </trkpt>
      <trkpt lat="36.8175438" lon="138.2646097">
        <ele>868.230220241503</ele>
      </trkpt>
      <trkpt lat="36.817567" lon="138.2645988">
        <ele>867.9222420592056</ele>
      </trkpt>
      <trkpt lat="36.817589" lon="138.2645936">
        <ele>867.7142948710317</ele>
      </trkpt>
      <trkpt lat="36.817611" lon="138.2645885">
        <ele>867.4052722997026</ele>
      </trkpt>
      <trkpt lat="36.8176328" lon="138.2645905">
        <ele>867.1591723121206</ele>
      </trkpt>
      <trkpt lat="36.8176547" lon="138.2645926">
        <ele>866.9200389425417</ele>
      </trkpt>
      <trkpt lat="36.8176767" lon="138.2646023">
        <ele>866.8286446069458</ele>
      </trkpt>
      <trkpt lat="36.8176988" lon="138.2646121">
        <ele>866.6845736418777</ele>
      </trkpt>
      <trkpt lat="36.8177199" lon="138.2646282">
        <ele>866.7375972489392</ele>
      </trkpt>
      <trkpt lat="36.8177411" lon="138.2646443">
        <ele>866.7780284076684</ele>
      </trkpt>
      <trkpt lat="36.8177617" lon="138.264665">
        <ele>866.8953775297045</ele>
      </trkpt>
      <trkpt lat="36.8177823" lon="138.2646857">
        <ele>867.0810095127805</ele>
      </trkpt>
      <trkpt lat="36.8178029" lon="138.2647091">
        <ele>867.3834162820887</ele>
      </trkpt>
      <trkpt lat="36.8178235" lon="138.2647326">
        <ele>867.6135168378473</ele>
      </trkpt>
      <trkpt lat="36.8178451" lon="138.2647552">
        <ele>867.8424191644925</ele>
      </trkpt>
      <trkpt lat="36.8178667" lon="138.2647778">
        <ele>868.1232394810222</ele>
      </trkpt>
      <trkpt lat="36.8178889" lon="138.2647981">
        <ele>868.213887700317</ele>
      </trkpt>
      <trkpt lat="36.8179112" lon="138.2648184">
        <ele>868.25829328544</ele>
      </trkpt>
      <trkpt lat="36.8179327" lon="138.2648371">
        <ele>868.282273820777</ele>
      </trkpt>
      <trkpt lat="36.8179543" lon="138.2648558">
        <ele>868.2778056608986</ele>
      </trkpt>
      <trkpt lat="36.8179744" lon="138.2648745">
        <ele>868.2947103328079</ele>
      </trkpt>
      <trkpt lat="36.8179945" lon="138.2648933">
        <ele>868.3154596008364</ele>
      </trkpt>
      <trkpt lat="36.8180122" lon="138.2649129">
        <ele>868.4498092148874</ele>
      </trkpt>
      <trkpt lat="36.8180299" lon="138.2649326">
        <ele>868.5188538550633</ele>
      </trkpt>
      <trkpt lat="36.8180453" lon="138.2649538">
        <ele>868.7242306021742</ele>
      </trkpt>
      <trkpt lat="36.8180607" lon="138.264975">
        <ele>868.9296072369443</ele>
      </trkpt>
      <trkpt lat="36.8180753" lon="138.2649996">
        <ele>869.2866459615998</ele>
      </trkpt>
      <trkpt lat="36.8180899" lon="138.2650242">
        <ele>869.633414239856</ele>
      </trkpt>
      <trkpt lat="36.8181021" lon="138.2650526">
        <ele>870.215599240862</ele>
      </trkpt>
      <trkpt lat="36.8181143" lon="138.265081">
        <ele>870.8095342015788</ele>
      </trkpt>
      <trkpt lat="36.8181247" lon="138.2651104">
        <ele>871.4431284874232</ele>
      </trkpt>
      <trkpt lat="36.8181352" lon="138.2651399">
        <ele>872.0564057059078</ele>
      </trkpt>
      <trkpt lat="36.8181459" lon="138.2651693">
        <ele>872.6489308837058</ele>
      </trkpt>
      <trkpt lat="36.8181567" lon="138.2651987">
        <ele>873.319576750952</ele>
      </trkpt>
      <trkpt lat="36.8181685" lon="138.2652278">
        <ele>873.9764974335444</ele>
      </trkpt>
      <trkpt lat="36.8181804" lon="138.265257">
        <ele>874.6337443693463</ele>
      </trkpt>
      <trkpt lat="36.8181927" lon="138.2652869">
        <ele>875.2437833706023</ele>
      </trkpt>
      <trkpt lat="36.818205" lon="138.2653169">
        <ele>875.8819857319149</ele>
      </trkpt>
      <trkpt lat="36.8182185" lon="138.2653458">
        <ele>876.4847291730938</ele>
      </trkpt>
      <trkpt lat="36.8182321" lon="138.2653748">
        <ele>877.1891032759168</ele>
      </trkpt>
      <trkpt lat="36.8182453" lon="138.2654016">
        <ele>877.853134776057</ele>
      </trkpt>
      <trkpt lat="36.8182586" lon="138.2654284">
        <ele>878.5395587057983</ele>
      </trkpt>
      <trkpt lat="36.8182724" lon="138.2654523">
        <ele>879.148240166728</ele>
      </trkpt>
      <trkpt lat="36.8182862" lon="138.2654763">
        <ele>879.7716689923948</ele>
      </trkpt>
      <trkpt lat="36.8183041" lon="138.2654967">
        <ele>880.4253062021307</ele>
      </trkpt>
      <trkpt lat="36.818322" lon="138.2655172">
        <ele>881.1066331638601</ele>
      </trkpt>
      <trkpt lat="36.8183433" lon="138.2655342">
        <ele>881.7156805160328</ele>
      </trkpt>
      <trkpt lat="36.8183647" lon="138.2655513">
        <ele>882.444874897659</ele>
      </trkpt>
      <trkpt lat="36.8183855" lon="138.2655643">
        <ele>883.1506631170438</ele>
      </trkpt>
      <trkpt lat="36.8184064" lon="138.2655773">
        <ele>883.8757324608864</ele>
      </trkpt>
      <trkpt lat="36.8184258" lon="138.2655865">
        <ele>884.4658312300218</ele>
      </trkpt>
      <trkpt lat="36.8184452" lon="138.2655957">
        <ele>885.2458202180417</ele>
      </trkpt>
      <trkpt lat="36.818465" lon="138.2656007">
        <ele>885.8630261966466</ele>
      </trkpt>
      <trkpt lat="36.8184848" lon="138.2656057">
        <ele>886.5043271118417</ele>
      </trkpt>
      <trkpt lat="36.8185068" lon="138.2656071">
        <ele>887.1058524280169</ele>
      </trkpt>
      <trkpt lat="36.8185288" lon="138.2656086">
        <ele>887.7573302941978</ele>
      </trkpt>
      <trkpt lat="36.8185527" lon="138.2656098">
        <ele>888.445383372774</ele>
      </trkpt>
      <trkpt lat="36.8185767" lon="138.2656111">
        <ele>889.1391040089081</ele>
      </trkpt>
      <trkpt lat="36.8186008" lon="138.2656118">
        <ele>889.8047007530932</ele>
      </trkpt>
      <trkpt lat="36.818625" lon="138.2656125">
        <ele>890.472917381255</ele>
      </trkpt>
      <trkpt lat="36.818649" lon="138.2656102">
        <ele>890.9890942021742</ele>
      </trkpt>
      <trkpt lat="36.8186731" lon="138.2656079">
        <ele>891.5078909027395</ele>
      </trkpt>
      <trkpt lat="36.8186977" lon="138.2656024">
        <ele>891.8831988822213</ele>
      </trkpt>
      <trkpt lat="36.8187224" lon="138.2655969">
        <ele>892.200955973045</ele>
      </trkpt>
      <trkpt lat="36.8187476" lon="138.2655892">
        <ele>892.4367261389273</ele>
      </trkpt>
      <trkpt lat="36.8187729" lon="138.2655815">
        <ele>892.6733390527246</ele>
      </trkpt>
      <trkpt lat="36.8187975" lon="138.2655736">
        <ele>892.8632554906985</ele>
      </trkpt>
      <trkpt lat="36.8188222" lon="138.2655657">
        <ele>893.062004312772</ele>
      </trkpt>
      <trkpt lat="36.8188456" lon="138.2655597">
        <ele>893.3014010396795</ele>
      </trkpt>
      <trkpt lat="36.818869" lon="138.2655537">
        <ele>893.5125455077743</ele>
      </trkpt>
      <trkpt lat="36.8188911" lon="138.2655499">
        <ele>893.7946031854494</ele>
      </trkpt>
      <trkpt lat="36.8189133" lon="138.2655462">
        <ele>894.0706917865673</ele>
      </trkpt>
      <trkpt lat="36.8189356" lon="138.2655397">
        <ele>894.204832054233</ele>
      </trkpt>
      <trkpt lat="36.818958" lon="138.2655332">
        <ele>894.3408644441289</ele>
      </trkpt>
      <trkpt lat="36.8189811" lon="138.2655212">
        <ele>894.2346455930873</ele>
      </trkpt>
      <trkpt lat="36.8190043" lon="138.2655093">
        <ele>894.128938953366</ele>
      </trkpt>
      <trkpt lat="36.8190283" lon="138.2654947">
        <ele>893.9370926435789</ele>
      </trkpt>
      <trkpt lat="36.8190524" lon="138.2654802">
        <ele>893.7154306181712</ele>
      </trkpt>
      <trkpt lat="36.8190754" lon="138.2654648">
        <ele>893.4042469707326</ele>
      </trkpt>
      <trkpt lat="36.8190985" lon="138.2654495">
        <ele>893.0987131183979</ele>
      </trkpt>
      <trkpt lat="36.8191212" lon="138.2654333">
        <ele>892.721254763542</ele>
      </trkpt>
      <trkpt lat="36.819144" lon="138.2654171">
        <ele>892.3055768143397</ele>
      </trkpt>
      <trkpt lat="36.8191674" lon="138.2654029">
        <ele>891.9824345473207</ele>
      </trkpt>
      <trkpt lat="36.8191908" lon="138.2653887">
        <ele>891.6604595557802</ele>
      </trkpt>
      <trkpt lat="36.8192148" lon="138.2653767">
        <ele>891.4247526551793</ele>
      </trkpt>
      <trkpt lat="36.8192388" lon="138.2653648">
        <ele>891.1739069970477</ele>
      </trkpt>
      <trkpt lat="36.8192641" lon="138.265356">
        <ele>891.0721584748486</ele>
      </trkpt>
      <trkpt lat="36.8192895" lon="138.2653472">
        <ele>890.9782898386945</ele>
      </trkpt>
      <trkpt lat="36.8193159" lon="138.2653406">
        <ele>891.0057711365637</ele>
      </trkpt>
      <trkpt lat="36.8193423" lon="138.2653341">
        <ele>891.1405234546119</ele>
      </trkpt>
      <trkpt lat="36.8193698" lon="138.2653282">
        <ele>891.3232112203054</ele>
      </trkpt>
      <trkpt lat="36.8193973" lon="138.2653224">
        <ele>891.5784944931981</ele>
      </trkpt>
      <trkpt lat="36.8194258" lon="138.2653146">
        <ele>891.8683917437686</ele>
      </trkpt>
      <trkpt lat="36.8194543" lon="138.2653068">
        <ele>892.1582892107781</ele>
      </trkpt>
      <trkpt lat="36.819482" lon="138.2652976">
        <ele>892.4408892563944</ele>
      </trkpt>
      <trkpt lat="36.8195098" lon="138.2652884">
        <ele>892.7346907746252</ele>
      </trkpt>
      <trkpt lat="36.8195362" lon="138.2652767">
        <ele>892.9387377372254</ele>
      </trkpt>
      <trkpt lat="36.8195627" lon="138.2652651">
        <ele>893.1754296877428</ele>
      </trkpt>
      <trkpt lat="36.819587" lon="138.2652503">
        <ele>893.2881231291457</ele>
      </trkpt>
      <trkpt lat="36.8196114" lon="138.2652355">
        <ele>893.4252125301769</ele>
      </trkpt>
      <trkpt lat="36.8196318" lon="138.2652171">
        <ele>893.3444571479773</ele>
      </trkpt>
      <trkpt lat="36.8196523" lon="138.2651988">
        <ele>893.256217396421</ele>
      </trkpt>
      <trkpt lat="36.819669" lon="138.2651782">
        <ele>892.9392962794756</ele>
      </trkpt>
      <trkpt lat="36.8196857" lon="138.2651577">
        <ele>892.633443436211</ele>
      </trkpt>
      <trkpt lat="36.819699" lon="138.2651359">
        <ele>892.2764179193675</ele>
      </trkpt>
      <trkpt lat="36.8197124" lon="138.2651141">
        <ele>891.9109184517278</ele>
      </trkpt>
      <trkpt lat="36.8197234" lon="138.2650923">
        <ele>891.503787508789</ele>
      </trkpt>
      <trkpt lat="36.8197345" lon="138.2650705">
        <ele>891.109546513978</ele>
      </trkpt>
      <trkpt lat="36.8197445" lon="138.265048">
        <ele>890.6676343994209</ele>
      </trkpt>
      <trkpt lat="36.8197545" lon="138.2650255">
        <ele>890.2104613100596</ele>
      </trkpt>
      <trkpt lat="36.8197644" lon="138.2650021">
        <ele>889.7165833928846</ele>
      </trkpt>
      <trkpt lat="36.8197743" lon="138.2649787">
        <ele>889.2709986626073</ele>
      </trkpt>
      <trkpt lat="36.8197864" lon="138.2649565">
        <ele>888.8583783611182</ele>
      </trkpt>
      <trkpt lat="36.8197985" lon="138.2649344">
        <ele>888.4338724379625</ele>
      </trkpt>
      <trkpt lat="36.819814" lon="138.2649136">
        <ele>887.8843596123431</ele>
      </trkpt>
      <trkpt lat="36.8198295" lon="138.2648928">
        <ele>887.3373247722507</ele>
      </trkpt>
      <trkpt lat="36.8198495" lon="138.2648787">
        <ele>886.8738007866078</ele>
      </trkpt>
      <trkpt lat="36.8198695" lon="138.2648646">
        <ele>886.3765761479186</ele>
      </trkpt>
      <trkpt lat="36.8198942" lon="138.2648608">
        <ele>885.9380361404225</ele>
      </trkpt>
      <trkpt lat="36.8199189" lon="138.264857">
        <ele>885.4899466962302</ele>
      </trkpt>
      <trkpt lat="36.819944" lon="138.2648626">
        <ele>885.2112698232802</ele>
      </trkpt>
      <trkpt lat="36.8199692" lon="138.2648683">
        <ele>884.8253958395048</ele>
      </trkpt>
      <trkpt lat="36.8199916" lon="138.2648832">
        <ele>884.7479027149492</ele>
      </trkpt>
      <trkpt lat="36.8200141" lon="138.2648982">
        <ele>884.6797605916628</ele>
      </trkpt>
      <trkpt lat="36.8200333" lon="138.2649198">
        <ele>884.8871053887076</ele>
      </trkpt>
      <trkpt lat="36.8200526" lon="138.2649415">
        <ele>885.1259129138678</ele>
      </trkpt>
      <trkpt lat="36.8200694" lon="138.264967">
        <ele>885.5263426024017</ele>
      </trkpt>
      <trkpt lat="36.8200862" lon="138.2649925">
        <ele>885.9236468092847</ele>
      </trkpt>
      <trkpt lat="36.8201015" lon="138.2650193">
        <ele>886.4517065758715</ele>
      </trkpt>
      <trkpt lat="36.8201168" lon="138.2650462">
        <ele>887.0113837909909</ele>
      </trkpt>
      <trkpt lat="36.8201334" lon="138.2650716">
        <ele>887.5114284508318</ele>
      </trkpt>
      <trkpt lat="36.8201501" lon="138.265097">
        <ele>888.0351130999804</ele>
      </trkpt>
      <trkpt lat="36.8201682" lon="138.2651178">
        <ele>888.4126735430027</ele>
      </trkpt>
      <trkpt lat="36.8201863" lon="138.2651387">
        <ele>888.8062233027489</ele>
      </trkpt>
      <trkpt lat="36.8202056" lon="138.2651558">
        <ele>889.0712383478026</ele>
      </trkpt>
      <trkpt lat="36.8202249" lon="138.2651729">
        <ele>889.4349326818316</ele>
      </trkpt>
      <trkpt lat="36.8202463" lon="138.2651859">
        <ele>889.6959143339418</ele>
      </trkpt>
      <trkpt lat="36.8202677" lon="138.265199">
        <ele>889.969806850426</ele>
      </trkpt>
      <trkpt lat="36.8202912" lon="138.2652089">
        <ele>890.2129518308334</ele>
      </trkpt>
      <trkpt lat="36.8203148" lon="138.2652189">
        <ele>890.5493546333521</ele>
      </trkpt>
      <trkpt lat="36.8203379" lon="138.2652273">
        <ele>890.8364748854078</ele>
      </trkpt>
      <trkpt lat="36.8203611" lon="138.2652358">
        <ele>891.2559396558919</ele>
      </trkpt>
      <trkpt lat="36.8203834" lon="138.2652437">
        <ele>891.7360030395453</ele>
      </trkpt>
      <trkpt lat="36.8204057" lon="138.2652517">
        <ele>892.2196782419927</ele>
      </trkpt>
      <trkpt lat="36.8204287" lon="138.2652585">
        <ele>892.8011748284802</ele>
      </trkpt>
      <trkpt lat="36.8204518" lon="138.2652653">
        <ele>893.523448285787</ele>
      </trkpt>
      <trkpt lat="36.8204769" lon="138.265269">
        <ele>894.1535392280911</ele>
      </trkpt>
      <trkpt lat="36.8205021" lon="138.2652727">
        <ele>894.8937476515008</ele>
      </trkpt>
      <trkpt lat="36.8205298" lon="138.2652694">
        <ele>895.4505454910094</ele>
      </trkpt>
      <trkpt lat="36.8205576" lon="138.2652661">
        <ele>896.0246532286518</ele>
      </trkpt>
      <trkpt lat="36.8205864" lon="138.2652563">
        <ele>896.4740786412276</ele>
      </trkpt>
      <trkpt lat="36.8206152" lon="138.2652466">
        <ele>896.9709859431173</ele>
      </trkpt>
      <trkpt lat="36.8206431" lon="138.2652324">
        <ele>897.3284679412782</ele>
      </trkpt>
      <trkpt lat="36.8206711" lon="138.2652183">
        <ele>897.730460128563</ele>
      </trkpt>
      <trkpt lat="36.8206966" lon="138.2652013">
        <ele>897.9542232013162</ele>
      </trkpt>
      <trkpt lat="36.8207221" lon="138.2651844">
        <ele>898.1993980558623</ele>
      </trkpt>
      <trkpt lat="36.8207442" lon="138.2651664">
        <ele>898.287316285644</ele>
      </trkpt>
      <trkpt lat="36.8207664" lon="138.2651484">
        <ele>898.44180668318</ele>
      </trkpt>
      <trkpt lat="36.8207878" lon="138.2651318">
        <ele>898.6241753746609</ele>
      </trkpt>
      <trkpt lat="36.8208093" lon="138.2651152">
        <ele>898.7980406053923</ele>
      </trkpt>
      <trkpt lat="36.8208311" lon="138.2650985">
        <ele>898.9620114360396</ele>
      </trkpt>
      <trkpt lat="36.820853" lon="138.2650818">
        <ele>899.1004709242388</ele>
      </trkpt>
      <trkpt lat="36.8208753" lon="138.2650641">
        <ele>899.248918987369</ele>
      </trkpt>
      <trkpt lat="36.8208977" lon="138.2650464">
        <ele>899.398566062889</ele>
      </trkpt>
      <trkpt lat="36.8209194" lon="138.2650278">
        <ele>899.3701903253336</ele>
      </trkpt>
      <trkpt lat="36.8209412" lon="138.2650093">
        <ele>899.3479588050635</ele>
      </trkpt>
      <trkpt lat="36.8209632" lon="138.2649914">
        <ele>899.3612238408961</ele>
      </trkpt>
      <trkpt lat="36.8209853" lon="138.2649735">
        <ele>899.247870080593</ele>
      </trkpt>
      <trkpt lat="36.8210071" lon="138.2649563">
        <ele>899.1309609510945</ele>
      </trkpt>
      <trkpt lat="36.821029" lon="138.2649391">
        <ele>899.0160895431424</ele>
      </trkpt>
      <trkpt lat="36.8210508" lon="138.2649218">
        <ele>898.7090177339978</ele>
      </trkpt>
      <trkpt lat="36.8210727" lon="138.2649045">
        <ele>898.3253393113625</ele>
      </trkpt>
      <trkpt lat="36.8210955" lon="138.2648882">
        <ele>897.9737061872158</ele>
      </trkpt>
      <trkpt lat="36.8211183" lon="138.264872">
        <ele>897.5062892838002</ele>
      </trkpt>
      <trkpt lat="36.8211426" lon="138.2648601">
        <ele>897.1292418847949</ele>
      </trkpt>
      <trkpt lat="36.8211669" lon="138.2648482">
        <ele>896.7620013801624</ele>
      </trkpt>
      <trkpt lat="36.8211915" lon="138.2648421">
        <ele>896.3905688613668</ele>
      </trkpt>
      <trkpt lat="36.8212162" lon="138.264836">
        <ele>895.9729489257151</ele>
      </trkpt>
      <trkpt lat="36.8212412" lon="138.2648372">
        <ele>895.7825834402302</ele>
      </trkpt>
      <trkpt lat="36.8212662" lon="138.2648384">
        <ele>895.4869318128773</ele>
      </trkpt>
      <trkpt lat="36.8212901" lon="138.2648492">
        <ele>895.4876844099831</ele>
      </trkpt>
      <trkpt lat="36.821314" lon="138.26486">
        <ele>895.4603893359688</ele>
      </trkpt>
      <trkpt lat="36.8213349" lon="138.2648803">
        <ele>895.6664951265684</ele>
      </trkpt>
      <trkpt lat="36.8213559" lon="138.2649006">
        <ele>895.8563420340374</ele>
      </trkpt>
      <trkpt lat="36.8213719" lon="138.2649268">
        <ele>896.27714502163</ele>
      </trkpt>
      <trkpt lat="36.8213879" lon="138.264953">
        <ele>896.6826205049556</ele>
      </trkpt>
      <trkpt lat="36.8213982" lon="138.2649822">
        <ele>897.2684525254626</ele>
      </trkpt>
      <trkpt lat="36.8214085" lon="138.2650114">
        <ele>897.8580776106865</ele>
      </trkpt>
      <trkpt lat="36.8214162" lon="138.2650423">
        <ele>898.554983186993</ele>
      </trkpt>
      <trkpt lat="36.821424" lon="138.2650733">
        <ele>899.2445210498213</ele>
      </trkpt>
      <trkpt lat="36.8214328" lon="138.2651047">
        <ele>899.8932785118391</ele>
      </trkpt>
      <trkpt lat="36.8214417" lon="138.2651362">
        <ele>900.5192249131833</ele>
      </trkpt>
      <trkpt lat="36.8214516" lon="138.265166">
        <ele>901.0968477163008</ele>
      </trkpt>
      <trkpt lat="36.8214615" lon="138.2651959">
        <ele>901.6986327437442</ele>
      </trkpt>
      <trkpt lat="36.8214733" lon="138.2652223">
        <ele>902.1696517017078</ele>
      </trkpt>
      <trkpt lat="36.8214852" lon="138.2652488">
        <ele>902.6308714807485</ele>
      </trkpt>
      <trkpt lat="36.8215009" lon="138.2652701">
        <ele>902.8786719882318</ele>
      </trkpt>
      <trkpt lat="36.8215167" lon="138.2652914">
        <ele>903.135284698634</ele>
      </trkpt>
      <trkpt lat="36.821537" lon="138.2653063">
        <ele>903.3053052770645</ele>
      </trkpt>
      <trkpt lat="36.8215574" lon="138.2653213">
        <ele>903.4664614622075</ele>
      </trkpt>
      <trkpt lat="36.8215804" lon="138.2653294">
        <ele>903.4297824153709</ele>
      </trkpt>
      <trkpt lat="36.8216034" lon="138.2653375">
        <ele>903.576864063574</ele>
      </trkpt>
      <trkpt lat="36.8216268" lon="138.2653381">
        <ele>903.5892080708545</ele>
      </trkpt>
      <trkpt lat="36.8216502" lon="138.2653388">
        <ele>903.6044699555653</ele>
      </trkpt>
      <trkpt lat="36.8216718" lon="138.2653326">
        <ele>903.6124920688645</ele>
      </trkpt>
      <trkpt lat="36.8216935" lon="138.2653264">
        <ele>903.6423298361424</ele>
      </trkpt>
      <trkpt lat="36.8217131" lon="138.2653169">
        <ele>903.5659713340316</ele>
      </trkpt>
      <trkpt lat="36.8217328" lon="138.2653075">
        <ele>903.5665291672069</ele>
      </trkpt>
      <trkpt lat="36.821752" lon="138.265297">
        <ele>903.5879471062914</ele>
      </trkpt>
      <trkpt lat="36.8217713" lon="138.2652866">
        <ele>903.6066807564964</ele>
      </trkpt>
      <trkpt lat="36.8217909" lon="138.2652759">
        <ele>903.6175548185367</ele>
      </trkpt>
      <trkpt lat="36.8218106" lon="138.2652652">
        <ele>903.7609099805825</ele>
      </trkpt>
      <trkpt lat="36.8218304" lon="138.2652528">
        <ele>903.8601310070142</ele>
      </trkpt>
      <trkpt lat="36.8218502" lon="138.2652404">
        <ele>903.9467305049443</ele>
      </trkpt>
      <trkpt lat="36.8218704" lon="138.2652279">
        <ele>904.0493837185209</ele>
      </trkpt>
      <trkpt lat="36.8218907" lon="138.2652154">
        <ele>904.1725857041783</ele>
      </trkpt>
      <trkpt lat="36.8219118" lon="138.2652045">
        <ele>904.3591567173609</ele>
      </trkpt>
      <trkpt lat="36.8219329" lon="138.2651936">
        <ele>904.549511375565</ele>
      </trkpt>
      <trkpt lat="36.8219552" lon="138.2651829">
        <ele>904.7767854399347</ele>
      </trkpt>
      <trkpt lat="36.8219776" lon="138.2651722">
        <ele>904.9902076948201</ele>
      </trkpt>
      <trkpt lat="36.8220011" lon="138.2651618">
        <ele>905.2612584580471</ele>
      </trkpt>
      <trkpt lat="36.8220247" lon="138.2651515">
        <ele>905.5605744315092</ele>
      </trkpt>
      <trkpt lat="36.8220495" lon="138.2651412">
        <ele>905.8807303348245</ele>
      </trkpt>
      <trkpt lat="36.8220744" lon="138.265131">
        <ele>906.1965636377008</ele>
      </trkpt>
      <trkpt lat="36.8221001" lon="138.2651214">
        <ele>906.5497154830063</ele>
      </trkpt>
      <trkpt lat="36.8221258" lon="138.2651118">
        <ele>906.9112348811358</ele>
      </trkpt>
      <trkpt lat="36.8221505" lon="138.2651024">
        <ele>907.2237296124199</ele>
      </trkpt>
      <trkpt lat="36.8221752" lon="138.265093">
        <ele>907.5117217055601</ele>
      </trkpt>
      <trkpt lat="36.8221986" lon="138.2650836">
        <ele>907.7670400466076</ele>
      </trkpt>
      <trkpt lat="36.8222221" lon="138.2650742">
        <ele>908.0356508362348</ele>
      </trkpt>
      <trkpt lat="36.822246" lon="138.2650652">
        <ele>908.3156803122645</ele>
      </trkpt>
      <trkpt lat="36.82227" lon="138.2650563">
        <ele>908.5932260907891</ele>
      </trkpt>
      <trkpt lat="36.8222946" lon="138.2650492">
        <ele>908.8861424710161</ele>
      </trkpt>
      <trkpt lat="36.8223193" lon="138.2650422">
        <ele>909.1866706185806</ele>
      </trkpt>
      <trkpt lat="36.8223457" lon="138.2650365">
        <ele>909.5542407258898</ele>
      </trkpt>
      <trkpt lat="36.8223722" lon="138.2650309">
        <ele>909.900809839131</ele>
      </trkpt>
      <trkpt lat="36.8223996" lon="138.2650254">
        <ele>910.2565876932409</ele>
      </trkpt>
      <trkpt lat="36.8224271" lon="138.2650199">
        <ele>910.5711489411901</ele>
      </trkpt>
      <trkpt lat="36.8224538" lon="138.2650136">
        <ele>910.826944417386</ele>
      </trkpt>
      <trkpt lat="36.8224805" lon="138.2650074">
        <ele>911.0837643975403</ele>
      </trkpt>
      <trkpt lat="36.8225078" lon="138.2650016">
        <ele>911.3916335327558</ele>
      </trkpt>
      <trkpt lat="36.8225351" lon="138.2649958">
        <ele>911.7085502198756</ele>
      </trkpt>
      <trkpt lat="36.8225622" lon="138.2649902">
        <ele>912.0055289075653</ele>
      </trkpt>
      <trkpt lat="36.8225894" lon="138.2649847">
        <ele>912.2853611242201</ele>
      </trkpt>
      <trkpt lat="36.8226166" lon="138.2649802">
        <ele>912.5932030689908</ele>
      </trkpt>
      <trkpt lat="36.8226439" lon="138.2649757">
        <ele>912.9839151133324</ele>
      </trkpt>
      <trkpt lat="36.8226715" lon="138.264972">
        <ele>913.4026732412176</ele>
      </trkpt>
      <trkpt lat="36.8226992" lon="138.2649683">
        <ele>913.8745505437307</ele>
      </trkpt>
      <trkpt lat="36.8227273" lon="138.2649644">
        <ele>914.3844812038069</ele>
      </trkpt>
      <trkpt lat="36.8227554" lon="138.2649606">
        <ele>914.9048905641137</ele>
      </trkpt>
      <trkpt lat="36.8227828" lon="138.2649546">
        <ele>915.4597370885028</ele>
      </trkpt>
      <trkpt lat="36.8228102" lon="138.2649487">
        <ele>916.0121354743742</ele>
      </trkpt>
      <trkpt lat="36.8228383" lon="138.2649418">
        <ele>916.6123504775779</ele>
      </trkpt>
      <trkpt lat="36.8228664" lon="138.264935">
        <ele>917.2411255340427</ele>
      </trkpt>
      <trkpt lat="36.8228943" lon="138.264925">
        <ele>917.7431350900708</ele>
      </trkpt>
      <trkpt lat="36.8229222" lon="138.264915">
        <ele>918.2868993537602</ele>
      </trkpt>
      <trkpt lat="36.8229499" lon="138.2649029">
        <ele>918.7315654808411</ele>
      </trkpt>
      <trkpt lat="36.8229777" lon="138.2648909">
        <ele>919.0976493714304</ele>
      </trkpt>
      <trkpt lat="36.8230049" lon="138.2648788">
        <ele>919.3983813780513</ele>
      </trkpt>
      <trkpt lat="36.8230321" lon="138.2648668">
        <ele>919.6628662353355</ele>
      </trkpt>
      <trkpt lat="36.8230592" lon="138.264857">
        <ele>919.9042514704187</ele>
      </trkpt>
      <trkpt lat="36.8230863" lon="138.2648472">
        <ele>920.1186156800286</ele>
      </trkpt>
      <trkpt lat="36.8231149" lon="138.2648389">
        <ele>920.3157397753571</ele>
      </trkpt>
      <trkpt lat="36.8231435" lon="138.2648307">
        <ele>920.4605782412251</ele>
      </trkpt>
      <trkpt lat="36.8231735" lon="138.2648225">
        <ele>920.5893709726021</ele>
      </trkpt>
      <trkpt lat="36.8232035" lon="138.2648143">
        <ele>920.6208025326944</ele>
      </trkpt>
      <trkpt lat="36.8232327" lon="138.2648061">
        <ele>920.633705238698</ele>
      </trkpt>
      <trkpt lat="36.8232619" lon="138.264798">
        <ele>920.4498354537418</ele>
      </trkpt>
      <trkpt lat="36.8232892" lon="138.2647939">
        <ele>920.4272523793395</ele>
      </trkpt>
      <trkpt lat="36.8233166" lon="138.2647899">
        <ele>920.3556412969126</ele>
      </trkpt>
      <trkpt lat="36.8233423" lon="138.2647924">
        <ele>920.5185111438386</ele>
      </trkpt>
      <trkpt lat="36.823368" lon="138.2647949">
        <ele>920.6792019804845</ele>
      </trkpt>
      <trkpt lat="36.823392" lon="138.2648042">
        <ele>921.0324852665393</ele>
      </trkpt>
      <trkpt lat="36.8234161" lon="138.2648135">
        <ele>921.3657084667318</ele>
      </trkpt>
      <trkpt lat="36.8234391" lon="138.2648272">
        <ele>921.8790200509968</ele>
      </trkpt>
      <trkpt lat="36.8234621" lon="138.264841">
        <ele>922.2646373876548</ele>
      </trkpt>
      <trkpt lat="36.8234841" lon="138.2648547">
        <ele>922.6324739758663</ele>
      </trkpt>
      <trkpt lat="36.8235061" lon="138.2648684">
        <ele>922.9798665710144</ele>
      </trkpt>
      <trkpt lat="36.8235275" lon="138.264883">
        <ele>923.2189017952707</ele>
      </trkpt>
      <trkpt lat="36.823549" lon="138.2648976">
        <ele>923.4105845890117</ele>
      </trkpt>
      <trkpt lat="36.823571" lon="138.264915">
        <ele>923.6675277892473</ele>
      </trkpt>
      <trkpt lat="36.823593" lon="138.2649324">
        <ele>923.8578815078241</ele>
      </trkpt>
      <trkpt lat="36.8236158" lon="138.2649532">
        <ele>924.0968270115086</ele>
      </trkpt>
      <trkpt lat="36.8236386" lon="138.2649741">
        <ele>924.291051777235</ele>
      </trkpt>
      <trkpt lat="36.8236599" lon="138.2649968">
        <ele>924.5153312589116</ele>
      </trkpt>
      <trkpt lat="36.8236813" lon="138.2650196">
        <ele>924.7066925670415</ele>
      </trkpt>
      <trkpt lat="36.8237001" lon="138.2650439">
        <ele>924.9777824618857</ele>
      </trkpt>
      <trkpt lat="36.823719" lon="138.2650682">
        <ele>925.1965799794706</ele>
      </trkpt>
      <trkpt lat="36.8237346" lon="138.2650937">
        <ele>925.5188390474596</ele>
      </trkpt>
      <trkpt lat="36.8237502" lon="138.2651192">
        <ele>925.7979282509147</ele>
      </trkpt>
      <trkpt lat="36.8237632" lon="138.2651466">
        <ele>926.1849225517974</ele>
      </trkpt>
      <trkpt lat="36.8237762" lon="138.2651741">
        <ele>926.5379156918113</ele>
      </trkpt>
      <trkpt lat="36.8237872" lon="138.2652023">
        <ele>926.9520714727182</ele>
      </trkpt>
      <trkpt lat="36.8237982" lon="138.2652306">
        <ele>927.3367944636586</ele>
      </trkpt>
      <trkpt lat="36.8238082" lon="138.2652589">
        <ele>927.7253681839101</ele>
      </trkpt>
      <trkpt lat="36.8238183" lon="138.2652872">
        <ele>928.021871935254</ele>
      </trkpt>
      <trkpt lat="36.8238275" lon="138.2653164">
        <ele>928.3686444303906</ele>
      </trkpt>
      <trkpt lat="36.8238367" lon="138.2653457">
        <ele>928.7033406612867</ele>
      </trkpt>
      <trkpt lat="36.8238434" lon="138.2653766">
        <ele>929.1166577726608</ele>
      </trkpt>
      <trkpt lat="36.8238502" lon="138.2654076">
        <ele>929.5065815507204</ele>
      </trkpt>
      <trkpt lat="36.8238552" lon="138.2654403">
        <ele>930.007901614656</ele>
      </trkpt>
      <trkpt lat="36.8238603" lon="138.265473">
        <ele>930.4975560723698</ele>
      </trkpt>
      <trkpt lat="36.823866" lon="138.2655042">
        <ele>930.9156501934747</ele>
      </trkpt>
      <trkpt lat="36.8238717" lon="138.2655355">
        <ele>931.3309771620399</ele>
      </trkpt>
      <trkpt lat="36.8238802" lon="138.2655652">
        <ele>931.5751664331063</ele>
      </trkpt>
      <trkpt lat="36.8238888" lon="138.265595">
        <ele>931.8081505207622</ele>
      </trkpt>
      <trkpt lat="36.8238994" lon="138.2656245">
        <ele>931.9181855204973</ele>
      </trkpt>
      <trkpt lat="36.82391" lon="138.265654">
        <ele>931.9959272473855</ele>
      </trkpt>
      <trkpt lat="36.8239204" lon="138.2656829">
        <ele>932.0404214378893</ele>
      </trkpt>
      <trkpt lat="36.8239308" lon="138.2657119">
        <ele>932.1813401111133</ele>
      </trkpt>
      <trkpt lat="36.823941" lon="138.2657408">
        <ele>932.3169278460084</ele>
      </trkpt>
      <trkpt lat="36.8239512" lon="138.2657698">
        <ele>932.4346298622625</ele>
      </trkpt>
      <trkpt lat="36.823961" lon="138.2657992">
        <ele>932.5795286613343</ele>
      </trkpt>
      <trkpt lat="36.8239708" lon="138.2658286">
        <ele>932.7157330510806</ele>
      </trkpt>
      <trkpt lat="36.8239808" lon="138.2658586">
        <ele>932.8447722406289</ele>
      </trkpt>
      <trkpt lat="36.8239908" lon="138.2658886">
        <ele>932.9729636079186</ele>
      </trkpt>
      <trkpt lat="36.824001" lon="138.2659202">
        <ele>933.1637473139064</ele>
      </trkpt>
      <trkpt lat="36.8240113" lon="138.2659518">
        <ele>933.335821068107</ele>
      </trkpt>
      <trkpt lat="36.8240216" lon="138.265984">
        <ele>933.4930540397086</ele>
      </trkpt>
      <trkpt lat="36.8240319" lon="138.2660163">
        <ele>933.6297424994254</ele>
      </trkpt>
      <trkpt lat="36.8240404" lon="138.2660476">
        <ele>933.8253325833011</ele>
      </trkpt>
      <trkpt lat="36.8240489" lon="138.2660789">
        <ele>934.0246395962321</ele>
      </trkpt>
      <trkpt lat="36.8240597" lon="138.2661086">
        <ele>934.0947135619639</ele>
      </trkpt>
      <trkpt lat="36.8240706" lon="138.2661384">
        <ele>934.1593966581868</ele>
      </trkpt>
      <trkpt lat="36.824082" lon="138.2661654">
        <ele>934.1352083972664</ele>
      </trkpt>
      <trkpt lat="36.8240934" lon="138.2661924">
        <ele>934.1110200672421</ele>
      </trkpt>
      <trkpt lat="36.8241052" lon="138.2662183">
        <ele>934.0928549312066</ele>
      </trkpt>
      <trkpt lat="36.8241171" lon="138.2662443">
        <ele>934.0925628958278</ele>
      </trkpt>
      <trkpt lat="36.8241306" lon="138.2662697">
        <ele>934.062857716624</ele>
      </trkpt>
      <trkpt lat="36.8241441" lon="138.2662951">
        <ele>934.1554323735259</ele>
      </trkpt>
      <trkpt lat="36.8241607" lon="138.2663179">
        <ele>934.1393181705018</ele>
      </trkpt>
      <trkpt lat="36.8241773" lon="138.2663408">
        <ele>934.138106786632</ele>
      </trkpt>
      <trkpt lat="36.8241967" lon="138.2663599">
        <ele>934.0111728888014</ele>
      </trkpt>
      <trkpt lat="36.8242162" lon="138.2663791">
        <ele>934.1599226744389</ele>
      </trkpt>
      <trkpt lat="36.8242369" lon="138.2663947">
        <ele>934.2584940788346</ele>
      </trkpt>
      <trkpt lat="36.8242577" lon="138.2664103">
        <ele>934.3556099144282</ele>
      </trkpt>
      <trkpt lat="36.8242797" lon="138.2664227">
        <ele>934.5725401135554</ele>
      </trkpt>
      <trkpt lat="36.8243017" lon="138.2664351">
        <ele>934.8849473299551</ele>
      </trkpt>
      <trkpt lat="36.8243252" lon="138.2664428">
        <ele>935.0809772623883</ele>
      </trkpt>
      <trkpt lat="36.8243488" lon="138.2664505">
        <ele>935.4517246762596</ele>
      </trkpt>
      <trkpt lat="36.824374" lon="138.2664519">
        <ele>935.7484311596854</ele>
      </trkpt>
      <trkpt lat="36.8243992" lon="138.2664534">
        <ele>936.0465080912002</ele>
      </trkpt>
      <trkpt lat="36.8244235" lon="138.2664466">
        <ele>936.4051718422146</ele>
      </trkpt>
      <trkpt lat="36.8244478" lon="138.2664398">
        <ele>936.786509423076</ele>
      </trkpt>
      <trkpt lat="36.8244679" lon="138.2664254">
        <ele>936.862876895314</ele>
      </trkpt>
      <trkpt lat="36.8244881" lon="138.2664111">
        <ele>937.0916401274496</ele>
      </trkpt>
      <trkpt lat="36.8245041" lon="138.2663921">
        <ele>937.0710103481422</ele>
      </trkpt>
      <trkpt lat="36.8245201" lon="138.2663732">
        <ele>937.0428348867733</ele>
      </trkpt>
      <trkpt lat="36.8245335" lon="138.2663521">
        <ele>936.9363599049768</ele>
      </trkpt>
      <trkpt lat="36.8245469" lon="138.2663311">
        <ele>936.8774512857201</ele>
      </trkpt>
      <trkpt lat="36.8245595" lon="138.2663082">
        <ele>936.7756421841216</ele>
      </trkpt>
      <trkpt lat="36.8245722" lon="138.2662854">
        <ele>936.683344025181</ele>
      </trkpt>
      <trkpt lat="36.8245844" lon="138.2662633">
        <ele>936.6290188898133</ele>
      </trkpt>
      <trkpt lat="36.8245967" lon="138.2662412">
        <ele>936.5598891704336</ele>
      </trkpt>
      <trkpt lat="36.8246083" lon="138.2662198">
        <ele>936.4633757471805</ele>
      </trkpt>
      <trkpt lat="36.82462" lon="138.2661984">
        <ele>936.3441032248916</ele>
      </trkpt>
      <trkpt lat="36.824633" lon="138.2661778">
        <ele>936.309392966557</ele>
      </trkpt>
      <trkpt lat="36.824646" lon="138.2661573">
        <ele>936.2587453711059</ele>
      </trkpt>
      <trkpt lat="36.8246619" lon="138.2661387">
        <ele>936.3199163018269</ele>
      </trkpt>
      <trkpt lat="36.8246778" lon="138.2661202">
        <ele>936.3632273540973</ele>
      </trkpt>
      <trkpt lat="36.8246978" lon="138.2661039">
        <ele>936.5835104617146</ele>
      </trkpt>
      <trkpt lat="36.8247179" lon="138.2660877">
        <ele>936.7982789857841</ele>
      </trkpt>
      <trkpt lat="36.8247408" lon="138.2660744">
        <ele>937.1354897320916</ele>
      </trkpt>
      <trkpt lat="36.8247638" lon="138.2660612">
        <ele>937.3095227892695</ele>
      </trkpt>
      <trkpt lat="36.8247877" lon="138.2660504">
        <ele>937.5151565633848</ele>
      </trkpt>
      <trkpt lat="36.8248116" lon="138.2660397">
        <ele>937.7144794590708</ele>
      </trkpt>
      <trkpt lat="36.8248363" lon="138.2660313">
        <ele>937.8461187079693</ele>
      </trkpt>
      <trkpt lat="36.8248611" lon="138.266023">
        <ele>937.9561792483805</ele>
      </trkpt>
      <trkpt lat="36.8248847" lon="138.2660201">
        <ele>938.1577135398262</ele>
      </trkpt>
      <trkpt lat="36.8249084" lon="138.2660173">
        <ele>938.1367960931035</ele>
      </trkpt>
      <trkpt lat="36.8249305" lon="138.2660234">
        <ele>938.3659840794089</ele>
      </trkpt>
      <trkpt lat="36.8249526" lon="138.2660295">
        <ele>938.5950040319481</ele>
      </trkpt>
      <trkpt lat="36.824974" lon="138.2660445">
        <ele>938.9250037459483</ele>
      </trkpt>
      <trkpt lat="36.8249954" lon="138.2660596">
        <ele>939.290802606492</ele>
      </trkpt>
      <trkpt lat="36.8250147" lon="138.2660802">
        <ele>939.8748765222152</ele>
      </trkpt>
      <trkpt lat="36.8250341" lon="138.2661008">
        <ele>940.338916518444</ele>
      </trkpt>
      <trkpt lat="36.8250505" lon="138.2661243">
        <ele>940.8777379208194</ele>
      </trkpt>
      <trkpt lat="36.825067" lon="138.2661478">
        <ele>941.3948478501765</ele>
      </trkpt>
      <trkpt lat="36.8250817" lon="138.2661725">
        <ele>941.9845865226872</ele>
      </trkpt>
      <trkpt lat="36.8250964" lon="138.2661973">
        <ele>942.5555382954899</ele>
      </trkpt>
      <trkpt lat="36.8251107" lon="138.2662223">
        <ele>943.0962594211181</ele>
      </trkpt>
      <trkpt lat="36.825125" lon="138.2662474">
        <ele>943.6483654151107</ele>
      </trkpt>
      <trkpt lat="36.825139" lon="138.2662724">
        <ele>944.2139692750758</ele>
      </trkpt>
      <trkpt lat="36.8251531" lon="138.2662975">
        <ele>944.7697890398769</ele>
      </trkpt>
      <trkpt lat="36.8251673" lon="138.2663226">
        <ele>945.2491195770459</ele>
      </trkpt>
      <trkpt lat="36.8251816" lon="138.2663478">
        <ele>945.7125446015514</ele>
      </trkpt>
      <trkpt lat="36.8251962" lon="138.266372">
        <ele>946.1411659949467</ele>
      </trkpt>
      <trkpt lat="36.8252108" lon="138.2663963">
        <ele>946.5727000481921</ele>
      </trkpt>
      <trkpt lat="36.8252261" lon="138.266419">
        <ele>946.9451183262983</ele>
      </trkpt>
      <trkpt lat="36.8252414" lon="138.2664418">
        <ele>947.3642549606043</ele>
      </trkpt>
      <trkpt lat="36.8252583" lon="138.2664633">
        <ele>947.7228533360234</ele>
      </trkpt>
      <trkpt lat="36.8252753" lon="138.2664848">
        <ele>948.0825456853415</ele>
      </trkpt>
      <trkpt lat="36.8252952" lon="138.2665031">
        <ele>948.291204024991</ele>
      </trkpt>
      <trkpt lat="36.8253152" lon="138.2665214">
        <ele>948.591349134641</ele>
      </trkpt>
      <trkpt lat="36.8253384" lon="138.2665344">
        <ele>948.6998595152986</ele>
      </trkpt>
      <trkpt lat="36.8253617" lon="138.2665474">
        <ele>948.8072861771484</ele>
      </trkpt>
      <trkpt lat="36.8253874" lon="138.2665541">
        <ele>948.8476578743253</ele>
      </trkpt>
      <trkpt lat="36.8254131" lon="138.2665608">
        <ele>948.9030989674281</ele>
      </trkpt>
      <trkpt lat="36.8254382" lon="138.2665587">
        <ele>948.7530928813862</ele>
      </trkpt>
      <trkpt lat="36.8254633" lon="138.2665566">
        <ele>948.762545830431</ele>
      </trkpt>
      <trkpt lat="36.8254856" lon="138.2665443">
        <ele>948.4549272773133</ele>
      </trkpt>
      <trkpt lat="36.825508" lon="138.2665321">
        <ele>948.2181424288312</ele>
      </trkpt>
      <trkpt lat="36.825526" lon="138.2665111">
        <ele>947.7898674074331</ele>
      </trkpt>
      <trkpt lat="36.8255441" lon="138.2664902">
        <ele>947.3655240005818</ele>
      </trkpt>
      <trkpt lat="36.8255597" lon="138.2664669">
        <ele>946.8458041223237</ele>
      </trkpt>
      <trkpt lat="36.8255753" lon="138.2664437">
        <ele>946.3792836287</ele>
      </trkpt>
      <trkpt lat="36.8255921" lon="138.2664231">
        <ele>946.0600847533229</ele>
      </trkpt>
      <trkpt lat="36.825609" lon="138.2664025">
        <ele>945.7306544074768</ele>
      </trkpt>
      <trkpt lat="36.8256276" lon="138.2663863">
        <ele>945.5418038065403</ele>
      </trkpt>
      <trkpt lat="36.8256463" lon="138.2663702">
        <ele>945.3710539485264</ele>
      </trkpt>
      <trkpt lat="36.825667" lon="138.2663587">
        <ele>945.3911300332095</ele>
      </trkpt>
      <trkpt lat="36.8256877" lon="138.2663473">
        <ele>945.4061293952258</ele>
      </trkpt>
      <trkpt lat="36.8257121" lon="138.266341">
        <ele>945.6197903951465</ele>
      </trkpt>
      <trkpt lat="36.8257365" lon="138.2663347">
        <ele>945.787041934915</ele>
      </trkpt>
      <trkpt lat="36.8257629" lon="138.2663339">
        <ele>946.1499598169825</ele>
      </trkpt>
      <trkpt lat="36.8257894" lon="138.2663332">
        <ele>946.4647726800273</ele>
      </trkpt>
      <trkpt lat="36.825815" lon="138.2663368">
        <ele>946.8655757333022</ele>
      </trkpt>
      <trkpt lat="36.8258406" lon="138.2663404">
        <ele>947.2695045755659</ele>
      </trkpt>
      <trkpt lat="36.825864" lon="138.2663478">
        <ele>947.62077856921</ele>
      </trkpt>
      <trkpt lat="36.8258875" lon="138.2663553">
        <ele>947.9635785316041</ele>
      </trkpt>
      <trkpt lat="36.8259108" lon="138.2663647">
        <ele>948.3941737552786</ele>
      </trkpt>
      <trkpt lat="36.8259341" lon="138.2663741">
        <ele>948.7214153416522</ele>
      </trkpt>
      <trkpt lat="36.8259597" lon="138.2663811">
        <ele>948.9493225191746</ele>
      </trkpt>
      <trkpt lat="36.8259853" lon="138.2663882">
        <ele>949.1653118872596</ele>
      </trkpt>
      <trkpt lat="36.8260128" lon="138.2663926">
        <ele>949.1038870874042</ele>
      </trkpt>
      <trkpt lat="36.8260403" lon="138.2663971">
        <ele>949.0505103784934</ele>
      </trkpt>
      <trkpt lat="36.8260673" lon="138.2663984">
        <ele>948.8282807118562</ele>
      </trkpt>
      <trkpt lat="36.8260944" lon="138.2663997">
        <ele>948.5770123220814</ele>
      </trkpt>
      <trkpt lat="36.8261204" lon="138.2663988">
        <ele>948.2441546889611</ele>
      </trkpt>
      <trkpt lat="36.8261464" lon="138.266398">
        <ele>947.8219519667109</ele>
      </trkpt>
      <trkpt lat="36.826172" lon="138.2664011">
        <ele>947.5619720325267</ele>
      </trkpt>
      <trkpt lat="36.8261977" lon="138.2664042">
        <ele>947.2832475055839</ele>
      </trkpt>
      <trkpt lat="36.8262224" lon="138.2664161">
        <ele>947.3389716448987</ele>
      </trkpt>
      <trkpt lat="36.8262471" lon="138.2664281">
        <ele>947.3885872439593</ele>
      </trkpt>
      <trkpt lat="36.8262695" lon="138.2664487">
        <ele>947.7413725550873</ele>
      </trkpt>
      <trkpt lat="36.8262919" lon="138.2664693">
        <ele>948.002276167368</ele>
      </trkpt>
      <trkpt lat="36.8263106" lon="138.2664972">
        <ele>948.5691769878395</ele>
      </trkpt>
      <trkpt lat="36.8263294" lon="138.2665252">
        <ele>949.1290892820925</ele>
      </trkpt>
      <trkpt lat="36.8263453" lon="138.2665574">
        <ele>949.8220626439975</ele>
      </trkpt>
      <trkpt lat="36.8263613" lon="138.2665896">
        <ele>950.4532979041544</ele>
      </trkpt>
      <trkpt lat="36.826376" lon="138.2666232">
        <ele>951.1453974232193</ele>
      </trkpt>
      <trkpt lat="36.8263907" lon="138.2666568">
        <ele>951.7290842690466</ele>
      </trkpt>
      <trkpt lat="36.8264047" lon="138.2666896">
        <ele>952.2656635330361</ele>
      </trkpt>
      <trkpt lat="36.8264188" lon="138.2667224">
        <ele>952.7751380456098</ele>
      </trkpt>
      <trkpt lat="36.826433" lon="138.2667555">
        <ele>953.2223490644968</ele>
      </trkpt>
      <trkpt lat="36.8264473" lon="138.2667887">
        <ele>953.637163951773</ele>
      </trkpt>
      <trkpt lat="36.8264627" lon="138.2668219">
        <ele>953.9626017215612</ele>
      </trkpt>
      <trkpt lat="36.8264782" lon="138.2668551">
        <ele>954.2934637304635</ele>
      </trkpt>
      <trkpt lat="36.8264942" lon="138.2668866">
        <ele>954.5536120098857</ele>
      </trkpt>
      <trkpt lat="36.8265103" lon="138.2669181">
        <ele>954.7582441300451</ele>
      </trkpt>
      <trkpt lat="36.8265262" lon="138.266949">
        <ele>954.9378330544467</ele>
      </trkpt>
      <trkpt lat="36.8265422" lon="138.2669799">
        <ele>955.0987402210932</ele>
      </trkpt>
      <trkpt lat="36.8265582" lon="138.2670103">
        <ele>955.1840241325807</ele>
      </trkpt>
      <trkpt lat="36.8265742" lon="138.2670407">
        <ele>955.2528110487352</ele>
      </trkpt>
      <trkpt lat="36.8265906" lon="138.2670694">
        <ele>955.272959082924</ele>
      </trkpt>
      <trkpt lat="36.8266071" lon="138.2670982">
        <ele>955.3263620419905</ele>
      </trkpt>
      <trkpt lat="36.8266239" lon="138.2671267">
        <ele>955.3930349505051</ele>
      </trkpt>
      <trkpt lat="36.8266408" lon="138.2671553">
        <ele>955.4706239969009</ele>
      </trkpt>
      <trkpt lat="36.8266576" lon="138.2671845">
        <ele>955.5843661121562</ele>
      </trkpt>
      <trkpt lat="36.8266745" lon="138.2672137">
        <ele>955.7021622247536</ele>
      </trkpt>
      <trkpt lat="36.82669" lon="138.2672437">
        <ele>955.9067927801059</ele>
      </trkpt>
      <trkpt lat="36.8267055" lon="138.2672738">
        <ele>956.1319418568638</ele>
      </trkpt>
      <trkpt lat="36.8267191" lon="138.2673051">
        <ele>956.4320359132724</ele>
      </trkpt>
      <trkpt lat="36.8267328" lon="138.2673364">
        <ele>956.7721259769795</ele>
      </trkpt>
      <trkpt lat="36.8267456" lon="138.2673677">
        <ele>957.2172387405772</ele>
      </trkpt>
      <trkpt lat="36.8267584" lon="138.2673991">
        <ele>957.6880800934982</ele>
      </trkpt>
      <trkpt lat="36.8267727" lon="138.2674292">
        <ele>958.0830515243174</ele>
      </trkpt>
      <trkpt lat="36.8267871" lon="138.2674594">
        <ele>958.4901107970611</ele>
      </trkpt>
      <trkpt lat="36.8268008" lon="138.2674878">
        <ele>958.8833685522125</ele>
      </trkpt>
      <trkpt lat="36.8268145" lon="138.2675163">
        <ele>959.1748289275611</ele>
      </trkpt>
      <trkpt lat="36.8268252" lon="138.2675379">
        <ele>959.4026578685168</ele>
      </trkpt>
      <trkpt lat="36.8268359" lon="138.2675595">
        <ele>959.6383255497246</ele>
      </trkpt>
      <trkpt lat="36.8268434" lon="138.2675724">
        <ele>959.7650066087314</ele>
      </trkpt>
      <trkpt lat="36.8268509" lon="138.2675854">
        <ele>959.8755523419486</ele>
      </trkpt>
      <trkpt lat="36.8268582" lon="138.2675937">
        <ele>959.9037258250651</ele>
      </trkpt>
      <trkpt lat="36.8268655" lon="138.2676021">
        <ele>959.9336469237238</ele>
      </trkpt>
      <trkpt lat="36.8268709" lon="138.2676074">
        <ele>959.9398122909491</ele>
      </trkpt>
      <trkpt lat="36.8268764" lon="138.2676128">
        <ele>959.9520298257119</ele>
      </trkpt>
      <trkpt lat="36.8268821" lon="138.2676171">
        <ele>959.9567657293255</ele>
      </trkpt>
      <trkpt lat="36.8268878" lon="138.2676214">
        <ele>959.962332920134</ele>
      </trkpt>
      <trkpt lat="36.8268959" lon="138.2676264">
        <ele>959.9518678928588</ele>
      </trkpt>
      <trkpt lat="36.826904" lon="138.2676314">
        <ele>959.9427764719552</ele>
      </trkpt>
      <trkpt lat="36.8269145" lon="138.2676364">
        <ele>959.9061460933325</ele>
      </trkpt>
      <trkpt lat="36.8269251" lon="138.2676414">
        <ele>959.8701001026196</ele>
      </trkpt>
      <trkpt lat="36.826937" lon="138.2676464">
        <ele>959.8204111471257</ele>
      </trkpt>
      <trkpt lat="36.826949" lon="138.2676514">
        <ele>959.7812914796675</ele>
      </trkpt>
      <trkpt lat="36.8269616" lon="138.2676565">
        <ele>959.7482815772464</ele>
      </trkpt>
      <trkpt lat="36.8269743" lon="138.2676617">
        <ele>959.7110656059817</ele>
      </trkpt>
      <trkpt lat="36.8269864" lon="138.2676673">
        <ele>959.6791241358972</ele>
      </trkpt>
      <trkpt lat="36.8269986" lon="138.267673">
        <ele>959.6477948877038</ele>
      </trkpt>
      <trkpt lat="36.8270101" lon="138.2676783">
        <ele>959.6170732858601</ele>
      </trkpt>
      <trkpt lat="36.8270217" lon="138.2676837">
        <ele>959.6109514080451</ele>
      </trkpt>
      <trkpt lat="36.8270332" lon="138.2676885">
        <ele>959.599243572065</ele>
      </trkpt>
      <trkpt lat="36.8270447" lon="138.2676933">
        <ele>959.5856635306014</ele>
      </trkpt>
      <trkpt lat="36.8270558" lon="138.2676985">
        <ele>959.5796082260827</ele>
      </trkpt>
      <trkpt lat="36.8270669" lon="138.2677037">
        <ele>959.5715952472046</ele>
      </trkpt>
      <trkpt lat="36.8270782" lon="138.267709">
        <ele>959.5615227851259</ele>
      </trkpt>
      <trkpt lat="36.8270896" lon="138.2677144">
        <ele>959.5628319804013</ele>
      </trkpt>
      <trkpt lat="36.8271011" lon="138.2677203">
        <ele>959.5726316263156</ele>
      </trkpt>
      <trkpt lat="36.8271126" lon="138.2677262">
        <ele>959.5801300217913</ele>
      </trkpt>
      <trkpt lat="36.8271237" lon="138.2677321">
        <ele>959.5881441526385</ele>
      </trkpt>
      <trkpt lat="36.8271348" lon="138.267738">
        <ele>959.5939370777508</ele>
      </trkpt>
      <trkpt lat="36.8271454" lon="138.2677431">
        <ele>959.5898888991242</ele>
      </trkpt>
      <trkpt lat="36.8271561" lon="138.2677482">
        <ele>959.6144505482823</ele>
      </trkpt>
      <trkpt lat="36.8271673" lon="138.267753">
        <ele>959.6526800280609</ele>
      </trkpt>
      <trkpt lat="36.8271786" lon="138.2677578">
        <ele>959.6887749801664</ele>
      </trkpt>
      <trkpt lat="36.8271907" lon="138.2677622">
        <ele>959.7146964920416</ele>
      </trkpt>
      <trkpt lat="36.8272029" lon="138.2677666">
        <ele>959.7384861884229</ele>
      </trkpt>
      <trkpt lat="36.8272157" lon="138.2677709">
        <ele>959.7570514818756</ele>
      </trkpt>
      <trkpt lat="36.8272285" lon="138.2677753">
        <ele>959.7951321301526</ele>
      </trkpt>
      <trkpt lat="36.8272411" lon="138.2677776">
        <ele>959.8089486169871</ele>
      </trkpt>
      <trkpt lat="36.8272538" lon="138.2677799">
        <ele>959.8226195476026</ele>
      </trkpt>
      <trkpt lat="36.8272664" lon="138.2677795">
        <ele>959.7986872926595</ele>
      </trkpt>
      <trkpt lat="36.827279" lon="138.2677791">
        <ele>959.7747550358071</ele>
      </trkpt>
      <trkpt lat="36.8272916" lon="138.2677766">
        <ele>959.7460623444908</ele>
      </trkpt>
      <trkpt lat="36.8273042" lon="138.2677742">
        <ele>959.7616846142554</ele>
      </trkpt>
      <trkpt lat="36.8273169" lon="138.26777">
        <ele>959.7544734579631</ele>
      </trkpt>
      <trkpt lat="36.8273297" lon="138.2677659">
        <ele>959.7508000848096</ele>
      </trkpt>
      <trkpt lat="36.8273427" lon="138.2677594">
        <ele>959.7184404540869</ele>
      </trkpt>
      <trkpt lat="36.8273558" lon="138.267753">
        <ele>959.6912479174076</ele>
      </trkpt>
      <trkpt lat="36.8273688" lon="138.267746">
        <ele>959.7150788939558</ele>
      </trkpt>
      <trkpt lat="36.8273819" lon="138.2677391">
        <ele>959.7551820116876</ele>
      </trkpt>
      <trkpt lat="36.8273947" lon="138.2677329">
        <ele>959.8059246068619</ele>
      </trkpt>
      <trkpt lat="36.8274075" lon="138.2677268">
        <ele>959.8630397512605</ele>
      </trkpt>
      <trkpt lat="36.8274207" lon="138.2677197">
        <ele>959.919842478237</ele>
      </trkpt>
      <trkpt lat="36.8274339" lon="138.2677126">
        <ele>960.0662611989194</ele>
      </trkpt>
      <trkpt lat="36.8274467" lon="138.267704">
        <ele>960.2306774976518</ele>
      </trkpt>
      <trkpt lat="36.8274595" lon="138.2676954">
        <ele>960.4025609386481</ele>
      </trkpt>
      <trkpt lat="36.8274708" lon="138.267687">
        <ele>960.5542504640879</ele>
      </trkpt>
      <trkpt lat="36.8274822" lon="138.2676786">
        <ele>960.71435393238</ele>
      </trkpt>
      <trkpt lat="36.827492" lon="138.2676708">
        <ele>960.8531108205912</ele>
      </trkpt>
      <trkpt lat="36.8275018" lon="138.267663">
        <ele>961.0728783095561</ele>
      </trkpt>
      <trkpt lat="36.8275103" lon="138.2676555">
        <ele>961.2772820327741</ele>
      </trkpt>
      <trkpt lat="36.8275188" lon="138.267648">
        <ele>961.4889178480721</ele>
      </trkpt>
      <trkpt lat="36.8275251" lon="138.2676383">
        <ele>961.6289424941917</ele>
      </trkpt>
      <trkpt lat="36.8275314" lon="138.2676287">
        <ele>961.7735649966609</ele>
      </trkpt>
      <trkpt lat="36.8275367" lon="138.2676176">
        <ele>961.885268719668</ele>
      </trkpt>
      <trkpt lat="36.8275421" lon="138.2676065">
        <ele>962.0040561287581</ele>
      </trkpt>
      <trkpt lat="36.8275472" lon="138.267594">
        <ele>962.1119321791299</ele>
      </trkpt>
      <trkpt lat="36.8275523" lon="138.2675815">
        <ele>962.2241326262896</ele>
      </trkpt>
      <trkpt lat="36.8275569" lon="138.2675668">
        <ele>962.3340035714837</ele>
      </trkpt>
      <trkpt lat="36.8275615" lon="138.2675521">
        <ele>962.4652146374435</ele>
      </trkpt>
      <trkpt lat="36.8275631" lon="138.2675361">
        <ele>962.5113342030095</ele>
      </trkpt>
      <trkpt lat="36.8275647" lon="138.2675201">
        <ele>962.5615640529688</ele>
      </trkpt>
      <trkpt lat="36.8275626" lon="138.2675047">
        <ele>962.4546068925097</ele>
      </trkpt>
      <trkpt lat="36.8275605" lon="138.2674894">
        <ele>962.3566838623653</ele>
      </trkpt>
      <trkpt lat="36.8275572" lon="138.2674745">
        <ele>962.2229210563531</ele>
      </trkpt>
      <trkpt lat="36.827554" lon="138.2674597">
        <ele>962.091182399835</ele>
      </trkpt>
      <trkpt lat="36.8275502" lon="138.2674443">
        <ele>961.9356173259924</ele>
      </trkpt>
      <trkpt lat="36.8275464" lon="138.267429">
        <ele>961.7782100271945</ele>
      </trkpt>
      <trkpt lat="36.8275428" lon="138.2674124">
        <ele>961.6241382182975</ele>
      </trkpt>
      <trkpt lat="36.8275393" lon="138.2673958">
        <ele>961.4743000621686</ele>
      </trkpt>
      <trkpt lat="36.8275362" lon="138.2673783">
        <ele>961.3411060467372</ele>
      </trkpt>
      <trkpt lat="36.8275332" lon="138.2673608">
        <ele>961.2115509083038</ele>
      </trkpt>
      <trkpt lat="36.8275303" lon="138.2673438">
        <ele>961.0862171883703</ele>
      </trkpt>
      <trkpt lat="36.8275275" lon="138.2673269">
        <ele>960.9646388521891</ele>
      </trkpt>
      <trkpt lat="36.8275246" lon="138.26731">
        <ele>960.8351236130361</ele>
      </trkpt>
      <trkpt lat="36.8275218" lon="138.2672932">
        <ele>960.7019500455694</ele>
      </trkpt>
      <trkpt lat="36.827521" lon="138.267275">
        <ele>960.6387302085604</ele>
      </trkpt>
      <trkpt lat="36.8275203" lon="138.2672569">
        <ele>960.5789440339206</ele>
      </trkpt>
      <trkpt lat="36.8275215" lon="138.2672377">
        <ele>960.5883476766763</ele>
      </trkpt>
      <trkpt lat="36.8275227" lon="138.2672185">
        <ele>960.6068069402597</ele>
      </trkpt>
      <trkpt lat="36.8275253" lon="138.2671994">
        <ele>960.682948913053</ele>
      </trkpt>
      <trkpt lat="36.827528" lon="138.2671803">
        <ele>960.7628753154545</ele>
      </trkpt>
      <trkpt lat="36.8275305" lon="138.2671627">
        <ele>960.8369804955558</ele>
      </trkpt>
      <trkpt lat="36.8275331" lon="138.2671452">
        <ele>960.9149866131139</ele>
      </trkpt>
      <trkpt lat="36.8275353" lon="138.2671293">
        <ele>960.9427699991043</ele>
      </trkpt>
      <trkpt lat="36.8275376" lon="138.2671135">
        <ele>960.9745868170639</ele>
      </trkpt>
      <trkpt lat="36.82754" lon="138.2670984">
        <ele>961.0126347429591</ele>
      </trkpt>
      <trkpt lat="36.8275424" lon="138.2670834">
        <ele>961.0510321954271</ele>
      </trkpt>
      <trkpt lat="36.8275457" lon="138.267068">
        <ele>961.122091397923</ele>
      </trkpt>
      <trkpt lat="36.8275491" lon="138.2670526">
        <ele>961.1905438824735</ele>
      </trkpt>
      <trkpt lat="36.8275532" lon="138.2670372">
        <ele>961.275707154787</ele>
      </trkpt>
      <trkpt lat="36.8275574" lon="138.2670218">
        <ele>961.3624497217522</ele>
      </trkpt>
      <trkpt lat="36.8275623" lon="138.2670077">
        <ele>961.4801626109295</ele>
      </trkpt>
      <trkpt lat="36.8275672" lon="138.2669937">
        <ele>961.6074870656721</ele>
      </trkpt>
      <trkpt lat="36.8275727" lon="138.2669808">
        <ele>961.7635178054926</ele>
      </trkpt>
      <trkpt lat="36.8275783" lon="138.266968">
        <ele>961.922404242493</ele>
      </trkpt>
      <trkpt lat="36.8275852" lon="138.266954">
        <ele>962.122123120987</ele>
      </trkpt>
      <trkpt lat="36.8275922" lon="138.2669401">
        <ele>962.3229564810164</ele>
      </trkpt>
      <trkpt lat="36.8275998" lon="138.2669243">
        <ele>962.5335084963342</ele>
      </trkpt>
      <trkpt lat="36.8276075" lon="138.2669085">
        <ele>962.7438075782825</ele>
      </trkpt>
      <trkpt lat="36.8276141" lon="138.2668921">
        <ele>962.9049290631735</ele>
      </trkpt>
      <trkpt lat="36.8276208" lon="138.2668758">
        <ele>963.0785866254012</ele>
      </trkpt>
      <trkpt lat="36.8276266" lon="138.2668586">
        <ele>963.2179258316291</ele>
      </trkpt>
      <trkpt lat="36.8276325" lon="138.2668415">
        <ele>963.3612922717246</ele>
      </trkpt>
      <trkpt lat="36.8276382" lon="138.2668238">
        <ele>963.4892507948142</ele>
      </trkpt>
      <trkpt lat="36.827644" lon="138.2668062">
        <ele>963.6145308577305</ele>
      </trkpt>
      <trkpt lat="36.8276495" lon="138.266789">
        <ele>963.7026028282012</ele>
      </trkpt>
      <trkpt lat="36.827655" lon="138.2667719">
        <ele>963.7832034333612</ele>
      </trkpt>
      <trkpt lat="36.8276591" lon="138.2667544">
        <ele>963.8100635577227</ele>
      </trkpt>
      <trkpt lat="36.8276632" lon="138.2667369">
        <ele>963.836923691095</ele>
      </trkpt>
      <trkpt lat="36.8276658" lon="138.2667198">
        <ele>963.8119968594518</ele>
      </trkpt>
      <trkpt lat="36.8276684" lon="138.2667028">
        <ele>963.7792771967565</ele>
      </trkpt>
      <trkpt lat="36.8276708" lon="138.2666866">
        <ele>963.7417481852553</ele>
      </trkpt>
      <trkpt lat="36.8276733" lon="138.2666704">
        <ele>963.7064620334879</ele>
      </trkpt>
      <trkpt lat="36.8276751" lon="138.2666556">
        <ele>963.6559099649663</ele>
      </trkpt>
      <trkpt lat="36.827677" lon="138.2666409">
        <ele>963.608743650547</ele>
      </trkpt>
      <trkpt lat="36.8276778" lon="138.266626">
        <ele>963.5158573915446</ele>
      </trkpt>
      <trkpt lat="36.8276787" lon="138.2666111">
        <ele>963.4135296485331</ele>
      </trkpt>
      <trkpt lat="36.8276787" lon="138.266596">
        <ele>963.2780309937807</ele>
      </trkpt>
      <trkpt lat="36.8276788" lon="138.2665809">
        <ele>963.1459421040649</ele>
      </trkpt>
      <trkpt lat="36.8276789" lon="138.2665662">
        <ele>963.0173927256382</ele>
      </trkpt>
      <trkpt lat="36.827679" lon="138.2665516">
        <ele>962.8896913402253</ele>
      </trkpt>
      <trkpt lat="36.8276803" lon="138.2665378">
        <ele>962.8112589385154</ele>
      </trkpt>
      <trkpt lat="36.8276816" lon="138.266524">
        <ele>962.7340930374969</ele>
      </trkpt>
      <trkpt lat="36.8276852" lon="138.2665099">
        <ele>962.7273915221244</ele>
      </trkpt>
      <trkpt lat="36.8276888" lon="138.2664959">
        <ele>962.7181436498001</ele>
      </trkpt>
      <trkpt lat="36.827695" lon="138.2664814">
        <ele>962.7824230909592</ele>
      </trkpt>
      <trkpt lat="36.8277012" lon="138.266467">
        <ele>962.8415432340609</ele>
      </trkpt>
      <trkpt lat="36.8277085" lon="138.2664524">
        <ele>962.9118420541531</ele>
      </trkpt>
      <trkpt lat="36.8277158" lon="138.2664379">
        <ele>962.9563526675086</ele>
      </trkpt>
      <trkpt lat="36.8277233" lon="138.2664242">
        <ele>963.0095334777027</ele>
      </trkpt>
      <trkpt lat="36.8277308" lon="138.2664105">
        <ele>963.055744400705</ele>
      </trkpt>
      <trkpt lat="36.8277388" lon="138.266398">
        <ele>963.124815895226</ele>
      </trkpt>
      <trkpt lat="36.8277468" lon="138.2663856">
        <ele>963.1884306533796</ele>
      </trkpt>
      <trkpt lat="36.8277557" lon="138.2663743">
        <ele>963.2851468674731</ele>
      </trkpt>
      <trkpt lat="36.8277647" lon="138.266363">
        <ele>963.3772518551779</ele>
      </trkpt>
      <trkpt lat="36.8277752" lon="138.2663539">
        <ele>963.5139110162568</ele>
      </trkpt>
      <trkpt lat="36.8277857" lon="138.2663448">
        <ele>963.6343115432735</ele>
      </trkpt>
      <trkpt lat="36.827798" lon="138.2663384">
        <ele>963.8310199137006</ele>
      </trkpt>
      <trkpt lat="36.8278103" lon="138.2663321">
        <ele>964.0239304393209</ele>
      </trkpt>
      <trkpt lat="36.8278235" lon="138.2663264">
        <ele>964.241944010483</ele>
      </trkpt>
      <trkpt lat="36.8278367" lon="138.2663208">
        <ele>964.4564172024516</ele>
      </trkpt>
      <trkpt lat="36.8278499" lon="138.2663154">
        <ele>964.6629167707608</ele>
      </trkpt>
      <trkpt lat="36.8278631" lon="138.26631">
        <ele>964.8669987938858</ele>
      </trkpt>
      <trkpt lat="36.8278755" lon="138.2663063">
        <ele>965.0798067977884</ele>
      </trkpt>
      <trkpt lat="36.827888" lon="138.2663026">
        <ele>965.2932687829319</ele>
      </trkpt>
      <trkpt lat="36.8278999" lon="138.2662998">
        <ele>965.5075860117314</ele>
      </trkpt>
      <trkpt lat="36.8279118" lon="138.266297">
        <ele>965.7218947681507</ele>
      </trkpt>
      <trkpt lat="36.8279239" lon="138.2662938">
        <ele>965.9322991860893</ele>
      </trkpt>
      <trkpt lat="36.827936" lon="138.2662906">
        <ele>966.1400771202709</ele>
      </trkpt>
      <trkpt lat="36.8279484" lon="138.2662867">
        <ele>966.339095917881</ele>
      </trkpt>
      <trkpt lat="36.8279609" lon="138.2662829">
        <ele>966.5544576458183</ele>
      </trkpt>
      <trkpt lat="36.8279733" lon="138.2662788">
        <ele>966.7630922537544</ele>
      </trkpt>
      <trkpt lat="36.8279858" lon="138.2662747">
        <ele>967.0230630581117</ele>
      </trkpt>
      <trkpt lat="36.8279976" lon="138.2662699">
        <ele>967.2551686917207</ele>
      </trkpt>
      <trkpt lat="36.8280095" lon="138.2662652">
        <ele>967.4895112713082</ele>
      </trkpt>
      <trkpt lat="36.8280214" lon="138.2662591">
        <ele>967.6996266939411</ele>
      </trkpt>
      <trkpt lat="36.8280334" lon="138.266253">
        <ele>967.9098427335398</ele>
      </trkpt>
      <trkpt lat="36.8280454" lon="138.2662476">
        <ele>968.1405297673716</ele>
      </trkpt>
      <trkpt lat="36.8280575" lon="138.2662422">
        <ele>968.4141049641707</ele>
      </trkpt>
      <trkpt lat="36.8280695" lon="138.2662379">
        <ele>968.7043425066764</ele>
      </trkpt>
      <trkpt lat="36.8280816" lon="138.2662336">
        <ele>968.9993316437781</ele>
      </trkpt>
      <trkpt lat="36.8280941" lon="138.2662292">
        <ele>969.3065764674266</ele>
      </trkpt>
      <trkpt lat="36.8281067" lon="138.2662248">
        <ele>969.6187031346335</ele>
      </trkpt>
      <trkpt lat="36.8281191" lon="138.2662203">
        <ele>969.9501251232125</ele>
      </trkpt>
      <trkpt lat="36.8281316" lon="138.2662159">
        <ele>970.3019558060228</ele>
      </trkpt>
      <trkpt lat="36.8281432" lon="138.2662117">
        <ele>970.6266856772835</ele>
      </trkpt>
      <trkpt lat="36.8281548" lon="138.2662075">
        <ele>970.9514156063794</ele>
      </trkpt>
      <trkpt lat="36.8281659" lon="138.2662027">
        <ele>971.2503189863879</ele>
      </trkpt>
      <trkpt lat="36.828177" lon="138.2661979">
        <ele>971.5744984583168</ele>
      </trkpt>
      <trkpt lat="36.8281873" lon="138.2661917">
        <ele>971.8877732766566</ele>
      </trkpt>
      <trkpt lat="36.8281976" lon="138.2661855">
        <ele>972.2077155004336</ele>
      </trkpt>
      <trkpt lat="36.8282069" lon="138.266176">
        <ele>972.4729534650863</ele>
      </trkpt>
      <trkpt lat="36.8282162" lon="138.2661666">
        <ele>972.7418258588038</ele>
      </trkpt>
      <trkpt lat="36.8282249" lon="138.2661544">
        <ele>972.974811573758</ele>
      </trkpt>
      <trkpt lat="36.8282337" lon="138.2661423">
        <ele>973.2155985179552</ele>
      </trkpt>
      <trkpt lat="36.828243" lon="138.2661285">
        <ele>973.467993956722</ele>
      </trkpt>
      <trkpt lat="36.8282523" lon="138.2661148">
        <ele>973.7349488367042</ele>
      </trkpt>
      <trkpt lat="36.8282611" lon="138.2661012">
        <ele>974.1501033582017</ele>
      </trkpt>
      <trkpt lat="36.8282699" lon="138.2660876">
        <ele>974.5693171144162</ele>
      </trkpt>
      <trkpt lat="36.8282766" lon="138.2660741">
        <ele>974.9110198239539</ele>
      </trkpt>
      <trkpt lat="36.8282834" lon="138.2660606">
        <ele>975.2596673938231</ele>
      </trkpt>
      <trkpt lat="36.8282892" lon="138.2660468">
        <ele>975.5743824415899</ele>
      </trkpt>
      <trkpt lat="36.828295" lon="138.2660331">
        <ele>975.8911513293519</ele>
      </trkpt>
      <trkpt lat="36.828299" lon="138.2660194">
        <ele>976.2261383180781</ele>
      </trkpt>
      <trkpt lat="36.828303" lon="138.2660057">
        <ele>976.5987248163474</ele>
      </trkpt>
      <trkpt lat="36.8283037" lon="138.2659931">
        <ele>976.8237543781939</ele>
      </trkpt>
      <trkpt lat="36.8283045" lon="138.2659805">
        <ele>977.0538599748867</ele>
      </trkpt>
      <trkpt lat="36.8283021" lon="138.2659684">
        <ele>977.1414611354903</ele>
      </trkpt>
      <trkpt lat="36.8282997" lon="138.2659564">
        <ele>977.2245668648185</ele>
      </trkpt>
      <trkpt lat="36.8282949" lon="138.2659452">
        <ele>977.1879189151</ele>
      </trkpt>
      <trkpt lat="36.8282901" lon="138.265934">
        <ele>977.1990536860101</ele>
      </trkpt>
      <trkpt lat="36.8282831" lon="138.2659239">
        <ele>977.098175333443</ele>
      </trkpt>
      <trkpt lat="36.8282762" lon="138.2659139">
        <ele>976.9972890555346</ele>
      </trkpt>
      <trkpt lat="36.8282683" lon="138.2659046">
        <ele>976.8356275682673</ele>
      </trkpt>
      <trkpt lat="36.8282605" lon="138.2658954">
        <ele>976.673922211239</ele>
      </trkpt>
      <trkpt lat="36.828252" lon="138.2658875">
        <ele>976.4527166263642</ele>
      </trkpt>
      <trkpt lat="36.8282435" lon="138.2658797">
        <ele>976.2446506646895</ele>
      </trkpt>
      <trkpt lat="36.8282345" lon="138.2658718">
        <ele>976.0241062517268</ele>
      </trkpt>
      <trkpt lat="36.8282255" lon="138.265864">
        <ele>975.7968372434109</ele>
      </trkpt>
      <trkpt lat="36.8282165" lon="138.2658548">
        <ele>975.5993376148261</ele>
      </trkpt>
      <trkpt lat="36.8282076" lon="138.2658457">
        <ele>975.4183058139622</ele>
      </trkpt>
      <trkpt lat="36.8281983" lon="138.2658349">
        <ele>975.2536759921834</ele>
      </trkpt>
      <trkpt lat="36.828189" lon="138.2658241">
        <ele>975.0856395897888</ele>
      </trkpt>
      <trkpt lat="36.8281785" lon="138.2658109">
        <ele>974.9152245086032</ele>
      </trkpt>
      <trkpt lat="36.8281681" lon="138.2657978">
        <ele>974.7551744064928</ele>
      </trkpt>
      <trkpt lat="36.8281549" lon="138.2657827">
        <ele>974.5140099831269</ele>
      </trkpt>
      <trkpt lat="36.8281418" lon="138.2657676">
        <ele>974.263143710025</ele>
      </trkpt>
      <trkpt lat="36.8281253" lon="138.2657498">
        <ele>973.8984742035169</ele>
      </trkpt>
      <trkpt lat="36.8281089" lon="138.265732">
        <ele>973.5452761242174</ele>
      </trkpt>
      <trkpt lat="36.8280913" lon="138.265711">
        <ele>973.2450625928125</ele>
      </trkpt>
      <trkpt lat="36.8280738" lon="138.2656901">
        <ele>972.9469150949276</ele>
      </trkpt>
      <trkpt lat="36.8280562" lon="138.2656684">
        <ele>972.6392043794281</ele>
      </trkpt>
      <trkpt lat="36.8280386" lon="138.2656467">
        <ele>972.34188336083</ele>
      </trkpt>
      <trkpt lat="36.8280199" lon="138.2656254">
        <ele>972.0401676846656</ele>
      </trkpt>
      <trkpt lat="36.8280013" lon="138.2656041">
        <ele>971.7285749966284</ele>
      </trkpt>
      <trkpt lat="36.8279829" lon="138.2655815">
        <ele>971.3176667995658</ele>
      </trkpt>
      <trkpt lat="36.8279645" lon="138.265559">
        <ele>970.9078543431945</ele>
      </trkpt>
      <trkpt lat="36.8279494" lon="138.2655327">
        <ele>970.6565979616987</ele>
      </trkpt>
      <trkpt lat="36.8279343" lon="138.2655065">
        <ele>970.3411484596329</ele>
      </trkpt>
      <trkpt lat="36.8279241" lon="138.2654761">
        <ele>970.091083974811</ele>
      </trkpt>
      <trkpt lat="36.8279139" lon="138.2654458">
        <ele>969.8406700126832</ele>
      </trkpt>
      <trkpt lat="36.8279099" lon="138.2654129">
        <ele>969.6883518204097</ele>
      </trkpt>
      <trkpt lat="36.8279059" lon="138.2653801">
        <ele>969.3957593740902</ele>
      </trkpt>
      <trkpt lat="36.8279101" lon="138.265347">
        <ele>969.3882222296677</ele>
      </trkpt>
      <trkpt lat="36.8279144" lon="138.265314">
        <ele>969.2463962006576</ele>
      </trkpt>
      <trkpt lat="36.8279251" lon="138.2652821">
        <ele>969.3069234619676</ele>
      </trkpt>
      <trkpt lat="36.8279358" lon="138.2652502">
        <ele>969.3204079275031</ele>
      </trkpt>
      <trkpt lat="36.8279513" lon="138.2652215">
        <ele>969.4046208440336</ele>
      </trkpt>
      <trkpt lat="36.8279668" lon="138.2651929">
        <ele>969.4903484754277</ele>
      </trkpt>
      <trkpt lat="36.8279861" lon="138.2651696">
        <ele>969.7961268743514</ele>
      </trkpt>
      <trkpt lat="36.8280054" lon="138.2651463">
        <ele>970.0359976641846</ele>
      </trkpt>
      <trkpt lat="36.8280273" lon="138.2651267">
        <ele>970.4356684513399</ele>
      </trkpt>
      <trkpt lat="36.8280492" lon="138.2651071">
        <ele>970.8472336090109</ele>
      </trkpt>
      <trkpt lat="36.8280728" lon="138.2650885">
        <ele>971.3585428255494</ele>
      </trkpt>
      <trkpt lat="36.8280965" lon="138.2650699">
        <ele>971.797291164931</ele>
      </trkpt>
      <trkpt lat="36.8281204" lon="138.2650516">
        <ele>972.278640708338</ele>
      </trkpt>
      <trkpt lat="36.8281444" lon="138.2650334">
        <ele>972.8088145861943</ele>
      </trkpt>
      <trkpt lat="36.8281675" lon="138.2650139">
        <ele>973.2570331859819</ele>
      </trkpt>
      <trkpt lat="36.8281907" lon="138.2649944">
        <ele>973.7189618748378</ele>
      </trkpt>
      <trkpt lat="36.8282124" lon="138.2649732">
        <ele>974.0780999595399</ele>
      </trkpt>
      <trkpt lat="36.8282341" lon="138.264952">
        <ele>974.4216351029943</ele>
      </trkpt>
      <trkpt lat="36.8282547" lon="138.2649292">
        <ele>974.6770040660632</ele>
      </trkpt>
      <trkpt lat="36.8282754" lon="138.2649065">
        <ele>974.9580237767342</ele>
      </trkpt>
      <trkpt lat="36.8282957" lon="138.2648832">
        <ele>975.1510184113662</ele>
      </trkpt>
      <trkpt lat="36.828316" lon="138.2648599">
        <ele>975.311928392634</ele>
      </trkpt>
      <trkpt lat="36.8283359" lon="138.2648379">
        <ele>975.4645223340772</ele>
      </trkpt>
      <trkpt lat="36.8283558" lon="138.264816">
        <ele>975.5905778112813</ele>
      </trkpt>
      <trkpt lat="36.8283742" lon="138.2647956">
        <ele>975.6759709264245</ele>
      </trkpt>
      <trkpt lat="36.8283926" lon="138.2647752">
        <ele>975.7509225370567</ele>
      </trkpt>
      <trkpt lat="36.8284099" lon="138.2647561">
        <ele>975.835004413773</ele>
      </trkpt>
      <trkpt lat="36.8284272" lon="138.2647371">
        <ele>975.910128775116</ele>
      </trkpt>
      <trkpt lat="36.8284455" lon="138.2647204">
        <ele>976.0757734242172</ele>
      </trkpt>
      <trkpt lat="36.8284639" lon="138.2647038">
        <ele>976.2104590613513</ele>
      </trkpt>
      <trkpt lat="36.828483" lon="138.2646894">
        <ele>976.4193738711874</ele>
      </trkpt>
      <trkpt lat="36.8285022" lon="138.2646751">
        <ele>976.6169905205037</ele>
      </trkpt>
      <trkpt lat="36.8285221" lon="138.2646607">
        <ele>976.8178443796968</ele>
      </trkpt>
      <trkpt lat="36.828542" lon="138.2646464">
        <ele>977.0903979817558</ele>
      </trkpt>
      <trkpt lat="36.8285629" lon="138.2646306">
        <ele>977.3500213386596</ele>
      </trkpt>
      <trkpt lat="36.8285838" lon="138.2646149">
        <ele>977.5908275579802</ele>
      </trkpt>
      <trkpt lat="36.8286053" lon="138.2645969">
        <ele>977.7477140831913</ele>
      </trkpt>
      <trkpt lat="36.8286268" lon="138.2645789">
        <ele>977.8783489055209</ele>
      </trkpt>
      <trkpt lat="36.8286485" lon="138.2645611">
        <ele>978.0401290684388</ele>
      </trkpt>
      <trkpt lat="36.8286702" lon="138.2645434">
        <ele>978.2328774393138</ele>
      </trkpt>
      <trkpt lat="36.828692" lon="138.2645279">
        <ele>978.4980523448755</ele>
      </trkpt>
      <trkpt lat="36.8287138" lon="138.2645124">
        <ele>978.7403061924957</ele>
      </trkpt>
      <trkpt lat="36.8287359" lon="138.2644995">
        <ele>979.0631128329286</ele>
      </trkpt>
      <trkpt lat="36.8287581" lon="138.2644867">
        <ele>979.3758554926358</ele>
      </trkpt>
      <trkpt lat="36.8287798" lon="138.264475">
        <ele>979.7819221695431</ele>
      </trkpt>
      <trkpt lat="36.8288016" lon="138.2644634">
        <ele>980.2020388846133</ele>
      </trkpt>
      <trkpt lat="36.8288227" lon="138.2644526">
        <ele>980.6313499817593</ele>
      </trkpt>
      <trkpt lat="36.8288439" lon="138.2644419">
        <ele>981.0517645627181</ele>
      </trkpt>
      <trkpt lat="36.828865" lon="138.2644327">
        <ele>981.5004118437017</ele>
      </trkpt>
      <trkpt lat="36.8288861" lon="138.2644235">
        <ele>981.9082495677377</ele>
      </trkpt>
      <trkpt lat="36.8289069" lon="138.2644149">
        <ele>982.3097658019689</ele>
      </trkpt>
      <trkpt lat="36.8289277" lon="138.2644063">
        <ele>982.6991479476605</ele>
      </trkpt>
      <trkpt lat="36.8289485" lon="138.2643974">
        <ele>983.0966664016264</ele>
      </trkpt>
      <trkpt lat="36.8289693" lon="138.2643885">
        <ele>983.5692220031193</ele>
      </trkpt>
      <trkpt lat="36.8289902" lon="138.2643802">
        <ele>984.041833993111</ele>
      </trkpt>
      <trkpt lat="36.8290111" lon="138.2643719">
        <ele>984.4901865658403</ele>
      </trkpt>
      <trkpt lat="36.8290314" lon="138.2643649">
        <ele>984.9279187709476</ele>
      </trkpt>
      <trkpt lat="36.8290518" lon="138.264358">
        <ele>985.3619162073917</ele>
      </trkpt>
      <trkpt lat="36.8290714" lon="138.2643513">
        <ele>985.7678485043047</ele>
      </trkpt>
      <trkpt lat="36.8290911" lon="138.2643446">
        <ele>986.1678920844535</ele>
      </trkpt>
      <trkpt lat="36.8291102" lon="138.2643372">
        <ele>986.5197363000676</ele>
      </trkpt>
      <trkpt lat="36.8291294" lon="138.2643299">
        <ele>986.8680651636631</ele>
      </trkpt>
      <trkpt lat="36.8291485" lon="138.2643221">
        <ele>987.195597006684</ele>
      </trkpt>
      <trkpt lat="36.8291676" lon="138.2643143">
        <ele>987.5340632373476</ele>
      </trkpt>
      <trkpt lat="36.8291871" lon="138.2643046">
        <ele>987.8916630421254</ele>
      </trkpt>
      <trkpt lat="36.8292066" lon="138.264295">
        <ele>988.2467240036024</ele>
      </trkpt>
      <trkpt lat="36.8292266" lon="138.2642825">
        <ele>988.5253418399031</ele>
      </trkpt>
      <trkpt lat="36.8292467" lon="138.2642701">
        <ele>988.8070974882701</ele>
      </trkpt>
      <trkpt lat="36.8292671" lon="138.2642564">
        <ele>989.0657799747781</ele>
      </trkpt>
      <trkpt lat="36.8292876" lon="138.2642428">
        <ele>989.3199956057753</ele>
      </trkpt>
      <trkpt lat="36.8293078" lon="138.2642283">
        <ele>989.5223181092833</ele>
      </trkpt>
      <trkpt lat="36.8293281" lon="138.2642139">
        <ele>989.8564350273175</ele>
      </trkpt>
      <trkpt lat="36.8293475" lon="138.2641979">
        <ele>990.1464845627753</ele>
      </trkpt>
      <trkpt lat="36.8293669" lon="138.2641819">
        <ele>990.4534903441524</ele>
      </trkpt>
      <trkpt lat="36.8293836" lon="138.2641626">
        <ele>990.6229412214542</ele>
      </trkpt>
      <trkpt lat="36.8294004" lon="138.2641434">
        <ele>990.7858330440342</ele>
      </trkpt>
      <trkpt lat="36.8294116" lon="138.2641209">
        <ele>990.9643673458377</ele>
      </trkpt>
      <trkpt lat="36.8294229" lon="138.2640984">
        <ele>991.1630269297873</ele>
      </trkpt>
      <trkpt lat="36.8294265" lon="138.2640738">
        <ele>991.1427045133905</ele>
      </trkpt>
      <trkpt lat="36.8294302" lon="138.2640492">
        <ele>991.1955139409295</ele>
      </trkpt>
      <trkpt lat="36.8294266" lon="138.2640252">
        <ele>991.268964203588</ele>
      </trkpt>
      <trkpt lat="36.8294231" lon="138.2640012">
        <ele>991.3450345231698</ele>
      </trkpt>
      <trkpt lat="36.8294133" lon="138.2639787">
        <ele>991.2405790142265</ele>
      </trkpt>
      <trkpt lat="36.8294035" lon="138.2639562">
        <ele>991.277911941145</ele>
      </trkpt>
      <trkpt lat="36.8293904" lon="138.263937">
        <ele>991.2620239755947</ele>
      </trkpt>
      <trkpt lat="36.8293773" lon="138.2639178">
        <ele>991.2376051267356</ele>
      </trkpt>
      <trkpt lat="36.8293619" lon="138.2639025">
        <ele>991.0692084168569</ele>
      </trkpt>
      <trkpt lat="36.8293465" lon="138.2638873">
        <ele>990.8976089402336</ele>
      </trkpt>
      <trkpt lat="36.8293278" lon="138.2638756">
        <ele>990.7083504797081</ele>
      </trkpt>
      <trkpt lat="36.8293091" lon="138.2638639">
        <ele>990.5386326962289</ele>
      </trkpt>
      <trkpt lat="36.8292894" lon="138.2638547">
        <ele>990.2662419032654</ele>
      </trkpt>
      <trkpt lat="36.8292698" lon="138.2638456">
        <ele>990.0155836843685</ele>
      </trkpt>
      <trkpt lat="36.8292512" lon="138.263838">
        <ele>989.7798164495351</ele>
      </trkpt>
      <trkpt lat="36.8292327" lon="138.2638305">
        <ele>989.5391606939967</ele>
      </trkpt>
      <trkpt lat="36.8292151" lon="138.2638242">
        <ele>989.2863208396775</ele>
      </trkpt>
      <trkpt lat="36.8291975" lon="138.263818">
        <ele>989.0992762809628</ele>
      </trkpt>
      <trkpt lat="36.8291795" lon="138.2638138">
        <ele>988.8827380366631</ele>
      </trkpt>
      <trkpt lat="36.8291616" lon="138.2638096">
        <ele>988.6679465607745</ele>
      </trkpt>
      <trkpt lat="36.8291428" lon="138.2638049">
        <ele>988.4490857448433</ele>
      </trkpt>
      <trkpt lat="36.829124" lon="138.2638003">
        <ele>988.3828110181255</ele>
      </trkpt>
      <trkpt lat="36.8291046" lon="138.263793">
        <ele>988.432406043732</ele>
      </trkpt>
      <trkpt lat="36.8290853" lon="138.2637857">
        <ele>988.5105601356798</ele>
      </trkpt>
      <trkpt lat="36.8290655" lon="138.2637785">
        <ele>988.6108738557366</ele>
      </trkpt>
      <trkpt lat="36.8290457" lon="138.2637714">
        <ele>988.7550430157346</ele>
      </trkpt>
      <trkpt lat="36.8290263" lon="138.2637649">
        <ele>988.8893962078067</ele>
      </trkpt>
      <trkpt lat="36.8290069" lon="138.2637584">
        <ele>989.0323033943813</ele>
      </trkpt>
      <trkpt lat="36.8289867" lon="138.2637527">
        <ele>989.1373621103438</ele>
      </trkpt>
      <trkpt lat="36.8289665" lon="138.263747">
        <ele>989.2447324399204</ele>
      </trkpt>
      <trkpt lat="36.8289452" lon="138.2637415">
        <ele>989.3432320485865</ele>
      </trkpt>
      <trkpt lat="36.8289239" lon="138.2637361">
        <ele>989.4370742226316</ele>
      </trkpt>
      <trkpt lat="36.8289015" lon="138.2637292">
        <ele>989.5861764124683</ele>
      </trkpt>
      <trkpt lat="36.8288791" lon="138.2637224">
        <ele>989.7418425482084</ele>
      </trkpt>
      <trkpt lat="36.8288568" lon="138.2637132">
        <ele>989.9143829067436</ele>
      </trkpt>
      <trkpt lat="36.8288345" lon="138.2637041">
        <ele>990.0242278931765</ele>
      </trkpt>
      <trkpt lat="36.8288123" lon="138.2636931">
        <ele>990.2200534667276</ele>
      </trkpt>
      <trkpt lat="36.8287902" lon="138.2636821">
        <ele>990.3731136683801</ele>
      </trkpt>
      <trkpt lat="36.8287677" lon="138.2636691">
        <ele>990.5375088212371</ele>
      </trkpt>
      <trkpt lat="36.8287452" lon="138.2636562">
        <ele>990.6876461980428</ele>
      </trkpt>
      <trkpt lat="36.8287233" lon="138.2636396">
        <ele>990.9702389269968</ele>
      </trkpt>
      <trkpt lat="36.8287015" lon="138.263623">
        <ele>991.1794372683792</ele>
      </trkpt>
      <trkpt lat="36.8286816" lon="138.263602">
        <ele>991.6156535021753</ele>
      </trkpt>
      <trkpt lat="36.8286617" lon="138.263581">
        <ele>992.0093477979445</ele>
      </trkpt>
      <trkpt lat="36.8286447" lon="138.2635579">
        <ele>992.5143981088218</ele>
      </trkpt>
      <trkpt lat="36.8286278" lon="138.2635349">
        <ele>992.9884838614648</ele>
      </trkpt>
      <trkpt lat="36.8286116" lon="138.2635114">
        <ele>993.4140851986343</ele>
      </trkpt>
      <trkpt lat="36.8285954" lon="138.2634879">
        <ele>993.7880374891362</ele>
      </trkpt>
      <trkpt lat="36.8285795" lon="138.2634638">
        <ele>994.1372649859601</ele>
      </trkpt>
      <trkpt lat="36.8285637" lon="138.2634398">
        <ele>994.4085602155283</ele>
      </trkpt>
      <trkpt lat="36.8285465" lon="138.2634165">
        <ele>994.5305124003883</ele>
      </trkpt>
      <trkpt lat="36.8285293" lon="138.2633933">
        <ele>994.5951427441639</ele>
      </trkpt>
      <trkpt lat="36.82851" lon="138.2633719">
        <ele>994.529666597293</ele>
      </trkpt>
      <trkpt lat="36.8284907" lon="138.2633506">
        <ele>994.4029959141473</ele>
      </trkpt>
      <trkpt lat="36.8284696" lon="138.2633321">
        <ele>994.0914839544982</ele>
      </trkpt>
      <trkpt lat="36.8284485" lon="138.2633136">
        <ele>993.7555397214871</ele>
      </trkpt>
      <trkpt lat="36.8284287" lon="138.2632975">
        <ele>993.4165849386679</ele>
      </trkpt>
      <trkpt lat="36.828409" lon="138.2632815">
        <ele>993.0559887119551</ele>
      </trkpt>
      <trkpt lat="36.8283955" lon="138.2632697">
        <ele>992.801589873619</ele>
      </trkpt>
      <trkpt lat="36.828382" lon="138.263258">
        <ele>992.5509877346929</ele>
      </trkpt>
      <trkpt lat="36.8283742" lon="138.2632514">
        <ele>992.4180746535255</ele>
      </trkpt>
      <trkpt lat="36.8283664" lon="138.2632448">
        <ele>992.2799234398235</ele>
      </trkpt>
      <trkpt lat="36.8283605" lon="138.2632389">
        <ele>992.1887362525464</ele>
      </trkpt>
      <trkpt lat="36.8283546" lon="138.263233">
        <ele>992.0940071164637</ele>
      </trkpt>
      <trkpt lat="36.8283527" lon="138.263223">
        <ele>992.2093748347144</ele>
      </trkpt>
      <trkpt lat="36.8283508" lon="138.2632131">
        <ele>992.3210087264245</ele>
      </trkpt>
      <trkpt lat="36.8283538" lon="138.2632024">
        <ele>992.6220025613113</ele>
      </trkpt>
      <trkpt lat="36.8283568" lon="138.2631918">
        <ele>992.9090129522592</ele>
      </trkpt>
      <trkpt lat="36.828362" lon="138.2631801">
        <ele>993.2803819742292</ele>
      </trkpt>
      <trkpt lat="36.8283673" lon="138.2631684">
        <ele>993.6596137711392</ele>
      </trkpt>
      <trkpt lat="36.8283707" lon="138.2631567">
        <ele>993.9713191575815</ele>
      </trkpt>
      <trkpt lat="36.8283741" lon="138.2631451">
        <ele>994.2841329091892</ele>
      </trkpt>
      <trkpt lat="36.8283744" lon="138.2631343">
        <ele>994.4674161435726</ele>
      </trkpt>
      <trkpt lat="36.8283747" lon="138.2631236">
        <ele>994.6493270410664</ele>
      </trkpt>
      <trkpt lat="36.8283726" lon="138.2631138">
        <ele>994.7230154628395</ele>
      </trkpt>
      <trkpt lat="36.8283706" lon="138.2631041">
        <ele>994.7913668312335</ele>
      </trkpt>
      <trkpt lat="36.8283672" lon="138.2630939">
        <ele>994.8085454535959</ele>
      </trkpt>
      <trkpt lat="36.8283638" lon="138.2630837">
        <ele>994.8245478367573</ele>
      </trkpt>
      <trkpt lat="36.8283599" lon="138.2630731">
        <ele>994.8252849620094</ele>
      </trkpt>
      <trkpt lat="36.828356" lon="138.2630625">
        <ele>994.8246199609074</ele>
      </trkpt>
      <trkpt lat="36.8283535" lon="138.2630527">
        <ele>994.8673057736289</ele>
      </trkpt>
      <trkpt lat="36.828351" lon="138.263043">
        <ele>994.9077057018817</ele>
      </trkpt>
      <trkpt lat="36.8283517" lon="138.2630339">
        <ele>995.0685300560998</ele>
      </trkpt>
      <trkpt lat="36.8283525" lon="138.2630248">
        <ele>995.2342212544769</ele>
      </trkpt>
      <trkpt lat="36.8283564" lon="138.2630158">
        <ele>995.5369071726856</ele>
      </trkpt>
      <trkpt lat="36.8283603" lon="138.2630068">
        <ele>995.8431645698294</ele>
      </trkpt>
      <trkpt lat="36.8283646" lon="138.2629969">
        <ele>996.184594765596</ele>
      </trkpt>
      <trkpt lat="36.8283689" lon="138.262987">
        <ele>996.5303565260247</ele>
      </trkpt>
      <trkpt lat="36.8283722" lon="138.262975">
        <ele>996.8724472428177</ele>
      </trkpt>
      <trkpt lat="36.8283756" lon="138.262963">
        <ele>997.2229597744229</ele>
      </trkpt>
      <trkpt lat="36.8283813" lon="138.2629489">
        <ele>997.7162312202148</ele>
      </trkpt>
      <trkpt lat="36.828387" lon="138.2629349">
        <ele>998.2158668406769</ele>
      </trkpt>
      <trkpt lat="36.8283956" lon="138.2629223">
        <ele>998.8294673859004</ele>
      </trkpt>
      <trkpt lat="36.8284043" lon="138.2629097">
        <ele>999.4550316617438</ele>
      </trkpt>
      <trkpt lat="36.8284148" lon="138.2629004">
        <ele>1000.110965264143</ele>
      </trkpt>
      <trkpt lat="36.8284254" lon="138.2628912">
        <ele>1000.7763186175596</ele>
      </trkpt>
      <trkpt lat="36.8284361" lon="138.2628856">
        <ele>1001.3839867240847</ele>
      </trkpt>
      <trkpt lat="36.8284468" lon="138.2628801">
        <ele>1001.9937663631973</ele>
      </trkpt>
      <trkpt lat="36.8284573" lon="138.2628771">
        <ele>1002.5502650585736</ele>
      </trkpt>
      <trkpt lat="36.8284678" lon="138.2628741">
        <ele>1003.1140381445655</ele>
      </trkpt>
      <trkpt lat="36.8284785" lon="138.2628722">
        <ele>1003.6656309600232</ele>
      </trkpt>
      <trkpt lat="36.8284893" lon="138.2628704">
        <ele>1004.2200465745768</ele>
      </trkpt>
      <trkpt lat="36.8285013" lon="138.2628695">
        <ele>1004.814276931948</ele>
      </trkpt>
      <trkpt lat="36.8285134" lon="138.2628686">
        <ele>1005.4133107520878</ele>
      </trkpt>
      <trkpt lat="36.8285271" lon="138.2628674">
        <ele>1006.0943232517268</ele>
      </trkpt>
      <trkpt lat="36.8285409" lon="138.2628663">
        <ele>1006.776074257979</ele>
      </trkpt>
      <trkpt lat="36.8285546" lon="138.2628648">
        <ele>1007.461689352774</ele>
      </trkpt>
      <trkpt lat="36.8285684" lon="138.2628634">
        <ele>1008.1507319122959</ele>
      </trkpt>
      <trkpt lat="36.8285809" lon="138.2628631">
        <ele>1008.7553147237873</ele>
      </trkpt>
      <trkpt lat="36.8285935" lon="138.2628628">
        <ele>1009.3634436358108</ele>
      </trkpt>
      <trkpt lat="36.8286055" lon="138.2628641">
        <ele>1009.8972777762143</ele>
      </trkpt>
      <trkpt lat="36.8286175" lon="138.2628654">
        <ele>1010.4316411111832</ele>
      </trkpt>
      <trkpt lat="36.8286296" lon="138.2628677">
        <ele>1010.9508746200135</ele>
      </trkpt>
      <trkpt lat="36.8286417" lon="138.2628701">
        <ele>1011.4690387508426</ele>
      </trkpt>
      <trkpt lat="36.8286532" lon="138.2628728">
        <ele>1011.9540672602011</ele>
      </trkpt>
      <trkpt lat="36.8286648" lon="138.2628755">
        <ele>1012.4461437212897</ele>
      </trkpt>
      <trkpt lat="36.8286753" lon="138.2628773">
        <ele>1012.9061832926101</ele>
      </trkpt>
      <trkpt lat="36.8286858" lon="138.2628792">
        <ele>1013.3628761215355</ele>
      </trkpt>
      <trkpt lat="36.8286956" lon="138.2628799">
        <ele>1013.8104201583996</ele>
      </trkpt>
      <trkpt lat="36.8287055" lon="138.2628806">
        <ele>1014.262210793268</ele>
      </trkpt>
      <trkpt lat="36.8287149" lon="138.2628807">
        <ele>1014.7029644822122</ele>
      </trkpt>
      <trkpt lat="36.8287243" lon="138.2628808">
        <ele>1015.1436544601952</ele>
      </trkpt>
      <trkpt lat="36.8287324" lon="138.262881">
        <ele>1015.5142268251963</ele>
      </trkpt>
      <trkpt lat="36.8287406" lon="138.2628813">
        <ele>1015.8737295963845</ele>
      </trkpt>
      <trkpt lat="36.8287473" lon="138.2628811">
        <ele>1016.177394049379</ele>
      </trkpt>
      <trkpt lat="36.8287541" lon="138.262881">
        <ele>1016.4833149629765</ele>
      </trkpt>
      <trkpt lat="36.8287604" lon="138.262881">
        <ele>1016.7646631831429</ele>
      </trkpt>
      <trkpt lat="36.8287667" lon="138.2628811">
        <ele>1017.0437350324688</ele>
      </trkpt>
      <trkpt lat="36.8287731" lon="138.2628802">
        <ele>1017.3501235348513</ele>
      </trkpt>
      <trkpt lat="36.8287796" lon="138.2628793">
        <ele>1017.6611761558406</ele>
      </trkpt>
      <trkpt lat="36.8287856" lon="138.262876">
        <ele>1018.0054786831694</ele>
      </trkpt>
      <trkpt lat="36.8287917" lon="138.2628728">
        <ele>1018.3526139243489</ele>
      </trkpt>
      <trkpt lat="36.8287972" lon="138.2628685">
        <ele>1018.6991094892068</ele>
      </trkpt>
      <trkpt lat="36.8288028" lon="138.2628643">
        <ele>1019.0485639385139</ele>
      </trkpt>
      <trkpt lat="36.8288086" lon="138.2628593">
        <ele>1019.4265983452998</ele>
      </trkpt>
      <trkpt lat="36.8288144" lon="138.2628543">
        <ele>1019.8056163728111</ele>
      </trkpt>
      <trkpt lat="36.8288197" lon="138.2628485">
        <ele>1020.1860686700563</ele>
      </trkpt>
      <trkpt lat="36.8288251" lon="138.2628428">
        <ele>1020.5691922497941</ele>
      </trkpt>
      <trkpt lat="36.8288284" lon="138.2628349">
        <ele>1020.9113849159104</ele>
      </trkpt>
      <trkpt lat="36.8288318" lon="138.2628271">
        <ele>1021.2556431891403</ele>
      </trkpt>
      <trkpt lat="36.8288325" lon="138.262818">
        <ele>1021.5098767722034</ele>
      </trkpt>
      <trkpt lat="36.8288333" lon="138.2628089">
        <ele>1021.7686226317201</ele>
      </trkpt>
      <trkpt lat="36.8288326" lon="138.2627999">
        <ele>1021.9572376464502</ele>
      </trkpt>
      <trkpt lat="36.8288319" lon="138.2627909">
        <ele>1022.1458526621582</ele>
      </trkpt>
      <trkpt lat="36.8288307" lon="138.2627832">
        <ele>1022.2800994832542</ele>
      </trkpt>
      <trkpt lat="36.8288295" lon="138.2627755">
        <ele>1022.414346305794</ele>
      </trkpt>
      <trkpt lat="36.8288268" lon="138.2627697">
        <ele>1022.4344220961453</ele>
      </trkpt>
      <trkpt lat="36.8288242" lon="138.2627639">
        <ele>1022.4624146080564</ele>
      </trkpt>
      <trkpt lat="36.8288203" lon="138.2627599">
        <ele>1022.3867581249842</ele>
      </trkpt>
      <trkpt lat="36.8288165" lon="138.2627559">
        <ele>1022.3145960421587</ele>
      </trkpt>
      <trkpt lat="36.8288119" lon="138.262753">
        <ele>1022.1774566506933</ele>
      </trkpt>
      <trkpt lat="36.8288073" lon="138.2627502">
        <ele>1022.0369355227872</ele>
      </trkpt>
      <trkpt lat="36.8288016" lon="138.2627469">
        <ele>1021.8574323775097</ele>
      </trkpt>
      <trkpt lat="36.828796" lon="138.2627437">
        <ele>1021.6737660201741</ele>
      </trkpt>
      <trkpt lat="36.828789" lon="138.2627396">
        <ele>1021.4378424899662</ele>
      </trkpt>
      <trkpt lat="36.8287821" lon="138.2627356">
        <ele>1021.2042757002413</ele>
      </trkpt>
      <trkpt lat="36.8287743" lon="138.2627302">
        <ele>1020.9617319242805</ele>
      </trkpt>
      <trkpt lat="36.8287665" lon="138.2627248">
        <ele>1020.7191881859683</ele>
      </trkpt>
      <trkpt lat="36.8287583" lon="138.2627178">
        <ele>1020.4965777714278</ele>
      </trkpt>
      <trkpt lat="36.8287501" lon="138.2627109">
        <ele>1020.2715207214007</ele>
      </trkpt>
      <trkpt lat="36.828743" lon="138.2627016">
        <ele>1020.1580212268751</ele>
      </trkpt>
      <trkpt lat="36.8287359" lon="138.2626924">
        <ele>1020.0420750847788</ele>
      </trkpt>
      <trkpt lat="36.8287313" lon="138.2626806">
        <ele>1020.1098640120754</ele>
      </trkpt>
      <trkpt lat="36.8287267" lon="138.2626689">
        <ele>1020.1707560849843</ele>
      </trkpt>
      <trkpt lat="36.8287237" lon="138.2626568">
        <ele>1020.3183357528877</ele>
      </trkpt>
      <trkpt lat="36.8287207" lon="138.2626447">
        <ele>1020.4659154281022</ele>
      </trkpt>
      <trkpt lat="36.8287185" lon="138.2626325">
        <ele>1020.6555333257191</ele>
      </trkpt>
      <trkpt lat="36.8287163" lon="138.2626204">
        <ele>1020.8427045497581</ele>
      </trkpt>
      <trkpt lat="36.8287158" lon="138.262608">
        <ele>1021.1213478273717</ele>
      </trkpt>
      <trkpt lat="36.8287154" lon="138.2625957">
        <ele>1021.4038932071611</ele>
      </trkpt>
      <trkpt lat="36.8287146" lon="138.2625836">
        <ele>1021.6995364403483</ele>
      </trkpt>
      <trkpt lat="36.8287138" lon="138.2625715">
        <ele>1021.9948513551712</ele>
      </trkpt>
      <trkpt lat="36.8287114" lon="138.262559">
        <ele>1022.220718868868</ele>
      </trkpt>
      <trkpt lat="36.828709" lon="138.2625466">
        <ele>1022.4428077824117</ele>
      </trkpt>
      <trkpt lat="36.8287055" lon="138.2625354">
        <ele>1022.5752318687947</ele>
      </trkpt>
      <trkpt lat="36.8287021" lon="138.2625243">
        <ele>1022.708647945189</ele>
      </trkpt>
      <trkpt lat="36.8287002" lon="138.2625138">
        <ele>1022.900650712319</ele>
      </trkpt>
      <trkpt lat="36.8286983" lon="138.2625034">
        <ele>1023.105311315373</ele>
      </trkpt>
      <trkpt lat="36.8286981" lon="138.2624922">
        <ele>1023.4283682132393</ele>
      </trkpt>
      <trkpt lat="36.828698" lon="138.2624811">
        <ele>1023.7535178715813</ele>
      </trkpt>
      <trkpt lat="36.8286991" lon="138.2624691">
        <ele>1024.1673798074644</ele>
      </trkpt>
      <trkpt lat="36.8287002" lon="138.2624572">
        <ele>1024.5787102705772</ele>
      </trkpt>
      <trkpt lat="36.828702" lon="138.262446">
        <ele>1025.0060421868666</ele>
      </trkpt>
      <trkpt lat="36.8287038" lon="138.2624349">
        <ele>1025.4310725943278</ele>
      </trkpt>
      <trkpt lat="36.828706" lon="138.2624241">
        <ele>1025.8692082911964</ele>
      </trkpt>
      <trkpt lat="36.8287082" lon="138.2624133">
        <ele>1026.3203028690507</ele>
      </trkpt>
      <trkpt lat="36.8287092" lon="138.2624022">
        <ele>1026.718208429893</ele>
      </trkpt>
      <trkpt lat="36.8287103" lon="138.2623912">
        <ele>1027.1186742979535</ele>
      </trkpt>
      <trkpt lat="36.82871" lon="138.2623793">
        <ele>1027.4731495132787</ele>
      </trkpt>
      <trkpt lat="36.8287097" lon="138.2623674">
        <ele>1027.82750364396</ele>
      </trkpt>
      <trkpt lat="36.8287078" lon="138.2623547">
        <ele>1028.120893015135</ele>
      </trkpt>
      <trkpt lat="36.8287059" lon="138.262342">
        <ele>1028.413463967366</ele>
      </trkpt>
      <trkpt lat="36.8287022" lon="138.2623292">
        <ele>1028.6110894890796</ele>
      </trkpt>
      <trkpt lat="36.8286986" lon="138.2623165">
        <ele>1028.8094390505812</ele>
      </trkpt>
      <trkpt lat="36.8286971" lon="138.262305">
        <ele>1029.083491307649</ele>
      </trkpt>
      <trkpt lat="36.8286957" lon="138.2622936">
        <ele>1029.3593325967286</ele>
      </trkpt>
      <trkpt lat="36.828699" lon="138.2622873">
        <ele>1029.7344784756306</ele>
      </trkpt>
      <trkpt lat="36.8287024" lon="138.262281">
        <ele>1030.1158128566983</ele>
      </trkpt>
      <trkpt lat="36.8287093" lon="138.2622786">
        <ele>1030.5688315781024</ele>
      </trkpt>
      <trkpt lat="36.8287163" lon="138.2622762">
        <ele>1031.0279035017186</ele>
      </trkpt>
      <trkpt lat="36.8287247" lon="138.2622753">
        <ele>1031.517424711467</ele>
      </trkpt>
      <trkpt lat="36.8287331" lon="138.2622744">
        <ele>1031.9936278517825</ele>
      </trkpt>
      <trkpt lat="36.8287421" lon="138.2622743">
        <ele>1032.4552786615448</ele>
      </trkpt>
      <trkpt lat="36.8287511" lon="138.2622743">
        <ele>1032.9137837989026</ele>
      </trkpt>
      <trkpt lat="36.8287602" lon="138.2622746">
        <ele>1033.367946309224</ele>
      </trkpt>
      <trkpt lat="36.8287693" lon="138.262275">
        <ele>1033.818963145884</ele>
      </trkpt>
      <trkpt lat="36.8287783" lon="138.2622753">
        <ele>1034.2680312614425</ele>
      </trkpt>
      <trkpt lat="36.8287873" lon="138.2622756">
        <ele>1034.7170994320422</ele>
      </trkpt>
      <trkpt lat="36.8287965" lon="138.262275">
        <ele>1035.2046682185498</ele>
      </trkpt>
      <trkpt lat="36.8288057" lon="138.2622745">
        <ele>1035.6864089179403</ele>
      </trkpt>
      <trkpt lat="36.8288149" lon="138.2622739">
        <ele>1036.1707611853149</ele>
      </trkpt>
      <trkpt lat="36.8288241" lon="138.2622734">
        <ele>1036.6521114321215</ele>
      </trkpt>
      <trkpt lat="36.8288328" lon="138.2622746">
        <ele>1037.0538467133547</ele>
      </trkpt>
      <trkpt lat="36.8288415" lon="138.2622758">
        <ele>1037.4552279471116</ele>
      </trkpt>
      <trkpt lat="36.8288499" lon="138.2622781">
        <ele>1037.8055311269266</ele>
      </trkpt>
      <trkpt lat="36.8288583" lon="138.2622804">
        <ele>1038.1551790721107</ele>
      </trkpt>
      <trkpt lat="36.8288669" lon="138.262283">
        <ele>1038.5044737706078</ele>
      </trkpt>
      <trkpt lat="36.8288756" lon="138.2622857">
        <ele>1038.8100756917618</ele>
      </trkpt>
      <trkpt lat="36.8288858" lon="138.2622886">
        <ele>1039.1757234642055</ele>
      </trkpt>
      <trkpt lat="36.8288961" lon="138.2622916">
        <ele>1039.5426213437695</ele>
      </trkpt>
      <trkpt lat="36.8289076" lon="138.2622932">
        <ele>1040.0093379844452</ele>
      </trkpt>
      <trkpt lat="36.8289192" lon="138.2622949">
        <ele>1040.4773047475385</ele>
      </trkpt>
      <trkpt lat="36.8289301" lon="138.2622976">
        <ele>1040.881063240162</ele>
      </trkpt>
      <trkpt lat="36.8289411" lon="138.2623004">
        <ele>1041.2826421860987</ele>
      </trkpt>
      <trkpt lat="36.8289516" lon="138.2623031">
        <ele>1041.6622656773302</ele>
      </trkpt>
      <trkpt lat="36.8289621" lon="138.2623058">
        <ele>1042.0428507914908</ele>
      </trkpt>
      <trkpt lat="36.8289727" lon="138.2623069">
        <ele>1042.480053546122</ele>
      </trkpt>
      <trkpt lat="36.8289833" lon="138.262308">
        <ele>1042.9176518444801</ele>
      </trkpt>
      <trkpt lat="36.8289934" lon="138.2623079">
        <ele>1043.371309593358</ele>
      </trkpt>
      <trkpt lat="36.8290036" lon="138.2623078">
        <ele>1043.829393134671</ele>
      </trkpt>
      <trkpt lat="36.8290141" lon="138.2623065">
        <ele>1044.3017345041978</ele>
      </trkpt>
      <trkpt lat="36.8290247" lon="138.2623052">
        <ele>1044.7746442378043</ele>
      </trkpt>
      <trkpt lat="36.8290349" lon="138.2623032">
        <ele>1045.2532716600235</ele>
      </trkpt>
      <trkpt lat="36.8290451" lon="138.2623012">
        <ele>1045.7318991382617</ele>
      </trkpt>
      <trkpt lat="36.8290549" lon="138.2622988">
        <ele>1046.2068071150231</ele>
      </trkpt>
      <trkpt lat="36.8290648" lon="138.2622965">
        <ele>1046.6826450303208</ele>
      </trkpt>
      <trkpt lat="36.8290751" lon="138.2622951">
        <ele>1047.1450811871555</ele>
      </trkpt>
      <trkpt lat="36.8290854" lon="138.2622938">
        <ele>1047.5978907003791</ele>
      </trkpt>
      <trkpt lat="36.8290969" lon="138.262292">
        <ele>1048.1137424143249</ele>
      </trkpt>
      <trkpt lat="36.8291084" lon="138.2622903">
        <ele>1048.6258060494838</ele>
      </trkpt>
      <trkpt lat="36.8291208" lon="138.2622884">
        <ele>1049.1792535861136</ele>
      </trkpt>
      <trkpt lat="36.8291333" lon="138.2622866">
        <ele>1049.7328454796116</ele>
      </trkpt>
      <trkpt lat="36.8291462" lon="138.2622847">
        <ele>1050.2983962746082</ele>
      </trkpt>
      <trkpt lat="36.8291592" lon="138.2622829">
        <ele>1050.8514115951994</ele>
      </trkpt>
      <trkpt lat="36.8291728" lon="138.2622802">
        <ele>1051.4534198434635</ele>
      </trkpt>
      <trkpt lat="36.8291864" lon="138.2622775">
        <ele>1052.0541827335076</ele>
      </trkpt>
      <trkpt lat="36.8291975" lon="138.2622736">
        <ele>1052.5933745810466</ele>
      </trkpt>
      <trkpt lat="36.8292087" lon="138.2622697">
        <ele>1053.1349113576111</ele>
      </trkpt>
      <trkpt lat="36.8292174" lon="138.2622647">
        <ele>1053.6215909344157</ele>
      </trkpt>
      <trkpt lat="36.8292262" lon="138.2622597">
        <ele>1054.1135258762458</ele>
      </trkpt>
      <trkpt lat="36.8292326" lon="138.2622539">
        <ele>1054.5325732415783</ele>
      </trkpt>
      <trkpt lat="36.8292391" lon="138.2622482">
        <ele>1054.9514192904262</ele>
      </trkpt>
      <trkpt lat="36.8292448" lon="138.2622413">
        <ele>1055.3719648757249</ele>
      </trkpt>
      <trkpt lat="36.8292505" lon="138.2622344">
        <ele>1055.791176503013</ele>
      </trkpt>
      <trkpt lat="36.8292566" lon="138.2622272">
        <ele>1056.2331069604468</ele>
      </trkpt>
      <trkpt lat="36.8292628" lon="138.2622201">
        <ele>1056.6745980016078</ele>
      </trkpt>
      <trkpt lat="36.829268" lon="138.2622133">
        <ele>1057.0675242069685</ele>
      </trkpt>
      <trkpt lat="36.8292733" lon="138.2622066">
        <ele>1057.4602962335628</ele>
      </trkpt>
      <trkpt lat="36.8292762" lon="138.2621985">
        <ele>1057.7989163930736</ele>
      </trkpt>
      <trkpt lat="36.8292792" lon="138.2621905">
        <ele>1058.1377676668924</ele>
      </trkpt>
      <trkpt lat="36.8292803" lon="138.2621815">
        <ele>1058.4299137069663</ele>
      </trkpt>
      <trkpt lat="36.8292814" lon="138.2621725">
        <ele>1058.7215534700986</ele>
      </trkpt>
      <trkpt lat="36.829283" lon="138.2621627">
        <ele>1059.0486265394381</ele>
      </trkpt>
      <trkpt lat="36.8292846" lon="138.2621529">
        <ele>1059.3694598573736</ele>
      </trkpt>
      <trkpt lat="36.8292881" lon="138.2621455">
        <ele>1059.6951206657113</ele>
      </trkpt>
      <trkpt lat="36.8292917" lon="138.2621381">
        <ele>1060.0244204364726</ele>
      </trkpt>
      <trkpt lat="36.829297" lon="138.2621338">
        <ele>1060.3325119409951</ele>
      </trkpt>
      <trkpt lat="36.8293024" lon="138.2621296">
        <ele>1060.6415627205752</ele>
      </trkpt>
      <trkpt lat="36.829308" lon="138.2621273">
        <ele>1060.9069772356197</ele>
      </trkpt>
      <trkpt lat="36.8293137" lon="138.262125">
        <ele>1061.176030724147</ele>
      </trkpt>
      <trkpt lat="36.8293195" lon="138.2621234">
        <ele>1061.4299653233966</ele>
      </trkpt>
      <trkpt lat="36.8293253" lon="138.2621218">
        <ele>1061.6838999405975</ele>
      </trkpt>
      <trkpt lat="36.829332" lon="138.2621203">
        <ele>1061.9679054957357</ele>
      </trkpt>
      <trkpt lat="36.8293388" lon="138.2621189">
        <ele>1062.2528703364083</ele>
      </trkpt>
      <trkpt lat="36.829346" lon="138.2621182">
        <ele>1062.5336331716746</ele>
      </trkpt>
      <trkpt lat="36.8293532" lon="138.2621176">
        <ele>1062.814919818845</ele>
      </trkpt>
      <trkpt lat="36.8293609" lon="138.2621181">
        <ele>1063.0865906232207</ele>
      </trkpt>
      <trkpt lat="36.8293686" lon="138.2621187">
        <ele>1063.355747249068</ele>
      </trkpt>
      <trkpt lat="36.8293776" lon="138.2621225">
        <ele>1063.5890633677311</ele>
      </trkpt>
      <trkpt lat="36.8293867" lon="138.2621264">
        <ele>1063.824640947521</ele>
      </trkpt>
      <trkpt lat="36.8293977" lon="138.2621331">
        <ele>1064.059474054385</ele>
      </trkpt>
      <trkpt lat="36.8294087" lon="138.2621398">
        <ele>1064.2968069446815</ele>
      </trkpt>
      <trkpt lat="36.8294197" lon="138.2621462">
        <ele>1064.5443140123352</ele>
      </trkpt>
      <trkpt lat="36.8294308" lon="138.2621527">
        <ele>1064.7954297678552</ele>
      </trkpt>
      <trkpt lat="36.8294413" lon="138.2621567">
        <ele>1065.0894022329885</ele>
      </trkpt>
      <trkpt lat="36.8294518" lon="138.2621607">
        <ele>1065.3847992885487</ele>
      </trkpt>
      <trkpt lat="36.8294609" lon="138.2621635">
        <ele>1065.65855081131</ele>
      </trkpt>
      <trkpt lat="36.82947" lon="138.2621664">
        <ele>1065.9306937676238</ele>
      </trkpt>
      <trkpt lat="36.8294775" lon="138.262171">
        <ele>1066.0924605165146</ele>
      </trkpt>
      <trkpt lat="36.829485" lon="138.2621757">
        <ele>1066.2503541264218</ele>
      </trkpt>
      <trkpt lat="36.8294922" lon="138.2621816">
        <ele>1066.3647378642115</ele>
      </trkpt>
      <trkpt lat="36.8294995" lon="138.2621875">
        <ele>1066.4829061487226</ele>
      </trkpt>
      <trkpt lat="36.8295075" lon="138.2621926">
        <ele>1066.6490036878274</ele>
      </trkpt>
      <trkpt lat="36.8295155" lon="138.2621978">
        <ele>1066.8124215624298</ele>
      </trkpt>
      <trkpt lat="36.8295234" lon="138.262202">
        <ele>1066.9988518860196</ele>
      </trkpt>
      <trkpt lat="36.8295314" lon="138.2622062">
        <ele>1067.1890667669481</ele>
      </trkpt>
      <trkpt lat="36.829538" lon="138.26221">
        <ele>1067.3370170905262</ele>
      </trkpt>
      <trkpt lat="36.8295446" lon="138.2622139">
        <ele>1067.48228774299</ele>
      </trkpt>
      <trkpt lat="36.8295507" lon="138.2622179">
        <ele>1067.6059560881936</ele>
      </trkpt>
      <trkpt lat="36.8295568" lon="138.262222">
        <ele>1067.7216451834774</ele>
      </trkpt>
      <trkpt lat="36.8295638" lon="138.2622256">
        <ele>1067.8768376830142</ele>
      </trkpt>
      <trkpt lat="36.8295708" lon="138.2622292">
        <ele>1068.0328849285524</ele>
      </trkpt>
      <trkpt lat="36.8295781" lon="138.2622317">
        <ele>1068.2296313505783</ele>
      </trkpt>
      <trkpt lat="36.8295855" lon="138.2622342">
        <ele>1068.4306042087414</ele>
      </trkpt>
      <trkpt lat="36.8295924" lon="138.2622344">
        <ele>1068.6742861778773</ele>
      </trkpt>
      <trkpt lat="36.8295993" lon="138.2622347">
        <ele>1068.9154118994825</ele>
      </trkpt>
      <trkpt lat="36.8296055" lon="138.2622329">
        <ele>1069.1857902424827</ele>
      </trkpt>
      <trkpt lat="36.8296117" lon="138.2622311">
        <ele>1069.455790081773</ele>
      </trkpt>
      <trkpt lat="36.8296168" lon="138.262227">
        <ele>1069.7450094091043</ele>
      </trkpt>
      <trkpt lat="36.8296219" lon="138.2622229">
        <ele>1070.0335195322425</ele>
      </trkpt>
      <trkpt lat="36.829626" lon="138.2622172">
        <ele>1070.3210178953448</ele>
      </trkpt>
      <trkpt lat="36.8296302" lon="138.2622116">
        <ele>1070.6084031143723</ele>
      </trkpt>
      <trkpt lat="36.8296335" lon="138.2622045">
        <ele>1070.9044604039204</ele>
      </trkpt>
      <trkpt lat="36.8296369" lon="138.2621974">
        <ele>1071.2047542085215</ele>
      </trkpt>
      <trkpt lat="36.8296398" lon="138.2621899">
        <ele>1071.4989654061358</ele>
      </trkpt>
      <trkpt lat="36.8296428" lon="138.2621824">
        <ele>1071.7973815749021</ele>
      </trkpt>
      <trkpt lat="36.8296434" lon="138.2621778">
        <ele>1071.9376970035287</ele>
      </trkpt>
      <trkpt lat="36.829644" lon="138.2621733">
        <ele>1072.0755069439165</ele>
      </trkpt>
      <trkpt lat="36.8296425" lon="138.2621651">
        <ele>1072.2321184490706</ele>
      </trkpt>
      <trkpt lat="36.829641" lon="138.262157">
        <ele>1072.3729993878449</ele>
      </trkpt>
      <trkpt lat="36.8296378" lon="138.2621497">
        <ele>1072.4371918252725</ele>
      </trkpt>
      <trkpt lat="36.8296347" lon="138.2621425">
        <ele>1072.5039725685374</ele>
      </trkpt>
      <trkpt lat="36.8296307" lon="138.2621358">
        <ele>1072.5296938740794</ele>
      </trkpt>
      <trkpt lat="36.8296268" lon="138.2621292">
        <ele>1072.5581649330768</ele>
      </trkpt>
      <trkpt lat="36.8296206" lon="138.2621228">
        <ele>1072.5032582900023</ele>
      </trkpt>
      <trkpt lat="36.8296145" lon="138.2621165">
        <ele>1072.444300815836</ele>
      </trkpt>
      <trkpt lat="36.8296069" lon="138.2621099">
        <ele>1072.3402822124774</ele>
      </trkpt>
      <trkpt lat="36.8295993" lon="138.2621034">
        <ele>1072.2338169584054</ele>
      </trkpt>
      <trkpt lat="36.8295953" lon="138.2620993">
        <ele>1072.194394276664</ele>
      </trkpt>
      <trkpt lat="36.8295913" lon="138.2620953">
        <ele>1072.1525249246513</ele>
      </trkpt>
      <trkpt lat="36.829586" lon="138.2620876">
        <ele>1072.155768300966</ele>
      </trkpt>
      <trkpt lat="36.8295807" lon="138.2620799">
        <ele>1072.156997969369</ele>
      </trkpt>
      <trkpt lat="36.8295785" lon="138.2620715">
        <ele>1072.2724507049982</ele>
      </trkpt>
      <trkpt lat="36.8295763" lon="138.2620631">
        <ele>1072.388530240693</ele>
      </trkpt>
      <trkpt lat="36.8295767" lon="138.2620552">
        <ele>1072.583439766466</ele>
      </trkpt>
      <trkpt lat="36.8295771" lon="138.2620474">
        <ele>1072.7759509139444</ele>
      </trkpt>
      <trkpt lat="36.829576" lon="138.2620407">
        <ele>1072.8917882370445</ele>
      </trkpt>
      <trkpt lat="36.829575" lon="138.262034">
        <ele>1073.0112889905529</ele>
      </trkpt>
      <trkpt lat="36.829572" lon="138.262024">
        <ele>1073.1388701057572</ele>
      </trkpt>
      <trkpt lat="36.8295691" lon="138.262014">
        <ele>1073.27084829318</ele>
      </trkpt>
      <trkpt lat="36.829566" lon="138.2620025">
        <ele>1073.4317352856285</ele>
      </trkpt>
      <trkpt lat="36.8295629" lon="138.261991">
        <ele>1073.5881609431708</ele>
      </trkpt>
      <trkpt lat="36.8295581" lon="138.2619813">
        <ele>1073.6415825962335</ele>
      </trkpt>
      <trkpt lat="36.8295533" lon="138.2619717">
        <ele>1073.6950801965966</ele>
      </trkpt>
      <trkpt lat="36.8295467" lon="138.2619631">
        <ele>1073.666066610775</ele>
      </trkpt>
      <trkpt lat="36.8295402" lon="138.2619546">
        <ele>1073.6438298084972</ele>
      </trkpt>
      <trkpt lat="36.8295328" lon="138.2619459">
        <ele>1073.6026719832853</ele>
      </trkpt>
      <trkpt lat="36.8295254" lon="138.2619372">
        <ele>1073.568065033621</ele>
      </trkpt>
      <trkpt lat="36.8295174" lon="138.2619275">
        <ele>1073.5450929417532</ele>
      </trkpt>
      <trkpt lat="36.8295094" lon="138.2619179">
        <ele>1073.527575716815</ele>
      </trkpt>
      <trkpt lat="36.8295016" lon="138.261908">
        <ele>1073.5300945908689</ele>
      </trkpt>
      <trkpt lat="36.8294938" lon="138.2618981">
        <ele>1073.5314695868874</ele>
      </trkpt>
      <trkpt lat="36.8294863" lon="138.2618888">
        <ele>1073.5323742989556</ele>
      </trkpt>
      <trkpt lat="36.8294788" lon="138.2618796">
        <ele>1073.519624595366</ele>
      </trkpt>
      <trkpt lat="36.829471" lon="138.2618709">
        <ele>1073.4895954746778</ele>
      </trkpt>
      <trkpt lat="36.8294632" lon="138.2618622">
        <ele>1073.4664713249895</ele>
      </trkpt>
      <trkpt lat="36.8294553" lon="138.2618548">
        <ele>1073.4133902077429</ele>
      </trkpt>
      <trkpt lat="36.8294475" lon="138.2618475">
        <ele>1073.366649966169</ele>
      </trkpt>
      <trkpt lat="36.8294397" lon="138.2618393">
        <ele>1073.3498171070971</ele>
      </trkpt>
      <trkpt lat="36.8294319" lon="138.2618311">
        <ele>1073.3394923796868</ele>
      </trkpt>
      <trkpt lat="36.8294243" lon="138.2618206">
        <ele>1073.3981919355833</ele>
      </trkpt>
      <trkpt lat="36.8294167" lon="138.2618101">
        <ele>1073.4468204626305</ele>
      </trkpt>
      <trkpt lat="36.8294099" lon="138.2617982">
        <ele>1073.5429017893327</ele>
      </trkpt>
      <trkpt lat="36.8294032" lon="138.2617863">
        <ele>1073.6502292056925</ele>
      </trkpt>
      <trkpt lat="36.8293989" lon="138.2617741">
        <ele>1073.844471667256</ele>
      </trkpt>
      <trkpt lat="36.8293946" lon="138.261762">
        <ele>1074.0413763634708</ele>
      </trkpt>
      <trkpt lat="36.8293915" lon="138.2617505">
        <ele>1074.2613509203616</ele>
      </trkpt>
      <trkpt lat="36.8293885" lon="138.261739">
        <ele>1074.4877245602568</ele>
      </trkpt>
      <trkpt lat="36.8293865" lon="138.2617288">
        <ele>1074.6896576443294</ele>
      </trkpt>
      <trkpt lat="36.8293845" lon="138.2617186">
        <ele>1074.8897858398182</ele>
      </trkpt>
      <trkpt lat="36.8293837" lon="138.261709">
        <ele>1075.1081784439407</ele>
      </trkpt>
      <trkpt lat="36.829383" lon="138.2616995">
        <ele>1075.3270281239902</ele>
      </trkpt>
      <trkpt lat="36.8293848" lon="138.2616875">
        <ele>1075.6757362294695</ele>
      </trkpt>
      <trkpt lat="36.8293867" lon="138.2616756">
        <ele>1076.0238740482298</ele>
      </trkpt>
      <trkpt lat="36.8293913" lon="138.2616622">
        <ele>1076.4798692113054</ele>
      </trkpt>
      <trkpt lat="36.8293959" lon="138.2616488">
        <ele>1076.9151743082527</ele>
      </trkpt>
      <trkpt lat="36.8294018" lon="138.2616347">
        <ele>1077.335848383495</ele>
      </trkpt>
      <trkpt lat="36.8294077" lon="138.2616207">
        <ele>1077.7518214384615</ele>
      </trkpt>
      <trkpt lat="36.8294143" lon="138.2616067">
        <ele>1078.1827956018283</ele>
      </trkpt>
      <trkpt lat="36.8294209" lon="138.2615928">
        <ele>1078.576042177489</ele>
      </trkpt>
      <trkpt lat="36.8294275" lon="138.2615793">
        <ele>1078.9349157877139</ele>
      </trkpt>
      <trkpt lat="36.8294342" lon="138.2615659">
        <ele>1079.2836312012814</ele>
      </trkpt>
      <trkpt lat="36.8294416" lon="138.2615524">
        <ele>1079.5894004798442</ele>
      </trkpt>
      <trkpt lat="36.8294491" lon="138.2615389">
        <ele>1079.8864671114416</ele>
      </trkpt>
      <trkpt lat="36.8294579" lon="138.2615263">
        <ele>1080.179604311466</ele>
      </trkpt>
      <trkpt lat="36.8294668" lon="138.2615138">
        <ele>1080.4615335953656</ele>
      </trkpt>
      <trkpt lat="36.8294756" lon="138.261504">
        <ele>1080.6980655303005</ele>
      </trkpt>
      <trkpt lat="36.8294844" lon="138.2614943">
        <ele>1080.9246520411282</ele>
      </trkpt>
      <trkpt lat="36.8294941" lon="138.2614872">
        <ele>1081.0861810542367</ele>
      </trkpt>
      <trkpt lat="36.8295038" lon="138.2614801">
        <ele>1081.23509771948</ele>
      </trkpt>
      <trkpt lat="36.8295146" lon="138.261476">
        <ele>1081.334075240101</ele>
      </trkpt>
      <trkpt lat="36.8295255" lon="138.261472">
        <ele>1081.4272887135132</ele>
      </trkpt>
      <trkpt lat="36.8295362" lon="138.261472">
        <ele>1081.4991153504966</ele>
      </trkpt>
      <trkpt lat="36.8295469" lon="138.2614721">
        <ele>1081.5706599980158</ele>
      </trkpt>
      <trkpt lat="36.8295563" lon="138.2614757">
        <ele>1081.6101073472903</ele>
      </trkpt>
      <trkpt lat="36.8295658" lon="138.2614794">
        <ele>1081.6014324390426</ele>
      </trkpt>
      <trkpt lat="36.8295729" lon="138.2614853">
        <ele>1081.5658077339392</ele>
      </trkpt>
      <trkpt lat="36.82958" lon="138.2614912">
        <ele>1081.5304403505156</ele>
      </trkpt>
      <trkpt lat="36.8295827" lon="138.2614946">
        <ele>1081.5112934839485</ele>
      </trkpt>
      <trkpt lat="36.8295855" lon="138.261498">
        <ele>1081.4935119295387</ele>
      </trkpt>
      <trkpt lat="36.8295898" lon="138.2615023">
        <ele>1081.4740039954604</ele>
      </trkpt>
      <trkpt lat="36.8295942" lon="138.2615067">
        <ele>1081.456639124809</ele>
      </trkpt>
      <trkpt lat="36.8295987" lon="138.2615121">
        <ele>1081.4369780096897</ele>
      </trkpt>
      <trkpt lat="36.8296033" lon="138.2615175">
        <ele>1081.4208658261996</ele>
      </trkpt>
      <trkpt lat="36.8296089" lon="138.2615267">
        <ele>1081.394140770342</ele>
      </trkpt>
      <trkpt lat="36.8296146" lon="138.2615359">
        <ele>1081.374782419592</ele>
      </trkpt>
      <trkpt lat="36.8296201" lon="138.2615476">
        <ele>1081.3524602406667</ele>
      </trkpt>
      <trkpt lat="36.8296257" lon="138.2615594">
        <ele>1081.3303644484397</ele>
      </trkpt>
      <trkpt lat="36.8296297" lon="138.2615675">
        <ele>1081.312854810686</ele>
      </trkpt>
      <trkpt lat="36.8296337" lon="138.2615756">
        <ele>1081.2836539561574</ele>
      </trkpt>
      <trkpt lat="36.8296377" lon="138.2615837">
        <ele>1081.2588488331694</ele>
      </trkpt>
      <trkpt lat="36.829643" lon="138.2615934">
        <ele>1081.2373542969608</ele>
      </trkpt>
      <trkpt lat="36.8296484" lon="138.2616031">
        <ele>1081.2233762820688</ele>
      </trkpt>
      <trkpt lat="36.8296544" lon="138.2616117">
        <ele>1081.224201244965</ele>
      </trkpt>
      <trkpt lat="36.8296604" lon="138.2616204">
        <ele>1081.2316991933344</ele>
      </trkpt>
      <trkpt lat="36.8296677" lon="138.2616297">
        <ele>1081.2539452843043</ele>
      </trkpt>
      <trkpt lat="36.829675" lon="138.261639">
        <ele>1081.285402068651</ele>
      </trkpt>
      <trkpt lat="36.8296836" lon="138.2616486">
        <ele>1081.336586745214</ele>
      </trkpt>
      <trkpt lat="36.8296922" lon="138.2616582">
        <ele>1081.3670852739224</ele>
      </trkpt>
      <trkpt lat="36.8297018" lon="138.261667">
        <ele>1081.3679201081202</ele>
      </trkpt>
      <trkpt lat="36.8297115" lon="138.2616759">
        <ele>1081.3803675715808</ele>
      </trkpt>
      <trkpt lat="36.8297219" lon="138.2616828">
        <ele>1081.4166715625158</ele>
      </trkpt>
      <trkpt lat="36.8297324" lon="138.2616897">
        <ele>1081.4634037691392</ele>
      </trkpt>
      <trkpt lat="36.8297428" lon="138.2616941">
        <ele>1081.5250935083511</ele>
      </trkpt>
      <trkpt lat="36.8297533" lon="138.2616985">
        <ele>1081.5937437187663</ele>
      </trkpt>
      <trkpt lat="36.8297615" lon="138.2617016">
        <ele>1081.6472855040083</ele>
      </trkpt>
      <trkpt lat="36.8297698" lon="138.2617047">
        <ele>1081.6782135441633</ele>
      </trkpt>
      <trkpt lat="36.8297767" lon="138.2617097">
        <ele>1081.7051259822542</ele>
      </trkpt>
      <trkpt lat="36.8297836" lon="138.2617147">
        <ele>1081.735548909192</ele>
      </trkpt>
      <trkpt lat="36.8297927" lon="138.2617225">
        <ele>1081.7816272677105</ele>
      </trkpt>
      <trkpt lat="36.8298019" lon="138.2617304">
        <ele>1081.8355675669502</ele>
      </trkpt>
      <trkpt lat="36.8298131" lon="138.2617415">
        <ele>1081.903923429687</ele>
      </trkpt>
      <trkpt lat="36.8298244" lon="138.2617527">
        <ele>1081.9690976401012</ele>
      </trkpt>
      <trkpt lat="36.8298368" lon="138.2617678">
        <ele>1082.0309382997434</ele>
      </trkpt>
      <trkpt lat="36.8298492" lon="138.2617829">
        <ele>1082.0900293122365</ele>
      </trkpt>
      <trkpt lat="36.8298635" lon="138.2618002">
        <ele>1082.1738111841032</ele>
      </trkpt>
      <trkpt lat="36.8298779" lon="138.2618176">
        <ele>1082.2751023885987</ele>
      </trkpt>
      <trkpt lat="36.8298941" lon="138.2618335">
        <ele>1082.3656569932277</ele>
      </trkpt>
      <trkpt lat="36.8299104" lon="138.2618495">
        <ele>1082.4368772458486</ele>
      </trkpt>
      <trkpt lat="36.8299269" lon="138.2618613">
        <ele>1082.5213627449148</ele>
      </trkpt>
      <trkpt lat="36.8299435" lon="138.2618731">
        <ele>1082.619660245447</ele>
      </trkpt>
      <trkpt lat="36.829959" lon="138.2618829">
        <ele>1082.7223235806507</ele>
      </trkpt>
      <trkpt lat="36.8299745" lon="138.2618928">
        <ele>1082.807008223303</ele>
      </trkpt>
      <trkpt lat="36.8299871" lon="138.2619043">
        <ele>1082.8773743590993</ele>
      </trkpt>
      <trkpt lat="36.8299998" lon="138.2619159">
        <ele>1082.9457998607504</ele>
      </trkpt>
      <trkpt lat="36.8300113" lon="138.26193">
        <ele>1083.0111853782696</ele>
      </trkpt>
      <trkpt lat="36.8300229" lon="138.2619442">
        <ele>1083.0993922790283</ele>
      </trkpt>
      <trkpt lat="36.8300374" lon="138.2619583">
        <ele>1083.225069815119</ele>
      </trkpt>
      <trkpt lat="36.830052" lon="138.2619725">
        <ele>1083.344108099855</ele>
      </trkpt>
      <trkpt lat="36.8300721" lon="138.2619822">
        <ele>1083.5062849452092</ele>
      </trkpt>
      <trkpt lat="36.8300923" lon="138.261992">
        <ele>1083.696239869101</ele>
      </trkpt>
      <trkpt lat="36.8301162" lon="138.2619961">
        <ele>1083.8369804323695</ele>
      </trkpt>
      <trkpt lat="36.8301401" lon="138.2620002">
        <ele>1083.9179466360272</ele>
      </trkpt>
      <trkpt lat="36.8301643" lon="138.2620018">
        <ele>1084.0029906734171</ele>
      </trkpt>
      <trkpt lat="36.8301886" lon="138.2620035">
        <ele>1084.0684209971694</ele>
      </trkpt>
      <trkpt lat="36.8302112" lon="138.2620091">
        <ele>1084.1478733359008</ele>
      </trkpt>
      <trkpt lat="36.8302339" lon="138.2620147">
        <ele>1084.2404478318679</ele>
      </trkpt>
      <trkpt lat="36.8302545" lon="138.2620279">
        <ele>1084.363763270752</ele>
      </trkpt>
      <trkpt lat="36.8302752" lon="138.2620412">
        <ele>1084.5075928206625</ele>
      </trkpt>
      <trkpt lat="36.8302954" lon="138.2620618">
        <ele>1084.79019024699</ele>
      </trkpt>
      <trkpt lat="36.8303156" lon="138.2620825">
        <ele>1085.1099937300937</ele>
      </trkpt>
      <trkpt lat="36.830337" lon="138.2621062">
        <ele>1085.3213222407674</ele>
      </trkpt>
      <trkpt lat="36.8303585" lon="138.2621299">
        <ele>1085.6017915871134</ele>
      </trkpt>
      <trkpt lat="36.8303813" lon="138.2621501">
        <ele>1085.9050255388145</ele>
      </trkpt>
      <trkpt lat="36.8304042" lon="138.2621704">
        <ele>1086.1552975110492</ele>
      </trkpt>
      <trkpt lat="36.8304279" lon="138.2621861">
        <ele>1086.3027587954628</ele>
      </trkpt>
      <trkpt lat="36.8304516" lon="138.2622018">
        <ele>1086.4879685081414</ele>
      </trkpt>
      <trkpt lat="36.8304746" lon="138.2622148">
        <ele>1086.6389846358022</ele>
      </trkpt>
      <trkpt lat="36.8304976" lon="138.2622279">
        <ele>1086.8317240394133</ele>
      </trkpt>
      <trkpt lat="36.8305185" lon="138.2622401">
        <ele>1087.0349211095531</ele>
      </trkpt>
      <trkpt lat="36.8305394" lon="138.2622524">
        <ele>1087.1941269199174</ele>
      </trkpt>
      <trkpt lat="36.8305607" lon="138.2622643">
        <ele>1087.2931273707545</ele>
      </trkpt>
      <trkpt lat="36.830582" lon="138.2622763">
        <ele>1087.4158264630205</ele>
      </trkpt>
      <trkpt lat="36.8306051" lon="138.2622886">
        <ele>1087.5237161602563</ele>
      </trkpt>
      <trkpt lat="36.8306282" lon="138.2623009">
        <ele>1087.6635563532095</ele>
      </trkpt>
      <trkpt lat="36.8306518" lon="138.262315">
        <ele>1087.8675174908683</ele>
      </trkpt>
      <trkpt lat="36.8306754" lon="138.2623292">
        <ele>1087.993179664304</ele>
      </trkpt>
      <trkpt lat="36.830699" lon="138.2623441">
        <ele>1088.0988138026762</ele>
      </trkpt>
      <trkpt lat="36.8307227" lon="138.2623591">
        <ele>1088.1407940627569</ele>
      </trkpt>
      <trkpt lat="36.8307459" lon="138.2623728">
        <ele>1088.1760465998148</ele>
      </trkpt>
      <trkpt lat="36.8307692" lon="138.2623865">
        <ele>1088.243447594743</ele>
      </trkpt>
      <trkpt lat="36.8307927" lon="138.2623993">
        <ele>1088.3327121192585</ele>
      </trkpt>
      <trkpt lat="36.8308163" lon="138.2624122">
        <ele>1088.4500647063483</ele>
      </trkpt>
      <trkpt lat="36.830837" lon="138.262427">
        <ele>1088.6118565211457</ele>
      </trkpt>
      <trkpt lat="36.8308577" lon="138.2624418">
        <ele>1088.6994395934921</ele>
      </trkpt>
      <trkpt lat="36.8308767" lon="138.2624564">
        <ele>1088.7731391592222</ele>
      </trkpt>
      <trkpt lat="36.8308957" lon="138.262471">
        <ele>1088.8799601118574</ele>
      </trkpt>
      <trkpt lat="36.8309158" lon="138.2624816">
        <ele>1088.987177123467</ele>
      </trkpt>
      <trkpt lat="36.830936" lon="138.2624922">
        <ele>1089.112005094847</ele>
      </trkpt>
      <trkpt lat="36.8309566" lon="138.2625019">
        <ele>1089.237146896664</ele>
      </trkpt>
      <trkpt lat="36.8309772" lon="138.2625117">
        <ele>1089.3760969883974</ele>
      </trkpt>
      <trkpt lat="36.8309973" lon="138.2625264">
        <ele>1089.4756829043542</ele>
      </trkpt>
      <trkpt lat="36.8310175" lon="138.2625412">
        <ele>1089.5981817263626</ele>
      </trkpt>
      <trkpt lat="36.8310378" lon="138.26256">
        <ele>1089.8043088840066</ele>
      </trkpt>
      <trkpt lat="36.8310582" lon="138.2625789">
        <ele>1090.0767262919285</ele>
      </trkpt>
      <trkpt lat="36.8310808" lon="138.2625953">
        <ele>1090.3571431250225</ele>
      </trkpt>
      <trkpt lat="36.8311034" lon="138.2626118">
        <ele>1090.552241788281</ele>
      </trkpt>
      <trkpt lat="36.8311285" lon="138.2626216">
        <ele>1090.7703697649388</ele>
      </trkpt>
      <trkpt lat="36.8311536" lon="138.2626314">
        <ele>1091.0020081373875</ele>
      </trkpt>
      <trkpt lat="36.8311787" lon="138.2626377">
        <ele>1091.225287795949</ele>
      </trkpt>
      <trkpt lat="36.8312038" lon="138.262644">
        <ele>1091.4721166659747</ele>
      </trkpt>
      <trkpt lat="36.8312248" lon="138.2626541">
        <ele>1091.6965082786999</ele>
      </trkpt>
      <trkpt lat="36.8312458" lon="138.2626643">
        <ele>1091.951365239955</ele>
      </trkpt>
      <trkpt lat="36.8312628" lon="138.2626805">
        <ele>1092.3222757363242</ele>
      </trkpt>
      <trkpt lat="36.8312799" lon="138.2626968">
        <ele>1092.5434876277702</ele>
      </trkpt>
      <trkpt lat="36.8312977" lon="138.2627168">
        <ele>1092.7991341479963</ele>
      </trkpt>
      <trkpt lat="36.8313155" lon="138.2627369">
        <ele>1093.1163430952447</ele>
      </trkpt>
      <trkpt lat="36.8313374" lon="138.2627565">
        <ele>1093.5194184322413</ele>
      </trkpt>
      <trkpt lat="36.8313593" lon="138.2627761">
        <ele>1093.8363833671362</ele>
      </trkpt>
      <trkpt lat="36.8313804" lon="138.2627954">
        <ele>1094.1356711098545</ele>
      </trkpt>
      <trkpt lat="36.8314015" lon="138.2628148">
        <ele>1094.5053562724436</ele>
      </trkpt>
      <trkpt lat="36.8314167" lon="138.2628367">
        <ele>1094.8971043643069</ele>
      </trkpt>
      <trkpt lat="36.831432" lon="138.2628587">
        <ele>1095.2752541931454</ele>
      </trkpt>
      <trkpt lat="36.8314426" lon="138.2628818">
        <ele>1095.5559485262986</ele>
      </trkpt>
      <trkpt lat="36.8314532" lon="138.262905">
        <ele>1095.8875066429216</ele>
      </trkpt>
      <trkpt lat="36.8314633" lon="138.2629279">
        <ele>1096.2590019726476</ele>
      </trkpt>
      <trkpt lat="36.8314734" lon="138.2629509">
        <ele>1096.6121221273797</ele>
      </trkpt>
      <trkpt lat="36.8314864" lon="138.2629734">
        <ele>1096.930475022998</ele>
      </trkpt>
      <trkpt lat="36.8314994" lon="138.2629959">
        <ele>1097.2769215230758</ele>
      </trkpt>
      <trkpt lat="36.8315168" lon="138.2630153">
        <ele>1097.7162668037752</ele>
      </trkpt>
      <trkpt lat="36.8315342" lon="138.2630348">
        <ele>1098.15906015085</ele>
      </trkpt>
      <trkpt lat="36.8315523" lon="138.2630517">
        <ele>1098.5663351177184</ele>
      </trkpt>
      <trkpt lat="36.8315704" lon="138.2630687">
        <ele>1098.9710632712683</ele>
      </trkpt>
      <trkpt lat="36.8315867" lon="138.2630847">
        <ele>1099.3873863345057</ele>
      </trkpt>
      <trkpt lat="36.8316031" lon="138.2631007">
        <ele>1099.849743236051</ele>
      </trkpt>
      <trkpt lat="36.8316179" lon="138.2631155">
        <ele>1100.2822153088055</ele>
      </trkpt>
      <trkpt lat="36.8316327" lon="138.2631304">
        <ele>1100.6587016324552</ele>
      </trkpt>
      <trkpt lat="36.8316454" lon="138.263146">
        <ele>1101.0376312183012</ele>
      </trkpt>
      <trkpt lat="36.8316582" lon="138.2631616">
        <ele>1101.4452387321728</ele>
      </trkpt>
      <trkpt lat="36.8316658" lon="138.2631757">
        <ele>1101.761794922162</ele>
      </trkpt>
      <trkpt lat="36.8316735" lon="138.2631899">
        <ele>1102.096207513501</ele>
      </trkpt>
      <trkpt lat="36.8316748" lon="138.2632004">
        <ele>1102.245300322339</ele>
      </trkpt>
      <trkpt lat="36.8316761" lon="138.263211">
        <ele>1102.3627265547127</ele>
      </trkpt>
      <trkpt lat="36.8316749" lon="138.26322">
        <ele>1102.4122767841825</ele>
      </trkpt>
      <trkpt lat="36.8316737" lon="138.2632291">
        <ele>1102.4604582226902</ele>
      </trkpt>
      <trkpt lat="36.8316761" lon="138.2632381">
        <ele>1102.5940398815142</ele>
      </trkpt>
      <trkpt lat="36.8316785" lon="138.2632472">
        <ele>1102.732895366259</ele>
      </trkpt>
      <trkpt lat="36.8316844" lon="138.2632565">
        <ele>1102.9673951485358</ele>
      </trkpt>
      <trkpt lat="36.8316904" lon="138.2632658">
        <ele>1103.185641427602</ele>
      </trkpt>
      <trkpt lat="36.8316974" lon="138.2632748">
        <ele>1103.4328483932613</ele>
      </trkpt>
      <trkpt lat="36.8317045" lon="138.2632839">
        <ele>1103.6889460972272</ele>
      </trkpt>
      <trkpt lat="36.8317109" lon="138.2632934">
        <ele>1103.9047038056842</ele>
      </trkpt>
      <trkpt lat="36.8317173" lon="138.2633029">
        <ele>1104.1307727803674</ele>
      </trkpt>
      <trkpt lat="36.8317217" lon="138.263313">
        <ele>1104.3202725375609</ele>
      </trkpt>
      <trkpt lat="36.8317262" lon="138.2633231">
        <ele>1104.5199799545985</ele>
      </trkpt>
      <trkpt lat="36.8317304" lon="138.2633331">
        <ele>1104.7182645761557</ele>
      </trkpt>
      <trkpt lat="36.8317346" lon="138.2633431">
        <ele>1104.9236721099053</ele>
      </trkpt>
      <trkpt lat="36.8317402" lon="138.2633516">
        <ele>1105.1629949034357</ele>
      </trkpt>
      <trkpt lat="36.8317458" lon="138.2633602">
        <ele>1105.4113819758472</ele>
      </trkpt>
      <trkpt lat="36.8317527" lon="138.2633649">
        <ele>1105.6651222373112</ele>
      </trkpt>
      <trkpt lat="36.8317597" lon="138.2633696">
        <ele>1105.8622438021416</ele>
      </trkpt>
      <trkpt lat="36.8317672" lon="138.2633715">
        <ele>1106.0384540988814</ele>
      </trkpt>
      <trkpt lat="36.8317748" lon="138.2633734">
        <ele>1106.219796673929</ele>
      </trkpt>
      <trkpt lat="36.8317817" lon="138.2633768">
        <ele>1106.3997622723186</ele>
      </trkpt>
      <trkpt lat="36.8317887" lon="138.2633802">
        <ele>1106.5868036855466</ele>
      </trkpt>
      <trkpt lat="36.831795" lon="138.2633857">
        <ele>1106.781201898507</ele>
      </trkpt>
      <trkpt lat="36.8318013" lon="138.2633913">
        <ele>1106.9836142608738</ele>
      </trkpt>
      <trkpt lat="36.8318068" lon="138.2633987">
        <ele>1107.1917672942475</ele>
      </trkpt>
      <trkpt lat="36.8318123" lon="138.2634061">
        <ele>1107.4082032689207</ele>
      </trkpt>
      <trkpt lat="36.8318174" lon="138.2634145">
        <ele>1107.6336239383452</ele>
      </trkpt>
      <trkpt lat="36.8318226" lon="138.2634229">
        <ele>1107.8624257966703</ele>
      </trkpt>
      <trkpt lat="36.8318273" lon="138.2634309">
        <ele>1108.0618093746366</ele>
      </trkpt>
      <trkpt lat="36.831832" lon="138.2634389">
        <ele>1108.2688450066398</ele>
      </trkpt>
      <trkpt lat="36.8318376" lon="138.2634462">
        <ele>1108.4957907863309</ele>
      </trkpt>
      <trkpt lat="36.8318433" lon="138.2634535">
        <ele>1108.7335211779991</ele>
      </trkpt>
      <trkpt lat="36.8318504" lon="138.2634598">
        <ele>1108.9854988318832</ele>
      </trkpt>
      <trkpt lat="36.8318576" lon="138.2634662">
        <ele>1109.2463414571735</ele>
      </trkpt>
      <trkpt lat="36.8318657" lon="138.2634714">
        <ele>1109.5229446613048</ele>
      </trkpt>
      <trkpt lat="36.8318739" lon="138.2634767">
        <ele>1109.8107324964406</ele>
      </trkpt>
      <trkpt lat="36.8318815" lon="138.2634817">
        <ele>1110.0853112715422</ele>
      </trkpt>
      <trkpt lat="36.8318892" lon="138.2634868">
        <ele>1110.3705913370945</ele>
      </trkpt>
      <trkpt lat="36.8318962" lon="138.263493">
        <ele>1110.6002758651182</ele>
      </trkpt>
      <trkpt lat="36.8319032" lon="138.2634992">
        <ele>1110.8319269623116</ele>
      </trkpt>
      <trkpt lat="36.8319102" lon="138.2635056">
        <ele>1111.0758525972753</ele>
      </trkpt>
      <trkpt lat="36.8319173" lon="138.2635121">
        <ele>1111.3327302545258</ele>
      </trkpt>
      <trkpt lat="36.8319248" lon="138.2635184">
        <ele>1111.60369488838</ele>
      </trkpt>
      <trkpt lat="36.8319323" lon="138.2635248">
        <ele>1111.886221418773</ele>
      </trkpt>
      <trkpt lat="36.8319402" lon="138.2635319">
        <ele>1112.2016477429447</ele>
      </trkpt>
      <trkpt lat="36.8319481" lon="138.2635391">
        <ele>1112.5305957897285</ele>
      </trkpt>
      <trkpt lat="36.8319553" lon="138.2635478">
        <ele>1112.8607599971945</ele>
      </trkpt>
      <trkpt lat="36.8319626" lon="138.2635565">
        <ele>1113.1788572051023</ele>
      </trkpt>
      <trkpt lat="36.8319692" lon="138.2635653">
        <ele>1113.4785706259538</ele>
      </trkpt>
      <trkpt lat="36.8319758" lon="138.2635742">
        <ele>1113.7921430954984</ele>
      </trkpt>
      <trkpt lat="36.8319833" lon="138.2635824">
        <ele>1114.1225057765525</ele>
      </trkpt>
      <trkpt lat="36.8319909" lon="138.2635907">
        <ele>1114.4698360974214</ele>
      </trkpt>
      <trkpt lat="36.8319992" lon="138.2635988">
        <ele>1114.8418604522806</ele>
      </trkpt>
      <trkpt lat="36.8320076" lon="138.2636069">
        <ele>1115.2299917454852</ele>
      </trkpt>
      <trkpt lat="36.8320157" lon="138.2636159">
        <ele>1115.6464538960345</ele>
      </trkpt>
      <trkpt lat="36.8320238" lon="138.263625">
        <ele>1116.0802795971965</ele>
      </trkpt>
      <trkpt lat="36.8320315" lon="138.2636345">
        <ele>1116.4719502131666</ele>
      </trkpt>
      <trkpt lat="36.8320392" lon="138.2636441">
        <ele>1116.8453120953243</ele>
      </trkpt>
      <trkpt lat="36.8320465" lon="138.263652">
        <ele>1117.180907833061</ele>
      </trkpt>
      <trkpt lat="36.8320538" lon="138.26366">
        <ele>1117.5288388525828</ele>
      </trkpt>
      <trkpt lat="36.8320612" lon="138.2636652">
        <ele>1117.8154848345762</ele>
      </trkpt>
      <trkpt lat="36.8320686" lon="138.2636704">
        <ele>1118.108656798101</ele>
      </trkpt>
      <trkpt lat="36.8320761" lon="138.2636752">
        <ele>1118.3995456742102</ele>
      </trkpt>
      <trkpt lat="36.8320836" lon="138.2636801">
        <ele>1118.6993474385072</ele>
      </trkpt>
      <trkpt lat="36.8320895" lon="138.2636868">
        <ele>1119.0208775983444</ele>
      </trkpt>
      <trkpt lat="36.8320955" lon="138.2636936">
        <ele>1119.3543385228118</ele>
      </trkpt>
      <trkpt lat="36.8321009" lon="138.263701">
        <ele>1119.667885766382</ele>
      </trkpt>
      <trkpt lat="36.8321063" lon="138.2637084">
        <ele>1119.987647096887</ele>
      </trkpt>
      <trkpt lat="36.8321125" lon="138.2637153">
        <ele>1120.3110472849412</ele>
      </trkpt>
      <trkpt lat="36.8321188" lon="138.2637223">
        <ele>1120.6413275863122</ele>
      </trkpt>
      <trkpt lat="36.8321256" lon="138.2637278">
        <ele>1120.943578105177</ele>
      </trkpt>
      <trkpt lat="36.8321325" lon="138.2637333">
        <ele>1121.2542449954224</ele>
      </trkpt>
      <trkpt lat="36.8321391" lon="138.2637374">
        <ele>1121.520724900921</ele>
      </trkpt>
      <trkpt lat="36.8321457" lon="138.2637415">
        <ele>1121.7917940329107</ele>
      </trkpt>
      <trkpt lat="36.8321514" lon="138.2637455">
        <ele>1122.0445858762314</ele>
      </trkpt>
      <trkpt lat="36.8321571" lon="138.2637496">
        <ele>1122.3045587150777</ele>
      </trkpt>
      <trkpt lat="36.8321617" lon="138.2637538">
        <ele>1122.5471363851625</ele>
      </trkpt>
      <trkpt lat="36.8321663" lon="138.2637581">
        <ele>1122.7801457898813</ele>
      </trkpt>
      <trkpt lat="36.8321702" lon="138.2637631">
        <ele>1123.0007431357608</ele>
      </trkpt>
      <trkpt lat="36.8321742" lon="138.2637682">
        <ele>1123.2294565044622</ele>
      </trkpt>
      <trkpt lat="36.832177" lon="138.2637749">
        <ele>1123.5006319921872</ele>
      </trkpt>
      <trkpt lat="36.8321799" lon="138.2637816">
        <ele>1123.776453235037</ele>
      </trkpt>
      <trkpt lat="36.8321816" lon="138.2637888">
        <ele>1124.0549278800286</ele>
      </trkpt>
      <trkpt lat="36.8321834" lon="138.2637961">
        <ele>1124.3406018949777</ele>
      </trkpt>
      <trkpt lat="36.8321859" lon="138.2638033">
        <ele>1124.6235799856515</ele>
      </trkpt>
      <trkpt lat="36.8321884" lon="138.2638106">
        <ele>1124.909089311098</ele>
      </trkpt>
      <trkpt lat="36.8321925" lon="138.2638173">
        <ele>1125.2057569929148</ele>
      </trkpt>
      <trkpt lat="36.8321967" lon="138.2638241">
        <ele>1125.5123241595052</ele>
      </trkpt>
      <trkpt lat="36.8322029" lon="138.2638291">
        <ele>1125.7989265529259</ele>
      </trkpt>
      <trkpt lat="36.8322092" lon="138.2638341">
        <ele>1126.0926957248976</ele>
      </trkpt>
      <trkpt lat="36.8322159" lon="138.2638365">
        <ele>1126.3065384539814</ele>
      </trkpt>
      <trkpt lat="36.8322226" lon="138.2638389">
        <ele>1126.523108264816</ele>
      </trkpt>
      <trkpt lat="36.8322293" lon="138.2638403">
        <ele>1126.7054705448495</ele>
      </trkpt>
      <trkpt lat="36.832236" lon="138.2638418">
        <ele>1126.8742862820673</ele>
      </trkpt>
      <trkpt lat="36.8322417" lon="138.2638438">
        <ele>1127.0213277530602</ele>
      </trkpt>
      <trkpt lat="36.8322474" lon="138.2638459">
        <ele>1127.1741495478418</ele>
      </trkpt>
      <trkpt lat="36.8322501" lon="138.2638483">
        <ele>1127.3016287999294</ele>
      </trkpt>
      <trkpt lat="36.8322528" lon="138.2638508">
        <ele>1127.4340997588706</ele>
      </trkpt>
      <trkpt lat="36.8322572" lon="138.2638576">
        <ele>1127.7595613305587</ele>
      </trkpt>
      <trkpt lat="36.8322616" lon="138.2638645">
        <ele>1128.0940645208898</ele>
      </trkpt>
      <trkpt lat="36.8322659" lon="138.2638713">
        <ele>1128.4282149466287</ele>
      </trkpt>
      <trkpt lat="36.8322702" lon="138.2638781">
        <ele>1128.7673243103368</ele>
      </trkpt>
      <trkpt lat="36.8322741" lon="138.2638839">
        <ele>1129.0629153041464</ele>
      </trkpt>
      <trkpt lat="36.8322781" lon="138.2638897">
        <ele>1129.3406002214992</ele>
      </trkpt>
      <trkpt lat="36.8322816" lon="138.2638951">
        <ele>1129.598200089452</ele>
      </trkpt>
      <trkpt lat="36.8322851" lon="138.2639006">
        <ele>1129.8620936579039</ele>
      </trkpt>
      <trkpt lat="36.832287" lon="138.2639046">
        <ele>1130.0444017372618</ele>
      </trkpt>
      <trkpt lat="36.8322889" lon="138.2639086">
        <ele>1130.2277409520618</ele>
      </trkpt>
      <trkpt lat="36.8322904" lon="138.2639134">
        <ele>1130.4350424089353</ele>
      </trkpt>
      <trkpt lat="36.832292" lon="138.2639183">
        <ele>1130.6489329548929</ele>
      </trkpt>
      <trkpt lat="36.8322943" lon="138.263927">
        <ele>1131.0210665619582</ele>
      </trkpt>
      <trkpt lat="36.8322966" lon="138.2639357">
        <ele>1131.3959150354447</ele>
      </trkpt>
      <trkpt lat="36.8322984" lon="138.2639432">
        <ele>1131.7175738966127</ele>
      </trkpt>
      <trkpt lat="36.8323003" lon="138.2639508">
        <ele>1132.0469533819419</ele>
      </trkpt>
      <trkpt lat="36.8323116" lon="138.2639835">
        <ele>1133.4442379066613</ele>
      </trkpt>
      <trkpt lat="36.8323181" lon="138.2640034">
        <ele>1134.2828872114783</ele>
      </trkpt>
      <trkpt lat="36.8323246" lon="138.2640233">
        <ele>1135.14347355041</ele>
      </trkpt>
      <trkpt lat="36.8323278" lon="138.2640362">
        <ele>1135.6940425023763</ele>
      </trkpt>
      <trkpt lat="36.8323311" lon="138.2640491">
        <ele>1136.253598037858</ele>
      </trkpt>
      <trkpt lat="36.832333" lon="138.2640605">
        <ele>1136.705113704654</ele>
      </trkpt>
      <trkpt lat="36.832335" lon="138.2640719">
        <ele>1137.1304317274476</ele>
      </trkpt>
      <trkpt lat="36.8323365" lon="138.2640825">
        <ele>1137.5217395082577</ele>
      </trkpt>
      <trkpt lat="36.8323381" lon="138.2640931">
        <ele>1137.9187061747496</ele>
      </trkpt>
      <trkpt lat="36.8323396" lon="138.2640984">
        <ele>1138.135822537513</ele>
      </trkpt>
      <trkpt lat="36.8323411" lon="138.2641038">
        <ele>1138.3579828692518</ele>
      </trkpt>
      <trkpt lat="36.8323449" lon="138.264111">
        <ele>1138.7036539476164</ele>
      </trkpt>
      <trkpt lat="36.8323488" lon="138.2641182">
        <ele>1139.057571584329</ele>
      </trkpt>
      <trkpt lat="36.8323536" lon="138.264124">
        <ele>1139.3922239060419</ele>
      </trkpt>
      <trkpt lat="36.8323584" lon="138.2641299">
        <ele>1139.7361441220892</ele>
      </trkpt>
      <trkpt lat="36.8323635" lon="138.2641376">
        <ele>1140.1601719167684</ele>
      </trkpt>
      <trkpt lat="36.8323686" lon="138.2641453">
        <ele>1140.572695403075</ele>
      </trkpt>
      <trkpt lat="36.8323723" lon="138.2641543">
        <ele>1140.9655748600258</ele>
      </trkpt>
      <trkpt lat="36.8323761" lon="138.2641634">
        <ele>1141.3537574583038</ele>
      </trkpt>
      <trkpt lat="36.8323789" lon="138.2641723">
        <ele>1141.716644109574</ele>
      </trkpt>
      <trkpt lat="36.8323818" lon="138.2641813">
        <ele>1142.0896362042429</ele>
      </trkpt>
      <trkpt lat="36.8323853" lon="138.2641896">
        <ele>1142.4589633220917</ele>
      </trkpt>
      <trkpt lat="36.8323888" lon="138.2641979">
        <ele>1142.8332171660218</ele>
      </trkpt>
      <trkpt lat="36.8323936" lon="138.2642044">
        <ele>1143.185760930669</ele>
      </trkpt>
      <trkpt lat="36.8323985" lon="138.2642109">
        <ele>1143.5463715445012</ele>
      </trkpt>
      <trkpt lat="36.8324125" lon="138.2642244">
        <ele>1144.4230773500663</ele>
      </trkpt>
      <trkpt lat="36.832419" lon="138.2642299">
        <ele>1144.7919499452612</ele>
      </trkpt>
      <trkpt lat="36.8324255" lon="138.2642355">
        <ele>1145.1523422709754</ele>
      </trkpt>
      <trkpt lat="36.8324304" lon="138.2642419">
        <ele>1145.494951056248</ele>
      </trkpt>
      <trkpt lat="36.8324354" lon="138.2642483">
        <ele>1145.8459709742478</ele>
      </trkpt>
      <trkpt lat="36.8324395" lon="138.2642572">
        <ele>1146.2527373000376</ele>
      </trkpt>
      <trkpt lat="36.8324437" lon="138.2642661">
        <ele>1146.6350465247745</ele>
      </trkpt>
      <trkpt lat="36.8324486" lon="138.2642761">
        <ele>1147.0782751938264</ele>
      </trkpt>
      <trkpt lat="36.8324536" lon="138.2642861">
        <ele>1147.5341161966637</ele>
      </trkpt>
      <trkpt lat="36.8324597" lon="138.264295">
        <ele>1147.9934299351598</ele>
      </trkpt>
      <trkpt lat="36.8324659" lon="138.2643039">
        <ele>1148.4666137294676</ele>
      </trkpt>
      <trkpt lat="36.8324725" lon="138.2643114">
        <ele>1148.9139334470772</ele>
      </trkpt>
      <trkpt lat="36.8324791" lon="138.2643189">
        <ele>1149.334370192666</ele>
      </trkpt>
      <trkpt lat="36.8324852" lon="138.2643259">
        <ele>1149.723786019259</ele>
      </trkpt>
      <trkpt lat="36.8324914" lon="138.2643329">
        <ele>1150.1220432359653</ele>
      </trkpt>
      <trkpt lat="36.8324966" lon="138.2643391">
        <ele>1150.4706973357363</ele>
      </trkpt>
      <trkpt lat="36.8325019" lon="138.2643453">
        <ele>1150.8268577725626</ele>
      </trkpt>
      <trkpt lat="36.8325062" lon="138.2643513">
        <ele>1151.1494701960776</ele>
      </trkpt>
      <trkpt lat="36.8325105" lon="138.2643574">
        <ele>1151.462125599326</ele>
      </trkpt>
      <trkpt lat="36.8325143" lon="138.2643634">
        <ele>1151.7493024097512</ele>
      </trkpt>
      <trkpt lat="36.8325181" lon="138.2643695">
        <ele>1152.0443658252686</ele>
      </trkpt>
      <trkpt lat="36.8325222" lon="138.2643744">
        <ele>1152.3127207022185</ele>
      </trkpt>
      <trkpt lat="36.8325264" lon="138.2643794">
        <ele>1152.5912102758084</ele>
      </trkpt>
      <trkpt lat="36.8325315" lon="138.2643833">
        <ele>1152.8616658217975</ele>
      </trkpt>
      <trkpt lat="36.8325366" lon="138.2643872">
        <ele>1153.1361692644543</ele>
      </trkpt>
      <trkpt lat="36.832539" lon="138.264389">
        <ele>1153.2655271333242</ele>
      </trkpt>
      <trkpt lat="36.8325415" lon="138.2643909">
        <ele>1153.4020809564888</ele>
      </trkpt>
      <trkpt lat="36.832544" lon="138.2643928">
        <ele>1153.5396014719754</ele>
      </trkpt>
      <trkpt lat="36.8325495" lon="138.2643978">
        <ele>1153.8747906041365</ele>
      </trkpt>
      <trkpt lat="36.832555" lon="138.2644028">
        <ele>1154.1744102501757</ele>
      </trkpt>
      <trkpt lat="36.8325592" lon="138.264408">
        <ele>1154.4370483271723</ele>
      </trkpt>
      <trkpt lat="36.8325634" lon="138.2644132">
        <ele>1154.7026495733958</ele>
      </trkpt>
      <trkpt lat="36.8325672" lon="138.2644189">
        <ele>1154.9726830032569</ele>
      </trkpt>
      <trkpt lat="36.8325711" lon="138.2644246">
        <ele>1155.2487430182525</ele>
      </trkpt>
      <trkpt lat="36.8325749" lon="138.2644307">
        <ele>1155.5358232545036</ele>
      </trkpt>
      <trkpt lat="36.8325788" lon="138.2644368">
        <ele>1155.8070475774634</ele>
      </trkpt>
      <trkpt lat="36.8325826" lon="138.2644434">
        <ele>1156.0703820262133</ele>
      </trkpt>
      <trkpt lat="36.8325864" lon="138.2644501">
        <ele>1156.339979906918</ele>
      </trkpt>
      <trkpt lat="36.8325911" lon="138.2644568">
        <ele>1156.6323079558092</ele>
      </trkpt>
      <trkpt lat="36.8325958" lon="138.2644635">
        <ele>1156.9289084464926</ele>
      </trkpt>
      <trkpt lat="36.8326018" lon="138.2644686">
        <ele>1157.2113636889014</ele>
      </trkpt>
      <trkpt lat="36.8326079" lon="138.2644738">
        <ele>1157.5032335642568</ele>
      </trkpt>
      <trkpt lat="36.8326149" lon="138.2644771">
        <ele>1157.7620120984793</ele>
      </trkpt>
      <trkpt lat="36.8326219" lon="138.2644804">
        <ele>1158.0239247626741</ele>
      </trkpt>
      <trkpt lat="36.8326288" lon="138.2644838">
        <ele>1158.2897956196923</ele>
      </trkpt>
      <trkpt lat="36.8326358" lon="138.2644873">
        <ele>1158.5412678032321</ele>
      </trkpt>
      <trkpt lat="36.8326413" lon="138.2644934">
        <ele>1158.8180892094022</ele>
      </trkpt>
      <trkpt lat="36.8326468" lon="138.2644995">
        <ele>1159.0842819725347</ele>
      </trkpt>
      <trkpt lat="36.8326512" lon="138.2645083">
        <ele>1159.356717377091</ele>
      </trkpt>
      <trkpt lat="36.8326557" lon="138.2645172">
        <ele>1159.6369217747829</ele>
      </trkpt>
      <trkpt lat="36.8326591" lon="138.2645284">
        <ele>1159.963912413241</ele>
      </trkpt>
      <trkpt lat="36.8326626" lon="138.2645397">
        <ele>1160.2987565013163</ele>
      </trkpt>
      <trkpt lat="36.8326666" lon="138.2645504">
        <ele>1160.6298204709842</ele>
      </trkpt>
      <trkpt lat="36.8326706" lon="138.2645611">
        <ele>1160.9652396460267</ele>
      </trkpt>
      <trkpt lat="36.832675" lon="138.2645708">
        <ele>1161.2806085541997</ele>
      </trkpt>
      <trkpt lat="36.8326795" lon="138.2645805">
        <ele>1161.5221231087573</ele>
      </trkpt>
      <trkpt lat="36.8326832" lon="138.2645894">
        <ele>1161.739177996912</ele>
      </trkpt>
      <trkpt lat="36.8326869" lon="138.2645984">
        <ele>1161.960238018331</ele>
      </trkpt>
      <trkpt lat="36.8326899" lon="138.2646084">
        <ele>1162.1892801711401</ele>
      </trkpt>
      <trkpt lat="36.8326929" lon="138.2646184">
        <ele>1162.4203574677415</ele>
      </trkpt>
      <trkpt lat="36.832696" lon="138.264629">
        <ele>1162.6660809474201</ele>
      </trkpt>
      <trkpt lat="36.8326992" lon="138.2646396">
        <ele>1162.9158700742073</ele>
      </trkpt>
      <trkpt lat="36.8327023" lon="138.26465">
        <ele>1163.1624409115725</ele>
      </trkpt>
      <trkpt lat="36.8327055" lon="138.2646605">
        <ele>1163.3942804343424</ele>
      </trkpt>
      <trkpt lat="36.832709" lon="138.2646704">
        <ele>1163.5976736140058</ele>
      </trkpt>
      <trkpt lat="36.8327125" lon="138.2646803">
        <ele>1163.803417386451</ele>
      </trkpt>
      <trkpt lat="36.8327167" lon="138.2646886">
        <ele>1163.9631843862464</ele>
      </trkpt>
      <trkpt lat="36.8327209" lon="138.264697">
        <ele>1164.0961110284416</ele>
      </trkpt>
      <trkpt lat="36.8327254" lon="138.2647037">
        <ele>1164.2072707478574</ele>
      </trkpt>
      <trkpt lat="36.83273" lon="138.2647104">
        <ele>1164.3198364033137</ele>
      </trkpt>
      <trkpt lat="36.8327344" lon="138.2647163">
        <ele>1164.4212005407649</ele>
      </trkpt>
      <trkpt lat="36.8327389" lon="138.2647222">
        <ele>1164.5238485060381</ele>
      </trkpt>
      <trkpt lat="36.8327431" lon="138.2647281">
        <ele>1164.626157140192</ele>
      </trkpt>
      <trkpt lat="36.8327473" lon="138.2647341">
        <ele>1164.730760370122</ele>
      </trkpt>
      <trkpt lat="36.8327509" lon="138.264742">
        <ele>1164.8610020584586</ele>
      </trkpt>
      <trkpt lat="36.8327546" lon="138.26475">
        <ele>1164.9665210795263</ele>
      </trkpt>
      <trkpt lat="36.8327573" lon="138.2647606">
        <ele>1165.0975634704403</ele>
      </trkpt>
      <trkpt lat="36.8327601" lon="138.2647713">
        <ele>1165.2311892794498</ele>
      </trkpt>
      <trkpt lat="36.8327615" lon="138.2647835">
        <ele>1165.3756949909007</ele>
      </trkpt>
      <trkpt lat="36.832763" lon="138.2647957">
        <ele>1165.5213079809896</ele>
      </trkpt>
      <trkpt lat="36.8327628" lon="138.2648079">
        <ele>1165.6582149541055</ele>
      </trkpt>
      <trkpt lat="36.8327626" lon="138.2648202">
        <ele>1165.796169669225</ele>
      </trkpt>
      <trkpt lat="36.8327603" lon="138.2648315">
        <ele>1165.9030401648024</ele>
      </trkpt>
      <trkpt lat="36.832758" lon="138.2648429">
        <ele>1165.9959039025011</ele>
      </trkpt>
      <trkpt lat="36.8327537" lon="138.2648561">
        <ele>1166.093899671734</ele>
      </trkpt>
      <trkpt lat="36.8327495" lon="138.2648694">
        <ele>1166.1934097693309</ele>
      </trkpt>
      <trkpt lat="36.8327454" lon="138.2648868">
        <ele>1166.3317168966878</ele>
      </trkpt>
      <trkpt lat="36.8327413" lon="138.2649042">
        <ele>1166.4700240256277</ele>
      </trkpt>
      <trkpt lat="36.8327376" lon="138.2649254">
        <ele>1166.6369636003835</ele>
      </trkpt>
      <trkpt lat="36.8327339" lon="138.2649467">
        <ele>1166.7954741858364</ele>
      </trkpt>
      <trkpt lat="36.8327311" lon="138.2649708">
        <ele>1166.9810167140406</ele>
      </trkpt>
      <trkpt lat="36.8327284" lon="138.2649949">
        <ele>1167.1649905957029</ele>
      </trkpt>
      <trkpt lat="36.8327268" lon="138.2650195">
        <ele>1167.350781198735</ele>
      </trkpt>
      <trkpt lat="36.8327252" lon="138.2650442">
        <ele>1167.5365555026729</ele>
      </trkpt>
      <trkpt lat="36.8327232" lon="138.2650681">
        <ele>1167.7148269229347</ele>
      </trkpt>
      <trkpt lat="36.8327213" lon="138.265092">
        <ele>1167.896096200497</ele>
      </trkpt>
      <trkpt lat="36.8327182" lon="138.2651145">
        <ele>1168.0615469722084</ele>
      </trkpt>
      <trkpt lat="36.8327152" lon="138.265137">
        <ele>1168.2275800035338</ele>
      </trkpt>
      <trkpt lat="36.832713" lon="138.2651553">
        <ele>1168.3445186657743</ele>
      </trkpt>
      <trkpt lat="36.8327108" lon="138.2651736">
        <ele>1168.455712874087</ele>
      </trkpt>
      <trkpt lat="36.8327096" lon="138.2651879">
        <ele>1168.5823941800722</ele>
      </trkpt>
      <trkpt lat="36.8327085" lon="138.2652022">
        <ele>1168.7116426156595</ele>
      </trkpt>
      <trkpt lat="36.8327072" lon="138.2652141">
        <ele>1168.812048452005</ele>
      </trkpt>
      <trkpt lat="36.832706" lon="138.2652261">
        <ele>1168.9159863701095</ele>
      </trkpt>
      <trkpt lat="36.8327029" lon="138.2652392">
        <ele>1168.9955998947485</ele>
      </trkpt>
      <trkpt lat="36.8326999" lon="138.2652523">
        <ele>1169.0784909848842</ele>
      </trkpt>
      <trkpt lat="36.8326955" lon="138.2652681">
        <ele>1169.1691719550304</ele>
      </trkpt>
      <trkpt lat="36.8326912" lon="138.265284">
        <ele>1169.2686149521942</ele>
      </trkpt>
      <trkpt lat="36.8326869" lon="138.2653009">
        <ele>1169.3841109162006</ele>
      </trkpt>
      <trkpt lat="36.8326826" lon="138.2653179">
        <ele>1169.5056927488497</ele>
      </trkpt>
      <trkpt lat="36.8326784" lon="138.2653354">
        <ele>1169.6397128499052</ele>
      </trkpt>
      <trkpt lat="36.8326743" lon="138.265353">
        <ele>1169.7984642421493</ele>
      </trkpt>
      <trkpt lat="36.8326699" lon="138.2653697">
        <ele>1169.9553775499212</ele>
      </trkpt>
      <trkpt lat="36.8326656" lon="138.2653864">
        <ele>1170.116310349972</ele>
      </trkpt>
      <trkpt lat="36.8326604" lon="138.2654016">
        <ele>1170.2455948395068</ele>
      </trkpt>
      <trkpt lat="36.8326553" lon="138.2654169">
        <ele>1170.380417497005</ele>
      </trkpt>
      <trkpt lat="36.8326502" lon="138.2654319">
        <ele>1170.5288358820867</ele>
      </trkpt>
      <trkpt lat="36.8326452" lon="138.265447">
        <ele>1170.7350057547926</ele>
      </trkpt>
      <trkpt lat="36.8326399" lon="138.2654637">
        <ele>1170.9261492560292</ele>
      </trkpt>
      <trkpt lat="36.8326347" lon="138.2654804">
        <ele>1171.1225360235858</ele>
      </trkpt>
      <trkpt lat="36.8326317" lon="138.2654975">
        <ele>1171.3780999322057</ele>
      </trkpt>
      <trkpt lat="36.8326287" lon="138.2655147">
        <ele>1171.6379571525688</ele>
      </trkpt>
      <trkpt lat="36.8326286" lon="138.2655304">
        <ele>1171.9648366445629</ele>
      </trkpt>
      <trkpt lat="36.8326285" lon="138.2655462">
        <ele>1172.2940257564735</ele>
      </trkpt>
      <trkpt lat="36.8326294" lon="138.2655604">
        <ele>1172.6085850329569</ele>
      </trkpt>
      <trkpt lat="36.8326304" lon="138.2655746">
        <ele>1172.9231852772878</ele>
      </trkpt>
      <trkpt lat="36.8326322" lon="138.2655871">
        <ele>1173.2140719165648</ele>
      </trkpt>
      <trkpt lat="36.8326341" lon="138.2655996">
        <ele>1173.5035111565655</ele>
      </trkpt>
      <trkpt lat="36.8326364" lon="138.2656107">
        <ele>1173.812847573913</ele>
      </trkpt>
      <trkpt lat="36.8326388" lon="138.2656219">
        <ele>1174.1270311334197</ele>
      </trkpt>
      <trkpt lat="36.8326414" lon="138.2656334">
        <ele>1174.449753181273</ele>
      </trkpt>
      <trkpt lat="36.832644" lon="138.2656449">
        <ele>1174.7704468737834</ele>
      </trkpt>
      <trkpt lat="36.8326453" lon="138.2656568">
        <ele>1175.0805650974462</ele>
      </trkpt>
      <trkpt lat="36.8326466" lon="138.2656688">
        <ele>1175.3847561545012</ele>
      </trkpt>
      <trkpt lat="36.8326464" lon="138.2656806">
        <ele>1175.6718600972597</ele>
      </trkpt>
      <trkpt lat="36.8326463" lon="138.2656925">
        <ele>1175.977193267202</ele>
      </trkpt>
      <trkpt lat="36.8326449" lon="138.2657046">
        <ele>1176.2890430608006</ele>
      </trkpt>
      <trkpt lat="36.8326435" lon="138.2657168">
        <ele>1176.6002468506601</ele>
      </trkpt>
      <trkpt lat="36.8326422" lon="138.2657292">
        <ele>1176.9196740597895</ele>
      </trkpt>
      <trkpt lat="36.8326409" lon="138.2657417">
        <ele>1177.2434451689787</ele>
      </trkpt>
      <trkpt lat="36.8326401" lon="138.2657535">
        <ele>1177.5547326396638</ele>
      </trkpt>
      <trkpt lat="36.8326394" lon="138.2657654">
        <ele>1177.8705987017388</ele>
      </trkpt>
      <trkpt lat="36.8326383" lon="138.2657767">
        <ele>1178.1776969902635</ele>
      </trkpt>
      <trkpt lat="36.8326373" lon="138.2657881">
        <ele>1178.5026977397915</ele>
      </trkpt>
      <trkpt lat="36.8326359" lon="138.2657994">
        <ele>1178.8218499274815</ele>
      </trkpt>
      <trkpt lat="36.8326345" lon="138.2658107">
        <ele>1179.1415387141242</ele>
      </trkpt>
      <trkpt lat="36.8326328" lon="138.2658228">
        <ele>1179.4828742887446</ele>
      </trkpt>
      <trkpt lat="36.8326312" lon="138.265835">
        <ele>1179.8286111828472</ele>
      </trkpt>
      <trkpt lat="36.832629" lon="138.2658475">
        <ele>1180.1793589920098</ele>
      </trkpt>
      <trkpt lat="36.8326269" lon="138.26586">
        <ele>1180.531270652058</ele>
      </trkpt>
      <trkpt lat="36.8326239" lon="138.265871">
        <ele>1180.833675599908</ele>
      </trkpt>
      <trkpt lat="36.8326209" lon="138.2658821">
        <ele>1181.1435215774031</ele>
      </trkpt>
      <trkpt lat="36.8326184" lon="138.2658919">
        <ele>1181.4215715720723</ele>
      </trkpt>
      <trkpt lat="36.8326159" lon="138.2659017">
        <ele>1181.7029456267746</ele>
      </trkpt>
      <trkpt lat="36.8326142" lon="138.2659117">
        <ele>1181.9965647399831</ele>
      </trkpt>
      <trkpt lat="36.8326126" lon="138.2659217">
        <ele>1182.2927839800527</ele>
      </trkpt>
      <trkpt lat="36.832611" lon="138.2659308">
        <ele>1182.5638960951699</ele>
      </trkpt>
      <trkpt lat="36.8326094" lon="138.26594">
        <ele>1182.8400253893553</ele>
      </trkpt>
      <trkpt lat="36.8326078" lon="138.2659486">
        <ele>1183.0933332980394</ele>
      </trkpt>
      <trkpt lat="36.8326062" lon="138.2659572">
        <ele>1183.3432443990182</ele>
      </trkpt>
      <trkpt lat="36.8326041" lon="138.265965">
        <ele>1183.5702432884464</ele>
      </trkpt>
      <trkpt lat="36.8326021" lon="138.2659729">
        <ele>1183.801343370148</ele>
      </trkpt>
      <trkpt lat="36.8325986" lon="138.2659803">
        <ele>1184.0184501965234</ele>
      </trkpt>
      <trkpt lat="36.8325952" lon="138.2659877">
        <ele>1184.2373097603781</ele>
      </trkpt>
      <trkpt lat="36.8325916" lon="138.2659953">
        <ele>1184.4638935492017</ele>
      </trkpt>
      <trkpt lat="36.832588" lon="138.266003">
        <ele>1184.6953249425728</ele>
      </trkpt>
      <trkpt lat="36.8325839" lon="138.2660113">
        <ele>1184.9470809750592</ele>
      </trkpt>
      <trkpt lat="36.8325798" lon="138.2660197">
        <ele>1185.2041649022017</ele>
      </trkpt>
      <trkpt lat="36.8325749" lon="138.266029">
        <ele>1185.4746059904116</ele>
      </trkpt>
      <trkpt lat="36.8325701" lon="138.2660383">
        <ele>1185.713055174689</ele>
      </trkpt>
      <trkpt lat="36.8325645" lon="138.2660479">
        <ele>1185.9576523478293</ele>
      </trkpt>
      <trkpt lat="36.8325589" lon="138.2660575">
        <ele>1186.2058964930495</ele>
      </trkpt>
      <trkpt lat="36.8325538" lon="138.2660666">
        <ele>1186.4458313774653</ele>
      </trkpt>
      <trkpt lat="36.8325488" lon="138.2660757">
        <ele>1186.689485259833</ele>
      </trkpt>
      <trkpt lat="36.8325445" lon="138.266086">
        <ele>1186.9762752892038</ele>
      </trkpt>
      <trkpt lat="36.8325403" lon="138.2660963">
        <ele>1187.2665706245443</ele>
      </trkpt>
      <trkpt lat="36.8325364" lon="138.2661078">
        <ele>1187.597798939384</ele>
      </trkpt>
      <trkpt lat="36.8325325" lon="138.2661194">
        <ele>1187.925319809175</ele>
      </trkpt>
      <trkpt lat="36.832527" lon="138.2661308">
        <ele>1188.2268661096791</ele>
      </trkpt>
      <trkpt lat="36.8325215" lon="138.2661422">
        <ele>1188.5326658490867</ele>
      </trkpt>
      <trkpt lat="36.8325149" lon="138.2661521">
        <ele>1188.7959988886225</ele>
      </trkpt>
      <trkpt lat="36.8325083" lon="138.266162">
        <ele>1189.0637644587428</ele>
      </trkpt>
      <trkpt lat="36.8324995" lon="138.2661749">
        <ele>1189.3720620153556</ele>
      </trkpt>
      <trkpt lat="36.8324907" lon="138.2661879">
        <ele>1189.6866258611215</ele>
      </trkpt>
      <trkpt lat="36.8324786" lon="138.2662071">
        <ele>1190.1434919024043</ele>
      </trkpt>
      <trkpt lat="36.8324666" lon="138.2662264">
        <ele>1190.5657014534852</ele>
      </trkpt>
      <trkpt lat="36.8324546" lon="138.2662519">
        <ele>1191.1603199171573</ele>
      </trkpt>
      <trkpt lat="36.8324427" lon="138.2662775">
        <ele>1191.7685901349212</ele>
      </trkpt>
      <trkpt lat="36.8324333" lon="138.2663066">
        <ele>1192.3239412545229</ele>
      </trkpt>
      <trkpt lat="36.832424" lon="138.2663357">
        <ele>1192.7988377881707</ele>
      </trkpt>
      <trkpt lat="36.8324175" lon="138.2663645">
        <ele>1193.3082008487554</ele>
      </trkpt>
      <trkpt lat="36.8324111" lon="138.2663934">
        <ele>1193.724557607296</ele>
      </trkpt>
      <trkpt lat="36.8324097" lon="138.2664195">
        <ele>1194.1299004811335</ele>
      </trkpt>
      <trkpt lat="36.8324084" lon="138.2664457">
        <ele>1194.5383301153786</ele>
      </trkpt>
      <trkpt lat="36.8324124" lon="138.2664667">
        <ele>1194.8780843261275</ele>
      </trkpt>
      <trkpt lat="36.8324165" lon="138.2664877">
        <ele>1195.1258778644014</ele>
      </trkpt>
      <trkpt lat="36.8324233" lon="138.2665048">
        <ele>1195.3829131674984</ele>
      </trkpt>
      <trkpt lat="36.8324301" lon="138.266522">
        <ele>1195.6448086965852</ele>
      </trkpt>
      <trkpt lat="36.8324376" lon="138.2665384">
        <ele>1195.9143880267297</ele>
      </trkpt>
      <trkpt lat="36.8324451" lon="138.2665549">
        <ele>1196.0695103385488</ele>
      </trkpt>
      <trkpt lat="36.8324528" lon="138.2665727">
        <ele>1196.1765596310613</ele>
      </trkpt>
      <trkpt lat="36.8324606" lon="138.2665905">
        <ele>1196.284191184771</ele>
      </trkpt>
      <trkpt lat="36.8324697" lon="138.2666097">
        <ele>1196.404285439943</ele>
      </trkpt>
      <trkpt lat="36.8324789" lon="138.2666289">
        <ele>1196.5249619586868</ele>
      </trkpt>
      <trkpt lat="36.83249" lon="138.2666482">
        <ele>1196.540906997011</ele>
      </trkpt>
      <trkpt lat="36.8325012" lon="138.2666675">
        <ele>1196.5634148537954</ele>
      </trkpt>
      <trkpt lat="36.8325132" lon="138.2666872">
        <ele>1196.564673380051</ele>
      </trkpt>
      <trkpt lat="36.8325252" lon="138.2667069">
        <ele>1196.5185875705545</ele>
      </trkpt>
      <trkpt lat="36.8325367" lon="138.266728">
        <ele>1196.4335345239488</ele>
      </trkpt>
      <trkpt lat="36.8325483" lon="138.2667492">
        <ele>1196.3356710189287</ele>
      </trkpt>
      <trkpt lat="36.832559" lon="138.2667718">
        <ele>1196.2541726326513</ele>
      </trkpt>
      <trkpt lat="36.8325697" lon="138.2667945">
        <ele>1196.1968949705292</ele>
      </trkpt>
      <trkpt lat="36.8325806" lon="138.2668205">
        <ele>1196.0266732659031</ele>
      </trkpt>
      <trkpt lat="36.8325916" lon="138.2668465">
        <ele>1195.7843966904854</ele>
      </trkpt>
      <trkpt lat="36.8326023" lon="138.2668749">
        <ele>1195.5766066755496</ele>
      </trkpt>
      <trkpt lat="36.832613" lon="138.2669033">
        <ele>1195.410779673066</ele>
      </trkpt>
      <trkpt lat="36.8326227" lon="138.266932">
        <ele>1195.2761805724824</ele>
      </trkpt>
      <trkpt lat="36.8326324" lon="138.2669607">
        <ele>1195.1793523186188</ele>
      </trkpt>
      <trkpt lat="36.8326414" lon="138.2669892">
        <ele>1195.1322827670012</ele>
      </trkpt>
      <trkpt lat="36.8326505" lon="138.2670177">
        <ele>1195.097425053365</ele>
      </trkpt>
      <trkpt lat="36.8326606" lon="138.2670446">
        <ele>1195.0630101679426</ele>
      </trkpt>
      <trkpt lat="36.8326707" lon="138.2670715">
        <ele>1195.0758239418976</ele>
      </trkpt>
      <trkpt lat="36.8326808" lon="138.2670964">
        <ele>1195.1489213146901</ele>
      </trkpt>
      <trkpt lat="36.8326909" lon="138.2671213">
        <ele>1195.273200473098</ele>
      </trkpt>
      <trkpt lat="36.8327012" lon="138.2671426">
        <ele>1195.4390304526933</ele>
      </trkpt>
      <trkpt lat="36.8327115" lon="138.267164">
        <ele>1195.6297777608158</ele>
      </trkpt>
      <trkpt lat="36.8327208" lon="138.2671828">
        <ele>1195.7292447233394</ele>
      </trkpt>
      <trkpt lat="36.8327302" lon="138.2672017">
        <ele>1195.8123391765594</ele>
      </trkpt>
      <trkpt lat="36.8327381" lon="138.267223">
        <ele>1195.9284927318254</ele>
      </trkpt>
      <trkpt lat="36.8327461" lon="138.2672444">
        <ele>1196.099676543951</ele>
      </trkpt>
      <trkpt lat="36.8327523" lon="138.2672692">
        <ele>1196.3317821698188</ele>
      </trkpt>
      <trkpt lat="36.8327585" lon="138.2672941">
        <ele>1196.5856318166827</ele>
      </trkpt>
      <trkpt lat="36.832764" lon="138.2673198">
        <ele>1196.85809384158</ele>
      </trkpt>
      <trkpt lat="36.8327696" lon="138.2673456">
        <ele>1197.1251742370287</ele>
      </trkpt>
      <trkpt lat="36.8327758" lon="138.2673693">
        <ele>1197.4007699883919</ele>
      </trkpt>
      <trkpt lat="36.832782" lon="138.267393">
        <ele>1197.696302018294</ele>
      </trkpt>
      <trkpt lat="36.8327862" lon="138.2674139">
        <ele>1197.9250986439808</ele>
      </trkpt>
      <trkpt lat="36.8327904" lon="138.2674348">
        <ele>1198.1640763787739</ele>
      </trkpt>
      <trkpt lat="36.8327927" lon="138.2674548">
        <ele>1198.3953301435859</ele>
      </trkpt>
      <trkpt lat="36.832795" lon="138.2674749">
        <ele>1198.6339550683256</ele>
      </trkpt>
      <trkpt lat="36.8327992" lon="138.267497">
        <ele>1198.9120074935495</ele>
      </trkpt>
      <trkpt lat="36.8328035" lon="138.2675191">
        <ele>1199.1916564617763</ele>
      </trkpt>
      <trkpt lat="36.8328096" lon="138.2675436">
        <ele>1199.521403773243</ele>
      </trkpt>
      <trkpt lat="36.8328158" lon="138.2675681">
        <ele>1199.8622873919846</ele>
      </trkpt>
      <trkpt lat="36.8328241" lon="138.2675937">
        <ele>1200.2536912403111</ele>
      </trkpt>
      <trkpt lat="36.8328324" lon="138.2676193">
        <ele>1200.673599429354</ele>
      </trkpt>
      <trkpt lat="36.8328426" lon="138.2676454">
        <ele>1201.157477029528</ele>
      </trkpt>
      <trkpt lat="36.8328528" lon="138.2676716">
        <ele>1201.6477223375077</ele>
      </trkpt>
      <trkpt lat="36.8328604" lon="138.267697">
        <ele>1201.9941665838212</ele>
      </trkpt>
      <trkpt lat="36.832868" lon="138.2677224">
        <ele>1202.3668018088415</ele>
      </trkpt>
      <trkpt lat="36.8328693" lon="138.2677482">
        <ele>1202.7331029357294</ele>
      </trkpt>
      <trkpt lat="36.8328707" lon="138.2677741">
        <ele>1203.09839918491</ele>
      </trkpt>
      <trkpt lat="36.8328679" lon="138.2677998">
        <ele>1203.4286567409172</ele>
      </trkpt>
      <trkpt lat="36.8328652" lon="138.2678256">
        <ele>1203.7539290708044</ele>
      </trkpt>
      <trkpt lat="36.8328625" lon="138.2678497">
        <ele>1204.0285384762367</ele>
      </trkpt>
      <trkpt lat="36.8328599" lon="138.2678738">
        <ele>1204.2905328846005</ele>
      </trkpt>
      <trkpt lat="36.8328627" lon="138.2678948">
        <ele>1204.5814802454872</ele>
      </trkpt>
      <trkpt lat="36.8328655" lon="138.2679159">
        <ele>1204.8796462968435</ele>
      </trkpt>
      <trkpt lat="36.832872" lon="138.2679331">
        <ele>1205.2045525057667</ele>
      </trkpt>
      <trkpt lat="36.8328786" lon="138.2679503">
        <ele>1205.540222684533</ele>
      </trkpt>
      <trkpt lat="36.8328855" lon="138.2679633">
        <ele>1205.8298244714251</ele>
      </trkpt>
      <trkpt lat="36.8328924" lon="138.2679763">
        <ele>1206.1255113578277</ele>
      </trkpt>
      <trkpt lat="36.832899" lon="138.2679867">
        <ele>1206.38469327454</ele>
      </trkpt>
      <trkpt lat="36.8329057" lon="138.2679971">
        <ele>1206.6502568135304</ele>
      </trkpt>
      <trkpt lat="36.8329117" lon="138.2680065">
        <ele>1206.892478026595</ele>
      </trkpt>
      <trkpt lat="36.8329178" lon="138.268016">
        <ele>1207.142509668567</ele>
      </trkpt>
      <trkpt lat="36.832921" lon="138.268021">
        <ele>1207.2715190746117</ele>
      </trkpt>
      <trkpt lat="36.8329242" lon="138.2680261">
        <ele>1207.3805575259396</ele>
      </trkpt>
      <trkpt lat="36.8329291" lon="138.2680336">
        <ele>1207.5459180448702</ele>
      </trkpt>
      <trkpt lat="36.8329341" lon="138.2680412">
        <ele>1207.7176674183868</ele>
      </trkpt>
      <trkpt lat="36.8329382" lon="138.2680483">
        <ele>1207.8753208394646</ele>
      </trkpt>
      <trkpt lat="36.8329423" lon="138.2680554">
        <ele>1208.0359364222395</ele>
      </trkpt>
      <trkpt lat="36.8329458" lon="138.2680637">
        <ele>1208.21219857858</ele>
      </trkpt>
      <trkpt lat="36.8329493" lon="138.2680721">
        <ele>1208.3930785136633</ele>
      </trkpt>
      <trkpt lat="36.8329521" lon="138.2680813">
        <ele>1208.5815004697647</ele>
      </trkpt>
      <trkpt lat="36.832955" lon="138.2680905">
        <ele>1208.7717584662573</ele>
      </trkpt>
      <trkpt lat="36.8329571" lon="138.2681012">
        <ele>1208.9632222612024</ele>
      </trkpt>
      <trkpt lat="36.8329593" lon="138.268112">
        <ele>1209.1607437302075</ele>
      </trkpt>
      <trkpt lat="36.8329612" lon="138.2681243">
        <ele>1209.3802537788793</ele>
      </trkpt>
      <trkpt lat="36.8329632" lon="138.2681366">
        <ele>1209.6045655891094</ele>
      </trkpt>
      <trkpt lat="36.8329654" lon="138.2681499">
        <ele>1209.8515135477817</ele>
      </trkpt>
      <trkpt lat="36.8329676" lon="138.2681633">
        <ele>1210.1040332924758</ele>
      </trkpt>
      <trkpt lat="36.832969" lon="138.2681772">
        <ele>1210.3492573540107</ele>
      </trkpt>
      <trkpt lat="36.8329705" lon="138.2681911">
        <ele>1210.5751891958366</ele>
      </trkpt>
      <trkpt lat="36.8329721" lon="138.2682052">
        <ele>1210.808143430969</ele>
      </trkpt>
      <trkpt lat="36.8329737" lon="138.2682194">
        <ele>1211.0448296546078</ele>
      </trkpt>
      <trkpt lat="36.8329758" lon="138.2682325">
        <ele>1211.278859836722</ele>
      </trkpt>
      <trkpt lat="36.832978" lon="138.2682457">
        <ele>1211.5193985004296</ele>
      </trkpt>
      <trkpt lat="36.8329806" lon="138.2682584">
        <ele>1211.7648093049804</ele>
      </trkpt>
      <trkpt lat="36.8329832" lon="138.2682711">
        <ele>1212.0007491095287</ele>
      </trkpt>
      <trkpt lat="36.8329863" lon="138.268283">
        <ele>1212.2392098300961</ele>
      </trkpt>
      <trkpt lat="36.8329894" lon="138.2682949">
        <ele>1212.4789893776356</ele>
      </trkpt>
      <trkpt lat="36.8329928" lon="138.2683057">
        <ele>1212.6801302557442</ele>
      </trkpt>
      <trkpt lat="36.8329963" lon="138.2683165">
        <ele>1212.8877945076042</ele>
      </trkpt>
      <trkpt lat="36.8330006" lon="138.2683264">
        <ele>1213.1002180126466</ele>
      </trkpt>
      <trkpt lat="36.833005" lon="138.2683364">
        <ele>1213.3215989985988</ele>
      </trkpt>
      <trkpt lat="36.8330097" lon="138.268346">
        <ele>1213.548030405623</ele>
      </trkpt>
      <trkpt lat="36.8330145" lon="138.2683556">
        <ele>1213.7618531774235</ele>
      </trkpt>
      <trkpt lat="36.8330193" lon="138.2683649">
        <ele>1213.9759850555959</ele>
      </trkpt>
      <trkpt lat="36.8330241" lon="138.2683742">
        <ele>1214.1961735483135</ele>
      </trkpt>
      <trkpt lat="36.8330283" lon="138.2683837">
        <ele>1214.4133058463074</ele>
      </trkpt>
      <trkpt lat="36.8330326" lon="138.2683932">
        <ele>1214.6379132961385</ele>
      </trkpt>
      <trkpt lat="36.8330364" lon="138.2684033">
        <ele>1214.8663491170705</ele>
      </trkpt>
      <trkpt lat="36.8330403" lon="138.2684135">
        <ele>1215.1037034237916</ele>
      </trkpt>
      <trkpt lat="36.8330439" lon="138.2684249">
        <ele>1215.3580927074427</ele>
      </trkpt>
      <trkpt lat="36.8330476" lon="138.2684364">
        <ele>1215.6131516567275</ele>
      </trkpt>
      <trkpt lat="36.8330516" lon="138.268449">
        <ele>1215.8782173380066</ele>
      </trkpt>
      <trkpt lat="36.8330556" lon="138.2684616">
        <ele>1216.150121132799</ele>
      </trkpt>
      <trkpt lat="36.8330607" lon="138.268474">
        <ele>1216.433505428543</ele>
      </trkpt>
      <trkpt lat="36.8330659" lon="138.2684864">
        <ele>1216.711561150265</ele>
      </trkpt>
      <trkpt lat="36.8330718" lon="138.2684982">
        <ele>1217.0037574517287</ele>
      </trkpt>
      <trkpt lat="36.8330777" lon="138.26851">
        <ele>1217.305399580924</ele>
      </trkpt>
      <trkpt lat="36.8330835" lon="138.2685219">
        <ele>1217.6037878448622</ele>
      </trkpt>
      <trkpt lat="36.8330893" lon="138.2685338">
        <ele>1217.8820130658858</ele>
      </trkpt>
      <trkpt lat="36.8330957" lon="138.2685442">
        <ele>1218.164225673631</ele>
      </trkpt>
      <trkpt lat="36.8331022" lon="138.2685546">
        <ele>1218.4578976775229</ele>
      </trkpt>
      <trkpt lat="36.8331094" lon="138.2685635">
        <ele>1218.7572551899548</ele>
      </trkpt>
      <trkpt lat="36.8331167" lon="138.2685724">
        <ele>1219.067856377874</ele>
      </trkpt>
      <trkpt lat="36.8331231" lon="138.2685824">
        <ele>1219.3801923325013</ele>
      </trkpt>
      <trkpt lat="36.8331295" lon="138.2685925">
        <ele>1219.6757557974017</ele>
      </trkpt>
      <trkpt lat="36.8331355" lon="138.268605">
        <ele>1219.9804012016032</ele>
      </trkpt>
      <trkpt lat="36.8331416" lon="138.2686175">
        <ele>1220.2691548582502</ele>
      </trkpt>
      <trkpt lat="36.8331478" lon="138.2686302">
        <ele>1220.5731731992753</ele>
      </trkpt>
      <trkpt lat="36.8331541" lon="138.268643">
        <ele>1220.8914980774039</ele>
      </trkpt>
      <trkpt lat="36.8331602" lon="138.2686552">
        <ele>1221.2072181077572</ele>
      </trkpt>
      <trkpt lat="36.8331663" lon="138.2686675">
        <ele>1221.534586962114</ele>
      </trkpt>
      <trkpt lat="36.8331727" lon="138.2686786">
        <ele>1221.8602078979325</ele>
      </trkpt>
      <trkpt lat="36.8331791" lon="138.2686897">
        <ele>1222.1954673405105</ele>
      </trkpt>
      <trkpt lat="36.8331864" lon="138.2686995">
        <ele>1222.5057258549164</ele>
      </trkpt>
      <trkpt lat="36.8331937" lon="138.2687094">
        <ele>1222.8302733595128</ele>
      </trkpt>
      <trkpt lat="36.8332009" lon="138.2687193">
        <ele>1223.127763162112</ele>
      </trkpt>
      <trkpt lat="36.8332081" lon="138.2687292">
        <ele>1223.4253620809725</ele>
      </trkpt>
      <trkpt lat="36.8332146" lon="138.2687391">
        <ele>1223.7170591744493</ele>
      </trkpt>
      <trkpt lat="36.8332211" lon="138.268749">
        <ele>1224.017487099219</ele>
      </trkpt>
      <trkpt lat="36.8332273" lon="138.2687579">
        <ele>1224.3034085560107</ele>
      </trkpt>
      <trkpt lat="36.8332335" lon="138.2687669">
        <ele>1224.5984747694656</ele>
      </trkpt>
      <trkpt lat="36.8332397" lon="138.2687751">
        <ele>1224.887510628344</ele>
      </trkpt>
      <trkpt lat="36.8332459" lon="138.2687833">
        <ele>1225.1554754926613</ele>
      </trkpt>
      <trkpt lat="36.8332518" lon="138.2687911">
        <ele>1225.4153138866777</ele>
      </trkpt>
      <trkpt lat="36.8332577" lon="138.268799">
        <ele>1225.684419376327</ele>
      </trkpt>
      <trkpt lat="36.8332634" lon="138.2688069">
        <ele>1225.9559554584434</ele>
      </trkpt>
      <trkpt lat="36.8332692" lon="138.2688148">
        <ele>1226.1914138685365</ele>
      </trkpt>
      <trkpt lat="36.833275" lon="138.2688222">
        <ele>1226.4224602681234</ele>
      </trkpt>
      <trkpt lat="36.8332808" lon="138.2688296">
        <ele>1226.6607857563727</ele>
      </trkpt>
      <trkpt lat="36.8332859" lon="138.2688364">
        <ele>1226.8813489873155</ele>
      </trkpt>
      <trkpt lat="36.8332911" lon="138.2688432">
        <ele>1227.1099654084824</ele>
      </trkpt>
      <trkpt lat="36.8332963" lon="138.26885">
        <ele>1227.3445787697974</ele>
      </trkpt>
      <trkpt lat="36.8333016" lon="138.2688568">
        <ele>1227.5874759752105</ele>
      </trkpt>
      <trkpt lat="36.8333068" lon="138.2688641">
        <ele>1227.8309824981793</ele>
      </trkpt>
      <trkpt lat="36.8333121" lon="138.2688714">
        <ele>1228.0556885767828</ele>
      </trkpt>
      <trkpt lat="36.8333171" lon="138.268879">
        <ele>1228.2825412794375</ele>
      </trkpt>
      <trkpt lat="36.8333221" lon="138.2688867">
        <ele>1228.5159932997765</ele>
      </trkpt>
      <trkpt lat="36.8333278" lon="138.2688939">
        <ele>1228.7651105445893</ele>
      </trkpt>
      <trkpt lat="36.8333335" lon="138.2689011">
        <ele>1229.0130361471106</ele>
      </trkpt>
      <trkpt lat="36.8333393" lon="138.268907">
        <ele>1229.2134370509161</ele>
      </trkpt>
      <trkpt lat="36.8333451" lon="138.2689129">
        <ele>1229.4184808387088</ele>
      </trkpt>
      <trkpt lat="36.8333502" lon="138.2689185">
        <ele>1229.6093481752441</ele>
      </trkpt>
      <trkpt lat="36.8333553" lon="138.2689241">
        <ele>1229.8040904616698</ele>
      </trkpt>
      <trkpt lat="36.8333608" lon="138.2689307">
        <ele>1230.0280169957687</ele>
      </trkpt>
      <trkpt lat="36.8333663" lon="138.2689373">
        <ele>1230.2568686236223</ele>
      </trkpt>
      <trkpt lat="36.8333719" lon="138.2689438">
        <ele>1230.491022316844</ele>
      </trkpt>
      <trkpt lat="36.8333775" lon="138.2689503">
        <ele>1230.7227384307014</ele>
      </trkpt>
      <trkpt lat="36.8333819" lon="138.2689576">
        <ele>1230.9354059434286</ele>
      </trkpt>
      <trkpt lat="36.8333863" lon="138.2689649">
        <ele>1231.153520906985</ele>
      </trkpt>
      <trkpt lat="36.8333895" lon="138.2689741">
        <ele>1231.37968711228</ele>
      </trkpt>
      <trkpt lat="36.8333927" lon="138.2689833">
        <ele>1231.6108462470331</ele>
      </trkpt>
      <trkpt lat="36.8333969" lon="138.2689929">
        <ele>1231.8794828784694</ele>
      </trkpt>
      <trkpt lat="36.8334011" lon="138.2690026">
        <ele>1232.1567038518783</ele>
      </trkpt>
      <trkpt lat="36.8334064" lon="138.2690103">
        <ele>1232.3922604556815</ele>
      </trkpt>
      <trkpt lat="36.8334118" lon="138.269018">
        <ele>1232.6339028830823</ele>
      </trkpt>
      <trkpt lat="36.8334184" lon="138.2690242">
        <ele>1232.8770547929712</ele>
      </trkpt>
      <trkpt lat="36.833425" lon="138.2690305">
        <ele>1233.127667251363</ele>
      </trkpt>
      <trkpt lat="36.8334313" lon="138.2690374">
        <ele>1233.3729758023549</ele>
      </trkpt>
      <trkpt lat="36.8334376" lon="138.2690443">
        <ele>1233.613172659741</ele>
      </trkpt>
      <trkpt lat="36.833443" lon="138.2690528">
        <ele>1233.867212037644</ele>
      </trkpt>
      <trkpt lat="36.8334484" lon="138.2690614">
        <ele>1234.1307171769408</ele>
      </trkpt>
      <trkpt lat="36.8334535" lon="138.2690712">
        <ele>1234.4157484331615</ele>
      </trkpt>
      <trkpt lat="36.8334587" lon="138.2690811">
        <ele>1234.713466044536</ele>
      </trkpt>
      <trkpt lat="36.8334638" lon="138.2690918">
        <ele>1235.0318832101182</ele>
      </trkpt>
      <trkpt lat="36.833469" lon="138.2691026">
        <ele>1235.364034842764</ele>
      </trkpt>
      <trkpt lat="36.8334745" lon="138.269113">
        <ele>1235.6671298370848</ele>
      </trkpt>
      <trkpt lat="36.83348" lon="138.2691235">
        <ele>1235.9576651337613</ele>
      </trkpt>
      <trkpt lat="36.8334923" lon="138.2691487">
        <ele>1236.6242529373092</ele>
      </trkpt>
      <trkpt lat="36.8334975" lon="138.2691578">
        <ele>1236.8947127495862</ele>
      </trkpt>
      <trkpt lat="36.8335027" lon="138.269167">
        <ele>1237.174990087425</ele>
      </trkpt>
      <trkpt lat="36.8335071" lon="138.2691727">
        <ele>1237.3803469656932</ele>
      </trkpt>
      <trkpt lat="36.8335115" lon="138.2691785">
        <ele>1237.591824153789</ele>
      </trkpt>
      <trkpt lat="36.8335159" lon="138.2691831">
        <ele>1237.7847799769318</ele>
      </trkpt>
      <trkpt lat="36.8335204" lon="138.2691878">
        <ele>1237.9855834322648</ele>
      </trkpt>
      <trkpt lat="36.8335244" lon="138.2691933">
        <ele>1238.1932164749994</ele>
      </trkpt>
      <trkpt lat="36.8335285" lon="138.2691988">
        <ele>1238.4071474835127</ele>
      </trkpt>
      <trkpt lat="36.8335321" lon="138.2692061">
        <ele>1238.644115456953</ele>
      </trkpt>
      <trkpt lat="36.8335357" lon="138.2692134">
        <ele>1238.8565978523627</ele>
      </trkpt>
      <trkpt lat="36.8335387" lon="138.2692222">
        <ele>1239.0796724517368</ele>
      </trkpt>
      <trkpt lat="36.8335418" lon="138.269231">
        <ele>1239.2796866689446</ele>
      </trkpt>
      <trkpt lat="36.8335448" lon="138.2692405">
        <ele>1239.4942140631824</ele>
      </trkpt>
      <trkpt lat="36.8335478" lon="138.2692501">
        <ele>1239.7152835722677</ele>
      </trkpt>
      <trkpt lat="36.8335515" lon="138.2692599">
        <ele>1239.9591674252913</ele>
      </trkpt>
      <trkpt lat="36.8335553" lon="138.2692697">
        <ele>1240.211349956071</ele>
      </trkpt>
      <trkpt lat="36.8335596" lon="138.2692789">
        <ele>1240.470157262249</ele>
      </trkpt>
      <trkpt lat="36.833564" lon="138.2692881">
        <ele>1240.7379789503696</ele>
      </trkpt>
      <trkpt lat="36.8335689" lon="138.2692964">
        <ele>1240.9984058598952</ele>
      </trkpt>
      <trkpt lat="36.8335739" lon="138.2693047">
        <ele>1241.2622695032712</ele>
      </trkpt>
      <trkpt lat="36.8335797" lon="138.2693118">
        <ele>1241.5300783727569</ele>
      </trkpt>
      <trkpt lat="36.8335856" lon="138.269319">
        <ele>1241.8078263335794</ele>
      </trkpt>
      <trkpt lat="36.8335911" lon="138.2693256">
        <ele>1242.0698424013638</ele>
      </trkpt>
      <trkpt lat="36.8335967" lon="138.2693322">
        <ele>1242.3393926550184</ele>
      </trkpt>
      <trkpt lat="36.8336008" lon="138.2693411">
        <ele>1242.6186810477366</ele>
      </trkpt>
      <trkpt lat="36.833605" lon="138.2693501">
        <ele>1242.9076147864776</ele>
      </trkpt>
      <trkpt lat="36.8336087" lon="138.2693622">
        <ele>1243.23965059975</ele>
      </trkpt>
      <trkpt lat="36.8336124" lon="138.2693744">
        <ele>1243.5625961770702</ele>
      </trkpt>
      <trkpt lat="36.8336164" lon="138.2693878">
        <ele>1243.882621465577</ele>
      </trkpt>
      <trkpt lat="36.8336204" lon="138.2694012">
        <ele>1244.1996692556934</ele>
      </trkpt>
      <trkpt lat="36.8336244" lon="138.2694141">
        <ele>1244.5135822240024</ele>
      </trkpt>
      <trkpt lat="36.8336285" lon="138.2694271">
        <ele>1244.8369237438533</ele>
      </trkpt>
      <trkpt lat="36.8336326" lon="138.2694388">
        <ele>1245.1428150271158</ele>
      </trkpt>
      <trkpt lat="36.8336367" lon="138.2694506">
        <ele>1245.4553680599538</ele>
      </trkpt>
      <trkpt lat="36.8336412" lon="138.26946">
        <ele>1245.7400421835646</ele>
      </trkpt>
      <trkpt lat="36.8336457" lon="138.2694694">
        <ele>1246.0140641604544</ele>
      </trkpt>
      <trkpt lat="36.8336511" lon="138.2694765">
        <ele>1246.2760027170498</ele>
      </trkpt>
      <trkpt lat="36.8336566" lon="138.2694836">
        <ele>1246.5472420416063</ele>
      </trkpt>
      <trkpt lat="36.8336621" lon="138.2694898">
        <ele>1246.8093921533743</ele>
      </trkpt>
      <trkpt lat="36.8336677" lon="138.269496">
        <ele>1247.080229093571</ele>
      </trkpt>
      <trkpt lat="36.8336722" lon="138.2695026">
        <ele>1247.3317627957651</ele>
      </trkpt>
      <trkpt lat="36.8336768" lon="138.2695093">
        <ele>1247.586638534995</ele>
      </trkpt>
      <trkpt lat="36.8336811" lon="138.2695186">
        <ele>1247.8539810559764</ele>
      </trkpt>
      <trkpt lat="36.8336854" lon="138.269528">
        <ele>1248.1273045722405</ele>
      </trkpt>
      <trkpt lat="36.8336889" lon="138.26954">
        <ele>1248.4367234360907</ele>
      </trkpt>
      <trkpt lat="36.8336925" lon="138.269552">
        <ele>1248.7370608484066</ele>
      </trkpt>
      <trkpt lat="36.8336955" lon="138.2695655">
        <ele>1249.0142118411827</ele>
      </trkpt>
      <trkpt lat="36.8336985" lon="138.269579">
        <ele>1249.2968577919544</ele>
      </trkpt>
      <trkpt lat="36.8337022" lon="138.2695915">
        <ele>1249.587641089852</ele>
      </trkpt>
      <trkpt lat="36.8337059" lon="138.2696041">
        <ele>1249.8863000457713</ele>
      </trkpt>
      <trkpt lat="36.8337104" lon="138.2696147">
        <ele>1250.1810011366451</ele>
      </trkpt>
      <trkpt lat="36.8337149" lon="138.2696253">
        <ele>1250.482174071626</ele>
      </trkpt>
      <trkpt lat="36.8337187" lon="138.2696359">
        <ele>1250.7662393448006</ele>
      </trkpt>
      <trkpt lat="36.8337225" lon="138.2696465">
        <ele>1251.0380858430829</ele>
      </trkpt>
      <trkpt lat="36.8337248" lon="138.269657">
        <ele>1251.267087460243</ele>
      </trkpt>
      <trkpt lat="36.8337271" lon="138.2696675">
        <ele>1251.4985465468612</ele>
      </trkpt>
      <trkpt lat="36.8337307" lon="138.2696775">
        <ele>1251.7654063542684</ele>
      </trkpt>
      <trkpt lat="36.8337343" lon="138.2696876">
        <ele>1252.0375073986079</ele>
      </trkpt>
      <trkpt lat="36.8337396" lon="138.2696968">
        <ele>1252.353845392948</ele>
      </trkpt>
      <trkpt lat="36.833745" lon="138.2697061">
        <ele>1252.6789237801986</ele>
      </trkpt>
      <trkpt lat="36.8337514" lon="138.2697137">
        <ele>1252.9865717789623</ele>
      </trkpt>
      <trkpt lat="36.8337578" lon="138.2697213">
        <ele>1253.297970572524</ele>
      </trkpt>
      <trkpt lat="36.8337637" lon="138.2697287">
        <ele>1253.58319889742</ele>
      </trkpt>
      <trkpt lat="36.8337697" lon="138.2697362">
        <ele>1253.8789382959917</ele>
      </trkpt>
      <trkpt lat="36.8337735" lon="138.2697455">
        <ele>1254.1418842308747</ele>
      </trkpt>
      <trkpt lat="36.8337774" lon="138.2697548">
        <ele>1254.412771922626</ele>
      </trkpt>
      <trkpt lat="36.8337801" lon="138.2697643">
        <ele>1254.6533366713707</ele>
      </trkpt>
      <trkpt lat="36.8337829" lon="138.2697739">
        <ele>1254.9023142258927</ele>
      </trkpt>
      <trkpt lat="36.8337867" lon="138.2697811">
        <ele>1255.1479709587427</ele>
      </trkpt>
      <trkpt lat="36.8337906" lon="138.2697883">
        <ele>1255.4007140010667</ele>
      </trkpt>
      <trkpt lat="36.8337964" lon="138.269794">
        <ele>1255.6960769037796</ele>
      </trkpt>
      <trkpt lat="36.8338022" lon="138.2697998">
        <ele>1255.997713145217</ele>
      </trkpt>
      <trkpt lat="36.833808" lon="138.2698063">
        <ele>1256.3157907276002</ele>
      </trkpt>
      <trkpt lat="36.8338138" lon="138.2698129">
        <ele>1256.6233402343257</ele>
      </trkpt>
      <trkpt lat="36.8338178" lon="138.269821">
        <ele>1256.8645556620309</ele>
      </trkpt>
      <trkpt lat="36.8338219" lon="138.2698292">
        <ele>1257.114633033481</ele>
      </trkpt>
      <trkpt lat="36.8338233" lon="138.2698381">
        <ele>1257.3046437152816</ele>
      </trkpt>
      <trkpt lat="36.8338248" lon="138.269847">
        <ele>1257.4992439134849</ele>
      </trkpt>
      <trkpt lat="36.8338252" lon="138.2698572">
        <ele>1257.685343287405</ele>
      </trkpt>
      <trkpt lat="36.8338257" lon="138.2698675">
        <ele>1257.8767477952083</ele>
      </trkpt>
      <trkpt lat="36.8338269" lon="138.2698781">
        <ele>1258.0957734741814</ele>
      </trkpt>
      <trkpt lat="36.8338281" lon="138.2698888">
        <ele>1258.318255471776</ele>
      </trkpt>
      <trkpt lat="36.8338315" lon="138.2698987">
        <ele>1258.5736021764271</ele>
      </trkpt>
      <trkpt lat="36.8338349" lon="138.2699087">
        <ele>1258.8227625084864</ele>
      </trkpt>
      <trkpt lat="36.8338388" lon="138.2699176">
        <ele>1259.0765646707946</ele>
      </trkpt>
      <trkpt lat="36.8338428" lon="138.2699265">
        <ele>1259.3372782158374</ele>
      </trkpt>
      <trkpt lat="36.8338448" lon="138.2699352">
        <ele>1259.530239865403</ele>
      </trkpt>
      <trkpt lat="36.8338469" lon="138.2699439">
        <ele>1259.7284399803116</ele>
      </trkpt>
      <trkpt lat="36.8338478" lon="138.2699519">
        <ele>1259.8761591940531</ele>
      </trkpt>
      <trkpt lat="36.8338488" lon="138.26996">
        <ele>1260.029621783371</ele>
      </trkpt>
      <trkpt lat="36.8338507" lon="138.2699691">
        <ele>1260.2309386500183</ele>
      </trkpt>
      <trkpt lat="36.8338526" lon="138.2699782">
        <ele>1260.4318114479097</ele>
      </trkpt>
      <trkpt lat="36.8338567" lon="138.2699878">
        <ele>1260.6917518587622</ele>
      </trkpt>
      <trkpt lat="36.8338608" lon="138.2699975">
        <ele>1260.9568704721128</ele>
      </trkpt>
      <trkpt lat="36.8338654" lon="138.2700067">
        <ele>1261.2390038000322</ele>
      </trkpt>
      <trkpt lat="36.83387" lon="138.2700159">
        <ele>1261.525443563998</ele>
      </trkpt>
      <trkpt lat="36.8338745" lon="138.2700246">
        <ele>1261.8060953709958</ele>
      </trkpt>
      <trkpt lat="36.833879" lon="138.2700334">
        <ele>1262.0919966130657</ele>
      </trkpt>
      <trkpt lat="36.833883" lon="138.2700419">
        <ele>1262.354200569205</ele>
      </trkpt>
      <trkpt lat="36.8338871" lon="138.2700504">
        <ele>1262.609217219569</ele>
      </trkpt>
      <trkpt lat="36.8338914" lon="138.270059">
        <ele>1262.8775239087404</ele>
      </trkpt>
      <trkpt lat="36.8338957" lon="138.2700676">
        <ele>1263.1352036350404</ele>
      </trkpt>
      <trkpt lat="36.8339005" lon="138.2700759">
        <ele>1263.3960211137019</ele>
      </trkpt>
      <trkpt lat="36.8339053" lon="138.2700842">
        <ele>1263.6608926697793</ele>
      </trkpt>
      <trkpt lat="36.8339103" lon="138.2700915">
        <ele>1263.9266397624442</ele>
      </trkpt>
      <trkpt lat="36.8339154" lon="138.2700989">
        <ele>1264.20102159751</ele>
      </trkpt>
      <trkpt lat="36.8339205" lon="138.2701046">
        <ele>1264.4600814593166</ele>
      </trkpt>
      <trkpt lat="36.8339257" lon="138.2701104">
        <ele>1264.727130915751</ele>
      </trkpt>
      <trkpt lat="36.8339307" lon="138.2701151">
        <ele>1264.9764637518201</ele>
      </trkpt>
      <trkpt lat="36.8339358" lon="138.2701198">
        <ele>1265.2321140652584</ele>
      </trkpt>
      <trkpt lat="36.8339427" lon="138.2701238">
        <ele>1265.552623374078</ele>
      </trkpt>
      <trkpt lat="36.8339496" lon="138.2701279">
        <ele>1265.8772165041112</ele>
      </trkpt>
      <trkpt lat="36.8339578" lon="138.2701321">
        <ele>1266.205213129475</ele>
      </trkpt>
      <trkpt lat="36.833966" lon="138.2701364">
        <ele>1266.5297523000695</ele>
      </trkpt>
      <trkpt lat="36.833974" lon="138.2701416">
        <ele>1266.8654432267333</ele>
      </trkpt>
      <trkpt lat="36.833982" lon="138.2701468">
        <ele>1267.2067784029307</ele>
      </trkpt>
      <trkpt lat="36.8339888" lon="138.2701523">
        <ele>1267.5016947662314</ele>
      </trkpt>
      <trkpt lat="36.8339956" lon="138.2701578">
        <ele>1267.78780338681</ele>
      </trkpt>
      <trkpt lat="36.834001" lon="138.270164">
        <ele>1268.0373382213902</ele>
      </trkpt>
      <trkpt lat="36.8340064" lon="138.2701702">
        <ele>1268.2902799548663</ele>
      </trkpt>
      <trkpt lat="36.8340108" lon="138.2701778">
        <ele>1268.5274542526754</ele>
      </trkpt>
      <trkpt lat="36.8340153" lon="138.2701855">
        <ele>1268.7727069466916</ele>
      </trkpt>
      <trkpt lat="36.8340191" lon="138.2701945">
        <ele>1269.0116001407782</ele>
      </trkpt>
      <trkpt lat="36.8340229" lon="138.2702035">
        <ele>1269.2424003113733</ele>
      </trkpt>
      <trkpt lat="36.8340265" lon="138.2702114">
        <ele>1269.4562329539544</ele>
      </trkpt>
      <trkpt lat="36.8340301" lon="138.2702193">
        <ele>1269.673924298208</ele>
      </trkpt>
      <trkpt lat="36.8340323" lon="138.2702233">
        <ele>1269.798496738693</ele>
      </trkpt>
      <trkpt lat="36.8340346" lon="138.2702274">
        <ele>1269.928971346556</ele>
      </trkpt>
      <trkpt lat="36.8340398" lon="138.2702321">
        <ele>1270.169154590808</ele>
      </trkpt>
      <trkpt lat="36.8340451" lon="138.2702368">
        <ele>1270.4052790890958</ele>
      </trkpt>
      <trkpt lat="36.8340514" lon="138.2702385">
        <ele>1270.6385927827541</ele>
      </trkpt>
      <trkpt lat="36.8340578" lon="138.2702403">
        <ele>1270.8772932874579</ele>
      </trkpt>
      <trkpt lat="36.8340642" lon="138.2702416">
        <ele>1271.1131172802598</ele>
      </trkpt>
      <trkpt lat="36.8340707" lon="138.270243">
        <ele>1271.3541642522089</ele>
      </trkpt>
      <trkpt lat="36.8340773" lon="138.2702447">
        <ele>1271.6023076125098</ele>
      </trkpt>
      <trkpt lat="36.8340839" lon="138.2702465">
        <ele>1271.8525027190037</ele>
      </trkpt>
      <trkpt lat="36.8340899" lon="138.2702493">
        <ele>1272.0826752704359</ele>
      </trkpt>
      <trkpt lat="36.8340959" lon="138.2702522">
        <ele>1272.2916887752513</ele>
      </trkpt>
      <trkpt lat="36.8340999" lon="138.270257">
        <ele>1272.4613297100043</ele>
      </trkpt>
      <trkpt lat="36.834104" lon="138.2702619">
        <ele>1272.6377074099842</ele>
      </trkpt>
      <trkpt lat="36.8341072" lon="138.2702685">
        <ele>1272.806702842049</ele>
      </trkpt>
      <trkpt lat="36.8341105" lon="138.2702751">
        <ele>1272.9817467763335</ele>
      </trkpt>
      <trkpt lat="36.834115" lon="138.2702819">
        <ele>1273.200705895533</ele>
      </trkpt>
      <trkpt lat="36.8341195" lon="138.2702888">
        <ele>1273.4249609309209</ele>
      </trkpt>
      <trkpt lat="36.8341259" lon="138.2702949">
        <ele>1273.707059919334</ele>
      </trkpt>
      <trkpt lat="36.8341324" lon="138.270301">
        <ele>1273.9978144904399</ele>
      </trkpt>
      <trkpt lat="36.83414" lon="138.2703057">
        <ele>1274.3133843611713</ele>
      </trkpt>
      <trkpt lat="36.8341477" lon="138.2703105">
        <ele>1274.638558586277</ele>
      </trkpt>
      <trkpt lat="36.8341556" lon="138.2703144">
        <ele>1274.9631575218493</ele>
      </trkpt>
      <trkpt lat="36.8341635" lon="138.2703184">
        <ele>1275.2745456344544</ele>
      </trkpt>
      <trkpt lat="36.8341706" lon="138.2703238">
        <ele>1275.5640089390056</ele>
      </trkpt>
      <trkpt lat="36.8341777" lon="138.2703292">
        <ele>1275.8444327631742</ele>
      </trkpt>
      <trkpt lat="36.8341845" lon="138.2703358">
        <ele>1276.1322027504737</ele>
      </trkpt>
      <trkpt lat="36.8341913" lon="138.2703425">
        <ele>1276.4271107059294</ele>
      </trkpt>
      <trkpt lat="36.8341988" lon="138.2703478">
        <ele>1276.73656797066</ele>
      </trkpt>
      <trkpt lat="36.8342064" lon="138.2703532">
        <ele>1277.0559905958385</ele>
      </trkpt>
      <trkpt lat="36.8342148" lon="138.2703574">
        <ele>1277.394150564365</ele>
      </trkpt>
      <trkpt lat="36.8342233" lon="138.2703616">
        <ele>1277.7405759597511</ele>
      </trkpt>
      <trkpt lat="36.8342317" lon="138.2703657">
        <ele>1278.0559060969508</ele>
      </trkpt>
      <trkpt lat="36.8342401" lon="138.2703699">
        <ele>1278.36430089011</ele>
      </trkpt>
      <trkpt lat="36.8342478" lon="138.2703762">
        <ele>1278.6843122587843</ele>
      </trkpt>
      <trkpt lat="36.8342556" lon="138.2703826">
        <ele>1279.013773299217</ele>
      </trkpt>
      <trkpt lat="36.8342621" lon="138.2703916">
        <ele>1279.345999708899</ele>
      </trkpt>
      <trkpt lat="36.8342686" lon="138.2704007">
        <ele>1279.6856792584338</ele>
      </trkpt>
      <trkpt lat="36.8342738" lon="138.2704108">
        <ele>1279.9748890768133</ele>
      </trkpt>
      <trkpt lat="36.8342791" lon="138.270421">
        <ele>1280.2306200171713</ele>
      </trkpt>
      <trkpt lat="36.8342849" lon="138.2704303">
        <ele>1280.5027155489822</ele>
      </trkpt>
      <trkpt lat="36.8342907" lon="138.2704397">
        <ele>1280.7830370679706</ele>
      </trkpt>
      <trkpt lat="36.8342973" lon="138.270448">
        <ele>1281.0774709893858</ele>
      </trkpt>
      <trkpt lat="36.8343039" lon="138.2704563">
        <ele>1281.3648849867473</ele>
      </trkpt>
      <trkpt lat="36.8343109" lon="138.2704635">
        <ele>1281.6595165057938</ele>
      </trkpt>
      <trkpt lat="36.834318" lon="138.2704707">
        <ele>1281.9625135806073</ele>
      </trkpt>
      <trkpt lat="36.8343255" lon="138.2704766">
        <ele>1282.2696279665468</ele>
      </trkpt>
      <trkpt lat="36.8343331" lon="138.2704825">
        <ele>1282.5845421328954</ele>
      </trkpt>
      <trkpt lat="36.8343376" lon="138.2704854">
        <ele>1282.7663176070007</ele>
      </trkpt>
      <trkpt lat="36.8343421" lon="138.2704884">
        <ele>1282.9505961750351</ele>
      </trkpt>
      <trkpt lat="36.8343494" lon="138.270492">
        <ele>1283.2371034392172</ele>
      </trkpt>
      <trkpt lat="36.8343568" lon="138.2704957">
        <ele>1283.5159034828446</ele>
      </trkpt>
      <trkpt lat="36.8343626" lon="138.2705007">
        <ele>1283.7519626720436</ele>
      </trkpt>
      <trkpt lat="36.8343685" lon="138.2705057">
        <ele>1283.9862038124354</ele>
      </trkpt>
      <trkpt lat="36.8343735" lon="138.2705128">
        <ele>1284.2113615113271</ele>
      </trkpt>
      <trkpt lat="36.8343786" lon="138.27052">
        <ele>1284.444368111047</ele>
      </trkpt>
      <trkpt lat="36.8343839" lon="138.270527">
        <ele>1284.6860253333339</ele>
      </trkpt>
      <trkpt lat="36.8343892" lon="138.2705341">
        <ele>1284.932406575062</ele>
      </trkpt>
      <trkpt lat="36.8343954" lon="138.2705401">
        <ele>1285.2028839974705</ele>
      </trkpt>
      <trkpt lat="36.8344017" lon="138.2705461">
        <ele>1285.4806218216445</ele>
      </trkpt>
      <trkpt lat="36.8344082" lon="138.2705519">
        <ele>1285.767126285066</ele>
      </trkpt>
      <trkpt lat="36.8344147" lon="138.2705577">
        <ele>1286.0574670971212</ele>
      </trkpt>
      <trkpt lat="36.8344208" lon="138.2705633">
        <ele>1286.3351713537406</ele>
      </trkpt>
      <trkpt lat="36.8344269" lon="138.2705689">
        <ele>1286.6163517295358</ele>
      </trkpt>
      <trkpt lat="36.8344329" lon="138.2705731">
        <ele>1286.8790673582464</ele>
      </trkpt>
      <trkpt lat="36.834439" lon="138.2705773">
        <ele>1287.1409711751687</ele>
      </trkpt>
      <trkpt lat="36.8344456" lon="138.2705799">
        <ele>1287.3933445145544</ele>
      </trkpt>
      <trkpt lat="36.8344522" lon="138.2705825">
        <ele>1287.640331771559</ele>
      </trkpt>
      <trkpt lat="36.8344595" lon="138.2705863">
        <ele>1287.9222754093998</ele>
      </trkpt>
      <trkpt lat="36.8344668" lon="138.2705901">
        <ele>1288.2079828149474</ele>
      </trkpt>
      <trkpt lat="36.8344743" lon="138.2705948">
        <ele>1288.5114457173079</ele>
      </trkpt>
      <trkpt lat="36.8344818" lon="138.2705995">
        <ele>1288.8196913414426</ele>
      </trkpt>
      <trkpt lat="36.8344893" lon="138.2706035">
        <ele>1289.1267231906224</ele>
      </trkpt>
      <trkpt lat="36.8344969" lon="138.2706075">
        <ele>1289.4415166006036</ele>
      </trkpt>
      <trkpt lat="36.8345044" lon="138.2706109">
        <ele>1289.7357688540324</ele>
      </trkpt>
      <trkpt lat="36.8345119" lon="138.2706144">
        <ele>1290.0217486715576</ele>
      </trkpt>
      <trkpt lat="36.8345187" lon="138.2706189">
        <ele>1290.299307305885</ele>
      </trkpt>
      <trkpt lat="36.8345255" lon="138.2706235">
        <ele>1290.5832004567385</ele>
      </trkpt>
      <trkpt lat="36.8345308" lon="138.27063">
        <ele>1290.8428252998774</ele>
      </trkpt>
      <trkpt lat="36.8345361" lon="138.2706365">
        <ele>1291.1082928485425</ele>
      </trkpt>
      <trkpt lat="36.8345409" lon="138.2706432">
        <ele>1291.3641294565612</ele>
      </trkpt>
      <trkpt lat="36.8345458" lon="138.27065">
        <ele>1291.6304006742748</ele>
      </trkpt>
      <trkpt lat="36.8345512" lon="138.2706556">
        <ele>1291.9045800751633</ele>
      </trkpt>
      <trkpt lat="36.8345566" lon="138.2706612">
        <ele>1292.1838881720034</ele>
      </trkpt>
      <trkpt lat="36.8345622" lon="138.2706655">
        <ele>1292.4496762013246</ele>
      </trkpt>
      <trkpt lat="36.8345678" lon="138.2706699">
        <ele>1292.702730333873</ele>
      </trkpt>
      <trkpt lat="36.8345733" lon="138.2706742">
        <ele>1292.9482211755276</ele>
      </trkpt>
      <trkpt lat="36.8345789" lon="138.2706785">
        <ele>1293.1987435066587</ele>
      </trkpt>
      <trkpt lat="36.8345849" lon="138.2706833">
        <ele>1293.472789944539</ele>
      </trkpt>
      <trkpt lat="36.8345909" lon="138.2706882">
        <ele>1293.751823828721</ele>
      </trkpt>
      <trkpt lat="36.8345973" lon="138.2706933">
        <ele>1294.052433912723</ele>
      </trkpt>
      <trkpt lat="36.8346037" lon="138.2706985">
        <ele>1294.3586392912175</ele>
      </trkpt>
      <trkpt lat="36.8346104" lon="138.2707029">
        <ele>1294.6713841450028</ele>
      </trkpt>
      <trkpt lat="36.8346172" lon="138.2707074">
        <ele>1294.9933186282467</ele>
      </trkpt>
      <trkpt lat="36.8346214" lon="138.270711">
        <ele>1295.204793721751</ele>
      </trkpt>
      <trkpt lat="36.8346256" lon="138.2707147">
        <ele>1295.4196355634951</ele>
      </trkpt>
      <trkpt lat="36.8346298" lon="138.2707184">
        <ele>1295.6365858734166</ele>
      </trkpt>
      <trkpt lat="36.8346338" lon="138.270725">
        <ele>1295.8873367401566</ele>
      </trkpt>
      <trkpt lat="36.8346379" lon="138.2707317">
        <ele>1296.1467747907163</ele>
      </trkpt>
      <trkpt lat="36.8346422" lon="138.2707397">
        <ele>1296.418398836391</ele>
      </trkpt>
      <trkpt lat="36.8346466" lon="138.2707477">
        <ele>1296.6984591327923</ele>
      </trkpt>
      <trkpt lat="36.8346519" lon="138.2707558">
        <ele>1296.987051485832</ele>
      </trkpt>
      <trkpt lat="36.8346573" lon="138.2707639">
        <ele>1297.2735115591347</ele>
      </trkpt>
      <trkpt lat="36.8346635" lon="138.2707705">
        <ele>1297.5836564850574</ele>
      </trkpt>
      <trkpt lat="36.8346697" lon="138.2707772">
        <ele>1297.9018274230004</ele>
      </trkpt>
      <trkpt lat="36.8346745" lon="138.2707836">
        <ele>1298.1666574121205</ele>
      </trkpt>
      <trkpt lat="36.8346793" lon="138.2707901">
        <ele>1298.4378648979987</ele>
      </trkpt>
      <trkpt lat="36.8346824" lon="138.2707971">
        <ele>1298.6492797691694</ele>
      </trkpt>
      <trkpt lat="36.8346855" lon="138.2708042">
        <ele>1298.865594918981</ele>
      </trkpt>
      <trkpt lat="36.8346878" lon="138.2708107">
        <ele>1299.0437724365986</ele>
      </trkpt>
      <trkpt lat="36.8346901" lon="138.2708172">
        <ele>1299.224485471635</ele>
      </trkpt>
      <trkpt lat="36.8346918" lon="138.2708237">
        <ele>1299.3812778192464</ele>
      </trkpt>
      <trkpt lat="36.8346935" lon="138.2708302">
        <ele>1299.5399442447986</ele>
      </trkpt>
      <trkpt lat="36.8346963" lon="138.2708369">
        <ele>1299.7460228577086</ele>
      </trkpt>
      <trkpt lat="36.8346992" lon="138.2708437">
        <ele>1299.9220473407777</ele>
      </trkpt>
      <trkpt lat="36.8347031" lon="138.2708506">
        <ele>1300.1466305323252</ele>
      </trkpt>
      <trkpt lat="36.8347071" lon="138.2708576">
        <ele>1300.3779871772529</ele>
      </trkpt>
      <trkpt lat="36.8347128" lon="138.2708624">
        <ele>1300.6652281826387</ele>
      </trkpt>
      <trkpt lat="36.8347185" lon="138.2708672">
        <ele>1300.9571094540813</ele>
      </trkpt>
      <trkpt lat="36.8347252" lon="138.2708693">
        <ele>1301.275754820916</ele>
      </trkpt>
      <trkpt lat="36.834732" lon="138.2708714">
        <ele>1301.6013092082208</ele>
      </trkpt>
      <trkpt lat="36.8347391" lon="138.2708725">
        <ele>1301.9331527225263</ele>
      </trkpt>
      <trkpt lat="36.8347463" lon="138.2708736">
        <ele>1302.2708622236764</ele>
      </trkpt>
      <trkpt lat="36.8347527" lon="138.2708764">
        <ele>1302.5920523236432</ele>
      </trkpt>
      <trkpt lat="36.8347591" lon="138.2708792">
        <ele>1302.9162816751461</ele>
      </trkpt>
      <trkpt lat="36.834762" lon="138.2708821">
        <ele>1303.0832782990788</ele>
      </trkpt>
      <trkpt lat="36.834765" lon="138.2708851">
        <ele>1303.2575343903036</ele>
      </trkpt>
      <trkpt lat="36.8347688" lon="138.2708907">
        <ele>1303.5025413173967</ele>
      </trkpt>
      <trkpt lat="36.8347726" lon="138.2708963">
        <ele>1303.7511573364582</ele>
      </trkpt>
      <trkpt lat="36.8347753" lon="138.2709018">
        <ele>1303.9491471271986</ele>
      </trkpt>
      <trkpt lat="36.834778" lon="138.2709074">
        <ele>1304.1408194578428</ele>
      </trkpt>
      <trkpt lat="36.8347787" lon="138.2709118">
        <ele>1304.2290712450238</ele>
      </trkpt>
      <trkpt lat="36.8347795" lon="138.2709162">
        <ele>1304.3221210609863</ele>
      </trkpt>
      <trkpt lat="36.8347803" lon="138.2709206">
        <ele>1304.4155290724175</ele>
      </trkpt>
      <trkpt lat="36.8347796" lon="138.2709278">
        <ele>1304.4281747763116</ele>
      </trkpt>
      <trkpt lat="36.8347789" lon="138.270935">
        <ele>1304.4312781216627</ele>
      </trkpt>
      <trkpt lat="36.8347795" lon="138.2709432">
        <ele>1304.498767211072</ele>
      </trkpt>
      <trkpt lat="36.8347802" lon="138.2709514">
        <ele>1304.5714206646196</ele>
      </trkpt>
      <trkpt lat="36.8347831" lon="138.2709591">
        <ele>1304.745646556561</ele>
      </trkpt>
      <trkpt lat="36.834786" lon="138.2709669">
        <ele>1304.9226657188483</ele>
      </trkpt>
      <trkpt lat="36.8347897" lon="138.270974">
        <ele>1305.1364661895232</ele>
      </trkpt>
      <trkpt lat="36.8347935" lon="138.2709812">
        <ele>1305.3583138490158</ele>
      </trkpt>
      <trkpt lat="36.8347979" lon="138.2709874">
        <ele>1305.6062422870295</ele>
      </trkpt>
      <trkpt lat="36.8348023" lon="138.2709937">
        <ele>1305.8575506505854</ele>
      </trkpt>
      <trkpt lat="36.8348077" lon="138.2709986">
        <ele>1306.1519503590062</ele>
      </trkpt>
      <trkpt lat="36.8348131" lon="138.2710036">
        <ele>1306.4497015061706</ele>
      </trkpt>
      <trkpt lat="36.8348189" lon="138.2710069">
        <ele>1306.75831697623</ele>
      </trkpt>
      <trkpt lat="36.8348248" lon="138.2710103">
        <ele>1307.0561472541253</ele>
      </trkpt>
      <trkpt lat="36.8348307" lon="138.2710134">
        <ele>1307.350934812021</ele>
      </trkpt>
      <trkpt lat="36.8348367" lon="138.2710165">
        <ele>1307.6519429236057</ele>
      </trkpt>
      <trkpt lat="36.8348423" lon="138.2710197">
        <ele>1307.93436295242</ele>
      </trkpt>
      <trkpt lat="36.8348479" lon="138.271023">
        <ele>1308.2112556057891</ele>
      </trkpt>
      <trkpt lat="36.8348532" lon="138.2710261">
        <ele>1308.4713460631983</ele>
      </trkpt>
      <trkpt lat="36.8348586" lon="138.2710293">
        <ele>1308.7369757956128</ele>
      </trkpt>
      <trkpt lat="36.834863" lon="138.2710334">
        <ele>1308.9560707443209</ele>
      </trkpt>
      <trkpt lat="36.8348675" lon="138.2710375">
        <ele>1309.180632209736</ele>
      </trkpt>
      <trkpt lat="36.8348709" lon="138.2710425">
        <ele>1309.3538032757288</ele>
      </trkpt>
      <trkpt lat="36.8348744" lon="138.2710476">
        <ele>1309.532590774064</ele>
      </trkpt>
      <trkpt lat="36.8348783" lon="138.2710519">
        <ele>1309.7301064036924</ele>
      </trkpt>
      <trkpt lat="36.8348822" lon="138.2710563">
        <ele>1309.9283723478698</ele>
      </trkpt>
      <trkpt lat="36.8348866" lon="138.2710596">
        <ele>1310.149611827666</ele>
      </trkpt>
      <trkpt lat="36.834891" lon="138.271063">
        <ele>1310.3715402300302</ele>
      </trkpt>
      <trkpt lat="36.8348964" lon="138.2710654">
        <ele>1310.6409566237223</ele>
      </trkpt>
      <trkpt lat="36.8349019" lon="138.2710679">
        <ele>1310.9159334961678</ele>
      </trkpt>
      <trkpt lat="36.8349083" lon="138.2710699">
        <ele>1311.2344416210578</ele>
      </trkpt>
      <trkpt lat="36.8349148" lon="138.2710719">
        <ele>1311.5454586490612</ele>
      </trkpt>
      <trkpt lat="36.8349276" lon="138.2710777">
        <ele>1312.1147737737701</ele>
      </trkpt>
      <trkpt lat="36.8349365" lon="138.2710819">
        <ele>1312.512567313164</ele>
      </trkpt>
      <trkpt lat="36.8349455" lon="138.2710862">
        <ele>1312.9162723946415</ele>
      </trkpt>
      <trkpt lat="36.8349536" lon="138.2710883">
        <ele>1313.2753740375413</ele>
      </trkpt>
      <trkpt lat="36.8349617" lon="138.2710905">
        <ele>1313.6353689967837</ele>
      </trkpt>
      <trkpt lat="36.8349698" lon="138.2710905">
        <ele>1313.9887076477257</ele>
      </trkpt>
      <trkpt lat="36.8349779" lon="138.2710905">
        <ele>1314.342046336344</ele>
      </trkpt>
      <trkpt lat="36.8349853" lon="138.2710914">
        <ele>1314.656385142656</ele>
      </trkpt>
      <trkpt lat="36.8349927" lon="138.2710923">
        <ele>1314.9610770584502</ele>
      </trkpt>
      <trkpt lat="36.8350004" lon="138.2710938">
        <ele>1315.2731960115834</ele>
      </trkpt>
      <trkpt lat="36.8350082" lon="138.2710953">
        <ele>1315.5711533777073</ele>
      </trkpt>
      <trkpt lat="36.8350163" lon="138.2710961">
        <ele>1315.890311033567</ele>
      </trkpt>
      <trkpt lat="36.8350244" lon="138.2710969">
        <ele>1316.209248922047</ele>
      </trkpt>
      <trkpt lat="36.8350321" lon="138.2710985">
        <ele>1316.5007505647802</ele>
      </trkpt>
      <trkpt lat="36.8350399" lon="138.2711001">
        <ele>1316.7958988629407</ele>
      </trkpt>
      <trkpt lat="36.8350469" lon="138.2711036">
        <ele>1317.0316649685549</ele>
      </trkpt>
      <trkpt lat="36.8350539" lon="138.2711072">
        <ele>1317.2433287825445</ele>
      </trkpt>
      <trkpt lat="36.8350598" lon="138.2711114">
        <ele>1317.3907345047228</ele>
      </trkpt>
      <trkpt lat="36.8350657" lon="138.2711156">
        <ele>1317.5381402425476</ele>
      </trkpt>
      <trkpt lat="36.8350713" lon="138.2711187">
        <ele>1317.6904441270985</ele>
      </trkpt>
      <trkpt lat="36.8350769" lon="138.2711218">
        <ele>1317.8427480256194</ele>
      </trkpt>
      <trkpt lat="36.8350834" lon="138.271123">
        <ele>1318.0530588207773</ele>
      </trkpt>
      <trkpt lat="36.8350899" lon="138.2711243">
        <ele>1318.261971534044</ele>
      </trkpt>
      <trkpt lat="36.8350966" lon="138.2711239">
        <ele>1318.501639313624</ele>
      </trkpt>
      <trkpt lat="36.8351033" lon="138.2711236">
        <ele>1318.7399090124302</ele>
      </trkpt>
      <trkpt lat="36.8351096" lon="138.2711244">
        <ele>1318.948824965582</ele>
      </trkpt>
      <trkpt lat="36.835116" lon="138.2711253">
        <ele>1319.1598364979031</ele>
      </trkpt>
      <trkpt lat="36.8351221" lon="138.2711282">
        <ele>1319.3254120183908</ele>
      </trkpt>
      <trkpt lat="36.8351283" lon="138.2711311">
        <ele>1319.488313312186</ele>
      </trkpt>
      <trkpt lat="36.8351355" lon="138.2711339">
        <ele>1319.6848231985316</ele>
      </trkpt>
      <trkpt lat="36.8351428" lon="138.2711367">
        <ele>1319.8839238830155</ele>
      </trkpt>
      <trkpt lat="36.8351514" lon="138.2711371">
        <ele>1320.1597255502784</ele>
      </trkpt>
      <trkpt lat="36.8351601" lon="138.2711376">
        <ele>1320.4372154684568</ele>
      </trkpt>
      <trkpt lat="36.8351692" lon="138.2711354">
        <ele>1320.7677088175826</ele>
      </trkpt>
      <trkpt lat="36.8351783" lon="138.2711332">
        <ele>1321.0988812844762</ele>
      </trkpt>
      <trkpt lat="36.835187" lon="138.2711304">
        <ele>1321.4266795772826</ele>
      </trkpt>
      <trkpt lat="36.8351958" lon="138.2711277">
        <ele>1321.7546133186547</ele>
      </trkpt>
      <trkpt lat="36.8352046" lon="138.2711261">
        <ele>1322.0653261654911</ele>
      </trkpt>
      <trkpt lat="36.8352135" lon="138.2711246">
        <ele>1322.3773464691476</ele>
      </trkpt>
      <trkpt lat="36.835224" lon="138.2711235">
        <ele>1322.7351512388586</ele>
      </trkpt>
      <trkpt lat="36.8352346" lon="138.2711224">
        <ele>1323.0958160450311</ele>
      </trkpt>
      <trkpt lat="36.8352466" lon="138.27112">
        <ele>1323.519968227111</ele>
      </trkpt>
      <trkpt lat="36.8352587" lon="138.2711177">
        <ele>1323.9477322319995</ele>
      </trkpt>
      <trkpt lat="36.8352706" lon="138.271114">
        <ele>1324.3978859469764</ele>
      </trkpt>
      <trkpt lat="36.8352826" lon="138.2711104">
        <ele>1324.8499897230652</ele>
      </trkpt>
      <trkpt lat="36.8352931" lon="138.271107">
        <ele>1325.249075832288</ele>
      </trkpt>
      <trkpt lat="36.8353036" lon="138.2711037">
        <ele>1325.646763888258</ele>
      </trkpt>
      <trkpt lat="36.8353124" lon="138.2711018">
        <ele>1325.9679608286826</ele>
      </trkpt>
      <trkpt lat="36.8353213" lon="138.2711">
        <ele>1326.2911078045147</ele>
      </trkpt>
      <trkpt lat="36.8353284" lon="138.2711003">
        <ele>1326.5259090549573</ele>
      </trkpt>
      <trkpt lat="36.8353355" lon="138.2711006">
        <ele>1326.762097877241</ele>
      </trkpt>
      <trkpt lat="36.8353407" lon="138.271102">
        <ele>1326.9196738753942</ele>
      </trkpt>
      <trkpt lat="36.8353459" lon="138.2711035">
        <ele>1327.0767001111446</ele>
      </trkpt>
      <trkpt lat="36.8353506" lon="138.2711053">
        <ele>1327.2136836323943</ele>
      </trkpt>
      <trkpt lat="36.8353553" lon="138.2711071">
        <ele>1327.3515280589497</ele>
      </trkpt>
      <trkpt lat="36.8353616" lon="138.2711079">
        <ele>1327.5571745490213</ele>
      </trkpt>
      <trkpt lat="36.835368" lon="138.2711087">
        <ele>1327.7667600420516</ele>
      </trkpt>
      <trkpt lat="36.8353758" lon="138.271109">
        <ele>1328.0305814227481</ele>
      </trkpt>
      <trkpt lat="36.8353836" lon="138.2711094">
        <ele>1328.293542177008</ele>
      </trkpt>
      <trkpt lat="36.8353918" lon="138.2711096">
        <ele>1328.5726613938673</ele>
      </trkpt>
      <trkpt lat="36.8354001" lon="138.2711099">
        <ele>1328.8911354084776</ele>
      </trkpt>
      <trkpt lat="36.835409" lon="138.2711095">
        <ele>1329.2499139882534</ele>
      </trkpt>
      <trkpt lat="36.835418" lon="138.2711091">
        <ele>1329.6124348458288</ele>
      </trkpt>
      <trkpt lat="36.8354266" lon="138.2711091">
        <ele>1329.9550372189135</ele>
      </trkpt>
      <trkpt lat="36.8354352" lon="138.2711091">
        <ele>1330.2976396308663</ele>
      </trkpt>
      <trkpt lat="36.8354426" lon="138.2711101">
        <ele>1330.5836179785588</ele>
      </trkpt>
      <trkpt lat="36.8354501" lon="138.2711111">
        <ele>1330.8740889090875</ele>
      </trkpt>
      <trkpt lat="36.8354572" lon="138.2711129">
        <ele>1331.1424338701</ele>
      </trkpt>
      <trkpt lat="36.8354644" lon="138.2711148">
        <ele>1331.4221729223482</ele>
      </trkpt>
      <trkpt lat="36.8354714" lon="138.2711165">
        <ele>1331.7122476971879</ele>
      </trkpt>
      <trkpt lat="36.8354784" lon="138.2711182">
        <ele>1332.0035334535348</ele>
      </trkpt>
      <trkpt lat="36.8354857" lon="138.2711202">
        <ele>1332.3070123859216</ele>
      </trkpt>
      <trkpt lat="36.835493" lon="138.2711223">
        <ele>1332.6113184075955</ele>
      </trkpt>
      <trkpt lat="36.8355011" lon="138.2711236">
        <ele>1332.9571593061687</ele>
      </trkpt>
      <trkpt lat="36.8355093" lon="138.2711249">
        <ele>1333.308453749219</ele>
      </trkpt>
      <trkpt lat="36.8355171" lon="138.2711244">
        <ele>1333.6529271763413</ele>
      </trkpt>
      <trkpt lat="36.835525" lon="138.2711239">
        <ele>1334.001380648678</ele>
      </trkpt>
      <trkpt lat="36.8355323" lon="138.2711231">
        <ele>1334.3322395320934</ele>
      </trkpt>
      <trkpt lat="36.8355396" lon="138.2711223">
        <ele>1334.6937709719027</ele>
      </trkpt>
      <trkpt lat="36.8355466" lon="138.2711217">
        <ele>1335.03938328304</ele>
      </trkpt>
      <trkpt lat="36.8355536" lon="138.2711212">
        <ele>1335.3843218079683</ele>
      </trkpt>
      <trkpt lat="36.8355597" lon="138.2711205">
        <ele>1335.6856905959148</ele>
      </trkpt>
      <trkpt lat="36.8355659" lon="138.2711198">
        <ele>1335.9916632004151</ele>
      </trkpt>
      <trkpt lat="36.8355715" lon="138.2711193">
        <ele>1336.267338475367</ele>
      </trkpt>
      <trkpt lat="36.8355771" lon="138.2711189">
        <ele>1336.5425146424318</ele>
      </trkpt>
      <trkpt lat="36.8355829" lon="138.2711187">
        <ele>1336.8267379906604</ele>
      </trkpt>
      <trkpt lat="36.8355888" lon="138.2711186">
        <ele>1337.1155022416647</ele>
      </trkpt>
      <trkpt lat="36.8355951" lon="138.271118">
        <ele>1337.4250233345592</ele>
      </trkpt>
      <trkpt lat="36.8356015" lon="138.2711175">
        <ele>1337.7454159225354</ele>
      </trkpt>
      <trkpt lat="36.8356077" lon="138.2711161">
        <ele>1338.0715976495208</ele>
      </trkpt>
      <trkpt lat="36.8356139" lon="138.2711147">
        <ele>1338.396896118072</ele>
      </trkpt>
      <trkpt lat="36.8356374" lon="138.2711179">
        <ele>1339.618423293914</ele>
      </trkpt>
      <trkpt lat="36.8356486" lon="138.2711209">
        <ele>1340.2035347176604</ele>
      </trkpt>
      <trkpt lat="36.8356599" lon="138.271124">
        <ele>1340.7973897434713</ele>
      </trkpt>
      <trkpt lat="36.8356831" lon="138.2711268">
        <ele>1342.0125360206694</ele>
      </trkpt>
      <trkpt lat="36.8356913" lon="138.2711252">
        <ele>1342.4365066423031</ele>
      </trkpt>
      <trkpt lat="36.8356995" lon="138.2711236">
        <ele>1342.8595872403241</ele>
      </trkpt>
      <trkpt lat="36.8357038" lon="138.271119">
        <ele>1343.07217339731</ele>
      </trkpt>
      <trkpt lat="36.8357081" lon="138.2711145">
        <ele>1343.2836693673462</ele>
      </trkpt>
      <trkpt lat="36.8357119" lon="138.2711092">
        <ele>1343.4659790911383</ele>
      </trkpt>
      <trkpt lat="36.8357158" lon="138.271104">
        <ele>1343.6523310092857</ele>
      </trkpt>
      <trkpt lat="36.8357359" lon="138.2711172">
        <ele>1344.7293383312765</ele>
      </trkpt>
      <trkpt lat="36.8357474" lon="138.2711265">
        <ele>1345.3146916094872</ele>
      </trkpt>
      <trkpt lat="36.8357589" lon="138.2711359">
        <ele>1345.9031717494609</ele>
      </trkpt>
      <trkpt lat="36.8357653" lon="138.2711429">
        <ele>1346.2417334366523</ele>
      </trkpt>
      <trkpt lat="36.8357718" lon="138.2711499">
        <ele>1346.5881844308856</ele>
      </trkpt>
      <trkpt lat="36.8357773" lon="138.2711549">
        <ele>1346.879256225209</ele>
      </trkpt>
      <trkpt lat="36.8357828" lon="138.2711599">
        <ele>1347.1721936602107</ele>
      </trkpt>
      <trkpt lat="36.8357868" lon="138.2711613">
        <ele>1347.374812112574</ele>
      </trkpt>
      <trkpt lat="36.8357908" lon="138.2711627">
        <ele>1347.5778104834271</ele>
      </trkpt>
      <trkpt lat="36.8357948" lon="138.2711641">
        <ele>1347.7811887737844</ele>
      </trkpt>
      <trkpt lat="36.8357995" lon="138.2711628">
        <ele>1348.0041009925824</ele>
      </trkpt>
      <trkpt lat="36.8358043" lon="138.2711616">
        <ele>1348.232066088455</ele>
      </trkpt>
      <trkpt lat="36.8358079" lon="138.2711575">
        <ele>1348.3715563370772</ele>
      </trkpt>
      <trkpt lat="36.8358116" lon="138.2711535">
        <ele>1348.5080718717525</ele>
      </trkpt>
      <trkpt lat="36.8358151" lon="138.271148">
        <ele>1348.6264730387918</ele>
      </trkpt>
      <trkpt lat="36.8358186" lon="138.2711426">
        <ele>1348.7448257707788</ele>
      </trkpt>
      <trkpt lat="36.8358231" lon="138.2711379">
        <ele>1348.909781403624</ele>
      </trkpt>
      <trkpt lat="36.8358277" lon="138.2711332">
        <ele>1349.0783087359403</ele>
      </trkpt>
      <trkpt lat="36.8358337" lon="138.2711306">
        <ele>1349.3192714491202</ele>
      </trkpt>
      <trkpt lat="36.8358398" lon="138.2711281">
        <ele>1349.5646257912886</ele>
      </trkpt>
      <trkpt lat="36.8358466" lon="138.2711264">
        <ele>1349.8446124971583</ele>
      </trkpt>
      <trkpt lat="36.8358534" lon="138.2711247">
        <ele>1350.1242071088504</ele>
      </trkpt>
      <trkpt lat="36.8358639" lon="138.2711198">
        <ele>1350.5396630719126</ele>
      </trkpt>
      <trkpt lat="36.8358744" lon="138.271115">
        <ele>1350.953389106969</ele>
      </trkpt>
      <trkpt lat="36.835885" lon="138.2711102">
        <ele>1351.2623261558272</ele>
      </trkpt>
      <trkpt lat="36.8358747" lon="138.2710977">
        <ele>1350.842063356093</ele>
      </trkpt>
      <trkpt lat="36.8358762" lon="138.271101">
        <ele>1350.9133850703527</ele>
      </trkpt>
      <trkpt lat="36.8358778" lon="138.2711043">
        <ele>1350.988095788347</ele>
      </trkpt>
      <trkpt lat="36.8358799" lon="138.2711101">
        <ele>1351.0968313909414</ele>
      </trkpt>
      <trkpt lat="36.8358821" lon="138.2711159">
        <ele>1351.2092209174657</ele>
      </trkpt>
      <trkpt lat="36.8358843" lon="138.2711231">
        <ele>1351.3320666429522</ele>
      </trkpt>
      <trkpt lat="36.8358865" lon="138.2711304">
        <ele>1351.4561693557484</ele>
      </trkpt>
      <trkpt lat="36.8358894" lon="138.2711385">
        <ele>1351.6095578821355</ele>
      </trkpt>
      <trkpt lat="36.8358923" lon="138.2711466">
        <ele>1351.7637432029778</ele>
      </trkpt>
      <trkpt lat="36.8358962" lon="138.2711544">
        <ele>1351.9495826757395</ele>
      </trkpt>
      <trkpt lat="36.8359001" lon="138.2711623">
        <ele>1352.137196767365</ele>
      </trkpt>
      <trkpt lat="36.8359056" lon="138.2711707">
        <ele>1352.3829422072733</ele>
      </trkpt>
      <trkpt lat="36.8359111" lon="138.2711791">
        <ele>1352.6302547862279</ele>
      </trkpt>
      <trkpt lat="36.8359183" lon="138.2711896">
        <ele>1352.851233733795</ele>
      </trkpt>
      <trkpt lat="36.8359256" lon="138.2712001">
        <ele>1353.0797819908437</ele>
      </trkpt>
      <trkpt lat="36.8359341" lon="138.2712108">
        <ele>1353.354692407271</ele>
      </trkpt>
      <trkpt lat="36.8359426" lon="138.2712216">
        <ele>1353.635655029633</ele>
      </trkpt>
      <trkpt lat="36.835952" lon="138.271231">
        <ele>1353.8695614403196</ele>
      </trkpt>
      <trkpt lat="36.8359614" lon="138.2712405">
        <ele>1354.1023339939034</ele>
      </trkpt>
      <trkpt lat="36.8359723" lon="138.2712474">
        <ele>1354.3787958837897</ele>
      </trkpt>
      <trkpt lat="36.8359832" lon="138.2712544">
        <ele>1354.657760597947</ele>
      </trkpt>
      <trkpt lat="36.8359953" lon="138.2712603">
        <ele>1354.9709893327254</ele>
      </trkpt>
      <trkpt lat="36.8360074" lon="138.2712663">
        <ele>1355.2716484719203</ele>
      </trkpt>
      <trkpt lat="36.8360217" lon="138.2712754">
        <ele>1355.4169113036583</ele>
      </trkpt>
      <trkpt lat="36.8360361" lon="138.2712846">
        <ele>1355.5237288619112</ele>
      </trkpt>
      <trkpt lat="36.8360519" lon="138.2712972">
        <ele>1355.6392504211442</ele>
      </trkpt>
      <trkpt lat="36.8360678" lon="138.2713098">
        <ele>1355.783397485266</ele>
      </trkpt>
      <trkpt lat="36.8360829" lon="138.271322">
        <ele>1355.9197842327876</ele>
      </trkpt>
      <trkpt lat="36.836098" lon="138.2713343">
        <ele>1355.9545183072955</ele>
      </trkpt>
      <trkpt lat="36.8361122" lon="138.2713471">
        <ele>1355.9978001461836</ele>
      </trkpt>
      <trkpt lat="36.8361264" lon="138.2713599">
        <ele>1355.9999556023963</ele>
      </trkpt>
      <trkpt lat="36.8361389" lon="138.2713751">
        <ele>1355.9638774980929</ele>
      </trkpt>
      <trkpt lat="36.8361514" lon="138.2713903">
        <ele>1355.9351881876748</ele>
      </trkpt>
      <trkpt lat="36.8361597" lon="138.2714096">
        <ele>1355.7792864246094</ele>
      </trkpt>
      <trkpt lat="36.8361681" lon="138.271429">
        <ele>1355.6447002081572</ele>
      </trkpt>
      <trkpt lat="36.8361766" lon="138.2714504">
        <ele>1355.4251990001017</ele>
      </trkpt>
      <trkpt lat="36.8361852" lon="138.2714719">
        <ele>1355.1931266465676</ele>
      </trkpt>
      <trkpt lat="36.8361985" lon="138.271489">
        <ele>1355.1082232498497</ele>
      </trkpt>
      <trkpt lat="36.8362119" lon="138.2715061">
        <ele>1355.0785825404985</ele>
      </trkpt>
      <trkpt lat="36.8362259" lon="138.2715179">
        <ele>1355.0752483308804</ele>
      </trkpt>
      <trkpt lat="36.8362399" lon="138.2715297">
        <ele>1355.0038983902396</ele>
      </trkpt>
      <trkpt lat="36.8362503" lon="138.2715422">
        <ele>1354.9089180653098</ele>
      </trkpt>
      <trkpt lat="36.8362608" lon="138.2715548">
        <ele>1354.8400828769613</ele>
      </trkpt>
      <trkpt lat="36.8362684" lon="138.2715713">
        <ele>1354.733274073104</ele>
      </trkpt>
      <trkpt lat="36.836276" lon="138.2715878">
        <ele>1354.6519871496448</ele>
      </trkpt>
      <trkpt lat="36.8362855" lon="138.2716069">
        <ele>1354.5988614937328</ele>
      </trkpt>
      <trkpt lat="36.8362951" lon="138.271626">
        <ele>1354.3937430298529</ele>
      </trkpt>
      <trkpt lat="36.8363103" lon="138.2716454">
        <ele>1354.241042286285</ele>
      </trkpt>
      <trkpt lat="36.8363255" lon="138.2716648">
        <ele>1354.1483566665615</ele>
      </trkpt>
      <trkpt lat="36.8363436" lon="138.2716813">
        <ele>1354.1702075427875</ele>
      </trkpt>
      <trkpt lat="36.8363618" lon="138.2716979">
        <ele>1354.1874953859374</ele>
      </trkpt>
      <trkpt lat="36.8363784" lon="138.2717125">
        <ele>1354.1472865323283</ele>
      </trkpt>
      <trkpt lat="36.836395" lon="138.2717271">
        <ele>1354.1646247866</ele>
      </trkpt>
      <trkpt lat="36.8364049" lon="138.2717413">
        <ele>1354.1835748461824</ele>
      </trkpt>
      <trkpt lat="36.8364148" lon="138.2717555">
        <ele>1354.2359048995909</ele>
      </trkpt>
      <trkpt lat="36.8364215" lon="138.2717683">
        <ele>1354.2856373731483</ele>
      </trkpt>
      <trkpt lat="36.8364283" lon="138.2717811">
        <ele>1354.3004967721652</ele>
      </trkpt>
      <trkpt lat="36.8364345" lon="138.2717893">
        <ele>1354.2697013543577</ele>
      </trkpt>
      <trkpt lat="36.8364408" lon="138.2717975">
        <ele>1354.2478224334977</ele>
      </trkpt>
      <trkpt lat="36.8364468" lon="138.2718051">
        <ele>1354.2359447127928</ele>
      </trkpt>
      <trkpt lat="36.8364528" lon="138.2718127">
        <ele>1354.2318009127475</ele>
      </trkpt>
      <trkpt lat="36.8364584" lon="138.2718239">
        <ele>1354.2230055590771</ele>
      </trkpt>
      <trkpt lat="36.836464" lon="138.2718352">
        <ele>1354.2246053214467</ele>
      </trkpt>
      <trkpt lat="36.8364694" lon="138.2718511">
        <ele>1354.2264740654305</ele>
      </trkpt>
      <trkpt lat="36.8364748" lon="138.2718671">
        <ele>1354.239829140215</ele>
      </trkpt>
      <trkpt lat="36.8364803" lon="138.2718875">
        <ele>1354.219662858918</ele>
      </trkpt>
      <trkpt lat="36.8364858" lon="138.271908">
        <ele>1354.218235533778</ele>
      </trkpt>
      <trkpt lat="36.8364911" lon="138.2719323">
        <ele>1354.2237878495591</ele>
      </trkpt>
      <trkpt lat="36.8364965" lon="138.2719567">
        <ele>1354.2007058514</ele>
      </trkpt>
      <trkpt lat="36.8365028" lon="138.2719847">
        <ele>1354.1284492779123</ele>
      </trkpt>
      <trkpt lat="36.8365091" lon="138.2720128">
        <ele>1354.0797731662997</ele>
      </trkpt>
      <trkpt lat="36.8365164" lon="138.2720451">
        <ele>1354.048424419094</ele>
      </trkpt>
      <trkpt lat="36.8365237" lon="138.2720774">
        <ele>1354.0352014037073</ele>
      </trkpt>
      <trkpt lat="36.8365301" lon="138.2721094">
        <ele>1354.046771365132</ele>
      </trkpt>
      <trkpt lat="36.8365365" lon="138.2721415">
        <ele>1354.0446488103198</ele>
      </trkpt>
      <trkpt lat="36.8365436" lon="138.2721688">
        <ele>1354.065593073629</ele>
      </trkpt>
      <trkpt lat="36.8365508" lon="138.2721962">
        <ele>1354.1081217312267</ele>
      </trkpt>
      <trkpt lat="36.8365581" lon="138.2722197">
        <ele>1354.1868231192184</ele>
      </trkpt>
      <trkpt lat="36.8365654" lon="138.2722432">
        <ele>1354.2301531539608</ele>
      </trkpt>
      <trkpt lat="36.836573" lon="138.2722684">
        <ele>1354.2477035368765</ele>
      </trkpt>
      <trkpt lat="36.8365807" lon="138.2722936">
        <ele>1354.2861920444564</ele>
      </trkpt>
      <trkpt lat="36.8365898" lon="138.2723222">
        <ele>1354.2961670481686</ele>
      </trkpt>
      <trkpt lat="36.8365989" lon="138.2723508">
        <ele>1354.3293687501518</ele>
      </trkpt>
      <trkpt lat="36.8366097" lon="138.2723801">
        <ele>1354.4187497119701</ele>
      </trkpt>
      <trkpt lat="36.8366205" lon="138.2724094">
        <ele>1354.5070445727793</ele>
      </trkpt>
      <trkpt lat="36.8366334" lon="138.2724385">
        <ele>1354.6367491377487</ele>
      </trkpt>
      <trkpt lat="36.8366463" lon="138.2724676">
        <ele>1354.7091785287396</ele>
      </trkpt>
      <trkpt lat="36.836659" lon="138.2724928">
        <ele>1354.7665900893226</ele>
      </trkpt>
      <trkpt lat="36.8366717" lon="138.272518">
        <ele>1354.856569710215</ele>
      </trkpt>
      <trkpt lat="36.8366799" lon="138.2725407">
        <ele>1354.9108485138584</ele>
      </trkpt>
      <trkpt lat="36.8366881" lon="138.2725634">
        <ele>1354.969402801472</ele>
      </trkpt>
      <trkpt lat="36.8366922" lon="138.2725886">
        <ele>1354.9449175997838</ele>
      </trkpt>
      <trkpt lat="36.8366964" lon="138.2726139">
        <ele>1354.936249072627</ele>
      </trkpt>
      <trkpt lat="36.8367006" lon="138.2726432">
        <ele>1354.886424585648</ele>
      </trkpt>
      <trkpt lat="36.8367049" lon="138.2726726">
        <ele>1354.7637672017818</ele>
      </trkpt>
      <trkpt lat="36.8367136" lon="138.2727031">
        <ele>1354.7133223396938</ele>
      </trkpt>
      <trkpt lat="36.8367224" lon="138.2727336">
        <ele>1354.7056150618093</ele>
      </trkpt>
      <trkpt lat="36.8367338" lon="138.2727623">
        <ele>1354.7800855731916</ele>
      </trkpt>
      <trkpt lat="36.8367452" lon="138.272791">
        <ele>1354.898948975183</ele>
      </trkpt>
      <trkpt lat="36.8367551" lon="138.2728184">
        <ele>1355.0251860151125</ele>
      </trkpt>
      <trkpt lat="36.8367651" lon="138.2728458">
        <ele>1355.1662671751337</ele>
      </trkpt>
      <trkpt lat="36.8367711" lon="138.2728739">
        <ele>1355.1958401259099</ele>
      </trkpt>
      <trkpt lat="36.8367772" lon="138.272902">
        <ele>1355.2247516336627</ele>
      </trkpt>
      <trkpt lat="36.8367809" lon="138.2729332">
        <ele>1355.2595293929503</ele>
      </trkpt>
      <trkpt lat="36.8367846" lon="138.2729645">
        <ele>1355.306025811372</ele>
      </trkpt>
      <trkpt lat="36.8367897" lon="138.2729984">
        <ele>1355.383349847172</ele>
      </trkpt>
      <trkpt lat="36.8367948" lon="138.2730323">
        <ele>1355.4673914959073</ele>
      </trkpt>
      <trkpt lat="36.8368023" lon="138.2730635">
        <ele>1355.6119170112197</ele>
      </trkpt>
      <trkpt lat="36.8368098" lon="138.2730947">
        <ele>1355.8236327394072</ele>
      </trkpt>
      <trkpt lat="36.8368174" lon="138.2731225">
        <ele>1356.0598255965344</ele>
      </trkpt>
      <trkpt lat="36.836825" lon="138.2731503">
        <ele>1356.317518869439</ele>
      </trkpt>
      <trkpt lat="36.836831" lon="138.2731768">
        <ele>1356.5529047693005</ele>
      </trkpt>
      <trkpt lat="36.836837" lon="138.2732034">
        <ele>1356.7862882787701</ele>
      </trkpt>
      <trkpt lat="36.8368458" lon="138.2732296">
        <ele>1356.9911476844475</ele>
      </trkpt>
      <trkpt lat="36.8368546" lon="138.2732558">
        <ele>1357.236304403835</ele>
      </trkpt>
      <trkpt lat="36.8368652" lon="138.2732809">
        <ele>1357.5383601141893</ele>
      </trkpt>
      <trkpt lat="36.8368759" lon="138.273306">
        <ele>1357.8691411851141</ele>
      </trkpt>
      <trkpt lat="36.8368836" lon="138.2733321">
        <ele>1358.1950527593842</ele>
      </trkpt>
      <trkpt lat="36.8368914" lon="138.2733583">
        <ele>1358.5860766619248</ele>
      </trkpt>
      <trkpt lat="36.836896" lon="138.2733853">
        <ele>1358.9439181619537</ele>
      </trkpt>
      <trkpt lat="36.8369007" lon="138.2734124">
        <ele>1359.3239496775118</ele>
      </trkpt>
      <trkpt lat="36.8369062" lon="138.2734385">
        <ele>1359.7423366093096</ele>
      </trkpt>
      <trkpt lat="36.8369117" lon="138.2734646">
        <ele>1360.1331137484171</ele>
      </trkpt>
      <trkpt lat="36.836918" lon="138.2734906">
        <ele>1360.5557665793353</ele>
      </trkpt>
      <trkpt lat="36.8369243" lon="138.2735167">
        <ele>1360.9785562947363</ele>
      </trkpt>
      <trkpt lat="36.8369292" lon="138.2735433">
        <ele>1361.3938641372163</ele>
      </trkpt>
      <trkpt lat="36.8369341" lon="138.27357">
        <ele>1361.8281046657323</ele>
      </trkpt>
      <trkpt lat="36.8369414" lon="138.2735941">
        <ele>1362.3181516408815</ele>
      </trkpt>
      <trkpt lat="36.8369487" lon="138.2736183">
        <ele>1362.8480478914023</ele>
      </trkpt>
      <trkpt lat="36.8369584" lon="138.2736386">
        <ele>1363.4079575259134</ele>
      </trkpt>
      <trkpt lat="36.8369681" lon="138.273659">
        <ele>1363.9961795143029</ele>
      </trkpt>
      <trkpt lat="36.8369759" lon="138.2736746">
        <ele>1364.428826052514</ele>
      </trkpt>
      <trkpt lat="36.8369837" lon="138.2736902">
        <ele>1364.7895697117528</ele>
      </trkpt>
      <trkpt lat="36.8369883" lon="138.2737036">
        <ele>1365.076000713432</ele>
      </trkpt>
      <trkpt lat="36.836993" lon="138.2737171">
        <ele>1365.376464450133</ele>
      </trkpt>
      <trkpt lat="36.8369952" lon="138.2737323">
        <ele>1365.6613505449395</ele>
      </trkpt>
      <trkpt lat="36.8369974" lon="138.2737475">
        <ele>1365.9519082227216</ele>
      </trkpt>
      <trkpt lat="36.8369995" lon="138.2737639">
        <ele>1366.2494477614553</ele>
      </trkpt>
      <trkpt lat="36.8370017" lon="138.2737804">
        <ele>1366.54523822204</ele>
      </trkpt>
      <trkpt lat="36.8370049" lon="138.2737962">
        <ele>1366.861683116684</ele>
      </trkpt>
      <trkpt lat="36.8370082" lon="138.273812">
        <ele>1367.1877100232482</ele>
      </trkpt>
      <trkpt lat="36.8370117" lon="138.2738258">
        <ele>1367.4956473569127</ele>
      </trkpt>
      <trkpt lat="36.8370152" lon="138.2738396">
        <ele>1367.8101382216978</ele>
      </trkpt>
      <trkpt lat="36.8370188" lon="138.2738507">
        <ele>1368.0579582608223</ele>
      </trkpt>
      <trkpt lat="36.8370225" lon="138.2738618">
        <ele>1368.3118022625877</ele>
      </trkpt>
      <trkpt lat="36.837027" lon="138.2738707">
        <ele>1368.5653951937572</ele>
      </trkpt>
      <trkpt lat="36.8370316" lon="138.2738796">
        <ele>1368.8261769366304</ele>
      </trkpt>
      <trkpt lat="36.8370369" lon="138.2738873">
        <ele>1369.0967770473583</ele>
      </trkpt>
      <trkpt lat="36.8370423" lon="138.2738951">
        <ele>1369.3751119672452</ele>
      </trkpt>
      <trkpt lat="36.8370486" lon="138.2739021">
        <ele>1369.6371839623075</ele>
      </trkpt>
      <trkpt lat="36.837055" lon="138.2739092">
        <ele>1369.9093776854384</ele>
      </trkpt>
      <trkpt lat="36.8370614" lon="138.2739155">
        <ele>1370.1755068329715</ele>
      </trkpt>
      <trkpt lat="36.8370679" lon="138.2739218">
        <ele>1370.4498456473093</ele>
      </trkpt>
      <trkpt lat="36.8370748" lon="138.2739272">
        <ele>1370.7238513806415</ele>
      </trkpt>
      <trkpt lat="36.8370818" lon="138.2739327">
        <ele>1370.999554942982</ele>
      </trkpt>
      <trkpt lat="36.8370884" lon="138.2739391">
        <ele>1371.2815127802442</ele>
      </trkpt>
      <trkpt lat="36.837095" lon="138.2739455">
        <ele>1371.5677690993975</ele>
      </trkpt>
      <trkpt lat="36.8371006" lon="138.2739533">
        <ele>1371.8514426272827</ele>
      </trkpt>
      <trkpt lat="36.8371063" lon="138.2739611">
        <ele>1372.1425067697808</ele>
      </trkpt>
      <trkpt lat="36.8371105" lon="138.2739704">
        <ele>1372.4177572539882</ele>
      </trkpt>
      <trkpt lat="36.8371148" lon="138.2739798">
        <ele>1372.6670425984416</ele>
      </trkpt>
      <trkpt lat="36.8371186" lon="138.2739901">
        <ele>1372.9214748579732</ele>
      </trkpt>
      <trkpt lat="36.8371225" lon="138.2740005">
        <ele>1373.1838527190766</ele>
      </trkpt>
      <trkpt lat="36.8371262" lon="138.2740116">
        <ele>1373.4576720778052</ele>
      </trkpt>
      <trkpt lat="36.83713" lon="138.2740228">
        <ele>1373.7006799588803</ele>
      </trkpt>
      <trkpt lat="36.8371345" lon="138.2740327">
        <ele>1373.9468526896133</ele>
      </trkpt>
      <trkpt lat="36.837139" lon="138.2740426">
        <ele>1374.1975589683195</ele>
      </trkpt>
      <trkpt lat="36.837145" lon="138.274049">
        <ele>1374.4399169983171</ele>
      </trkpt>
      <trkpt lat="36.837151" lon="138.2740554">
        <ele>1374.6861827399696</ele>
      </trkpt>
      <trkpt lat="36.8371579" lon="138.2740598">
        <ele>1374.9291956835327</ele>
      </trkpt>
      <trkpt lat="36.8371649" lon="138.2740642">
        <ele>1375.1778949154568</ele>
      </trkpt>
      <trkpt lat="36.8371716" lon="138.2740687">
        <ele>1375.4234618349515</ele>
      </trkpt>
      <trkpt lat="36.8371784" lon="138.2740732">
        <ele>1375.6747394669874</ele>
      </trkpt>
      <trkpt lat="36.8371847" lon="138.2740791">
        <ele>1375.8970598304286</ele>
      </trkpt>
      <trkpt lat="36.8371911" lon="138.2740851">
        <ele>1376.1152303241602</ele>
      </trkpt>
      <trkpt lat="36.8371968" lon="138.274093">
        <ele>1376.35307933228</ele>
      </trkpt>
      <trkpt lat="36.8372025" lon="138.274101">
        <ele>1376.5775473319077</ele>
      </trkpt>
      <trkpt lat="36.8372076" lon="138.2741099">
        <ele>1376.7822999169152</ele>
      </trkpt>
      <trkpt lat="36.8372128" lon="138.2741189">
        <ele>1376.9917423740017</ele>
      </trkpt>
      <trkpt lat="36.8372175" lon="138.2741272">
        <ele>1377.184445394486</ele>
      </trkpt>
      <trkpt lat="36.8372222" lon="138.2741356">
        <ele>1377.3797091368438</ele>
      </trkpt>
      <trkpt lat="36.8372266" lon="138.2741437">
        <ele>1377.5666630795643</ele>
      </trkpt>
      <trkpt lat="36.8372311" lon="138.2741518">
        <ele>1377.7568106187414</ele>
      </trkpt>
      <trkpt lat="36.8372356" lon="138.2741613">
        <ele>1377.965837158508</ele>
      </trkpt>
      <trkpt lat="36.8372402" lon="138.2741708">
        <ele>1378.1783306988984</ele>
      </trkpt>
      <trkpt lat="36.8372445" lon="138.2741806">
        <ele>1378.39003347851</ele>
      </trkpt>
      <trkpt lat="36.8372489" lon="138.2741904">
        <ele>1378.5567185805878</ele>
      </trkpt>
      <trkpt lat="36.8372522" lon="138.2741986">
        <ele>1378.6476681831293</ele>
      </trkpt>
      <trkpt lat="36.8372556" lon="138.2742068">
        <ele>1378.7396368011832</ele>
      </trkpt>
      <trkpt lat="36.8372588" lon="138.2742137">
        <ele>1378.820479734149</ele>
      </trkpt>
      <trkpt lat="36.837262" lon="138.2742207">
        <ele>1378.902021719702</ele>
      </trkpt>
      <trkpt lat="36.8372659" lon="138.2742289">
        <ele>1378.9990854110574</ele>
      </trkpt>
      <trkpt lat="36.8372698" lon="138.2742371">
        <ele>1379.0961491041357</ele>
      </trkpt>
      <trkpt lat="36.8372738" lon="138.2742475">
        <ele>1379.2096109280833</ele>
      </trkpt>
      <trkpt lat="36.8372778" lon="138.2742579">
        <ele>1379.323072754313</ele>
      </trkpt>
      <trkpt lat="36.8372817" lon="138.2742709">
        <ele>1379.4401162163235</ele>
      </trkpt>
      <trkpt lat="36.8372856" lon="138.2742839">
        <ele>1379.471497810592</ele>
      </trkpt>
      <trkpt lat="36.8372901" lon="138.2742975">
        <ele>1379.506564678047</ele>
      </trkpt>
      <trkpt lat="36.8372947" lon="138.2743111">
        <ele>1379.5405033652157</ele>
      </trkpt>
      <trkpt lat="36.8372983" lon="138.2743182">
        <ele>1379.5685934176768</ele>
      </trkpt>
      <trkpt lat="36.837302" lon="138.2743254">
        <ele>1379.596648943351</ele>
      </trkpt>
      <trkpt lat="36.8373057" lon="138.2743326">
        <ele>1379.6238008130306</ele>
      </trkpt>
      <trkpt lat="36.8373106" lon="138.2743358">
        <ele>1379.6650701420424</ele>
      </trkpt>
      <trkpt lat="36.8373155" lon="138.274339">
        <ele>1379.7058075913737</ele>
      </trkpt>
      <trkpt lat="36.837322" lon="138.2743371">
        <ele>1379.7297163404853</ele>
      </trkpt>
      <trkpt lat="36.8373286" lon="138.2743353">
        <ele>1379.7437744289266</ele>
      </trkpt>
      <trkpt lat="36.8373368" lon="138.2743304">
        <ele>1379.765803523159</ele>
      </trkpt>
      <trkpt lat="36.8373451" lon="138.2743255">
        <ele>1379.7893910649182</ele>
      </trkpt>
      <trkpt lat="36.8373533" lon="138.2743197">
        <ele>1379.815758319584</ele>
      </trkpt>
      <trkpt lat="36.8373616" lon="138.2743139">
        <ele>1379.8439540342172</ele>
      </trkpt>
      <trkpt lat="36.8373775" lon="138.2743087">
        <ele>1379.8895677428447</ele>
      </trkpt>
      <trkpt lat="36.8373878" lon="138.2743061">
        <ele>1379.9060448315104</ele>
      </trkpt>
      <trkpt lat="36.8373982" lon="138.2743035">
        <ele>1379.8758533985188</ele>
      </trkpt>
      <trkpt lat="36.8374078" lon="138.274303">
        <ele>1379.8436561094313</ele>
      </trkpt>
      <trkpt lat="36.8374174" lon="138.2743025">
        <ele>1379.8116216375536</ele>
      </trkpt>
      <trkpt lat="36.837428" lon="138.2743036">
        <ele>1379.7714019863365</ele>
      </trkpt>
      <trkpt lat="36.8374387" lon="138.2743048">
        <ele>1379.7301122298459</ele>
      </trkpt>
      <trkpt lat="36.8374508" lon="138.2743062">
        <ele>1379.6827476039296</ele>
      </trkpt>
      <trkpt lat="36.837463" lon="138.2743076">
        <ele>1379.6091346157161</ele>
      </trkpt>
      <trkpt lat="36.8374749" lon="138.2743077">
        <ele>1379.5316873582415</ele>
      </trkpt>
      <trkpt lat="36.8374868" lon="138.2743079">
        <ele>1379.4537950826432</ele>
      </trkpt>
      <trkpt lat="36.8374978" lon="138.2743062">
        <ele>1379.3897006103223</ele>
      </trkpt>
      <trkpt lat="36.8375089" lon="138.2743045">
        <ele>1379.325598124658</ele>
      </trkpt>
      <trkpt lat="36.8375199" lon="138.2743018">
        <ele>1379.267382961396</ele>
      </trkpt>
      <trkpt lat="36.837531" lon="138.2742991">
        <ele>1379.1827375619846</ele>
      </trkpt>
      <trkpt lat="36.8375422" lon="138.2742966">
        <ele>1379.0851422621563</ele>
      </trkpt>
      <trkpt lat="36.8375535" lon="138.2742942">
        <ele>1378.9852062302402</ele>
      </trkpt>
      <trkpt lat="36.8375648" lon="138.2742922">
        <ele>1378.8827696988724</ele>
      </trkpt>
      <trkpt lat="36.8375762" lon="138.2742903">
        <ele>1378.7782074942497</ele>
      </trkpt>
      <trkpt lat="36.8375902" lon="138.2742888">
        <ele>1378.6458587553973</ele>
      </trkpt>
      <trkpt lat="36.8376043" lon="138.2742874">
        <ele>1378.5075688170277</ele>
      </trkpt>
      <trkpt lat="36.8376201" lon="138.2742866">
        <ele>1378.3493601129398</ele>
      </trkpt>
      <trkpt lat="36.837636" lon="138.2742859">
        <ele>1378.189782831376</ele>
      </trkpt>
      <trkpt lat="36.8376489" lon="138.2742853">
        <ele>1378.060426558112</ele>
      </trkpt>
      <trkpt lat="36.8376618" lon="138.2742848">
        <ele>1377.9266013716117</ele>
      </trkpt>
      <trkpt lat="36.8376723" lon="138.2742826">
        <ele>1377.7967233465986</ele>
      </trkpt>
      <trkpt lat="36.8376828" lon="138.2742804">
        <ele>1377.6668453025866</ele>
      </trkpt>
      <trkpt lat="36.8376927" lon="138.2742784">
        <ele>1377.5441291967643</ele>
      </trkpt>
      <trkpt lat="36.8377027" lon="138.2742765">
        <ele>1377.4197533802367</ele>
      </trkpt>
      <trkpt lat="36.8377142" lon="138.2742762">
        <ele>1377.2701326176993</ele>
      </trkpt>
      <trkpt lat="36.8377258" lon="138.2742759">
        <ele>1377.1192016645803</ele>
      </trkpt>
      <trkpt lat="36.8377404" lon="138.2742748">
        <ele>1376.9174682714481</ele>
      </trkpt>
      <trkpt lat="36.8377551" lon="138.2742737">
        <ele>1376.7091881280614</ele>
      </trkpt>
      <trkpt lat="36.8377761" lon="138.2742738">
        <ele>1376.406565916551</ele>
      </trkpt>
      <trkpt lat="36.8377972" lon="138.2742739">
        <ele>1376.102646615829</ele>
      </trkpt>
      <trkpt lat="36.837823" lon="138.2742796">
        <ele>1375.7205166589938</ele>
      </trkpt>
      <trkpt lat="36.8378488" lon="138.2742853">
        <ele>1375.3382935125383</ele>
      </trkpt>
      <trkpt lat="36.8378732" lon="138.2742938">
        <ele>1374.9662054347405</ele>
      </trkpt>
      <trkpt lat="36.8378976" lon="138.2743024">
        <ele>1374.5802250894017</ele>
      </trkpt>
      <trkpt lat="36.8379215" lon="138.2743075">
        <ele>1374.209824803837</ele>
      </trkpt>
      <trkpt lat="36.8379455" lon="138.2743126">
        <ele>1373.8119228957062</ele>
      </trkpt>
      <trkpt lat="36.8379694" lon="138.2743185">
        <ele>1373.3806802706645</ele>
      </trkpt>
      <trkpt lat="36.8379933" lon="138.2743244">
        <ele>1372.954220762946</ele>
      </trkpt>
      <trkpt lat="36.8380181" lon="138.2743311">
        <ele>1372.5175716472454</ele>
      </trkpt>
      <trkpt lat="36.8380429" lon="138.2743379">
        <ele>1372.086741503825</ele>
      </trkpt>
      <trkpt lat="36.8380643" lon="138.2743451">
        <ele>1371.7224926186195</ele>
      </trkpt>
      <trkpt lat="36.8380857" lon="138.2743523">
        <ele>1371.3257576424633</ele>
      </trkpt>
      <trkpt lat="36.8381025" lon="138.2743554">
        <ele>1370.983777634787</ele>
      </trkpt>
      <trkpt lat="36.8381193" lon="138.2743586">
        <ele>1370.6030444209632</ele>
      </trkpt>
      <trkpt lat="36.8381338" lon="138.2743575">
        <ele>1370.3213832110605</ele>
      </trkpt>
      <trkpt lat="36.8381483" lon="138.2743565">
        <ele>1370.0275601291107</ele>
      </trkpt>
      <trkpt lat="36.8381625" lon="138.2743557">
        <ele>1369.7268058618538</ele>
      </trkpt>
      <trkpt lat="36.8381768" lon="138.274355">
        <ele>1369.4227028250937</ele>
      </trkpt>
      <trkpt lat="36.8381913" lon="138.2743549">
        <ele>1369.106756933989</ele>
      </trkpt>
      <trkpt lat="36.8382059" lon="138.2743549">
        <ele>1368.7879473052692</ele>
      </trkpt>
      <trkpt lat="36.838221" lon="138.2743533">
        <ele>1368.4058443805782</ele>
      </trkpt>
      <trkpt lat="36.8382362" lon="138.2743518">
        <ele>1368.00296556293</ele>
      </trkpt>
      <trkpt lat="36.8382508" lon="138.274349">
        <ele>1367.611152217863</ele>
      </trkpt>
      <trkpt lat="36.8382654" lon="138.2743463">
        <ele>1367.2182791846687</ele>
      </trkpt>
      <trkpt lat="36.838279" lon="138.2743458">
        <ele>1366.8571325466053</ele>
      </trkpt>
      <trkpt lat="36.8382927" lon="138.2743454">
        <ele>1366.456858016552</ele>
      </trkpt>
      <trkpt lat="36.8383038" lon="138.2743462">
        <ele>1366.1364769141205</ele>
      </trkpt>
      <trkpt lat="36.8383149" lon="138.274347">
        <ele>1365.8160957647965</ele>
      </trkpt>
      <trkpt lat="36.838324" lon="138.2743473">
        <ele>1365.5521971074877</ele>
      </trkpt>
      <trkpt lat="36.8383332" lon="138.2743476">
        <ele>1365.2853869101048</ele>
      </trkpt>
      <trkpt lat="36.838342" lon="138.2743489">
        <ele>1365.033717969387</ele>
      </trkpt>
      <trkpt lat="36.8383508" lon="138.2743503">
        <ele>1364.7570480112931</ele>
      </trkpt>
      <trkpt lat="36.8383604" lon="138.2743507">
        <ele>1364.4090649809236</ele>
      </trkpt>
      <trkpt lat="36.83837" lon="138.2743511">
        <ele>1364.061081906037</ele>
      </trkpt>
      <trkpt lat="36.8383804" lon="138.27435">
        <ele>1363.6787408036425</ele>
      </trkpt>
      <trkpt lat="36.8383909" lon="138.2743489">
        <ele>1363.2927602612892</ele>
      </trkpt>
      <trkpt lat="36.8384009" lon="138.2743485">
        <ele>1362.9274232886746</ele>
      </trkpt>
      <trkpt lat="36.8384109" lon="138.2743481">
        <ele>1362.56208626819</ele>
      </trkpt>
      <trkpt lat="36.8384203" lon="138.2743488">
        <ele>1362.2161852235922</ele>
      </trkpt>
      <trkpt lat="36.8384298" lon="138.2743495">
        <ele>1361.8590601591873</ele>
      </trkpt>
      <trkpt lat="36.8384385" lon="138.2743494">
        <ele>1361.529418578652</ele>
      </trkpt>
      <trkpt lat="36.8384473" lon="138.2743494">
        <ele>1361.196341519385</ele>
      </trkpt>
      <trkpt lat="36.838457" lon="138.2743481">
        <ele>1360.8246558868339</ele>
      </trkpt>
      <trkpt lat="36.8384667" lon="138.2743469">
        <ele>1360.4533197327062</ele>
      </trkpt>
      <trkpt lat="36.8384788" lon="138.2743464">
        <ele>1359.9935909696865</ele>
      </trkpt>
      <trkpt lat="36.8384909" lon="138.2743459">
        <ele>1359.5167687309124</ele>
      </trkpt>
      <trkpt lat="36.8385046" lon="138.2743467">
        <ele>1358.9629657372234</ele>
      </trkpt>
      <trkpt lat="36.8385183" lon="138.2743475">
        <ele>1358.4087908631614</ele>
      </trkpt>
      <trkpt lat="36.8385319" lon="138.2743486">
        <ele>1357.8591174032126</ele>
      </trkpt>
      <trkpt lat="36.8385456" lon="138.2743497">
        <ele>1357.30486913293</ele>
      </trkpt>
      <trkpt lat="36.8385598" lon="138.2743531">
        <ele>1356.7529221592565</ele>
      </trkpt>
      <trkpt lat="36.838574" lon="138.2743566">
        <ele>1356.2065481895586</ele>
      </trkpt>
      <trkpt lat="36.8385894" lon="138.2743629">
        <ele>1355.5722820538103</ele>
      </trkpt>
      <trkpt lat="36.8386049" lon="138.2743693">
        <ele>1354.933415266733</ele>
      </trkpt>
      <trkpt lat="36.838622" lon="138.2743763">
        <ele>1354.229095399288</ele>
      </trkpt>
      <trkpt lat="36.8386391" lon="138.2743834">
        <ele>1353.5651511192673</ele>
      </trkpt>
      <trkpt lat="36.8386571" lon="138.2743907">
        <ele>1352.8765736954795</ele>
      </trkpt>
      <trkpt lat="36.8386751" lon="138.274398">
        <ele>1352.1969107390703</ele>
      </trkpt>
      <trkpt lat="36.8386922" lon="138.2744051">
        <ele>1351.5614589716681</ele>
      </trkpt>
      <trkpt lat="36.8387094" lon="138.2744122">
        <ele>1350.9610760096743</ele>
      </trkpt>
      <trkpt lat="36.8387227" lon="138.2744159">
        <ele>1350.5091254363088</ele>
      </trkpt>
      <trkpt lat="36.838736" lon="138.2744196">
        <ele>1350.058844075375</ele>
      </trkpt>
      <trkpt lat="36.8387476" lon="138.2744223">
        <ele>1349.6700427426176</ele>
      </trkpt>
      <trkpt lat="36.8387592" lon="138.274425">
        <ele>1349.2823037811618</ele>
      </trkpt>
      <trkpt lat="36.838772" lon="138.27443">
        <ele>1348.878595860844</ele>
      </trkpt>
      <trkpt lat="36.8387848" lon="138.2744351">
        <ele>1348.4817136704105</ele>
      </trkpt>
      <trkpt lat="36.8387992" lon="138.2744435">
        <ele>1348.0151767181296</ele>
      </trkpt>
      <trkpt lat="36.8388136" lon="138.2744519">
        <ele>1347.5148085331157</ele>
      </trkpt>
      <trkpt lat="36.8388296" lon="138.2744612">
        <ele>1346.9713622060044</ele>
      </trkpt>
      <trkpt lat="36.8388456" lon="138.2744706">
        <ele>1346.4661705458602</ele>
      </trkpt>
      <trkpt lat="36.8388636" lon="138.2744781">
        <ele>1345.939241601664</ele>
      </trkpt>
      <trkpt lat="36.8388816" lon="138.2744857">
        <ele>1345.4253906842337</ele>
      </trkpt>
      <trkpt lat="36.8389018" lon="138.2744918">
        <ele>1344.8745745694578</ele>
      </trkpt>
      <trkpt lat="36.8389221" lon="138.2744979">
        <ele>1344.3179169462205</ele>
      </trkpt>
      <trkpt lat="36.8389376" lon="138.2745079">
        <ele>1343.8748007075747</ele>
      </trkpt>
      <trkpt lat="36.8389532" lon="138.274518">
        <ele>1343.4393044250905</ele>
      </trkpt>
      <trkpt lat="36.8389657" lon="138.2745277">
        <ele>1343.0836683308823</ele>
      </trkpt>
      <trkpt lat="36.8389783" lon="138.2745375">
        <ele>1342.6807176450104</ele>
      </trkpt>
      <trkpt lat="36.8389929" lon="138.2745414">
        <ele>1342.3042306815098</ele>
      </trkpt>
      <trkpt lat="36.8390075" lon="138.2745454">
        <ele>1341.930583886197</ele>
      </trkpt>
      <trkpt lat="36.839023" lon="138.2745462">
        <ele>1341.5716788423974</ele>
      </trkpt>
      <trkpt lat="36.8390386" lon="138.2745471">
        <ele>1341.2119528666544</ele>
      </trkpt>
      <trkpt lat="36.8390545" lon="138.2745487">
        <ele>1340.8449300236339</ele>
      </trkpt>
      <trkpt lat="36.8390705" lon="138.2745503">
        <ele>1340.4782874071293</ele>
      </trkpt>
      <trkpt lat="36.8390871" lon="138.2745511">
        <ele>1340.1063519926354</ele>
      </trkpt>
      <trkpt lat="36.8391037" lon="138.2745519">
        <ele>1339.7368811010456</ele>
      </trkpt>
      <trkpt lat="36.8391204" lon="138.274552">
        <ele>1339.393219100284</ele>
      </trkpt>
      <trkpt lat="36.8391372" lon="138.2745521">
        <ele>1339.0476730894677</ele>
      </trkpt>
      <trkpt lat="36.8391563" lon="138.2745524">
        <ele>1338.6544483331363</ele>
      </trkpt>
      <trkpt lat="36.8391754" lon="138.2745528">
        <ele>1338.2632694219803</ele>
      </trkpt>
      <trkpt lat="36.8391959" lon="138.2745541">
        <ele>1337.8511759103494</ele>
      </trkpt>
      <trkpt lat="36.8392164" lon="138.2745554">
        <ele>1337.4426983651078</ele>
      </trkpt>
      <trkpt lat="36.8392358" lon="138.2745565">
        <ele>1337.0592057061704</ele>
      </trkpt>
      <trkpt lat="36.8392553" lon="138.2745577">
        <ele>1336.7265878685262</ele>
      </trkpt>
      <trkpt lat="36.8392735" lon="138.2745589">
        <ele>1336.4319970395727</ele>
      </trkpt>
      <trkpt lat="36.8392917" lon="138.2745601">
        <ele>1336.1388878505936</ele>
      </trkpt>
      <trkpt lat="36.8393095" lon="138.2745609">
        <ele>1335.8536120707327</ele>
      </trkpt>
      <trkpt lat="36.8393273" lon="138.2745618">
        <ele>1335.6305859177673</ele>
      </trkpt>
      <trkpt lat="36.8393436" lon="138.2745604">
        <ele>1335.4135043224353</ele>
      </trkpt>
      <trkpt lat="36.8393599" lon="138.2745591">
        <ele>1335.194825351418</ele>
      </trkpt>
      <trkpt lat="36.8393742" lon="138.2745564">
        <ele>1334.9887616638407</ele>
      </trkpt>
      <trkpt lat="36.8393885" lon="138.2745537">
        <ele>1334.8317101655407</ele>
      </trkpt>
      <trkpt lat="36.8394024" lon="138.2745514">
        <ele>1334.6969672693906</ele>
      </trkpt>
      <trkpt lat="36.8394164" lon="138.2745492">
        <ele>1334.5611857614954</ele>
      </trkpt>
      <trkpt lat="36.8394308" lon="138.2745499">
        <ele>1334.4472668581393</ele>
      </trkpt>
      <trkpt lat="36.8394453" lon="138.2745506">
        <ele>1334.3328571141728</ele>
      </trkpt>
      <trkpt lat="36.839459" lon="138.2745572">
        <ele>1334.3249381852502</ele>
      </trkpt>
      <trkpt lat="36.8394728" lon="138.2745639">
        <ele>1334.3273554337438</ele>
      </trkpt>
      <trkpt lat="36.8394852" lon="138.2745756">
        <ele>1334.3952930830405</ele>
      </trkpt>
      <trkpt lat="36.8394976" lon="138.2745873">
        <ele>1334.473073544404</ele>
      </trkpt>
      <trkpt lat="36.8395085" lon="138.2745999">
        <ele>1334.5760319879114</ele>
      </trkpt>
      <trkpt lat="36.8395195" lon="138.2746126">
        <ele>1334.713074839614</ele>
      </trkpt>
      <trkpt lat="36.8395279" lon="138.2746221">
        <ele>1334.7527784918534</ele>
      </trkpt>
      <trkpt lat="36.8395364" lon="138.2746316">
        <ele>1334.7982523035162</ele>
      </trkpt>
      <trkpt lat="36.8395456" lon="138.2746393">
        <ele>1334.8479632465799</ele>
      </trkpt>
      <trkpt lat="36.8395548" lon="138.2746471">
        <ele>1334.9027314942111</ele>
      </trkpt>
      <trkpt lat="36.8395652" lon="138.2746533">
        <ele>1334.9630070424462</ele>
      </trkpt>
      <trkpt lat="36.8395756" lon="138.2746595">
        <ele>1335.0276571882368</ele>
      </trkpt>
      <trkpt lat="36.8395861" lon="138.2746638">
        <ele>1335.0957636298208</ele>
      </trkpt>
      <trkpt lat="36.8395966" lon="138.2746682">
        <ele>1335.1873174482078</ele>
      </trkpt>
      <trkpt lat="36.8396056" lon="138.2746727">
        <ele>1335.2728897253483</ele>
      </trkpt>
      <trkpt lat="36.8396147" lon="138.2746773">
        <ele>1335.3638567252733</ele>
      </trkpt>
      <trkpt lat="36.8396235" lon="138.274681">
        <ele>1335.4517482368003</ele>
      </trkpt>
      <trkpt lat="36.8396323" lon="138.2746848">
        <ele>1335.5435496814498</ele>
      </trkpt>
      <trkpt lat="36.8396438" lon="138.274687">
        <ele>1335.6505321721784</ele>
      </trkpt>
      <trkpt lat="36.8396553" lon="138.2746892">
        <ele>1335.7728785723145</ele>
      </trkpt>
      <trkpt lat="36.8396681" lon="138.2746919">
        <ele>1335.956957419758</ele>
      </trkpt>
      <trkpt lat="36.839681" lon="138.2746946">
        <ele>1336.1446787873049</ele>
      </trkpt>
      <trkpt lat="36.8396928" lon="138.2746978">
        <ele>1336.3245659751833</ele>
      </trkpt>
      <trkpt lat="36.8397047" lon="138.274701">
        <ele>1336.4780451407478</ele>
      </trkpt>
      <trkpt lat="36.839714" lon="138.2747035">
        <ele>1336.5974967834743</ele>
      </trkpt>
      <trkpt lat="36.8397233" lon="138.2747061">
        <ele>1336.7256551371293</ele>
      </trkpt>
      <trkpt lat="36.8397311" lon="138.2747081">
        <ele>1336.8509802265667</ele>
      </trkpt>
      <trkpt lat="36.839739" lon="138.2747102">
        <ele>1336.9789492312912</ele>
      </trkpt>
      <trkpt lat="36.839747" lon="138.274713">
        <ele>1337.109490738789</ele>
      </trkpt>
      <trkpt lat="36.8397551" lon="138.2747159">
        <ele>1337.2432114543915</ele>
      </trkpt>
      <trkpt lat="36.8397627" lon="138.2747215">
        <ele>1337.370829279835</ele>
      </trkpt>
      <trkpt lat="36.8397704" lon="138.2747271">
        <ele>1337.5030337726735</ele>
      </trkpt>
      <trkpt lat="36.8397777" lon="138.2747333">
        <ele>1337.631742607618</ele>
      </trkpt>
      <trkpt lat="36.8397851" lon="138.2747395">
        <ele>1337.7652633537284</ele>
      </trkpt>
      <trkpt lat="36.8397923" lon="138.2747444">
        <ele>1337.9038701096326</ele>
      </trkpt>
      <trkpt lat="36.8397996" lon="138.2747493">
        <ele>1338.0607790081622</ele>
      </trkpt>
      <trkpt lat="36.8398072" lon="138.274753">
        <ele>1338.2242573939998</ele>
      </trkpt>
      <trkpt lat="36.8398148" lon="138.2747568">
        <ele>1338.389844708866</ele>
      </trkpt>
      <trkpt lat="36.8398229" lon="138.2747601">
        <ele>1338.5667683396236</ele>
      </trkpt>
      <trkpt lat="36.839831" lon="138.2747634">
        <ele>1338.7455054691472</ele>
      </trkpt>
      <trkpt lat="36.8398396" lon="138.2747683">
        <ele>1338.9412436467992</ele>
      </trkpt>
      <trkpt lat="36.8398483" lon="138.2747732">
        <ele>1339.1419875477961</ele>
      </trkpt>
      <trkpt lat="36.8398579" lon="138.2747786">
        <ele>1339.3668306037055</ele>
      </trkpt>
      <trkpt lat="36.8398676" lon="138.2747841">
        <ele>1339.6240308210747</ele>
      </trkpt>
      <trkpt lat="36.8398768" lon="138.2747862">
        <ele>1339.8450273690858</ele>
      </trkpt>
      <trkpt lat="36.839886" lon="138.2747884">
        <ele>1340.0663763613209</ele>
      </trkpt>
      <trkpt lat="36.8398908" lon="138.2747864">
        <ele>1340.1914157512647</ele>
      </trkpt>
      <trkpt lat="36.8398956" lon="138.2747845">
        <ele>1340.3158428168745</ele>
      </trkpt>
      <trkpt lat="36.8399004" lon="138.2747826">
        <ele>1340.427444880755</ele>
      </trkpt>
      <trkpt lat="36.839905" lon="138.2747765">
        <ele>1340.505199070507</ele>
      </trkpt>
      <trkpt lat="36.8399096" lon="138.2747705">
        <ele>1340.580706998853</ele>
      </trkpt>
      <trkpt lat="36.8399143" lon="138.2747634">
        <ele>1340.6488159140522</ele>
      </trkpt>
      <trkpt lat="36.839919" lon="138.2747564">
        <ele>1340.7141860163586</ele>
      </trkpt>
      <trkpt lat="36.8399245" lon="138.2747485">
        <ele>1340.7884285415716</ele>
      </trkpt>
      <trkpt lat="36.83993" lon="138.2747407">
        <ele>1340.8650611905614</ele>
      </trkpt>
      <trkpt lat="36.8399367" lon="138.2747342">
        <ele>1340.985436780518</ele>
      </trkpt>
      <trkpt lat="36.8399435" lon="138.2747278">
        <ele>1341.1089862690078</ele>
      </trkpt>
      <trkpt lat="36.8399499" lon="138.2747247">
        <ele>1341.2457051072738</ele>
      </trkpt>
      <trkpt lat="36.8399564" lon="138.2747217">
        <ele>1341.3855978433978</ele>
      </trkpt>
      <trkpt lat="36.8399623" lon="138.2747216">
        <ele>1341.5309140534146</ele>
      </trkpt>
      <trkpt lat="36.8399682" lon="138.2747215">
        <ele>1341.6762302738389</ele>
      </trkpt>
      <trkpt lat="36.8399743" lon="138.2747225">
        <ele>1341.8341857341588</ele>
      </trkpt>
      <trkpt lat="36.8399805" lon="138.2747236">
        <ele>1341.9953150921042</ele>
      </trkpt>
      <trkpt lat="36.8399871" lon="138.2747258">
        <ele>1342.1740333636064</ele>
      </trkpt>
      <trkpt lat="36.8399938" lon="138.274728">
        <ele>1342.35522648478</ele>
      </trkpt>
      <trkpt lat="36.8400031" lon="138.2747319">
        <ele>1342.6167411174313</ele>
      </trkpt>
      <trkpt lat="36.8400125" lon="138.2747358">
        <ele>1342.8830986601497</ele>
      </trkpt>
      <trkpt lat="36.8400262" lon="138.274738">
        <ele>1343.2473836458694</ele>
      </trkpt>
      <trkpt lat="36.84004" lon="138.2747403">
        <ele>1343.6160108889053</ele>
      </trkpt>
      <trkpt lat="36.8400558" lon="138.2747364">
        <ele>1343.9870787292016</ele>
      </trkpt>
      <trkpt lat="36.8400716" lon="138.2747326">
        <ele>1344.3650087829676</ele>
      </trkpt>
      <trkpt lat="36.8400886" lon="138.2747255">
        <ele>1344.7632942779394</ele>
      </trkpt>
      <trkpt lat="36.8401056" lon="138.2747185">
        <ele>1345.1704452667916</ele>
      </trkpt>
      <trkpt lat="36.8401244" lon="138.2747117">
        <ele>1345.6358747848549</ele>
      </trkpt>
      <trkpt lat="36.8401432" lon="138.2747049">
        <ele>1346.0978105572992</ele>
      </trkpt>
      <trkpt lat="36.8401608" lon="138.2746973">
        <ele>1346.5051381171374</ele>
      </trkpt>
      <trkpt lat="36.8401785" lon="138.2746898">
        <ele>1346.8526544910023</ele>
      </trkpt>
      <trkpt lat="36.8401947" lon="138.2746839">
        <ele>1347.1893937997793</ele>
      </trkpt>
      <trkpt lat="36.8402109" lon="138.274678">
        <ele>1347.5263185641734</ele>
      </trkpt>
      <trkpt lat="36.8402247" lon="138.2746783">
        <ele>1347.8924806706614</ele>
      </trkpt>
      <trkpt lat="36.8402386" lon="138.2746786">
        <ele>1348.2612632639714</ele>
      </trkpt>
      <trkpt lat="36.8402503" lon="138.2746822">
        <ele>1348.6223787321253</ele>
      </trkpt>
      <trkpt lat="36.8402621" lon="138.2746859">
        <ele>1348.987629280194</ele>
      </trkpt>
      <trkpt lat="36.8402729" lon="138.2746878">
        <ele>1349.292990195566</ele>
      </trkpt>
      <trkpt lat="36.8402838" lon="138.2746897">
        <ele>1349.5756577868026</ele>
      </trkpt>
      <trkpt lat="36.8402942" lon="138.2746887">
        <ele>1349.8027553980248</ele>
      </trkpt>
      <trkpt lat="36.8403046" lon="138.2746877">
        <ele>1350.0298530420296</ele>
      </trkpt>
      <trkpt lat="36.8403151" lon="138.2746858">
        <ele>1350.2456484980885</ele>
      </trkpt>
      <trkpt lat="36.8403256" lon="138.2746839">
        <ele>1350.461443988048</ele>
      </trkpt>
      <trkpt lat="36.8403361" lon="138.2746825">
        <ele>1350.684812560445</ele>
      </trkpt>
      <trkpt lat="36.8403467" lon="138.2746811">
        <ele>1350.9083817777023</ele>
      </trkpt>
      <trkpt lat="36.8403568" lon="138.2746787">
        <ele>1351.1036391343891</ele>
      </trkpt>
      <trkpt lat="36.8403669" lon="138.2746764">
        <ele>1351.2996355206026</ele>
      </trkpt>
      <trkpt lat="36.8403769" lon="138.2746744">
        <ele>1351.497290342521</ele>
      </trkpt>
      <trkpt lat="36.8403869" lon="138.2746725">
        <ele>1351.695861945273</ele>
      </trkpt>
      <trkpt lat="36.8403961" lon="138.274674">
        <ele>1351.930297539959</ele>
      </trkpt>
      <trkpt lat="36.8404054" lon="138.2746755">
        <ele>1352.167491961071</ele>
      </trkpt>
      <trkpt lat="36.8404133" lon="138.2746765">
        <ele>1352.3420412101939</ele>
      </trkpt>
      <trkpt lat="36.8404212" lon="138.2746775">
        <ele>1352.5051696630717</ele>
      </trkpt>
      <trkpt lat="36.8404287" lon="138.2746758">
        <ele>1352.6161453771592</ele>
      </trkpt>
      <trkpt lat="36.8404362" lon="138.2746742">
        <ele>1352.7283674129608</ele>
      </trkpt>
      <trkpt lat="36.8404446" lon="138.2746723">
        <ele>1352.8517443239668</ele>
      </trkpt>
      <trkpt lat="36.8404531" lon="138.2746705">
        <ele>1352.97813261641</ele>
      </trkpt>
      <trkpt lat="36.8404625" lon="138.2746704">
        <ele>1353.149881779078</ele>
      </trkpt>
      <trkpt lat="36.840472" lon="138.2746704">
        <ele>1353.325183730793</ele>
      </trkpt>
      <trkpt lat="36.8404825" lon="138.2746704">
        <ele>1353.499538935197</ele>
      </trkpt>
      <trkpt lat="36.840493" lon="138.2746705">
        <ele>1353.6595635484214</ele>
      </trkpt>
      <trkpt lat="36.8405044" lon="138.2746701">
        <ele>1353.824020590905</ele>
      </trkpt>
      <trkpt lat="36.8405159" lon="138.2746698">
        <ele>1353.9915531618494</ele>
      </trkpt>
      <trkpt lat="36.8405274" lon="138.2746712">
        <ele>1354.1914812406753</ele>
      </trkpt>
      <trkpt lat="36.8405389" lon="138.2746726">
        <ele>1354.3925016497824</ele>
      </trkpt>
      <trkpt lat="36.8405514" lon="138.2746746">
        <ele>1354.5833292487546</ele>
      </trkpt>
      <trkpt lat="36.840564" lon="138.2746767">
        <ele>1354.734980988503</ele>
      </trkpt>
      <trkpt lat="36.8405803" lon="138.2746789">
        <ele>1354.9209320849277</ele>
      </trkpt>
      <trkpt lat="36.8405966" lon="138.2746812">
        <ele>1355.1088638545953</ele>
      </trkpt>
      <trkpt lat="36.8406184" lon="138.274682">
        <ele>1355.301578732895</ele>
      </trkpt>
      <trkpt lat="36.8406402" lon="138.2746829">
        <ele>1355.4407364934755</ele>
      </trkpt>
      <trkpt lat="36.8406651" lon="138.2746851">
        <ele>1355.624723392904</ele>
      </trkpt>
      <trkpt lat="36.8406901" lon="138.2746874">
        <ele>1355.7709658882245</ele>
      </trkpt>
      <trkpt lat="36.8407106" lon="138.2746924">
        <ele>1355.8744025043084</ele>
      </trkpt>
      <trkpt lat="36.8407311" lon="138.2746975">
        <ele>1355.9834951923785</ele>
      </trkpt>
      <trkpt lat="36.8407457" lon="138.2747041">
        <ele>1356.0674928627736</ele>
      </trkpt>
      <trkpt lat="36.8407603" lon="138.2747107">
        <ele>1356.1066678688862</ele>
      </trkpt>
      <trkpt lat="36.8407703" lon="138.2747181">
        <ele>1356.1492101003182</ele>
      </trkpt>
      <trkpt lat="36.8407803" lon="138.2747256">
        <ele>1356.192917410634</ele>
      </trkpt>
      <trkpt lat="36.8407889" lon="138.2747319">
        <ele>1356.228758065566</ele>
      </trkpt>
      <trkpt lat="36.8407976" lon="138.2747382">
        <ele>1356.2641619763806</ele>
      </trkpt>
      <trkpt lat="36.840806" lon="138.2747418">
        <ele>1356.2694188243015</ele>
      </trkpt>
      <trkpt lat="36.8408145" lon="138.2747455">
        <ele>1356.2754040117848</ele>
      </trkpt>
      <trkpt lat="36.8408232" lon="138.2747473">
        <ele>1356.2410350369996</ele>
      </trkpt>
      <trkpt lat="36.8408319" lon="138.2747491">
        <ele>1356.1733482295886</ele>
      </trkpt>
      <trkpt lat="36.8408414" lon="138.2747496">
        <ele>1356.0823628224207</ele>
      </trkpt>
      <trkpt lat="36.840851" lon="138.2747501">
        <ele>1355.9903583413227</ele>
      </trkpt>
      <trkpt lat="36.8408618" lon="138.27475">
        <ele>1355.8791346017274</ele>
      </trkpt>
      <trkpt lat="36.8408727" lon="138.2747499">
        <ele>1355.7668917839883</ele>
      </trkpt>
      <trkpt lat="36.8408847" lon="138.2747477">
        <ele>1355.6189724962228</ele>
      </trkpt>
      <trkpt lat="36.8408967" lon="138.2747455">
        <ele>1355.4358975329912</ele>
      </trkpt>
      <trkpt lat="36.8409113" lon="138.2747403">
        <ele>1355.1645718886814</ele>
      </trkpt>
      <trkpt lat="36.8409259" lon="138.2747351">
        <ele>1354.8983970234478</ele>
      </trkpt>
      <trkpt lat="36.8409429" lon="138.2747279">
        <ele>1354.583712544488</ele>
      </trkpt>
      <trkpt lat="36.84096" lon="138.2747208">
        <ele>1354.255930663844</ele>
      </trkpt>
      <trkpt lat="36.8409769" lon="138.2747102">
        <ele>1353.7821004728755</ele>
      </trkpt>
      <trkpt lat="36.8409938" lon="138.2746996">
        <ele>1353.320424026573</ele>
      </trkpt>
      <trkpt lat="36.8410087" lon="138.2746854">
        <ele>1352.804059512282</ele>
      </trkpt>
      <trkpt lat="36.8410237" lon="138.2746712">
        <ele>1352.305103491111</ele>
      </trkpt>
      <trkpt lat="36.8410371" lon="138.2746562">
        <ele>1351.8009378354411</ele>
      </trkpt>
      <trkpt lat="36.8410506" lon="138.2746412">
        <ele>1351.3023811777396</ele>
      </trkpt>
      <trkpt lat="36.8410636" lon="138.2746273">
        <ele>1350.847710867609</ele>
      </trkpt>
      <trkpt lat="36.8410766" lon="138.2746135">
        <ele>1350.412455639117</ele>
      </trkpt>
      <trkpt lat="36.8410898" lon="138.2746008">
        <ele>1349.9455334168836</ele>
      </trkpt>
      <trkpt lat="36.8411031" lon="138.2745881">
        <ele>1349.436969660732</ele>
      </trkpt>
      <trkpt lat="36.8411143" lon="138.2745766">
        <ele>1348.9836433571793</ele>
      </trkpt>
      <trkpt lat="36.8411256" lon="138.2745651">
        <ele>1348.5452034946295</ele>
      </trkpt>
      <trkpt lat="36.8411357" lon="138.2745537">
        <ele>1348.155668530202</ele>
      </trkpt>
      <trkpt lat="36.8411458" lon="138.2745424">
        <ele>1347.782810340676</ele>
      </trkpt>
      <trkpt lat="36.841158" lon="138.2745282">
        <ele>1347.3477353309695</ele>
      </trkpt>
      <trkpt lat="36.8411702" lon="138.2745141">
        <ele>1346.8530845555856</ele>
      </trkpt>
      <trkpt lat="36.8411859" lon="138.2744957">
        <ele>1346.223150724525</ele>
      </trkpt>
      <trkpt lat="36.8412016" lon="138.2744773">
        <ele>1345.6520145236134</ele>
      </trkpt>
      <trkpt lat="36.8412195" lon="138.274456">
        <ele>1345.0699105031194</ele>
      </trkpt>
      <trkpt lat="36.8412375" lon="138.2744348">
        <ele>1344.5059928905346</ele>
      </trkpt>
      <trkpt lat="36.8412549" lon="138.274411">
        <ele>1343.8656184895867</ele>
      </trkpt>
      <trkpt lat="36.8412723" lon="138.2743872">
        <ele>1343.3095327296412</ele>
      </trkpt>
      <trkpt lat="36.8412829" lon="138.2743587">
        <ele>1342.9372766435501</ele>
      </trkpt>
      <trkpt lat="36.8412935" lon="138.2743303">
        <ele>1342.4802713110412</ele>
      </trkpt>
      <trkpt lat="36.8412963" lon="138.2742988">
        <ele>1342.1281615636485</ele>
      </trkpt>
      <trkpt lat="36.8412991" lon="138.2742674">
        <ele>1341.7901228213059</ele>
      </trkpt>
      <trkpt lat="36.8413026" lon="138.2742369">
        <ele>1341.3309187439993</ele>
      </trkpt>
      <trkpt lat="36.8413061" lon="138.2742065">
        <ele>1340.8814398955544</ele>
      </trkpt>
      <trkpt lat="36.8413154" lon="138.2741798">
        <ele>1340.455942600102</ele>
      </trkpt>
      <trkpt lat="36.8413247" lon="138.2741531">
        <ele>1339.9603428243176</ele>
      </trkpt>
      <trkpt lat="36.8413391" lon="138.2741271">
        <ele>1339.5125504606488</ele>
      </trkpt>
      <trkpt lat="36.8413536" lon="138.2741011">
        <ele>1339.1283762649405</ele>
      </trkpt>
      <trkpt lat="36.8413717" lon="138.2740766">
        <ele>1338.7700034155855</ele>
      </trkpt>
      <trkpt lat="36.8413899" lon="138.2740521">
        <ele>1338.2991877133759</ele>
      </trkpt>
      <trkpt lat="36.8414071" lon="138.274028">
        <ele>1337.897917887508</ele>
      </trkpt>
      <trkpt lat="36.8414244" lon="138.2740039">
        <ele>1337.5220291482112</ele>
      </trkpt>
      <trkpt lat="36.841441" lon="138.2739797">
        <ele>1337.1309086912997</ele>
      </trkpt>
      <trkpt lat="36.8414576" lon="138.2739556">
        <ele>1336.684730056046</ele>
      </trkpt>
      <trkpt lat="36.841474" lon="138.2739309">
        <ele>1336.3007989858766</ele>
      </trkpt>
      <trkpt lat="36.8414905" lon="138.2739062">
        <ele>1335.9168632847377</ele>
      </trkpt>
      <trkpt lat="36.8415076" lon="138.2738795">
        <ele>1335.5547266080207</ele>
      </trkpt>
      <trkpt lat="36.8415248" lon="138.2738528">
        <ele>1335.0722070125437</ele>
      </trkpt>
      <trkpt lat="36.8415411" lon="138.2738226">
        <ele>1334.5802168986143</ele>
      </trkpt>
      <trkpt lat="36.8415575" lon="138.2737924">
        <ele>1334.1281479520612</ele>
      </trkpt>
      <trkpt lat="36.8415722" lon="138.2737635">
        <ele>1333.7908802821457</ele>
      </trkpt>
      <trkpt lat="36.841587" lon="138.2737347">
        <ele>1333.3655836843732</ele>
      </trkpt>
      <trkpt lat="36.8415997" lon="138.2737152">
        <ele>1333.0629798877478</ele>
      </trkpt>
      <trkpt lat="36.8416125" lon="138.2736958">
        <ele>1332.8110038622249</ele>
      </trkpt>
      <trkpt lat="36.8416239" lon="138.2736836">
        <ele>1332.663454902419</ele>
      </trkpt>
      <trkpt lat="36.8416353" lon="138.2736714">
        <ele>1332.5442139951415</ele>
      </trkpt>
      <trkpt lat="36.8416463" lon="138.2736575">
        <ele>1332.3449134979383</ele>
      </trkpt>
      <trkpt lat="36.8416574" lon="138.2736437">
        <ele>1332.0205143661333</ele>
      </trkpt>
      <trkpt lat="36.8416685" lon="138.2736279">
        <ele>1331.7088753253943</ele>
      </trkpt>
      <trkpt lat="36.8416796" lon="138.2736121">
        <ele>1331.4329327706357</ele>
      </trkpt>
      <trkpt lat="36.8416908" lon="138.2735972">
        <ele>1331.1979178809681</ele>
      </trkpt>
      <trkpt lat="36.8417021" lon="138.2735824">
        <ele>1330.996314885135</ele>
      </trkpt>
      <trkpt lat="36.841715" lon="138.2735651">
        <ele>1330.7046099849051</ele>
      </trkpt>
      <trkpt lat="36.841728" lon="138.2735479">
        <ele>1330.3282154422704</ele>
      </trkpt>
      <trkpt lat="36.8417426" lon="138.2735258">
        <ele>1329.9421414972971</ele>
      </trkpt>
      <trkpt lat="36.8417573" lon="138.2735038">
        <ele>1329.620987759839</ele>
      </trkpt>
      <trkpt lat="36.8417703" lon="138.2734792">
        <ele>1329.29254880603</ele>
      </trkpt>
      <trkpt lat="36.8417833" lon="138.2734546">
        <ele>1328.9772366137665</ele>
      </trkpt>
      <trkpt lat="36.8417938" lon="138.2734304">
        <ele>1328.6224568515715</ele>
      </trkpt>
      <trkpt lat="36.8418044" lon="138.2734063">
        <ele>1328.302592902709</ele>
      </trkpt>
      <trkpt lat="36.841812" lon="138.2733821">
        <ele>1328.0047768848533</ele>
      </trkpt>
      <trkpt lat="36.8418197" lon="138.2733579">
        <ele>1327.74333257868</ele>
      </trkpt>
      <trkpt lat="36.8418252" lon="138.2733331">
        <ele>1327.5341384566996</ele>
      </trkpt>
      <trkpt lat="36.8418308" lon="138.2733084">
        <ele>1327.2947955847446</ele>
      </trkpt>
      <trkpt lat="36.8418395" lon="138.2732819">
        <ele>1327.0310193329349</ele>
      </trkpt>
      <trkpt lat="36.8418482" lon="138.2732555">
        <ele>1326.8148921054985</ele>
      </trkpt>
      <trkpt lat="36.8418631" lon="138.2732294">
        <ele>1326.5029847363446</ele>
      </trkpt>
      <trkpt lat="36.841878" lon="138.2732033">
        <ele>1326.2013666922148</ele>
      </trkpt>
      <trkpt lat="36.8418992" lon="138.2731797">
        <ele>1325.9951743921677</ele>
      </trkpt>
      <trkpt lat="36.8419205" lon="138.2731561">
        <ele>1325.8935705672216</ele>
      </trkpt>
      <trkpt lat="36.8419438" lon="138.2731372">
        <ele>1325.5655343767608</ele>
      </trkpt>
      <trkpt lat="36.8419671" lon="138.2731184">
        <ele>1325.326093676679</ele>
      </trkpt>
      <trkpt lat="36.8419896" lon="138.2731024">
        <ele>1325.1787987440716</ele>
      </trkpt>
      <trkpt lat="36.8420121" lon="138.2730865">
        <ele>1324.9345435400903</ele>
      </trkpt>
      <trkpt lat="36.8420317" lon="138.2730682">
        <ele>1324.8141134979708</ele>
      </trkpt>
      <trkpt lat="36.8420514" lon="138.27305">
        <ele>1324.6960017836734</ele>
      </trkpt>
      <trkpt lat="36.8420659" lon="138.2730273">
        <ele>1324.603082810964</ele>
      </trkpt>
      <trkpt lat="36.8420804" lon="138.2730046">
        <ele>1324.5221665647784</ele>
      </trkpt>
      <trkpt lat="36.8420934" lon="138.2729803">
        <ele>1324.5250272073515</ele>
      </trkpt>
      <trkpt lat="36.8421065" lon="138.272956">
        <ele>1324.4242153183936</ele>
      </trkpt>
      <trkpt lat="36.8421197" lon="138.2729308">
        <ele>1324.4011125095212</ele>
      </trkpt>
      <trkpt lat="36.8421329" lon="138.2729057">
        <ele>1324.3807180651493</ele>
      </trkpt>
      <trkpt lat="36.8421454" lon="138.2728801">
        <ele>1324.2833686146928</ele>
      </trkpt>
      <trkpt lat="36.8421579" lon="138.2728546">
        <ele>1324.2061928684661</ele>
      </trkpt>
      <trkpt lat="36.8421716" lon="138.2728315">
        <ele>1324.2074766318788</ele>
      </trkpt>
      <trkpt lat="36.8421854" lon="138.2728085">
        <ele>1324.2826919597808</ele>
      </trkpt>
      <trkpt lat="36.8422002" lon="138.2727869">
        <ele>1324.1936181685805</ele>
      </trkpt>
      <trkpt lat="36.842215" lon="138.2727653">
        <ele>1324.078755284086</ele>
      </trkpt>
      <trkpt lat="36.84223" lon="138.2727451">
        <ele>1324.0465461906633</ele>
      </trkpt>
      <trkpt lat="36.842245" lon="138.2727249">
        <ele>1324.0965670764956</ele>
      </trkpt>
      <trkpt lat="36.8422591" lon="138.2727066">
        <ele>1324.0924724817398</ele>
      </trkpt>
      <trkpt lat="36.8422732" lon="138.2726883">
        <ele>1324.0657881311408</ele>
      </trkpt>
      <trkpt lat="36.8422867" lon="138.2726711">
        <ele>1324.0847342819002</ele>
      </trkpt>
      <trkpt lat="36.8423003" lon="138.272654">
        <ele>1324.174198447358</ele>
      </trkpt>
      <trkpt lat="36.8423166" lon="138.2726372">
        <ele>1324.3359964854983</ele>
      </trkpt>
      <trkpt lat="36.842333" lon="138.2726205">
        <ele>1324.4365659063176</ele>
      </trkpt>
      <trkpt lat="36.8423528" lon="138.2726001">
        <ele>1324.4893027695534</ele>
      </trkpt>
      <trkpt lat="36.8423726" lon="138.2725797">
        <ele>1324.6653603872053</ele>
      </trkpt>
      <trkpt lat="36.842393" lon="138.2725561">
        <ele>1325.0060297119173</ele>
      </trkpt>
      <trkpt lat="36.8424134" lon="138.2725325">
        <ele>1325.2370917210255</ele>
      </trkpt>
      <trkpt lat="36.8424297" lon="138.2725077">
        <ele>1325.5068513025826</ele>
      </trkpt>
      <trkpt lat="36.8424461" lon="138.272483">
        <ele>1325.8856460596417</ele>
      </trkpt>
      <trkpt lat="36.8424597" lon="138.2724597">
        <ele>1326.278050494025</ele>
      </trkpt>
      <trkpt lat="36.8424733" lon="138.2724364">
        <ele>1326.585117970071</ele>
      </trkpt>
      <trkpt lat="36.8424858" lon="138.2724155">
        <ele>1326.8306688198697</ele>
      </trkpt>
      <trkpt lat="36.8424984" lon="138.2723947">
        <ele>1327.137537708298</ele>
      </trkpt>
      <trkpt lat="36.8425125" lon="138.272375">
        <ele>1327.4849263714584</ele>
      </trkpt>
      <trkpt lat="36.8425266" lon="138.2723553">
        <ele>1327.8495614229248</ele>
      </trkpt>
      <trkpt lat="36.8425413" lon="138.272335">
        <ele>1328.241869729968</ele>
      </trkpt>
      <trkpt lat="36.8425561" lon="138.2723147">
        <ele>1328.5685626382342</ele>
      </trkpt>
      <trkpt lat="36.8425672" lon="138.272293">
        <ele>1328.955839893266</ele>
      </trkpt>
      <trkpt lat="36.8425784" lon="138.2722714">
        <ele>1329.3081259791802</ele>
      </trkpt>
      <trkpt lat="36.8425861" lon="138.2722507">
        <ele>1329.6595943420607</ele>
      </trkpt>
      <trkpt lat="36.8425939" lon="138.2722301">
        <ele>1330.037558813053</ele>
      </trkpt>
      <trkpt lat="36.8425997" lon="138.2722112">
        <ele>1330.3927425193094</ele>
      </trkpt>
      <trkpt lat="36.8426055" lon="138.2721923">
        <ele>1330.727027236411</ele>
      </trkpt>
      <trkpt lat="36.842609" lon="138.2721743">
        <ele>1330.9917487228631</ele>
      </trkpt>
      <trkpt lat="36.8426126" lon="138.2721564">
        <ele>1331.2571922275715</ele>
      </trkpt>
      <trkpt lat="36.8426135" lon="138.2721403">
        <ele>1331.495028383704</ele>
      </trkpt>
      <trkpt lat="36.8426144" lon="138.2721243">
        <ele>1331.7338542945565</ele>
      </trkpt>
      <trkpt lat="36.8426161" lon="138.2721105">
        <ele>1331.8861999979226</ele>
      </trkpt>
      <trkpt lat="36.8426178" lon="138.2720967">
        <ele>1332.0371055522241</ele>
      </trkpt>
      <trkpt lat="36.8426213" lon="138.2720843">
        <ele>1332.192127630191</ele>
      </trkpt>
      <trkpt lat="36.8426249" lon="138.272072">
        <ele>1332.3529109103736</ele>
      </trkpt>
      <trkpt lat="36.8426296" lon="138.2720607">
        <ele>1332.5199465833011</ele>
      </trkpt>
      <trkpt lat="36.8426344" lon="138.2720494">
        <ele>1332.6952729271945</ele>
      </trkpt>
      <trkpt lat="36.8426397" lon="138.272038">
        <ele>1332.8849221392172</ele>
      </trkpt>
      <trkpt lat="36.842645" lon="138.2720267">
        <ele>1333.0240949887568</ele>
      </trkpt>
      <trkpt lat="36.8426493" lon="138.2720136">
        <ele>1333.1663486858577</ele>
      </trkpt>
      <trkpt lat="36.8426536" lon="138.2720006">
        <ele>1333.3136276683967</ele>
      </trkpt>
      <trkpt lat="36.8426577" lon="138.2719853">
        <ele>1333.4805093852767</ele>
      </trkpt>
      <trkpt lat="36.8426618" lon="138.2719701">
        <ele>1333.6530259915419</ele>
      </trkpt>
      <trkpt lat="36.8426686" lon="138.2719531">
        <ele>1333.8887881059454</ele>
      </trkpt>
      <trkpt lat="36.8426754" lon="138.2719362">
        <ele>1334.039568699379</ele>
      </trkpt>
      <trkpt lat="36.8426862" lon="138.2719171">
        <ele>1334.1599926774784</ele>
      </trkpt>
      <trkpt lat="36.8426971" lon="138.2718981">
        <ele>1334.2948680456132</ele>
      </trkpt>
      <trkpt lat="36.8427116" lon="138.271878">
        <ele>1334.477556465563</ele>
      </trkpt>
      <trkpt lat="36.8427261" lon="138.2718579">
        <ele>1334.6313878578576</ele>
      </trkpt>
      <trkpt lat="36.8427425" lon="138.2718381">
        <ele>1334.7571595302984</ele>
      </trkpt>
      <trkpt lat="36.8427589" lon="138.2718183">
        <ele>1334.7022851384231</ele>
      </trkpt>
      <trkpt lat="36.8427775" lon="138.2718015">
        <ele>1334.6508319471984</ele>
      </trkpt>
      <trkpt lat="36.8427961" lon="138.2717848">
        <ele>1334.6205177738154</ele>
      </trkpt>
      <trkpt lat="36.8428167" lon="138.2717714">
        <ele>1334.5220762079032</ele>
      </trkpt>
      <trkpt lat="36.8428373" lon="138.271758">
        <ele>1334.2971039386912</ele>
      </trkpt>
      <trkpt lat="36.8428595" lon="138.2717459">
        <ele>1334.0827798465589</ele>
      </trkpt>
      <trkpt lat="36.8428818" lon="138.2717339">
        <ele>1333.878551925472</ele>
      </trkpt>
      <trkpt lat="36.8429004" lon="138.2717191">
        <ele>1333.5698034634395</ele>
      </trkpt>
      <trkpt lat="36.842919" lon="138.2717044">
        <ele>1333.2983834594997</ele>
      </trkpt>
      <trkpt lat="36.8429335" lon="138.2716916">
        <ele>1333.1028531560007</ele>
      </trkpt>
      <trkpt lat="36.842948" lon="138.2716788">
        <ele>1332.8839016800102</ele>
      </trkpt>
      <trkpt lat="36.8429604" lon="138.2716666">
        <ele>1332.6515871452766</ele>
      </trkpt>
      <trkpt lat="36.8429729" lon="138.2716544">
        <ele>1332.4292616659768</ele>
      </trkpt>
      <trkpt lat="36.8429843" lon="138.2716361">
        <ele>1332.2447144588373</ele>
      </trkpt>
      <trkpt lat="36.8429957" lon="138.2716178">
        <ele>1332.0884757890344</ele>
      </trkpt>
      <trkpt lat="36.843005" lon="138.2715909">
        <ele>1331.921683156297</ele>
      </trkpt>
      <trkpt lat="36.8430143" lon="138.2715641">
        <ele>1331.7401962260722</ele>
      </trkpt>
      <trkpt lat="36.8430227" lon="138.2715324">
        <ele>1331.5494663123131</ele>
      </trkpt>
      <trkpt lat="36.8430311" lon="138.2715008">
        <ele>1331.3125282739395</ele>
      </trkpt>
      <trkpt lat="36.8430432" lon="138.2714714">
        <ele>1331.049259137604</ele>
      </trkpt>
      <trkpt lat="36.8430553" lon="138.271442">
        <ele>1330.8342619354842</ele>
      </trkpt>
      <trkpt lat="36.8430715" lon="138.2714161">
        <ele>1330.4921880380396</ele>
      </trkpt>
      <trkpt lat="36.8430878" lon="138.2713902">
        <ele>1330.1632678658684</ele>
      </trkpt>
      <trkpt lat="36.8431067" lon="138.2713656">
        <ele>1329.7536451919607</ele>
      </trkpt>
      <trkpt lat="36.8431256" lon="138.2713411">
        <ele>1329.3734335800582</ele>
      </trkpt>
      <trkpt lat="36.8431463" lon="138.2713164">
        <ele>1328.986465051702</ele>
      </trkpt>
      <trkpt lat="36.8431671" lon="138.2712918">
        <ele>1328.5687661604734</ele>
      </trkpt>
      <trkpt lat="36.8431892" lon="138.2712677">
        <ele>1328.121318990739</ele>
      </trkpt>
      <trkpt lat="36.8432113" lon="138.2712436">
        <ele>1327.661748609673</ele>
      </trkpt>
      <trkpt lat="36.843235" lon="138.2712215">
        <ele>1327.219288916887</ele>
      </trkpt>
      <trkpt lat="36.8432587" lon="138.2711995">
        <ele>1326.7591571733965</ele>
      </trkpt>
      <trkpt lat="36.8432842" lon="138.2711795">
        <ele>1326.3292695938844</ele>
      </trkpt>
      <trkpt lat="36.8433098" lon="138.2711595">
        <ele>1325.8120597939946</ele>
      </trkpt>
      <trkpt lat="36.8433346" lon="138.2711388">
        <ele>1325.3257437229927</ele>
      </trkpt>
      <trkpt lat="36.8433594" lon="138.2711181">
        <ele>1324.9090878999589</ele>
      </trkpt>
      <trkpt lat="36.8433808" lon="138.2710957">
        <ele>1324.5056742214779</ele>
      </trkpt>
      <trkpt lat="36.8434022" lon="138.2710733">
        <ele>1324.0464125364372</ele>
      </trkpt>
      <trkpt lat="36.8434144" lon="138.2710463">
        <ele>1323.788197981961</ele>
      </trkpt>
      <trkpt lat="36.8434266" lon="138.2710193">
        <ele>1323.5635068792164</ele>
      </trkpt>
      <trkpt lat="36.843428" lon="138.2709894">
        <ele>1323.4716755883514</ele>
      </trkpt>
      <trkpt lat="36.8434294" lon="138.2709595">
        <ele>1323.3443074829972</ele>
      </trkpt>
      <trkpt lat="36.8434304" lon="138.2709339">
        <ele>1323.2428393103257</ele>
      </trkpt>
      <trkpt lat="36.8434314" lon="138.2709083">
        <ele>1323.0418092090672</ele>
      </trkpt>
      <trkpt lat="36.8434395" lon="138.2708913">
        <ele>1322.7280880288747</ele>
      </trkpt>
      <trkpt lat="36.8434476" lon="138.2708743">
        <ele>1322.4330520634664</ele>
      </trkpt>
      <trkpt lat="36.8434618" lon="138.2708591">
        <ele>1322.0829508783947</ele>
      </trkpt>
      <trkpt lat="36.8434761" lon="138.270844">
        <ele>1321.7615120760338</ele>
      </trkpt>
      <trkpt lat="36.8434943" lon="138.270827">
        <ele>1321.3581705727422</ele>
      </trkpt>
      <trkpt lat="36.8435126" lon="138.2708101">
        <ele>1320.842444292071</ele>
      </trkpt>
      <trkpt lat="36.8435346" lon="138.2707957">
        <ele>1320.2811304836132</ele>
      </trkpt>
      <trkpt lat="36.8435566" lon="138.2707814">
        <ele>1319.7529303243343</ele>
      </trkpt>
      <trkpt lat="36.8435793" lon="138.2707721">
        <ele>1319.1909259608592</ele>
      </trkpt>
      <trkpt lat="36.843602" lon="138.2707628">
        <ele>1318.5501681171975</ele>
      </trkpt>
      <trkpt lat="36.8436184" lon="138.2707572">
        <ele>1318.0998629884327</ele>
      </trkpt>
      <trkpt lat="36.8436348" lon="138.2707516">
        <ele>1317.6526733414123</ele>
      </trkpt>
      <trkpt lat="36.8436435" lon="138.2707458">
        <ele>1317.356557701156</ele>
      </trkpt>
      <trkpt lat="36.8436493" lon="138.2707427">
        <ele>1317.1600048137602</ele>
      </trkpt>
      <trkpt lat="36.8436551" lon="138.2707396">
        <ele>1316.9634519153278</ele>
      </trkpt>
      <trkpt lat="36.8436621" lon="138.2707375">
        <ele>1316.7453563378663</ele>
      </trkpt>
      <trkpt lat="36.8436691" lon="138.2707355">
        <ele>1316.528425827716</ele>
      </trkpt>
      <trkpt lat="36.8436864" lon="138.2707268">
        <ele>1315.9485236032406</ele>
      </trkpt>
      <trkpt lat="36.843693" lon="138.2707227">
        <ele>1315.7181907656145</ele>
      </trkpt>
      <trkpt lat="36.8436996" lon="138.2707187">
        <ele>1315.4890229970458</ele>
      </trkpt>
      <trkpt lat="36.8437064" lon="138.2707158">
        <ele>1315.2596484846115</ele>
      </trkpt>
      <trkpt lat="36.8437132" lon="138.270713">
        <ele>1314.9980924371223</ele>
      </trkpt>
      <trkpt lat="36.8437224" lon="138.2707105">
        <ele>1314.660534935006</ele>
      </trkpt>
      <trkpt lat="36.8437317" lon="138.2707081">
        <ele>1314.3222615783848</ele>
      </trkpt>
      <trkpt lat="36.8437425" lon="138.2707052">
        <ele>1313.930155934109</ele>
      </trkpt>
      <trkpt lat="36.8437533" lon="138.2707023">
        <ele>1313.5401752342282</ele>
      </trkpt>
      <trkpt lat="36.8437649" lon="138.2706974">
        <ele>1313.1064919800854</ele>
      </trkpt>
      <trkpt lat="36.8437765" lon="138.2706926">
        <ele>1312.668612392084</ele>
      </trkpt>
      <trkpt lat="36.8437896" lon="138.2706863">
        <ele>1312.1330986283722</ele>
      </trkpt>
      <trkpt lat="36.8438027" lon="138.27068">
        <ele>1311.5975847837517</ele>
      </trkpt>
      <trkpt lat="36.8438176" lon="138.2706747">
        <ele>1311.0058778927196</ele>
      </trkpt>
      <trkpt lat="36.8438326" lon="138.2706695">
        <ele>1310.4114633155991</ele>
      </trkpt>
      <trkpt lat="36.8438491" lon="138.2706666">
        <ele>1309.764559559247</ele>
      </trkpt>
      <trkpt lat="36.8438656" lon="138.2706637">
        <ele>1309.0866072592594</ele>
      </trkpt>
      <trkpt lat="36.8438832" lon="138.270663">
        <ele>1308.3843595808457</ele>
      </trkpt>
      <trkpt lat="36.8439008" lon="138.2706624">
        <ele>1307.683190699546</ele>
      </trkpt>
      <trkpt lat="36.8439197" lon="138.2706618">
        <ele>1306.894250975687</ele>
      </trkpt>
      <trkpt lat="36.8439386" lon="138.2706612">
        <ele>1306.0607429196782</ele>
      </trkpt>
      <trkpt lat="36.8439585" lon="138.2706613">
        <ele>1305.1940459606844</ele>
      </trkpt>
      <trkpt lat="36.8439784" lon="138.2706614">
        <ele>1304.3272812675368</ele>
      </trkpt>
      <trkpt lat="36.8439978" lon="138.2706655">
        <ele>1303.5053565948049</ele>
      </trkpt>
      <trkpt lat="36.8440173" lon="138.2706696">
        <ele>1302.6635025974604</ele>
      </trkpt>
      <trkpt lat="36.844034" lon="138.2706747">
        <ele>1301.9573379450253</ele>
      </trkpt>
      <trkpt lat="36.8440508" lon="138.2706798">
        <ele>1301.2466599530546</ele>
      </trkpt>
      <trkpt lat="36.8440671" lon="138.2706836">
        <ele>1300.5464308000642</ele>
      </trkpt>
      <trkpt lat="36.8440835" lon="138.2706874">
        <ele>1299.841688311892</ele>
      </trkpt>
      <trkpt lat="36.8441012" lon="138.2706914">
        <ele>1299.080138477707</ele>
      </trkpt>
      <trkpt lat="36.844119" lon="138.2706954">
        <ele>1298.3156482462966</ele>
      </trkpt>
      <trkpt lat="36.8441361" lon="138.2707029">
        <ele>1297.6272582875358</ele>
      </trkpt>
      <trkpt lat="36.8441532" lon="138.2707104">
        <ele>1296.9345173932109</ele>
      </trkpt>
      <trkpt lat="36.8441672" lon="138.2707212">
        <ele>1296.40360917774</ele>
      </trkpt>
      <trkpt lat="36.8441813" lon="138.270732">
        <ele>1295.863088945883</ele>
      </trkpt>
      <trkpt lat="36.844194" lon="138.2707449">
        <ele>1295.419179445401</ele>
      </trkpt>
      <trkpt lat="36.8442067" lon="138.2707579">
        <ele>1294.9411926212306</ele>
      </trkpt>
      <trkpt lat="36.8442196" lon="138.2707719">
        <ele>1294.41947567027</ele>
      </trkpt>
      <trkpt lat="36.8442326" lon="138.2707859">
        <ele>1293.88734909709</ele>
      </trkpt>
      <trkpt lat="36.8442459" lon="138.2707988">
        <ele>1293.3346831218273</ele>
      </trkpt>
      <trkpt lat="36.8442593" lon="138.2708118">
        <ele>1292.7768198975132</ele>
      </trkpt>
      <trkpt lat="36.8442753" lon="138.2708191">
        <ele>1292.109802606702</ele>
      </trkpt>
      <trkpt lat="36.8442913" lon="138.2708265">
        <ele>1291.4429016832264</ele>
      </trkpt>
      <trkpt lat="36.8443085" lon="138.2708275">
        <ele>1290.7178798699988</ele>
      </trkpt>
      <trkpt lat="36.8443257" lon="138.2708286">
        <ele>1289.9963726053018</ele>
      </trkpt>
      <trkpt lat="36.8443431" lon="138.2708267">
        <ele>1289.284859794379</ele>
      </trkpt>
      <trkpt lat="36.8443605" lon="138.2708248">
        <ele>1288.5733468231288</ele>
      </trkpt>
      <trkpt lat="36.8443778" lon="138.2708217">
        <ele>1287.8645120228184</ele>
      </trkpt>
      <trkpt lat="36.8443951" lon="138.2708186">
        <ele>1287.154784257914</ele>
      </trkpt>
      <trkpt lat="36.8444127" lon="138.2708152">
        <ele>1286.427021990997</ele>
      </trkpt>
      <trkpt lat="36.8444304" lon="138.2708118">
        <ele>1285.6931122551</ele>
      </trkpt>
      <trkpt lat="36.8444473" lon="138.2708074">
        <ele>1284.9880429563239</ele>
      </trkpt>
      <trkpt lat="36.8444642" lon="138.2708031">
        <ele>1281.561812650692</ele>
      </trkpt>
      <trkpt lat="36.8444799" lon="138.2707993">
        <ele>1281.5573853297628</ele>
      </trkpt>
      <trkpt lat="36.8444957" lon="138.2707956">
        <ele>1281.5530745173808</ele>
      </trkpt>
      <trkpt lat="36.8445108" lon="138.2707949">
        <ele>1281.552258958202</ele>
      </trkpt>
      <trkpt lat="36.8445259" lon="138.2707943">
        <ele>1281.5515599075707</ele>
      </trkpt>
      <trkpt lat="36.8445418" lon="138.2707953">
        <ele>1281.0303827160042</ele>
      </trkpt>
      <trkpt lat="36.8445577" lon="138.2707964">
        <ele>1280.3603614364288</ele>
      </trkpt>
      <trkpt lat="36.8445751" lon="138.2707979">
        <ele>1279.627475571912</ele>
      </trkpt>
      <trkpt lat="36.8445926" lon="138.2707995">
        <ele>1278.8904840152948</ele>
      </trkpt>
      <trkpt lat="36.8446107" lon="138.2708006">
        <ele>1278.1275775435852</ele>
      </trkpt>
      <trkpt lat="36.8446288" lon="138.2708018">
        <ele>1277.3647873987452</ele>
      </trkpt>
      <trkpt lat="36.8446478" lon="138.2708008">
        <ele>1276.5614355642358</ele>
      </trkpt>
      <trkpt lat="36.8446669" lon="138.2707998">
        <ele>1275.7535782934176</ele>
      </trkpt>
      <trkpt lat="36.844686" lon="138.2707971">
        <ele>1274.888408949646</ele>
      </trkpt>
      <trkpt lat="36.8447052" lon="138.2707944">
        <ele>1274.0187261772116</ele>
      </trkpt>
      <trkpt lat="36.8447241" lon="138.2707924">
        <ele>1273.1633983916608</ele>
      </trkpt>
      <trkpt lat="36.844743" lon="138.2707904">
        <ele>1272.3029297842318</ele>
      </trkpt>
      <trkpt lat="36.8447619" lon="138.2707885">
        <ele>1271.4356322585754</ele>
      </trkpt>
      <trkpt lat="36.8447809" lon="138.2707867">
        <ele>1270.5650170041893</ele>
      </trkpt>
      <trkpt lat="36.844799" lon="138.270785">
        <ele>1269.736721592</ele>
      </trkpt>
      <trkpt lat="36.8448171" lon="138.2707833">
        <ele>1268.890655619569</ele>
      </trkpt>
      <trkpt lat="36.8448349" lon="138.2707814">
        <ele>1268.052337358256</ele>
      </trkpt>
      <trkpt lat="36.8448528" lon="138.2707796">
        <ele>1267.2103749786545</ele>
      </trkpt>
      <trkpt lat="36.8448702" lon="138.2707751">
        <ele>1266.396058608788</ele>
      </trkpt>
      <trkpt lat="36.8448876" lon="138.2707707">
        <ele>1265.5628031868198</ele>
      </trkpt>
      <trkpt lat="36.8449023" lon="138.2707683">
        <ele>1264.8554006798938</ele>
      </trkpt>
      <trkpt lat="36.844917" lon="138.2707659">
        <ele>1264.14919489055</ele>
      </trkpt>
      <trkpt lat="36.8449268" lon="138.2707767">
        <ele>1263.6532644118472</ele>
      </trkpt>
      <trkpt lat="36.8449366" lon="138.2707875">
        <ele>1263.1537433064107</ele>
      </trkpt>
      <trkpt lat="36.8449411" lon="138.2708099">
        <ele>1262.8826618651406</ele>
      </trkpt>
      <trkpt lat="36.8449457" lon="138.2708323">
        <ele>1262.5911363945868</ele>
      </trkpt>
      <trkpt lat="36.8449461" lon="138.2708597">
        <ele>1262.3099401915306</ele>
      </trkpt>
      <trkpt lat="36.8449465" lon="138.2708871">
        <ele>1261.9992039926906</ele>
      </trkpt>
      <trkpt lat="36.8449441" lon="138.2709127">
        <ele>1261.8575350587832</ele>
      </trkpt>
      <trkpt lat="36.8449417" lon="138.2709384">
        <ele>1261.5613973043712</ele>
      </trkpt>
      <trkpt lat="36.8449445" lon="138.2709535">
        <ele>1261.1130390533376</ele>
      </trkpt>
      <trkpt lat="36.8449474" lon="138.2709686">
        <ele>1260.6608079067069</ele>
      </trkpt>
      <trkpt lat="36.8449599" lon="138.2709674">
        <ele>1260.0208000876637</ele>
      </trkpt>
      <trkpt lat="36.8449724" lon="138.2709663">
        <ele>1259.3783549749214</ele>
      </trkpt>
      <trkpt lat="36.844991" lon="138.2709523">
        <ele>1258.6560341181366</ele>
      </trkpt>
      <trkpt lat="36.8450096" lon="138.2709383">
        <ele>1257.924879082838</ele>
      </trkpt>
      <trkpt lat="36.8450285" lon="138.2709186">
        <ele>1257.2790619252255</ele>
      </trkpt>
      <trkpt lat="36.8450474" lon="138.270899">
        <ele>1256.5168364115996</ele>
      </trkpt>
      <trkpt lat="36.8450634" lon="138.2708831">
        <ele>1255.8634966542947</ele>
      </trkpt>
      <trkpt lat="36.8450795" lon="138.2708672">
        <ele>1255.2040783560838</ele>
      </trkpt>
      <trkpt lat="36.8450896" lon="138.2708695">
        <ele>1254.6332180045085</ele>
      </trkpt>
      <trkpt lat="36.8450997" lon="138.2708718">
        <ele>1254.0623575805694</ele>
      </trkpt>
      <trkpt lat="36.8451014" lon="138.2708912">
        <ele>1253.7447561509912</ele>
      </trkpt>
      <trkpt lat="36.8451032" lon="138.2709107">
        <ele>1253.4206028657507</ele>
      </trkpt>
      <trkpt lat="36.8451014" lon="138.2709327">
        <ele>1253.1715929439765</ele>
      </trkpt>
      <trkpt lat="36.8450996" lon="138.2709548">
        <ele>1252.8308325334228</ele>
      </trkpt>
      <trkpt lat="36.8451044" lon="138.2709627">
        <ele>1252.4157968446157</ele>
      </trkpt>
      <trkpt lat="36.8451093" lon="138.2709706">
        <ele>1251.9953743738133</ele>
      </trkpt>
      <trkpt lat="36.8451228" lon="138.2709619">
        <ele>1251.4404765951224</ele>
      </trkpt>
      <trkpt lat="36.8451363" lon="138.2709533">
        <ele>1250.8835980459362</ele>
      </trkpt>
      <trkpt lat="36.8451551" lon="138.2709363">
        <ele>1250.2184965292936</ele>
      </trkpt>
      <trkpt lat="36.845174" lon="138.2709193">
        <ele>1249.5449904703548</ele>
      </trkpt>
      <trkpt lat="36.845194" lon="138.2708979">
        <ele>1248.7460815497689</ele>
      </trkpt>
      <trkpt lat="36.8452141" lon="138.2708766">
        <ele>1247.9407660827983</ele>
      </trkpt>
      <trkpt lat="36.8452327" lon="138.2708538">
        <ele>1247.2265579901762</ele>
      </trkpt>
      <trkpt lat="36.8452514" lon="138.2708311">
        <ele>1246.4909352584243</ele>
      </trkpt>
      <trkpt lat="36.8452661" lon="138.2708176">
        <ele>1245.811718594952</ele>
      </trkpt>
      <trkpt lat="36.8452809" lon="138.2708042">
        <ele>1245.1333547115876</ele>
      </trkpt>
      <trkpt lat="36.8452891" lon="138.2708104">
        <ele>1244.6701996369943</ele>
      </trkpt>
      <trkpt lat="36.8452974" lon="138.2708166">
        <ele>1244.2062045267317</ele>
      </trkpt>
      <trkpt lat="36.8453" lon="138.2708392">
        <ele>1243.8923130769056</ele>
      </trkpt>
      <trkpt lat="36.8453026" lon="138.2708618">
        <ele>1243.4701873722956</ele>
      </trkpt>
      <trkpt lat="36.8453015" lon="138.2708895">
        <ele>1243.1712377893045</ele>
      </trkpt>
      <trkpt lat="36.8453004" lon="138.2709172">
        <ele>1242.8722882063132</ele>
      </trkpt>
      <trkpt lat="36.8453032" lon="138.2709354">
        <ele>1242.4123641629953</ele>
      </trkpt>
      <trkpt lat="36.8453061" lon="138.2709536">
        <ele>1241.9181270567756</ele>
      </trkpt>
      <trkpt lat="36.8453182" lon="138.2709535">
        <ele>1241.296933508425</ele>
      </trkpt>
      <trkpt lat="36.8453304" lon="138.2709535">
        <ele>1240.6686903755178</ele>
      </trkpt>
      <trkpt lat="36.8453491" lon="138.2709402">
        <ele>1239.9681215291644</ele>
      </trkpt>
      <trkpt lat="36.8453678" lon="138.2709269">
        <ele>1239.2772342911926</ele>
      </trkpt>
      <trkpt lat="36.8453883" lon="138.2709061">
        <ele>1238.5446735405449</ele>
      </trkpt>
      <trkpt lat="36.8454088" lon="138.2708853">
        <ele>1237.7915218026403</ele>
      </trkpt>
      <trkpt lat="36.8454292" lon="138.2708615">
        <ele>1237.100125030538</ele>
      </trkpt>
      <trkpt lat="36.8454497" lon="138.2708378">
        <ele>1236.418801500374</ele>
      </trkpt>
      <trkpt lat="36.845469" lon="138.2708147">
        <ele>1235.6806919239064</ele>
      </trkpt>
      <trkpt lat="36.8454884" lon="138.2707917">
        <ele>1234.9406988467433</ele>
      </trkpt>
      <trkpt lat="36.8455069" lon="138.2707689">
        <ele>1234.2112831414383</ele>
      </trkpt>
      <trkpt lat="36.8455255" lon="138.2707461">
        <ele>1233.4535121005258</ele>
      </trkpt>
      <trkpt lat="36.8455424" lon="138.2707242">
        <ele>1232.6582842229823</ele>
      </trkpt>
      <trkpt lat="36.8455593" lon="138.2707023">
        <ele>1231.8881679226317</ele>
      </trkpt>
      <trkpt lat="36.8455719" lon="138.2706922">
        <ele>1231.2940602414465</ele>
      </trkpt>
      <trkpt lat="36.8455846" lon="138.2706821">
        <ele>1230.698939956025</ele>
      </trkpt>
      <trkpt lat="36.8455918" lon="138.2706915">
        <ele>1230.3023846270555</ele>
      </trkpt>
      <trkpt lat="36.845599" lon="138.2707009">
        <ele>1229.9035332370474</ele>
      </trkpt>
      <trkpt lat="36.8456033" lon="138.2707236">
        <ele>1229.5918878411765</ele>
      </trkpt>
      <trkpt lat="36.8456076" lon="138.2707463">
        <ele>1229.2769310381345</ele>
      </trkpt>
      <trkpt lat="36.8456113" lon="138.270768">
        <ele>1228.8525853198778</ele>
      </trkpt>
      <trkpt lat="36.845615" lon="138.2707898">
        <ele>1228.3923295665677</ele>
      </trkpt>
      <trkpt lat="36.8456239" lon="138.2707946">
        <ele>1227.8660351016656</ele>
      </trkpt>
      <trkpt lat="36.8456329" lon="138.2707995">
        <ele>1227.3285108207904</ele>
      </trkpt>
      <trkpt lat="36.8456467" lon="138.2707875">
        <ele>1226.7467777767233</ele>
      </trkpt>
      <trkpt lat="36.8456606" lon="138.2707755">
        <ele>1226.1540830262445</ele>
      </trkpt>
      <trkpt lat="36.8456758" lon="138.2707544">
        <ele>1225.5953088074955</ele>
      </trkpt>
      <trkpt lat="36.845691" lon="138.2707333">
        <ele>1224.9246351113609</ele>
      </trkpt>
      <trkpt lat="36.8457045" lon="138.270709">
        <ele>1224.3514750497416</ele>
      </trkpt>
      <trkpt lat="36.845718" lon="138.2706847">
        <ele>1223.7854679618035</ele>
      </trkpt>
      <trkpt lat="36.8457282" lon="138.2706697">
        <ele>1223.338244659268</ele>
      </trkpt>
      <trkpt lat="36.8457384" lon="138.2706548">
        <ele>1222.8378126201742</ele>
      </trkpt>
      <trkpt lat="36.8457441" lon="138.2706587">
        <ele>1222.539209467509</ele>
      </trkpt>
      <trkpt lat="36.8457498" lon="138.2706626">
        <ele>1222.2390979947459</ele>
      </trkpt>
      <trkpt lat="36.8457531" lon="138.2706793">
        <ele>1221.9772560500553</ele>
      </trkpt>
      <trkpt lat="36.8457565" lon="138.2706961">
        <ele>1221.7011873383553</ele>
      </trkpt>
      <trkpt lat="36.8457573" lon="138.2707196">
        <ele>1221.5223601220187</ele>
      </trkpt>
      <trkpt lat="36.8457582" lon="138.2707431">
        <ele>1221.3382916812798</ele>
      </trkpt>
      <trkpt lat="36.8457615" lon="138.2707597">
        <ele>1220.991298545653</ele>
      </trkpt>
      <trkpt lat="36.8457649" lon="138.2707763">
        <ele>1220.580399953537</ele>
      </trkpt>
      <trkpt lat="36.845775" lon="138.2707755">
        <ele>1220.0480197518377</ele>
      </trkpt>
      <trkpt lat="36.8457852" lon="138.2707747">
        <ele>1219.5097493892545</ele>
      </trkpt>
      <trkpt lat="36.8458001" lon="138.2707594">
        <ele>1218.9210232630846</ele>
      </trkpt>
      <trkpt lat="36.845815" lon="138.2707441">
        <ele>1218.2937317054077</ele>
      </trkpt>
      <trkpt lat="36.8458326" lon="138.2707226">
        <ele>1217.5231781847574</ele>
      </trkpt>
      <trkpt lat="36.8458502" lon="138.2707011">
        <ele>1216.775082065632</ele>
      </trkpt>
      <trkpt lat="36.8458671" lon="138.2706788">
        <ele>1216.0711836738988</ele>
      </trkpt>
      <trkpt lat="36.845884" lon="138.2706565">
        <ele>1215.3263146399445</ele>
      </trkpt>
      <trkpt lat="36.8458987" lon="138.2706343">
        <ele>1214.6339343943164</ele>
      </trkpt>
      <trkpt lat="36.8459135" lon="138.2706121">
        <ele>1213.9704554039527</ele>
      </trkpt>
      <trkpt lat="36.8459251" lon="138.2705901">
        <ele>1213.4731445252899</ele>
      </trkpt>
      <trkpt lat="36.8459368" lon="138.2705681">
        <ele>1212.8808939262863</ele>
      </trkpt>
      <trkpt lat="36.845947" lon="138.2705557">
        <ele>1212.3147527274848</ele>
      </trkpt>
      <trkpt lat="36.8459572" lon="138.2705434">
        <ele>1211.753393167279</ele>
      </trkpt>
      <trkpt lat="36.8459653" lon="138.2705499">
        <ele>1211.3882593974718</ele>
      </trkpt>
      <trkpt lat="36.8459734" lon="138.2705564">
        <ele>1211.0252777121968</ele>
      </trkpt>
      <trkpt lat="36.8459792" lon="138.2705758">
        <ele>1210.8454732626683</ele>
      </trkpt>
      <trkpt lat="36.8459851" lon="138.2705953">
        <ele>1210.5197170608312</ele>
      </trkpt>
      <trkpt lat="36.8459928" lon="138.2706127">
        <ele>1210.0917728453574</ele>
      </trkpt>
      <trkpt lat="36.8460006" lon="138.2706301">
        <ele>1209.6545367281103</ele>
      </trkpt>
      <trkpt lat="36.8460135" lon="138.27063">
        <ele>1209.0426450334107</ele>
      </trkpt>
      <trkpt lat="36.8460265" lon="138.27063">
        <ele>1208.4256085058853</ele>
      </trkpt>
      <trkpt lat="36.8460427" lon="138.2706137">
        <ele>1207.7345450807366</ele>
      </trkpt>
      <trkpt lat="36.8460589" lon="138.2705974">
        <ele>1207.0557693965736</ele>
      </trkpt>
      <trkpt lat="36.8460742" lon="138.2705743">
        <ele>1206.4172092044796</ele>
      </trkpt>
      <trkpt lat="36.8460896" lon="138.2705512">
        <ele>1205.632671593459</ele>
      </trkpt>
      <trkpt lat="36.846104" lon="138.2705311">
        <ele>1204.9246756080493</ele>
      </trkpt>
      <trkpt lat="36.8461184" lon="138.270511">
        <ele>1204.244934376172</ele>
      </trkpt>
      <trkpt lat="36.846131" lon="138.2705057">
        <ele>1203.6842377901671</ele>
      </trkpt>
      <trkpt lat="36.8461437" lon="138.2705005">
        <ele>1203.1172127065481</ele>
      </trkpt>
      <trkpt lat="36.8461546" lon="138.2705096">
        <ele>1202.6708108088292</ele>
      </trkpt>
      <trkpt lat="36.8461656" lon="138.2705188">
        <ele>1202.2237791550986</ele>
      </trkpt>
      <trkpt lat="36.8461723" lon="138.270537">
        <ele>1201.9960081430165</ele>
      </trkpt>
      <trkpt lat="36.8461791" lon="138.2705552">
        <ele>1201.7690510482057</ele>
      </trkpt>
      <trkpt lat="36.8461838" lon="138.2705747">
        <ele>1201.6386678388608</ele>
      </trkpt>
      <trkpt lat="36.8461886" lon="138.2705942">
        <ele>1201.356383076777</ele>
      </trkpt>
      <trkpt lat="36.8461958" lon="138.270601">
        <ele>1201.0127774698672</ele>
      </trkpt>
      <trkpt lat="36.8462031" lon="138.2706078">
        <ele>1200.6649497123676</ele>
      </trkpt>
      <trkpt lat="36.8462142" lon="138.2706001">
        <ele>1200.2411498945212</ele>
      </trkpt>
      <trkpt lat="36.8462253" lon="138.2705924">
        <ele>1199.817350008479</ele>
      </trkpt>
      <trkpt lat="36.8462407" lon="138.2705759">
        <ele>1199.2427523770598</ele>
      </trkpt>
      <trkpt lat="36.8462562" lon="138.2705594">
        <ele>1198.5780987619194</ele>
      </trkpt>
      <trkpt lat="36.8462744" lon="138.2705392">
        <ele>1197.8155974861008</ele>
      </trkpt>
      <trkpt lat="36.8462926" lon="138.2705191">
        <ele>1197.0533290568283</ele>
      </trkpt>
      <trkpt lat="36.8463073" lon="138.2704971">
        <ele>1196.424216265814</ele>
      </trkpt>
      <trkpt lat="36.8463221" lon="138.2704751">
        <ele>1195.6815850498037</ele>
      </trkpt>
      <trkpt lat="36.8463328" lon="138.2704566">
        <ele>1195.1031832977656</ele>
      </trkpt>
      <trkpt lat="36.8463436" lon="138.2704381">
        <ele>1194.5275127853624</ele>
      </trkpt>
      <trkpt lat="36.8463558" lon="138.2704277">
        <ele>1193.9637741063339</ele>
      </trkpt>
      <trkpt lat="36.8463681" lon="138.2704173">
        <ele>1193.400390874511</ele>
      </trkpt>
      <trkpt lat="36.8463851" lon="138.2704119">
        <ele>1192.6915344314657</ele>
      </trkpt>
      <trkpt lat="36.8464022" lon="138.2704066">
        <ele>1191.9815754826418</ele>
      </trkpt>
      <trkpt lat="36.8464228" lon="138.2704036">
        <ele>1191.1333516094837</ele>
      </trkpt>
      <trkpt lat="36.8464435" lon="138.2704007">
        <ele>1190.2824781577337</ele>
      </trkpt>
      <trkpt lat="36.846464" lon="138.2704022">
        <ele>1189.4802022376225</ele>
      </trkpt>
      <trkpt lat="36.8464845" lon="138.2704037">
        <ele>1188.6644966114795</ele>
      </trkpt>
      <trkpt lat="36.8465046" lon="138.2704065">
        <ele>1187.8795585533198</ele>
      </trkpt>
      <trkpt lat="36.8465247" lon="138.2704094">
        <ele>1187.0862935122484</ele>
      </trkpt>
      <trkpt lat="36.8465442" lon="138.2704093">
        <ele>1186.318210942543</ele>
      </trkpt>
      <trkpt lat="36.8465638" lon="138.2704092">
        <ele>1185.54625916947</ele>
      </trkpt>
      <trkpt lat="36.8465818" lon="138.2704055">
        <ele>1184.80890597275</ele>
      </trkpt>
      <trkpt lat="36.8465998" lon="138.2704019">
        <ele>1184.0325146516807</ele>
      </trkpt>
      <trkpt lat="36.8466187" lon="138.2703977">
        <ele>1183.1927746604492</ele>
      </trkpt>
      <trkpt lat="36.8466376" lon="138.2703935">
        <ele>1182.358420441201</ele>
      </trkpt>
      <trkpt lat="36.8466577" lon="138.2703897">
        <ele>1181.4832374509185</ele>
      </trkpt>
      <trkpt lat="36.8466779" lon="138.270386">
        <ele>1180.6523471551257</ele>
      </trkpt>
      <trkpt lat="36.8466988" lon="138.2703779">
        <ele>1179.755277776556</ele>
      </trkpt>
      <trkpt lat="36.8467198" lon="138.2703698">
        <ele>1178.8542772053984</ele>
      </trkpt>
      <trkpt lat="36.8467392" lon="138.2703563">
        <ele>1177.968847849241</ele>
      </trkpt>
      <trkpt lat="36.8467586" lon="138.2703429">
        <ele>1177.1004712349534</ele>
      </trkpt>
      <trkpt lat="36.8467761" lon="138.2703282">
        <ele>1176.3122411928366</ele>
      </trkpt>
      <trkpt lat="36.8467936" lon="138.2703135">
        <ele>1175.507635974139</ele>
      </trkpt>
      <trkpt lat="36.8468134" lon="138.2703065">
        <ele>1174.685032951153</ele>
      </trkpt>
      <trkpt lat="36.8468332" lon="138.2702995">
        <ele>1173.8724550205832</ele>
      </trkpt>
      <trkpt lat="36.8468562" lon="138.2703005">
        <ele>1173.0281202625856</ele>
      </trkpt>
      <trkpt lat="36.8468793" lon="138.2703016">
        <ele>1172.2122044006373</ele>
      </trkpt>
      <trkpt lat="36.8469034" lon="138.2703077">
        <ele>1171.4269580006605</ele>
      </trkpt>
      <trkpt lat="36.8469276" lon="138.2703138">
        <ele>1170.6382171327248</ele>
      </trkpt>
      <trkpt lat="36.8469528" lon="138.2703216">
        <ele>1169.8560813331515</ele>
      </trkpt>
      <trkpt lat="36.846978" lon="138.2703294">
        <ele>1169.0576691881295</ele>
      </trkpt>
      <trkpt lat="36.8470046" lon="138.2703362">
        <ele>1168.2130946603158</ele>
      </trkpt>
      <trkpt lat="36.8470313" lon="138.270343">
        <ele>1167.4260761432702</ele>
      </trkpt>
      <trkpt lat="36.8470586" lon="138.2703498">
        <ele>1166.6142590346574</ele>
      </trkpt>
      <trkpt lat="36.8470859" lon="138.2703567">
        <ele>1165.8149059645696</ele>
      </trkpt>
      <trkpt lat="36.8471127" lon="138.2703637">
        <ele>1165.049387136158</ele>
      </trkpt>
      <trkpt lat="36.8471396" lon="138.2703708">
        <ele>1164.2878421955022</ele>
      </trkpt>
      <trkpt lat="36.8471664" lon="138.2703772">
        <ele>1163.5313399595786</ele>
      </trkpt>
      <trkpt lat="36.8471933" lon="138.2703836">
        <ele>1162.7777052700274</ele>
      </trkpt>
      <trkpt lat="36.8472196" lon="138.2703898">
        <ele>1162.0461153731517</ele>
      </trkpt>
      <trkpt lat="36.847246" lon="138.270396">
        <ele>1161.3171270619239</ele>
      </trkpt>
      <trkpt lat="36.8472717" lon="138.270404">
        <ele>1160.6286501842308</ele>
      </trkpt>
      <trkpt lat="36.8472974" lon="138.2704121">
        <ele>1159.8823966772227</ele>
      </trkpt>
      <trkpt lat="36.8473244" lon="138.270424">
        <ele>1159.0948642859096</ele>
      </trkpt>
      <trkpt lat="36.8473515" lon="138.2704359">
        <ele>1158.3232326009572</ele>
      </trkpt>
      <trkpt lat="36.8473802" lon="138.270448">
        <ele>1157.5093530455833</ele>
      </trkpt>
      <trkpt lat="36.847409" lon="138.2704602">
        <ele>1156.7047447292018</ele>
      </trkpt>
      <trkpt lat="36.847439" lon="138.2704685">
        <ele>1155.882834385922</ele>
      </trkpt>
      <trkpt lat="36.847469" lon="138.2704768">
        <ele>1155.0825739929996</ele>
      </trkpt>
      <trkpt lat="36.8474977" lon="138.2704844">
        <ele>1154.3538059123423</ele>
      </trkpt>
      <trkpt lat="36.8475264" lon="138.270492">
        <ele>1153.6564357524442</ele>
      </trkpt>
      <trkpt lat="36.8475549" lon="138.2704959">
        <ele>1152.9159438118804</ele>
      </trkpt>
      <trkpt lat="36.8475835" lon="138.2704998">
        <ele>1152.0967832665892</ele>
      </trkpt>
      <trkpt lat="36.8476128" lon="138.2704993">
        <ele>1151.2418602609077</ele>
      </trkpt>
      <trkpt lat="36.8476422" lon="138.2704989">
        <ele>1150.4162649563514</ele>
      </trkpt>
      <trkpt lat="36.8476716" lon="138.2705003">
        <ele>1149.6078748078553</ele>
      </trkpt>
      <trkpt lat="36.847701" lon="138.2705018">
        <ele>1148.797948738153</ele>
      </trkpt>
      <trkpt lat="36.8477307" lon="138.2705023">
        <ele>1147.973101329909</ele>
      </trkpt>
      <trkpt lat="36.8477604" lon="138.2705028">
        <ele>1147.1442435159356</ele>
      </trkpt>
      <trkpt lat="36.8477907" lon="138.2705043">
        <ele>1146.2654427300217</ele>
      </trkpt>
      <trkpt lat="36.847821" lon="138.2705058">
        <ele>1145.3866415943958</ele>
      </trkpt>
      <trkpt lat="36.8478511" lon="138.2705101">
        <ele>1144.548856622272</ele>
      </trkpt>
      <trkpt lat="36.8478813" lon="138.2705144">
        <ele>1143.7104637019775</ele>
      </trkpt>
      <trkpt lat="36.8479102" lon="138.2705179">
        <ele>1142.9099973475106</ele>
      </trkpt>
      <trkpt lat="36.8479392" lon="138.2705214">
        <ele>1142.1118539118218</ele>
      </trkpt>
      <trkpt lat="36.8479656" lon="138.2705269">
        <ele>1141.392346598363</ele>
      </trkpt>
      <trkpt lat="36.8479921" lon="138.2705325">
        <ele>1140.7248357519047</ele>
      </trkpt>
      <trkpt lat="36.8480163" lon="138.2705413">
        <ele>1140.1118683250277</ele>
      </trkpt>
      <trkpt lat="36.8480406" lon="138.2705501">
        <ele>1139.5051070848199</ele>
      </trkpt>
      <trkpt lat="36.8480649" lon="138.2705615">
        <ele>1138.9336633388143</ele>
      </trkpt>
      <trkpt lat="36.8480893" lon="138.2705729">
        <ele>1138.3692787429686</ele>
      </trkpt>
      <trkpt lat="36.8481134" lon="138.2705881">
        <ele>1137.7878401531202</ele>
      </trkpt>
      <trkpt lat="36.8481376" lon="138.2706033">
        <ele>1137.2018992845635</ele>
      </trkpt>
      <trkpt lat="36.8481604" lon="138.2706217">
        <ele>1136.6463661755001</ele>
      </trkpt>
      <trkpt lat="36.8481832" lon="138.2706402">
        <ele>1136.138372373517</ele>
      </trkpt>
      <trkpt lat="36.8482046" lon="138.2706584">
        <ele>1135.704942879274</ele>
      </trkpt>
      <trkpt lat="36.848226" lon="138.2706767">
        <ele>1135.2276892654963</ele>
      </trkpt>
      <trkpt lat="36.8482465" lon="138.270692">
        <ele>1134.7572888119998</ele>
      </trkpt>
      <trkpt lat="36.848267" lon="138.2707074">
        <ele>1134.2787449266496</ele>
      </trkpt>
      <trkpt lat="36.8482869" lon="138.2707193">
        <ele>1133.8432620242957</ele>
      </trkpt>
      <trkpt lat="36.8483069" lon="138.2707312">
        <ele>1133.4140339318924</ele>
      </trkpt>
      <trkpt lat="36.8483277" lon="138.2707426">
        <ele>1133.0088860901647</ele>
      </trkpt>
      <trkpt lat="36.8483485" lon="138.2707541">
        <ele>1132.591315302752</ele>
      </trkpt>
      <trkpt lat="36.8483721" lon="138.270765">
        <ele>1132.1009265189432</ele>
      </trkpt>
      <trkpt lat="36.8483957" lon="138.2707759">
        <ele>1131.5990516937495</ele>
      </trkpt>
      <trkpt lat="36.8484224" lon="138.270786">
        <ele>1131.066039573692</ele>
      </trkpt>
      <trkpt lat="36.8484491" lon="138.2707962">
        <ele>1130.5572126866887</ele>
      </trkpt>
      <trkpt lat="36.8484762" lon="138.2708044">
        <ele>1130.107569862279</ele>
      </trkpt>
      <trkpt lat="36.8485033" lon="138.2708126">
        <ele>1129.673004987936</ele>
      </trkpt>
      <trkpt lat="36.8485283" lon="138.2708189">
        <ele>1129.29220396189</ele>
      </trkpt>
      <trkpt lat="36.8485534" lon="138.2708252">
        <ele>1128.9207429565722</ele>
      </trkpt>
      <trkpt lat="36.848577" lon="138.2708314">
        <ele>1128.5802553904402</ele>
      </trkpt>
      <trkpt lat="36.8486007" lon="138.2708376">
        <ele>1128.267768565004</ele>
      </trkpt>
      <trkpt lat="36.8486255" lon="138.2708448">
        <ele>1127.93229434335</ele>
      </trkpt>
      <trkpt lat="36.8486504" lon="138.2708521">
        <ele>1127.607242581465</ele>
      </trkpt>
      <trkpt lat="36.8486767" lon="138.270861">
        <ele>1127.3094949404856</ele>
      </trkpt>
      <trkpt lat="36.848703" lon="138.27087">
        <ele>1127.0274545632712</ele>
      </trkpt>
      <trkpt lat="36.8487305" lon="138.2708801">
        <ele>1126.756021527133</ele>
      </trkpt>
      <trkpt lat="36.8487581" lon="138.2708902">
        <ele>1126.5215158525243</ele>
      </trkpt>
      <trkpt lat="36.8487856" lon="138.2709005">
        <ele>1126.3160495289735</ele>
      </trkpt>
      <trkpt lat="36.8488131" lon="138.2709109">
        <ele>1126.1075015293113</ele>
      </trkpt>
      <trkpt lat="36.8488402" lon="138.2709207">
        <ele>1125.9176638732165</ele>
      </trkpt>
      <trkpt lat="36.8488673" lon="138.2709305">
        <ele>1125.69954679858</ele>
      </trkpt>
      <trkpt lat="36.8488939" lon="138.2709399">
        <ele>1125.476052064471</ele>
      </trkpt>
      <trkpt lat="36.8489206" lon="138.2709494">
        <ele>1125.2688437076658</ele>
      </trkpt>
      <trkpt lat="36.8489466" lon="138.2709591">
        <ele>1125.0049001877298</ele>
      </trkpt>
      <trkpt lat="36.8489726" lon="138.2709688">
        <ele>1124.7483355620122</ele>
      </trkpt>
      <trkpt lat="36.8489982" lon="138.2709779">
        <ele>1124.5145726002656</ele>
      </trkpt>
      <trkpt lat="36.8490238" lon="138.270987">
        <ele>1124.2795409951336</ele>
      </trkpt>
      <trkpt lat="36.8490489" lon="138.2709968">
        <ele>1124.07017271383</ele>
      </trkpt>
      <trkpt lat="36.849074" lon="138.2710067">
        <ele>1123.8286943500589</ele>
      </trkpt>
      <trkpt lat="36.8490982" lon="138.2710179">
        <ele>1123.5249972402269</ele>
      </trkpt>
      <trkpt lat="36.8491224" lon="138.2710291">
        <ele>1123.2274057488855</ele>
      </trkpt>
      <trkpt lat="36.8491461" lon="138.2710422">
        <ele>1122.9297221582974</ele>
      </trkpt>
      <trkpt lat="36.8491699" lon="138.2710554">
        <ele>1122.6432992248137</ele>
      </trkpt>
      <trkpt lat="36.8491927" lon="138.2710697">
        <ele>1122.411776294131</ele>
      </trkpt>
      <trkpt lat="36.8492156" lon="138.271084">
        <ele>1122.1692012696842</ele>
      </trkpt>
      <trkpt lat="36.8492384" lon="138.2710989">
        <ele>1121.905493147318</ele>
      </trkpt>
      <trkpt lat="36.8492613" lon="138.2711138">
        <ele>1121.6087279645153</ele>
      </trkpt>
      <trkpt lat="36.8492854" lon="138.2711292">
        <ele>1121.2854993911312</ele>
      </trkpt>
      <trkpt lat="36.8493095" lon="138.2711446">
        <ele>1120.961508649111</ele>
      </trkpt>
      <trkpt lat="36.8493349" lon="138.2711599">
        <ele>1120.6282872433317</ele>
      </trkpt>
      <trkpt lat="36.8493604" lon="138.2711753">
        <ele>1120.3377196648255</ele>
      </trkpt>
      <trkpt lat="36.8493868" lon="138.2711892">
        <ele>1120.0206927352503</ele>
      </trkpt>
      <trkpt lat="36.8494132" lon="138.2712032">
        <ele>1119.706430731622</ele>
      </trkpt>
      <trkpt lat="36.8494393" lon="138.2712142">
        <ele>1119.390164454619</ele>
      </trkpt>
      <trkpt lat="36.8494654" lon="138.2712252">
        <ele>1119.1031189119794</ele>
      </trkpt>
      <trkpt lat="36.84949" lon="138.2712323">
        <ele>1118.8164041736034</ele>
      </trkpt>
      <trkpt lat="36.8495146" lon="138.2712394">
        <ele>1118.5342389600032</ele>
      </trkpt>
      <trkpt lat="36.8495375" lon="138.2712425">
        <ele>1118.2461329089986</ele>
      </trkpt>
      <trkpt lat="36.8495605" lon="138.2712456">
        <ele>1117.9806833060097</ele>
      </trkpt>
      <trkpt lat="36.8495835" lon="138.2712459">
        <ele>1117.6938004408744</ele>
      </trkpt>
      <trkpt lat="36.8496065" lon="138.2712463">
        <ele>1117.408989255078</ele>
      </trkpt>
      <trkpt lat="36.8496296" lon="138.2712434">
        <ele>1117.0048577051734</ele>
      </trkpt>
      <trkpt lat="36.8496527" lon="138.2712405">
        <ele>1116.573407195967</ele>
      </trkpt>
      <trkpt lat="36.8496757" lon="138.271235">
        <ele>1116.0971469976425</ele>
      </trkpt>
      <trkpt lat="36.8496988" lon="138.2712296">
        <ele>1115.5968887262634</ele>
      </trkpt>
      <trkpt lat="36.8497226" lon="138.2712215">
        <ele>1115.0288962036914</ele>
      </trkpt>
      <trkpt lat="36.8497465" lon="138.2712135">
        <ele>1114.4542709892996</ele>
      </trkpt>
      <trkpt lat="36.8497711" lon="138.2712093">
        <ele>1113.8540573344344</ele>
      </trkpt>
      <trkpt lat="36.8497957" lon="138.2712052">
        <ele>1113.2451508639624</ele>
      </trkpt>
      <trkpt lat="36.8498191" lon="138.2712072">
        <ele>1112.7681454811925</ele>
      </trkpt>
      <trkpt lat="36.8498425" lon="138.2712093">
        <ele>1112.2717106283376</ele>
      </trkpt>
      <trkpt lat="36.8498656" lon="138.2712096">
        <ele>1111.7508620911792</ele>
      </trkpt>
      <trkpt lat="36.8498887" lon="138.27121">
        <ele>1111.229221346692</ele>
      </trkpt>
      <trkpt lat="36.8499128" lon="138.2712114">
        <ele>1110.6674793418078</ele>
      </trkpt>
      <trkpt lat="36.849937" lon="138.2712129">
        <ele>1110.102698227854</ele>
      </trkpt>
      <trkpt lat="36.8499615" lon="138.2712133">
        <ele>1109.5086036159194</ele>
      </trkpt>
      <trkpt lat="36.849986" lon="138.2712137">
        <ele>1108.9087141183677</ele>
      </trkpt>
      <trkpt lat="36.8500103" lon="138.2712085">
        <ele>1108.222432125524</ele>
      </trkpt>
      <trkpt lat="36.8500347" lon="138.2712034">
        <ele>1107.5266999147536</ele>
      </trkpt>
      <trkpt lat="36.8500584" lon="138.2712002">
        <ele>1106.8721428584843</ele>
      </trkpt>
      <trkpt lat="36.8500822" lon="138.271197">
        <ele>1106.2201960660027</ele>
      </trkpt>
      <trkpt lat="36.850105" lon="138.2711925">
        <ele>1105.5688656745954</ele>
      </trkpt>
      <trkpt lat="36.8501279" lon="138.271188">
        <ele>1104.9057967193435</ele>
      </trkpt>
      <trkpt lat="36.8501504" lon="138.2711835">
        <ele>1104.253210636416</ele>
      </trkpt>
      <trkpt lat="36.8501729" lon="138.271179">
        <ele>1103.6171016201622</ele>
      </trkpt>
      <trkpt lat="36.8501946" lon="138.2711773">
        <ele>1103.0562229050336</ele>
      </trkpt>
      <trkpt lat="36.8502164" lon="138.2711757">
        <ele>1102.4942669718068</ele>
      </trkpt>
      <trkpt lat="36.8502384" lon="138.2711707">
        <ele>1101.8821707534325</ele>
      </trkpt>
      <trkpt lat="36.8502605" lon="138.2711658">
        <ele>1101.2780504877041</ele>
      </trkpt>
      <trkpt lat="36.8502835" lon="138.2711618">
        <ele>1100.6705176028825</ele>
      </trkpt>
      <trkpt lat="36.8503065" lon="138.2711578">
        <ele>1100.0747402179056</ele>
      </trkpt>
      <trkpt lat="36.8503305" lon="138.2711586">
        <ele>1099.524963619002</ele>
      </trkpt>
      <trkpt lat="36.8503545" lon="138.2711594">
        <ele>1098.9751868441713</ele>
      </trkpt>
      <trkpt lat="36.8503804" lon="138.271158">
        <ele>1098.3647008770542</ele>
      </trkpt>
      <trkpt lat="36.8504064" lon="138.2711567">
        <ele>1097.7642752459858</ele>
      </trkpt>
      <trkpt lat="36.8504335" lon="138.2711562">
        <ele>1097.1489385742002</ele>
      </trkpt>
      <trkpt lat="36.8504607" lon="138.2711558">
        <ele>1096.5492686033026</ele>
      </trkpt>
      <trkpt lat="36.8504886" lon="138.2711586">
        <ele>1095.9660365796424</ele>
      </trkpt>
      <trkpt lat="36.8505165" lon="138.2711615">
        <ele>1095.387191050711</ele>
      </trkpt>
      <trkpt lat="36.8505461" lon="138.2711624">
        <ele>1094.7573811706106</ele>
      </trkpt>
      <trkpt lat="36.8505757" lon="138.2711634">
        <ele>1094.1298842268075</ele>
      </trkpt>
      <trkpt lat="36.8506061" lon="138.2711655">
        <ele>1093.5273426134618</ele>
      </trkpt>
      <trkpt lat="36.8506366" lon="138.2711677">
        <ele>1092.9235779296155</ele>
      </trkpt>
      <trkpt lat="36.850667" lon="138.2711712">
        <ele>1092.3357975027902</ele>
      </trkpt>
      <trkpt lat="36.8506974" lon="138.2711747">
        <ele>1091.745530104063</ele>
      </trkpt>
      <trkpt lat="36.8507272" lon="138.2711759">
        <ele>1091.147520681005</ele>
      </trkpt>
      <trkpt lat="36.850757" lon="138.2711771">
        <ele>1090.5484700297939</ele>
      </trkpt>
      <trkpt lat="36.8507867" lon="138.2711801">
        <ele>1089.9608919836119</ele>
      </trkpt>
      <trkpt lat="36.8508164" lon="138.2711831">
        <ele>1089.3659764003944</ele>
      </trkpt>
      <trkpt lat="36.8508479" lon="138.2711854">
        <ele>1088.7319228924819</ele>
      </trkpt>
      <trkpt lat="36.8508794" lon="138.2711878">
        <ele>1088.0530869835297</ele>
      </trkpt>
      <trkpt lat="36.8509121" lon="138.2711873">
        <ele>1087.3371745546356</ele>
      </trkpt>
      <trkpt lat="36.8509449" lon="138.2711869">
        <ele>1086.6562929918582</ele>
      </trkpt>
      <trkpt lat="36.8509776" lon="138.271187">
        <ele>1085.9857137845224</ele>
      </trkpt>
      <trkpt lat="36.8510103" lon="138.2711872">
        <ele>1085.2794934169938</ele>
      </trkpt>
      <trkpt lat="36.8510422" lon="138.2711875">
        <ele>1084.578881672086</ele>
      </trkpt>
      <trkpt lat="36.8510742" lon="138.2711879">
        <ele>1083.907504251647</ele>
      </trkpt>
      <trkpt lat="36.8511045" lon="138.271191">
        <ele>1083.2934820149105</ele>
      </trkpt>
      <trkpt lat="36.8511349" lon="138.2711941">
        <ele>1082.674445771723</ele>
      </trkpt>
      <trkpt lat="36.8511654" lon="138.2711949">
        <ele>1082.0453833824308</ele>
      </trkpt>
      <trkpt lat="36.851196" lon="138.2711958">
        <ele>1081.4256195275832</ele>
      </trkpt>
      <trkpt lat="36.8512271" lon="138.2711936">
        <ele>1080.8747994702603</ele>
      </trkpt>
      <trkpt lat="36.8512582" lon="138.2711915">
        <ele>1080.3261878710362</ele>
      </trkpt>
      <trkpt lat="36.8512903" lon="138.2711906">
        <ele>1079.7225059129305</ele>
      </trkpt>
      <trkpt lat="36.8513224" lon="138.2711898">
        <ele>1079.1158486377915</ele>
      </trkpt>
      <trkpt lat="36.8513551" lon="138.2711877">
        <ele>1078.5711096489267</ele>
      </trkpt>
      <trkpt lat="36.8513878" lon="138.2711856">
        <ele>1078.0472052395683</ele>
      </trkpt>
      <trkpt lat="36.8514207" lon="138.2711818">
        <ele>1077.527032714656</ele>
      </trkpt>
      <trkpt lat="36.8514536" lon="138.271178">
        <ele>1077.005775939488</ele>
      </trkpt>
      <trkpt lat="36.8514851" lon="138.271176">
        <ele>1076.4989402443646</ele>
      </trkpt>
      <trkpt lat="36.8515167" lon="138.2711741">
        <ele>1075.9906192438916</ele>
      </trkpt>
      <trkpt lat="36.8515454" lon="138.2711739">
        <ele>1075.5158979292964</ele>
      </trkpt>
      <trkpt lat="36.8515741" lon="138.2711738">
        <ele>1075.0143329108137</ele>
      </trkpt>
      <trkpt lat="36.8515999" lon="138.2711789">
        <ele>1074.5694951839746</ele>
      </trkpt>
      <trkpt lat="36.8516257" lon="138.2711841">
        <ele>1074.1112694706003</ele>
      </trkpt>
      <trkpt lat="36.8516503" lon="138.2711973">
        <ele>1073.6755690727502</ele>
      </trkpt>
      <trkpt lat="36.8516749" lon="138.2712105">
        <ele>1073.2606696664095</ele>
      </trkpt>
      <trkpt lat="36.8516995" lon="138.2712308">
        <ele>1072.8531888176458</ele>
      </trkpt>
      <trkpt lat="36.8517242" lon="138.2712512">
        <ele>1072.4611128633962</ele>
      </trkpt>
      <trkpt lat="36.851749" lon="138.2712744">
        <ele>1072.078838618633</ele>
      </trkpt>
      <trkpt lat="36.8517739" lon="138.2712976">
        <ele>1071.7228700490625</ele>
      </trkpt>
      <trkpt lat="36.8517983" lon="138.2713189">
        <ele>1071.4109705157764</ele>
      </trkpt>
      <trkpt lat="36.8518228" lon="138.2713403">
        <ele>1071.1309918434754</ele>
      </trkpt>
      <trkpt lat="36.8518463" lon="138.2713578">
        <ele>1070.8769525783669</ele>
      </trkpt>
      <trkpt lat="36.8518699" lon="138.2713754">
        <ele>1070.6229118698411</ele>
      </trkpt>
      <trkpt lat="36.8518924" lon="138.2713898">
        <ele>1070.4121732825624</ele>
      </trkpt>
      <trkpt lat="36.851915" lon="138.2714042">
        <ele>1070.2371492011212</ele>
      </trkpt>
      <trkpt lat="36.8519366" lon="138.2714175">
        <ele>1070.0989226825784</ele>
      </trkpt>
      <trkpt lat="36.8519582" lon="138.2714308">
        <ele>1069.9762464076148</ele>
      </trkpt>
      <trkpt lat="36.8519797" lon="138.2714455">
        <ele>1069.8266476784888</ele>
      </trkpt>
      <trkpt lat="36.8520012" lon="138.2714603">
        <ele>1069.6723111835938</ele>
      </trkpt>
      <trkpt lat="36.8520235" lon="138.2714774">
        <ele>1069.5401286256736</ele>
      </trkpt>
      <trkpt lat="36.8520458" lon="138.2714945">
        <ele>1069.4176288219173</ele>
      </trkpt>
      <trkpt lat="36.8520705" lon="138.2715124">
        <ele>1069.2795209161013</ele>
      </trkpt>
      <trkpt lat="36.8520952" lon="138.2715303">
        <ele>1069.1246791569072</ele>
      </trkpt>
      <trkpt lat="36.8521201" lon="138.2715492">
        <ele>1068.958052246199</ele>
      </trkpt>
      <trkpt lat="36.8521451" lon="138.2715681">
        <ele>1068.8067412808464</ele>
      </trkpt>
      <trkpt lat="36.852169" lon="138.2715896">
        <ele>1068.6819857749833</ele>
      </trkpt>
      <trkpt lat="36.8521929" lon="138.2716112">
        <ele>1068.5615780085343</ele>
      </trkpt>
      <trkpt lat="36.8522159" lon="138.2716343">
        <ele>1068.3725086291124</ele>
      </trkpt>
      <trkpt lat="36.852239" lon="138.2716574">
        <ele>1068.176248213728</ele>
      </trkpt>
      <trkpt lat="36.8522612" lon="138.2716818">
        <ele>1067.9924607697292</ele>
      </trkpt>
      <trkpt lat="36.8522835" lon="138.2717063">
        <ele>1067.7854905372496</ele>
      </trkpt>
      <trkpt lat="36.8523052" lon="138.2717304">
        <ele>1067.5556996577893</ele>
      </trkpt>
      <trkpt lat="36.8523269" lon="138.2717545">
        <ele>1067.345132734879</ele>
      </trkpt>
      <trkpt lat="36.8523494" lon="138.2717768">
        <ele>1067.1553916685552</ele>
      </trkpt>
      <trkpt lat="36.8523719" lon="138.2717992">
        <ele>1066.8747097855992</ele>
      </trkpt>
      <trkpt lat="36.852395" lon="138.2718205">
        <ele>1066.5868465343847</ele>
      </trkpt>
      <trkpt lat="36.8524182" lon="138.2718418">
        <ele>1066.3151991326022</ele>
      </trkpt>
      <trkpt lat="36.8524415" lon="138.2718626">
        <ele>1066.0639967969623</ele>
      </trkpt>
      <trkpt lat="36.8524649" lon="138.2718835">
        <ele>1065.776037127119</ele>
      </trkpt>
      <trkpt lat="36.8524889" lon="138.2719034">
        <ele>1065.517986548578</ele>
      </trkpt>
      <trkpt lat="36.852513" lon="138.2719233">
        <ele>1065.2840832504917</ele>
      </trkpt>
      <trkpt lat="36.8525365" lon="138.2719425">
        <ele>1065.0590627494278</ele>
      </trkpt>
      <trkpt lat="36.85256" lon="138.2719617">
        <ele>1064.8097606506806</ele>
      </trkpt>
      <trkpt lat="36.8525808" lon="138.2719839">
        <ele>1064.5313100462654</ele>
      </trkpt>
      <trkpt lat="36.8526016" lon="138.2720061">
        <ele>1064.243247025095</ele>
      </trkpt>
      <trkpt lat="36.8526201" lon="138.2720318">
        <ele>1063.9059095815176</ele>
      </trkpt>
      <trkpt lat="36.8526386" lon="138.2720576">
        <ele>1063.5263252279399</ele>
      </trkpt>
      <trkpt lat="36.8526572" lon="138.2720845">
        <ele>1063.093654557889</ele>
      </trkpt>
      <trkpt lat="36.8526759" lon="138.2721115">
        <ele>1062.6250676034804</ele>
      </trkpt>
      <trkpt lat="36.8526968" lon="138.2721369">
        <ele>1062.1610344862577</ele>
      </trkpt>
      <trkpt lat="36.8527177" lon="138.2721624">
        <ele>1061.7361697094498</ele>
      </trkpt>
      <trkpt lat="36.8527414" lon="138.2721837">
        <ele>1061.334858863849</ele>
      </trkpt>
      <trkpt lat="36.8527652" lon="138.2722051">
        <ele>1060.8972320437697</ele>
      </trkpt>
      <trkpt lat="36.8527912" lon="138.2722233">
        <ele>1060.523213500345</ele>
      </trkpt>
      <trkpt lat="36.8528172" lon="138.2722416">
        <ele>1060.1342492127508</ele>
      </trkpt>
      <trkpt lat="36.8528446" lon="138.2722585">
        <ele>1059.7333461888604</ele>
      </trkpt>
      <trkpt lat="36.852872" lon="138.2722755">
        <ele>1059.3561767891988</ele>
      </trkpt>
      <trkpt lat="36.852899" lon="138.2722917">
        <ele>1058.9928714638356</ele>
      </trkpt>
      <trkpt lat="36.8529261" lon="138.272308">
        <ele>1058.6137999355283</ele>
      </trkpt>
      <trkpt lat="36.8529518" lon="138.2723222">
        <ele>1058.249568773655</ele>
      </trkpt>
      <trkpt lat="36.8529776" lon="138.2723364">
        <ele>1057.87251333963</ele>
      </trkpt>
      <trkpt lat="36.8530031" lon="138.2723488">
        <ele>1057.5638565624934</ele>
      </trkpt>
      <trkpt lat="36.8530287" lon="138.2723613">
        <ele>1057.2315395294772</ele>
      </trkpt>
      <trkpt lat="36.853055" lon="138.2723715">
        <ele>1056.9130867748327</ele>
      </trkpt>
      <trkpt lat="36.8530814" lon="138.2723818">
        <ele>1056.5790314857243</ele>
      </trkpt>
      <trkpt lat="36.8531085" lon="138.272391">
        <ele>1056.2615092233468</ele>
      </trkpt>
      <trkpt lat="36.8531357" lon="138.2724003">
        <ele>1055.96182230205</ele>
      </trkpt>
      <trkpt lat="36.8531639" lon="138.2724106">
        <ele>1055.640753351008</ele>
      </trkpt>
      <trkpt lat="36.8531921" lon="138.272421">
        <ele>1055.3079509408046</ele>
      </trkpt>
      <trkpt lat="36.8532205" lon="138.2724332">
        <ele>1054.9294699373388</ele>
      </trkpt>
      <trkpt lat="36.853249" lon="138.2724455">
        <ele>1054.5367119308173</ele>
      </trkpt>
      <trkpt lat="36.8532767" lon="138.27246">
        <ele>1054.1249854187486</ele>
      </trkpt>
      <trkpt lat="36.8533045" lon="138.2724746">
        <ele>1053.7350899135097</ele>
      </trkpt>
      <trkpt lat="36.8533313" lon="138.2724895">
        <ele>1053.3705570049128</ele>
      </trkpt>
      <trkpt lat="36.8533582" lon="138.2725045">
        <ele>1053.0300780460711</ele>
      </trkpt>
      <trkpt lat="36.8533845" lon="138.2725189">
        <ele>1052.7018320682464</ele>
      </trkpt>
      <trkpt lat="36.8534109" lon="138.2725334">
        <ele>1052.4094903294404</ele>
      </trkpt>
      <trkpt lat="36.8534372" lon="138.2725481">
        <ele>1052.110938006946</ele>
      </trkpt>
      <trkpt lat="36.8534636" lon="138.2725629">
        <ele>1051.8292617104657</ele>
      </trkpt>
      <trkpt lat="36.8534898" lon="138.2725801">
        <ele>1051.5348803086827</ele>
      </trkpt>
      <trkpt lat="36.853516" lon="138.2725974">
        <ele>1051.223480406606</ele>
      </trkpt>
      <trkpt lat="36.8535411" lon="138.2726185">
        <ele>1050.8463957335334</ele>
      </trkpt>
      <trkpt lat="36.8535662" lon="138.2726397">
        <ele>1050.4765871617021</ele>
      </trkpt>
      <trkpt lat="36.8535906" lon="138.2726652">
        <ele>1050.0325432007812</ele>
      </trkpt>
      <trkpt lat="36.8536151" lon="138.2726908">
        <ele>1049.5828616530634</ele>
      </trkpt>
      <trkpt lat="36.8536399" lon="138.2727153">
        <ele>1049.1546931206249</ele>
      </trkpt>
      <trkpt lat="36.8536647" lon="138.2727399">
        <ele>1048.7243006723113</ele>
      </trkpt>
      <trkpt lat="36.8536903" lon="138.272761">
        <ele>1048.334422674944</ele>
      </trkpt>
      <trkpt lat="36.8537159" lon="138.2727822">
        <ele>1047.961211315943</ele>
      </trkpt>
      <trkpt lat="36.853742" lon="138.2728023">
        <ele>1047.6133473657333</ele>
      </trkpt>
      <trkpt lat="36.8537682" lon="138.2728225">
        <ele>1047.2516421089483</ele>
      </trkpt>
      <trkpt lat="36.8537931" lon="138.2728446">
        <ele>1046.8528300888531</ele>
      </trkpt>
      <trkpt lat="36.853818" lon="138.2728668">
        <ele>1046.4336887559798</ele>
      </trkpt>
      <trkpt lat="36.8538413" lon="138.2728914">
        <ele>1045.9595060526744</ele>
      </trkpt>
      <trkpt lat="36.8538646" lon="138.272916">
        <ele>1045.510950874957</ele>
      </trkpt>
      <trkpt lat="36.8538862" lon="138.2729431">
        <ele>1045.0479628002406</ele>
      </trkpt>
      <trkpt lat="36.8539079" lon="138.2729703">
        <ele>1044.5696523858253</ele>
      </trkpt>
      <trkpt lat="36.8539284" lon="138.2729999">
        <ele>1044.0789590191569</ele>
      </trkpt>
      <trkpt lat="36.8539489" lon="138.2730296">
        <ele>1043.6070880835634</ele>
      </trkpt>
      <trkpt lat="36.853969" lon="138.2730581">
        <ele>1043.1485134115514</ele>
      </trkpt>
      <trkpt lat="36.8539891" lon="138.2730867">
        <ele>1042.7138187103133</ele>
      </trkpt>
      <trkpt lat="36.8540096" lon="138.273113">
        <ele>1042.309525339796</ele>
      </trkpt>
      <trkpt lat="36.8540302" lon="138.2731393">
        <ele>1041.8865263471641</ele>
      </trkpt>
      <trkpt lat="36.8540521" lon="138.2731637">
        <ele>1041.4891993267422</ele>
      </trkpt>
      <trkpt lat="36.854074" lon="138.2731881">
        <ele>1041.106376380165</ele>
      </trkpt>
      <trkpt lat="36.8540979" lon="138.2732107">
        <ele>1040.7580362078493</ele>
      </trkpt>
      <trkpt lat="36.8541219" lon="138.2732334">
        <ele>1040.3768170992792</ele>
      </trkpt>
      <trkpt lat="36.854147" lon="138.2732539">
        <ele>1040.0361877214903</ele>
      </trkpt>
      <trkpt lat="36.8541721" lon="138.2732745">
        <ele>1039.694801044192</ele>
      </trkpt>
      <trkpt lat="36.8541976" lon="138.2732946">
        <ele>1039.3394328001732</ele>
      </trkpt>
      <trkpt lat="36.8542231" lon="138.2733147">
        <ele>1038.9803169160436</ele>
      </trkpt>
      <trkpt lat="36.8542485" lon="138.2733354">
        <ele>1038.6507207724057</ele>
      </trkpt>
      <trkpt lat="36.8542739" lon="138.2733562">
        <ele>1038.3186788922437</ele>
      </trkpt>
      <trkpt lat="36.8542988" lon="138.2733792">
        <ele>1037.9446414786769</ele>
      </trkpt>
      <trkpt lat="36.8543237" lon="138.2734022">
        <ele>1037.5556817167069</ele>
      </trkpt>
      <trkpt lat="36.8543482" lon="138.2734277">
        <ele>1037.1223698341817</ele>
      </trkpt>
      <trkpt lat="36.8543727" lon="138.2734532">
        <ele>1036.6330800429441</ele>
      </trkpt>
      <trkpt lat="36.8543969" lon="138.2734811">
        <ele>1036.0927471081632</ele>
      </trkpt>
      <trkpt lat="36.8544211" lon="138.2735091">
        <ele>1035.5100891033194</ele>
      </trkpt>
      <trkpt lat="36.8544447" lon="138.2735372">
        <ele>1034.842318339833</ele>
      </trkpt>
      <trkpt lat="36.8544684" lon="138.2735653">
        <ele>1034.1733826413758</ele>
      </trkpt>
      <trkpt lat="36.8544914" lon="138.2735916">
        <ele>1033.5271160052632</ele>
      </trkpt>
      <trkpt lat="36.8545144" lon="138.2736179">
        <ele>1032.8608581914577</ele>
      </trkpt>
      <trkpt lat="36.8545375" lon="138.2736418">
        <ele>1032.2297860810077</ele>
      </trkpt>
      <trkpt lat="36.8545606" lon="138.2736657">
        <ele>1031.5988666135972</ele>
      </trkpt>
      <trkpt lat="36.8545851" lon="138.2736882">
        <ele>1030.9725382394631</ele>
      </trkpt>
      <trkpt lat="36.8546097" lon="138.2737107">
        <ele>1030.3451976471588</ele>
      </trkpt>
      <trkpt lat="36.8546352" lon="138.2737321">
        <ele>1029.7549152153742</ele>
      </trkpt>
      <trkpt lat="36.8546607" lon="138.2737536">
        <ele>1029.2032930342161</ele>
      </trkpt>
      <trkpt lat="36.8546859" lon="138.2737743">
        <ele>1028.669303933113</ele>
      </trkpt>
      <trkpt lat="36.8547112" lon="138.2737951">
        <ele>1028.181926525571</ele>
      </trkpt>
      <trkpt lat="36.8547343" lon="138.2738164">
        <ele>1027.7247741103645</ele>
      </trkpt>
      <trkpt lat="36.8547574" lon="138.2738378">
        <ele>1027.2661070440438</ele>
      </trkpt>
      <trkpt lat="36.8547768" lon="138.2738604">
        <ele>1026.8219846039956</ele>
      </trkpt>
      <trkpt lat="36.8547963" lon="138.273883">
        <ele>1026.3770938339132</ele>
      </trkpt>
      <trkpt lat="36.8548132" lon="138.2739075">
        <ele>1025.8951135650345</ele>
      </trkpt>
      <trkpt lat="36.8548302" lon="138.2739321">
        <ele>1025.3968928205054</ele>
      </trkpt>
      <trkpt lat="36.8548463" lon="138.2739575">
        <ele>1024.8879869449681</ele>
      </trkpt>
      <trkpt lat="36.8548625" lon="138.273983">
        <ele>1024.3512011670985</ele>
      </trkpt>
      <trkpt lat="36.8548775" lon="138.2740096">
        <ele>1023.7723176121847</ele>
      </trkpt>
      <trkpt lat="36.8548926" lon="138.2740363">
        <ele>1023.1604246676478</ele>
      </trkpt>
      <trkpt lat="36.8549072" lon="138.2740642">
        <ele>1022.5270173245664</ele>
      </trkpt>
      <trkpt lat="36.8549218" lon="138.2740922">
        <ele>1021.8836477688338</ele>
      </trkpt>
      <trkpt lat="36.8549379" lon="138.2741212">
        <ele>1021.1815684084878</ele>
      </trkpt>
      <trkpt lat="36.854954" lon="138.2741502">
        <ele>1020.4478062168168</ele>
      </trkpt>
      <trkpt lat="36.8549713" lon="138.2741801">
        <ele>1019.6579681592066</ele>
      </trkpt>
      <trkpt lat="36.8549886" lon="138.27421">
        <ele>1018.9264623978182</ele>
      </trkpt>
      <trkpt lat="36.8550053" lon="138.2742406">
        <ele>1018.1874683028097</ele>
      </trkpt>
      <trkpt lat="36.8550221" lon="138.2742713">
        <ele>1017.4469695812188</ele>
      </trkpt>
      <trkpt lat="36.8550384" lon="138.2743033">
        <ele>1016.6816215870206</ele>
      </trkpt>
      <trkpt lat="36.8550548" lon="138.2743354">
        <ele>1015.9794100289481</ele>
      </trkpt>
      <trkpt lat="36.8550709" lon="138.274368">
        <ele>1015.3010296576209</ele>
      </trkpt>
      <trkpt lat="36.8550871" lon="138.2744006">
        <ele>1014.6389162013204</ele>
      </trkpt>
      <trkpt lat="36.8551034" lon="138.2744342">
        <ele>1013.9388527540315</ele>
      </trkpt>
      <trkpt lat="36.8551198" lon="138.2744679">
        <ele>1013.3134703751431</ele>
      </trkpt>
      <trkpt lat="36.8551354" lon="138.2745025">
        <ele>1012.6911943812399</ele>
      </trkpt>
      <trkpt lat="36.855151" lon="138.2745371">
        <ele>1012.0609972653873</ele>
      </trkpt>
      <trkpt lat="36.8551668" lon="138.2745717">
        <ele>1011.400830645099</ele>
      </trkpt>
      <trkpt lat="36.8551826" lon="138.2746063">
        <ele>1010.7643005067487</ele>
      </trkpt>
      <trkpt lat="36.8552" lon="138.2746395">
        <ele>1010.2396123000424</ele>
      </trkpt>
      <trkpt lat="36.8552175" lon="138.2746728">
        <ele>1009.7207806032156</ele>
      </trkpt>
      <trkpt lat="36.8552368" lon="138.2747042">
        <ele>1009.2423598612312</ele>
      </trkpt>
      <trkpt lat="36.8552561" lon="138.2747357">
        <ele>1008.7904595282205</ele>
      </trkpt>
      <trkpt lat="36.8552751" lon="138.2747655">
        <ele>1008.4217259466491</ele>
      </trkpt>
      <trkpt lat="36.8552942" lon="138.2747954">
        <ele>1008.0750189242888</ele>
      </trkpt>
      <trkpt lat="36.8553101" lon="138.2748257">
        <ele>1007.6953990319751</ele>
      </trkpt>
      <trkpt lat="36.855326" lon="138.274856">
        <ele>1007.4071379346942</ele>
      </trkpt>
      <trkpt lat="36.855337" lon="138.274888">
        <ele>1007.0326613067159</ele>
      </trkpt>
      <trkpt lat="36.855348" lon="138.2749201">
        <ele>1006.6651551036911</ele>
      </trkpt>
      <trkpt lat="36.8553526" lon="138.2749536">
        <ele>1006.1544026185617</ele>
      </trkpt>
      <trkpt lat="36.8553572" lon="138.2749872">
        <ele>1005.6470901713462</ele>
      </trkpt>
      <trkpt lat="36.8553557" lon="138.2750217">
        <ele>1004.9978221696456</ele>
      </trkpt>
      <trkpt lat="36.8553542" lon="138.2750562">
        <ele>1004.3364760573495</ele>
      </trkpt>
      <trkpt lat="36.8553488" lon="138.2750903">
        <ele>1003.5828636370604</ele>
      </trkpt>
      <trkpt lat="36.8553434" lon="138.2751244">
        <ele>1002.8292512258519</ele>
      </trkpt>
      <trkpt lat="36.8553377" lon="138.2751567">
        <ele>1002.1151219652857</ele>
      </trkpt>
      <trkpt lat="36.855332" lon="138.275189">
        <ele>1001.3963202162162</ele>
      </trkpt>
      <trkpt lat="36.8553276" lon="138.2752207">
        <ele>1000.7059785202432</ele>
      </trkpt>
      <trkpt lat="36.8553233" lon="138.2752525">
        <ele>999.9864328316689</ele>
      </trkpt>
      <trkpt lat="36.8553202" lon="138.2752851">
        <ele>999.272819712115</ele>
      </trkpt>
      <trkpt lat="36.8553171" lon="138.2753177">
        <ele>998.5943265488772</ele>
      </trkpt>
      <trkpt lat="36.8553144" lon="138.275351">
        <ele>997.9417758837287</ele>
      </trkpt>
      <trkpt lat="36.8553118" lon="138.2753843">
        <ele>997.2957628751277</ele>
      </trkpt>
      <trkpt lat="36.8553109" lon="138.2754164">
        <ele>996.7526309701441</ele>
      </trkpt>
      <trkpt lat="36.85531" lon="138.2754485">
        <ele>996.208233148927</ele>
      </trkpt>
      <trkpt lat="36.8553104" lon="138.2754799">
        <ele>995.7238715316288</ele>
      </trkpt>
      <trkpt lat="36.8553109" lon="138.2755114">
        <ele>995.2935696777557</ele>
      </trkpt>
      <trkpt lat="36.8553115" lon="138.2755428">
        <ele>994.8675086841668</ele>
      </trkpt>
      <trkpt lat="36.8553121" lon="138.2755742">
        <ele>994.5239873108226</ele>
      </trkpt>
      <trkpt lat="36.8553118" lon="138.275604">
        <ele>994.2377883412579</ele>
      </trkpt>
      <trkpt lat="36.8553115" lon="138.2756338">
        <ele>993.950679393362</ele>
      </trkpt>
      <trkpt lat="36.8553087" lon="138.2756598">
        <ele>993.6889486470423</ele>
      </trkpt>
      <trkpt lat="36.855306" lon="138.2756859">
        <ele>993.4547861608332</ele>
      </trkpt>
      <trkpt lat="36.8552988" lon="138.2757073">
        <ele>993.110296840764</ele>
      </trkpt>
      <trkpt lat="36.8552916" lon="138.2757287">
        <ele>992.7573935058715</ele>
      </trkpt>
      <trkpt lat="36.8552801" lon="138.2757496">
        <ele>992.3465738269924</ele>
      </trkpt>
      <trkpt lat="36.8552687" lon="138.2757705">
        <ele>991.9145625694309</ele>
      </trkpt>
      <trkpt lat="36.8552561" lon="138.2757953">
        <ele>991.4019937873849</ele>
      </trkpt>
      <trkpt lat="36.8552435" lon="138.2758202">
        <ele>990.8886336125738</ele>
      </trkpt>
      <trkpt lat="36.8552299" lon="138.2758481">
        <ele>990.4721569432647</ele>
      </trkpt>
      <trkpt lat="36.8552164" lon="138.275876">
        <ele>989.9946021570227</ele>
      </trkpt>
      <trkpt lat="36.8552002" lon="138.2759026">
        <ele>989.3741907007093</ele>
      </trkpt>
      <trkpt lat="36.8551841" lon="138.2759293">
        <ele>988.7935704352545</ele>
      </trkpt>
      <trkpt lat="36.8551682" lon="138.2759565">
        <ele>988.2196527337597</ele>
      </trkpt>
      <trkpt lat="36.8551523" lon="138.2759838">
        <ele>987.6389407856054</ele>
      </trkpt>
      <trkpt lat="36.8551366" lon="138.2760103">
        <ele>987.0831844920469</ele>
      </trkpt>
      <trkpt lat="36.855121" lon="138.2760369">
        <ele>986.4678518214585</ele>
      </trkpt>
      <trkpt lat="36.8551043" lon="138.2760605">
        <ele>985.7752674859443</ele>
      </trkpt>
      <trkpt lat="36.8550877" lon="138.2760842">
        <ele>985.2389918109423</ele>
      </trkpt>
      <trkpt lat="36.8550723" lon="138.2761084">
        <ele>984.7384253170243</ele>
      </trkpt>
      <trkpt lat="36.8550569" lon="138.2761326">
        <ele>984.1999249832459</ele>
      </trkpt>
      <trkpt lat="36.8550404" lon="138.2761556">
        <ele>983.5907243923847</ele>
      </trkpt>
      <trkpt lat="36.8550239" lon="138.2761786">
        <ele>983.2045206687438</ele>
      </trkpt>
      <trkpt lat="36.8550043" lon="138.276199">
        <ele>982.7441821785367</ele>
      </trkpt>
      <trkpt lat="36.8549847" lon="138.2762195">
        <ele>982.2429912873204</ele>
      </trkpt>
      <trkpt lat="36.8549651" lon="138.2762408">
        <ele>981.7705360239045</ele>
      </trkpt>
      <trkpt lat="36.8549455" lon="138.2762622">
        <ele>981.6509881061043</ele>
      </trkpt>
      <trkpt lat="36.8549256" lon="138.2762843">
        <ele>981.4891101132832</ele>
      </trkpt>
      <trkpt lat="36.8549058" lon="138.2763064">
        <ele>981.2688482604058</ele>
      </trkpt>
      <trkpt lat="36.8548859" lon="138.2763287">
        <ele>981.0727490961889</ele>
      </trkpt>
      <trkpt lat="36.854866" lon="138.276351">
        <ele>981.0005503017433</ele>
      </trkpt>
      <trkpt lat="36.8548459" lon="138.2763723">
        <ele>980.8649575006375</ele>
      </trkpt>
      <trkpt lat="36.8548259" lon="138.2763936">
        <ele>980.6660716324336</ele>
      </trkpt>
      <trkpt lat="36.8548042" lon="138.2764116">
        <ele>980.3574095279125</ele>
      </trkpt>
      <trkpt lat="36.8547825" lon="138.2764296">
        <ele>980.1149337450968</ele>
      </trkpt>
      <trkpt lat="36.8547596" lon="138.2764459">
        <ele>979.8144092942385</ele>
      </trkpt>
      <trkpt lat="36.8547367" lon="138.2764622">
        <ele>979.4457289479054</ele>
      </trkpt>
      <trkpt lat="36.8547131" lon="138.2764795">
        <ele>979.0003154330482</ele>
      </trkpt>
      <trkpt lat="36.8546895" lon="138.2764968">
        <ele>978.4628994388069</ele>
      </trkpt>
      <trkpt lat="36.8546643" lon="138.2765158">
        <ele>977.8572904182064</ele>
      </trkpt>
      <trkpt lat="36.8546391" lon="138.2765348">
        <ele>977.2178643486704</ele>
      </trkpt>
      <trkpt lat="36.8546125" lon="138.2765542">
        <ele>976.4561279907862</ele>
      </trkpt>
      <trkpt lat="36.8545859" lon="138.2765737">
        <ele>975.6362466672864</ele>
      </trkpt>
      <trkpt lat="36.8545596" lon="138.2765929">
        <ele>974.8208497685687</ele>
      </trkpt>
      <trkpt lat="36.8545333" lon="138.2766121">
        <ele>974.0201241003072</ele>
      </trkpt>
      <trkpt lat="36.8545075" lon="138.2766308">
        <ele>973.1842347178583</ele>
      </trkpt>
      <trkpt lat="36.8544818" lon="138.2766496">
        <ele>972.3224564314236</ele>
      </trkpt>
      <trkpt lat="36.854456" lon="138.2766676">
        <ele>971.4629735892152</ele>
      </trkpt>
      <trkpt lat="36.8544303" lon="138.2766857">
        <ele>970.6661061775553</ele>
      </trkpt>
      <trkpt lat="36.8544029" lon="138.2767031">
        <ele>969.8885237664599</ele>
      </trkpt>
      <trkpt lat="36.8543755" lon="138.2767205">
        <ele>969.1028233561398</ele>
      </trkpt>
      <trkpt lat="36.8543467" lon="138.2767361">
        <ele>968.224031768711</ele>
      </trkpt>
      <trkpt lat="36.8543179" lon="138.2767517">
        <ele>967.425715658778</ele>
      </trkpt>
      <trkpt lat="36.8542894" lon="138.2767652">
        <ele>966.6632130911353</ele>
      </trkpt>
      <trkpt lat="36.8542609" lon="138.2767788">
        <ele>965.9579642897401</ele>
      </trkpt>
      <trkpt lat="36.8542331" lon="138.2767913">
        <ele>965.250471417723</ele>
      </trkpt>
      <trkpt lat="36.8542053" lon="138.2768038">
        <ele>964.5497019371031</ele>
      </trkpt>
      <trkpt lat="36.8541774" lon="138.2768153">
        <ele>963.8806912082684</ele>
      </trkpt>
      <trkpt lat="36.8541495" lon="138.2768268">
        <ele>963.17902280705</ele>
      </trkpt>
      <trkpt lat="36.8541223" lon="138.2768359">
        <ele>962.4941728482526</ele>
      </trkpt>
      <trkpt lat="36.8540951" lon="138.2768451">
        <ele>961.7981019076998</ele>
      </trkpt>
      <trkpt lat="36.8540693" lon="138.2768541">
        <ele>961.1902851079869</ele>
      </trkpt>
      <trkpt lat="36.8540435" lon="138.2768632">
        <ele>960.6137839006025</ele>
      </trkpt>
      <trkpt lat="36.8540191" lon="138.2768719">
        <ele>960.0468516468738</ele>
      </trkpt>
      <trkpt lat="36.8539947" lon="138.2768807">
        <ele>959.5071559729379</ele>
      </trkpt>
      <trkpt lat="36.8539715" lon="138.2768891">
        <ele>959.0092160162772</ele>
      </trkpt>
      <trkpt lat="36.8539483" lon="138.2768976">
        <ele>958.4846582772427</ele>
      </trkpt>
      <trkpt lat="36.8539266" lon="138.2769093">
        <ele>958.0078000712729</ele>
      </trkpt>
      <trkpt lat="36.853905" lon="138.276921">
        <ele>957.5425690847861</ele>
      </trkpt>
      <trkpt lat="36.8538879" lon="138.2769395">
        <ele>957.1329366753107</ele>
      </trkpt>
      <trkpt lat="36.8538709" lon="138.2769581">
        <ele>956.7135740661535</ele>
      </trkpt>
      <trkpt lat="36.853859" lon="138.2769834">
        <ele>956.4003835372719</ele>
      </trkpt>
      <trkpt lat="36.8538472" lon="138.2770087">
        <ele>956.0610128219705</ele>
      </trkpt>
      <trkpt lat="36.8538356" lon="138.2770356">
        <ele>955.7102990347043</ele>
      </trkpt>
      <trkpt lat="36.8538241" lon="138.2770625">
        <ele>955.3382402586449</ele>
      </trkpt>
      <trkpt lat="36.8538089" lon="138.2770859">
        <ele>954.8644893136226</ele>
      </trkpt>
      <trkpt lat="36.8537937" lon="138.2771093">
        <ele>954.3711588226954</ele>
      </trkpt>
      <trkpt lat="36.8537746" lon="138.2771315">
        <ele>953.7626215881205</ele>
      </trkpt>
      <trkpt lat="36.8537555" lon="138.2771537">
        <ele>953.1109255160004</ele>
      </trkpt>
      <trkpt lat="36.8537326" lon="138.2771722">
        <ele>952.3685053862821</ele>
      </trkpt>
      <trkpt lat="36.8537098" lon="138.2771907">
        <ele>951.6481622618634</ele>
      </trkpt>
      <trkpt lat="36.8536834" lon="138.2772075">
        <ele>950.8249976109057</ele>
      </trkpt>
      <trkpt lat="36.8536571" lon="138.2772244">
        <ele>950.0189636047744</ele>
      </trkpt>
      <trkpt lat="36.8536304" lon="138.2772434">
        <ele>949.2758379529736</ele>
      </trkpt>
      <trkpt lat="36.8536038" lon="138.2772624">
        <ele>948.517229592418</ele>
      </trkpt>
      <trkpt lat="36.8535802" lon="138.277287">
        <ele>947.7536389418971</ele>
      </trkpt>
      <trkpt lat="36.8535566" lon="138.2773117">
        <ele>947.0290099506809</ele>
      </trkpt>
      <trkpt lat="36.8535364" lon="138.2773407">
        <ele>946.3041992926053</ele>
      </trkpt>
      <trkpt lat="36.8535162" lon="138.2773697">
        <ele>945.6605861315016</ele>
      </trkpt>
      <trkpt lat="36.853498" lon="138.2774006">
        <ele>945.1065159121031</ele>
      </trkpt>
      <trkpt lat="36.8534798" lon="138.2774315">
        <ele>944.5906068764693</ele>
      </trkpt>
      <trkpt lat="36.8534626" lon="138.2774629">
        <ele>944.1358887500141</ele>
      </trkpt>
      <trkpt lat="36.8534454" lon="138.2774943">
        <ele>943.7654978182784</ele>
      </trkpt>
      <trkpt lat="36.8534303" lon="138.2775266">
        <ele>943.4388174549413</ele>
      </trkpt>
      <trkpt lat="36.8534153" lon="138.277559">
        <ele>943.2349667554736</ele>
      </trkpt>
      <trkpt lat="36.8534153" lon="138.277559">
        <ele>943.2349667554736</ele>
      </trkpt>
      <trkpt lat="36.85335471988003" lon="138.2781158302701">
        <ele>943.0553280595235</ele>
      </trkpt>
      <trkpt lat="36.85329413976006" lon="138.27867266054025">
        <ele>942.1863921096327</ele>
      </trkpt>
      <trkpt lat="36.85328435608979" lon="138.27876258845328">
        <ele>941.6932798208093</ele>
      </trkpt>
      <trkpt lat="36.85330255140941" lon="138.2793201473719">
        <ele>938.9569364094186</ele>
      </trkpt>
      <trkpt lat="36.85330255140941" lon="138.2793201473719">
        <ele>938.9569364094186</ele>
      </trkpt>
      <trkpt lat="36.85315264645671" lon="138.27958490631676">
        <ele>939.1222218711191</ele>
      </trkpt>
      <trkpt lat="36.85315264645671" lon="138.27958490631676">
        <ele>939.1222218711191</ele>
      </trkpt>
      <trkpt lat="36.85315264645671" lon="138.27958490631676">
        <ele>939.1222218711191</ele>
      </trkpt>
      <trkpt lat="36.853375862359655" lon="138.28003961043748">
        <ele>936.955590100401</ele>
      </trkpt>
      <trkpt lat="36.853376" lon="138.280048">
        <ele>937.0040620244581</ele>
      </trkpt>
      <trkpt lat="36.853366" lon="138.280049">
        <ele>937.0390082589824</ele>
      </trkpt>
      <trkpt lat="36.853084" lon="138.280278">
        <ele>940.1388714481301</ele>
      </trkpt>
      <trkpt lat="36.852731" lon="138.280683">
        <ele>936.7946893705993</ele>
      </trkpt>
      <trkpt lat="36.852629" lon="138.280869">
        <ele>934.3122160420289</ele>
      </trkpt>
      <trkpt lat="36.852606" lon="138.280996">
        <ele>932.0224425135185</ele>
      </trkpt>
      <trkpt lat="36.852614" lon="138.281156">
        <ele>928.6572696379001</ele>
      </trkpt>
      <trkpt lat="36.852694" lon="138.281388">
        <ele>923.7499739840291</ele>
      </trkpt>
      <trkpt lat="36.852817" lon="138.281656">
        <ele>920.5852710075131</ele>
      </trkpt>
      <trkpt lat="36.852879" lon="138.28185">
        <ele>919.4441692818898</ele>
      </trkpt>
      <trkpt lat="36.852923" lon="138.282179">
        <ele>917.0150810524083</ele>
      </trkpt>
      <trkpt lat="36.853002" lon="138.282533">
        <ele>914.9297326412989</ele>
      </trkpt>
      <trkpt lat="36.853157" lon="138.282879">
        <ele>912.810098949383</ele>
      </trkpt>
      <trkpt lat="36.85328" lon="138.283206">
        <ele>910.6333225993075</ele>
      </trkpt>
      <trkpt lat="36.853266" lon="138.2834">
        <ele>909.1965879924501</ele>
      </trkpt>
      <trkpt lat="36.853206" lon="138.283521">
        <ele>908.2811303277041</ele>
      </trkpt>
      <trkpt lat="36.852819" lon="138.283936">
        <ele>907.5029402026912</ele>
      </trkpt>
      <trkpt lat="36.852745" lon="138.284073">
        <ele>907.3668150855274</ele>
      </trkpt>
      <trkpt lat="36.852718" lon="138.284299">
        <ele>908.5201925528049</ele>
      </trkpt>
      <trkpt lat="36.852527" lon="138.284428">
        <ele>909.8354612383732</ele>
      </trkpt>
      <trkpt lat="36.852346" lon="138.284492">
        <ele>910.3122686941545</ele>
      </trkpt>
      <trkpt lat="36.852197" lon="138.284489">
        <ele>910.9340346862366</ele>
      </trkpt>
      <trkpt lat="36.85205" lon="138.284367">
        <ele>911.4798086733862</ele>
      </trkpt>
      <trkpt lat="36.851935" lon="138.28413">
        <ele>911.7848790911396</ele>
      </trkpt>
      <trkpt lat="36.851833" lon="138.284051">
        <ele>912.7137769619576</ele>
      </trkpt>
      <trkpt lat="36.851719" lon="138.283992">
        <ele>914.210230612273</ele>
      </trkpt>
      <trkpt lat="36.851709" lon="138.284002">
        <ele>914.2589086509822</ele>
      </trkpt>
    </trkseg>
  </trk>
</gpx>
