<?xml version="1.0" encoding="UTF-8"?>
<gpx creator="https://gpx.studio" version="1.1" xmlns="http://www.topografix.com/GPX/1/1" xmlns:xsi="http://www.w3.org/2001/XMLSchema-instance" xsi:schemaLocation="http://www.topografix.com/GPX/1/1 http://www.topografix.com/GPX/1/1/gpx.xsd http://www.garmin.com/xmlschemas/GpxExtensions/v3 http://www.garmin.com/xmlschemas/GpxExtensionsv3.xsd http://www.garmin.com/xmlschemas/TrackPointExtension/v1 http://www.garmin.com/xmlschemas/TrackPointExtensionv1.xsd http://www.garmin.com/xmlschemas/PowerExtension/v1 http://www.garmin.com/xmlschemas/PowerExtensionv1.xsd http://www.topografix.com/GPX/gpx_style/0/2 http://www.topografix.com/GPX/gpx_style/0/2/gpx_style.xsd" xmlns:gpxtpx="http://www.garmin.com/xmlschemas/TrackPointExtension/v1" xmlns:gpxx="http://www.garmin.com/xmlschemas/GpxExtensions/v3" xmlns:gpxpx="http://www.garmin.com/xmlschemas/PowerExtension/v1" xmlns:gpx_style="http://www.topografix.com/GPX/gpx_style/0/2">
  <metadata>
    <name>火打山トレイル</name>
    <author>
      <name>gpx.studio</name>
      <link href="https://gpx.studio"/>
    </author>
  </metadata>
  <trk>
    <name>火打山トレイル</name>
    <extensions>
      <gpx_style:line>
        <gpx_style:color>7b00a8</gpx_style:color>
        <gpx_style:opacity>1</gpx_style:opacity>
        <gpx_style:width>6</gpx_style:width>
      </gpx_style:line>
    </extensions>
    <trkseg>
      <trkpt lat="36.868844" lon="138.078991">
        <ele>1313.22</ele>
      </trkpt>
      <trkpt lat="36.869001" lon="138.078747">
        <ele>1315.71</ele>
      </trkpt>
      <trkpt lat="36.869078" lon="138.078758">
        <ele>1316.35</ele>
      </trkpt>
      <trkpt lat="36.869171" lon="138.078825">
        <ele>1316.62</ele>
      </trkpt>
      <trkpt lat="36.869213" lon="138.078886">
        <ele>1316.66</ele>
      </trkpt>
      <trkpt lat="36.869268" lon="138.078983">
        <ele>1316.86</ele>
      </trkpt>
      <trkpt lat="36.869325" lon="138.079156">
        <ele>1316.9</ele>
      </trkpt>
      <trkpt lat="36.869403" lon="138.07926">
        <ele>1317.33</ele>
      </trkpt>
      <trkpt lat="36.86951" lon="138.079353">
        <ele>1318.08</ele>
      </trkpt>
      <trkpt lat="36.86973" lon="138.079596">
        <ele>1319.59</ele>
      </trkpt>
      <trkpt lat="36.869878" lon="138.079716">
        <ele>1320.84</ele>
      </trkpt>
      <trkpt lat="36.870031" lon="138.079806">
        <ele>1322.25</ele>
      </trkpt>
      <trkpt lat="36.870066" lon="138.079817">
        <ele>1322.57</ele>
      </trkpt>
      <trkpt lat="36.870155" lon="138.079845">
        <ele>1323.37</ele>
      </trkpt>
      <trkpt lat="36.870342" lon="138.079966">
        <ele>1324.86</ele>
      </trkpt>
      <trkpt lat="36.870487" lon="138.08001">
        <ele>1325.82</ele>
      </trkpt>
      <trkpt lat="36.870648" lon="138.080083">
        <ele>1326.92</ele>
      </trkpt>
      <trkpt lat="36.870791" lon="138.080122">
        <ele>1327.95</ele>
      </trkpt>
      <trkpt lat="36.871062" lon="138.080089">
        <ele>1329.89</ele>
      </trkpt>
      <trkpt lat="36.871186" lon="138.080113">
        <ele>1330.88</ele>
      </trkpt>
      <trkpt lat="36.871286" lon="138.080105">
        <ele>1331.76</ele>
      </trkpt>
      <trkpt lat="36.871401" lon="138.080033">
        <ele>1332.89</ele>
      </trkpt>
      <trkpt lat="36.87151" lon="138.079943">
        <ele>1334.17</ele>
      </trkpt>
      <trkpt lat="36.871776" lon="138.079794">
        <ele>1337.74</ele>
      </trkpt>
      <trkpt lat="36.872124" lon="138.079741">
        <ele>1342.03</ele>
      </trkpt>
      <trkpt lat="36.872278" lon="138.079682">
        <ele>1343.87</ele>
      </trkpt>
      <trkpt lat="36.872691" lon="138.07955">
        <ele>1348.6</ele>
      </trkpt>
      <trkpt lat="36.872885" lon="138.079517">
        <ele>1351.14</ele>
      </trkpt>
      <trkpt lat="36.873097" lon="138.079517">
        <ele>1354.56</ele>
      </trkpt>
      <trkpt lat="36.87343" lon="138.079625">
        <ele>1359.55</ele>
      </trkpt>
      <trkpt lat="36.873508" lon="138.079619">
        <ele>1360.87</ele>
      </trkpt>
      <trkpt lat="36.873608" lon="138.079576">
        <ele>1362.63</ele>
      </trkpt>
      <trkpt lat="36.873754" lon="138.079542">
        <ele>1364.79</ele>
      </trkpt>
      <trkpt lat="36.874139" lon="138.079453">
        <ele>1370.49</ele>
      </trkpt>
      <trkpt lat="36.874438" lon="138.079312">
        <ele>1374.87</ele>
      </trkpt>
      <trkpt lat="36.874502" lon="138.079308">
        <ele>1375.76</ele>
      </trkpt>
      <trkpt lat="36.874619" lon="138.079333">
        <ele>1377.33</ele>
      </trkpt>
      <trkpt lat="36.87474" lon="138.079303">
        <ele>1379.04</ele>
      </trkpt>
      <trkpt lat="36.874897" lon="138.079292">
        <ele>1381.22</ele>
      </trkpt>
      <trkpt lat="36.874927" lon="138.079386">
        <ele>1381.45</ele>
      </trkpt>
      <trkpt lat="36.875129" lon="138.079381">
        <ele>1384.21</ele>
      </trkpt>
      <trkpt lat="36.875221" lon="138.079356">
        <ele>1385.53</ele>
      </trkpt>
      <trkpt lat="36.875315" lon="138.079316">
        <ele>1386.94</ele>
      </trkpt>
      <trkpt lat="36.875429" lon="138.079219">
        <ele>1389.5</ele>
      </trkpt>
      <trkpt lat="36.875534" lon="138.079061">
        <ele>1391.68</ele>
      </trkpt>
      <trkpt lat="36.875623" lon="138.078949">
        <ele>1393.29</ele>
      </trkpt>
      <trkpt lat="36.875787" lon="138.078807">
        <ele>1395.86</ele>
      </trkpt>
      <trkpt lat="36.875894" lon="138.078771">
        <ele>1397.51</ele>
      </trkpt>
      <trkpt lat="36.876" lon="138.078755">
        <ele>1399.19</ele>
      </trkpt>
      <trkpt lat="36.876158" lon="138.078696">
        <ele>1401.43</ele>
      </trkpt>
      <trkpt lat="36.876469" lon="138.078361">
        <ele>1403.71</ele>
      </trkpt>
      <trkpt lat="36.876711" lon="138.078278">
        <ele>1406.27</ele>
      </trkpt>
      <trkpt lat="36.876839" lon="138.078268">
        <ele>1407.79</ele>
      </trkpt>
      <trkpt lat="36.877517" lon="138.078349">
        <ele>1416.99</ele>
      </trkpt>
      <trkpt lat="36.877673" lon="138.07838">
        <ele>1419.25</ele>
      </trkpt>
      <trkpt lat="36.877846" lon="138.078441">
        <ele>1422.15</ele>
      </trkpt>
      <trkpt lat="36.878014" lon="138.078609">
        <ele>1426.38</ele>
      </trkpt>
      <trkpt lat="36.878148" lon="138.07888">
        <ele>1430.77</ele>
      </trkpt>
      <trkpt lat="36.87831" lon="138.079122">
        <ele>1434.47</ele>
      </trkpt>
      <trkpt lat="36.878379" lon="138.079188">
        <ele>1435.87</ele>
      </trkpt>
      <trkpt lat="36.878414" lon="138.079201">
        <ele>1436.49</ele>
      </trkpt>
      <trkpt lat="36.878475" lon="138.079199">
        <ele>1437.48</ele>
      </trkpt>
      <trkpt lat="36.878516" lon="138.079188">
        <ele>1438.1</ele>
      </trkpt>
      <trkpt lat="36.878725" lon="138.079074">
        <ele>1441.1</ele>
      </trkpt>
      <trkpt lat="36.879098" lon="138.078776">
        <ele>1445.41</ele>
      </trkpt>
      <trkpt lat="36.879162" lon="138.078764">
        <ele>1446.29</ele>
      </trkpt>
      <trkpt lat="36.87921" lon="138.078782">
        <ele>1447.2</ele>
      </trkpt>
      <trkpt lat="36.879728" lon="138.079103">
        <ele>1457.02</ele>
      </trkpt>
      <trkpt lat="36.879915" lon="138.079191">
        <ele>1460.11</ele>
      </trkpt>
      <trkpt lat="36.880086" lon="138.079241">
        <ele>1462.75</ele>
      </trkpt>
      <trkpt lat="36.880473" lon="138.079316">
        <ele>1469.23</ele>
      </trkpt>
      <trkpt lat="36.880932" lon="138.079324">
        <ele>1477.85</ele>
      </trkpt>
      <trkpt lat="36.881282" lon="138.079353">
        <ele>1484.74</ele>
      </trkpt>
      <trkpt lat="36.882065" lon="138.079465">
        <ele>1501.23</ele>
      </trkpt>
      <trkpt lat="36.88223" lon="138.079514">
        <ele>1503.93</ele>
      </trkpt>
      <trkpt lat="36.882568" lon="138.079684">
        <ele>1510.09</ele>
      </trkpt>
      <trkpt lat="36.882734" lon="138.079706">
        <ele>1512.36</ele>
      </trkpt>
      <trkpt lat="36.882925" lon="138.079815">
        <ele>1516.31</ele>
      </trkpt>
      <trkpt lat="36.883003" lon="138.07984">
        <ele>1517.74</ele>
      </trkpt>
      <trkpt lat="36.883349" lon="138.079909">
        <ele>1523.61</ele>
      </trkpt>
      <trkpt lat="36.88366" lon="138.08">
        <ele>1529.57</ele>
      </trkpt>
      <trkpt lat="36.883781" lon="138.080021">
        <ele>1531.78</ele>
      </trkpt>
      <trkpt lat="36.883893" lon="138.080054">
        <ele>1534.09</ele>
      </trkpt>
      <trkpt lat="36.884108" lon="138.080225">
        <ele>1540.51</ele>
      </trkpt>
      <trkpt lat="36.884278" lon="138.080385">
        <ele>1546.2</ele>
      </trkpt>
      <trkpt lat="36.884439" lon="138.080631">
        <ele>1552.57</ele>
      </trkpt>
      <trkpt lat="36.884661" lon="138.081003">
        <ele>1558.91</ele>
      </trkpt>
      <trkpt lat="36.884851" lon="138.081243">
        <ele>1563.99</ele>
      </trkpt>
      <trkpt lat="36.885076" lon="138.081558">
        <ele>1571.04</ele>
      </trkpt>
      <trkpt lat="36.885173" lon="138.08165">
        <ele>1573.25</ele>
      </trkpt>
      <trkpt lat="36.885293" lon="138.081676">
        <ele>1574.74</ele>
      </trkpt>
      <trkpt lat="36.8854" lon="138.081662">
        <ele>1575.33</ele>
      </trkpt>
      <trkpt lat="36.885485" lon="138.081619">
        <ele>1575.36</ele>
      </trkpt>
      <trkpt lat="36.885582" lon="138.081761">
        <ele>1577.73</ele>
      </trkpt>
      <trkpt lat="36.885592" lon="138.08189">
        <ele>1579.4</ele>
      </trkpt>
      <trkpt lat="36.885667" lon="138.082126">
        <ele>1582.87</ele>
      </trkpt>
      <trkpt lat="36.885785" lon="138.082271">
        <ele>1586.1</ele>
      </trkpt>
      <trkpt lat="36.885889" lon="138.082322">
        <ele>1587.72</ele>
      </trkpt>
      <trkpt lat="36.885969" lon="138.082326">
        <ele>1588.31</ele>
      </trkpt>
      <trkpt lat="36.886226" lon="138.082407">
        <ele>1593.09</ele>
      </trkpt>
      <trkpt lat="36.886314" lon="138.082395">
        <ele>1595.41</ele>
      </trkpt>
      <trkpt lat="36.886393" lon="138.082353">
        <ele>1596.81</ele>
      </trkpt>
      <trkpt lat="36.886577" lon="138.082199">
        <ele>1598.26</ele>
      </trkpt>
      <trkpt lat="36.886623" lon="138.082123">
        <ele>1597.78</ele>
      </trkpt>
      <trkpt lat="36.886928" lon="138.08195">
        <ele>1600.77</ele>
      </trkpt>
      <trkpt lat="36.8872" lon="138.081921">
        <ele>1605.17</ele>
      </trkpt>
      <trkpt lat="36.887338" lon="138.081917">
        <ele>1607.6</ele>
      </trkpt>
      <trkpt lat="36.887436" lon="138.081898">
        <ele>1608.91</ele>
      </trkpt>
      <trkpt lat="36.887761" lon="138.081964">
        <ele>1616.56</ele>
      </trkpt>
      <trkpt lat="36.88788" lon="138.081961">
        <ele>1619.15</ele>
      </trkpt>
      <trkpt lat="36.888027" lon="138.08193">
        <ele>1622.06</ele>
      </trkpt>
      <trkpt lat="36.888146" lon="138.081984">
        <ele>1626.54</ele>
      </trkpt>
      <trkpt lat="36.888292" lon="138.081997">
        <ele>1630.59</ele>
      </trkpt>
      <trkpt lat="36.888561" lon="138.082058">
        <ele>1639.22</ele>
      </trkpt>
      <trkpt lat="36.888556" lon="138.082298">
        <ele>1648.83</ele>
      </trkpt>
      <trkpt lat="36.888496" lon="138.082365">
        <ele>1650.73</ele>
      </trkpt>
      <trkpt lat="36.888449" lon="138.082484">
        <ele>1655.64</ele>
      </trkpt>
      <trkpt lat="36.888381" lon="138.082579">
        <ele>1658.57</ele>
      </trkpt>
      <trkpt lat="36.888479" lon="138.082596">
        <ele>1662.36</ele>
      </trkpt>
      <trkpt lat="36.888526" lon="138.082629">
        <ele>1665.54</ele>
      </trkpt>
      <trkpt lat="36.888653" lon="138.082665">
        <ele>1671.34</ele>
      </trkpt>
      <trkpt lat="36.888677" lon="138.08276">
        <ele>1677.19</ele>
      </trkpt>
      <trkpt lat="36.888677" lon="138.082845">
        <ele>1681.78</ele>
      </trkpt>
      <trkpt lat="36.888711" lon="138.082987">
        <ele>1690.46</ele>
      </trkpt>
      <trkpt lat="36.888748" lon="138.083056">
        <ele>1695.17</ele>
      </trkpt>
      <trkpt lat="36.888758" lon="138.083144">
        <ele>1700.11</ele>
      </trkpt>
      <trkpt lat="36.888802" lon="138.083116">
        <ele>1699.94</ele>
      </trkpt>
      <trkpt lat="36.889051" lon="138.083163">
        <ele>1709.69</ele>
      </trkpt>
      <trkpt lat="36.889008" lon="138.08331">
        <ele>1715.97</ele>
      </trkpt>
      <trkpt lat="36.888955" lon="138.083305">
        <ele>1714.2</ele>
      </trkpt>
      <trkpt lat="36.888925" lon="138.083341">
        <ele>1715.16</ele>
      </trkpt>
      <trkpt lat="36.888872" lon="138.083354">
        <ele>1714.34</ele>
      </trkpt>
      <trkpt lat="36.888845" lon="138.083514">
        <ele>1721.9</ele>
      </trkpt>
      <trkpt lat="36.888872" lon="138.083594">
        <ele>1726.76</ele>
      </trkpt>
      <trkpt lat="36.888927" lon="138.083651">
        <ele>1731.23</ele>
      </trkpt>
      <trkpt lat="36.888939" lon="138.083763">
        <ele>1737.35</ele>
      </trkpt>
      <trkpt lat="36.888923" lon="138.083856">
        <ele>1741.5</ele>
      </trkpt>
      <trkpt lat="36.888946" lon="138.083914">
        <ele>1743.73</ele>
      </trkpt>
      <trkpt lat="36.888936" lon="138.083983">
        <ele>1745.34</ele>
      </trkpt>
      <trkpt lat="36.888843" lon="138.084095">
        <ele>1745.8</ele>
      </trkpt>
      <trkpt lat="36.888762" lon="138.084132">
        <ele>1744.47</ele>
      </trkpt>
      <trkpt lat="36.888663" lon="138.084225">
        <ele>1743.97</ele>
      </trkpt>
      <trkpt lat="36.888795" lon="138.084424">
        <ele>1753.13</ele>
      </trkpt>
      <trkpt lat="36.88885" lon="138.08449">
        <ele>1756.63</ele>
      </trkpt>
      <trkpt lat="36.88892" lon="138.08453">
        <ele>1760</ele>
      </trkpt>
      <trkpt lat="36.889032" lon="138.084543">
        <ele>1763.98</ele>
      </trkpt>
      <trkpt lat="36.889301" lon="138.084545">
        <ele>1772.74</ele>
      </trkpt>
      <trkpt lat="36.889491" lon="138.084464">
        <ele>1776.44</ele>
      </trkpt>
      <trkpt lat="36.889628" lon="138.084463">
        <ele>1782.78</ele>
      </trkpt>
      <trkpt lat="36.88971" lon="138.084479">
        <ele>1787.14</ele>
      </trkpt>
      <trkpt lat="36.889819" lon="138.084528">
        <ele>1793.6</ele>
      </trkpt>
      <trkpt lat="36.890103" lon="138.084622">
        <ele>1809.1</ele>
      </trkpt>
      <trkpt lat="36.890186" lon="138.084602">
        <ele>1812.38</ele>
      </trkpt>
      <trkpt lat="36.890568" lon="138.084607">
        <ele>1834.69</ele>
      </trkpt>
      <trkpt lat="36.890631" lon="138.084565">
        <ele>1837.48</ele>
      </trkpt>
      <trkpt lat="36.890707" lon="138.084471">
        <ele>1839.51</ele>
      </trkpt>
      <trkpt lat="36.890757" lon="138.084424">
        <ele>1841.18</ele>
      </trkpt>
      <trkpt lat="36.890803" lon="138.084361">
        <ele>1841.99</ele>
      </trkpt>
      <trkpt lat="36.890879" lon="138.084318">
        <ele>1845.12</ele>
      </trkpt>
      <trkpt lat="36.890993" lon="138.084312">
        <ele>1851.66</ele>
      </trkpt>
      <trkpt lat="36.891041" lon="138.084485">
        <ele>1860.81</ele>
      </trkpt>
      <trkpt lat="36.891227" lon="138.084481">
        <ele>1870.43</ele>
      </trkpt>
      <trkpt lat="36.891358" lon="138.084511">
        <ele>1876.8</ele>
      </trkpt>
      <trkpt lat="36.891406" lon="138.084547">
        <ele>1880.23</ele>
      </trkpt>
      <trkpt lat="36.891453" lon="138.08462">
        <ele>1885.2</ele>
      </trkpt>
      <trkpt lat="36.891477" lon="138.084699">
        <ele>1888.82</ele>
      </trkpt>
      <trkpt lat="36.891619" lon="138.084791">
        <ele>1895.27</ele>
      </trkpt>
      <trkpt lat="36.891652" lon="138.084833">
        <ele>1896.9</ele>
      </trkpt>
      <trkpt lat="36.891773" lon="138.084893">
        <ele>1902.74</ele>
      </trkpt>
      <trkpt lat="36.891985" lon="138.084921">
        <ele>1912.67</ele>
      </trkpt>
      <trkpt lat="36.892058" lon="138.084953">
        <ele>1914.71</ele>
      </trkpt>
      <trkpt lat="36.892206" lon="138.08494">
        <ele>1918.01</ele>
      </trkpt>
      <trkpt lat="36.892504" lon="138.084833">
        <ele>1923.95</ele>
      </trkpt>
      <trkpt lat="36.892594" lon="138.084739">
        <ele>1925.22</ele>
      </trkpt>
      <trkpt lat="36.892717" lon="138.084683">
        <ele>1927.65</ele>
      </trkpt>
      <trkpt lat="36.892846" lon="138.084577">
        <ele>1926.36</ele>
      </trkpt>
      <trkpt lat="36.893097" lon="138.084469">
        <ele>1928.41</ele>
      </trkpt>
      <trkpt lat="36.893234" lon="138.084378">
        <ele>1928.87</ele>
      </trkpt>
      <trkpt lat="36.893451" lon="138.084257">
        <ele>1931.38</ele>
      </trkpt>
      <trkpt lat="36.893573" lon="138.08416">
        <ele>1932.42</ele>
      </trkpt>
      <trkpt lat="36.893624" lon="138.084048">
        <ele>1931.21</ele>
      </trkpt>
      <trkpt lat="36.89418" lon="138.083716">
        <ele>1945.65</ele>
      </trkpt>
      <trkpt lat="36.894249" lon="138.083627">
        <ele>1946.96</ele>
      </trkpt>
      <trkpt lat="36.894318" lon="138.083573">
        <ele>1949.25</ele>
      </trkpt>
      <trkpt lat="36.894534" lon="138.083441">
        <ele>1957.77</ele>
      </trkpt>
      <trkpt lat="36.894626" lon="138.083419">
        <ele>1961.4</ele>
      </trkpt>
      <trkpt lat="36.894837" lon="138.083402">
        <ele>1970.19</ele>
      </trkpt>
      <trkpt lat="36.894944" lon="138.083333">
        <ele>1974.39</ele>
      </trkpt>
      <trkpt lat="36.895086" lon="138.083325">
        <ele>1980.55</ele>
      </trkpt>
      <trkpt lat="36.895178" lon="138.083293">
        <ele>1984.55</ele>
      </trkpt>
      <trkpt lat="36.895305" lon="138.083278">
        <ele>1990.18</ele>
      </trkpt>
      <trkpt lat="36.895524" lon="138.083278">
        <ele>1996.51</ele>
      </trkpt>
      <trkpt lat="36.895709" lon="138.083513">
        <ele>2000.78</ele>
      </trkpt>
      <trkpt lat="36.89585" lon="138.083812">
        <ele>2002.98</ele>
      </trkpt>
      <trkpt lat="36.895877" lon="138.083919">
        <ele>2003.28</ele>
      </trkpt>
      <trkpt lat="36.896037" lon="138.08419">
        <ele>2007.41</ele>
      </trkpt>
      <trkpt lat="36.896047" lon="138.0843">
        <ele>2007.76</ele>
      </trkpt>
      <trkpt lat="36.896113" lon="138.084451">
        <ele>2010.18</ele>
      </trkpt>
      <trkpt lat="36.896189" lon="138.084503">
        <ele>2012.76</ele>
      </trkpt>
      <trkpt lat="36.896254" lon="138.084567">
        <ele>2014.88</ele>
      </trkpt>
      <trkpt lat="36.896357" lon="138.084597">
        <ele>2018.05</ele>
      </trkpt>
      <trkpt lat="36.896489" lon="138.084688">
        <ele>2022.19</ele>
      </trkpt>
      <trkpt lat="36.896567" lon="138.084709">
        <ele>2024.56</ele>
      </trkpt>
      <trkpt lat="36.896621" lon="138.084787">
        <ele>2026.32</ele>
      </trkpt>
      <trkpt lat="36.896804" lon="138.084853">
        <ele>2032.2</ele>
      </trkpt>
      <trkpt lat="36.896986" lon="138.085034">
        <ele>2038.78</ele>
      </trkpt>
      <trkpt lat="36.897213" lon="138.085163">
        <ele>2044.26</ele>
      </trkpt>
      <trkpt lat="36.897339" lon="138.085167">
        <ele>2047</ele>
      </trkpt>
      <trkpt lat="36.897414" lon="138.085121">
        <ele>2048.59</ele>
      </trkpt>
      <trkpt lat="36.897573" lon="138.085125">
        <ele>2052.07</ele>
      </trkpt>
      <trkpt lat="36.897664" lon="138.085173">
        <ele>2053.96</ele>
      </trkpt>
      <trkpt lat="36.897731" lon="138.085183">
        <ele>2055.37</ele>
      </trkpt>
      <trkpt lat="36.897752" lon="138.085184">
        <ele>2055.8</ele>
      </trkpt>
      <trkpt lat="36.897731" lon="138.085183">
        <ele>2055.37</ele>
      </trkpt>
      <trkpt lat="36.898019" lon="138.085643">
        <ele>2058.43</ele>
      </trkpt>
      <trkpt lat="36.898104" lon="138.085741">
        <ele>2058.59</ele>
      </trkpt>
      <trkpt lat="36.898388" lon="138.085949">
        <ele>2058.48</ele>
      </trkpt>
      <trkpt lat="36.898485" lon="138.086031">
        <ele>2057.6</ele>
      </trkpt>
      <trkpt lat="36.898602" lon="138.086151">
        <ele>2055.56</ele>
      </trkpt>
      <trkpt lat="36.898679" lon="138.086276">
        <ele>2053.29</ele>
      </trkpt>
      <trkpt lat="36.898735" lon="138.086443">
        <ele>2051.99</ele>
      </trkpt>
      <trkpt lat="36.898767" lon="138.086608">
        <ele>2051.38</ele>
      </trkpt>
      <trkpt lat="36.898777" lon="138.086683">
        <ele>2051.02</ele>
      </trkpt>
      <trkpt lat="36.89878" lon="138.086874">
        <ele>2049.63</ele>
      </trkpt>
      <trkpt lat="36.898767" lon="138.087043">
        <ele>2048.02</ele>
      </trkpt>
      <trkpt lat="36.898767" lon="138.087153">
        <ele>2047.17</ele>
      </trkpt>
      <trkpt lat="36.898825" lon="138.087684">
        <ele>2043.65</ele>
      </trkpt>
      <trkpt lat="36.898795" lon="138.087888">
        <ele>2040.66</ele>
      </trkpt>
      <trkpt lat="36.898759" lon="138.088032">
        <ele>2038.02</ele>
      </trkpt>
      <trkpt lat="36.898625" lon="138.088377">
        <ele>2032.1</ele>
      </trkpt>
      <trkpt lat="36.89849" lon="138.088675">
        <ele>2024.88</ele>
      </trkpt>
      <trkpt lat="36.898395" lon="138.088998">
        <ele>2020.75</ele>
      </trkpt>
      <trkpt lat="36.898365" lon="138.089194">
        <ele>2021.41</ele>
      </trkpt>
      <trkpt lat="36.8983" lon="138.089382">
        <ele>2020.44</ele>
      </trkpt>
      <trkpt lat="36.898258" lon="138.089474">
        <ele>2019.65</ele>
      </trkpt>
      <trkpt lat="36.898169" lon="138.090085">
        <ele>2018.96</ele>
      </trkpt>
      <trkpt lat="36.898218" lon="138.090208">
        <ele>2021.03</ele>
      </trkpt>
      <trkpt lat="36.898379" lon="138.090319">
        <ele>2027.25</ele>
      </trkpt>
      <trkpt lat="36.898446" lon="138.090433">
        <ele>2029.72</ele>
      </trkpt>
      <trkpt lat="36.898537" lon="138.090515">
        <ele>2032.95</ele>
      </trkpt>
      <trkpt lat="36.898597" lon="138.090547">
        <ele>2034.49</ele>
      </trkpt>
      <trkpt lat="36.898641" lon="138.090653">
        <ele>2033.9</ele>
      </trkpt>
      <trkpt lat="36.89887" lon="138.091053">
        <ele>2027.02</ele>
      </trkpt>
      <trkpt lat="36.898823" lon="138.091226">
        <ele>2022.46</ele>
      </trkpt>
      <trkpt lat="36.898688" lon="138.091273">
        <ele>2021.49</ele>
      </trkpt>
      <trkpt lat="36.898651" lon="138.091451">
        <ele>2019.75</ele>
      </trkpt>
      <trkpt lat="36.898922" lon="138.09186">
        <ele>2016.79</ele>
      </trkpt>
      <trkpt lat="36.898961" lon="138.091934">
        <ele>2016.17</ele>
      </trkpt>
      <trkpt lat="36.899125" lon="138.092143">
        <ele>2013.67</ele>
      </trkpt>
      <trkpt lat="36.899255" lon="138.092262">
        <ele>2013.7</ele>
      </trkpt>
      <trkpt lat="36.899357" lon="138.092419">
        <ele>2015.2</ele>
      </trkpt>
      <trkpt lat="36.899526" lon="138.092588">
        <ele>2015.73</ele>
      </trkpt>
      <trkpt lat="36.899564" lon="138.092698">
        <ele>2017.02</ele>
      </trkpt>
      <trkpt lat="36.899773" lon="138.092904">
        <ele>2017.61</ele>
      </trkpt>
      <trkpt lat="36.899886" lon="138.093073">
        <ele>2017.68</ele>
      </trkpt>
      <trkpt lat="36.900018" lon="138.093339">
        <ele>2018.33</ele>
      </trkpt>
      <trkpt lat="36.900135" lon="138.093515">
        <ele>2018.17</ele>
      </trkpt>
      <trkpt lat="36.900343" lon="138.093589">
        <ele>2016.16</ele>
      </trkpt>
      <trkpt lat="36.900511" lon="138.093596">
        <ele>2016.41</ele>
      </trkpt>
      <trkpt lat="36.900961" lon="138.094001">
        <ele>2020.49</ele>
      </trkpt>
      <trkpt lat="36.901112" lon="138.094216">
        <ele>2022.95</ele>
      </trkpt>
      <trkpt lat="36.901311" lon="138.094431">
        <ele>2024.19</ele>
      </trkpt>
      <trkpt lat="36.901445" lon="138.094666">
        <ele>2025.71</ele>
      </trkpt>
      <trkpt lat="36.90155" lon="138.094801">
        <ele>2025.71</ele>
      </trkpt>
      <trkpt lat="36.901795" lon="138.095072">
        <ele>2024.71</ele>
      </trkpt>
      <trkpt lat="36.901972" lon="138.0953">
        <ele>2023.6</ele>
      </trkpt>
      <trkpt lat="36.902164" lon="138.095468">
        <ele>2023.63</ele>
      </trkpt>
      <trkpt lat="36.902487" lon="138.095845">
        <ele>2028.22</ele>
      </trkpt>
      <trkpt lat="36.902589" lon="138.096019">
        <ele>2030.79</ele>
      </trkpt>
      <trkpt lat="36.902679" lon="138.096372">
        <ele>2035.98</ele>
      </trkpt>
      <trkpt lat="36.902752" lon="138.096697">
        <ele>2037.85</ele>
      </trkpt>
      <trkpt lat="36.902832" lon="138.096916">
        <ele>2038.6</ele>
      </trkpt>
      <trkpt lat="36.902944" lon="138.097072">
        <ele>2038.53</ele>
      </trkpt>
      <trkpt lat="36.90301" lon="138.097152">
        <ele>2038.45</ele>
      </trkpt>
      <trkpt lat="36.903066" lon="138.097199">
        <ele>2038.29</ele>
      </trkpt>
      <trkpt lat="36.903195" lon="138.097373">
        <ele>2038.13</ele>
      </trkpt>
      <trkpt lat="36.903344" lon="138.097522">
        <ele>2037.36</ele>
      </trkpt>
      <trkpt lat="36.903561" lon="138.097698">
        <ele>2035.6</ele>
      </trkpt>
      <trkpt lat="36.903674" lon="138.097833">
        <ele>2034.68</ele>
      </trkpt>
      <trkpt lat="36.903763" lon="138.09799">
        <ele>2034.55</ele>
      </trkpt>
      <trkpt lat="36.903807" lon="138.098032">
        <ele>2034.6</ele>
      </trkpt>
      <trkpt lat="36.904099" lon="138.098626">
        <ele>2036.71</ele>
      </trkpt>
      <trkpt lat="36.904298" lon="138.098975">
        <ele>2034.94</ele>
      </trkpt>
      <trkpt lat="36.904568" lon="138.099377">
        <ele>2032.52</ele>
      </trkpt>
      <trkpt lat="36.904639" lon="138.099456">
        <ele>2032.08</ele>
      </trkpt>
      <trkpt lat="36.904842" lon="138.099761">
        <ele>2031.69</ele>
      </trkpt>
      <trkpt lat="36.90495" lon="138.099861">
        <ele>2031.25</ele>
      </trkpt>
      <trkpt lat="36.905063" lon="138.099931">
        <ele>2030.53</ele>
      </trkpt>
      <trkpt lat="36.905165" lon="138.100058">
        <ele>2030.35</ele>
      </trkpt>
      <trkpt lat="36.905537" lon="138.100446">
        <ele>2028.64</ele>
      </trkpt>
      <trkpt lat="36.905775" lon="138.100742">
        <ele>2028.28</ele>
      </trkpt>
      <trkpt lat="36.905957" lon="138.101078">
        <ele>2026.52</ele>
      </trkpt>
      <trkpt lat="36.906044" lon="138.101369">
        <ele>2025.01</ele>
      </trkpt>
      <trkpt lat="36.906159" lon="138.101611">
        <ele>2022.42</ele>
      </trkpt>
      <trkpt lat="36.906191" lon="138.101595">
        <ele>2021.74</ele>
      </trkpt>
      <trkpt lat="36.906159" lon="138.101611">
        <ele>2022.42</ele>
      </trkpt>
      <trkpt lat="36.906063" lon="138.101733">
        <ele>2027.36</ele>
      </trkpt>
      <trkpt lat="36.905922" lon="138.102086">
        <ele>2038.03</ele>
      </trkpt>
      <trkpt lat="36.905826" lon="138.102286">
        <ele>2045.63</ele>
      </trkpt>
      <trkpt lat="36.905716" lon="138.102673">
        <ele>2055.13</ele>
      </trkpt>
      <trkpt lat="36.905625" lon="138.10291">
        <ele>2062.17</ele>
      </trkpt>
      <trkpt lat="36.90557" lon="138.102998">
        <ele>2065.9</ele>
      </trkpt>
      <trkpt lat="36.905506" lon="138.103046">
        <ele>2069.54</ele>
      </trkpt>
      <trkpt lat="36.905419" lon="138.103079">
        <ele>2074.29</ele>
      </trkpt>
      <trkpt lat="36.905392" lon="138.10315">
        <ele>2075.53</ele>
      </trkpt>
      <trkpt lat="36.905301" lon="138.103293">
        <ele>2079.94</ele>
      </trkpt>
      <trkpt lat="36.905186" lon="138.10337">
        <ele>2086.29</ele>
      </trkpt>
      <trkpt lat="36.905122" lon="138.103433">
        <ele>2089.88</ele>
      </trkpt>
      <trkpt lat="36.905064" lon="138.103515">
        <ele>2093.2</ele>
      </trkpt>
      <trkpt lat="36.904991" lon="138.10372">
        <ele>2097.44</ele>
      </trkpt>
      <trkpt lat="36.904861" lon="138.103821">
        <ele>2105.43</ele>
      </trkpt>
      <trkpt lat="36.904723" lon="138.104027">
        <ele>2113.52</ele>
      </trkpt>
      <trkpt lat="36.904635" lon="138.104091">
        <ele>2118.42</ele>
      </trkpt>
      <trkpt lat="36.90456" lon="138.104181">
        <ele>2122.29</ele>
      </trkpt>
      <trkpt lat="36.904517" lon="138.104198">
        <ele>2124.62</ele>
      </trkpt>
      <trkpt lat="36.90439" lon="138.104276">
        <ele>2129.77</ele>
      </trkpt>
      <trkpt lat="36.90425" lon="138.104451">
        <ele>2134.37</ele>
      </trkpt>
      <trkpt lat="36.904172" lon="138.104434">
        <ele>2137.69</ele>
      </trkpt>
      <trkpt lat="36.904102" lon="138.10436">
        <ele>2141.04</ele>
      </trkpt>
      <trkpt lat="36.904067" lon="138.104359">
        <ele>2142.48</ele>
      </trkpt>
      <trkpt lat="36.903905" lon="138.104464">
        <ele>2148.54</ele>
      </trkpt>
      <trkpt lat="36.903831" lon="138.10456">
        <ele>2151.09</ele>
      </trkpt>
      <trkpt lat="36.903764" lon="138.104609">
        <ele>2153.61</ele>
      </trkpt>
      <trkpt lat="36.903714" lon="138.104668">
        <ele>2155.42</ele>
      </trkpt>
      <trkpt lat="36.903675" lon="138.104758">
        <ele>2156.55</ele>
      </trkpt>
      <trkpt lat="36.903651" lon="138.104996">
        <ele>2156.12</ele>
      </trkpt>
      <trkpt lat="36.903607" lon="138.105211">
        <ele>2155.82</ele>
      </trkpt>
      <trkpt lat="36.903556" lon="138.105286">
        <ele>2156.42</ele>
      </trkpt>
      <trkpt lat="36.903484" lon="138.105324">
        <ele>2157.68</ele>
      </trkpt>
      <trkpt lat="36.903362" lon="138.105364">
        <ele>2159.91</ele>
      </trkpt>
      <trkpt lat="36.903264" lon="138.105448">
        <ele>2161.12</ele>
      </trkpt>
      <trkpt lat="36.903274" lon="138.10551">
        <ele>2160.3</ele>
      </trkpt>
      <trkpt lat="36.903378" lon="138.1056">
        <ele>2154.31</ele>
      </trkpt>
      <trkpt lat="36.903425" lon="138.10567">
        <ele>2150.41</ele>
      </trkpt>
      <trkpt lat="36.903417" lon="138.10575">
        <ele>2146.82</ele>
      </trkpt>
      <trkpt lat="36.903376" lon="138.105813">
        <ele>2144.14</ele>
      </trkpt>
      <trkpt lat="36.903258" lon="138.105924">
        <ele>2138.8</ele>
      </trkpt>
      <trkpt lat="36.902824" lon="138.106269">
        <ele>2113.22</ele>
      </trkpt>
      <trkpt lat="36.902692" lon="138.10634">
        <ele>2106.9</ele>
      </trkpt>
      <trkpt lat="36.902578" lon="138.106363">
        <ele>2104.39</ele>
      </trkpt>
      <trkpt lat="36.902304" lon="138.106316">
        <ele>2105.58</ele>
      </trkpt>
      <trkpt lat="36.902206" lon="138.106281">
        <ele>2107.01</ele>
      </trkpt>
      <trkpt lat="36.901977" lon="138.10616">
        <ele>2112.01</ele>
      </trkpt>
      <trkpt lat="36.901758" lon="138.10606">
        <ele>2112.07</ele>
      </trkpt>
      <trkpt lat="36.901631" lon="138.106016">
        <ele>2111.7</ele>
      </trkpt>
      <trkpt lat="36.901409" lon="138.105994">
        <ele>2107.62</ele>
      </trkpt>
      <trkpt lat="36.901267" lon="138.105985">
        <ele>2104.78</ele>
      </trkpt>
      <trkpt lat="36.901059" lon="138.10599">
        <ele>2104.84</ele>
      </trkpt>
      <trkpt lat="36.900843" lon="138.106038">
        <ele>2109.13</ele>
      </trkpt>
      <trkpt lat="36.900703" lon="138.106088">
        <ele>2110.77</ele>
      </trkpt>
      <trkpt lat="36.900371" lon="138.106254">
        <ele>2112.25</ele>
      </trkpt>
      <trkpt lat="36.900226" lon="138.106372">
        <ele>2112.89</ele>
      </trkpt>
      <trkpt lat="36.900104" lon="138.106494">
        <ele>2112.68</ele>
      </trkpt>
      <trkpt lat="36.89989" lon="138.106773">
        <ele>2108.92</ele>
      </trkpt>
      <trkpt lat="36.899773" lon="138.107007">
        <ele>2102.15</ele>
      </trkpt>
      <trkpt lat="36.899654" lon="138.107278">
        <ele>2093.86</ele>
      </trkpt>
      <trkpt lat="36.899411" lon="138.10774">
        <ele>2075.47</ele>
      </trkpt>
      <trkpt lat="36.899342" lon="138.107832">
        <ele>2069.78</ele>
      </trkpt>
      <trkpt lat="36.899279" lon="138.10787">
        <ele>2068.01</ele>
      </trkpt>
      <trkpt lat="36.899227" lon="138.107887">
        <ele>2067.6</ele>
      </trkpt>
      <trkpt lat="36.899096" lon="138.107883">
        <ele>2069.95</ele>
      </trkpt>
      <trkpt lat="36.898909" lon="138.107853">
        <ele>2075.06</ele>
      </trkpt>
      <trkpt lat="36.898771" lon="138.107839">
        <ele>2078.19</ele>
      </trkpt>
      <trkpt lat="36.898717" lon="138.107842">
        <ele>2078.82</ele>
      </trkpt>
      <trkpt lat="36.898379" lon="138.108036">
        <ele>2063.27</ele>
      </trkpt>
      <trkpt lat="36.898321" lon="138.108055">
        <ele>2061.9</ele>
      </trkpt>
      <trkpt lat="36.898256" lon="138.10806">
        <ele>2061.11</ele>
      </trkpt>
      <trkpt lat="36.898194" lon="138.108051">
        <ele>2060.86</ele>
      </trkpt>
      <trkpt lat="36.897952" lon="138.107858">
        <ele>2067.49</ele>
      </trkpt>
      <trkpt lat="36.897872" lon="138.107807">
        <ele>2068.59</ele>
      </trkpt>
      <trkpt lat="36.897806" lon="138.1078">
        <ele>2068.05</ele>
      </trkpt>
      <trkpt lat="36.897725" lon="138.107829">
        <ele>2067.59</ele>
      </trkpt>
      <trkpt lat="36.897685" lon="138.107867">
        <ele>2066.4</ele>
      </trkpt>
      <trkpt lat="36.897648" lon="138.107917">
        <ele>2064.72</ele>
      </trkpt>
      <trkpt lat="36.897574" lon="138.108056">
        <ele>2060.93</ele>
      </trkpt>
      <trkpt lat="36.897512" lon="138.108201">
        <ele>2060.15</ele>
      </trkpt>
      <trkpt lat="36.897398" lon="138.108435">
        <ele>2060.04</ele>
      </trkpt>
      <trkpt lat="36.897378" lon="138.108495">
        <ele>2060.03</ele>
      </trkpt>
      <trkpt lat="36.89725" lon="138.10849">
        <ele>2063.65</ele>
      </trkpt>
      <trkpt lat="36.897022" lon="138.108446">
        <ele>2069.99</ele>
      </trkpt>
      <trkpt lat="36.896678" lon="138.108476">
        <ele>2078.89</ele>
      </trkpt>
      <trkpt lat="36.896592" lon="138.108495">
        <ele>2081.28</ele>
      </trkpt>
      <trkpt lat="36.896409" lon="138.108664">
        <ele>2088.5</ele>
      </trkpt>
      <trkpt lat="36.896297" lon="138.108694">
        <ele>2092.33</ele>
      </trkpt>
      <trkpt lat="36.896145" lon="138.108824">
        <ele>2099.61</ele>
      </trkpt>
      <trkpt lat="36.896029" lon="138.108888">
        <ele>2105.5</ele>
      </trkpt>
      <trkpt lat="36.895933" lon="138.108963">
        <ele>2111.05</ele>
      </trkpt>
      <trkpt lat="36.895868" lon="138.108997">
        <ele>2114.3</ele>
      </trkpt>
      <trkpt lat="36.895791" lon="138.109018">
        <ele>2117.63</ele>
      </trkpt>
      <trkpt lat="36.895698" lon="138.109156">
        <ele>2124.37</ele>
      </trkpt>
      <trkpt lat="36.895631" lon="138.109218">
        <ele>2128.2</ele>
      </trkpt>
      <trkpt lat="36.895604" lon="138.109288">
        <ele>2130.8</ele>
      </trkpt>
      <trkpt lat="36.895452" lon="138.109553">
        <ele>2141.93</ele>
      </trkpt>
      <trkpt lat="36.895396" lon="138.109576">
        <ele>2144.18</ele>
      </trkpt>
      <trkpt lat="36.895341" lon="138.109729">
        <ele>2149.47</ele>
      </trkpt>
      <trkpt lat="36.895224" lon="138.109875">
        <ele>2156.39</ele>
      </trkpt>
      <trkpt lat="36.895165" lon="138.109917">
        <ele>2159.02</ele>
      </trkpt>
      <trkpt lat="36.89506" lon="138.110032">
        <ele>2165.2</ele>
      </trkpt>
      <trkpt lat="36.894929" lon="138.110106">
        <ele>2171.07</ele>
      </trkpt>
      <trkpt lat="36.894877" lon="138.110154">
        <ele>2174.16</ele>
      </trkpt>
      <trkpt lat="36.894834" lon="138.11022">
        <ele>2177.67</ele>
      </trkpt>
      <trkpt lat="36.894757" lon="138.110453">
        <ele>2188.41</ele>
      </trkpt>
      <trkpt lat="36.894645" lon="138.110662">
        <ele>2201.98</ele>
      </trkpt>
      <trkpt lat="36.894629" lon="138.110754">
        <ele>2207.19</ele>
      </trkpt>
      <trkpt lat="36.894628" lon="138.11097">
        <ele>2218.34</ele>
      </trkpt>
      <trkpt lat="36.894615" lon="138.111046">
        <ele>2222.6</ele>
      </trkpt>
      <trkpt lat="36.89462" lon="138.111305">
        <ele>2235.77</ele>
      </trkpt>
      <trkpt lat="36.894615" lon="138.111389">
        <ele>2240.42</ele>
      </trkpt>
      <trkpt lat="36.894582" lon="138.111625">
        <ele>2254.32</ele>
      </trkpt>
      <trkpt lat="36.894511" lon="138.111704">
        <ele>2259.67</ele>
      </trkpt>
      <trkpt lat="36.894456" lon="138.111741">
        <ele>2262.93</ele>
      </trkpt>
      <trkpt lat="36.89441" lon="138.111801">
        <ele>2267.94</ele>
      </trkpt>
      <trkpt lat="36.894347" lon="138.111982">
        <ele>2280.6</ele>
      </trkpt>
      <trkpt lat="36.894308" lon="138.112055">
        <ele>2286.38</ele>
      </trkpt>
      <trkpt lat="36.894265" lon="138.112073">
        <ele>2289.31</ele>
      </trkpt>
      <trkpt lat="36.894223" lon="138.112126">
        <ele>2294.28</ele>
      </trkpt>
      <trkpt lat="36.894191" lon="138.112244">
        <ele>2302.77</ele>
      </trkpt>
      <trkpt lat="36.894128" lon="138.112406">
        <ele>2315.05</ele>
      </trkpt>
      <trkpt lat="36.894094" lon="138.112464">
        <ele>2319.76</ele>
      </trkpt>
      <trkpt lat="36.89398" lon="138.112859">
        <ele>2345.89</ele>
      </trkpt>
      <trkpt lat="36.893967" lon="138.11296">
        <ele>2351.75</ele>
      </trkpt>
      <trkpt lat="36.893893" lon="138.113319">
        <ele>2368.56</ele>
      </trkpt>
      <trkpt lat="36.893755" lon="138.113369">
        <ele>2373.14</ele>
      </trkpt>
      <trkpt lat="36.893721" lon="138.1134">
        <ele>2374.91</ele>
      </trkpt>
      <trkpt lat="36.893658" lon="138.113413">
        <ele>2376.54</ele>
      </trkpt>
      <trkpt lat="36.893522" lon="138.113574">
        <ele>2388.67</ele>
      </trkpt>
      <trkpt lat="36.89342" lon="138.113644">
        <ele>2395.46</ele>
      </trkpt>
      <trkpt lat="36.893283" lon="138.113663">
        <ele>2402.21</ele>
      </trkpt>
      <trkpt lat="36.893232" lon="138.113645">
        <ele>2404.29</ele>
      </trkpt>
      <trkpt lat="36.893197" lon="138.113601">
        <ele>2405.3</ele>
      </trkpt>
      <trkpt lat="36.893071" lon="138.113488">
        <ele>2410.54</ele>
      </trkpt>
      <trkpt lat="36.89298" lon="138.113373">
        <ele>2414.97</ele>
      </trkpt>
      <trkpt lat="36.892853" lon="138.113255">
        <ele>2422.73</ele>
      </trkpt>
      <trkpt lat="36.892564" lon="138.113081">
        <ele>2424.67</ele>
      </trkpt>
      <trkpt lat="36.892353" lon="138.112882">
        <ele>2415.55</ele>
      </trkpt>
      <trkpt lat="36.892158" lon="138.112769">
        <ele>2407.67</ele>
      </trkpt>
      <trkpt lat="36.892086" lon="138.112792">
        <ele>2408.48</ele>
      </trkpt>
      <trkpt lat="36.892056" lon="138.112861">
        <ele>2412.22</ele>
      </trkpt>
      <trkpt lat="36.891898" lon="138.11306">
        <ele>2418.02</ele>
      </trkpt>
      <trkpt lat="36.891825" lon="138.113115">
        <ele>2415.72</ele>
      </trkpt>
      <trkpt lat="36.891801" lon="138.113148">
        <ele>2415.17</ele>
      </trkpt>
      <trkpt lat="36.891673" lon="138.113268">
        <ele>2411.44</ele>
      </trkpt>
      <trkpt lat="36.89171" lon="138.113271">
        <ele>2413.14</ele>
      </trkpt>
      <trkpt lat="36.891493" lon="138.113441">
        <ele>2405.99</ele>
      </trkpt>
      <trkpt lat="36.891431" lon="138.113438">
        <ele>2403.08</ele>
      </trkpt>
      <trkpt lat="36.891431" lon="138.113438">
        <ele>2403.08</ele>
      </trkpt>
      <trkpt lat="36.891493" lon="138.113441">
        <ele>2405.99</ele>
      </trkpt>
      <trkpt lat="36.89171" lon="138.113271">
        <ele>2413.14</ele>
      </trkpt>
      <trkpt lat="36.891673" lon="138.113268">
        <ele>2411.44</ele>
      </trkpt>
      <trkpt lat="36.891801" lon="138.113148">
        <ele>2415.17</ele>
      </trkpt>
      <trkpt lat="36.891825" lon="138.113115">
        <ele>2415.72</ele>
      </trkpt>
      <trkpt lat="36.891898" lon="138.11306">
        <ele>2418.02</ele>
      </trkpt>
      <trkpt lat="36.892056" lon="138.112861">
        <ele>2412.22</ele>
      </trkpt>
      <trkpt lat="36.892086" lon="138.112792">
        <ele>2408.48</ele>
      </trkpt>
      <trkpt lat="36.892158" lon="138.112769">
        <ele>2407.67</ele>
      </trkpt>
      <trkpt lat="36.892353" lon="138.112882">
        <ele>2415.55</ele>
      </trkpt>
      <trkpt lat="36.892564" lon="138.113081">
        <ele>2424.67</ele>
      </trkpt>
      <trkpt lat="36.892853" lon="138.113255">
        <ele>2422.73</ele>
      </trkpt>
      <trkpt lat="36.89298" lon="138.113373">
        <ele>2414.97</ele>
      </trkpt>
      <trkpt lat="36.893071" lon="138.113488">
        <ele>2410.54</ele>
      </trkpt>
      <trkpt lat="36.893197" lon="138.113601">
        <ele>2405.3</ele>
      </trkpt>
      <trkpt lat="36.893232" lon="138.113645">
        <ele>2404.29</ele>
      </trkpt>
      <trkpt lat="36.893283" lon="138.113663">
        <ele>2402.21</ele>
      </trkpt>
      <trkpt lat="36.89342" lon="138.113644">
        <ele>2395.46</ele>
      </trkpt>
      <trkpt lat="36.893522" lon="138.113574">
        <ele>2388.67</ele>
      </trkpt>
      <trkpt lat="36.893658" lon="138.113413">
        <ele>2376.54</ele>
      </trkpt>
      <trkpt lat="36.893721" lon="138.1134">
        <ele>2374.91</ele>
      </trkpt>
      <trkpt lat="36.893755" lon="138.113369">
        <ele>2373.14</ele>
      </trkpt>
      <trkpt lat="36.893893" lon="138.113319">
        <ele>2368.56</ele>
      </trkpt>
      <trkpt lat="36.893967" lon="138.11296">
        <ele>2351.75</ele>
      </trkpt>
      <trkpt lat="36.89398" lon="138.112859">
        <ele>2345.89</ele>
      </trkpt>
      <trkpt lat="36.894094" lon="138.112464">
        <ele>2319.76</ele>
      </trkpt>
      <trkpt lat="36.894128" lon="138.112406">
        <ele>2315.05</ele>
      </trkpt>
      <trkpt lat="36.894191" lon="138.112244">
        <ele>2302.77</ele>
      </trkpt>
      <trkpt lat="36.894223" lon="138.112126">
        <ele>2294.28</ele>
      </trkpt>
      <trkpt lat="36.894265" lon="138.112073">
        <ele>2289.31</ele>
      </trkpt>
      <trkpt lat="36.894308" lon="138.112055">
        <ele>2286.38</ele>
      </trkpt>
      <trkpt lat="36.894347" lon="138.111982">
        <ele>2280.6</ele>
      </trkpt>
      <trkpt lat="36.89441" lon="138.111801">
        <ele>2267.94</ele>
      </trkpt>
      <trkpt lat="36.894456" lon="138.111741">
        <ele>2262.93</ele>
      </trkpt>
      <trkpt lat="36.894511" lon="138.111704">
        <ele>2259.67</ele>
      </trkpt>
      <trkpt lat="36.894582" lon="138.111625">
        <ele>2254.32</ele>
      </trkpt>
      <trkpt lat="36.894615" lon="138.111389">
        <ele>2240.42</ele>
      </trkpt>
      <trkpt lat="36.89462" lon="138.111305">
        <ele>2235.77</ele>
      </trkpt>
      <trkpt lat="36.894615" lon="138.111046">
        <ele>2222.6</ele>
      </trkpt>
      <trkpt lat="36.894628" lon="138.11097">
        <ele>2218.34</ele>
      </trkpt>
      <trkpt lat="36.894629" lon="138.110754">
        <ele>2207.19</ele>
      </trkpt>
      <trkpt lat="36.894645" lon="138.110662">
        <ele>2201.98</ele>
      </trkpt>
      <trkpt lat="36.894757" lon="138.110453">
        <ele>2188.41</ele>
      </trkpt>
      <trkpt lat="36.894834" lon="138.11022">
        <ele>2177.67</ele>
      </trkpt>
      <trkpt lat="36.894877" lon="138.110154">
        <ele>2174.16</ele>
      </trkpt>
      <trkpt lat="36.894929" lon="138.110106">
        <ele>2171.07</ele>
      </trkpt>
      <trkpt lat="36.89506" lon="138.110032">
        <ele>2165.2</ele>
      </trkpt>
      <trkpt lat="36.895165" lon="138.109917">
        <ele>2159.02</ele>
      </trkpt>
      <trkpt lat="36.895224" lon="138.109875">
        <ele>2156.39</ele>
      </trkpt>
      <trkpt lat="36.895341" lon="138.109729">
        <ele>2149.47</ele>
      </trkpt>
      <trkpt lat="36.895396" lon="138.109576">
        <ele>2144.18</ele>
      </trkpt>
      <trkpt lat="36.895452" lon="138.109553">
        <ele>2141.93</ele>
      </trkpt>
      <trkpt lat="36.895604" lon="138.109288">
        <ele>2130.8</ele>
      </trkpt>
      <trkpt lat="36.895631" lon="138.109218">
        <ele>2128.2</ele>
      </trkpt>
      <trkpt lat="36.895698" lon="138.109156">
        <ele>2124.37</ele>
      </trkpt>
      <trkpt lat="36.895791" lon="138.109018">
        <ele>2117.63</ele>
      </trkpt>
      <trkpt lat="36.895868" lon="138.108997">
        <ele>2114.3</ele>
      </trkpt>
      <trkpt lat="36.895933" lon="138.108963">
        <ele>2111.05</ele>
      </trkpt>
      <trkpt lat="36.896029" lon="138.108888">
        <ele>2105.5</ele>
      </trkpt>
      <trkpt lat="36.896145" lon="138.108824">
        <ele>2099.61</ele>
      </trkpt>
      <trkpt lat="36.896297" lon="138.108694">
        <ele>2092.33</ele>
      </trkpt>
      <trkpt lat="36.896409" lon="138.108664">
        <ele>2088.5</ele>
      </trkpt>
      <trkpt lat="36.896592" lon="138.108495">
        <ele>2081.28</ele>
      </trkpt>
      <trkpt lat="36.896678" lon="138.108476">
        <ele>2078.89</ele>
      </trkpt>
      <trkpt lat="36.897022" lon="138.108446">
        <ele>2069.99</ele>
      </trkpt>
      <trkpt lat="36.89725" lon="138.10849">
        <ele>2063.65</ele>
      </trkpt>
      <trkpt lat="36.897392" lon="138.108495">
        <ele>2059.73</ele>
      </trkpt>
      <trkpt lat="36.897378" lon="138.108495">
        <ele>2060.03</ele>
      </trkpt>
      <trkpt lat="36.897398" lon="138.108435">
        <ele>2060.04</ele>
      </trkpt>
      <trkpt lat="36.897529" lon="138.108166">
        <ele>2060.16</ele>
      </trkpt>
      <trkpt lat="36.897574" lon="138.108056">
        <ele>2060.93</ele>
      </trkpt>
      <trkpt lat="36.897648" lon="138.107917">
        <ele>2064.72</ele>
      </trkpt>
      <trkpt lat="36.897685" lon="138.107867">
        <ele>2066.4</ele>
      </trkpt>
      <trkpt lat="36.897725" lon="138.107829">
        <ele>2067.59</ele>
      </trkpt>
      <trkpt lat="36.897806" lon="138.1078">
        <ele>2068.05</ele>
      </trkpt>
      <trkpt lat="36.897872" lon="138.107807">
        <ele>2068.59</ele>
      </trkpt>
      <trkpt lat="36.897952" lon="138.107858">
        <ele>2067.49</ele>
      </trkpt>
      <trkpt lat="36.898194" lon="138.108051">
        <ele>2060.86</ele>
      </trkpt>
      <trkpt lat="36.898256" lon="138.10806">
        <ele>2061.11</ele>
      </trkpt>
      <trkpt lat="36.898321" lon="138.108055">
        <ele>2061.9</ele>
      </trkpt>
      <trkpt lat="36.898379" lon="138.108036">
        <ele>2063.27</ele>
      </trkpt>
      <trkpt lat="36.898717" lon="138.107842">
        <ele>2078.82</ele>
      </trkpt>
      <trkpt lat="36.898771" lon="138.107839">
        <ele>2078.19</ele>
      </trkpt>
      <trkpt lat="36.898909" lon="138.107853">
        <ele>2075.06</ele>
      </trkpt>
      <trkpt lat="36.899096" lon="138.107883">
        <ele>2069.95</ele>
      </trkpt>
      <trkpt lat="36.899227" lon="138.107887">
        <ele>2067.6</ele>
      </trkpt>
      <trkpt lat="36.899279" lon="138.10787">
        <ele>2068.01</ele>
      </trkpt>
      <trkpt lat="36.899342" lon="138.107832">
        <ele>2069.78</ele>
      </trkpt>
      <trkpt lat="36.899411" lon="138.10774">
        <ele>2075.47</ele>
      </trkpt>
      <trkpt lat="36.899654" lon="138.107278">
        <ele>2093.86</ele>
      </trkpt>
      <trkpt lat="36.899773" lon="138.107007">
        <ele>2102.15</ele>
      </trkpt>
      <trkpt lat="36.89989" lon="138.106773">
        <ele>2108.92</ele>
      </trkpt>
      <trkpt lat="36.900104" lon="138.106494">
        <ele>2112.68</ele>
      </trkpt>
      <trkpt lat="36.900226" lon="138.106372">
        <ele>2112.89</ele>
      </trkpt>
      <trkpt lat="36.900371" lon="138.106254">
        <ele>2112.25</ele>
      </trkpt>
      <trkpt lat="36.900703" lon="138.106088">
        <ele>2110.77</ele>
      </trkpt>
      <trkpt lat="36.900843" lon="138.106038">
        <ele>2109.13</ele>
      </trkpt>
      <trkpt lat="36.901059" lon="138.10599">
        <ele>2104.84</ele>
      </trkpt>
      <trkpt lat="36.901267" lon="138.105985">
        <ele>2104.78</ele>
      </trkpt>
      <trkpt lat="36.901409" lon="138.105994">
        <ele>2107.62</ele>
      </trkpt>
      <trkpt lat="36.901631" lon="138.106016">
        <ele>2111.7</ele>
      </trkpt>
      <trkpt lat="36.901758" lon="138.10606">
        <ele>2112.07</ele>
      </trkpt>
      <trkpt lat="36.901977" lon="138.10616">
        <ele>2112.01</ele>
      </trkpt>
      <trkpt lat="36.902206" lon="138.106281">
        <ele>2107.01</ele>
      </trkpt>
      <trkpt lat="36.902304" lon="138.106316">
        <ele>2105.58</ele>
      </trkpt>
      <trkpt lat="36.902578" lon="138.106363">
        <ele>2104.39</ele>
      </trkpt>
      <trkpt lat="36.902692" lon="138.10634">
        <ele>2106.9</ele>
      </trkpt>
      <trkpt lat="36.902824" lon="138.106269">
        <ele>2113.22</ele>
      </trkpt>
      <trkpt lat="36.903258" lon="138.105924">
        <ele>2138.8</ele>
      </trkpt>
      <trkpt lat="36.903376" lon="138.105813">
        <ele>2144.14</ele>
      </trkpt>
      <trkpt lat="36.903417" lon="138.10575">
        <ele>2146.82</ele>
      </trkpt>
      <trkpt lat="36.903425" lon="138.10567">
        <ele>2150.41</ele>
      </trkpt>
      <trkpt lat="36.903378" lon="138.1056">
        <ele>2154.31</ele>
      </trkpt>
      <trkpt lat="36.903274" lon="138.10551">
        <ele>2160.3</ele>
      </trkpt>
      <trkpt lat="36.903264" lon="138.105448">
        <ele>2161.12</ele>
      </trkpt>
      <trkpt lat="36.903362" lon="138.105364">
        <ele>2159.91</ele>
      </trkpt>
      <trkpt lat="36.903484" lon="138.105324">
        <ele>2157.68</ele>
      </trkpt>
      <trkpt lat="36.903556" lon="138.105286">
        <ele>2156.42</ele>
      </trkpt>
      <trkpt lat="36.903607" lon="138.105211">
        <ele>2155.82</ele>
      </trkpt>
      <trkpt lat="36.903651" lon="138.104996">
        <ele>2156.12</ele>
      </trkpt>
      <trkpt lat="36.903675" lon="138.104758">
        <ele>2156.55</ele>
      </trkpt>
      <trkpt lat="36.903714" lon="138.104668">
        <ele>2155.42</ele>
      </trkpt>
      <trkpt lat="36.903764" lon="138.104609">
        <ele>2153.61</ele>
      </trkpt>
      <trkpt lat="36.903831" lon="138.10456">
        <ele>2151.09</ele>
      </trkpt>
      <trkpt lat="36.903905" lon="138.104464">
        <ele>2148.54</ele>
      </trkpt>
      <trkpt lat="36.904067" lon="138.104359">
        <ele>2142.48</ele>
      </trkpt>
      <trkpt lat="36.904102" lon="138.10436">
        <ele>2141.04</ele>
      </trkpt>
      <trkpt lat="36.904172" lon="138.104434">
        <ele>2137.69</ele>
      </trkpt>
      <trkpt lat="36.90425" lon="138.104451">
        <ele>2134.37</ele>
      </trkpt>
      <trkpt lat="36.90439" lon="138.104276">
        <ele>2129.77</ele>
      </trkpt>
      <trkpt lat="36.904517" lon="138.104198">
        <ele>2124.62</ele>
      </trkpt>
      <trkpt lat="36.90456" lon="138.104181">
        <ele>2122.29</ele>
      </trkpt>
      <trkpt lat="36.904635" lon="138.104091">
        <ele>2118.42</ele>
      </trkpt>
      <trkpt lat="36.904723" lon="138.104027">
        <ele>2113.52</ele>
      </trkpt>
      <trkpt lat="36.904861" lon="138.103821">
        <ele>2105.43</ele>
      </trkpt>
      <trkpt lat="36.904991" lon="138.10372">
        <ele>2097.44</ele>
      </trkpt>
      <trkpt lat="36.905064" lon="138.103515">
        <ele>2093.2</ele>
      </trkpt>
      <trkpt lat="36.905122" lon="138.103433">
        <ele>2089.88</ele>
      </trkpt>
      <trkpt lat="36.905186" lon="138.10337">
        <ele>2086.29</ele>
      </trkpt>
      <trkpt lat="36.905301" lon="138.103293">
        <ele>2079.94</ele>
      </trkpt>
      <trkpt lat="36.905392" lon="138.10315">
        <ele>2075.53</ele>
      </trkpt>
      <trkpt lat="36.905419" lon="138.103079">
        <ele>2074.29</ele>
      </trkpt>
      <trkpt lat="36.905506" lon="138.103046">
        <ele>2069.54</ele>
      </trkpt>
      <trkpt lat="36.90557" lon="138.102998">
        <ele>2065.9</ele>
      </trkpt>
      <trkpt lat="36.905625" lon="138.10291">
        <ele>2062.17</ele>
      </trkpt>
      <trkpt lat="36.905716" lon="138.102673">
        <ele>2055.13</ele>
      </trkpt>
      <trkpt lat="36.905826" lon="138.102286">
        <ele>2045.63</ele>
      </trkpt>
      <trkpt lat="36.905922" lon="138.102086">
        <ele>2038.03</ele>
      </trkpt>
      <trkpt lat="36.906063" lon="138.101733">
        <ele>2027.36</ele>
      </trkpt>
      <trkpt lat="36.906159" lon="138.101611">
        <ele>2022.42</ele>
      </trkpt>
      <trkpt lat="36.906211" lon="138.101584">
        <ele>2021.31</ele>
      </trkpt>
      <trkpt lat="36.906256" lon="138.101525">
        <ele>2020.18</ele>
      </trkpt>
      <trkpt lat="36.906263" lon="138.101482">
        <ele>2019.82</ele>
      </trkpt>
      <trkpt lat="36.906254" lon="138.101431">
        <ele>2019.7</ele>
      </trkpt>
      <trkpt lat="36.90623" lon="138.101397">
        <ele>2019.92</ele>
      </trkpt>
      <trkpt lat="36.906231" lon="138.101346">
        <ele>2019.65</ele>
      </trkpt>
      <trkpt lat="36.90626" lon="138.101328">
        <ele>2019.19</ele>
      </trkpt>
      <trkpt lat="36.906514" lon="138.10128">
        <ele>2015.12</ele>
      </trkpt>
      <trkpt lat="36.906514" lon="138.10128">
        <ele>2015.12</ele>
      </trkpt>
      <trkpt lat="36.906565" lon="138.101213">
        <ele>2014.54</ele>
      </trkpt>
      <trkpt lat="36.906595" lon="138.101116">
        <ele>2014.44</ele>
      </trkpt>
      <trkpt lat="36.906642" lon="138.101036">
        <ele>2014.09</ele>
      </trkpt>
      <trkpt lat="36.906698" lon="138.100984">
        <ele>2013.55</ele>
      </trkpt>
      <trkpt lat="36.906813" lon="138.100923">
        <ele>2012.32</ele>
      </trkpt>
      <trkpt lat="36.906914" lon="138.100819">
        <ele>2011.68</ele>
      </trkpt>
      <trkpt lat="36.90699" lon="138.100625">
        <ele>2012.22</ele>
      </trkpt>
      <trkpt lat="36.907037" lon="138.100439">
        <ele>2014.14</ele>
      </trkpt>
      <trkpt lat="36.907042" lon="138.100315">
        <ele>2015.77</ele>
      </trkpt>
      <trkpt lat="36.907018" lon="138.100212">
        <ele>2016.93</ele>
      </trkpt>
      <trkpt lat="36.906974" lon="138.100122">
        <ele>2017.76</ele>
      </trkpt>
      <trkpt lat="36.906926" lon="138.100078">
        <ele>2018.31</ele>
      </trkpt>
      <trkpt lat="36.906874" lon="138.100011">
        <ele>2019.01</ele>
      </trkpt>
      <trkpt lat="36.906793" lon="138.099884">
        <ele>2019.99</ele>
      </trkpt>
      <trkpt lat="36.906772" lon="138.099786">
        <ele>2020.68</ele>
      </trkpt>
      <trkpt lat="36.906749" lon="138.099739">
        <ele>2020.9</ele>
      </trkpt>
      <trkpt lat="36.906754" lon="138.099632">
        <ele>2021.26</ele>
      </trkpt>
      <trkpt lat="36.906834" lon="138.099411">
        <ele>2021.53</ele>
      </trkpt>
      <trkpt lat="36.906862" lon="138.099276">
        <ele>2021.56</ele>
      </trkpt>
      <trkpt lat="36.906933" lon="138.099164">
        <ele>2021.97</ele>
      </trkpt>
      <trkpt lat="36.907167" lon="138.099162">
        <ele>2026.89</ele>
      </trkpt>
      <trkpt lat="36.907265" lon="138.09915">
        <ele>2029.33</ele>
      </trkpt>
      <trkpt lat="36.907404" lon="138.099053">
        <ele>2033.22</ele>
      </trkpt>
      <trkpt lat="36.907513" lon="138.098898">
        <ele>2036.96</ele>
      </trkpt>
      <trkpt lat="36.90762" lon="138.098798">
        <ele>2040.29</ele>
      </trkpt>
      <trkpt lat="36.907691" lon="138.098654">
        <ele>2042.45</ele>
      </trkpt>
      <trkpt lat="36.907759" lon="138.09858">
        <ele>2044.53</ele>
      </trkpt>
      <trkpt lat="36.907942" lon="138.098346">
        <ele>2049.27</ele>
      </trkpt>
      <trkpt lat="36.90812" lon="138.098051">
        <ele>2055.75</ele>
      </trkpt>
      <trkpt lat="36.908168" lon="138.097894">
        <ele>2057.81</ele>
      </trkpt>
      <trkpt lat="36.908203" lon="138.097645">
        <ele>2059.61</ele>
      </trkpt>
      <trkpt lat="36.908238" lon="138.097461">
        <ele>2061.27</ele>
      </trkpt>
      <trkpt lat="36.908288" lon="138.097351">
        <ele>2063.24</ele>
      </trkpt>
      <trkpt lat="36.908335" lon="138.09729">
        <ele>2064.99</ele>
      </trkpt>
      <trkpt lat="36.908352" lon="138.097245">
        <ele>2065.72</ele>
      </trkpt>
      <trkpt lat="36.908432" lon="138.0972">
        <ele>2068.57</ele>
      </trkpt>
      <trkpt lat="36.90857" lon="138.09704">
        <ele>2074.11</ele>
      </trkpt>
      <trkpt lat="36.908696" lon="138.096954">
        <ele>2077.15</ele>
      </trkpt>
      <trkpt lat="36.908854" lon="138.096793">
        <ele>2077.78</ele>
      </trkpt>
      <trkpt lat="36.908956" lon="138.096482">
        <ele>2080.72</ele>
      </trkpt>
      <trkpt lat="36.90901" lon="138.096359">
        <ele>2082.18</ele>
      </trkpt>
      <trkpt lat="36.90905" lon="138.096239">
        <ele>2084.81</ele>
      </trkpt>
      <trkpt lat="36.909114" lon="138.096115">
        <ele>2087.72</ele>
      </trkpt>
      <trkpt lat="36.909131" lon="138.096026">
        <ele>2089.71</ele>
      </trkpt>
      <trkpt lat="36.90908" lon="138.095753">
        <ele>2095.43</ele>
      </trkpt>
      <trkpt lat="36.90904" lon="138.095458">
        <ele>2102.15</ele>
      </trkpt>
      <trkpt lat="36.908888" lon="138.09499">
        <ele>2115.9</ele>
      </trkpt>
      <trkpt lat="36.908864" lon="138.094611">
        <ele>2126.43</ele>
      </trkpt>
      <trkpt lat="36.908855" lon="138.094285">
        <ele>2131.82</ele>
      </trkpt>
      <trkpt lat="36.908802" lon="138.093865">
        <ele>2139.28</ele>
      </trkpt>
      <trkpt lat="36.908743" lon="138.093479">
        <ele>2144.81</ele>
      </trkpt>
      <trkpt lat="36.908599" lon="138.093071">
        <ele>2149.62</ele>
      </trkpt>
      <trkpt lat="36.908621" lon="138.092955">
        <ele>2150.81</ele>
      </trkpt>
      <trkpt lat="36.908641" lon="138.092551">
        <ele>2149.57</ele>
      </trkpt>
      <trkpt lat="36.908684" lon="138.092427">
        <ele>2149.04</ele>
      </trkpt>
      <trkpt lat="36.908772" lon="138.092324">
        <ele>2148.39</ele>
      </trkpt>
      <trkpt lat="36.908806" lon="138.092178">
        <ele>2147.96</ele>
      </trkpt>
      <trkpt lat="36.908807" lon="138.092085">
        <ele>2147.1</ele>
      </trkpt>
      <trkpt lat="36.90883" lon="138.09197">
        <ele>2146.11</ele>
      </trkpt>
      <trkpt lat="36.908868" lon="138.091867">
        <ele>2145.4</ele>
      </trkpt>
      <trkpt lat="36.908914" lon="138.09166">
        <ele>2144.11</ele>
      </trkpt>
      <trkpt lat="36.908934" lon="138.091627">
        <ele>2144.05</ele>
      </trkpt>
      <trkpt lat="36.908948" lon="138.091566">
        <ele>2143.77</ele>
      </trkpt>
      <trkpt lat="36.909005" lon="138.09147">
        <ele>2143.8</ele>
      </trkpt>
      <trkpt lat="36.909053" lon="138.091352">
        <ele>2143.8</ele>
      </trkpt>
      <trkpt lat="36.90912" lon="138.090909">
        <ele>2139.47</ele>
      </trkpt>
      <trkpt lat="36.909229" lon="138.090807">
        <ele>2139.82</ele>
      </trkpt>
      <trkpt lat="36.909356" lon="138.090806">
        <ele>2141.63</ele>
      </trkpt>
      <trkpt lat="36.909386" lon="138.090952">
        <ele>2143.82</ele>
      </trkpt>
      <trkpt lat="36.909477" lon="138.09107">
        <ele>2146.54</ele>
      </trkpt>
      <trkpt lat="36.909556" lon="138.091086">
        <ele>2145.6</ele>
      </trkpt>
      <trkpt lat="36.909601" lon="138.091017">
        <ele>2144.36</ele>
      </trkpt>
      <trkpt lat="36.909654" lon="138.090912">
        <ele>2143.2</ele>
      </trkpt>
      <trkpt lat="36.90992" lon="138.090539">
        <ele>2143.97</ele>
      </trkpt>
      <trkpt lat="36.909976" lon="138.090385">
        <ele>2143.26</ele>
      </trkpt>
      <trkpt lat="36.91001" lon="138.090216">
        <ele>2141.82</ele>
      </trkpt>
      <trkpt lat="36.910011" lon="138.090064">
        <ele>2140.21</ele>
      </trkpt>
      <trkpt lat="36.910141" lon="138.089913">
        <ele>2140.73</ele>
      </trkpt>
      <trkpt lat="36.91039" lon="138.08967">
        <ele>2141.94</ele>
      </trkpt>
      <trkpt lat="36.910566" lon="138.089556">
        <ele>2141.21</ele>
      </trkpt>
      <trkpt lat="36.910666" lon="138.08946">
        <ele>2141</ele>
      </trkpt>
      <trkpt lat="36.910819" lon="138.089273">
        <ele>2141.43</ele>
      </trkpt>
      <trkpt lat="36.910996" lon="138.089169">
        <ele>2143.44</ele>
      </trkpt>
      <trkpt lat="36.911115" lon="138.089114">
        <ele>2145.2</ele>
      </trkpt>
      <trkpt lat="36.911233" lon="138.088982">
        <ele>2145.1</ele>
      </trkpt>
      <trkpt lat="36.911199" lon="138.088823">
        <ele>2146.39</ele>
      </trkpt>
      <trkpt lat="36.911197" lon="138.088647">
        <ele>2145.34</ele>
      </trkpt>
      <trkpt lat="36.911282" lon="138.088388">
        <ele>2143.9</ele>
      </trkpt>
      <trkpt lat="36.91127" lon="138.0883">
        <ele>2143.5</ele>
      </trkpt>
      <trkpt lat="36.911165" lon="138.088139">
        <ele>2141.99</ele>
      </trkpt>
      <trkpt lat="36.911142" lon="138.088066">
        <ele>2141.18</ele>
      </trkpt>
      <trkpt lat="36.911081" lon="138.088002">
        <ele>2139.54</ele>
      </trkpt>
      <trkpt lat="36.911044" lon="138.087933">
        <ele>2138.31</ele>
      </trkpt>
      <trkpt lat="36.910887" lon="138.087744">
        <ele>2134.26</ele>
      </trkpt>
      <trkpt lat="36.910822" lon="138.087675">
        <ele>2132.77</ele>
      </trkpt>
      <trkpt lat="36.910789" lon="138.087672">
        <ele>2132.23</ele>
      </trkpt>
      <trkpt lat="36.910609" lon="138.087447">
        <ele>2128.47</ele>
      </trkpt>
      <trkpt lat="36.910474" lon="138.087367">
        <ele>2126.34</ele>
      </trkpt>
      <trkpt lat="36.910473" lon="138.087236">
        <ele>2125.99</ele>
      </trkpt>
      <trkpt lat="36.910454" lon="138.087068">
        <ele>2123.88</ele>
      </trkpt>
      <trkpt lat="36.910461" lon="138.086926">
        <ele>2121.8</ele>
      </trkpt>
      <trkpt lat="36.910412" lon="138.08674">
        <ele>2118.12</ele>
      </trkpt>
      <trkpt lat="36.910401" lon="138.086612">
        <ele>2115.91</ele>
      </trkpt>
      <trkpt lat="36.910285" lon="138.086375">
        <ele>2110.36</ele>
      </trkpt>
      <trkpt lat="36.910247" lon="138.086221">
        <ele>2108.93</ele>
      </trkpt>
      <trkpt lat="36.910268" lon="138.086002">
        <ele>2107.42</ele>
      </trkpt>
      <trkpt lat="36.910248" lon="138.085843">
        <ele>2106.25</ele>
      </trkpt>
      <trkpt lat="36.910245" lon="138.085688">
        <ele>2105.15</ele>
      </trkpt>
      <trkpt lat="36.910218" lon="138.08558">
        <ele>2104.34</ele>
      </trkpt>
      <trkpt lat="36.910238" lon="138.085338">
        <ele>2103.39</ele>
      </trkpt>
      <trkpt lat="36.91026" lon="138.085073">
        <ele>2102.34</ele>
      </trkpt>
      <trkpt lat="36.910367" lon="138.085011">
        <ele>2102.93</ele>
      </trkpt>
      <trkpt lat="36.910424" lon="138.084992">
        <ele>2103.72</ele>
      </trkpt>
      <trkpt lat="36.910443" lon="138.084959">
        <ele>2103.85</ele>
      </trkpt>
      <trkpt lat="36.910505" lon="138.084941">
        <ele>2104.66</ele>
      </trkpt>
      <trkpt lat="36.910562" lon="138.08482">
        <ele>2104.76</ele>
      </trkpt>
      <trkpt lat="36.910547" lon="138.084715">
        <ele>2103.95</ele>
      </trkpt>
      <trkpt lat="36.910574" lon="138.084578">
        <ele>2103.98</ele>
      </trkpt>
      <trkpt lat="36.910522" lon="138.0844">
        <ele>2103.19</ele>
      </trkpt>
      <trkpt lat="36.910624" lon="138.084008">
        <ele>2104.16</ele>
      </trkpt>
      <trkpt lat="36.910629" lon="138.083948">
        <ele>2104.18</ele>
      </trkpt>
      <trkpt lat="36.910608" lon="138.083854">
        <ele>2103.83</ele>
      </trkpt>
      <trkpt lat="36.910622" lon="138.083792">
        <ele>2104.21</ele>
      </trkpt>
      <trkpt lat="36.910737" lon="138.083732">
        <ele>2106.01</ele>
      </trkpt>
      <trkpt lat="36.910817" lon="138.08358">
        <ele>2107.8</ele>
      </trkpt>
      <trkpt lat="36.910841" lon="138.083494">
        <ele>2108.54</ele>
      </trkpt>
      <trkpt lat="36.910877" lon="138.083424">
        <ele>2109.41</ele>
      </trkpt>
      <trkpt lat="36.91092" lon="138.0834">
        <ele>2110.18</ele>
      </trkpt>
      <trkpt lat="36.910938" lon="138.083354">
        <ele>2110.69</ele>
      </trkpt>
      <trkpt lat="36.910933" lon="138.083309">
        <ele>2110.83</ele>
      </trkpt>
      <trkpt lat="36.910953" lon="138.083262">
        <ele>2111.38</ele>
      </trkpt>
      <trkpt lat="36.910993" lon="138.08324">
        <ele>2112.13</ele>
      </trkpt>
      <trkpt lat="36.911062" lon="138.083248">
        <ele>2113.18</ele>
      </trkpt>
      <trkpt lat="36.911111" lon="138.083211">
        <ele>2114.17</ele>
      </trkpt>
      <trkpt lat="36.911137" lon="138.083145">
        <ele>2114.97</ele>
      </trkpt>
      <trkpt lat="36.911165" lon="138.08312">
        <ele>2115.59</ele>
      </trkpt>
      <trkpt lat="36.911224" lon="138.083007">
        <ele>2117.23</ele>
      </trkpt>
      <trkpt lat="36.911269" lon="138.082947">
        <ele>2118.09</ele>
      </trkpt>
      <trkpt lat="36.911261" lon="138.082828">
        <ele>2118.18</ele>
      </trkpt>
      <trkpt lat="36.911269" lon="138.082703">
        <ele>2118.54</ele>
      </trkpt>
      <trkpt lat="36.911469" lon="138.082401">
        <ele>2123.19</ele>
      </trkpt>
      <trkpt lat="36.911579" lon="138.082278">
        <ele>2125.86</ele>
      </trkpt>
      <trkpt lat="36.911627" lon="138.082239">
        <ele>2127.03</ele>
      </trkpt>
      <trkpt lat="36.911699" lon="138.082144">
        <ele>2128.91</ele>
      </trkpt>
      <trkpt lat="36.911866" lon="138.082034">
        <ele>2132.88</ele>
      </trkpt>
      <trkpt lat="36.911919" lon="138.081972">
        <ele>2134.25</ele>
      </trkpt>
      <trkpt lat="36.911961" lon="138.081878">
        <ele>2135.54</ele>
      </trkpt>
      <trkpt lat="36.911991" lon="138.081763">
        <ele>2136.55</ele>
      </trkpt>
      <trkpt lat="36.912015" lon="138.081753">
        <ele>2136.77</ele>
      </trkpt>
      <trkpt lat="36.912066" lon="138.081677">
        <ele>2137.43</ele>
      </trkpt>
      <trkpt lat="36.912092" lon="138.081574">
        <ele>2137.99</ele>
      </trkpt>
      <trkpt lat="36.912129" lon="138.081535">
        <ele>2138.4</ele>
      </trkpt>
      <trkpt lat="36.912245" lon="138.08127">
        <ele>2139.53</ele>
      </trkpt>
      <trkpt lat="36.912346" lon="138.081152">
        <ele>2139.69</ele>
      </trkpt>
      <trkpt lat="36.912425" lon="138.081108">
        <ele>2140</ele>
      </trkpt>
      <trkpt lat="36.912593" lon="138.080939">
        <ele>2140.19</ele>
      </trkpt>
      <trkpt lat="36.912672" lon="138.080895">
        <ele>2140.42</ele>
      </trkpt>
      <trkpt lat="36.912708" lon="138.080829">
        <ele>2140.26</ele>
      </trkpt>
      <trkpt lat="36.91316" lon="138.080589">
        <ele>2135.62</ele>
      </trkpt>
      <trkpt lat="36.913539" lon="138.080422">
        <ele>2129.83</ele>
      </trkpt>
      <trkpt lat="36.913572" lon="138.080367">
        <ele>2129.1</ele>
      </trkpt>
      <trkpt lat="36.913632" lon="138.08037">
        <ele>2128.39</ele>
      </trkpt>
      <trkpt lat="36.913703" lon="138.080337">
        <ele>2127.79</ele>
      </trkpt>
      <trkpt lat="36.91375" lon="138.080164">
        <ele>2126.65</ele>
      </trkpt>
      <trkpt lat="36.913779" lon="138.080093">
        <ele>2126.18</ele>
      </trkpt>
      <trkpt lat="36.913795" lon="138.08002">
        <ele>2125.73</ele>
      </trkpt>
      <trkpt lat="36.913845" lon="138.079974">
        <ele>2125.37</ele>
      </trkpt>
      <trkpt lat="36.913875" lon="138.079999">
        <ele>2125.44</ele>
      </trkpt>
      <trkpt lat="36.913973" lon="138.079994">
        <ele>2125.21</ele>
      </trkpt>
      <trkpt lat="36.914035" lon="138.07998">
        <ele>2125.01</ele>
      </trkpt>
      <trkpt lat="36.914079" lon="138.080007">
        <ele>2125.05</ele>
      </trkpt>
      <trkpt lat="36.914154" lon="138.079982">
        <ele>2124.77</ele>
      </trkpt>
      <trkpt lat="36.914186" lon="138.079958">
        <ele>2124.6</ele>
      </trkpt>
      <trkpt lat="36.914276" lon="138.080037">
        <ele>2124.75</ele>
      </trkpt>
      <trkpt lat="36.914382" lon="138.079994">
        <ele>2124.35</ele>
      </trkpt>
      <trkpt lat="36.914449" lon="138.080208">
        <ele>2125</ele>
      </trkpt>
      <trkpt lat="36.914503" lon="138.080327">
        <ele>2125.28</ele>
      </trkpt>
      <trkpt lat="36.914504" lon="138.080529">
        <ele>2125.99</ele>
      </trkpt>
      <trkpt lat="36.914539" lon="138.080585">
        <ele>2126.04</ele>
      </trkpt>
      <trkpt lat="36.914572" lon="138.080667">
        <ele>2126.15</ele>
      </trkpt>
      <trkpt lat="36.914733" lon="138.080772">
        <ele>2125.58</ele>
      </trkpt>
      <trkpt lat="36.914807" lon="138.080804">
        <ele>2125.22</ele>
      </trkpt>
      <trkpt lat="36.915002" lon="138.080826">
        <ele>2124.1</ele>
      </trkpt>
      <trkpt lat="36.915155" lon="138.08082">
        <ele>2123.22</ele>
      </trkpt>
      <trkpt lat="36.915246" lon="138.080938">
        <ele>2122.47</ele>
      </trkpt>
      <trkpt lat="36.91529" lon="138.080972">
        <ele>2122.1</ele>
      </trkpt>
      <trkpt lat="36.915489" lon="138.081072">
        <ele>2121.8</ele>
      </trkpt>
      <trkpt lat="36.915626" lon="138.081164">
        <ele>2121.98</ele>
      </trkpt>
      <trkpt lat="36.915994" lon="138.081474">
        <ele>2124.18</ele>
      </trkpt>
      <trkpt lat="36.916064" lon="138.081581">
        <ele>2124.95</ele>
      </trkpt>
      <trkpt lat="36.91615" lon="138.081687">
        <ele>2125.63</ele>
      </trkpt>
      <trkpt lat="36.916209" lon="138.081711">
        <ele>2126.7</ele>
      </trkpt>
      <trkpt lat="36.916235" lon="138.081711">
        <ele>2127.16</ele>
      </trkpt>
      <trkpt lat="36.916293" lon="138.081642">
        <ele>2127.88</ele>
      </trkpt>
      <trkpt lat="36.916354" lon="138.081607">
        <ele>2128.82</ele>
      </trkpt>
      <trkpt lat="36.916377" lon="138.081571">
        <ele>2129.09</ele>
      </trkpt>
      <trkpt lat="36.916562" lon="138.0815">
        <ele>2132.24</ele>
      </trkpt>
      <trkpt lat="36.9166" lon="138.081454">
        <ele>2132.81</ele>
      </trkpt>
      <trkpt lat="36.916659" lon="138.081402">
        <ele>2133.82</ele>
      </trkpt>
      <trkpt lat="36.916744" lon="138.081251">
        <ele>2134.46</ele>
      </trkpt>
      <trkpt lat="36.916842" lon="138.081197">
        <ele>2135.74</ele>
      </trkpt>
      <trkpt lat="36.916909" lon="138.081098">
        <ele>2135.94</ele>
      </trkpt>
      <trkpt lat="36.916963" lon="138.081079">
        <ele>2136.71</ele>
      </trkpt>
      <trkpt lat="36.916992" lon="138.081035">
        <ele>2136.71</ele>
      </trkpt>
      <trkpt lat="36.917046" lon="138.081012">
        <ele>2137.2</ele>
      </trkpt>
      <trkpt lat="36.917091" lon="138.081027">
        <ele>2137.97</ele>
      </trkpt>
      <trkpt lat="36.917151" lon="138.081021">
        <ele>2138.74</ele>
      </trkpt>
      <trkpt lat="36.917175" lon="138.081062">
        <ele>2139.5</ele>
      </trkpt>
      <trkpt lat="36.917249" lon="138.08108">
        <ele>2140.69</ele>
      </trkpt>
      <trkpt lat="36.917287" lon="138.081125">
        <ele>2141.67</ele>
      </trkpt>
      <trkpt lat="36.917321" lon="138.081127">
        <ele>2142.15</ele>
      </trkpt>
      <trkpt lat="36.917372" lon="138.081173">
        <ele>2143.31</ele>
      </trkpt>
      <trkpt lat="36.91742" lon="138.081179">
        <ele>2144.02</ele>
      </trkpt>
      <trkpt lat="36.917502" lon="138.08107">
        <ele>2144.01</ele>
      </trkpt>
      <trkpt lat="36.917627" lon="138.080938">
        <ele>2144.42</ele>
      </trkpt>
      <trkpt lat="36.917681" lon="138.080864">
        <ele>2144.44</ele>
      </trkpt>
      <trkpt lat="36.917738" lon="138.080859">
        <ele>2145.17</ele>
      </trkpt>
      <trkpt lat="36.917821" lon="138.080803">
        <ele>2145.81</ele>
      </trkpt>
      <trkpt lat="36.917852" lon="138.080738">
        <ele>2145.84</ele>
      </trkpt>
      <trkpt lat="36.917866" lon="138.080683">
        <ele>2145.67</ele>
      </trkpt>
      <trkpt lat="36.9179" lon="138.080653">
        <ele>2146.17</ele>
      </trkpt>
      <trkpt lat="36.917957" lon="138.080647">
        <ele>2147.46</ele>
      </trkpt>
      <trkpt lat="36.918059" lon="138.080516">
        <ele>2149.33</ele>
      </trkpt>
      <trkpt lat="36.918085" lon="138.080529">
        <ele>2150.05</ele>
      </trkpt>
      <trkpt lat="36.918347" lon="138.080404">
        <ele>2156.23</ele>
      </trkpt>
      <trkpt lat="36.918409" lon="138.080318">
        <ele>2157.44</ele>
      </trkpt>
      <trkpt lat="36.918496" lon="138.080282">
        <ele>2159.7</ele>
      </trkpt>
      <trkpt lat="36.918517" lon="138.08023">
        <ele>2160.06</ele>
      </trkpt>
      <trkpt lat="36.918546" lon="138.080199">
        <ele>2160.76</ele>
      </trkpt>
      <trkpt lat="36.918618" lon="138.080176">
        <ele>2162.75</ele>
      </trkpt>
      <trkpt lat="36.918625" lon="138.080125">
        <ele>2162.78</ele>
      </trkpt>
      <trkpt lat="36.918672" lon="138.080104">
        <ele>2163.89</ele>
      </trkpt>
      <trkpt lat="36.918779" lon="138.079906">
        <ele>2166.02</ele>
      </trkpt>
      <trkpt lat="36.918779" lon="138.079861">
        <ele>2166.05</ele>
      </trkpt>
      <trkpt lat="36.918806" lon="138.079804">
        <ele>2166.81</ele>
      </trkpt>
      <trkpt lat="36.918865" lon="138.079812">
        <ele>2168.48</ele>
      </trkpt>
      <trkpt lat="36.918902" lon="138.079781">
        <ele>2169.67</ele>
      </trkpt>
      <trkpt lat="36.918947" lon="138.079766">
        <ele>2171.07</ele>
      </trkpt>
      <trkpt lat="36.918972" lon="138.079785">
        <ele>2171.68</ele>
      </trkpt>
      <trkpt lat="36.919112" lon="138.079708">
        <ele>2176.58</ele>
      </trkpt>
      <trkpt lat="36.919268" lon="138.07969">
        <ele>2181.77</ele>
      </trkpt>
      <trkpt lat="36.91933" lon="138.079484">
        <ele>2183.39</ele>
      </trkpt>
      <trkpt lat="36.919379" lon="138.079423">
        <ele>2185.04</ele>
      </trkpt>
      <trkpt lat="36.919444" lon="138.079243">
        <ele>2187.28</ele>
      </trkpt>
      <trkpt lat="36.919438" lon="138.079143">
        <ele>2186.98</ele>
      </trkpt>
      <trkpt lat="36.919504" lon="138.079031">
        <ele>2189.43</ele>
      </trkpt>
      <trkpt lat="36.919504" lon="138.07898">
        <ele>2189.48</ele>
      </trkpt>
      <trkpt lat="36.919648" lon="138.078759">
        <ele>2193.6</ele>
      </trkpt>
      <trkpt lat="36.919692" lon="138.078755">
        <ele>2195.13</ele>
      </trkpt>
      <trkpt lat="36.919752" lon="138.078664">
        <ele>2196.93</ele>
      </trkpt>
      <trkpt lat="36.919797" lon="138.078647">
        <ele>2198.66</ele>
      </trkpt>
      <trkpt lat="36.919825" lon="138.078532">
        <ele>2199.65</ele>
      </trkpt>
      <trkpt lat="36.919887" lon="138.078374">
        <ele>2202.56</ele>
      </trkpt>
      <trkpt lat="36.919996" lon="138.078305">
        <ele>2208.27</ele>
      </trkpt>
      <trkpt lat="36.920075" lon="138.078208">
        <ele>2213.18</ele>
      </trkpt>
      <trkpt lat="36.920213" lon="138.078084">
        <ele>2222.42</ele>
      </trkpt>
      <trkpt lat="36.920303" lon="138.07788">
        <ele>2229.74</ele>
      </trkpt>
      <trkpt lat="36.920384" lon="138.077883">
        <ele>2234.05</ele>
      </trkpt>
      <trkpt lat="36.920466" lon="138.077844">
        <ele>2238.56</ele>
      </trkpt>
      <trkpt lat="36.920545" lon="138.077775">
        <ele>2243.13</ele>
      </trkpt>
      <trkpt lat="36.920608" lon="138.077838">
        <ele>2245.92</ele>
      </trkpt>
      <trkpt lat="36.920743" lon="138.077809">
        <ele>2253.15</ele>
      </trkpt>
      <trkpt lat="36.920873" lon="138.077811">
        <ele>2259.86</ele>
      </trkpt>
      <trkpt lat="36.920915" lon="138.077783">
        <ele>2262.32</ele>
      </trkpt>
      <trkpt lat="36.921036" lon="138.077787">
        <ele>2268.58</ele>
      </trkpt>
      <trkpt lat="36.921164" lon="138.077746">
        <ele>2275.31</ele>
      </trkpt>
      <trkpt lat="36.921239" lon="138.077627">
        <ele>2277.54</ele>
      </trkpt>
      <trkpt lat="36.921247" lon="138.077545">
        <ele>2278.65</ele>
      </trkpt>
      <trkpt lat="36.921272" lon="138.07749">
        <ele>2279.62</ele>
      </trkpt>
      <trkpt lat="36.921265" lon="138.077355">
        <ele>2281.25</ele>
      </trkpt>
      <trkpt lat="36.921227" lon="138.077317">
        <ele>2281.25</ele>
      </trkpt>
      <trkpt lat="36.921109" lon="138.077256">
        <ele>2278.57</ele>
      </trkpt>
      <trkpt lat="36.921081" lon="138.077231">
        <ele>2277.3</ele>
      </trkpt>
      <trkpt lat="36.921073" lon="138.077183">
        <ele>2277.43</ele>
      </trkpt>
      <trkpt lat="36.921091" lon="138.077157">
        <ele>2278.41</ele>
      </trkpt>
      <trkpt lat="36.921172" lon="138.077091">
        <ele>2282.13</ele>
      </trkpt>
      <trkpt lat="36.921204" lon="138.077028">
        <ele>2282.45</ele>
      </trkpt>
      <trkpt lat="36.921227" lon="138.076871">
        <ele>2282.5</ele>
      </trkpt>
      <trkpt lat="36.921222" lon="138.076708">
        <ele>2282.2</ele>
      </trkpt>
      <trkpt lat="36.921265" lon="138.076584">
        <ele>2282.47</ele>
      </trkpt>
      <trkpt lat="36.921297" lon="138.076107">
        <ele>2279.67</ele>
      </trkpt>
      <trkpt lat="36.921333" lon="138.076011">
        <ele>2279.07</ele>
      </trkpt>
      <trkpt lat="36.921329" lon="138.075939">
        <ele>2278.24</ele>
      </trkpt>
      <trkpt lat="36.92137" lon="138.075736">
        <ele>2276.74</ele>
      </trkpt>
      <trkpt lat="36.921407" lon="138.075656">
        <ele>2276.58</ele>
      </trkpt>
      <trkpt lat="36.921406" lon="138.075607">
        <ele>2276.1</ele>
      </trkpt>
      <trkpt lat="36.921427" lon="138.075575">
        <ele>2276.18</ele>
      </trkpt>
      <trkpt lat="36.921484" lon="138.075399">
        <ele>2275.48</ele>
      </trkpt>
      <trkpt lat="36.921584" lon="138.075284">
        <ele>2276.94</ele>
      </trkpt>
      <trkpt lat="36.921611" lon="138.075201">
        <ele>2277.13</ele>
      </trkpt>
      <trkpt lat="36.921673" lon="138.075165">
        <ele>2278.79</ele>
      </trkpt>
      <trkpt lat="36.921705" lon="138.075099">
        <ele>2279.53</ele>
      </trkpt>
      <trkpt lat="36.921705" lon="138.074861">
        <ele>2278.57</ele>
      </trkpt>
      <trkpt lat="36.921773" lon="138.074803">
        <ele>2281.24</ele>
      </trkpt>
      <trkpt lat="36.921769" lon="138.07472">
        <ele>2280.88</ele>
      </trkpt>
      <trkpt lat="36.921807" lon="138.074677">
        <ele>2282.53</ele>
      </trkpt>
      <trkpt lat="36.921808" lon="138.074616">
        <ele>2282.14</ele>
      </trkpt>
      <trkpt lat="36.921789" lon="138.074567">
        <ele>2280.87</ele>
      </trkpt>
      <trkpt lat="36.921824" lon="138.074486">
        <ele>2282.01</ele>
      </trkpt>
      <trkpt lat="36.921808" lon="138.07438">
        <ele>2280.37</ele>
      </trkpt>
      <trkpt lat="36.921859" lon="138.07433">
        <ele>2282.78</ele>
      </trkpt>
      <trkpt lat="36.921857" lon="138.074255">
        <ele>2282.2</ele>
      </trkpt>
      <trkpt lat="36.921891" lon="138.074172">
        <ele>2283.64</ele>
      </trkpt>
      <trkpt lat="36.921872" lon="138.074093">
        <ele>2282.05</ele>
      </trkpt>
      <trkpt lat="36.921856" lon="138.074058">
        <ele>2280.84</ele>
      </trkpt>
      <trkpt lat="36.921903" lon="138.074005">
        <ele>2283.42</ele>
      </trkpt>
      <trkpt lat="36.921888" lon="138.073943">
        <ele>2282.15</ele>
      </trkpt>
      <trkpt lat="36.92189" lon="138.073863">
        <ele>2281.82</ele>
      </trkpt>
      <trkpt lat="36.921923" lon="138.073813">
        <ele>2283.7</ele>
      </trkpt>
      <trkpt lat="36.921924" lon="138.07377">
        <ele>2283.52</ele>
      </trkpt>
      <trkpt lat="36.921971" lon="138.07372">
        <ele>2286.2</ele>
      </trkpt>
      <trkpt lat="36.921966" lon="138.073656">
        <ele>2285.55</ele>
      </trkpt>
      <trkpt lat="36.922051" lon="138.073509">
        <ele>2287.3</ele>
      </trkpt>
      <trkpt lat="36.922051" lon="138.073445">
        <ele>2287.03</ele>
      </trkpt>
      <trkpt lat="36.92211" lon="138.073331">
        <ele>2288.03</ele>
      </trkpt>
      <trkpt lat="36.922138" lon="138.073311">
        <ele>2288.69</ele>
      </trkpt>
      <trkpt lat="36.922215" lon="138.073183">
        <ele>2290.68</ele>
      </trkpt>
      <trkpt lat="36.922239" lon="138.073172">
        <ele>2291.38</ele>
      </trkpt>
      <trkpt lat="36.922259" lon="138.073143">
        <ele>2291.99</ele>
      </trkpt>
      <trkpt lat="36.922257" lon="138.073073">
        <ele>2292</ele>
      </trkpt>
      <trkpt lat="36.922318" lon="138.073036">
        <ele>2294.05</ele>
      </trkpt>
      <trkpt lat="36.922323" lon="138.072989">
        <ele>2294.57</ele>
      </trkpt>
      <trkpt lat="36.922424" lon="138.072948">
        <ele>2298.46</ele>
      </trkpt>
      <trkpt lat="36.922438" lon="138.07286">
        <ele>2299.98</ele>
      </trkpt>
      <trkpt lat="36.922432" lon="138.072787">
        <ele>2300.65</ele>
      </trkpt>
      <trkpt lat="36.922468" lon="138.07268">
        <ele>2303.21</ele>
      </trkpt>
      <trkpt lat="36.922512" lon="138.072618">
        <ele>2305.49</ele>
      </trkpt>
      <trkpt lat="36.922513" lon="138.072567">
        <ele>2306.16</ele>
      </trkpt>
      <trkpt lat="36.92256" lon="138.072466">
        <ele>2309.05</ele>
      </trkpt>
      <trkpt lat="36.922565" lon="138.072413">
        <ele>2309.87</ele>
      </trkpt>
      <trkpt lat="36.922546" lon="138.072346">
        <ele>2310.06</ele>
      </trkpt>
      <trkpt lat="36.922557" lon="138.072285">
        <ele>2311.19</ele>
      </trkpt>
      <trkpt lat="36.922547" lon="138.072251">
        <ele>2311.28</ele>
      </trkpt>
      <trkpt lat="36.922567" lon="138.072146">
        <ele>2313.9</ele>
      </trkpt>
      <trkpt lat="36.922528" lon="138.072059">
        <ele>2315.21</ele>
      </trkpt>
      <trkpt lat="36.92253" lon="138.071983">
        <ele>2317.64</ele>
      </trkpt>
      <trkpt lat="36.922581" lon="138.071922">
        <ele>2321.47</ele>
      </trkpt>
      <trkpt lat="36.922595" lon="138.071792">
        <ele>2326.11</ele>
      </trkpt>
      <trkpt lat="36.922657" lon="138.071714">
        <ele>2331.06</ele>
      </trkpt>
      <trkpt lat="36.922658" lon="138.071577">
        <ele>2335.51</ele>
      </trkpt>
      <trkpt lat="36.922582" lon="138.071419">
        <ele>2337.39</ele>
      </trkpt>
      <trkpt lat="36.922535" lon="138.071388">
        <ele>2336.33</ele>
      </trkpt>
      <trkpt lat="36.922559" lon="138.071229">
        <ele>2344.21</ele>
      </trkpt>
      <trkpt lat="36.922585" lon="138.071157">
        <ele>2348.66</ele>
      </trkpt>
      <trkpt lat="36.922516" lon="138.071045">
        <ele>2351.08</ele>
      </trkpt>
      <trkpt lat="36.922516" lon="138.070978">
        <ele>2354.26</ele>
      </trkpt>
      <trkpt lat="36.922452" lon="138.070889">
        <ele>2355.84</ele>
      </trkpt>
      <trkpt lat="36.92245" lon="138.070836">
        <ele>2358.31</ele>
      </trkpt>
      <trkpt lat="36.922498" lon="138.070777">
        <ele>2363.06</ele>
      </trkpt>
      <trkpt lat="36.92258" lon="138.070778">
        <ele>2366.24</ele>
      </trkpt>
      <trkpt lat="36.922646" lon="138.070751">
        <ele>2370.14</ele>
      </trkpt>
      <trkpt lat="36.922632" lon="138.070615">
        <ele>2375.94</ele>
      </trkpt>
      <trkpt lat="36.922568" lon="138.070459">
        <ele>2380.3</ele>
      </trkpt>
      <trkpt lat="36.922549" lon="138.070361">
        <ele>2383.24</ele>
      </trkpt>
      <trkpt lat="36.922625" lon="138.070188">
        <ele>2392.85</ele>
      </trkpt>
      <trkpt lat="36.922702" lon="138.070132">
        <ele>2398.18</ele>
      </trkpt>
      <trkpt lat="36.922847" lon="138.069998">
        <ele>2408.36</ele>
      </trkpt>
      <trkpt lat="36.922976" lon="138.069893">
        <ele>2412.37</ele>
      </trkpt>
      <trkpt lat="36.922981" lon="138.069815">
        <ele>2415.36</ele>
      </trkpt>
      <trkpt lat="36.923012" lon="138.069725">
        <ele>2418.75</ele>
      </trkpt>
      <trkpt lat="36.92307" lon="138.069653">
        <ele>2420.94</ele>
      </trkpt>
      <trkpt lat="36.923096" lon="138.06956">
        <ele>2422.75</ele>
      </trkpt>
      <trkpt lat="36.923169" lon="138.06941">
        <ele>2425.14</ele>
      </trkpt>
      <trkpt lat="36.923221" lon="138.069347">
        <ele>2425.75</ele>
      </trkpt>
      <trkpt lat="36.923247" lon="138.069265">
        <ele>2426.82</ele>
      </trkpt>
      <trkpt lat="36.923196" lon="138.069122">
        <ele>2430.04</ele>
      </trkpt>
      <trkpt lat="36.923086" lon="138.069026">
        <ele>2433.88</ele>
      </trkpt>
      <trkpt lat="36.922936" lon="138.068843">
        <ele>2441.22</ele>
      </trkpt>
      <trkpt lat="36.922828" lon="138.068672">
        <ele>2442.35</ele>
      </trkpt>
      <trkpt lat="36.922804" lon="138.068556">
        <ele>2440.85</ele>
      </trkpt>
      <trkpt lat="36.922813" lon="138.068389">
        <ele>2439.87</ele>
      </trkpt>
      <trkpt lat="36.922735" lon="138.068212">
        <ele>2435.58</ele>
      </trkpt>
      <trkpt lat="36.922813" lon="138.068389">
        <ele>2439.87</ele>
      </trkpt>
      <trkpt lat="36.922804" lon="138.068556">
        <ele>2440.85</ele>
      </trkpt>
      <trkpt lat="36.922828" lon="138.068672">
        <ele>2442.35</ele>
      </trkpt>
      <trkpt lat="36.922936" lon="138.068843">
        <ele>2441.22</ele>
      </trkpt>
      <trkpt lat="36.923086" lon="138.069026">
        <ele>2433.88</ele>
      </trkpt>
      <trkpt lat="36.923196" lon="138.069122">
        <ele>2430.04</ele>
      </trkpt>
      <trkpt lat="36.923247" lon="138.069265">
        <ele>2426.82</ele>
      </trkpt>
      <trkpt lat="36.923221" lon="138.069347">
        <ele>2425.75</ele>
      </trkpt>
      <trkpt lat="36.923169" lon="138.06941">
        <ele>2425.14</ele>
      </trkpt>
      <trkpt lat="36.923096" lon="138.06956">
        <ele>2422.75</ele>
      </trkpt>
      <trkpt lat="36.92307" lon="138.069653">
        <ele>2420.94</ele>
      </trkpt>
      <trkpt lat="36.923012" lon="138.069725">
        <ele>2418.75</ele>
      </trkpt>
      <trkpt lat="36.922981" lon="138.069815">
        <ele>2415.36</ele>
      </trkpt>
      <trkpt lat="36.922976" lon="138.069893">
        <ele>2412.37</ele>
      </trkpt>
      <trkpt lat="36.922847" lon="138.069998">
        <ele>2408.36</ele>
      </trkpt>
      <trkpt lat="36.922702" lon="138.070132">
        <ele>2398.18</ele>
      </trkpt>
      <trkpt lat="36.922625" lon="138.070188">
        <ele>2392.85</ele>
      </trkpt>
      <trkpt lat="36.922549" lon="138.070361">
        <ele>2383.24</ele>
      </trkpt>
      <trkpt lat="36.922568" lon="138.070459">
        <ele>2380.3</ele>
      </trkpt>
      <trkpt lat="36.922632" lon="138.070615">
        <ele>2375.94</ele>
      </trkpt>
      <trkpt lat="36.922646" lon="138.070751">
        <ele>2370.14</ele>
      </trkpt>
      <trkpt lat="36.92258" lon="138.070778">
        <ele>2366.24</ele>
      </trkpt>
      <trkpt lat="36.922498" lon="138.070777">
        <ele>2363.06</ele>
      </trkpt>
      <trkpt lat="36.92245" lon="138.070836">
        <ele>2358.31</ele>
      </trkpt>
      <trkpt lat="36.922452" lon="138.070889">
        <ele>2355.84</ele>
      </trkpt>
      <trkpt lat="36.922516" lon="138.070978">
        <ele>2354.26</ele>
      </trkpt>
      <trkpt lat="36.922516" lon="138.071045">
        <ele>2351.08</ele>
      </trkpt>
      <trkpt lat="36.922585" lon="138.071157">
        <ele>2348.66</ele>
      </trkpt>
      <trkpt lat="36.922559" lon="138.071229">
        <ele>2344.21</ele>
      </trkpt>
      <trkpt lat="36.922535" lon="138.071388">
        <ele>2336.33</ele>
      </trkpt>
      <trkpt lat="36.922582" lon="138.071419">
        <ele>2337.39</ele>
      </trkpt>
      <trkpt lat="36.922658" lon="138.071577">
        <ele>2335.51</ele>
      </trkpt>
      <trkpt lat="36.922657" lon="138.071714">
        <ele>2331.06</ele>
      </trkpt>
      <trkpt lat="36.922595" lon="138.071792">
        <ele>2326.11</ele>
      </trkpt>
      <trkpt lat="36.922581" lon="138.071922">
        <ele>2321.47</ele>
      </trkpt>
      <trkpt lat="36.92253" lon="138.071983">
        <ele>2317.64</ele>
      </trkpt>
      <trkpt lat="36.922528" lon="138.072059">
        <ele>2315.21</ele>
      </trkpt>
      <trkpt lat="36.922567" lon="138.072146">
        <ele>2313.9</ele>
      </trkpt>
      <trkpt lat="36.922547" lon="138.072251">
        <ele>2311.28</ele>
      </trkpt>
      <trkpt lat="36.922557" lon="138.072285">
        <ele>2311.19</ele>
      </trkpt>
      <trkpt lat="36.922546" lon="138.072346">
        <ele>2310.06</ele>
      </trkpt>
      <trkpt lat="36.922565" lon="138.072413">
        <ele>2309.87</ele>
      </trkpt>
      <trkpt lat="36.92256" lon="138.072466">
        <ele>2309.05</ele>
      </trkpt>
      <trkpt lat="36.922513" lon="138.072567">
        <ele>2306.16</ele>
      </trkpt>
      <trkpt lat="36.922512" lon="138.072618">
        <ele>2305.49</ele>
      </trkpt>
      <trkpt lat="36.922468" lon="138.07268">
        <ele>2303.21</ele>
      </trkpt>
      <trkpt lat="36.922432" lon="138.072787">
        <ele>2300.65</ele>
      </trkpt>
      <trkpt lat="36.922438" lon="138.07286">
        <ele>2299.98</ele>
      </trkpt>
      <trkpt lat="36.922424" lon="138.072948">
        <ele>2298.46</ele>
      </trkpt>
      <trkpt lat="36.922323" lon="138.072989">
        <ele>2294.57</ele>
      </trkpt>
      <trkpt lat="36.922318" lon="138.073036">
        <ele>2294.05</ele>
      </trkpt>
      <trkpt lat="36.922257" lon="138.073073">
        <ele>2292</ele>
      </trkpt>
      <trkpt lat="36.922259" lon="138.073143">
        <ele>2291.99</ele>
      </trkpt>
      <trkpt lat="36.922239" lon="138.073172">
        <ele>2291.38</ele>
      </trkpt>
      <trkpt lat="36.922215" lon="138.073183">
        <ele>2290.68</ele>
      </trkpt>
      <trkpt lat="36.922138" lon="138.073311">
        <ele>2288.69</ele>
      </trkpt>
      <trkpt lat="36.92211" lon="138.073331">
        <ele>2288.03</ele>
      </trkpt>
      <trkpt lat="36.922051" lon="138.073445">
        <ele>2287.03</ele>
      </trkpt>
      <trkpt lat="36.922051" lon="138.073509">
        <ele>2287.3</ele>
      </trkpt>
      <trkpt lat="36.921966" lon="138.073656">
        <ele>2285.55</ele>
      </trkpt>
      <trkpt lat="36.921971" lon="138.07372">
        <ele>2286.2</ele>
      </trkpt>
      <trkpt lat="36.921924" lon="138.07377">
        <ele>2283.52</ele>
      </trkpt>
      <trkpt lat="36.921923" lon="138.073813">
        <ele>2283.7</ele>
      </trkpt>
      <trkpt lat="36.92189" lon="138.073863">
        <ele>2281.82</ele>
      </trkpt>
      <trkpt lat="36.921888" lon="138.073943">
        <ele>2282.15</ele>
      </trkpt>
      <trkpt lat="36.921903" lon="138.074005">
        <ele>2283.42</ele>
      </trkpt>
      <trkpt lat="36.921856" lon="138.074058">
        <ele>2280.84</ele>
      </trkpt>
      <trkpt lat="36.921872" lon="138.074093">
        <ele>2282.05</ele>
      </trkpt>
      <trkpt lat="36.921891" lon="138.074172">
        <ele>2283.64</ele>
      </trkpt>
      <trkpt lat="36.921857" lon="138.074255">
        <ele>2282.2</ele>
      </trkpt>
      <trkpt lat="36.921859" lon="138.07433">
        <ele>2282.78</ele>
      </trkpt>
      <trkpt lat="36.921808" lon="138.07438">
        <ele>2280.37</ele>
      </trkpt>
      <trkpt lat="36.921824" lon="138.074486">
        <ele>2282.01</ele>
      </trkpt>
      <trkpt lat="36.921789" lon="138.074567">
        <ele>2280.87</ele>
      </trkpt>
      <trkpt lat="36.921808" lon="138.074616">
        <ele>2282.14</ele>
      </trkpt>
      <trkpt lat="36.921807" lon="138.074677">
        <ele>2282.53</ele>
      </trkpt>
      <trkpt lat="36.921769" lon="138.07472">
        <ele>2280.88</ele>
      </trkpt>
      <trkpt lat="36.921773" lon="138.074803">
        <ele>2281.24</ele>
      </trkpt>
      <trkpt lat="36.921705" lon="138.074861">
        <ele>2278.57</ele>
      </trkpt>
      <trkpt lat="36.921705" lon="138.075099">
        <ele>2279.53</ele>
      </trkpt>
      <trkpt lat="36.921673" lon="138.075165">
        <ele>2278.79</ele>
      </trkpt>
      <trkpt lat="36.921611" lon="138.075201">
        <ele>2277.13</ele>
      </trkpt>
      <trkpt lat="36.921584" lon="138.075284">
        <ele>2276.94</ele>
      </trkpt>
      <trkpt lat="36.921484" lon="138.075399">
        <ele>2275.48</ele>
      </trkpt>
      <trkpt lat="36.921427" lon="138.075575">
        <ele>2276.18</ele>
      </trkpt>
      <trkpt lat="36.921406" lon="138.075607">
        <ele>2276.1</ele>
      </trkpt>
      <trkpt lat="36.921407" lon="138.075656">
        <ele>2276.58</ele>
      </trkpt>
      <trkpt lat="36.92137" lon="138.075736">
        <ele>2276.74</ele>
      </trkpt>
      <trkpt lat="36.921329" lon="138.075939">
        <ele>2278.24</ele>
      </trkpt>
      <trkpt lat="36.921333" lon="138.076011">
        <ele>2279.07</ele>
      </trkpt>
      <trkpt lat="36.921297" lon="138.076107">
        <ele>2279.67</ele>
      </trkpt>
      <trkpt lat="36.921265" lon="138.076584">
        <ele>2282.47</ele>
      </trkpt>
      <trkpt lat="36.921222" lon="138.076708">
        <ele>2282.2</ele>
      </trkpt>
      <trkpt lat="36.921227" lon="138.076871">
        <ele>2282.5</ele>
      </trkpt>
      <trkpt lat="36.921204" lon="138.077028">
        <ele>2282.45</ele>
      </trkpt>
      <trkpt lat="36.921172" lon="138.077091">
        <ele>2282.13</ele>
      </trkpt>
      <trkpt lat="36.921091" lon="138.077157">
        <ele>2278.41</ele>
      </trkpt>
      <trkpt lat="36.921073" lon="138.077183">
        <ele>2277.43</ele>
      </trkpt>
      <trkpt lat="36.921081" lon="138.077231">
        <ele>2277.3</ele>
      </trkpt>
      <trkpt lat="36.921109" lon="138.077256">
        <ele>2278.57</ele>
      </trkpt>
      <trkpt lat="36.921227" lon="138.077317">
        <ele>2281.25</ele>
      </trkpt>
      <trkpt lat="36.921265" lon="138.077355">
        <ele>2281.25</ele>
      </trkpt>
      <trkpt lat="36.921272" lon="138.07749">
        <ele>2279.62</ele>
      </trkpt>
      <trkpt lat="36.921247" lon="138.077545">
        <ele>2278.65</ele>
      </trkpt>
      <trkpt lat="36.921239" lon="138.077627">
        <ele>2277.54</ele>
      </trkpt>
      <trkpt lat="36.921164" lon="138.077746">
        <ele>2275.31</ele>
      </trkpt>
      <trkpt lat="36.921036" lon="138.077787">
        <ele>2268.58</ele>
      </trkpt>
      <trkpt lat="36.920915" lon="138.077783">
        <ele>2262.32</ele>
      </trkpt>
      <trkpt lat="36.920873" lon="138.077811">
        <ele>2259.86</ele>
      </trkpt>
      <trkpt lat="36.920743" lon="138.077809">
        <ele>2253.15</ele>
      </trkpt>
      <trkpt lat="36.920608" lon="138.077838">
        <ele>2245.92</ele>
      </trkpt>
      <trkpt lat="36.920545" lon="138.077775">
        <ele>2243.13</ele>
      </trkpt>
      <trkpt lat="36.920466" lon="138.077844">
        <ele>2238.56</ele>
      </trkpt>
      <trkpt lat="36.920384" lon="138.077883">
        <ele>2234.05</ele>
      </trkpt>
      <trkpt lat="36.920303" lon="138.07788">
        <ele>2229.74</ele>
      </trkpt>
      <trkpt lat="36.920213" lon="138.078084">
        <ele>2222.42</ele>
      </trkpt>
      <trkpt lat="36.920075" lon="138.078208">
        <ele>2213.18</ele>
      </trkpt>
      <trkpt lat="36.919996" lon="138.078305">
        <ele>2208.27</ele>
      </trkpt>
      <trkpt lat="36.919887" lon="138.078374">
        <ele>2202.56</ele>
      </trkpt>
      <trkpt lat="36.919825" lon="138.078532">
        <ele>2199.65</ele>
      </trkpt>
      <trkpt lat="36.919797" lon="138.078647">
        <ele>2198.66</ele>
      </trkpt>
      <trkpt lat="36.919752" lon="138.078664">
        <ele>2196.93</ele>
      </trkpt>
      <trkpt lat="36.919692" lon="138.078755">
        <ele>2195.13</ele>
      </trkpt>
      <trkpt lat="36.919648" lon="138.078759">
        <ele>2193.6</ele>
      </trkpt>
      <trkpt lat="36.919504" lon="138.07898">
        <ele>2189.48</ele>
      </trkpt>
      <trkpt lat="36.919504" lon="138.079031">
        <ele>2189.43</ele>
      </trkpt>
      <trkpt lat="36.919438" lon="138.079143">
        <ele>2186.98</ele>
      </trkpt>
      <trkpt lat="36.919444" lon="138.079243">
        <ele>2187.28</ele>
      </trkpt>
      <trkpt lat="36.919379" lon="138.079423">
        <ele>2185.04</ele>
      </trkpt>
      <trkpt lat="36.91933" lon="138.079484">
        <ele>2183.39</ele>
      </trkpt>
      <trkpt lat="36.919268" lon="138.07969">
        <ele>2181.77</ele>
      </trkpt>
      <trkpt lat="36.919112" lon="138.079708">
        <ele>2176.58</ele>
      </trkpt>
      <trkpt lat="36.918972" lon="138.079785">
        <ele>2171.68</ele>
      </trkpt>
      <trkpt lat="36.918947" lon="138.079766">
        <ele>2171.07</ele>
      </trkpt>
      <trkpt lat="36.918902" lon="138.079781">
        <ele>2169.67</ele>
      </trkpt>
      <trkpt lat="36.918865" lon="138.079812">
        <ele>2168.48</ele>
      </trkpt>
      <trkpt lat="36.918806" lon="138.079804">
        <ele>2166.81</ele>
      </trkpt>
      <trkpt lat="36.918779" lon="138.079861">
        <ele>2166.05</ele>
      </trkpt>
      <trkpt lat="36.918779" lon="138.079906">
        <ele>2166.02</ele>
      </trkpt>
      <trkpt lat="36.918672" lon="138.080104">
        <ele>2163.89</ele>
      </trkpt>
      <trkpt lat="36.918625" lon="138.080125">
        <ele>2162.78</ele>
      </trkpt>
      <trkpt lat="36.918618" lon="138.080176">
        <ele>2162.75</ele>
      </trkpt>
      <trkpt lat="36.918546" lon="138.080199">
        <ele>2160.76</ele>
      </trkpt>
      <trkpt lat="36.918517" lon="138.08023">
        <ele>2160.06</ele>
      </trkpt>
      <trkpt lat="36.918496" lon="138.080282">
        <ele>2159.7</ele>
      </trkpt>
      <trkpt lat="36.918409" lon="138.080318">
        <ele>2157.44</ele>
      </trkpt>
      <trkpt lat="36.918347" lon="138.080404">
        <ele>2156.23</ele>
      </trkpt>
      <trkpt lat="36.918085" lon="138.080529">
        <ele>2150.05</ele>
      </trkpt>
      <trkpt lat="36.918059" lon="138.080516">
        <ele>2149.33</ele>
      </trkpt>
      <trkpt lat="36.917957" lon="138.080647">
        <ele>2147.46</ele>
      </trkpt>
      <trkpt lat="36.9179" lon="138.080653">
        <ele>2146.17</ele>
      </trkpt>
      <trkpt lat="36.917866" lon="138.080683">
        <ele>2145.67</ele>
      </trkpt>
      <trkpt lat="36.917852" lon="138.080738">
        <ele>2145.84</ele>
      </trkpt>
      <trkpt lat="36.917821" lon="138.080803">
        <ele>2145.81</ele>
      </trkpt>
      <trkpt lat="36.917738" lon="138.080859">
        <ele>2145.17</ele>
      </trkpt>
      <trkpt lat="36.917681" lon="138.080864">
        <ele>2144.44</ele>
      </trkpt>
      <trkpt lat="36.917627" lon="138.080938">
        <ele>2144.42</ele>
      </trkpt>
      <trkpt lat="36.917502" lon="138.08107">
        <ele>2144.01</ele>
      </trkpt>
      <trkpt lat="36.91742" lon="138.081179">
        <ele>2144.02</ele>
      </trkpt>
      <trkpt lat="36.917372" lon="138.081173">
        <ele>2143.31</ele>
      </trkpt>
      <trkpt lat="36.917321" lon="138.081127">
        <ele>2142.15</ele>
      </trkpt>
      <trkpt lat="36.917287" lon="138.081125">
        <ele>2141.67</ele>
      </trkpt>
      <trkpt lat="36.917249" lon="138.08108">
        <ele>2140.69</ele>
      </trkpt>
      <trkpt lat="36.917175" lon="138.081062">
        <ele>2139.5</ele>
      </trkpt>
      <trkpt lat="36.917151" lon="138.081021">
        <ele>2138.74</ele>
      </trkpt>
      <trkpt lat="36.917091" lon="138.081027">
        <ele>2137.97</ele>
      </trkpt>
      <trkpt lat="36.917046" lon="138.081012">
        <ele>2137.2</ele>
      </trkpt>
      <trkpt lat="36.916992" lon="138.081035">
        <ele>2136.71</ele>
      </trkpt>
      <trkpt lat="36.916963" lon="138.081079">
        <ele>2136.71</ele>
      </trkpt>
      <trkpt lat="36.916909" lon="138.081098">
        <ele>2135.94</ele>
      </trkpt>
      <trkpt lat="36.916842" lon="138.081197">
        <ele>2135.74</ele>
      </trkpt>
      <trkpt lat="36.916744" lon="138.081251">
        <ele>2134.46</ele>
      </trkpt>
      <trkpt lat="36.916659" lon="138.081402">
        <ele>2133.82</ele>
      </trkpt>
      <trkpt lat="36.9166" lon="138.081454">
        <ele>2132.81</ele>
      </trkpt>
      <trkpt lat="36.916562" lon="138.0815">
        <ele>2132.24</ele>
      </trkpt>
      <trkpt lat="36.916377" lon="138.081571">
        <ele>2129.09</ele>
      </trkpt>
      <trkpt lat="36.916354" lon="138.081607">
        <ele>2128.82</ele>
      </trkpt>
      <trkpt lat="36.916293" lon="138.081642">
        <ele>2127.88</ele>
      </trkpt>
      <trkpt lat="36.916235" lon="138.081711">
        <ele>2127.16</ele>
      </trkpt>
      <trkpt lat="36.916209" lon="138.081711">
        <ele>2126.7</ele>
      </trkpt>
      <trkpt lat="36.91615" lon="138.081687">
        <ele>2125.63</ele>
      </trkpt>
      <trkpt lat="36.916064" lon="138.081581">
        <ele>2124.95</ele>
      </trkpt>
      <trkpt lat="36.915994" lon="138.081474">
        <ele>2124.18</ele>
      </trkpt>
      <trkpt lat="36.915626" lon="138.081164">
        <ele>2121.98</ele>
      </trkpt>
      <trkpt lat="36.915489" lon="138.081072">
        <ele>2121.8</ele>
      </trkpt>
      <trkpt lat="36.91529" lon="138.080972">
        <ele>2122.1</ele>
      </trkpt>
      <trkpt lat="36.915246" lon="138.080938">
        <ele>2122.47</ele>
      </trkpt>
      <trkpt lat="36.915155" lon="138.08082">
        <ele>2123.22</ele>
      </trkpt>
      <trkpt lat="36.915002" lon="138.080826">
        <ele>2124.1</ele>
      </trkpt>
      <trkpt lat="36.914807" lon="138.080804">
        <ele>2125.22</ele>
      </trkpt>
      <trkpt lat="36.914733" lon="138.080772">
        <ele>2125.58</ele>
      </trkpt>
      <trkpt lat="36.914572" lon="138.080667">
        <ele>2126.15</ele>
      </trkpt>
      <trkpt lat="36.914539" lon="138.080585">
        <ele>2126.04</ele>
      </trkpt>
      <trkpt lat="36.914504" lon="138.080529">
        <ele>2125.99</ele>
      </trkpt>
      <trkpt lat="36.914503" lon="138.080327">
        <ele>2125.28</ele>
      </trkpt>
      <trkpt lat="36.914449" lon="138.080208">
        <ele>2125</ele>
      </trkpt>
      <trkpt lat="36.914382" lon="138.079994">
        <ele>2124.35</ele>
      </trkpt>
      <trkpt lat="36.914276" lon="138.080037">
        <ele>2124.75</ele>
      </trkpt>
      <trkpt lat="36.914186" lon="138.079958">
        <ele>2124.6</ele>
      </trkpt>
      <trkpt lat="36.914154" lon="138.079982">
        <ele>2124.77</ele>
      </trkpt>
      <trkpt lat="36.914079" lon="138.080007">
        <ele>2125.05</ele>
      </trkpt>
      <trkpt lat="36.914035" lon="138.07998">
        <ele>2125.01</ele>
      </trkpt>
      <trkpt lat="36.913973" lon="138.079994">
        <ele>2125.21</ele>
      </trkpt>
      <trkpt lat="36.913875" lon="138.079999">
        <ele>2125.44</ele>
      </trkpt>
      <trkpt lat="36.913845" lon="138.079974">
        <ele>2125.37</ele>
      </trkpt>
      <trkpt lat="36.913795" lon="138.08002">
        <ele>2125.73</ele>
      </trkpt>
      <trkpt lat="36.913779" lon="138.080093">
        <ele>2126.18</ele>
      </trkpt>
      <trkpt lat="36.91375" lon="138.080164">
        <ele>2126.65</ele>
      </trkpt>
      <trkpt lat="36.913703" lon="138.080337">
        <ele>2127.79</ele>
      </trkpt>
      <trkpt lat="36.913632" lon="138.08037">
        <ele>2128.39</ele>
      </trkpt>
      <trkpt lat="36.913572" lon="138.080367">
        <ele>2129.1</ele>
      </trkpt>
      <trkpt lat="36.913539" lon="138.080422">
        <ele>2129.83</ele>
      </trkpt>
      <trkpt lat="36.91316" lon="138.080589">
        <ele>2135.62</ele>
      </trkpt>
      <trkpt lat="36.912708" lon="138.080829">
        <ele>2140.26</ele>
      </trkpt>
      <trkpt lat="36.912672" lon="138.080895">
        <ele>2140.42</ele>
      </trkpt>
      <trkpt lat="36.912593" lon="138.080939">
        <ele>2140.19</ele>
      </trkpt>
      <trkpt lat="36.912425" lon="138.081108">
        <ele>2140</ele>
      </trkpt>
      <trkpt lat="36.912346" lon="138.081152">
        <ele>2139.69</ele>
      </trkpt>
      <trkpt lat="36.912245" lon="138.08127">
        <ele>2139.53</ele>
      </trkpt>
      <trkpt lat="36.912129" lon="138.081535">
        <ele>2138.4</ele>
      </trkpt>
      <trkpt lat="36.912092" lon="138.081574">
        <ele>2137.99</ele>
      </trkpt>
      <trkpt lat="36.912066" lon="138.081677">
        <ele>2137.43</ele>
      </trkpt>
      <trkpt lat="36.912015" lon="138.081753">
        <ele>2136.77</ele>
      </trkpt>
      <trkpt lat="36.911991" lon="138.081763">
        <ele>2136.55</ele>
      </trkpt>
      <trkpt lat="36.911961" lon="138.081878">
        <ele>2135.54</ele>
      </trkpt>
      <trkpt lat="36.911919" lon="138.081972">
        <ele>2134.25</ele>
      </trkpt>
      <trkpt lat="36.911866" lon="138.082034">
        <ele>2132.88</ele>
      </trkpt>
      <trkpt lat="36.911699" lon="138.082144">
        <ele>2128.91</ele>
      </trkpt>
      <trkpt lat="36.911627" lon="138.082239">
        <ele>2127.03</ele>
      </trkpt>
      <trkpt lat="36.911579" lon="138.082278">
        <ele>2125.86</ele>
      </trkpt>
      <trkpt lat="36.911469" lon="138.082401">
        <ele>2123.19</ele>
      </trkpt>
      <trkpt lat="36.911269" lon="138.082703">
        <ele>2118.54</ele>
      </trkpt>
      <trkpt lat="36.911261" lon="138.082828">
        <ele>2118.18</ele>
      </trkpt>
      <trkpt lat="36.911269" lon="138.082947">
        <ele>2118.09</ele>
      </trkpt>
      <trkpt lat="36.911224" lon="138.083007">
        <ele>2117.23</ele>
      </trkpt>
      <trkpt lat="36.911165" lon="138.08312">
        <ele>2115.59</ele>
      </trkpt>
      <trkpt lat="36.911137" lon="138.083145">
        <ele>2114.97</ele>
      </trkpt>
      <trkpt lat="36.911111" lon="138.083211">
        <ele>2114.17</ele>
      </trkpt>
      <trkpt lat="36.911062" lon="138.083248">
        <ele>2113.18</ele>
      </trkpt>
      <trkpt lat="36.910993" lon="138.08324">
        <ele>2112.13</ele>
      </trkpt>
      <trkpt lat="36.910953" lon="138.083262">
        <ele>2111.38</ele>
      </trkpt>
      <trkpt lat="36.910933" lon="138.083309">
        <ele>2110.83</ele>
      </trkpt>
      <trkpt lat="36.910938" lon="138.083354">
        <ele>2110.69</ele>
      </trkpt>
      <trkpt lat="36.91092" lon="138.0834">
        <ele>2110.18</ele>
      </trkpt>
      <trkpt lat="36.910877" lon="138.083424">
        <ele>2109.41</ele>
      </trkpt>
      <trkpt lat="36.910841" lon="138.083494">
        <ele>2108.54</ele>
      </trkpt>
      <trkpt lat="36.910817" lon="138.08358">
        <ele>2107.8</ele>
      </trkpt>
      <trkpt lat="36.910737" lon="138.083732">
        <ele>2106.01</ele>
      </trkpt>
      <trkpt lat="36.910622" lon="138.083792">
        <ele>2104.21</ele>
      </trkpt>
      <trkpt lat="36.910608" lon="138.083854">
        <ele>2103.83</ele>
      </trkpt>
      <trkpt lat="36.910629" lon="138.083948">
        <ele>2104.18</ele>
      </trkpt>
      <trkpt lat="36.910624" lon="138.084008">
        <ele>2104.16</ele>
      </trkpt>
      <trkpt lat="36.910522" lon="138.0844">
        <ele>2103.19</ele>
      </trkpt>
      <trkpt lat="36.910574" lon="138.084578">
        <ele>2103.98</ele>
      </trkpt>
      <trkpt lat="36.910547" lon="138.084715">
        <ele>2103.95</ele>
      </trkpt>
      <trkpt lat="36.910562" lon="138.08482">
        <ele>2104.76</ele>
      </trkpt>
      <trkpt lat="36.910505" lon="138.084941">
        <ele>2104.66</ele>
      </trkpt>
      <trkpt lat="36.910443" lon="138.084959">
        <ele>2103.85</ele>
      </trkpt>
      <trkpt lat="36.910424" lon="138.084992">
        <ele>2103.72</ele>
      </trkpt>
      <trkpt lat="36.910367" lon="138.085011">
        <ele>2102.93</ele>
      </trkpt>
      <trkpt lat="36.91026" lon="138.085073">
        <ele>2102.34</ele>
      </trkpt>
      <trkpt lat="36.910234" lon="138.085387">
        <ele>2103.58</ele>
      </trkpt>
      <trkpt lat="36.91026" lon="138.085073">
        <ele>2102.34</ele>
      </trkpt>
      <trkpt lat="36.910193" lon="138.08499">
        <ele>2101.96</ele>
      </trkpt>
      <trkpt lat="36.910143" lon="138.08498">
        <ele>2101.87</ele>
      </trkpt>
      <trkpt lat="36.91007" lon="138.084929">
        <ele>2101.6</ele>
      </trkpt>
      <trkpt lat="36.909968" lon="138.084944">
        <ele>2101.53</ele>
      </trkpt>
      <trkpt lat="36.909856" lon="138.085007">
        <ele>2101.62</ele>
      </trkpt>
      <trkpt lat="36.909704" lon="138.084996">
        <ele>2101.4</ele>
      </trkpt>
      <trkpt lat="36.909645" lon="138.084866">
        <ele>2100.86</ele>
      </trkpt>
      <trkpt lat="36.909485" lon="138.084842">
        <ele>2100.58</ele>
      </trkpt>
      <trkpt lat="36.909321" lon="138.084798">
        <ele>2096.66</ele>
      </trkpt>
      <trkpt lat="36.909134" lon="138.084908">
        <ele>2092.7</ele>
      </trkpt>
      <trkpt lat="36.909072" lon="138.085104">
        <ele>2091.85</ele>
      </trkpt>
      <trkpt lat="36.908919" lon="138.085253">
        <ele>2088.7</ele>
      </trkpt>
      <trkpt lat="36.908889" lon="138.08538">
        <ele>2088.34</ele>
      </trkpt>
      <trkpt lat="36.908826" lon="138.085574">
        <ele>2087.54</ele>
      </trkpt>
      <trkpt lat="36.908787" lon="138.085777">
        <ele>2087.84</ele>
      </trkpt>
      <trkpt lat="36.908773" lon="138.085915">
        <ele>2088.33</ele>
      </trkpt>
      <trkpt lat="36.908713" lon="138.086128">
        <ele>2088.17</ele>
      </trkpt>
      <trkpt lat="36.908646" lon="138.086446">
        <ele>2088</ele>
      </trkpt>
      <trkpt lat="36.90863" lon="138.086588">
        <ele>2087.89</ele>
      </trkpt>
      <trkpt lat="36.908528" lon="138.086924">
        <ele>2086.94</ele>
      </trkpt>
      <trkpt lat="36.908456" lon="138.087111">
        <ele>2086.63</ele>
      </trkpt>
      <trkpt lat="36.908372" lon="138.087425">
        <ele>2087.26</ele>
      </trkpt>
      <trkpt lat="36.908251" lon="138.087636">
        <ele>2087.6</ele>
      </trkpt>
      <trkpt lat="36.908212" lon="138.087811">
        <ele>2088.55</ele>
      </trkpt>
      <trkpt lat="36.908097" lon="138.087944">
        <ele>2089.1</ele>
      </trkpt>
      <trkpt lat="36.907948" lon="138.08799">
        <ele>2089.07</ele>
      </trkpt>
      <trkpt lat="36.907816" lon="138.087978">
        <ele>2088.64</ele>
      </trkpt>
      <trkpt lat="36.907673" lon="138.087939">
        <ele>2090.71</ele>
      </trkpt>
      <trkpt lat="36.907522" lon="138.087928">
        <ele>2093.16</ele>
      </trkpt>
      <trkpt lat="36.907439" lon="138.087892">
        <ele>2093.87</ele>
      </trkpt>
      <trkpt lat="36.907299" lon="138.087877">
        <ele>2095.83</ele>
      </trkpt>
      <trkpt lat="36.907125" lon="138.087751">
        <ele>2095.25</ele>
      </trkpt>
      <trkpt lat="36.906882" lon="138.087542">
        <ele>2092.23</ele>
      </trkpt>
      <trkpt lat="36.906725" lon="138.08749">
        <ele>2092.66</ele>
      </trkpt>
      <trkpt lat="36.906557" lon="138.087342">
        <ele>2089.72</ele>
      </trkpt>
      <trkpt lat="36.9064" lon="138.087244">
        <ele>2087.91</ele>
      </trkpt>
      <trkpt lat="36.90632" lon="138.087219">
        <ele>2087.79</ele>
      </trkpt>
      <trkpt lat="36.90625" lon="138.087153">
        <ele>2086.24</ele>
      </trkpt>
      <trkpt lat="36.906104" lon="138.087044">
        <ele>2084.3</ele>
      </trkpt>
      <trkpt lat="36.906022" lon="138.087005">
        <ele>2083.74</ele>
      </trkpt>
      <trkpt lat="36.905805" lon="138.086954">
        <ele>2083.68</ele>
      </trkpt>
      <trkpt lat="36.905543" lon="138.086842">
        <ele>2081.13</ele>
      </trkpt>
      <trkpt lat="36.905293" lon="138.086757">
        <ele>2078.71</ele>
      </trkpt>
      <trkpt lat="36.905033" lon="138.086715">
        <ele>2077.08</ele>
      </trkpt>
      <trkpt lat="36.903729" lon="138.08661">
        <ele>2076.07</ele>
      </trkpt>
      <trkpt lat="36.90352" lon="138.086569">
        <ele>2077.61</ele>
      </trkpt>
      <trkpt lat="36.903288" lon="138.08655">
        <ele>2082.64</ele>
      </trkpt>
      <trkpt lat="36.903027" lon="138.086475">
        <ele>2085.66</ele>
      </trkpt>
      <trkpt lat="36.902851" lon="138.086452">
        <ele>2089.22</ele>
      </trkpt>
      <trkpt lat="36.902774" lon="138.086425">
        <ele>2089.98</ele>
      </trkpt>
      <trkpt lat="36.902731" lon="138.086406">
        <ele>2090.25</ele>
      </trkpt>
      <trkpt lat="36.902413" lon="138.086134">
        <ele>2087.13</ele>
      </trkpt>
      <trkpt lat="36.902191" lon="138.085993">
        <ele>2087.71</ele>
      </trkpt>
      <trkpt lat="36.902021" lon="138.085911">
        <ele>2089.49</ele>
      </trkpt>
      <trkpt lat="36.901821" lon="138.085737">
        <ele>2085.71</ele>
      </trkpt>
      <trkpt lat="36.901766" lon="138.085719">
        <ele>2085.89</ele>
      </trkpt>
      <trkpt lat="36.901586" lon="138.0857">
        <ele>2088.1</ele>
      </trkpt>
      <trkpt lat="36.901376" lon="138.085637">
        <ele>2090.22</ele>
      </trkpt>
      <trkpt lat="36.901236" lon="138.085553">
        <ele>2091.59</ele>
      </trkpt>
      <trkpt lat="36.901092" lon="138.085448">
        <ele>2090.9</ele>
      </trkpt>
      <trkpt lat="36.901038" lon="138.085383">
        <ele>2089</ele>
      </trkpt>
      <trkpt lat="36.900958" lon="138.08528">
        <ele>2086.3</ele>
      </trkpt>
      <trkpt lat="36.900878" lon="138.085144">
        <ele>2083.21</ele>
      </trkpt>
      <trkpt lat="36.900827" lon="138.085039">
        <ele>2081.08</ele>
      </trkpt>
      <trkpt lat="36.900757" lon="138.084959">
        <ele>2079.84</ele>
      </trkpt>
      <trkpt lat="36.900698" lon="138.084906">
        <ele>2079.25</ele>
      </trkpt>
      <trkpt lat="36.900485" lon="138.084795">
        <ele>2079.43</ele>
      </trkpt>
      <trkpt lat="36.900404" lon="138.08478">
        <ele>2080.11</ele>
      </trkpt>
      <trkpt lat="36.900208" lon="138.084788">
        <ele>2080.75</ele>
      </trkpt>
      <trkpt lat="36.899925" lon="138.084848">
        <ele>2080.02</ele>
      </trkpt>
      <trkpt lat="36.899471" lon="138.084999">
        <ele>2077.93</ele>
      </trkpt>
      <trkpt lat="36.899292" lon="138.085037">
        <ele>2076.92</ele>
      </trkpt>
      <trkpt lat="36.898634" lon="138.085083">
        <ele>2072.78</ele>
      </trkpt>
      <trkpt lat="36.898177" lon="138.085134">
        <ele>2064.06</ele>
      </trkpt>
      <trkpt lat="36.897863" lon="138.085186">
        <ele>2058.04</ele>
      </trkpt>
      <trkpt lat="36.897731" lon="138.085183">
        <ele>2055.37</ele>
      </trkpt>
      <trkpt lat="36.897664" lon="138.085173">
        <ele>2053.96</ele>
      </trkpt>
      <trkpt lat="36.897573" lon="138.085125">
        <ele>2052.07</ele>
      </trkpt>
      <trkpt lat="36.897414" lon="138.085121">
        <ele>2048.59</ele>
      </trkpt>
      <trkpt lat="36.897339" lon="138.085167">
        <ele>2047</ele>
      </trkpt>
      <trkpt lat="36.897213" lon="138.085163">
        <ele>2044.26</ele>
      </trkpt>
      <trkpt lat="36.896986" lon="138.085034">
        <ele>2038.78</ele>
      </trkpt>
      <trkpt lat="36.896804" lon="138.084853">
        <ele>2032.2</ele>
      </trkpt>
      <trkpt lat="36.896621" lon="138.084787">
        <ele>2026.32</ele>
      </trkpt>
      <trkpt lat="36.896567" lon="138.084709">
        <ele>2024.56</ele>
      </trkpt>
      <trkpt lat="36.896489" lon="138.084688">
        <ele>2022.19</ele>
      </trkpt>
      <trkpt lat="36.896357" lon="138.084597">
        <ele>2018.05</ele>
      </trkpt>
      <trkpt lat="36.896254" lon="138.084567">
        <ele>2014.88</ele>
      </trkpt>
      <trkpt lat="36.896189" lon="138.084503">
        <ele>2012.76</ele>
      </trkpt>
      <trkpt lat="36.896113" lon="138.084451">
        <ele>2010.18</ele>
      </trkpt>
      <trkpt lat="36.896047" lon="138.0843">
        <ele>2007.76</ele>
      </trkpt>
      <trkpt lat="36.896037" lon="138.08419">
        <ele>2007.41</ele>
      </trkpt>
      <trkpt lat="36.895877" lon="138.083919">
        <ele>2003.28</ele>
      </trkpt>
      <trkpt lat="36.89585" lon="138.083812">
        <ele>2002.98</ele>
      </trkpt>
      <trkpt lat="36.895709" lon="138.083513">
        <ele>2000.78</ele>
      </trkpt>
      <trkpt lat="36.895524" lon="138.083278">
        <ele>1996.51</ele>
      </trkpt>
      <trkpt lat="36.895305" lon="138.083278">
        <ele>1990.18</ele>
      </trkpt>
      <trkpt lat="36.895178" lon="138.083293">
        <ele>1984.55</ele>
      </trkpt>
      <trkpt lat="36.895086" lon="138.083325">
        <ele>1980.55</ele>
      </trkpt>
      <trkpt lat="36.894944" lon="138.083333">
        <ele>1974.39</ele>
      </trkpt>
      <trkpt lat="36.894837" lon="138.083402">
        <ele>1970.19</ele>
      </trkpt>
      <trkpt lat="36.894626" lon="138.083419">
        <ele>1961.4</ele>
      </trkpt>
      <trkpt lat="36.894534" lon="138.083441">
        <ele>1957.77</ele>
      </trkpt>
      <trkpt lat="36.894318" lon="138.083573">
        <ele>1949.25</ele>
      </trkpt>
      <trkpt lat="36.894249" lon="138.083627">
        <ele>1946.96</ele>
      </trkpt>
      <trkpt lat="36.89418" lon="138.083716">
        <ele>1945.65</ele>
      </trkpt>
      <trkpt lat="36.893624" lon="138.084048">
        <ele>1931.21</ele>
      </trkpt>
      <trkpt lat="36.893573" lon="138.08416">
        <ele>1932.42</ele>
      </trkpt>
      <trkpt lat="36.893451" lon="138.084257">
        <ele>1931.38</ele>
      </trkpt>
      <trkpt lat="36.893234" lon="138.084378">
        <ele>1928.87</ele>
      </trkpt>
      <trkpt lat="36.893097" lon="138.084469">
        <ele>1928.41</ele>
      </trkpt>
      <trkpt lat="36.892846" lon="138.084577">
        <ele>1926.36</ele>
      </trkpt>
      <trkpt lat="36.892717" lon="138.084683">
        <ele>1927.65</ele>
      </trkpt>
      <trkpt lat="36.892594" lon="138.084739">
        <ele>1925.22</ele>
      </trkpt>
      <trkpt lat="36.892504" lon="138.084833">
        <ele>1923.95</ele>
      </trkpt>
      <trkpt lat="36.892206" lon="138.08494">
        <ele>1918.01</ele>
      </trkpt>
      <trkpt lat="36.892058" lon="138.084953">
        <ele>1914.71</ele>
      </trkpt>
      <trkpt lat="36.891985" lon="138.084921">
        <ele>1912.67</ele>
      </trkpt>
      <trkpt lat="36.891773" lon="138.084893">
        <ele>1902.74</ele>
      </trkpt>
      <trkpt lat="36.891652" lon="138.084833">
        <ele>1896.9</ele>
      </trkpt>
      <trkpt lat="36.891619" lon="138.084791">
        <ele>1895.27</ele>
      </trkpt>
      <trkpt lat="36.891477" lon="138.084699">
        <ele>1888.82</ele>
      </trkpt>
      <trkpt lat="36.891453" lon="138.08462">
        <ele>1885.2</ele>
      </trkpt>
      <trkpt lat="36.891406" lon="138.084547">
        <ele>1880.23</ele>
      </trkpt>
      <trkpt lat="36.891358" lon="138.084511">
        <ele>1876.8</ele>
      </trkpt>
      <trkpt lat="36.891227" lon="138.084481">
        <ele>1870.43</ele>
      </trkpt>
      <trkpt lat="36.891041" lon="138.084485">
        <ele>1860.81</ele>
      </trkpt>
      <trkpt lat="36.890993" lon="138.084312">
        <ele>1851.66</ele>
      </trkpt>
      <trkpt lat="36.890879" lon="138.084318">
        <ele>1845.12</ele>
      </trkpt>
      <trkpt lat="36.890803" lon="138.084361">
        <ele>1841.99</ele>
      </trkpt>
      <trkpt lat="36.890757" lon="138.084424">
        <ele>1841.18</ele>
      </trkpt>
      <trkpt lat="36.890707" lon="138.084471">
        <ele>1839.51</ele>
      </trkpt>
      <trkpt lat="36.890631" lon="138.084565">
        <ele>1837.48</ele>
      </trkpt>
      <trkpt lat="36.890568" lon="138.084607">
        <ele>1834.69</ele>
      </trkpt>
      <trkpt lat="36.890186" lon="138.084602">
        <ele>1812.38</ele>
      </trkpt>
      <trkpt lat="36.890103" lon="138.084622">
        <ele>1809.1</ele>
      </trkpt>
      <trkpt lat="36.889819" lon="138.084528">
        <ele>1793.6</ele>
      </trkpt>
      <trkpt lat="36.88971" lon="138.084479">
        <ele>1787.14</ele>
      </trkpt>
      <trkpt lat="36.889628" lon="138.084463">
        <ele>1782.78</ele>
      </trkpt>
      <trkpt lat="36.889491" lon="138.084464">
        <ele>1776.44</ele>
      </trkpt>
      <trkpt lat="36.889301" lon="138.084545">
        <ele>1772.74</ele>
      </trkpt>
      <trkpt lat="36.889032" lon="138.084543">
        <ele>1763.98</ele>
      </trkpt>
      <trkpt lat="36.88892" lon="138.08453">
        <ele>1760</ele>
      </trkpt>
      <trkpt lat="36.88885" lon="138.08449">
        <ele>1756.63</ele>
      </trkpt>
      <trkpt lat="36.888795" lon="138.084424">
        <ele>1753.13</ele>
      </trkpt>
      <trkpt lat="36.888663" lon="138.084225">
        <ele>1743.97</ele>
      </trkpt>
      <trkpt lat="36.888762" lon="138.084132">
        <ele>1744.47</ele>
      </trkpt>
      <trkpt lat="36.888843" lon="138.084095">
        <ele>1745.8</ele>
      </trkpt>
      <trkpt lat="36.888936" lon="138.083983">
        <ele>1745.34</ele>
      </trkpt>
      <trkpt lat="36.888946" lon="138.083914">
        <ele>1743.73</ele>
      </trkpt>
      <trkpt lat="36.888923" lon="138.083856">
        <ele>1741.5</ele>
      </trkpt>
      <trkpt lat="36.888939" lon="138.083763">
        <ele>1737.35</ele>
      </trkpt>
      <trkpt lat="36.888927" lon="138.083651">
        <ele>1731.23</ele>
      </trkpt>
      <trkpt lat="36.888872" lon="138.083594">
        <ele>1726.76</ele>
      </trkpt>
      <trkpt lat="36.888845" lon="138.083514">
        <ele>1721.9</ele>
      </trkpt>
      <trkpt lat="36.888872" lon="138.083354">
        <ele>1714.34</ele>
      </trkpt>
      <trkpt lat="36.888925" lon="138.083341">
        <ele>1715.16</ele>
      </trkpt>
      <trkpt lat="36.888955" lon="138.083305">
        <ele>1714.2</ele>
      </trkpt>
      <trkpt lat="36.889008" lon="138.08331">
        <ele>1715.97</ele>
      </trkpt>
      <trkpt lat="36.889051" lon="138.083163">
        <ele>1709.69</ele>
      </trkpt>
      <trkpt lat="36.888802" lon="138.083116">
        <ele>1699.94</ele>
      </trkpt>
      <trkpt lat="36.888758" lon="138.083144">
        <ele>1700.11</ele>
      </trkpt>
      <trkpt lat="36.888748" lon="138.083056">
        <ele>1695.17</ele>
      </trkpt>
      <trkpt lat="36.888711" lon="138.082987">
        <ele>1690.46</ele>
      </trkpt>
      <trkpt lat="36.888677" lon="138.082845">
        <ele>1681.78</ele>
      </trkpt>
      <trkpt lat="36.888677" lon="138.08276">
        <ele>1677.19</ele>
      </trkpt>
      <trkpt lat="36.888653" lon="138.082665">
        <ele>1671.34</ele>
      </trkpt>
      <trkpt lat="36.888526" lon="138.082629">
        <ele>1665.54</ele>
      </trkpt>
      <trkpt lat="36.888479" lon="138.082596">
        <ele>1662.36</ele>
      </trkpt>
      <trkpt lat="36.888381" lon="138.082579">
        <ele>1658.57</ele>
      </trkpt>
      <trkpt lat="36.888449" lon="138.082484">
        <ele>1655.64</ele>
      </trkpt>
      <trkpt lat="36.888496" lon="138.082365">
        <ele>1650.73</ele>
      </trkpt>
      <trkpt lat="36.888556" lon="138.082298">
        <ele>1648.83</ele>
      </trkpt>
      <trkpt lat="36.888561" lon="138.082058">
        <ele>1639.22</ele>
      </trkpt>
      <trkpt lat="36.888292" lon="138.081997">
        <ele>1630.59</ele>
      </trkpt>
      <trkpt lat="36.888146" lon="138.081984">
        <ele>1626.54</ele>
      </trkpt>
      <trkpt lat="36.888027" lon="138.08193">
        <ele>1622.06</ele>
      </trkpt>
      <trkpt lat="36.88788" lon="138.081961">
        <ele>1619.15</ele>
      </trkpt>
      <trkpt lat="36.887761" lon="138.081964">
        <ele>1616.56</ele>
      </trkpt>
      <trkpt lat="36.887436" lon="138.081898">
        <ele>1608.91</ele>
      </trkpt>
      <trkpt lat="36.887338" lon="138.081917">
        <ele>1607.6</ele>
      </trkpt>
      <trkpt lat="36.8872" lon="138.081921">
        <ele>1605.17</ele>
      </trkpt>
      <trkpt lat="36.886928" lon="138.08195">
        <ele>1600.77</ele>
      </trkpt>
      <trkpt lat="36.886623" lon="138.082123">
        <ele>1597.78</ele>
      </trkpt>
      <trkpt lat="36.886577" lon="138.082199">
        <ele>1598.26</ele>
      </trkpt>
      <trkpt lat="36.886393" lon="138.082353">
        <ele>1596.81</ele>
      </trkpt>
      <trkpt lat="36.886314" lon="138.082395">
        <ele>1595.41</ele>
      </trkpt>
      <trkpt lat="36.886226" lon="138.082407">
        <ele>1593.09</ele>
      </trkpt>
      <trkpt lat="36.885969" lon="138.082326">
        <ele>1588.31</ele>
      </trkpt>
      <trkpt lat="36.885889" lon="138.082322">
        <ele>1587.72</ele>
      </trkpt>
      <trkpt lat="36.885785" lon="138.082271">
        <ele>1586.1</ele>
      </trkpt>
      <trkpt lat="36.885667" lon="138.082126">
        <ele>1582.87</ele>
      </trkpt>
      <trkpt lat="36.885592" lon="138.08189">
        <ele>1579.4</ele>
      </trkpt>
      <trkpt lat="36.885582" lon="138.081761">
        <ele>1577.73</ele>
      </trkpt>
      <trkpt lat="36.885485" lon="138.081619">
        <ele>1575.36</ele>
      </trkpt>
      <trkpt lat="36.8854" lon="138.081662">
        <ele>1575.33</ele>
      </trkpt>
      <trkpt lat="36.885293" lon="138.081676">
        <ele>1574.74</ele>
      </trkpt>
      <trkpt lat="36.885173" lon="138.08165">
        <ele>1573.25</ele>
      </trkpt>
      <trkpt lat="36.885076" lon="138.081558">
        <ele>1571.04</ele>
      </trkpt>
      <trkpt lat="36.884851" lon="138.081243">
        <ele>1563.99</ele>
      </trkpt>
      <trkpt lat="36.884661" lon="138.081003">
        <ele>1558.91</ele>
      </trkpt>
      <trkpt lat="36.884439" lon="138.080631">
        <ele>1552.57</ele>
      </trkpt>
      <trkpt lat="36.884278" lon="138.080385">
        <ele>1546.2</ele>
      </trkpt>
      <trkpt lat="36.884108" lon="138.080225">
        <ele>1540.51</ele>
      </trkpt>
      <trkpt lat="36.883893" lon="138.080054">
        <ele>1534.09</ele>
      </trkpt>
      <trkpt lat="36.883781" lon="138.080021">
        <ele>1531.78</ele>
      </trkpt>
      <trkpt lat="36.88366" lon="138.08">
        <ele>1529.57</ele>
      </trkpt>
      <trkpt lat="36.883349" lon="138.079909">
        <ele>1523.61</ele>
      </trkpt>
      <trkpt lat="36.883003" lon="138.07984">
        <ele>1517.74</ele>
      </trkpt>
      <trkpt lat="36.882925" lon="138.079815">
        <ele>1516.31</ele>
      </trkpt>
      <trkpt lat="36.882734" lon="138.079706">
        <ele>1512.36</ele>
      </trkpt>
      <trkpt lat="36.882568" lon="138.079684">
        <ele>1510.09</ele>
      </trkpt>
      <trkpt lat="36.88223" lon="138.079514">
        <ele>1503.93</ele>
      </trkpt>
      <trkpt lat="36.882065" lon="138.079465">
        <ele>1501.23</ele>
      </trkpt>
      <trkpt lat="36.881282" lon="138.079353">
        <ele>1484.74</ele>
      </trkpt>
      <trkpt lat="36.880932" lon="138.079324">
        <ele>1477.85</ele>
      </trkpt>
      <trkpt lat="36.880473" lon="138.079316">
        <ele>1469.23</ele>
      </trkpt>
      <trkpt lat="36.880086" lon="138.079241">
        <ele>1462.75</ele>
      </trkpt>
      <trkpt lat="36.879915" lon="138.079191">
        <ele>1460.11</ele>
      </trkpt>
      <trkpt lat="36.879728" lon="138.079103">
        <ele>1457.02</ele>
      </trkpt>
      <trkpt lat="36.87921" lon="138.078782">
        <ele>1447.2</ele>
      </trkpt>
      <trkpt lat="36.879162" lon="138.078764">
        <ele>1446.29</ele>
      </trkpt>
      <trkpt lat="36.879098" lon="138.078776">
        <ele>1445.41</ele>
      </trkpt>
      <trkpt lat="36.878725" lon="138.079074">
        <ele>1441.1</ele>
      </trkpt>
      <trkpt lat="36.878516" lon="138.079188">
        <ele>1438.1</ele>
      </trkpt>
      <trkpt lat="36.878475" lon="138.079199">
        <ele>1437.48</ele>
      </trkpt>
      <trkpt lat="36.878414" lon="138.079201">
        <ele>1436.49</ele>
      </trkpt>
      <trkpt lat="36.878379" lon="138.079188">
        <ele>1435.87</ele>
      </trkpt>
      <trkpt lat="36.8783" lon="138.079113">
        <ele>1434.27</ele>
      </trkpt>
      <trkpt lat="36.878148" lon="138.07888">
        <ele>1430.77</ele>
      </trkpt>
      <trkpt lat="36.878014" lon="138.078609">
        <ele>1426.38</ele>
      </trkpt>
      <trkpt lat="36.877846" lon="138.078441">
        <ele>1422.15</ele>
      </trkpt>
      <trkpt lat="36.877673" lon="138.07838">
        <ele>1419.25</ele>
      </trkpt>
      <trkpt lat="36.877517" lon="138.078349">
        <ele>1416.99</ele>
      </trkpt>
      <trkpt lat="36.876839" lon="138.078268">
        <ele>1407.79</ele>
      </trkpt>
      <trkpt lat="36.876711" lon="138.078278">
        <ele>1406.27</ele>
      </trkpt>
      <trkpt lat="36.876469" lon="138.078361">
        <ele>1403.71</ele>
      </trkpt>
      <trkpt lat="36.876158" lon="138.078696">
        <ele>1401.43</ele>
      </trkpt>
      <trkpt lat="36.876" lon="138.078755">
        <ele>1399.19</ele>
      </trkpt>
      <trkpt lat="36.875894" lon="138.078771">
        <ele>1397.51</ele>
      </trkpt>
      <trkpt lat="36.875787" lon="138.078807">
        <ele>1395.86</ele>
      </trkpt>
      <trkpt lat="36.875623" lon="138.078949">
        <ele>1393.29</ele>
      </trkpt>
      <trkpt lat="36.875534" lon="138.079061">
        <ele>1391.68</ele>
      </trkpt>
      <trkpt lat="36.875429" lon="138.079219">
        <ele>1389.5</ele>
      </trkpt>
      <trkpt lat="36.875315" lon="138.079316">
        <ele>1386.94</ele>
      </trkpt>
      <trkpt lat="36.875221" lon="138.079356">
        <ele>1385.53</ele>
      </trkpt>
      <trkpt lat="36.875129" lon="138.079381">
        <ele>1384.21</ele>
      </trkpt>
      <trkpt lat="36.874927" lon="138.079386">
        <ele>1381.45</ele>
      </trkpt>
      <trkpt lat="36.874897" lon="138.079292">
        <ele>1381.22</ele>
      </trkpt>
      <trkpt lat="36.87474" lon="138.079303">
        <ele>1379.04</ele>
      </trkpt>
      <trkpt lat="36.874619" lon="138.079333">
        <ele>1377.33</ele>
      </trkpt>
      <trkpt lat="36.874502" lon="138.079308">
        <ele>1375.76</ele>
      </trkpt>
      <trkpt lat="36.874438" lon="138.079312">
        <ele>1374.87</ele>
      </trkpt>
      <trkpt lat="36.874139" lon="138.079453">
        <ele>1370.49</ele>
      </trkpt>
      <trkpt lat="36.873608" lon="138.079576">
        <ele>1362.63</ele>
      </trkpt>
      <trkpt lat="36.873508" lon="138.079619">
        <ele>1360.87</ele>
      </trkpt>
      <trkpt lat="36.87343" lon="138.079625">
        <ele>1359.55</ele>
      </trkpt>
      <trkpt lat="36.873097" lon="138.079517">
        <ele>1354.56</ele>
      </trkpt>
      <trkpt lat="36.872885" lon="138.079517">
        <ele>1351.14</ele>
      </trkpt>
      <trkpt lat="36.872691" lon="138.07955">
        <ele>1348.6</ele>
      </trkpt>
      <trkpt lat="36.872278" lon="138.079682">
        <ele>1343.87</ele>
      </trkpt>
      <trkpt lat="36.872124" lon="138.079741">
        <ele>1342.03</ele>
      </trkpt>
      <trkpt lat="36.871776" lon="138.079794">
        <ele>1337.74</ele>
      </trkpt>
      <trkpt lat="36.87151" lon="138.079943">
        <ele>1334.17</ele>
      </trkpt>
      <trkpt lat="36.871401" lon="138.080033">
        <ele>1332.89</ele>
      </trkpt>
      <trkpt lat="36.871286" lon="138.080105">
        <ele>1331.76</ele>
      </trkpt>
      <trkpt lat="36.871186" lon="138.080113">
        <ele>1330.88</ele>
      </trkpt>
      <trkpt lat="36.871062" lon="138.080089">
        <ele>1329.89</ele>
      </trkpt>
      <trkpt lat="36.870791" lon="138.080122">
        <ele>1327.95</ele>
      </trkpt>
      <trkpt lat="36.870648" lon="138.080083">
        <ele>1326.92</ele>
      </trkpt>
      <trkpt lat="36.870487" lon="138.08001">
        <ele>1325.82</ele>
      </trkpt>
      <trkpt lat="36.870342" lon="138.079966">
        <ele>1324.86</ele>
      </trkpt>
      <trkpt lat="36.870155" lon="138.079845">
        <ele>1323.37</ele>
      </trkpt>
      <trkpt lat="36.870031" lon="138.079806">
        <ele>1322.25</ele>
      </trkpt>
      <trkpt lat="36.869878" lon="138.079716">
        <ele>1320.84</ele>
      </trkpt>
      <trkpt lat="36.86973" lon="138.079596">
        <ele>1319.59</ele>
      </trkpt>
      <trkpt lat="36.86951" lon="138.079353">
        <ele>1318.08</ele>
      </trkpt>
      <trkpt lat="36.869403" lon="138.07926">
        <ele>1317.33</ele>
      </trkpt>
      <trkpt lat="36.869325" lon="138.079156">
        <ele>1316.9</ele>
      </trkpt>
      <trkpt lat="36.869268" lon="138.078983">
        <ele>1316.86</ele>
      </trkpt>
      <trkpt lat="36.869213" lon="138.078886">
        <ele>1316.66</ele>
      </trkpt>
      <trkpt lat="36.869171" lon="138.078825">
        <ele>1316.62</ele>
      </trkpt>
      <trkpt lat="36.869078" lon="138.078758">
        <ele>1316.35</ele>
      </trkpt>
      <trkpt lat="36.869001" lon="138.078747">
        <ele>1315.71</ele>
      </trkpt>
      <trkpt lat="36.868844" lon="138.078991">
        <ele>1313.22</ele>
      </trkpt>
    </trkseg>
  </trk>
</gpx>
