<?xml version="1.0" encoding="UTF-8"?>
<gpx creator="https://gpx.studio" version="1.1" xmlns="http://www.topografix.com/GPX/1/1" xmlns:xsi="http://www.w3.org/2001/XMLSchema-instance" xsi:schemaLocation="http://www.topografix.com/GPX/1/1 http://www.topografix.com/GPX/1/1/gpx.xsd http://www.garmin.com/xmlschemas/GpxExtensions/v3 http://www.garmin.com/xmlschemas/GpxExtensionsv3.xsd http://www.garmin.com/xmlschemas/TrackPointExtension/v1 http://www.garmin.com/xmlschemas/TrackPointExtensionv1.xsd http://www.garmin.com/xmlschemas/PowerExtension/v1 http://www.garmin.com/xmlschemas/PowerExtensionv1.xsd http://www.topografix.com/GPX/gpx_style/0/2 http://www.topografix.com/GPX/gpx_style/0/2/gpx_style.xsd" xmlns:gpxtpx="http://www.garmin.com/xmlschemas/TrackPointExtension/v1" xmlns:gpxx="http://www.garmin.com/xmlschemas/GpxExtensions/v3" xmlns:gpxpx="http://www.garmin.com/xmlschemas/PowerExtension/v1" xmlns:gpx_style="http://www.topografix.com/GPX/gpx_style/0/2">
  <metadata>
    <name>焼山トレイル</name>
    <author>
      <name>gpx.studio</name>
      <link href="https://gpx.studio"/>
    </author>
  </metadata>
  <trk>
    <name>焼山トレイル</name>
    <extensions>
      <gpx_style:line>
        <gpx_style:color>33f425</gpx_style:color>
        <gpx_style:opacity>1</gpx_style:opacity>
        <gpx_style:width>6</gpx_style:width>
      </gpx_style:line>
    </extensions>
    <trkseg>
      <trkpt lat="36.868694" lon="138.078868">
        <ele>1312.35</ele>
      </trkpt>
      <trkpt lat="36.868662" lon="138.078815">
        <ele>1312.26</ele>
      </trkpt>
      <trkpt lat="36.868579" lon="138.07881">
        <ele>1311.33</ele>
      </trkpt>
      <trkpt lat="36.868516" lon="138.078836">
        <ele>1310.48</ele>
      </trkpt>
      <trkpt lat="36.868427" lon="138.078736">
        <ele>1309.68</ele>
      </trkpt>
      <trkpt lat="36.868333" lon="138.078652">
        <ele>1308.7</ele>
      </trkpt>
      <trkpt lat="36.86814" lon="138.078549">
        <ele>1306.37</ele>
      </trkpt>
      <trkpt lat="36.868076" lon="138.078506">
        <ele>1305.56</ele>
      </trkpt>
      <trkpt lat="36.868033" lon="138.078455">
        <ele>1305.03</ele>
      </trkpt>
      <trkpt lat="36.86801" lon="138.078403">
        <ele>1304.77</ele>
      </trkpt>
      <trkpt lat="36.867995" lon="138.078311">
        <ele>1304.63</ele>
      </trkpt>
      <trkpt lat="36.868103" lon="138.077659">
        <ele>1303.84</ele>
      </trkpt>
      <trkpt lat="36.868146" lon="138.077516">
        <ele>1303.28</ele>
      </trkpt>
      <trkpt lat="36.868584" lon="138.076782">
        <ele>1300.71</ele>
      </trkpt>
      <trkpt lat="36.868742" lon="138.076285">
        <ele>1296.88</ele>
      </trkpt>
      <trkpt lat="36.868858" lon="138.076071">
        <ele>1295.68</ele>
      </trkpt>
      <trkpt lat="36.869019" lon="138.075843">
        <ele>1293.87</ele>
      </trkpt>
      <trkpt lat="36.869944" lon="138.074952">
        <ele>1285.91</ele>
      </trkpt>
      <trkpt lat="36.870154" lon="138.074834">
        <ele>1284.1</ele>
      </trkpt>
      <trkpt lat="36.870483" lon="138.074762">
        <ele>1283.95</ele>
      </trkpt>
      <trkpt lat="36.870703" lon="138.074761">
        <ele>1285.71</ele>
      </trkpt>
      <trkpt lat="36.870791" lon="138.074721">
        <ele>1285.25</ele>
      </trkpt>
      <trkpt lat="36.871026" lon="138.074577">
        <ele>1285.87</ele>
      </trkpt>
      <trkpt lat="36.871066" lon="138.074499">
        <ele>1286.26</ele>
      </trkpt>
      <trkpt lat="36.871147" lon="138.074163">
        <ele>1287.66</ele>
      </trkpt>
      <trkpt lat="36.871158" lon="138.073979">
        <ele>1288.22</ele>
      </trkpt>
      <trkpt lat="36.87112" lon="138.073881">
        <ele>1287.35</ele>
      </trkpt>
      <trkpt lat="36.871019" lon="138.073754">
        <ele>1285.65</ele>
      </trkpt>
      <trkpt lat="36.870965" lon="138.073634">
        <ele>1285.46</ele>
      </trkpt>
      <trkpt lat="36.870968" lon="138.073463">
        <ele>1287.14</ele>
      </trkpt>
      <trkpt lat="36.87093" lon="138.073216">
        <ele>1288.65</ele>
      </trkpt>
      <trkpt lat="36.87086" lon="138.07308">
        <ele>1288.5</ele>
      </trkpt>
      <trkpt lat="36.870751" lon="138.07297">
        <ele>1287.15</ele>
      </trkpt>
      <trkpt lat="36.870624" lon="138.072873">
        <ele>1285.16</ele>
      </trkpt>
      <trkpt lat="36.870219" lon="138.072663">
        <ele>1278.74</ele>
      </trkpt>
      <trkpt lat="36.869886" lon="138.07239">
        <ele>1272.51</ele>
      </trkpt>
      <trkpt lat="36.869762" lon="138.072256">
        <ele>1270.08</ele>
      </trkpt>
      <trkpt lat="36.869729" lon="138.0722">
        <ele>1269.51</ele>
      </trkpt>
      <trkpt lat="36.869695" lon="138.072061">
        <ele>1268.19</ele>
      </trkpt>
      <trkpt lat="36.869672" lon="138.071683">
        <ele>1265.92</ele>
      </trkpt>
      <trkpt lat="36.869651" lon="138.071004">
        <ele>1263.02</ele>
      </trkpt>
      <trkpt lat="36.869645" lon="138.070563">
        <ele>1261.74</ele>
      </trkpt>
      <trkpt lat="36.869622" lon="138.070458">
        <ele>1260.54</ele>
      </trkpt>
      <trkpt lat="36.869582" lon="138.070359">
        <ele>1258.63</ele>
      </trkpt>
      <trkpt lat="36.869549" lon="138.070304">
        <ele>1257.38</ele>
      </trkpt>
      <trkpt lat="36.869465" lon="138.0701">
        <ele>1253.24</ele>
      </trkpt>
      <trkpt lat="36.869431" lon="138.069995">
        <ele>1251.05</ele>
      </trkpt>
      <trkpt lat="36.869437" lon="138.069904">
        <ele>1250.02</ele>
      </trkpt>
      <trkpt lat="36.869482" lon="138.069799">
        <ele>1249.66</ele>
      </trkpt>
      <trkpt lat="36.869526" lon="138.069826">
        <ele>1250.72</ele>
      </trkpt>
      <trkpt lat="36.869947" lon="138.070078">
        <ele>1260.88</ele>
      </trkpt>
      <trkpt lat="36.869995" lon="138.07009">
        <ele>1261.81</ele>
      </trkpt>
      <trkpt lat="36.870099" lon="138.070144">
        <ele>1264.16</ele>
      </trkpt>
      <trkpt lat="36.870255" lon="138.070288">
        <ele>1268.41</ele>
      </trkpt>
      <trkpt lat="36.87032" lon="138.070321">
        <ele>1269.84</ele>
      </trkpt>
      <trkpt lat="36.870387" lon="138.070332">
        <ele>1271.01</ele>
      </trkpt>
      <trkpt lat="36.870672" lon="138.07034">
        <ele>1275.5</ele>
      </trkpt>
      <trkpt lat="36.871109" lon="138.070461">
        <ele>1282.44</ele>
      </trkpt>
      <trkpt lat="36.871186" lon="138.070505">
        <ele>1283.92</ele>
      </trkpt>
      <trkpt lat="36.871466" lon="138.070701">
        <ele>1291.64</ele>
      </trkpt>
      <trkpt lat="36.871511" lon="138.070724">
        <ele>1292.79</ele>
      </trkpt>
      <trkpt lat="36.871645" lon="138.070874">
        <ele>1296.65</ele>
      </trkpt>
      <trkpt lat="36.871689" lon="138.070909">
        <ele>1297.8</ele>
      </trkpt>
      <trkpt lat="36.871741" lon="138.070919">
        <ele>1298.96</ele>
      </trkpt>
      <trkpt lat="36.871934" lon="138.070882">
        <ele>1302.83</ele>
      </trkpt>
      <trkpt lat="36.871974" lon="138.070859">
        <ele>1303.57</ele>
      </trkpt>
      <trkpt lat="36.872149" lon="138.070738">
        <ele>1307.28</ele>
      </trkpt>
      <trkpt lat="36.872216" lon="138.070665">
        <ele>1308.53</ele>
      </trkpt>
      <trkpt lat="36.872293" lon="138.070561">
        <ele>1309.82</ele>
      </trkpt>
      <trkpt lat="36.872453" lon="138.070269">
        <ele>1313.97</ele>
      </trkpt>
      <trkpt lat="36.87249" lon="138.070171">
        <ele>1315.09</ele>
      </trkpt>
      <trkpt lat="36.872568" lon="138.069932">
        <ele>1317.53</ele>
      </trkpt>
      <trkpt lat="36.87263" lon="138.069555">
        <ele>1318.45</ele>
      </trkpt>
      <trkpt lat="36.872576" lon="138.069373">
        <ele>1315.4</ele>
      </trkpt>
      <trkpt lat="36.872578" lon="138.069278">
        <ele>1314.54</ele>
      </trkpt>
      <trkpt lat="36.872588" lon="138.069211">
        <ele>1314.14</ele>
      </trkpt>
      <trkpt lat="36.872724" lon="138.068771">
        <ele>1313.98</ele>
      </trkpt>
      <trkpt lat="36.872763" lon="138.068719">
        <ele>1315.04</ele>
      </trkpt>
      <trkpt lat="36.872813" lon="138.068628">
        <ele>1316.54</ele>
      </trkpt>
      <trkpt lat="36.872872" lon="138.068565">
        <ele>1317.97</ele>
      </trkpt>
      <trkpt lat="36.873082" lon="138.068411">
        <ele>1323.05</ele>
      </trkpt>
      <trkpt lat="36.873234" lon="138.068311">
        <ele>1326.86</ele>
      </trkpt>
      <trkpt lat="36.873438" lon="138.068226">
        <ele>1331.92</ele>
      </trkpt>
      <trkpt lat="36.873624" lon="138.068136">
        <ele>1336.75</ele>
      </trkpt>
      <trkpt lat="36.873797" lon="138.068126">
        <ele>1341.12</ele>
      </trkpt>
      <trkpt lat="36.873834" lon="138.068116">
        <ele>1342.09</ele>
      </trkpt>
      <trkpt lat="36.873863" lon="138.068093">
        <ele>1342.91</ele>
      </trkpt>
      <trkpt lat="36.873897" lon="138.068041">
        <ele>1343.93</ele>
      </trkpt>
      <trkpt lat="36.873915" lon="138.067903">
        <ele>1345.6</ele>
      </trkpt>
      <trkpt lat="36.873932" lon="138.067832">
        <ele>1346.72</ele>
      </trkpt>
      <trkpt lat="36.873928" lon="138.067488">
        <ele>1350.18</ele>
      </trkpt>
      <trkpt lat="36.87394" lon="138.067432">
        <ele>1350.95</ele>
      </trkpt>
      <trkpt lat="36.873959" lon="138.067397">
        <ele>1351.59</ele>
      </trkpt>
      <trkpt lat="36.874034" lon="138.067351">
        <ele>1353.14</ele>
      </trkpt>
      <trkpt lat="36.874057" lon="138.067322">
        <ele>1353.71</ele>
      </trkpt>
      <trkpt lat="36.874097" lon="138.067237">
        <ele>1354.95</ele>
      </trkpt>
      <trkpt lat="36.874248" lon="138.067009">
        <ele>1351.26</ele>
      </trkpt>
      <trkpt lat="36.874278" lon="138.067007">
        <ele>1351.53</ele>
      </trkpt>
      <trkpt lat="36.874405" lon="138.067039">
        <ele>1354.14</ele>
      </trkpt>
      <trkpt lat="36.874676" lon="138.067074">
        <ele>1356.82</ele>
      </trkpt>
      <trkpt lat="36.874719" lon="138.067109">
        <ele>1358.07</ele>
      </trkpt>
      <trkpt lat="36.874746" lon="138.067147">
        <ele>1359.34</ele>
      </trkpt>
      <trkpt lat="36.874894" lon="138.067407">
        <ele>1362.96</ele>
      </trkpt>
      <trkpt lat="36.875028" lon="138.067476">
        <ele>1365.13</ele>
      </trkpt>
      <trkpt lat="36.875201" lon="138.067659">
        <ele>1370.71</ele>
      </trkpt>
      <trkpt lat="36.875253" lon="138.067697">
        <ele>1372.41</ele>
      </trkpt>
      <trkpt lat="36.875371" lon="138.067761">
        <ele>1375.69</ele>
      </trkpt>
      <trkpt lat="36.875496" lon="138.067799">
        <ele>1378.11</ele>
      </trkpt>
      <trkpt lat="36.875627" lon="138.067853">
        <ele>1380.97</ele>
      </trkpt>
      <trkpt lat="36.875866" lon="138.068022">
        <ele>1387.91</ele>
      </trkpt>
      <trkpt lat="36.875962" lon="138.068159">
        <ele>1392.81</ele>
      </trkpt>
      <trkpt lat="36.876077" lon="138.068257">
        <ele>1397.47</ele>
      </trkpt>
      <trkpt lat="36.876123" lon="138.068272">
        <ele>1398.73</ele>
      </trkpt>
      <trkpt lat="36.87624" lon="138.068276">
        <ele>1401.35</ele>
      </trkpt>
      <trkpt lat="36.876256" lon="138.068307">
        <ele>1402.7</ele>
      </trkpt>
      <trkpt lat="36.876298" lon="138.06851">
        <ele>1410.22</ele>
      </trkpt>
      <trkpt lat="36.876327" lon="138.068674">
        <ele>1416.22</ele>
      </trkpt>
      <trkpt lat="36.876331" lon="138.06874">
        <ele>1418.47</ele>
      </trkpt>
      <trkpt lat="36.876291" lon="138.069138">
        <ele>1430.92</ele>
      </trkpt>
      <trkpt lat="36.8763" lon="138.069215">
        <ele>1433.83</ele>
      </trkpt>
      <trkpt lat="36.876385" lon="138.069376">
        <ele>1441.88</ele>
      </trkpt>
      <trkpt lat="36.876391" lon="138.069422">
        <ele>1443.67</ele>
      </trkpt>
      <trkpt lat="36.876375" lon="138.06948">
        <ele>1445.22</ele>
      </trkpt>
      <trkpt lat="36.876177" lon="138.069778">
        <ele>1447.58</ele>
      </trkpt>
      <trkpt lat="36.876162" lon="138.069821">
        <ele>1447.77</ele>
      </trkpt>
      <trkpt lat="36.876148" lon="138.069924">
        <ele>1448.9</ele>
      </trkpt>
      <trkpt lat="36.876168" lon="138.069982">
        <ele>1450.55</ele>
      </trkpt>
      <trkpt lat="36.87622" lon="138.070026">
        <ele>1453.21</ele>
      </trkpt>
      <trkpt lat="36.876273" lon="138.070057">
        <ele>1455.77</ele>
      </trkpt>
      <trkpt lat="36.87637" lon="138.070165">
        <ele>1461.62</ele>
      </trkpt>
      <trkpt lat="36.87653" lon="138.070234">
        <ele>1469.64</ele>
      </trkpt>
      <trkpt lat="36.876545" lon="138.070261">
        <ele>1470.88</ele>
      </trkpt>
      <trkpt lat="36.87655" lon="138.070299">
        <ele>1471.98</ele>
      </trkpt>
      <trkpt lat="36.876527" lon="138.070505">
        <ele>1475.67</ele>
      </trkpt>
      <trkpt lat="36.876531" lon="138.070561">
        <ele>1476.66</ele>
      </trkpt>
      <trkpt lat="36.876552" lon="138.070588">
        <ele>1477.99</ele>
      </trkpt>
      <trkpt lat="36.876961" lon="138.070837">
        <ele>1500.79</ele>
      </trkpt>
      <trkpt lat="36.877038" lon="138.070849">
        <ele>1503.42</ele>
      </trkpt>
      <trkpt lat="36.877136" lon="138.070849">
        <ele>1506.08</ele>
      </trkpt>
      <trkpt lat="36.87744" lon="138.070762">
        <ele>1512.91</ele>
      </trkpt>
      <trkpt lat="36.877608" lon="138.07059">
        <ele>1514.79</ele>
      </trkpt>
      <trkpt lat="36.877672" lon="138.070542">
        <ele>1515.74</ele>
      </trkpt>
      <trkpt lat="36.877758" lon="138.070523">
        <ele>1517.72</ele>
      </trkpt>
      <trkpt lat="36.878097" lon="138.070525">
        <ele>1520.9</ele>
      </trkpt>
      <trkpt lat="36.878141" lon="138.070532">
        <ele>1521.25</ele>
      </trkpt>
      <trkpt lat="36.878183" lon="138.070556">
        <ele>1521.84</ele>
      </trkpt>
      <trkpt lat="36.878274" lon="138.070653">
        <ele>1523.69</ele>
      </trkpt>
      <trkpt lat="36.878336" lon="138.070751">
        <ele>1525.33</ele>
      </trkpt>
      <trkpt lat="36.87867" lon="138.070989">
        <ele>1529.08</ele>
      </trkpt>
      <trkpt lat="36.878814" lon="138.071011">
        <ele>1525.45</ele>
      </trkpt>
      <trkpt lat="36.878947" lon="138.071061">
        <ele>1522.63</ele>
      </trkpt>
      <trkpt lat="36.879017" lon="138.071106">
        <ele>1521.54</ele>
      </trkpt>
      <trkpt lat="36.87911" lon="138.071308">
        <ele>1522.78</ele>
      </trkpt>
      <trkpt lat="36.879159" lon="138.071371">
        <ele>1522.1</ele>
      </trkpt>
      <trkpt lat="36.879659" lon="138.071749">
        <ele>1512.74</ele>
      </trkpt>
      <trkpt lat="36.879713" lon="138.071778">
        <ele>1511.91</ele>
      </trkpt>
      <trkpt lat="36.879853" lon="138.071803">
        <ele>1509.48</ele>
      </trkpt>
      <trkpt lat="36.880031" lon="138.07179">
        <ele>1505.81</ele>
      </trkpt>
      <trkpt lat="36.880192" lon="138.071742">
        <ele>1501.5</ele>
      </trkpt>
      <trkpt lat="36.880271" lon="138.071736">
        <ele>1499.68</ele>
      </trkpt>
      <trkpt lat="36.880394" lon="138.071767">
        <ele>1499.88</ele>
      </trkpt>
      <trkpt lat="36.880548" lon="138.071864">
        <ele>1502.99</ele>
      </trkpt>
      <trkpt lat="36.880844" lon="138.071965">
        <ele>1506.54</ele>
      </trkpt>
      <trkpt lat="36.880908" lon="138.071978">
        <ele>1507.06</ele>
      </trkpt>
      <trkpt lat="36.880971" lon="138.071976">
        <ele>1507.18</ele>
      </trkpt>
      <trkpt lat="36.881023" lon="138.071961">
        <ele>1506.92</ele>
      </trkpt>
      <trkpt lat="36.881044" lon="138.071913">
        <ele>1505.7</ele>
      </trkpt>
      <trkpt lat="36.881058" lon="138.071801">
        <ele>1502.77</ele>
      </trkpt>
      <trkpt lat="36.881023" lon="138.071119">
        <ele>1482.03</ele>
      </trkpt>
      <trkpt lat="36.880998" lon="138.071003">
        <ele>1477.62</ele>
      </trkpt>
      <trkpt lat="36.880963" lon="138.070943">
        <ele>1475.32</ele>
      </trkpt>
      <trkpt lat="36.880942" lon="138.070861">
        <ele>1472.24</ele>
      </trkpt>
      <trkpt lat="36.880939" lon="138.07068">
        <ele>1465.51</ele>
      </trkpt>
      <trkpt lat="36.880952" lon="138.070584">
        <ele>1461.93</ele>
      </trkpt>
      <trkpt lat="36.880985" lon="138.070457">
        <ele>1457.85</ele>
      </trkpt>
      <trkpt lat="36.881025" lon="138.070355">
        <ele>1455.13</ele>
      </trkpt>
      <trkpt lat="36.881135" lon="138.070157">
        <ele>1448.91</ele>
      </trkpt>
      <trkpt lat="36.881146" lon="138.07008">
        <ele>1446.58</ele>
      </trkpt>
      <trkpt lat="36.881135" lon="138.069932">
        <ele>1442.5</ele>
      </trkpt>
      <trkpt lat="36.881146" lon="138.069849">
        <ele>1439.93</ele>
      </trkpt>
      <trkpt lat="36.881177" lon="138.06979">
        <ele>1438.7</ele>
      </trkpt>
      <trkpt lat="36.8812" lon="138.069715">
        <ele>1436.85</ele>
      </trkpt>
      <trkpt lat="36.88121" lon="138.069615">
        <ele>1434.73</ele>
      </trkpt>
      <trkpt lat="36.881213" lon="138.069453">
        <ele>1431.75</ele>
      </trkpt>
      <trkpt lat="36.881188" lon="138.069394">
        <ele>1430.36</ele>
      </trkpt>
      <trkpt lat="36.881154" lon="138.069359">
        <ele>1429.33</ele>
      </trkpt>
      <trkpt lat="36.881058" lon="138.069286">
        <ele>1430.12</ele>
      </trkpt>
      <trkpt lat="36.881025" lon="138.069234">
        <ele>1430.02</ele>
      </trkpt>
      <trkpt lat="36.881002" lon="138.069151">
        <ele>1429.14</ele>
      </trkpt>
      <trkpt lat="36.880967" lon="138.069074">
        <ele>1428.69</ele>
      </trkpt>
      <trkpt lat="36.880823" lon="138.068867">
        <ele>1428.92</ele>
      </trkpt>
      <trkpt lat="36.880798" lon="138.068809">
        <ele>1428.38</ele>
      </trkpt>
      <trkpt lat="36.880783" lon="138.068736">
        <ele>1427.08</ele>
      </trkpt>
      <trkpt lat="36.880781" lon="138.068619">
        <ele>1424.4</ele>
      </trkpt>
      <trkpt lat="36.880819" lon="138.068399">
        <ele>1418.53</ele>
      </trkpt>
      <trkpt lat="36.880877" lon="138.068242">
        <ele>1413.93</ele>
      </trkpt>
      <trkpt lat="36.880919" lon="138.068152">
        <ele>1411.27</ele>
      </trkpt>
      <trkpt lat="36.880938" lon="138.068039">
        <ele>1408.59</ele>
      </trkpt>
      <trkpt lat="36.880944" lon="138.067907">
        <ele>1406.08</ele>
      </trkpt>
      <trkpt lat="36.880988" lon="138.067689">
        <ele>1401.65</ele>
      </trkpt>
      <trkpt lat="36.880967" lon="138.067492">
        <ele>1398.46</ele>
      </trkpt>
      <trkpt lat="36.880823" lon="138.067011">
        <ele>1392.33</ele>
      </trkpt>
      <trkpt lat="36.880719" lon="138.066456">
        <ele>1384.62</ele>
      </trkpt>
      <trkpt lat="36.880679" lon="138.066346">
        <ele>1382.66</ele>
      </trkpt>
      <trkpt lat="36.880638" lon="138.06626">
        <ele>1381.1</ele>
      </trkpt>
      <trkpt lat="36.880548" lon="138.066158">
        <ele>1378.91</ele>
      </trkpt>
      <trkpt lat="36.880421" lon="138.066046">
        <ele>1376.21</ele>
      </trkpt>
      <trkpt lat="36.880346" lon="138.06595">
        <ele>1374.12</ele>
      </trkpt>
      <trkpt lat="36.880235" lon="138.065715">
        <ele>1370.11</ele>
      </trkpt>
      <trkpt lat="36.880181" lon="138.065675">
        <ele>1369.4</ele>
      </trkpt>
      <trkpt lat="36.880119" lon="138.065654">
        <ele>1368.97</ele>
      </trkpt>
      <trkpt lat="36.880079" lon="138.065625">
        <ele>1368.41</ele>
      </trkpt>
      <trkpt lat="36.880006" lon="138.065548">
        <ele>1366.92</ele>
      </trkpt>
      <trkpt lat="36.879927" lon="138.065444">
        <ele>1365.13</ele>
      </trkpt>
      <trkpt lat="36.879871" lon="138.06539">
        <ele>1364.16</ele>
      </trkpt>
      <trkpt lat="36.879838" lon="138.065336">
        <ele>1363.22</ele>
      </trkpt>
      <trkpt lat="36.879817" lon="138.065257">
        <ele>1361.92</ele>
      </trkpt>
      <trkpt lat="36.87979" lon="138.06504">
        <ele>1358.39</ele>
      </trkpt>
      <trkpt lat="36.879683" lon="138.064445">
        <ele>1349.27</ele>
      </trkpt>
      <trkpt lat="36.879711" lon="138.064266">
        <ele>1347.96</ele>
      </trkpt>
      <trkpt lat="36.879796" lon="138.06396">
        <ele>1346.22</ele>
      </trkpt>
      <trkpt lat="36.879945" lon="138.063798">
        <ele>1346.71</ele>
      </trkpt>
      <trkpt lat="36.880021" lon="138.063751">
        <ele>1347.25</ele>
      </trkpt>
      <trkpt lat="36.880076" lon="138.063669">
        <ele>1347.1</ele>
      </trkpt>
      <trkpt lat="36.880219" lon="138.063456">
        <ele>1346.72</ele>
      </trkpt>
      <trkpt lat="36.88032" lon="138.06319">
        <ele>1344.99</ele>
      </trkpt>
      <trkpt lat="36.88044" lon="138.062989">
        <ele>1343.76</ele>
      </trkpt>
      <trkpt lat="36.880655" lon="138.062828">
        <ele>1344.14</ele>
      </trkpt>
      <trkpt lat="36.880721" lon="138.062664">
        <ele>1343.44</ele>
      </trkpt>
      <trkpt lat="36.880826" lon="138.062482">
        <ele>1342.89</ele>
      </trkpt>
      <trkpt lat="36.880904" lon="138.062372">
        <ele>1342.65</ele>
      </trkpt>
      <trkpt lat="36.881107" lon="138.062241">
        <ele>1343.17</ele>
      </trkpt>
      <trkpt lat="36.881206" lon="138.06216">
        <ele>1342.7</ele>
      </trkpt>
      <trkpt lat="36.881322" lon="138.062021">
        <ele>1341.24</ele>
      </trkpt>
      <trkpt lat="36.881476" lon="138.061873">
        <ele>1339.87</ele>
      </trkpt>
      <trkpt lat="36.881605" lon="138.061857">
        <ele>1339.67</ele>
      </trkpt>
      <trkpt lat="36.881661" lon="138.061779">
        <ele>1339.13</ele>
      </trkpt>
      <trkpt lat="36.881734" lon="138.06161">
        <ele>1338.07</ele>
      </trkpt>
      <trkpt lat="36.881906" lon="138.06153">
        <ele>1337.79</ele>
      </trkpt>
      <trkpt lat="36.881966" lon="138.06131">
        <ele>1337.04</ele>
      </trkpt>
      <trkpt lat="36.882142" lon="138.061058">
        <ele>1340.77</ele>
      </trkpt>
      <trkpt lat="36.882282" lon="138.060906">
        <ele>1343.63</ele>
      </trkpt>
      <trkpt lat="36.882468" lon="138.06076">
        <ele>1347.11</ele>
      </trkpt>
      <trkpt lat="36.882531" lon="138.060669">
        <ele>1348.25</ele>
      </trkpt>
      <trkpt lat="36.882682" lon="138.060557">
        <ele>1350.82</ele>
      </trkpt>
      <trkpt lat="36.882814" lon="138.060549">
        <ele>1353.05</ele>
      </trkpt>
      <trkpt lat="36.882907" lon="138.060481">
        <ele>1354.24</ele>
      </trkpt>
      <trkpt lat="36.88309" lon="138.06026">
        <ele>1355.97</ele>
      </trkpt>
      <trkpt lat="36.88336" lon="138.060111">
        <ele>1359.11</ele>
      </trkpt>
      <trkpt lat="36.883517" lon="138.060069">
        <ele>1361.09</ele>
      </trkpt>
      <trkpt lat="36.883638" lon="138.060059">
        <ele>1362.7</ele>
      </trkpt>
      <trkpt lat="36.883653" lon="138.060001">
        <ele>1362.63</ele>
      </trkpt>
      <trkpt lat="36.88365" lon="138.059916">
        <ele>1362.18</ele>
      </trkpt>
      <trkpt lat="36.883919" lon="138.059608">
        <ele>1364.07</ele>
      </trkpt>
      <trkpt lat="36.88404" lon="138.059495">
        <ele>1364.69</ele>
      </trkpt>
      <trkpt lat="36.884349" lon="138.059274">
        <ele>1366.22</ele>
      </trkpt>
      <trkpt lat="36.884452" lon="138.059105">
        <ele>1365.54</ele>
      </trkpt>
      <trkpt lat="36.884564" lon="138.05899">
        <ele>1364.98</ele>
      </trkpt>
      <trkpt lat="36.884648" lon="138.058829">
        <ele>1363.76</ele>
      </trkpt>
      <trkpt lat="36.884759" lon="138.058736">
        <ele>1364.08</ele>
      </trkpt>
      <trkpt lat="36.884824" lon="138.0585">
        <ele>1363.92</ele>
      </trkpt>
      <trkpt lat="36.885118" lon="138.058337">
        <ele>1365.63</ele>
      </trkpt>
      <trkpt lat="36.885353" lon="138.058122">
        <ele>1366.81</ele>
      </trkpt>
      <trkpt lat="36.885554" lon="138.058023">
        <ele>1365.34</ele>
      </trkpt>
      <trkpt lat="36.885679" lon="138.057925">
        <ele>1362.43</ele>
      </trkpt>
      <trkpt lat="36.885796" lon="138.057752">
        <ele>1357</ele>
      </trkpt>
      <trkpt lat="36.885943" lon="138.057697">
        <ele>1353.63</ele>
      </trkpt>
      <trkpt lat="36.886" lon="138.057619">
        <ele>1350.57</ele>
      </trkpt>
      <trkpt lat="36.885921" lon="138.057501">
        <ele>1348.49</ele>
      </trkpt>
      <trkpt lat="36.885607" lon="138.057269">
        <ele>1348.96</ele>
      </trkpt>
      <trkpt lat="36.88548" lon="138.057205">
        <ele>1350.57</ele>
      </trkpt>
      <trkpt lat="36.885374" lon="138.057037">
        <ele>1347.11</ele>
      </trkpt>
      <trkpt lat="36.885356" lon="138.056957">
        <ele>1344.19</ele>
      </trkpt>
      <trkpt lat="36.885171" lon="138.056749">
        <ele>1338.67</ele>
      </trkpt>
      <trkpt lat="36.885059" lon="138.056675">
        <ele>1338.1</ele>
      </trkpt>
      <trkpt lat="36.884816" lon="138.056443">
        <ele>1336.27</ele>
      </trkpt>
      <trkpt lat="36.884703" lon="138.056192">
        <ele>1332.34</ele>
      </trkpt>
      <trkpt lat="36.884659" lon="138.056129">
        <ele>1331.66</ele>
      </trkpt>
      <trkpt lat="36.884643" lon="138.056037">
        <ele>1329.34</ele>
      </trkpt>
      <trkpt lat="36.884542" lon="138.055925">
        <ele>1328.19</ele>
      </trkpt>
      <trkpt lat="36.884468" lon="138.055805">
        <ele>1325.64</ele>
      </trkpt>
      <trkpt lat="36.884385" lon="138.05563">
        <ele>1320.56</ele>
      </trkpt>
      <trkpt lat="36.884242" lon="138.055605">
        <ele>1320.71</ele>
      </trkpt>
      <trkpt lat="36.884076" lon="138.055598">
        <ele>1321.64</ele>
      </trkpt>
      <trkpt lat="36.883908" lon="138.055633">
        <ele>1323.82</ele>
      </trkpt>
      <trkpt lat="36.883804" lon="138.055563">
        <ele>1322.46</ele>
      </trkpt>
      <trkpt lat="36.883663" lon="138.055563">
        <ele>1323.44</ele>
      </trkpt>
      <trkpt lat="36.883595" lon="138.055379">
        <ele>1316.67</ele>
      </trkpt>
      <trkpt lat="36.883536" lon="138.05533">
        <ele>1314.49</ele>
      </trkpt>
      <trkpt lat="36.883442" lon="138.055198">
        <ele>1308.95</ele>
      </trkpt>
      <trkpt lat="36.883467" lon="138.0551">
        <ele>1305.16</ele>
      </trkpt>
      <trkpt lat="36.883574" lon="138.055035">
        <ele>1302.95</ele>
      </trkpt>
      <trkpt lat="36.883666" lon="138.055016">
        <ele>1302.43</ele>
      </trkpt>
      <trkpt lat="36.88389" lon="138.054898">
        <ele>1297.54</ele>
      </trkpt>
      <trkpt lat="36.883798" lon="138.05476">
        <ele>1292.38</ele>
      </trkpt>
      <trkpt lat="36.88394" lon="138.054571">
        <ele>1289.33</ele>
      </trkpt>
      <trkpt lat="36.883992" lon="138.054536">
        <ele>1289.51</ele>
      </trkpt>
      <trkpt lat="36.884034" lon="138.054467">
        <ele>1289.74</ele>
      </trkpt>
      <trkpt lat="36.884025" lon="138.054443">
        <ele>1289.73</ele>
      </trkpt>
      <trkpt lat="36.883951" lon="138.054415">
        <ele>1289.37</ele>
      </trkpt>
      <trkpt lat="36.883792" lon="138.054407">
        <ele>1288.5</ele>
      </trkpt>
      <trkpt lat="36.883714" lon="138.05437">
        <ele>1287.93</ele>
      </trkpt>
      <trkpt lat="36.883615" lon="138.054372">
        <ele>1287.39</ele>
      </trkpt>
      <trkpt lat="36.883445" lon="138.054307">
        <ele>1286.18</ele>
      </trkpt>
      <trkpt lat="36.883348" lon="138.05424">
        <ele>1285.27</ele>
      </trkpt>
      <trkpt lat="36.882956" lon="138.05424">
        <ele>1283.11</ele>
      </trkpt>
      <trkpt lat="36.882576" lon="138.054087">
        <ele>1278.23</ele>
      </trkpt>
      <trkpt lat="36.882482" lon="138.05392">
        <ele>1275.96</ele>
      </trkpt>
      <trkpt lat="36.882283" lon="138.053704">
        <ele>1274.53</ele>
      </trkpt>
      <trkpt lat="36.882205" lon="138.053692">
        <ele>1273.63</ele>
      </trkpt>
      <trkpt lat="36.88212" lon="138.053698">
        <ele>1272.5</ele>
      </trkpt>
      <trkpt lat="36.881907" lon="138.053837">
        <ele>1270.39</ele>
      </trkpt>
      <trkpt lat="36.88177" lon="138.054077">
        <ele>1271.14</ele>
      </trkpt>
      <trkpt lat="36.881637" lon="138.054245">
        <ele>1270.79</ele>
      </trkpt>
      <trkpt lat="36.881532" lon="138.054498">
        <ele>1269.37</ele>
      </trkpt>
      <trkpt lat="36.88125" lon="138.054835">
        <ele>1266.4</ele>
      </trkpt>
      <trkpt lat="36.881082" lon="138.054913">
        <ele>1264.86</ele>
      </trkpt>
      <trkpt lat="36.880958" lon="138.055031">
        <ele>1264.61</ele>
      </trkpt>
      <trkpt lat="36.880762" lon="138.055055">
        <ele>1263.47</ele>
      </trkpt>
      <trkpt lat="36.880728" lon="138.054924">
        <ele>1264.56</ele>
      </trkpt>
      <trkpt lat="36.88048" lon="138.054372">
        <ele>1269.47</ele>
      </trkpt>
      <trkpt lat="36.880425" lon="138.054258">
        <ele>1272.05</ele>
      </trkpt>
      <trkpt lat="36.880383" lon="138.054188">
        <ele>1273.78</ele>
      </trkpt>
      <trkpt lat="36.880362" lon="138.054154">
        <ele>1274.62</ele>
      </trkpt>
      <trkpt lat="36.880528" lon="138.053746">
        <ele>1283.12</ele>
      </trkpt>
      <trkpt lat="36.880668" lon="138.053611">
        <ele>1286.15</ele>
      </trkpt>
      <trkpt lat="36.881016" lon="138.053451">
        <ele>1287.61</ele>
      </trkpt>
      <trkpt lat="36.881229" lon="138.053324">
        <ele>1288.45</ele>
      </trkpt>
      <trkpt lat="36.881429" lon="138.053116">
        <ele>1288.82</ele>
      </trkpt>
      <trkpt lat="36.881623" lon="138.052886">
        <ele>1286.56</ele>
      </trkpt>
      <trkpt lat="36.881646" lon="138.051931">
        <ele>1297.12</ele>
      </trkpt>
      <trkpt lat="36.881675" lon="138.051717">
        <ele>1298.85</ele>
      </trkpt>
      <trkpt lat="36.881834" lon="138.051024">
        <ele>1301.87</ele>
      </trkpt>
      <trkpt lat="36.881872" lon="138.050558">
        <ele>1305.39</ele>
      </trkpt>
      <trkpt lat="36.881859" lon="138.050179">
        <ele>1310.4</ele>
      </trkpt>
      <trkpt lat="36.881913" lon="138.050079">
        <ele>1309.62</ele>
      </trkpt>
      <trkpt lat="36.882056" lon="138.049943">
        <ele>1307.52</ele>
      </trkpt>
      <trkpt lat="36.882165" lon="138.04976">
        <ele>1307.78</ele>
      </trkpt>
      <trkpt lat="36.882218" lon="138.049591">
        <ele>1309.94</ele>
      </trkpt>
      <trkpt lat="36.882322" lon="138.049359">
        <ele>1313.19</ele>
      </trkpt>
      <trkpt lat="36.882415" lon="138.04898">
        <ele>1319.79</ele>
      </trkpt>
      <trkpt lat="36.882579" lon="138.048693">
        <ele>1321.28</ele>
      </trkpt>
      <trkpt lat="36.882695" lon="138.048449">
        <ele>1322.28</ele>
      </trkpt>
      <trkpt lat="36.882752" lon="138.048239">
        <ele>1324.15</ele>
      </trkpt>
      <trkpt lat="36.882801" lon="138.047856">
        <ele>1328.48</ele>
      </trkpt>
      <trkpt lat="36.882844" lon="138.04772">
        <ele>1328.38</ele>
      </trkpt>
      <trkpt lat="36.883006" lon="138.047565">
        <ele>1322.71</ele>
      </trkpt>
      <trkpt lat="36.883076" lon="138.047345">
        <ele>1322.06</ele>
      </trkpt>
      <trkpt lat="36.883088" lon="138.047044">
        <ele>1323.37</ele>
      </trkpt>
      <trkpt lat="36.883069" lon="138.046918">
        <ele>1324.07</ele>
      </trkpt>
      <trkpt lat="36.883016" lon="138.046755">
        <ele>1326.28</ele>
      </trkpt>
      <trkpt lat="36.882936" lon="138.046617">
        <ele>1329.55</ele>
      </trkpt>
      <trkpt lat="36.882814" lon="138.046508">
        <ele>1334.59</ele>
      </trkpt>
      <trkpt lat="36.88275" lon="138.046324">
        <ele>1338.1</ele>
      </trkpt>
      <trkpt lat="36.882749" lon="138.046176">
        <ele>1337.06</ele>
      </trkpt>
      <trkpt lat="36.882934" lon="138.046161">
        <ele>1328.52</ele>
      </trkpt>
      <trkpt lat="36.883102" lon="138.046095">
        <ele>1323</ele>
      </trkpt>
      <trkpt lat="36.883234" lon="138.045926">
        <ele>1320.41</ele>
      </trkpt>
      <trkpt lat="36.883349" lon="138.045725">
        <ele>1320.38</ele>
      </trkpt>
      <trkpt lat="36.883504" lon="138.045301">
        <ele>1329.22</ele>
      </trkpt>
      <trkpt lat="36.883518" lon="138.045251">
        <ele>1330.83</ele>
      </trkpt>
      <trkpt lat="36.883533" lon="138.045013">
        <ele>1338.94</ele>
      </trkpt>
      <trkpt lat="36.883575" lon="138.044973">
        <ele>1340.29</ele>
      </trkpt>
      <trkpt lat="36.883625" lon="138.044974">
        <ele>1340.22</ele>
      </trkpt>
      <trkpt lat="36.883686" lon="138.045013">
        <ele>1339.48</ele>
      </trkpt>
      <trkpt lat="36.883714" lon="138.044983">
        <ele>1341.03</ele>
      </trkpt>
      <trkpt lat="36.883689" lon="138.044828">
        <ele>1346.18</ele>
      </trkpt>
      <trkpt lat="36.883717" lon="138.044699">
        <ele>1351.28</ele>
      </trkpt>
      <trkpt lat="36.883778" lon="138.044576">
        <ele>1355.52</ele>
      </trkpt>
      <trkpt lat="36.883878" lon="138.044415">
        <ele>1360.73</ele>
      </trkpt>
      <trkpt lat="36.883927" lon="138.04438">
        <ele>1362.16</ele>
      </trkpt>
      <trkpt lat="36.883973" lon="138.044369">
        <ele>1363.01</ele>
      </trkpt>
      <trkpt lat="36.884151" lon="138.044063">
        <ele>1371.31</ele>
      </trkpt>
      <trkpt lat="36.884308" lon="138.043883">
        <ele>1376.01</ele>
      </trkpt>
      <trkpt lat="36.884371" lon="138.043886">
        <ele>1376.44</ele>
      </trkpt>
      <trkpt lat="36.884574" lon="138.043995">
        <ele>1378.41</ele>
      </trkpt>
      <trkpt lat="36.884659" lon="138.044027">
        <ele>1380.45</ele>
      </trkpt>
      <trkpt lat="36.884755" lon="138.044034">
        <ele>1383.2</ele>
      </trkpt>
      <trkpt lat="36.884863" lon="138.044014">
        <ele>1386.75</ele>
      </trkpt>
      <trkpt lat="36.884882" lon="138.044">
        <ele>1387.44</ele>
      </trkpt>
      <trkpt lat="36.885345" lon="138.043643">
        <ele>1404.13</ele>
      </trkpt>
      <trkpt lat="36.885517" lon="138.043496">
        <ele>1405.2</ele>
      </trkpt>
      <trkpt lat="36.885661" lon="138.04322">
        <ele>1408.47</ele>
      </trkpt>
      <trkpt lat="36.885806" lon="138.043073">
        <ele>1411.22</ele>
      </trkpt>
      <trkpt lat="36.886019" lon="138.043013">
        <ele>1413.82</ele>
      </trkpt>
      <trkpt lat="36.886175" lon="138.042886">
        <ele>1416.78</ele>
      </trkpt>
      <trkpt lat="36.886344" lon="138.042635">
        <ele>1422.22</ele>
      </trkpt>
      <trkpt lat="36.886488" lon="138.042497">
        <ele>1426.29</ele>
      </trkpt>
      <trkpt lat="36.886578" lon="138.042484">
        <ele>1427.87</ele>
      </trkpt>
      <trkpt lat="36.886654" lon="138.042514">
        <ele>1428.54</ele>
      </trkpt>
      <trkpt lat="36.886723" lon="138.042567">
        <ele>1428.67</ele>
      </trkpt>
      <trkpt lat="36.886867" lon="138.042649">
        <ele>1429.29</ele>
      </trkpt>
      <trkpt lat="36.887152" lon="138.042705">
        <ele>1434.6</ele>
      </trkpt>
      <trkpt lat="36.887535" lon="138.042683">
        <ele>1445.75</ele>
      </trkpt>
      <trkpt lat="36.887682" lon="138.04278">
        <ele>1447.92</ele>
      </trkpt>
      <trkpt lat="36.887921" lon="138.04292">
        <ele>1450.78</ele>
      </trkpt>
      <trkpt lat="36.888084" lon="138.042968">
        <ele>1452.56</ele>
      </trkpt>
      <trkpt lat="36.888351" lon="138.043107">
        <ele>1450.23</ele>
      </trkpt>
      <trkpt lat="36.888476" lon="138.043153">
        <ele>1449.69</ele>
      </trkpt>
      <trkpt lat="36.888592" lon="138.043166">
        <ele>1450.91</ele>
      </trkpt>
      <trkpt lat="36.888735" lon="138.043145">
        <ele>1454.23</ele>
      </trkpt>
      <trkpt lat="36.888956" lon="138.043056">
        <ele>1463.04</ele>
      </trkpt>
      <trkpt lat="36.889167" lon="138.043059">
        <ele>1466.14</ele>
      </trkpt>
      <trkpt lat="36.889251" lon="138.043049">
        <ele>1468.13</ele>
      </trkpt>
      <trkpt lat="36.88948" lon="138.042956">
        <ele>1477.88</ele>
      </trkpt>
      <trkpt lat="36.88958" lon="138.042957">
        <ele>1476.48</ele>
      </trkpt>
      <trkpt lat="36.889737" lon="138.042997">
        <ele>1472.2</ele>
      </trkpt>
      <trkpt lat="36.889913" lon="138.043058">
        <ele>1466.15</ele>
      </trkpt>
      <trkpt lat="36.890055" lon="138.04315">
        <ele>1459.31</ele>
      </trkpt>
      <trkpt lat="36.890269" lon="138.043313">
        <ele>1449.45</ele>
      </trkpt>
      <trkpt lat="36.890461" lon="138.043434">
        <ele>1445.63</ele>
      </trkpt>
      <trkpt lat="36.890582" lon="138.043461">
        <ele>1446.06</ele>
      </trkpt>
      <trkpt lat="36.890693" lon="138.043528">
        <ele>1444.44</ele>
      </trkpt>
      <trkpt lat="36.890826" lon="138.043634">
        <ele>1441.26</ele>
      </trkpt>
      <trkpt lat="36.890958" lon="138.043704">
        <ele>1439.82</ele>
      </trkpt>
      <trkpt lat="36.89104" lon="138.043706">
        <ele>1440.88</ele>
      </trkpt>
      <trkpt lat="36.891145" lon="138.043729">
        <ele>1441.3</ele>
      </trkpt>
      <trkpt lat="36.891248" lon="138.043702">
        <ele>1442.16</ele>
      </trkpt>
      <trkpt lat="36.891341" lon="138.043631">
        <ele>1445.01</ele>
      </trkpt>
      <trkpt lat="36.891471" lon="138.043566">
        <ele>1447.27</ele>
      </trkpt>
      <trkpt lat="36.891506" lon="138.043595">
        <ele>1445.74</ele>
      </trkpt>
      <trkpt lat="36.891641" lon="138.043787">
        <ele>1436.58</ele>
      </trkpt>
      <trkpt lat="36.891721" lon="138.043867">
        <ele>1432.61</ele>
      </trkpt>
      <trkpt lat="36.891786" lon="138.0439">
        <ele>1430.76</ele>
      </trkpt>
      <trkpt lat="36.89187" lon="138.043897">
        <ele>1430.58</ele>
      </trkpt>
      <trkpt lat="36.891946" lon="138.043853">
        <ele>1432.53</ele>
      </trkpt>
      <trkpt lat="36.892042" lon="138.043759">
        <ele>1433.45</ele>
      </trkpt>
      <trkpt lat="36.892136" lon="138.043641">
        <ele>1433.92</ele>
      </trkpt>
      <trkpt lat="36.892221" lon="138.043582">
        <ele>1432.51</ele>
      </trkpt>
      <trkpt lat="36.892442" lon="138.043548">
        <ele>1423.85</ele>
      </trkpt>
      <trkpt lat="36.892652" lon="138.043492">
        <ele>1416.95</ele>
      </trkpt>
      <trkpt lat="36.892822" lon="138.043423">
        <ele>1413.07</ele>
      </trkpt>
      <trkpt lat="36.892913" lon="138.043401">
        <ele>1414.21</ele>
      </trkpt>
      <trkpt lat="36.892968" lon="138.043361">
        <ele>1416.04</ele>
      </trkpt>
      <trkpt lat="36.893124" lon="138.043149">
        <ele>1424.31</ele>
      </trkpt>
      <trkpt lat="36.893406" lon="138.043044">
        <ele>1425.1</ele>
      </trkpt>
      <trkpt lat="36.893465" lon="138.043061">
        <ele>1423.91</ele>
      </trkpt>
      <trkpt lat="36.893576" lon="138.043128">
        <ele>1421.04</ele>
      </trkpt>
      <trkpt lat="36.893648" lon="138.043222">
        <ele>1418.36</ele>
      </trkpt>
      <trkpt lat="36.894078" lon="138.043524">
        <ele>1428.84</ele>
      </trkpt>
      <trkpt lat="36.89415" lon="138.043547">
        <ele>1431.42</ele>
      </trkpt>
      <trkpt lat="36.894248" lon="138.043524">
        <ele>1435.61</ele>
      </trkpt>
      <trkpt lat="36.89435" lon="138.043473">
        <ele>1440.08</ele>
      </trkpt>
      <trkpt lat="36.894438" lon="138.043395">
        <ele>1444.02</ele>
      </trkpt>
      <trkpt lat="36.894513" lon="138.043292">
        <ele>1446.07</ele>
      </trkpt>
      <trkpt lat="36.894554" lon="138.043183">
        <ele>1446.7</ele>
      </trkpt>
      <trkpt lat="36.894571" lon="138.043071">
        <ele>1447.65</ele>
      </trkpt>
      <trkpt lat="36.894636" lon="138.042976">
        <ele>1448.66</ele>
      </trkpt>
      <trkpt lat="36.89489" lon="138.042916">
        <ele>1450.86</ele>
      </trkpt>
      <trkpt lat="36.895178" lon="138.042813">
        <ele>1456.17</ele>
      </trkpt>
      <trkpt lat="36.895683" lon="138.042589">
        <ele>1457.32</ele>
      </trkpt>
      <trkpt lat="36.895926" lon="138.042461">
        <ele>1458.33</ele>
      </trkpt>
      <trkpt lat="36.896203" lon="138.042336">
        <ele>1459.22</ele>
      </trkpt>
      <trkpt lat="36.896467" lon="138.04208">
        <ele>1459.22</ele>
      </trkpt>
      <trkpt lat="36.89655" lon="138.041918">
        <ele>1459.23</ele>
      </trkpt>
      <trkpt lat="36.896702" lon="138.041766">
        <ele>1455.46</ele>
      </trkpt>
      <trkpt lat="36.896829" lon="138.041708">
        <ele>1450.5</ele>
      </trkpt>
      <trkpt lat="36.897048" lon="138.041629">
        <ele>1444.51</ele>
      </trkpt>
      <trkpt lat="36.897345" lon="138.041632">
        <ele>1444.69</ele>
      </trkpt>
      <trkpt lat="36.897513" lon="138.041558">
        <ele>1446.29</ele>
      </trkpt>
      <trkpt lat="36.897752" lon="138.041502">
        <ele>1447.65</ele>
      </trkpt>
      <trkpt lat="36.897895" lon="138.0415">
        <ele>1449.49</ele>
      </trkpt>
      <trkpt lat="36.898248" lon="138.041452">
        <ele>1458.52</ele>
      </trkpt>
      <trkpt lat="36.898865" lon="138.041425">
        <ele>1469.08</ele>
      </trkpt>
      <trkpt lat="36.89905" lon="138.04145">
        <ele>1468.92</ele>
      </trkpt>
      <trkpt lat="36.899245" lon="138.041445">
        <ele>1469.65</ele>
      </trkpt>
      <trkpt lat="36.899361" lon="138.041402">
        <ele>1471.09</ele>
      </trkpt>
      <trkpt lat="36.89941" lon="138.041424">
        <ele>1470.68</ele>
      </trkpt>
      <trkpt lat="36.899476" lon="138.041429">
        <ele>1470.74</ele>
      </trkpt>
      <trkpt lat="36.899647" lon="138.041547">
        <ele>1469.11</ele>
      </trkpt>
      <trkpt lat="36.899686" lon="138.041547">
        <ele>1469.43</ele>
      </trkpt>
      <trkpt lat="36.899817" lon="138.041633">
        <ele>1468.28</ele>
      </trkpt>
      <trkpt lat="36.899978" lon="138.041712">
        <ele>1467.51</ele>
      </trkpt>
      <trkpt lat="36.900033" lon="138.041789">
        <ele>1465.97</ele>
      </trkpt>
      <trkpt lat="36.900098" lon="138.041798">
        <ele>1466.22</ele>
      </trkpt>
      <trkpt lat="36.900144" lon="138.041779">
        <ele>1467.07</ele>
      </trkpt>
      <trkpt lat="36.900218" lon="138.041781">
        <ele>1467.61</ele>
      </trkpt>
      <trkpt lat="36.90032" lon="138.041726">
        <ele>1469.85</ele>
      </trkpt>
      <trkpt lat="36.9004" lon="138.041727">
        <ele>1470.4</ele>
      </trkpt>
      <trkpt lat="36.900531" lon="138.041759">
        <ele>1470.49</ele>
      </trkpt>
      <trkpt lat="36.900601" lon="138.041789">
        <ele>1470.21</ele>
      </trkpt>
      <trkpt lat="36.900658" lon="138.04183">
        <ele>1469.52</ele>
      </trkpt>
      <trkpt lat="36.900801" lon="138.041824">
        <ele>1470.73</ele>
      </trkpt>
      <trkpt lat="36.900831" lon="138.04175">
        <ele>1472.9</ele>
      </trkpt>
      <trkpt lat="36.900869" lon="138.041711">
        <ele>1474.2</ele>
      </trkpt>
      <trkpt lat="36.900967" lon="138.04145">
        <ele>1481.78</ele>
      </trkpt>
      <trkpt lat="36.901047" lon="138.04141">
        <ele>1483.4</ele>
      </trkpt>
      <trkpt lat="36.901122" lon="138.041357">
        <ele>1485.36</ele>
      </trkpt>
      <trkpt lat="36.901238" lon="138.041148">
        <ele>1492.86</ele>
      </trkpt>
      <trkpt lat="36.901402" lon="138.040961">
        <ele>1498.44</ele>
      </trkpt>
      <trkpt lat="36.901561" lon="138.040855">
        <ele>1500.59</ele>
      </trkpt>
      <trkpt lat="36.901825" lon="138.040782">
        <ele>1500.13</ele>
      </trkpt>
      <trkpt lat="36.90196" lon="138.040713">
        <ele>1500.58</ele>
      </trkpt>
      <trkpt lat="36.902113" lon="138.040599">
        <ele>1501.41</ele>
      </trkpt>
      <trkpt lat="36.902325" lon="138.040516">
        <ele>1499.68</ele>
      </trkpt>
      <trkpt lat="36.902446" lon="138.040495">
        <ele>1498.23</ele>
      </trkpt>
      <trkpt lat="36.902652" lon="138.040494">
        <ele>1494.5</ele>
      </trkpt>
      <trkpt lat="36.902721" lon="138.040482">
        <ele>1493.77</ele>
      </trkpt>
      <trkpt lat="36.903061" lon="138.040324">
        <ele>1499.44</ele>
      </trkpt>
      <trkpt lat="36.903147" lon="138.040316">
        <ele>1500.08</ele>
      </trkpt>
      <trkpt lat="36.903424" lon="138.040317">
        <ele>1501.11</ele>
      </trkpt>
      <trkpt lat="36.903527" lon="138.040345">
        <ele>1500.72</ele>
      </trkpt>
      <trkpt lat="36.903723" lon="138.040436">
        <ele>1500.23</ele>
      </trkpt>
      <trkpt lat="36.903844" lon="138.040516">
        <ele>1500.7</ele>
      </trkpt>
      <trkpt lat="36.904336" lon="138.040936">
        <ele>1510.9</ele>
      </trkpt>
      <trkpt lat="36.904506" lon="138.041136">
        <ele>1514.94</ele>
      </trkpt>
      <trkpt lat="36.90469" lon="138.041386">
        <ele>1519.92</ele>
      </trkpt>
      <trkpt lat="36.904777" lon="138.041408">
        <ele>1521.96</ele>
      </trkpt>
      <trkpt lat="36.904925" lon="138.041397">
        <ele>1524.94</ele>
      </trkpt>
      <trkpt lat="36.905469" lon="138.041465">
        <ele>1536.16</ele>
      </trkpt>
      <trkpt lat="36.905601" lon="138.041521">
        <ele>1538.91</ele>
      </trkpt>
      <trkpt lat="36.905715" lon="138.041641">
        <ele>1541.73</ele>
      </trkpt>
      <trkpt lat="36.905725" lon="138.041664">
        <ele>1542.06</ele>
      </trkpt>
      <trkpt lat="36.905852" lon="138.041645">
        <ele>1544.53</ele>
      </trkpt>
      <trkpt lat="36.90596" lon="138.041667">
        <ele>1546.86</ele>
      </trkpt>
      <trkpt lat="36.906065" lon="138.041661">
        <ele>1548.94</ele>
      </trkpt>
      <trkpt lat="36.906203" lon="138.041596">
        <ele>1551.69</ele>
      </trkpt>
      <trkpt lat="36.906287" lon="138.04154">
        <ele>1553.68</ele>
      </trkpt>
      <trkpt lat="36.90635" lon="138.041523">
        <ele>1555.38</ele>
      </trkpt>
      <trkpt lat="36.906456" lon="138.041473">
        <ele>1558.02</ele>
      </trkpt>
      <trkpt lat="36.906617" lon="138.041521">
        <ele>1563.18</ele>
      </trkpt>
      <trkpt lat="36.906773" lon="138.041527">
        <ele>1567.83</ele>
      </trkpt>
      <trkpt lat="36.906881" lon="138.041474">
        <ele>1570.41</ele>
      </trkpt>
      <trkpt lat="36.906927" lon="138.041397">
        <ele>1570.94</ele>
      </trkpt>
      <trkpt lat="36.907033" lon="138.041338">
        <ele>1573.16</ele>
      </trkpt>
      <trkpt lat="36.907137" lon="138.041335">
        <ele>1575.66</ele>
      </trkpt>
      <trkpt lat="36.907184" lon="138.041314">
        <ele>1576.78</ele>
      </trkpt>
      <trkpt lat="36.907469" lon="138.041266">
        <ele>1583.7</ele>
      </trkpt>
      <trkpt lat="36.907681" lon="138.041117">
        <ele>1589.11</ele>
      </trkpt>
      <trkpt lat="36.907756" lon="138.041048">
        <ele>1591.13</ele>
      </trkpt>
      <trkpt lat="36.907837" lon="138.041044">
        <ele>1593.17</ele>
      </trkpt>
      <trkpt lat="36.907946" lon="138.041063">
        <ele>1595.67</ele>
      </trkpt>
      <trkpt lat="36.907987" lon="138.041112">
        <ele>1596.51</ele>
      </trkpt>
      <trkpt lat="36.908013" lon="138.041195">
        <ele>1596.88</ele>
      </trkpt>
      <trkpt lat="36.908053" lon="138.041236">
        <ele>1597.68</ele>
      </trkpt>
      <trkpt lat="36.908201" lon="138.04132">
        <ele>1600.79</ele>
      </trkpt>
      <trkpt lat="36.90836" lon="138.041561">
        <ele>1607.27</ele>
      </trkpt>
      <trkpt lat="36.90853" lon="138.04166">
        <ele>1612.67</ele>
      </trkpt>
      <trkpt lat="36.908683" lon="138.041646">
        <ele>1616.52</ele>
      </trkpt>
      <trkpt lat="36.908794" lon="138.041583">
        <ele>1619.62</ele>
      </trkpt>
      <trkpt lat="36.908844" lon="138.041574">
        <ele>1621.31</ele>
      </trkpt>
      <trkpt lat="36.908883" lon="138.041376">
        <ele>1620.31</ele>
      </trkpt>
      <trkpt lat="36.908913" lon="138.04127">
        <ele>1621.51</ele>
      </trkpt>
      <trkpt lat="36.908988" lon="138.041203">
        <ele>1624.91</ele>
      </trkpt>
      <trkpt lat="36.909076" lon="138.041153">
        <ele>1628.76</ele>
      </trkpt>
      <trkpt lat="36.909104" lon="138.041078">
        <ele>1630.48</ele>
      </trkpt>
      <trkpt lat="36.909185" lon="138.040985">
        <ele>1634.56</ele>
      </trkpt>
      <trkpt lat="36.90921" lon="138.040925">
        <ele>1636.1</ele>
      </trkpt>
      <trkpt lat="36.909246" lon="138.04091">
        <ele>1637.74</ele>
      </trkpt>
      <trkpt lat="36.90932" lon="138.040812">
        <ele>1641.75</ele>
      </trkpt>
      <trkpt lat="36.909346" lon="138.040725">
        <ele>1643.69</ele>
      </trkpt>
      <trkpt lat="36.909407" lon="138.040595">
        <ele>1647.64</ele>
      </trkpt>
      <trkpt lat="36.909474" lon="138.040391">
        <ele>1653.32</ele>
      </trkpt>
      <trkpt lat="36.909529" lon="138.040119">
        <ele>1660.4</ele>
      </trkpt>
      <trkpt lat="36.909588" lon="138.039918">
        <ele>1666.54</ele>
      </trkpt>
      <trkpt lat="36.909574" lon="138.0398">
        <ele>1667.6</ele>
      </trkpt>
      <trkpt lat="36.909519" lon="138.039643">
        <ele>1667.26</ele>
      </trkpt>
      <trkpt lat="36.909459" lon="138.039403">
        <ele>1669.28</ele>
      </trkpt>
      <trkpt lat="36.909468" lon="138.039233">
        <ele>1672.86</ele>
      </trkpt>
      <trkpt lat="36.909499" lon="138.039172">
        <ele>1675.19</ele>
      </trkpt>
      <trkpt lat="36.909607" lon="138.039207">
        <ele>1678.85</ele>
      </trkpt>
      <trkpt lat="36.909653" lon="138.039199">
        <ele>1680.84</ele>
      </trkpt>
      <trkpt lat="36.909774" lon="138.039247">
        <ele>1685.08</ele>
      </trkpt>
      <trkpt lat="36.909835" lon="138.039305">
        <ele>1686.93</ele>
      </trkpt>
      <trkpt lat="36.909918" lon="138.039308">
        <ele>1690.41</ele>
      </trkpt>
      <trkpt lat="36.909996" lon="138.039262">
        <ele>1694.1</ele>
      </trkpt>
      <trkpt lat="36.910029" lon="138.039204">
        <ele>1695.92</ele>
      </trkpt>
      <trkpt lat="36.909985" lon="138.038936">
        <ele>1696.4</ele>
      </trkpt>
      <trkpt lat="36.910086" lon="138.038888">
        <ele>1700.17</ele>
      </trkpt>
      <trkpt lat="36.910138" lon="138.038836">
        <ele>1702.26</ele>
      </trkpt>
      <trkpt lat="36.910202" lon="138.03883">
        <ele>1704.41</ele>
      </trkpt>
      <trkpt lat="36.91027" lon="138.038742">
        <ele>1708.35</ele>
      </trkpt>
      <trkpt lat="36.910399" lon="138.038659">
        <ele>1716.19</ele>
      </trkpt>
      <trkpt lat="36.910453" lon="138.0386">
        <ele>1720.22</ele>
      </trkpt>
      <trkpt lat="36.910506" lon="138.038557">
        <ele>1723.85</ele>
      </trkpt>
      <trkpt lat="36.910577" lon="138.038384">
        <ele>1729.81</ele>
      </trkpt>
      <trkpt lat="36.91061" lon="138.038327">
        <ele>1732.09</ele>
      </trkpt>
      <trkpt lat="36.910666" lon="138.038259">
        <ele>1735.44</ele>
      </trkpt>
      <trkpt lat="36.910722" lon="138.03822">
        <ele>1738.35</ele>
      </trkpt>
      <trkpt lat="36.910765" lon="138.038158">
        <ele>1740.71</ele>
      </trkpt>
      <trkpt lat="36.910825" lon="138.03814">
        <ele>1743.43</ele>
      </trkpt>
      <trkpt lat="36.91093" lon="138.038022">
        <ele>1748.18</ele>
      </trkpt>
      <trkpt lat="36.910981" lon="138.037811">
        <ele>1754.28</ele>
      </trkpt>
      <trkpt lat="36.910911" lon="138.037522">
        <ele>1757.51</ele>
      </trkpt>
      <trkpt lat="36.91097" lon="138.037468">
        <ele>1760.9</ele>
      </trkpt>
      <trkpt lat="36.911076" lon="138.037474">
        <ele>1764.91</ele>
      </trkpt>
      <trkpt lat="36.911366" lon="138.037566">
        <ele>1776.41</ele>
      </trkpt>
      <trkpt lat="36.911424" lon="138.037559">
        <ele>1779.32</ele>
      </trkpt>
      <trkpt lat="36.911464" lon="138.037486">
        <ele>1782.23</ele>
      </trkpt>
      <trkpt lat="36.911467" lon="138.037409">
        <ele>1783.38</ele>
      </trkpt>
      <trkpt lat="36.911509" lon="138.037292">
        <ele>1786.7</ele>
      </trkpt>
      <trkpt lat="36.911582" lon="138.037224">
        <ele>1790.48</ele>
      </trkpt>
      <trkpt lat="36.91162" lon="138.037168">
        <ele>1792.62</ele>
      </trkpt>
      <trkpt lat="36.911648" lon="138.037102">
        <ele>1794.81</ele>
      </trkpt>
      <trkpt lat="36.911695" lon="138.037048">
        <ele>1797.64</ele>
      </trkpt>
      <trkpt lat="36.911751" lon="138.037019">
        <ele>1800.44</ele>
      </trkpt>
      <trkpt lat="36.911815" lon="138.037078">
        <ele>1802.01</ele>
      </trkpt>
      <trkpt lat="36.911884" lon="138.037231">
        <ele>1802.78</ele>
      </trkpt>
      <trkpt lat="36.911953" lon="138.03722">
        <ele>1805.62</ele>
      </trkpt>
      <trkpt lat="36.912011" lon="138.037184">
        <ele>1808.49</ele>
      </trkpt>
      <trkpt lat="36.912122" lon="138.036935">
        <ele>1819.38</ele>
      </trkpt>
      <trkpt lat="36.912181" lon="138.036935">
        <ele>1822.64</ele>
      </trkpt>
      <trkpt lat="36.912248" lon="138.036953">
        <ele>1826</ele>
      </trkpt>
      <trkpt lat="36.91227" lon="138.036977">
        <ele>1826.83</ele>
      </trkpt>
      <trkpt lat="36.912284" lon="138.037088">
        <ele>1825.68</ele>
      </trkpt>
      <trkpt lat="36.912323" lon="138.037175">
        <ele>1826.46</ele>
      </trkpt>
      <trkpt lat="36.91235" lon="138.037227">
        <ele>1828.25</ele>
      </trkpt>
      <trkpt lat="36.912394" lon="138.037229">
        <ele>1830.83</ele>
      </trkpt>
      <trkpt lat="36.91243" lon="138.037196">
        <ele>1832.74</ele>
      </trkpt>
      <trkpt lat="36.912455" lon="138.037142">
        <ele>1834.53</ele>
      </trkpt>
      <trkpt lat="36.912517" lon="138.03695">
        <ele>1840.97</ele>
      </trkpt>
      <trkpt lat="36.912606" lon="138.036774">
        <ele>1848.37</ele>
      </trkpt>
      <trkpt lat="36.912735" lon="138.036662">
        <ele>1856.74</ele>
      </trkpt>
      <trkpt lat="36.912785" lon="138.036646">
        <ele>1859.56</ele>
      </trkpt>
      <trkpt lat="36.912813" lon="138.036608">
        <ele>1861.46</ele>
      </trkpt>
      <trkpt lat="36.912928" lon="138.0366">
        <ele>1868.27</ele>
      </trkpt>
      <trkpt lat="36.912993" lon="138.036533">
        <ele>1872.53</ele>
      </trkpt>
      <trkpt lat="36.912992" lon="138.036491">
        <ele>1872.8</ele>
      </trkpt>
      <trkpt lat="36.912954" lon="138.036418">
        <ele>1871.3</ele>
      </trkpt>
      <trkpt lat="36.912975" lon="138.036307">
        <ele>1873.53</ele>
      </trkpt>
      <trkpt lat="36.913066" lon="138.036307">
        <ele>1878.21</ele>
      </trkpt>
      <trkpt lat="36.913126" lon="138.036286">
        <ele>1881.61</ele>
      </trkpt>
      <trkpt lat="36.913212" lon="138.036114">
        <ele>1888.53</ele>
      </trkpt>
      <trkpt lat="36.913389" lon="138.03597">
        <ele>1899.72</ele>
      </trkpt>
      <trkpt lat="36.913375" lon="138.0361">
        <ele>1897.13</ele>
      </trkpt>
      <trkpt lat="36.913397" lon="138.036176">
        <ele>1897.19</ele>
      </trkpt>
      <trkpt lat="36.913448" lon="138.036207">
        <ele>1899.35</ele>
      </trkpt>
      <trkpt lat="36.913512" lon="138.036204">
        <ele>1902.7</ele>
      </trkpt>
      <trkpt lat="36.913604" lon="138.036059">
        <ele>1909.55</ele>
      </trkpt>
      <trkpt lat="36.913653" lon="138.03595">
        <ele>1913.67</ele>
      </trkpt>
      <trkpt lat="36.913762" lon="138.035797">
        <ele>1921.23</ele>
      </trkpt>
      <trkpt lat="36.913907" lon="138.035496">
        <ele>1931.1</ele>
      </trkpt>
      <trkpt lat="36.91406" lon="138.0353">
        <ele>1940.3</ele>
      </trkpt>
      <trkpt lat="36.914123" lon="138.035284">
        <ele>1943.3</ele>
      </trkpt>
      <trkpt lat="36.914174" lon="138.035207">
        <ele>1946.55</ele>
      </trkpt>
      <trkpt lat="36.914357" lon="138.03527">
        <ele>1953.75</ele>
      </trkpt>
      <trkpt lat="36.914484" lon="138.035275">
        <ele>1959.27</ele>
      </trkpt>
      <trkpt lat="36.914569" lon="138.035264">
        <ele>1962.84</ele>
      </trkpt>
      <trkpt lat="36.914834" lon="138.034985">
        <ele>1975.46</ele>
      </trkpt>
      <trkpt lat="36.914836" lon="138.034914">
        <ele>1976.02</ele>
      </trkpt>
      <trkpt lat="36.915023" lon="138.03469">
        <ele>1982.77</ele>
      </trkpt>
      <trkpt lat="36.915447" lon="138.033958">
        <ele>1995.74</ele>
      </trkpt>
      <trkpt lat="36.915516" lon="138.033717">
        <ele>1997.14</ele>
      </trkpt>
      <trkpt lat="36.915658" lon="138.03356">
        <ele>2001.99</ele>
      </trkpt>
      <trkpt lat="36.915691" lon="138.033412">
        <ele>2003.15</ele>
      </trkpt>
      <trkpt lat="36.915739" lon="138.033299">
        <ele>2005.13</ele>
      </trkpt>
      <trkpt lat="36.915762" lon="138.033136">
        <ele>2006.17</ele>
      </trkpt>
      <trkpt lat="36.915758" lon="138.033014">
        <ele>2006.07</ele>
      </trkpt>
      <trkpt lat="36.91574" lon="138.032822">
        <ele>2006.19</ele>
      </trkpt>
      <trkpt lat="36.915655" lon="138.032641">
        <ele>2002.97</ele>
      </trkpt>
      <trkpt lat="36.915684" lon="138.032457">
        <ele>2005.36</ele>
      </trkpt>
      <trkpt lat="36.915692" lon="138.032253">
        <ele>2006.8</ele>
      </trkpt>
      <trkpt lat="36.915565" lon="138.031891">
        <ele>1999.98</ele>
      </trkpt>
      <trkpt lat="36.915484" lon="138.031514">
        <ele>1994.61</ele>
      </trkpt>
      <trkpt lat="36.915447" lon="138.031271">
        <ele>1990.3</ele>
      </trkpt>
      <trkpt lat="36.915464" lon="138.031187">
        <ele>1989.09</ele>
      </trkpt>
      <trkpt lat="36.915523" lon="138.031071">
        <ele>1989.57</ele>
      </trkpt>
      <trkpt lat="36.915841" lon="138.030737">
        <ele>2001.26</ele>
      </trkpt>
      <trkpt lat="36.915904" lon="138.030665">
        <ele>2003.79</ele>
      </trkpt>
      <trkpt lat="36.91595" lon="138.030598">
        <ele>2005.43</ele>
      </trkpt>
      <trkpt lat="36.91596" lon="138.030542">
        <ele>2005</ele>
      </trkpt>
      <trkpt lat="36.915956" lon="138.030298">
        <ele>1999.93</ele>
      </trkpt>
      <trkpt lat="36.915985" lon="138.030118">
        <ele>1998.31</ele>
      </trkpt>
      <trkpt lat="36.916005" lon="138.030037">
        <ele>1998.07</ele>
      </trkpt>
      <trkpt lat="36.916051" lon="138.029932">
        <ele>1999.14</ele>
      </trkpt>
      <trkpt lat="36.916115" lon="138.02982">
        <ele>2001.3</ele>
      </trkpt>
      <trkpt lat="36.916168" lon="138.029751">
        <ele>2003.37</ele>
      </trkpt>
      <trkpt lat="36.916335" lon="138.02959">
        <ele>2011.07</ele>
      </trkpt>
      <trkpt lat="36.916486" lon="138.029305">
        <ele>2019.16</ele>
      </trkpt>
      <trkpt lat="36.916733" lon="138.02904">
        <ele>2033.57</ele>
      </trkpt>
      <trkpt lat="36.916856" lon="138.028849">
        <ele>2041.03</ele>
      </trkpt>
      <trkpt lat="36.916886" lon="138.028753">
        <ele>2043.66</ele>
      </trkpt>
      <trkpt lat="36.916899" lon="138.028645">
        <ele>2045.34</ele>
      </trkpt>
      <trkpt lat="36.916899" lon="138.02836">
        <ele>2047.83</ele>
      </trkpt>
      <trkpt lat="36.916911" lon="138.028261">
        <ele>2049.11</ele>
      </trkpt>
      <trkpt lat="36.916988" lon="138.028121">
        <ele>2052.48</ele>
      </trkpt>
      <trkpt lat="36.917023" lon="138.028083">
        <ele>2053.15</ele>
      </trkpt>
      <trkpt lat="36.917063" lon="138.027924">
        <ele>2052.21</ele>
      </trkpt>
      <trkpt lat="36.917224" lon="138.027907">
        <ele>2053.57</ele>
      </trkpt>
      <trkpt lat="36.917287" lon="138.027881">
        <ele>2053.62</ele>
      </trkpt>
      <trkpt lat="36.917331" lon="138.027928">
        <ele>2055.24</ele>
      </trkpt>
      <trkpt lat="36.917366" lon="138.027936">
        <ele>2055.82</ele>
      </trkpt>
      <trkpt lat="36.917447" lon="138.027902">
        <ele>2055.81</ele>
      </trkpt>
      <trkpt lat="36.917499" lon="138.027895">
        <ele>2056.18</ele>
      </trkpt>
      <trkpt lat="36.917584" lon="138.027915">
        <ele>2057.65</ele>
      </trkpt>
      <trkpt lat="36.917662" lon="138.02791">
        <ele>2058.33</ele>
      </trkpt>
      <trkpt lat="36.917785" lon="138.027849">
        <ele>2057.8</ele>
      </trkpt>
      <trkpt lat="36.917971" lon="138.027812">
        <ele>2057.77</ele>
      </trkpt>
      <trkpt lat="36.918096" lon="138.027826">
        <ele>2058.93</ele>
      </trkpt>
      <trkpt lat="36.918157" lon="138.027781">
        <ele>2057.68</ele>
      </trkpt>
      <trkpt lat="36.918257" lon="138.027758">
        <ele>2057.36</ele>
      </trkpt>
      <trkpt lat="36.918339" lon="138.0277">
        <ele>2055.65</ele>
      </trkpt>
      <trkpt lat="36.918368" lon="138.027656">
        <ele>2054.15</ele>
      </trkpt>
      <trkpt lat="36.918548" lon="138.02751">
        <ele>2049.18</ele>
      </trkpt>
      <trkpt lat="36.918628" lon="138.027372">
        <ele>2043.92</ele>
      </trkpt>
      <trkpt lat="36.918771" lon="138.027285">
        <ele>2042.12</ele>
      </trkpt>
      <trkpt lat="36.918845" lon="138.027277">
        <ele>2042.84</ele>
      </trkpt>
      <trkpt lat="36.918931" lon="138.027287">
        <ele>2044.42</ele>
      </trkpt>
      <trkpt lat="36.91897" lon="138.027334">
        <ele>2046.57</ele>
      </trkpt>
      <trkpt lat="36.919039" lon="138.027311">
        <ele>2046.72</ele>
      </trkpt>
      <trkpt lat="36.919062" lon="138.027258">
        <ele>2045.24</ele>
      </trkpt>
      <trkpt lat="36.919124" lon="138.027191">
        <ele>2043.97</ele>
      </trkpt>
      <trkpt lat="36.919142" lon="138.027132">
        <ele>2042.67</ele>
      </trkpt>
      <trkpt lat="36.919156" lon="138.026994">
        <ele>2039.55</ele>
      </trkpt>
      <trkpt lat="36.919216" lon="138.026807">
        <ele>2036.23</ele>
      </trkpt>
      <trkpt lat="36.919251" lon="138.026806">
        <ele>2036.87</ele>
      </trkpt>
      <trkpt lat="36.919302" lon="138.026952">
        <ele>2041.18</ele>
      </trkpt>
      <trkpt lat="36.919313" lon="138.027045">
        <ele>2043.45</ele>
      </trkpt>
      <trkpt lat="36.919289" lon="138.027109">
        <ele>2044.51</ele>
      </trkpt>
      <trkpt lat="36.91929" lon="138.027252">
        <ele>2048.33</ele>
      </trkpt>
      <trkpt lat="36.91932" lon="138.027298">
        <ele>2050.09</ele>
      </trkpt>
      <trkpt lat="36.919368" lon="138.027299">
        <ele>2050.78</ele>
      </trkpt>
      <trkpt lat="36.919417" lon="138.0272">
        <ele>2048.7</ele>
      </trkpt>
      <trkpt lat="36.919515" lon="138.026843">
        <ele>2042.24</ele>
      </trkpt>
      <trkpt lat="36.919616" lon="138.026878">
        <ele>2042.7</ele>
      </trkpt>
      <trkpt lat="36.919628" lon="138.026909">
        <ele>2043.32</ele>
      </trkpt>
      <trkpt lat="36.919656" lon="138.026924">
        <ele>2043.57</ele>
      </trkpt>
      <trkpt lat="36.919726" lon="138.026869">
        <ele>2042.25</ele>
      </trkpt>
      <trkpt lat="36.919777" lon="138.026897">
        <ele>2042.71</ele>
      </trkpt>
      <trkpt lat="36.919837" lon="138.026957">
        <ele>2043.88</ele>
      </trkpt>
      <trkpt lat="36.919867" lon="138.026965">
        <ele>2043.99</ele>
      </trkpt>
      <trkpt lat="36.919896" lon="138.027024">
        <ele>2045.24</ele>
      </trkpt>
      <trkpt lat="36.919939" lon="138.027047">
        <ele>2045.69</ele>
      </trkpt>
      <trkpt lat="36.919986" lon="138.027031">
        <ele>2045.24</ele>
      </trkpt>
      <trkpt lat="36.920074" lon="138.027049">
        <ele>2045.5</ele>
      </trkpt>
      <trkpt lat="36.920177" lon="138.02704">
        <ele>2045.09</ele>
      </trkpt>
      <trkpt lat="36.920212" lon="138.026991">
        <ele>2043.9</ele>
      </trkpt>
      <trkpt lat="36.920253" lon="138.026964">
        <ele>2043.17</ele>
      </trkpt>
      <trkpt lat="36.920297" lon="138.026964">
        <ele>2043.08</ele>
      </trkpt>
      <trkpt lat="36.920323" lon="138.026992">
        <ele>2043.66</ele>
      </trkpt>
      <trkpt lat="36.920315" lon="138.027035">
        <ele>2044.74</ele>
      </trkpt>
      <trkpt lat="36.920319" lon="138.027101">
        <ele>2046.31</ele>
      </trkpt>
      <trkpt lat="36.920344" lon="138.027216">
        <ele>2049.34</ele>
      </trkpt>
      <trkpt lat="36.92038" lon="138.027252">
        <ele>2050.24</ele>
      </trkpt>
      <trkpt lat="36.920386" lon="138.027315">
        <ele>2052.46</ele>
      </trkpt>
      <trkpt lat="36.920377" lon="138.02737">
        <ele>2054.55</ele>
      </trkpt>
      <trkpt lat="36.920378" lon="138.02742">
        <ele>2056.34</ele>
      </trkpt>
      <trkpt lat="36.920396" lon="138.027443">
        <ele>2056.99</ele>
      </trkpt>
      <trkpt lat="36.920491" lon="138.027429">
        <ele>2055.5</ele>
      </trkpt>
      <trkpt lat="36.920576" lon="138.027479">
        <ele>2056.47</ele>
      </trkpt>
      <trkpt lat="36.920662" lon="138.027483">
        <ele>2055.74</ele>
      </trkpt>
      <trkpt lat="36.920712" lon="138.027523">
        <ele>2056.77</ele>
      </trkpt>
      <trkpt lat="36.920798" lon="138.027562">
        <ele>2057.42</ele>
      </trkpt>
      <trkpt lat="36.920986" lon="138.027832">
        <ele>2066.32</ele>
      </trkpt>
      <trkpt lat="36.921016" lon="138.027864">
        <ele>2067.36</ele>
      </trkpt>
      <trkpt lat="36.921016" lon="138.027922">
        <ele>2069.67</ele>
      </trkpt>
      <trkpt lat="36.920938" lon="138.028038">
        <ele>2074.38</ele>
      </trkpt>
      <trkpt lat="36.920934" lon="138.028142">
        <ele>2076.95</ele>
      </trkpt>
      <trkpt lat="36.920891" lon="138.028241">
        <ele>2079.74</ele>
      </trkpt>
      <trkpt lat="36.920891" lon="138.028289">
        <ele>2080.93</ele>
      </trkpt>
      <trkpt lat="36.92087" lon="138.028308">
        <ele>2081.57</ele>
      </trkpt>
      <trkpt lat="36.920816" lon="138.028311">
        <ele>2082.07</ele>
      </trkpt>
      <trkpt lat="36.920601" lon="138.028701">
        <ele>2093.79</ele>
      </trkpt>
      <trkpt lat="36.920565" lon="138.028894">
        <ele>2099.43</ele>
      </trkpt>
      <trkpt lat="36.920454" lon="138.029121">
        <ele>2107.64</ele>
      </trkpt>
      <trkpt lat="36.920447" lon="138.029233">
        <ele>2111.25</ele>
      </trkpt>
      <trkpt lat="36.920458" lon="138.029346">
        <ele>2114.72</ele>
      </trkpt>
      <trkpt lat="36.920521" lon="138.029412">
        <ele>2116.29</ele>
      </trkpt>
      <trkpt lat="36.920538" lon="138.029481">
        <ele>2118.37</ele>
      </trkpt>
      <trkpt lat="36.920542" lon="138.029556">
        <ele>2120.73</ele>
      </trkpt>
      <trkpt lat="36.920563" lon="138.029593">
        <ele>2121.73</ele>
      </trkpt>
      <trkpt lat="36.920609" lon="138.02962">
        <ele>2122.25</ele>
      </trkpt>
      <trkpt lat="36.920624" lon="138.029646">
        <ele>2123</ele>
      </trkpt>
      <trkpt lat="36.920631" lon="138.029807">
        <ele>2127.89</ele>
      </trkpt>
      <trkpt lat="36.920654" lon="138.029834">
        <ele>2128.58</ele>
      </trkpt>
      <trkpt lat="36.920687" lon="138.029849">
        <ele>2128.88</ele>
      </trkpt>
      <trkpt lat="36.920712" lon="138.0299">
        <ele>2130.35</ele>
      </trkpt>
      <trkpt lat="36.920731" lon="138.02997">
        <ele>2132.49</ele>
      </trkpt>
      <trkpt lat="36.920726" lon="138.030058">
        <ele>2135.31</ele>
      </trkpt>
      <trkpt lat="36.920745" lon="138.030109">
        <ele>2136.89</ele>
      </trkpt>
      <trkpt lat="36.920771" lon="138.030139">
        <ele>2137.8</ele>
      </trkpt>
      <trkpt lat="36.920885" lon="138.030219">
        <ele>2140.39</ele>
      </trkpt>
      <trkpt lat="36.920894" lon="138.030245">
        <ele>2141.27</ele>
      </trkpt>
      <trkpt lat="36.920936" lon="138.030264">
        <ele>2141.93</ele>
      </trkpt>
      <trkpt lat="36.920957" lon="138.030298">
        <ele>2143.12</ele>
      </trkpt>
      <trkpt lat="36.920955" lon="138.030378">
        <ele>2145.88</ele>
      </trkpt>
      <trkpt lat="36.920989" lon="138.030415">
        <ele>2147.26</ele>
      </trkpt>
      <trkpt lat="36.921031" lon="138.030447">
        <ele>2148.49</ele>
      </trkpt>
      <trkpt lat="36.921043" lon="138.030502">
        <ele>2150.49</ele>
      </trkpt>
      <trkpt lat="36.921029" lon="138.030556">
        <ele>2153</ele>
      </trkpt>
      <trkpt lat="36.921034" lon="138.03061">
        <ele>2155.67</ele>
      </trkpt>
      <trkpt lat="36.921068" lon="138.030667">
        <ele>2158.7</ele>
      </trkpt>
      <trkpt lat="36.92108" lon="138.030719">
        <ele>2161.36</ele>
      </trkpt>
      <trkpt lat="36.921162" lon="138.030751">
        <ele>2163.71</ele>
      </trkpt>
      <trkpt lat="36.921201" lon="138.030783">
        <ele>2165.35</ele>
      </trkpt>
      <trkpt lat="36.921201" lon="138.030883">
        <ele>2170.51</ele>
      </trkpt>
      <trkpt lat="36.921216" lon="138.030939">
        <ele>2173.43</ele>
      </trkpt>
      <trkpt lat="36.921217" lon="138.031021">
        <ele>2177.65</ele>
      </trkpt>
      <trkpt lat="36.921228" lon="138.031075">
        <ele>2180.47</ele>
      </trkpt>
      <trkpt lat="36.921218" lon="138.031134">
        <ele>2183.48</ele>
      </trkpt>
      <trkpt lat="36.921244" lon="138.031295">
        <ele>2191.87</ele>
      </trkpt>
      <trkpt lat="36.921269" lon="138.031323">
        <ele>2193.35</ele>
      </trkpt>
      <trkpt lat="36.921362" lon="138.031333">
        <ele>2193.98</ele>
      </trkpt>
      <trkpt lat="36.92139" lon="138.031392">
        <ele>2196.76</ele>
      </trkpt>
      <trkpt lat="36.921391" lon="138.031439">
        <ele>2198.95</ele>
      </trkpt>
      <trkpt lat="36.921354" lon="138.031516">
        <ele>2202.43</ele>
      </trkpt>
      <trkpt lat="36.921371" lon="138.031617">
        <ele>2207.16</ele>
      </trkpt>
      <trkpt lat="36.921341" lon="138.031724">
        <ele>2211.9</ele>
      </trkpt>
      <trkpt lat="36.921318" lon="138.031973">
        <ele>2223.1</ele>
      </trkpt>
      <trkpt lat="36.921267" lon="138.032119">
        <ele>2229.14</ele>
      </trkpt>
      <trkpt lat="36.921274" lon="138.032159">
        <ele>2230.99</ele>
      </trkpt>
      <trkpt lat="36.921312" lon="138.032229">
        <ele>2234.41</ele>
      </trkpt>
      <trkpt lat="36.921314" lon="138.032258">
        <ele>2235.65</ele>
      </trkpt>
      <trkpt lat="36.9213" lon="138.032278">
        <ele>2236.25</ele>
      </trkpt>
      <trkpt lat="36.921302" lon="138.032302">
        <ele>2237.27</ele>
      </trkpt>
      <trkpt lat="36.921329" lon="138.032367">
        <ele>2240.37</ele>
      </trkpt>
      <trkpt lat="36.921354" lon="138.03251">
        <ele>2246.71</ele>
      </trkpt>
      <trkpt lat="36.921386" lon="138.03263">
        <ele>2252.31</ele>
      </trkpt>
      <trkpt lat="36.921392" lon="138.032695">
        <ele>2255.22</ele>
      </trkpt>
      <trkpt lat="36.921474" lon="138.032798">
        <ele>2261.44</ele>
      </trkpt>
      <trkpt lat="36.921464" lon="138.03296">
        <ele>2268.23</ele>
      </trkpt>
      <trkpt lat="36.921534" lon="138.033096">
        <ele>2276.55</ele>
      </trkpt>
      <trkpt lat="36.921539" lon="138.033149">
        <ele>2279.32</ele>
      </trkpt>
      <trkpt lat="36.921562" lon="138.0332">
        <ele>2282.38</ele>
      </trkpt>
      <trkpt lat="36.921552" lon="138.033423">
        <ele>2293.2</ele>
      </trkpt>
      <trkpt lat="36.921569" lon="138.033515">
        <ele>2298.05</ele>
      </trkpt>
      <trkpt lat="36.921538" lon="138.033618">
        <ele>2302.68</ele>
      </trkpt>
      <trkpt lat="36.921504" lon="138.033663">
        <ele>2304.47</ele>
      </trkpt>
      <trkpt lat="36.92146" lon="138.033678">
        <ele>2304.68</ele>
      </trkpt>
      <trkpt lat="36.921062" lon="138.03389">
        <ele>2309.29</ele>
      </trkpt>
      <trkpt lat="36.92104" lon="138.033934">
        <ele>2310.91</ele>
      </trkpt>
      <trkpt lat="36.921026" lon="138.034028">
        <ele>2315.67</ele>
      </trkpt>
      <trkpt lat="36.921002" lon="138.034101">
        <ele>2318.94</ele>
      </trkpt>
      <trkpt lat="36.920925" lon="138.034217">
        <ele>2322.88</ele>
      </trkpt>
      <trkpt lat="36.920813" lon="138.034331">
        <ele>2325.88</ele>
      </trkpt>
      <trkpt lat="36.920739" lon="138.034425">
        <ele>2329.19</ele>
      </trkpt>
      <trkpt lat="36.920709" lon="138.034489">
        <ele>2332.18</ele>
      </trkpt>
      <trkpt lat="36.920696" lon="138.034567">
        <ele>2336.52</ele>
      </trkpt>
      <trkpt lat="36.920746" lon="138.034706">
        <ele>2344.52</ele>
      </trkpt>
      <trkpt lat="36.920769" lon="138.034834">
        <ele>2346.15</ele>
      </trkpt>
      <trkpt lat="36.920742" lon="138.034922">
        <ele>2346.1</ele>
      </trkpt>
      <trkpt lat="36.920731" lon="138.03507">
        <ele>2346.93</ele>
      </trkpt>
      <trkpt lat="36.920707" lon="138.035169">
        <ele>2346.92</ele>
      </trkpt>
      <trkpt lat="36.92071" lon="138.035285">
        <ele>2347.89</ele>
      </trkpt>
      <trkpt lat="36.920694" lon="138.035321">
        <ele>2347.65</ele>
      </trkpt>
      <trkpt lat="36.920615" lon="138.035359">
        <ele>2345.31</ele>
      </trkpt>
      <trkpt lat="36.920591" lon="138.03539">
        <ele>2344.68</ele>
      </trkpt>
      <trkpt lat="36.920589" lon="138.035422">
        <ele>2344.83</ele>
      </trkpt>
      <trkpt lat="36.920827" lon="138.035681">
        <ele>2356.34</ele>
      </trkpt>
      <trkpt lat="36.920907" lon="138.035881">
        <ele>2362.58</ele>
      </trkpt>
      <trkpt lat="36.920948" lon="138.035945">
        <ele>2365.22</ele>
      </trkpt>
      <trkpt lat="36.921077" lon="138.036061">
        <ele>2372.5</ele>
      </trkpt>
      <trkpt lat="36.9212" lon="138.036146">
        <ele>2375.57</ele>
      </trkpt>
      <trkpt lat="36.921243" lon="138.036184">
        <ele>2374.87</ele>
      </trkpt>
      <trkpt lat="36.921242" lon="138.036302">
        <ele>2377.53</ele>
      </trkpt>
      <trkpt lat="36.921139" lon="138.036584">
        <ele>2374.2</ele>
      </trkpt>
      <trkpt lat="36.921138" lon="138.036676">
        <ele>2371.83</ele>
      </trkpt>
      <trkpt lat="36.921108" lon="138.036738">
        <ele>2369.02</ele>
      </trkpt>
      <trkpt lat="36.921042" lon="138.036777">
        <ele>2365.31</ele>
      </trkpt>
      <trkpt lat="36.920984" lon="138.036961">
        <ele>2358.44</ele>
      </trkpt>
      <trkpt lat="36.9209" lon="138.036997">
        <ele>2354.12</ele>
      </trkpt>
      <trkpt lat="36.920849" lon="138.037073">
        <ele>2350.28</ele>
      </trkpt>
      <trkpt lat="36.920776" lon="138.037245">
        <ele>2342.28</ele>
      </trkpt>
      <trkpt lat="36.920776" lon="138.037338">
        <ele>2338.71</ele>
      </trkpt>
      <trkpt lat="36.920786" lon="138.037427">
        <ele>2335.64</ele>
      </trkpt>
      <trkpt lat="36.920697" lon="138.037568">
        <ele>2326.34</ele>
      </trkpt>
      <trkpt lat="36.920683" lon="138.037651">
        <ele>2322.45</ele>
      </trkpt>
      <trkpt lat="36.920695" lon="138.037745">
        <ele>2319.27</ele>
      </trkpt>
      <trkpt lat="36.920683" lon="138.037826">
        <ele>2315.55</ele>
      </trkpt>
      <trkpt lat="36.92064" lon="138.037875">
        <ele>2311.59</ele>
      </trkpt>
      <trkpt lat="36.920492" lon="138.037942">
        <ele>2301.91</ele>
      </trkpt>
      <trkpt lat="36.920412" lon="138.038004">
        <ele>2295.49</ele>
      </trkpt>
      <trkpt lat="36.920337" lon="138.038107">
        <ele>2288.98</ele>
      </trkpt>
      <trkpt lat="36.920267" lon="138.038236">
        <ele>2282.33</ele>
      </trkpt>
      <trkpt lat="36.92017" lon="138.038298">
        <ele>2276.52</ele>
      </trkpt>
      <trkpt lat="36.920081" lon="138.038331">
        <ele>2271.87</ele>
      </trkpt>
      <trkpt lat="36.919931" lon="138.038338">
        <ele>2265.33</ele>
      </trkpt>
      <trkpt lat="36.919857" lon="138.03833">
        <ele>2262.35</ele>
      </trkpt>
      <trkpt lat="36.91979" lon="138.038351">
        <ele>2259.03</ele>
      </trkpt>
      <trkpt lat="36.919727" lon="138.038457">
        <ele>2254.25</ele>
      </trkpt>
      <trkpt lat="36.919614" lon="138.038821">
        <ele>2242.93</ele>
      </trkpt>
      <trkpt lat="36.919422" lon="138.039106">
        <ele>2221.75</ele>
      </trkpt>
      <trkpt lat="36.91933" lon="138.039208">
        <ele>2212.57</ele>
      </trkpt>
      <trkpt lat="36.919211" lon="138.03931">
        <ele>2202.58</ele>
      </trkpt>
      <trkpt lat="36.919172" lon="138.039365">
        <ele>2198.51</ele>
      </trkpt>
      <trkpt lat="36.918993" lon="138.039486">
        <ele>2186</ele>
      </trkpt>
      <trkpt lat="36.918907" lon="138.039562">
        <ele>2179.62</ele>
      </trkpt>
      <trkpt lat="36.918844" lon="138.039644">
        <ele>2174.16</ele>
      </trkpt>
      <trkpt lat="36.918781" lon="138.039691">
        <ele>2169.78</ele>
      </trkpt>
      <trkpt lat="36.918601" lon="138.039723">
        <ele>2160.99</ele>
      </trkpt>
      <trkpt lat="36.918545" lon="138.039812">
        <ele>2153.83</ele>
      </trkpt>
      <trkpt lat="36.918534" lon="138.040171">
        <ele>2134.26</ele>
      </trkpt>
      <trkpt lat="36.91851" lon="138.040258">
        <ele>2128.64</ele>
      </trkpt>
      <trkpt lat="36.918353" lon="138.040497">
        <ele>2109.97</ele>
      </trkpt>
      <trkpt lat="36.918314" lon="138.040661">
        <ele>2100.2</ele>
      </trkpt>
      <trkpt lat="36.918288" lon="138.041103">
        <ele>2076.82</ele>
      </trkpt>
      <trkpt lat="36.918298" lon="138.041244">
        <ele>2070.09</ele>
      </trkpt>
      <trkpt lat="36.918324" lon="138.041388">
        <ele>2063.77</ele>
      </trkpt>
      <trkpt lat="36.918345" lon="138.041987">
        <ele>2034.18</ele>
      </trkpt>
      <trkpt lat="36.918382" lon="138.04218">
        <ele>2025.74</ele>
      </trkpt>
      <trkpt lat="36.91849" lon="138.042484">
        <ele>2022.93</ele>
      </trkpt>
      <trkpt lat="36.918725" lon="138.043073">
        <ele>2017.4</ele>
      </trkpt>
      <trkpt lat="36.918748" lon="138.043216">
        <ele>2016.96</ele>
      </trkpt>
      <trkpt lat="36.918764" lon="138.043414">
        <ele>2016.52</ele>
      </trkpt>
      <trkpt lat="36.918758" lon="138.043555">
        <ele>2016.23</ele>
      </trkpt>
      <trkpt lat="36.91877" lon="138.043635">
        <ele>2016.09</ele>
      </trkpt>
      <trkpt lat="36.918822" lon="138.043717">
        <ele>2016.16</ele>
      </trkpt>
      <trkpt lat="36.918891" lon="138.043771">
        <ele>2016.44</ele>
      </trkpt>
      <trkpt lat="36.919025" lon="138.04381">
        <ele>2017.18</ele>
      </trkpt>
      <trkpt lat="36.919082" lon="138.043816">
        <ele>2017.51</ele>
      </trkpt>
      <trkpt lat="36.919149" lon="138.043863">
        <ele>2017.93</ele>
      </trkpt>
      <trkpt lat="36.919283" lon="138.044073">
        <ele>2018.94</ele>
      </trkpt>
      <trkpt lat="36.919382" lon="138.044142">
        <ele>2020.19</ele>
      </trkpt>
      <trkpt lat="36.919483" lon="138.044179">
        <ele>2021.58</ele>
      </trkpt>
      <trkpt lat="36.919595" lon="138.044247">
        <ele>2019.02</ele>
      </trkpt>
      <trkpt lat="36.919643" lon="138.044349">
        <ele>2018.36</ele>
      </trkpt>
      <trkpt lat="36.919718" lon="138.044424">
        <ele>2016.94</ele>
      </trkpt>
      <trkpt lat="36.919772" lon="138.044574">
        <ele>2016.73</ele>
      </trkpt>
      <trkpt lat="36.919801" lon="138.044707">
        <ele>2016.17</ele>
      </trkpt>
      <trkpt lat="36.919814" lon="138.044835">
        <ele>2013.35</ele>
      </trkpt>
      <trkpt lat="36.919822" lon="138.045024">
        <ele>2009.48</ele>
      </trkpt>
      <trkpt lat="36.919809" lon="138.045257">
        <ele>2005.05</ele>
      </trkpt>
      <trkpt lat="36.919772" lon="138.045385">
        <ele>2002.82</ele>
      </trkpt>
      <trkpt lat="36.919719" lon="138.045485">
        <ele>2001.1</ele>
      </trkpt>
      <trkpt lat="36.91966" lon="138.045714">
        <ele>1994.33</ele>
      </trkpt>
      <trkpt lat="36.919635" lon="138.046232">
        <ele>1977.71</ele>
      </trkpt>
      <trkpt lat="36.91959" lon="138.046466">
        <ele>1973.96</ele>
      </trkpt>
      <trkpt lat="36.919487" lon="138.046753">
        <ele>1973.51</ele>
      </trkpt>
      <trkpt lat="36.919479" lon="138.046925">
        <ele>1973.01</ele>
      </trkpt>
      <trkpt lat="36.919494" lon="138.047007">
        <ele>1973.2</ele>
      </trkpt>
      <trkpt lat="36.919567" lon="138.047149">
        <ele>1973.03</ele>
      </trkpt>
      <trkpt lat="36.919637" lon="138.047222">
        <ele>1973.04</ele>
      </trkpt>
      <trkpt lat="36.91972" lon="138.047272">
        <ele>1973.26</ele>
      </trkpt>
      <trkpt lat="36.919898" lon="138.047432">
        <ele>1974.67</ele>
      </trkpt>
      <trkpt lat="36.920032" lon="138.047773">
        <ele>1978.61</ele>
      </trkpt>
      <trkpt lat="36.920507" lon="138.048511">
        <ele>1987.64</ele>
      </trkpt>
      <trkpt lat="36.92064" lon="138.048678">
        <ele>1989.06</ele>
      </trkpt>
      <trkpt lat="36.920728" lon="138.048844">
        <ele>1992.63</ele>
      </trkpt>
      <trkpt lat="36.920861" lon="138.049148">
        <ele>2003.99</ele>
      </trkpt>
      <trkpt lat="36.920907" lon="138.049357">
        <ele>2013.48</ele>
      </trkpt>
      <trkpt lat="36.920865" lon="138.049836">
        <ele>2030.24</ele>
      </trkpt>
      <trkpt lat="36.9209" lon="138.050078">
        <ele>2039.72</ele>
      </trkpt>
      <trkpt lat="36.92099" lon="138.050294">
        <ele>2052.03</ele>
      </trkpt>
      <trkpt lat="36.92114" lon="138.050432">
        <ele>2066.22</ele>
      </trkpt>
      <trkpt lat="36.921215" lon="138.050557">
        <ele>2069.63</ele>
      </trkpt>
      <trkpt lat="36.921275" lon="138.050915">
        <ele>2080.45</ele>
      </trkpt>
      <trkpt lat="36.921303" lon="138.051402">
        <ele>2097.45</ele>
      </trkpt>
      <trkpt lat="36.921254" lon="138.051898">
        <ele>2113.26</ele>
      </trkpt>
      <trkpt lat="36.921333" lon="138.05219">
        <ele>2124.15</ele>
      </trkpt>
      <trkpt lat="36.921462" lon="138.052611">
        <ele>2140.98</ele>
      </trkpt>
      <trkpt lat="36.921537" lon="138.052886">
        <ele>2152.02</ele>
      </trkpt>
      <trkpt lat="36.921583" lon="138.053086">
        <ele>2159.48</ele>
      </trkpt>
      <trkpt lat="36.921621" lon="138.05333">
        <ele>2167.25</ele>
      </trkpt>
      <trkpt lat="36.921633" lon="138.053568">
        <ele>2174.22</ele>
      </trkpt>
      <trkpt lat="36.921606" lon="138.053793">
        <ele>2179.93</ele>
      </trkpt>
      <trkpt lat="36.921556" lon="138.054037">
        <ele>2187.52</ele>
      </trkpt>
      <trkpt lat="36.921532" lon="138.054496">
        <ele>2204.36</ele>
      </trkpt>
      <trkpt lat="36.921499" lon="138.054669">
        <ele>2210.19</ele>
      </trkpt>
      <trkpt lat="36.921453" lon="138.05482">
        <ele>2215.14</ele>
      </trkpt>
      <trkpt lat="36.921374" lon="138.054969">
        <ele>2219.6</ele>
      </trkpt>
      <trkpt lat="36.921336" lon="138.055106">
        <ele>2224.5</ele>
      </trkpt>
      <trkpt lat="36.921312" lon="138.055253">
        <ele>2230.18</ele>
      </trkpt>
      <trkpt lat="36.921311" lon="138.055445">
        <ele>2238.06</ele>
      </trkpt>
      <trkpt lat="36.921293" lon="138.055583">
        <ele>2244.02</ele>
      </trkpt>
      <trkpt lat="36.921251" lon="138.055724">
        <ele>2250.3</ele>
      </trkpt>
      <trkpt lat="36.921232" lon="138.055865">
        <ele>2256.83</ele>
      </trkpt>
      <trkpt lat="36.921255" lon="138.056027">
        <ele>2264.8</ele>
      </trkpt>
      <trkpt lat="36.921259" lon="138.056112">
        <ele>2268.86</ele>
      </trkpt>
      <trkpt lat="36.921212" lon="138.056242">
        <ele>2274.65</ele>
      </trkpt>
      <trkpt lat="36.921076" lon="138.056436">
        <ele>2282.4</ele>
      </trkpt>
      <trkpt lat="36.921017" lon="138.056599">
        <ele>2289.35</ele>
      </trkpt>
      <trkpt lat="36.920979" lon="138.056751">
        <ele>2295.99</ele>
      </trkpt>
      <trkpt lat="36.920978" lon="138.056898">
        <ele>2303.16</ele>
      </trkpt>
      <trkpt lat="36.920798" lon="138.057663">
        <ele>2316.13</ele>
      </trkpt>
      <trkpt lat="36.920763" lon="138.057929">
        <ele>2317.72</ele>
      </trkpt>
      <trkpt lat="36.920722" lon="138.058103">
        <ele>2317.5</ele>
      </trkpt>
      <trkpt lat="36.92059" lon="138.058467">
        <ele>2315.59</ele>
      </trkpt>
      <trkpt lat="36.920532" lon="138.058766">
        <ele>2316.78</ele>
      </trkpt>
      <trkpt lat="36.920486" lon="138.058924">
        <ele>2318.47</ele>
      </trkpt>
      <trkpt lat="36.920429" lon="138.059066">
        <ele>2320.97</ele>
      </trkpt>
      <trkpt lat="36.920368" lon="138.059431">
        <ele>2330.2</ele>
      </trkpt>
      <trkpt lat="36.920392" lon="138.059577">
        <ele>2334.62</ele>
      </trkpt>
      <trkpt lat="36.920454" lon="138.059742">
        <ele>2339.28</ele>
      </trkpt>
      <trkpt lat="36.92051" lon="138.059851">
        <ele>2342.06</ele>
      </trkpt>
      <trkpt lat="36.920546" lon="138.059962">
        <ele>2344.76</ele>
      </trkpt>
      <trkpt lat="36.920547" lon="138.060092">
        <ele>2347.69</ele>
      </trkpt>
      <trkpt lat="36.920474" lon="138.060497">
        <ele>2356.44</ele>
      </trkpt>
      <trkpt lat="36.920519" lon="138.060877">
        <ele>2358.19</ele>
      </trkpt>
      <trkpt lat="36.920553" lon="138.061062">
        <ele>2358.84</ele>
      </trkpt>
      <trkpt lat="36.920568" lon="138.061267">
        <ele>2359.47</ele>
      </trkpt>
      <trkpt lat="36.920498" lon="138.061546">
        <ele>2359.87</ele>
      </trkpt>
      <trkpt lat="36.920558" lon="138.061728">
        <ele>2360.24</ele>
      </trkpt>
      <trkpt lat="36.920548" lon="138.061818">
        <ele>2360.3</ele>
      </trkpt>
      <trkpt lat="36.920519" lon="138.061897">
        <ele>2360.18</ele>
      </trkpt>
      <trkpt lat="36.920501" lon="138.061989">
        <ele>2360.08</ele>
      </trkpt>
      <trkpt lat="36.920527" lon="138.062132">
        <ele>2360.45</ele>
      </trkpt>
      <trkpt lat="36.92051" lon="138.06233">
        <ele>2358.11</ele>
      </trkpt>
      <trkpt lat="36.92053" lon="138.062457">
        <ele>2356.67</ele>
      </trkpt>
      <trkpt lat="36.92067" lon="138.062753">
        <ele>2355.9</ele>
      </trkpt>
      <trkpt lat="36.920823" lon="138.062941">
        <ele>2358.01</ele>
      </trkpt>
      <trkpt lat="36.920923" lon="138.063091">
        <ele>2358.44</ele>
      </trkpt>
      <trkpt lat="36.920983" lon="138.06326">
        <ele>2356.11</ele>
      </trkpt>
      <trkpt lat="36.921039" lon="138.063494">
        <ele>2352.1</ele>
      </trkpt>
      <trkpt lat="36.92106" lon="138.063632">
        <ele>2349.38</ele>
      </trkpt>
      <trkpt lat="36.921123" lon="138.063822">
        <ele>2346.67</ele>
      </trkpt>
      <trkpt lat="36.921202" lon="138.063985">
        <ele>2344.03</ele>
      </trkpt>
      <trkpt lat="36.9215" lon="138.064314">
        <ele>2339.29</ele>
      </trkpt>
      <trkpt lat="36.921549" lon="138.064427">
        <ele>2339.78</ele>
      </trkpt>
      <trkpt lat="36.92164" lon="138.064575">
        <ele>2341.56</ele>
      </trkpt>
      <trkpt lat="36.921744" lon="138.064791">
        <ele>2346.24</ele>
      </trkpt>
      <trkpt lat="36.92179" lon="138.06492">
        <ele>2349.71</ele>
      </trkpt>
      <trkpt lat="36.921816" lon="138.065399">
        <ele>2360.28</ele>
      </trkpt>
      <trkpt lat="36.921868" lon="138.06555">
        <ele>2365.38</ele>
      </trkpt>
      <trkpt lat="36.921936" lon="138.065652">
        <ele>2369.57</ele>
      </trkpt>
      <trkpt lat="36.922075" lon="138.065705">
        <ele>2371.06</ele>
      </trkpt>
      <trkpt lat="36.922144" lon="138.065769">
        <ele>2370.68</ele>
      </trkpt>
      <trkpt lat="36.922143" lon="138.065831">
        <ele>2371.52</ele>
      </trkpt>
      <trkpt lat="36.922109" lon="138.065899">
        <ele>2372.83</ele>
      </trkpt>
      <trkpt lat="36.92211" lon="138.066028">
        <ele>2374.4</ele>
      </trkpt>
      <trkpt lat="36.92219" lon="138.066339">
        <ele>2378.4</ele>
      </trkpt>
      <trkpt lat="36.922287" lon="138.066673">
        <ele>2388.66</ele>
      </trkpt>
      <trkpt lat="36.922291" lon="138.066865">
        <ele>2394.51</ele>
      </trkpt>
      <trkpt lat="36.922343" lon="138.067193">
        <ele>2405</ele>
      </trkpt>
      <trkpt lat="36.922421" lon="138.067514">
        <ele>2413.22</ele>
      </trkpt>
      <trkpt lat="36.922485" lon="138.067703">
        <ele>2418.9</ele>
      </trkpt>
      <trkpt lat="36.922573" lon="138.067869">
        <ele>2425.36</ele>
      </trkpt>
      <trkpt lat="36.922668" lon="138.068106">
        <ele>2432.57</ele>
      </trkpt>
      <trkpt lat="36.922695" lon="138.068149">
        <ele>2433.8</ele>
      </trkpt>
      <trkpt lat="36.922695" lon="138.068149">
        <ele>2433.8</ele>
      </trkpt>
      <trkpt lat="36.922668" lon="138.068106">
        <ele>2432.57</ele>
      </trkpt>
      <trkpt lat="36.922573" lon="138.067869">
        <ele>2425.36</ele>
      </trkpt>
      <trkpt lat="36.922485" lon="138.067703">
        <ele>2418.9</ele>
      </trkpt>
      <trkpt lat="36.922421" lon="138.067514">
        <ele>2413.22</ele>
      </trkpt>
      <trkpt lat="36.922343" lon="138.067193">
        <ele>2405</ele>
      </trkpt>
      <trkpt lat="36.922291" lon="138.066865">
        <ele>2394.51</ele>
      </trkpt>
      <trkpt lat="36.922287" lon="138.066673">
        <ele>2388.66</ele>
      </trkpt>
      <trkpt lat="36.92219" lon="138.066339">
        <ele>2378.4</ele>
      </trkpt>
      <trkpt lat="36.92211" lon="138.066028">
        <ele>2374.4</ele>
      </trkpt>
      <trkpt lat="36.922109" lon="138.065899">
        <ele>2372.83</ele>
      </trkpt>
      <trkpt lat="36.922143" lon="138.065831">
        <ele>2371.52</ele>
      </trkpt>
      <trkpt lat="36.922144" lon="138.065769">
        <ele>2370.68</ele>
      </trkpt>
      <trkpt lat="36.922075" lon="138.065705">
        <ele>2371.06</ele>
      </trkpt>
      <trkpt lat="36.921936" lon="138.065652">
        <ele>2369.57</ele>
      </trkpt>
      <trkpt lat="36.921868" lon="138.06555">
        <ele>2365.38</ele>
      </trkpt>
      <trkpt lat="36.921816" lon="138.065399">
        <ele>2360.28</ele>
      </trkpt>
      <trkpt lat="36.92179" lon="138.06492">
        <ele>2349.71</ele>
      </trkpt>
      <trkpt lat="36.921744" lon="138.064791">
        <ele>2346.24</ele>
      </trkpt>
      <trkpt lat="36.92164" lon="138.064575">
        <ele>2341.56</ele>
      </trkpt>
      <trkpt lat="36.921549" lon="138.064427">
        <ele>2339.78</ele>
      </trkpt>
      <trkpt lat="36.9215" lon="138.064314">
        <ele>2339.29</ele>
      </trkpt>
      <trkpt lat="36.921202" lon="138.063985">
        <ele>2344.03</ele>
      </trkpt>
      <trkpt lat="36.921123" lon="138.063822">
        <ele>2346.67</ele>
      </trkpt>
      <trkpt lat="36.92106" lon="138.063632">
        <ele>2349.38</ele>
      </trkpt>
      <trkpt lat="36.921039" lon="138.063494">
        <ele>2352.1</ele>
      </trkpt>
      <trkpt lat="36.920983" lon="138.06326">
        <ele>2356.11</ele>
      </trkpt>
      <trkpt lat="36.920923" lon="138.063091">
        <ele>2358.44</ele>
      </trkpt>
      <trkpt lat="36.920823" lon="138.062941">
        <ele>2358.01</ele>
      </trkpt>
      <trkpt lat="36.92067" lon="138.062753">
        <ele>2355.9</ele>
      </trkpt>
      <trkpt lat="36.92053" lon="138.062457">
        <ele>2356.67</ele>
      </trkpt>
      <trkpt lat="36.92051" lon="138.06233">
        <ele>2358.11</ele>
      </trkpt>
      <trkpt lat="36.920527" lon="138.062132">
        <ele>2360.45</ele>
      </trkpt>
      <trkpt lat="36.920501" lon="138.061989">
        <ele>2360.08</ele>
      </trkpt>
      <trkpt lat="36.920519" lon="138.061897">
        <ele>2360.18</ele>
      </trkpt>
      <trkpt lat="36.920548" lon="138.061818">
        <ele>2360.3</ele>
      </trkpt>
      <trkpt lat="36.920558" lon="138.061728">
        <ele>2360.24</ele>
      </trkpt>
      <trkpt lat="36.920498" lon="138.061546">
        <ele>2359.87</ele>
      </trkpt>
      <trkpt lat="36.920568" lon="138.061267">
        <ele>2359.47</ele>
      </trkpt>
      <trkpt lat="36.920553" lon="138.061062">
        <ele>2358.84</ele>
      </trkpt>
      <trkpt lat="36.920519" lon="138.060877">
        <ele>2358.19</ele>
      </trkpt>
      <trkpt lat="36.920474" lon="138.060497">
        <ele>2356.44</ele>
      </trkpt>
      <trkpt lat="36.920547" lon="138.060092">
        <ele>2347.69</ele>
      </trkpt>
      <trkpt lat="36.920546" lon="138.059962">
        <ele>2344.76</ele>
      </trkpt>
      <trkpt lat="36.92051" lon="138.059851">
        <ele>2342.06</ele>
      </trkpt>
      <trkpt lat="36.920454" lon="138.059742">
        <ele>2339.28</ele>
      </trkpt>
      <trkpt lat="36.920392" lon="138.059577">
        <ele>2334.62</ele>
      </trkpt>
      <trkpt lat="36.920368" lon="138.059431">
        <ele>2330.2</ele>
      </trkpt>
      <trkpt lat="36.920429" lon="138.059066">
        <ele>2320.97</ele>
      </trkpt>
      <trkpt lat="36.920486" lon="138.058924">
        <ele>2318.47</ele>
      </trkpt>
      <trkpt lat="36.920532" lon="138.058766">
        <ele>2316.78</ele>
      </trkpt>
      <trkpt lat="36.92059" lon="138.058467">
        <ele>2315.59</ele>
      </trkpt>
      <trkpt lat="36.920722" lon="138.058103">
        <ele>2317.5</ele>
      </trkpt>
      <trkpt lat="36.920763" lon="138.057929">
        <ele>2317.72</ele>
      </trkpt>
      <trkpt lat="36.920798" lon="138.057663">
        <ele>2316.13</ele>
      </trkpt>
      <trkpt lat="36.920978" lon="138.056898">
        <ele>2303.16</ele>
      </trkpt>
      <trkpt lat="36.920979" lon="138.056751">
        <ele>2295.99</ele>
      </trkpt>
      <trkpt lat="36.921017" lon="138.056599">
        <ele>2289.35</ele>
      </trkpt>
      <trkpt lat="36.921076" lon="138.056436">
        <ele>2282.4</ele>
      </trkpt>
      <trkpt lat="36.921212" lon="138.056242">
        <ele>2274.65</ele>
      </trkpt>
      <trkpt lat="36.921259" lon="138.056112">
        <ele>2268.86</ele>
      </trkpt>
      <trkpt lat="36.921255" lon="138.056027">
        <ele>2264.8</ele>
      </trkpt>
      <trkpt lat="36.921232" lon="138.055865">
        <ele>2256.83</ele>
      </trkpt>
      <trkpt lat="36.921251" lon="138.055724">
        <ele>2250.3</ele>
      </trkpt>
      <trkpt lat="36.921293" lon="138.055583">
        <ele>2244.02</ele>
      </trkpt>
      <trkpt lat="36.921311" lon="138.055445">
        <ele>2238.06</ele>
      </trkpt>
      <trkpt lat="36.921312" lon="138.055253">
        <ele>2230.18</ele>
      </trkpt>
      <trkpt lat="36.921336" lon="138.055106">
        <ele>2224.5</ele>
      </trkpt>
      <trkpt lat="36.921374" lon="138.054969">
        <ele>2219.6</ele>
      </trkpt>
      <trkpt lat="36.921453" lon="138.05482">
        <ele>2215.14</ele>
      </trkpt>
      <trkpt lat="36.921499" lon="138.054669">
        <ele>2210.19</ele>
      </trkpt>
      <trkpt lat="36.921532" lon="138.054496">
        <ele>2204.36</ele>
      </trkpt>
      <trkpt lat="36.921556" lon="138.054037">
        <ele>2187.52</ele>
      </trkpt>
      <trkpt lat="36.921606" lon="138.053793">
        <ele>2179.93</ele>
      </trkpt>
      <trkpt lat="36.921633" lon="138.053568">
        <ele>2174.22</ele>
      </trkpt>
      <trkpt lat="36.921621" lon="138.05333">
        <ele>2167.25</ele>
      </trkpt>
      <trkpt lat="36.921583" lon="138.053086">
        <ele>2159.48</ele>
      </trkpt>
      <trkpt lat="36.921537" lon="138.052886">
        <ele>2152.02</ele>
      </trkpt>
      <trkpt lat="36.921462" lon="138.052611">
        <ele>2140.98</ele>
      </trkpt>
      <trkpt lat="36.921333" lon="138.05219">
        <ele>2124.15</ele>
      </trkpt>
      <trkpt lat="36.921254" lon="138.051898">
        <ele>2113.26</ele>
      </trkpt>
      <trkpt lat="36.921303" lon="138.051402">
        <ele>2097.45</ele>
      </trkpt>
      <trkpt lat="36.921275" lon="138.050915">
        <ele>2080.45</ele>
      </trkpt>
      <trkpt lat="36.921215" lon="138.050557">
        <ele>2069.63</ele>
      </trkpt>
      <trkpt lat="36.92114" lon="138.050432">
        <ele>2066.22</ele>
      </trkpt>
      <trkpt lat="36.92099" lon="138.050294">
        <ele>2052.03</ele>
      </trkpt>
      <trkpt lat="36.9209" lon="138.050078">
        <ele>2039.72</ele>
      </trkpt>
      <trkpt lat="36.920865" lon="138.049836">
        <ele>2030.24</ele>
      </trkpt>
      <trkpt lat="36.920907" lon="138.049357">
        <ele>2013.48</ele>
      </trkpt>
      <trkpt lat="36.920861" lon="138.049148">
        <ele>2003.99</ele>
      </trkpt>
      <trkpt lat="36.920728" lon="138.048844">
        <ele>1992.63</ele>
      </trkpt>
      <trkpt lat="36.92064" lon="138.048678">
        <ele>1989.06</ele>
      </trkpt>
      <trkpt lat="36.920507" lon="138.048511">
        <ele>1987.64</ele>
      </trkpt>
      <trkpt lat="36.920032" lon="138.047773">
        <ele>1978.61</ele>
      </trkpt>
      <trkpt lat="36.919898" lon="138.047432">
        <ele>1974.67</ele>
      </trkpt>
      <trkpt lat="36.91972" lon="138.047272">
        <ele>1973.26</ele>
      </trkpt>
      <trkpt lat="36.919637" lon="138.047222">
        <ele>1973.04</ele>
      </trkpt>
      <trkpt lat="36.919567" lon="138.047149">
        <ele>1973.03</ele>
      </trkpt>
      <trkpt lat="36.919494" lon="138.047007">
        <ele>1973.2</ele>
      </trkpt>
      <trkpt lat="36.919479" lon="138.046925">
        <ele>1973.01</ele>
      </trkpt>
      <trkpt lat="36.919487" lon="138.046753">
        <ele>1973.51</ele>
      </trkpt>
      <trkpt lat="36.91959" lon="138.046466">
        <ele>1973.96</ele>
      </trkpt>
      <trkpt lat="36.919635" lon="138.046232">
        <ele>1977.71</ele>
      </trkpt>
      <trkpt lat="36.91966" lon="138.045714">
        <ele>1994.33</ele>
      </trkpt>
      <trkpt lat="36.919719" lon="138.045485">
        <ele>2001.1</ele>
      </trkpt>
      <trkpt lat="36.919772" lon="138.045385">
        <ele>2002.82</ele>
      </trkpt>
      <trkpt lat="36.919809" lon="138.045257">
        <ele>2005.05</ele>
      </trkpt>
      <trkpt lat="36.919822" lon="138.045024">
        <ele>2009.48</ele>
      </trkpt>
      <trkpt lat="36.919814" lon="138.044835">
        <ele>2013.35</ele>
      </trkpt>
      <trkpt lat="36.919801" lon="138.044707">
        <ele>2016.17</ele>
      </trkpt>
      <trkpt lat="36.919772" lon="138.044574">
        <ele>2016.73</ele>
      </trkpt>
      <trkpt lat="36.919718" lon="138.044424">
        <ele>2016.94</ele>
      </trkpt>
      <trkpt lat="36.919643" lon="138.044349">
        <ele>2018.36</ele>
      </trkpt>
      <trkpt lat="36.919595" lon="138.044247">
        <ele>2019.02</ele>
      </trkpt>
      <trkpt lat="36.919483" lon="138.044179">
        <ele>2021.58</ele>
      </trkpt>
      <trkpt lat="36.919382" lon="138.044142">
        <ele>2020.19</ele>
      </trkpt>
      <trkpt lat="36.919283" lon="138.044073">
        <ele>2018.94</ele>
      </trkpt>
      <trkpt lat="36.919149" lon="138.043863">
        <ele>2017.93</ele>
      </trkpt>
      <trkpt lat="36.919082" lon="138.043816">
        <ele>2017.51</ele>
      </trkpt>
      <trkpt lat="36.919025" lon="138.04381">
        <ele>2017.18</ele>
      </trkpt>
      <trkpt lat="36.918891" lon="138.043771">
        <ele>2016.44</ele>
      </trkpt>
      <trkpt lat="36.918822" lon="138.043717">
        <ele>2016.16</ele>
      </trkpt>
      <trkpt lat="36.91877" lon="138.043635">
        <ele>2016.09</ele>
      </trkpt>
      <trkpt lat="36.918758" lon="138.043555">
        <ele>2016.23</ele>
      </trkpt>
      <trkpt lat="36.918764" lon="138.043414">
        <ele>2016.52</ele>
      </trkpt>
      <trkpt lat="36.918748" lon="138.043216">
        <ele>2016.96</ele>
      </trkpt>
      <trkpt lat="36.918725" lon="138.043073">
        <ele>2017.4</ele>
      </trkpt>
      <trkpt lat="36.91849" lon="138.042484">
        <ele>2022.93</ele>
      </trkpt>
      <trkpt lat="36.918382" lon="138.04218">
        <ele>2025.74</ele>
      </trkpt>
      <trkpt lat="36.918345" lon="138.041987">
        <ele>2034.18</ele>
      </trkpt>
      <trkpt lat="36.918324" lon="138.041388">
        <ele>2063.77</ele>
      </trkpt>
      <trkpt lat="36.918298" lon="138.041244">
        <ele>2070.09</ele>
      </trkpt>
      <trkpt lat="36.918288" lon="138.041103">
        <ele>2076.82</ele>
      </trkpt>
      <trkpt lat="36.918314" lon="138.040661">
        <ele>2100.2</ele>
      </trkpt>
      <trkpt lat="36.918353" lon="138.040497">
        <ele>2109.97</ele>
      </trkpt>
      <trkpt lat="36.91851" lon="138.040258">
        <ele>2128.64</ele>
      </trkpt>
      <trkpt lat="36.918534" lon="138.040171">
        <ele>2134.26</ele>
      </trkpt>
      <trkpt lat="36.918545" lon="138.039812">
        <ele>2153.83</ele>
      </trkpt>
      <trkpt lat="36.918601" lon="138.039723">
        <ele>2160.99</ele>
      </trkpt>
      <trkpt lat="36.918781" lon="138.039691">
        <ele>2169.78</ele>
      </trkpt>
      <trkpt lat="36.918844" lon="138.039644">
        <ele>2174.16</ele>
      </trkpt>
      <trkpt lat="36.918907" lon="138.039562">
        <ele>2179.62</ele>
      </trkpt>
      <trkpt lat="36.918993" lon="138.039486">
        <ele>2186</ele>
      </trkpt>
      <trkpt lat="36.919172" lon="138.039365">
        <ele>2198.51</ele>
      </trkpt>
      <trkpt lat="36.919211" lon="138.03931">
        <ele>2202.58</ele>
      </trkpt>
      <trkpt lat="36.91933" lon="138.039208">
        <ele>2212.57</ele>
      </trkpt>
      <trkpt lat="36.919422" lon="138.039106">
        <ele>2221.75</ele>
      </trkpt>
      <trkpt lat="36.919614" lon="138.038821">
        <ele>2242.93</ele>
      </trkpt>
      <trkpt lat="36.919727" lon="138.038457">
        <ele>2254.25</ele>
      </trkpt>
      <trkpt lat="36.91979" lon="138.038351">
        <ele>2259.03</ele>
      </trkpt>
      <trkpt lat="36.919857" lon="138.03833">
        <ele>2262.35</ele>
      </trkpt>
      <trkpt lat="36.919931" lon="138.038338">
        <ele>2265.33</ele>
      </trkpt>
      <trkpt lat="36.920081" lon="138.038331">
        <ele>2271.87</ele>
      </trkpt>
      <trkpt lat="36.92017" lon="138.038298">
        <ele>2276.52</ele>
      </trkpt>
      <trkpt lat="36.920267" lon="138.038236">
        <ele>2282.33</ele>
      </trkpt>
      <trkpt lat="36.920337" lon="138.038107">
        <ele>2288.98</ele>
      </trkpt>
      <trkpt lat="36.920412" lon="138.038004">
        <ele>2295.49</ele>
      </trkpt>
      <trkpt lat="36.920492" lon="138.037942">
        <ele>2301.91</ele>
      </trkpt>
      <trkpt lat="36.92064" lon="138.037875">
        <ele>2311.59</ele>
      </trkpt>
      <trkpt lat="36.920683" lon="138.037826">
        <ele>2315.55</ele>
      </trkpt>
      <trkpt lat="36.920695" lon="138.037745">
        <ele>2319.27</ele>
      </trkpt>
      <trkpt lat="36.920683" lon="138.037651">
        <ele>2322.45</ele>
      </trkpt>
      <trkpt lat="36.920697" lon="138.037568">
        <ele>2326.34</ele>
      </trkpt>
      <trkpt lat="36.920786" lon="138.037427">
        <ele>2335.64</ele>
      </trkpt>
      <trkpt lat="36.920776" lon="138.037338">
        <ele>2338.71</ele>
      </trkpt>
      <trkpt lat="36.920776" lon="138.037245">
        <ele>2342.28</ele>
      </trkpt>
      <trkpt lat="36.920849" lon="138.037073">
        <ele>2350.28</ele>
      </trkpt>
      <trkpt lat="36.9209" lon="138.036997">
        <ele>2354.12</ele>
      </trkpt>
      <trkpt lat="36.920984" lon="138.036961">
        <ele>2358.44</ele>
      </trkpt>
      <trkpt lat="36.921042" lon="138.036777">
        <ele>2365.31</ele>
      </trkpt>
      <trkpt lat="36.921108" lon="138.036738">
        <ele>2369.02</ele>
      </trkpt>
      <trkpt lat="36.921138" lon="138.036676">
        <ele>2371.83</ele>
      </trkpt>
      <trkpt lat="36.921139" lon="138.036584">
        <ele>2374.2</ele>
      </trkpt>
      <trkpt lat="36.921242" lon="138.036302">
        <ele>2377.53</ele>
      </trkpt>
      <trkpt lat="36.921243" lon="138.036184">
        <ele>2374.87</ele>
      </trkpt>
      <trkpt lat="36.9212" lon="138.036146">
        <ele>2375.57</ele>
      </trkpt>
      <trkpt lat="36.921077" lon="138.036061">
        <ele>2372.5</ele>
      </trkpt>
      <trkpt lat="36.920948" lon="138.035945">
        <ele>2365.22</ele>
      </trkpt>
      <trkpt lat="36.920907" lon="138.035881">
        <ele>2362.58</ele>
      </trkpt>
      <trkpt lat="36.920827" lon="138.035681">
        <ele>2356.34</ele>
      </trkpt>
      <trkpt lat="36.920589" lon="138.035422">
        <ele>2344.83</ele>
      </trkpt>
      <trkpt lat="36.920591" lon="138.03539">
        <ele>2344.68</ele>
      </trkpt>
      <trkpt lat="36.920615" lon="138.035359">
        <ele>2345.31</ele>
      </trkpt>
      <trkpt lat="36.920694" lon="138.035321">
        <ele>2347.65</ele>
      </trkpt>
      <trkpt lat="36.92071" lon="138.035285">
        <ele>2347.89</ele>
      </trkpt>
      <trkpt lat="36.920707" lon="138.035169">
        <ele>2346.92</ele>
      </trkpt>
      <trkpt lat="36.920731" lon="138.03507">
        <ele>2346.93</ele>
      </trkpt>
      <trkpt lat="36.920742" lon="138.034922">
        <ele>2346.1</ele>
      </trkpt>
      <trkpt lat="36.920769" lon="138.034834">
        <ele>2346.15</ele>
      </trkpt>
      <trkpt lat="36.920746" lon="138.034706">
        <ele>2344.52</ele>
      </trkpt>
      <trkpt lat="36.920696" lon="138.034567">
        <ele>2336.52</ele>
      </trkpt>
      <trkpt lat="36.920709" lon="138.034489">
        <ele>2332.18</ele>
      </trkpt>
      <trkpt lat="36.920739" lon="138.034425">
        <ele>2329.19</ele>
      </trkpt>
      <trkpt lat="36.920813" lon="138.034331">
        <ele>2325.88</ele>
      </trkpt>
      <trkpt lat="36.920925" lon="138.034217">
        <ele>2322.88</ele>
      </trkpt>
      <trkpt lat="36.921002" lon="138.034101">
        <ele>2318.94</ele>
      </trkpt>
      <trkpt lat="36.921026" lon="138.034028">
        <ele>2315.67</ele>
      </trkpt>
      <trkpt lat="36.92104" lon="138.033934">
        <ele>2310.91</ele>
      </trkpt>
      <trkpt lat="36.921062" lon="138.03389">
        <ele>2309.29</ele>
      </trkpt>
      <trkpt lat="36.92146" lon="138.033678">
        <ele>2304.68</ele>
      </trkpt>
      <trkpt lat="36.921504" lon="138.033663">
        <ele>2304.47</ele>
      </trkpt>
      <trkpt lat="36.921538" lon="138.033618">
        <ele>2302.68</ele>
      </trkpt>
      <trkpt lat="36.921569" lon="138.033515">
        <ele>2298.05</ele>
      </trkpt>
      <trkpt lat="36.921552" lon="138.033423">
        <ele>2293.2</ele>
      </trkpt>
      <trkpt lat="36.921562" lon="138.0332">
        <ele>2282.38</ele>
      </trkpt>
      <trkpt lat="36.921539" lon="138.033149">
        <ele>2279.32</ele>
      </trkpt>
      <trkpt lat="36.921534" lon="138.033096">
        <ele>2276.55</ele>
      </trkpt>
      <trkpt lat="36.921464" lon="138.03296">
        <ele>2268.23</ele>
      </trkpt>
      <trkpt lat="36.921474" lon="138.032798">
        <ele>2261.44</ele>
      </trkpt>
      <trkpt lat="36.921392" lon="138.032695">
        <ele>2255.22</ele>
      </trkpt>
      <trkpt lat="36.921386" lon="138.03263">
        <ele>2252.31</ele>
      </trkpt>
      <trkpt lat="36.921354" lon="138.03251">
        <ele>2246.71</ele>
      </trkpt>
      <trkpt lat="36.921329" lon="138.032367">
        <ele>2240.37</ele>
      </trkpt>
      <trkpt lat="36.921302" lon="138.032302">
        <ele>2237.27</ele>
      </trkpt>
      <trkpt lat="36.9213" lon="138.032278">
        <ele>2236.25</ele>
      </trkpt>
      <trkpt lat="36.921314" lon="138.032258">
        <ele>2235.65</ele>
      </trkpt>
      <trkpt lat="36.921312" lon="138.032229">
        <ele>2234.41</ele>
      </trkpt>
      <trkpt lat="36.921274" lon="138.032159">
        <ele>2230.99</ele>
      </trkpt>
      <trkpt lat="36.921267" lon="138.032119">
        <ele>2229.14</ele>
      </trkpt>
      <trkpt lat="36.921318" lon="138.031973">
        <ele>2223.1</ele>
      </trkpt>
      <trkpt lat="36.921341" lon="138.031724">
        <ele>2211.9</ele>
      </trkpt>
      <trkpt lat="36.921371" lon="138.031617">
        <ele>2207.16</ele>
      </trkpt>
      <trkpt lat="36.921354" lon="138.031516">
        <ele>2202.43</ele>
      </trkpt>
      <trkpt lat="36.921391" lon="138.031439">
        <ele>2198.95</ele>
      </trkpt>
      <trkpt lat="36.92139" lon="138.031392">
        <ele>2196.76</ele>
      </trkpt>
      <trkpt lat="36.921362" lon="138.031333">
        <ele>2193.98</ele>
      </trkpt>
      <trkpt lat="36.921269" lon="138.031323">
        <ele>2193.35</ele>
      </trkpt>
      <trkpt lat="36.921244" lon="138.031295">
        <ele>2191.87</ele>
      </trkpt>
      <trkpt lat="36.921218" lon="138.031134">
        <ele>2183.48</ele>
      </trkpt>
      <trkpt lat="36.921228" lon="138.031075">
        <ele>2180.47</ele>
      </trkpt>
      <trkpt lat="36.921217" lon="138.031021">
        <ele>2177.65</ele>
      </trkpt>
      <trkpt lat="36.921216" lon="138.030939">
        <ele>2173.43</ele>
      </trkpt>
      <trkpt lat="36.921201" lon="138.030883">
        <ele>2170.51</ele>
      </trkpt>
      <trkpt lat="36.921201" lon="138.030783">
        <ele>2165.35</ele>
      </trkpt>
      <trkpt lat="36.921162" lon="138.030751">
        <ele>2163.71</ele>
      </trkpt>
      <trkpt lat="36.92108" lon="138.030719">
        <ele>2161.36</ele>
      </trkpt>
      <trkpt lat="36.921068" lon="138.030667">
        <ele>2158.7</ele>
      </trkpt>
      <trkpt lat="36.921034" lon="138.03061">
        <ele>2155.67</ele>
      </trkpt>
      <trkpt lat="36.921029" lon="138.030556">
        <ele>2153</ele>
      </trkpt>
      <trkpt lat="36.921043" lon="138.030502">
        <ele>2150.49</ele>
      </trkpt>
      <trkpt lat="36.921031" lon="138.030447">
        <ele>2148.49</ele>
      </trkpt>
      <trkpt lat="36.920989" lon="138.030415">
        <ele>2147.26</ele>
      </trkpt>
      <trkpt lat="36.920955" lon="138.030378">
        <ele>2145.88</ele>
      </trkpt>
      <trkpt lat="36.920957" lon="138.030298">
        <ele>2143.12</ele>
      </trkpt>
      <trkpt lat="36.920936" lon="138.030264">
        <ele>2141.93</ele>
      </trkpt>
      <trkpt lat="36.920894" lon="138.030245">
        <ele>2141.27</ele>
      </trkpt>
      <trkpt lat="36.920885" lon="138.030219">
        <ele>2140.39</ele>
      </trkpt>
      <trkpt lat="36.920771" lon="138.030139">
        <ele>2137.8</ele>
      </trkpt>
      <trkpt lat="36.920745" lon="138.030109">
        <ele>2136.89</ele>
      </trkpt>
      <trkpt lat="36.920726" lon="138.030058">
        <ele>2135.31</ele>
      </trkpt>
      <trkpt lat="36.920731" lon="138.02997">
        <ele>2132.49</ele>
      </trkpt>
      <trkpt lat="36.920712" lon="138.0299">
        <ele>2130.35</ele>
      </trkpt>
      <trkpt lat="36.920687" lon="138.029849">
        <ele>2128.88</ele>
      </trkpt>
      <trkpt lat="36.920654" lon="138.029834">
        <ele>2128.58</ele>
      </trkpt>
      <trkpt lat="36.920631" lon="138.029807">
        <ele>2127.89</ele>
      </trkpt>
      <trkpt lat="36.920624" lon="138.029646">
        <ele>2123</ele>
      </trkpt>
      <trkpt lat="36.920609" lon="138.02962">
        <ele>2122.25</ele>
      </trkpt>
      <trkpt lat="36.920563" lon="138.029593">
        <ele>2121.73</ele>
      </trkpt>
      <trkpt lat="36.920542" lon="138.029556">
        <ele>2120.73</ele>
      </trkpt>
      <trkpt lat="36.920538" lon="138.029481">
        <ele>2118.37</ele>
      </trkpt>
      <trkpt lat="36.920521" lon="138.029412">
        <ele>2116.29</ele>
      </trkpt>
      <trkpt lat="36.920458" lon="138.029346">
        <ele>2114.72</ele>
      </trkpt>
      <trkpt lat="36.920447" lon="138.029233">
        <ele>2111.25</ele>
      </trkpt>
      <trkpt lat="36.920454" lon="138.029121">
        <ele>2107.64</ele>
      </trkpt>
      <trkpt lat="36.920565" lon="138.028894">
        <ele>2099.43</ele>
      </trkpt>
      <trkpt lat="36.920601" lon="138.028701">
        <ele>2093.79</ele>
      </trkpt>
      <trkpt lat="36.920816" lon="138.028311">
        <ele>2082.07</ele>
      </trkpt>
      <trkpt lat="36.92087" lon="138.028308">
        <ele>2081.57</ele>
      </trkpt>
      <trkpt lat="36.920891" lon="138.028289">
        <ele>2080.93</ele>
      </trkpt>
      <trkpt lat="36.920891" lon="138.028241">
        <ele>2079.74</ele>
      </trkpt>
      <trkpt lat="36.920934" lon="138.028142">
        <ele>2076.95</ele>
      </trkpt>
      <trkpt lat="36.920938" lon="138.028038">
        <ele>2074.38</ele>
      </trkpt>
      <trkpt lat="36.921016" lon="138.027922">
        <ele>2069.67</ele>
      </trkpt>
      <trkpt lat="36.921016" lon="138.027864">
        <ele>2067.36</ele>
      </trkpt>
      <trkpt lat="36.920986" lon="138.027832">
        <ele>2066.32</ele>
      </trkpt>
      <trkpt lat="36.920798" lon="138.027562">
        <ele>2057.42</ele>
      </trkpt>
      <trkpt lat="36.920712" lon="138.027523">
        <ele>2056.77</ele>
      </trkpt>
      <trkpt lat="36.920662" lon="138.027483">
        <ele>2055.74</ele>
      </trkpt>
      <trkpt lat="36.920576" lon="138.027479">
        <ele>2056.47</ele>
      </trkpt>
      <trkpt lat="36.920491" lon="138.027429">
        <ele>2055.5</ele>
      </trkpt>
      <trkpt lat="36.920396" lon="138.027443">
        <ele>2056.99</ele>
      </trkpt>
      <trkpt lat="36.920378" lon="138.02742">
        <ele>2056.34</ele>
      </trkpt>
      <trkpt lat="36.920377" lon="138.02737">
        <ele>2054.55</ele>
      </trkpt>
      <trkpt lat="36.920386" lon="138.027315">
        <ele>2052.46</ele>
      </trkpt>
      <trkpt lat="36.92038" lon="138.027252">
        <ele>2050.24</ele>
      </trkpt>
      <trkpt lat="36.920344" lon="138.027216">
        <ele>2049.34</ele>
      </trkpt>
      <trkpt lat="36.920319" lon="138.027101">
        <ele>2046.31</ele>
      </trkpt>
      <trkpt lat="36.920315" lon="138.027035">
        <ele>2044.74</ele>
      </trkpt>
      <trkpt lat="36.920323" lon="138.026992">
        <ele>2043.66</ele>
      </trkpt>
      <trkpt lat="36.920297" lon="138.026964">
        <ele>2043.08</ele>
      </trkpt>
      <trkpt lat="36.920253" lon="138.026964">
        <ele>2043.17</ele>
      </trkpt>
      <trkpt lat="36.920212" lon="138.026991">
        <ele>2043.9</ele>
      </trkpt>
      <trkpt lat="36.920177" lon="138.02704">
        <ele>2045.09</ele>
      </trkpt>
      <trkpt lat="36.920074" lon="138.027049">
        <ele>2045.5</ele>
      </trkpt>
      <trkpt lat="36.919986" lon="138.027031">
        <ele>2045.24</ele>
      </trkpt>
      <trkpt lat="36.919939" lon="138.027047">
        <ele>2045.69</ele>
      </trkpt>
      <trkpt lat="36.919896" lon="138.027024">
        <ele>2045.24</ele>
      </trkpt>
      <trkpt lat="36.919867" lon="138.026965">
        <ele>2043.99</ele>
      </trkpt>
      <trkpt lat="36.919837" lon="138.026957">
        <ele>2043.88</ele>
      </trkpt>
      <trkpt lat="36.919777" lon="138.026897">
        <ele>2042.71</ele>
      </trkpt>
      <trkpt lat="36.919726" lon="138.026869">
        <ele>2042.25</ele>
      </trkpt>
      <trkpt lat="36.919656" lon="138.026924">
        <ele>2043.57</ele>
      </trkpt>
      <trkpt lat="36.919628" lon="138.026909">
        <ele>2043.32</ele>
      </trkpt>
      <trkpt lat="36.919616" lon="138.026878">
        <ele>2042.7</ele>
      </trkpt>
      <trkpt lat="36.919515" lon="138.026843">
        <ele>2042.24</ele>
      </trkpt>
      <trkpt lat="36.919417" lon="138.0272">
        <ele>2048.7</ele>
      </trkpt>
      <trkpt lat="36.919368" lon="138.027299">
        <ele>2050.78</ele>
      </trkpt>
      <trkpt lat="36.91932" lon="138.027298">
        <ele>2050.09</ele>
      </trkpt>
      <trkpt lat="36.91929" lon="138.027252">
        <ele>2048.33</ele>
      </trkpt>
      <trkpt lat="36.919289" lon="138.027109">
        <ele>2044.51</ele>
      </trkpt>
      <trkpt lat="36.919313" lon="138.027045">
        <ele>2043.45</ele>
      </trkpt>
      <trkpt lat="36.919302" lon="138.026952">
        <ele>2041.18</ele>
      </trkpt>
      <trkpt lat="36.919251" lon="138.026806">
        <ele>2036.87</ele>
      </trkpt>
      <trkpt lat="36.919216" lon="138.026807">
        <ele>2036.23</ele>
      </trkpt>
      <trkpt lat="36.919156" lon="138.026994">
        <ele>2039.55</ele>
      </trkpt>
      <trkpt lat="36.919142" lon="138.027132">
        <ele>2042.67</ele>
      </trkpt>
      <trkpt lat="36.919124" lon="138.027191">
        <ele>2043.97</ele>
      </trkpt>
      <trkpt lat="36.919062" lon="138.027258">
        <ele>2045.24</ele>
      </trkpt>
      <trkpt lat="36.919039" lon="138.027311">
        <ele>2046.72</ele>
      </trkpt>
      <trkpt lat="36.91897" lon="138.027334">
        <ele>2046.57</ele>
      </trkpt>
      <trkpt lat="36.918931" lon="138.027287">
        <ele>2044.42</ele>
      </trkpt>
      <trkpt lat="36.918845" lon="138.027277">
        <ele>2042.84</ele>
      </trkpt>
      <trkpt lat="36.918771" lon="138.027285">
        <ele>2042.12</ele>
      </trkpt>
      <trkpt lat="36.918628" lon="138.027372">
        <ele>2043.92</ele>
      </trkpt>
      <trkpt lat="36.918548" lon="138.02751">
        <ele>2049.18</ele>
      </trkpt>
      <trkpt lat="36.918368" lon="138.027656">
        <ele>2054.15</ele>
      </trkpt>
      <trkpt lat="36.918339" lon="138.0277">
        <ele>2055.65</ele>
      </trkpt>
      <trkpt lat="36.918257" lon="138.027758">
        <ele>2057.36</ele>
      </trkpt>
      <trkpt lat="36.918157" lon="138.027781">
        <ele>2057.68</ele>
      </trkpt>
      <trkpt lat="36.918096" lon="138.027826">
        <ele>2058.93</ele>
      </trkpt>
      <trkpt lat="36.917971" lon="138.027812">
        <ele>2057.77</ele>
      </trkpt>
      <trkpt lat="36.917785" lon="138.027849">
        <ele>2057.8</ele>
      </trkpt>
      <trkpt lat="36.917662" lon="138.02791">
        <ele>2058.33</ele>
      </trkpt>
      <trkpt lat="36.917584" lon="138.027915">
        <ele>2057.65</ele>
      </trkpt>
      <trkpt lat="36.917499" lon="138.027895">
        <ele>2056.18</ele>
      </trkpt>
      <trkpt lat="36.917447" lon="138.027902">
        <ele>2055.81</ele>
      </trkpt>
      <trkpt lat="36.917366" lon="138.027936">
        <ele>2055.82</ele>
      </trkpt>
      <trkpt lat="36.917331" lon="138.027928">
        <ele>2055.24</ele>
      </trkpt>
      <trkpt lat="36.917287" lon="138.027881">
        <ele>2053.62</ele>
      </trkpt>
      <trkpt lat="36.917224" lon="138.027907">
        <ele>2053.57</ele>
      </trkpt>
      <trkpt lat="36.917063" lon="138.027924">
        <ele>2052.21</ele>
      </trkpt>
      <trkpt lat="36.917023" lon="138.028083">
        <ele>2053.15</ele>
      </trkpt>
      <trkpt lat="36.916988" lon="138.028121">
        <ele>2052.48</ele>
      </trkpt>
      <trkpt lat="36.916911" lon="138.028261">
        <ele>2049.11</ele>
      </trkpt>
      <trkpt lat="36.916899" lon="138.02836">
        <ele>2047.83</ele>
      </trkpt>
      <trkpt lat="36.916899" lon="138.028645">
        <ele>2045.34</ele>
      </trkpt>
      <trkpt lat="36.916886" lon="138.028753">
        <ele>2043.66</ele>
      </trkpt>
      <trkpt lat="36.916856" lon="138.028849">
        <ele>2041.03</ele>
      </trkpt>
      <trkpt lat="36.916733" lon="138.02904">
        <ele>2033.57</ele>
      </trkpt>
      <trkpt lat="36.916486" lon="138.029305">
        <ele>2019.16</ele>
      </trkpt>
      <trkpt lat="36.916335" lon="138.02959">
        <ele>2011.07</ele>
      </trkpt>
      <trkpt lat="36.916168" lon="138.029751">
        <ele>2003.37</ele>
      </trkpt>
      <trkpt lat="36.916115" lon="138.02982">
        <ele>2001.3</ele>
      </trkpt>
      <trkpt lat="36.916051" lon="138.029932">
        <ele>1999.14</ele>
      </trkpt>
      <trkpt lat="36.916005" lon="138.030037">
        <ele>1998.07</ele>
      </trkpt>
      <trkpt lat="36.915985" lon="138.030118">
        <ele>1998.31</ele>
      </trkpt>
      <trkpt lat="36.915956" lon="138.030298">
        <ele>1999.93</ele>
      </trkpt>
      <trkpt lat="36.91596" lon="138.030542">
        <ele>2005</ele>
      </trkpt>
      <trkpt lat="36.91595" lon="138.030598">
        <ele>2005.43</ele>
      </trkpt>
      <trkpt lat="36.915904" lon="138.030665">
        <ele>2003.79</ele>
      </trkpt>
      <trkpt lat="36.915841" lon="138.030737">
        <ele>2001.26</ele>
      </trkpt>
      <trkpt lat="36.915523" lon="138.031071">
        <ele>1989.57</ele>
      </trkpt>
      <trkpt lat="36.915464" lon="138.031187">
        <ele>1989.09</ele>
      </trkpt>
      <trkpt lat="36.915447" lon="138.031271">
        <ele>1990.3</ele>
      </trkpt>
      <trkpt lat="36.915484" lon="138.031514">
        <ele>1994.61</ele>
      </trkpt>
      <trkpt lat="36.915565" lon="138.031891">
        <ele>1999.98</ele>
      </trkpt>
      <trkpt lat="36.915692" lon="138.032253">
        <ele>2006.8</ele>
      </trkpt>
      <trkpt lat="36.915684" lon="138.032457">
        <ele>2005.36</ele>
      </trkpt>
      <trkpt lat="36.915655" lon="138.032641">
        <ele>2002.97</ele>
      </trkpt>
      <trkpt lat="36.91574" lon="138.032822">
        <ele>2006.19</ele>
      </trkpt>
      <trkpt lat="36.915758" lon="138.033014">
        <ele>2006.07</ele>
      </trkpt>
      <trkpt lat="36.915762" lon="138.033136">
        <ele>2006.17</ele>
      </trkpt>
      <trkpt lat="36.915739" lon="138.033299">
        <ele>2005.13</ele>
      </trkpt>
      <trkpt lat="36.915691" lon="138.033412">
        <ele>2003.15</ele>
      </trkpt>
      <trkpt lat="36.915658" lon="138.03356">
        <ele>2001.99</ele>
      </trkpt>
      <trkpt lat="36.915516" lon="138.033717">
        <ele>1997.14</ele>
      </trkpt>
      <trkpt lat="36.915447" lon="138.033958">
        <ele>1995.74</ele>
      </trkpt>
      <trkpt lat="36.915023" lon="138.03469">
        <ele>1982.77</ele>
      </trkpt>
      <trkpt lat="36.914836" lon="138.034914">
        <ele>1976.02</ele>
      </trkpt>
      <trkpt lat="36.914834" lon="138.034985">
        <ele>1975.46</ele>
      </trkpt>
      <trkpt lat="36.914569" lon="138.035264">
        <ele>1962.84</ele>
      </trkpt>
      <trkpt lat="36.914484" lon="138.035275">
        <ele>1959.27</ele>
      </trkpt>
      <trkpt lat="36.914357" lon="138.03527">
        <ele>1953.75</ele>
      </trkpt>
      <trkpt lat="36.914174" lon="138.035207">
        <ele>1946.55</ele>
      </trkpt>
      <trkpt lat="36.914123" lon="138.035284">
        <ele>1943.3</ele>
      </trkpt>
      <trkpt lat="36.91406" lon="138.0353">
        <ele>1940.3</ele>
      </trkpt>
      <trkpt lat="36.913907" lon="138.035496">
        <ele>1931.1</ele>
      </trkpt>
      <trkpt lat="36.913762" lon="138.035797">
        <ele>1921.23</ele>
      </trkpt>
      <trkpt lat="36.913653" lon="138.03595">
        <ele>1913.67</ele>
      </trkpt>
      <trkpt lat="36.913604" lon="138.036059">
        <ele>1909.55</ele>
      </trkpt>
      <trkpt lat="36.913512" lon="138.036204">
        <ele>1902.7</ele>
      </trkpt>
      <trkpt lat="36.913448" lon="138.036207">
        <ele>1899.35</ele>
      </trkpt>
      <trkpt lat="36.913397" lon="138.036176">
        <ele>1897.19</ele>
      </trkpt>
      <trkpt lat="36.913375" lon="138.0361">
        <ele>1897.13</ele>
      </trkpt>
      <trkpt lat="36.913389" lon="138.03597">
        <ele>1899.72</ele>
      </trkpt>
      <trkpt lat="36.913212" lon="138.036114">
        <ele>1888.53</ele>
      </trkpt>
      <trkpt lat="36.913126" lon="138.036286">
        <ele>1881.61</ele>
      </trkpt>
      <trkpt lat="36.913066" lon="138.036307">
        <ele>1878.21</ele>
      </trkpt>
      <trkpt lat="36.912975" lon="138.036307">
        <ele>1873.53</ele>
      </trkpt>
      <trkpt lat="36.912954" lon="138.036418">
        <ele>1871.3</ele>
      </trkpt>
      <trkpt lat="36.912992" lon="138.036491">
        <ele>1872.8</ele>
      </trkpt>
      <trkpt lat="36.912993" lon="138.036533">
        <ele>1872.53</ele>
      </trkpt>
      <trkpt lat="36.912928" lon="138.0366">
        <ele>1868.27</ele>
      </trkpt>
      <trkpt lat="36.912813" lon="138.036608">
        <ele>1861.46</ele>
      </trkpt>
      <trkpt lat="36.912785" lon="138.036646">
        <ele>1859.56</ele>
      </trkpt>
      <trkpt lat="36.912735" lon="138.036662">
        <ele>1856.74</ele>
      </trkpt>
      <trkpt lat="36.912606" lon="138.036774">
        <ele>1848.37</ele>
      </trkpt>
      <trkpt lat="36.912517" lon="138.03695">
        <ele>1840.97</ele>
      </trkpt>
      <trkpt lat="36.912455" lon="138.037142">
        <ele>1834.53</ele>
      </trkpt>
      <trkpt lat="36.91243" lon="138.037196">
        <ele>1832.74</ele>
      </trkpt>
      <trkpt lat="36.912394" lon="138.037229">
        <ele>1830.83</ele>
      </trkpt>
      <trkpt lat="36.91235" lon="138.037227">
        <ele>1828.25</ele>
      </trkpt>
      <trkpt lat="36.912323" lon="138.037175">
        <ele>1826.46</ele>
      </trkpt>
      <trkpt lat="36.912284" lon="138.037088">
        <ele>1825.68</ele>
      </trkpt>
      <trkpt lat="36.91227" lon="138.036977">
        <ele>1826.83</ele>
      </trkpt>
      <trkpt lat="36.912248" lon="138.036953">
        <ele>1826</ele>
      </trkpt>
      <trkpt lat="36.912181" lon="138.036935">
        <ele>1822.64</ele>
      </trkpt>
      <trkpt lat="36.912122" lon="138.036935">
        <ele>1819.38</ele>
      </trkpt>
      <trkpt lat="36.912011" lon="138.037184">
        <ele>1808.49</ele>
      </trkpt>
      <trkpt lat="36.911953" lon="138.03722">
        <ele>1805.62</ele>
      </trkpt>
      <trkpt lat="36.911884" lon="138.037231">
        <ele>1802.78</ele>
      </trkpt>
      <trkpt lat="36.911815" lon="138.037078">
        <ele>1802.01</ele>
      </trkpt>
      <trkpt lat="36.911751" lon="138.037019">
        <ele>1800.44</ele>
      </trkpt>
      <trkpt lat="36.911695" lon="138.037048">
        <ele>1797.64</ele>
      </trkpt>
      <trkpt lat="36.911648" lon="138.037102">
        <ele>1794.81</ele>
      </trkpt>
      <trkpt lat="36.91162" lon="138.037168">
        <ele>1792.62</ele>
      </trkpt>
      <trkpt lat="36.911582" lon="138.037224">
        <ele>1790.48</ele>
      </trkpt>
      <trkpt lat="36.911509" lon="138.037292">
        <ele>1786.7</ele>
      </trkpt>
      <trkpt lat="36.911467" lon="138.037409">
        <ele>1783.38</ele>
      </trkpt>
      <trkpt lat="36.911464" lon="138.037486">
        <ele>1782.23</ele>
      </trkpt>
      <trkpt lat="36.911424" lon="138.037559">
        <ele>1779.32</ele>
      </trkpt>
      <trkpt lat="36.911366" lon="138.037566">
        <ele>1776.41</ele>
      </trkpt>
      <trkpt lat="36.911076" lon="138.037474">
        <ele>1764.91</ele>
      </trkpt>
      <trkpt lat="36.91097" lon="138.037468">
        <ele>1760.9</ele>
      </trkpt>
      <trkpt lat="36.910911" lon="138.037522">
        <ele>1757.51</ele>
      </trkpt>
      <trkpt lat="36.910981" lon="138.037811">
        <ele>1754.28</ele>
      </trkpt>
      <trkpt lat="36.91093" lon="138.038022">
        <ele>1748.18</ele>
      </trkpt>
      <trkpt lat="36.910825" lon="138.03814">
        <ele>1743.43</ele>
      </trkpt>
      <trkpt lat="36.910765" lon="138.038158">
        <ele>1740.71</ele>
      </trkpt>
      <trkpt lat="36.910722" lon="138.03822">
        <ele>1738.35</ele>
      </trkpt>
      <trkpt lat="36.910666" lon="138.038259">
        <ele>1735.44</ele>
      </trkpt>
      <trkpt lat="36.91061" lon="138.038327">
        <ele>1732.09</ele>
      </trkpt>
      <trkpt lat="36.910577" lon="138.038384">
        <ele>1729.81</ele>
      </trkpt>
      <trkpt lat="36.910506" lon="138.038557">
        <ele>1723.85</ele>
      </trkpt>
      <trkpt lat="36.910453" lon="138.0386">
        <ele>1720.22</ele>
      </trkpt>
      <trkpt lat="36.910399" lon="138.038659">
        <ele>1716.19</ele>
      </trkpt>
      <trkpt lat="36.91027" lon="138.038742">
        <ele>1708.35</ele>
      </trkpt>
      <trkpt lat="36.910202" lon="138.03883">
        <ele>1704.41</ele>
      </trkpt>
      <trkpt lat="36.910138" lon="138.038836">
        <ele>1702.26</ele>
      </trkpt>
      <trkpt lat="36.910086" lon="138.038888">
        <ele>1700.17</ele>
      </trkpt>
      <trkpt lat="36.909985" lon="138.038936">
        <ele>1696.4</ele>
      </trkpt>
      <trkpt lat="36.910029" lon="138.039204">
        <ele>1695.92</ele>
      </trkpt>
      <trkpt lat="36.909996" lon="138.039262">
        <ele>1694.1</ele>
      </trkpt>
      <trkpt lat="36.909918" lon="138.039308">
        <ele>1690.41</ele>
      </trkpt>
      <trkpt lat="36.909835" lon="138.039305">
        <ele>1686.93</ele>
      </trkpt>
      <trkpt lat="36.909774" lon="138.039247">
        <ele>1685.08</ele>
      </trkpt>
      <trkpt lat="36.909653" lon="138.039199">
        <ele>1680.84</ele>
      </trkpt>
      <trkpt lat="36.909607" lon="138.039207">
        <ele>1678.85</ele>
      </trkpt>
      <trkpt lat="36.909499" lon="138.039172">
        <ele>1675.19</ele>
      </trkpt>
      <trkpt lat="36.909468" lon="138.039233">
        <ele>1672.86</ele>
      </trkpt>
      <trkpt lat="36.909459" lon="138.039403">
        <ele>1669.28</ele>
      </trkpt>
      <trkpt lat="36.909519" lon="138.039643">
        <ele>1667.26</ele>
      </trkpt>
      <trkpt lat="36.909574" lon="138.0398">
        <ele>1667.6</ele>
      </trkpt>
      <trkpt lat="36.909588" lon="138.039918">
        <ele>1666.54</ele>
      </trkpt>
      <trkpt lat="36.909529" lon="138.040119">
        <ele>1660.4</ele>
      </trkpt>
      <trkpt lat="36.909474" lon="138.040391">
        <ele>1653.32</ele>
      </trkpt>
      <trkpt lat="36.909407" lon="138.040595">
        <ele>1647.64</ele>
      </trkpt>
      <trkpt lat="36.909346" lon="138.040725">
        <ele>1643.69</ele>
      </trkpt>
      <trkpt lat="36.90932" lon="138.040812">
        <ele>1641.75</ele>
      </trkpt>
      <trkpt lat="36.909246" lon="138.04091">
        <ele>1637.74</ele>
      </trkpt>
      <trkpt lat="36.90921" lon="138.040925">
        <ele>1636.1</ele>
      </trkpt>
      <trkpt lat="36.909185" lon="138.040985">
        <ele>1634.56</ele>
      </trkpt>
      <trkpt lat="36.909104" lon="138.041078">
        <ele>1630.48</ele>
      </trkpt>
      <trkpt lat="36.909076" lon="138.041153">
        <ele>1628.76</ele>
      </trkpt>
      <trkpt lat="36.908988" lon="138.041203">
        <ele>1624.91</ele>
      </trkpt>
      <trkpt lat="36.908913" lon="138.04127">
        <ele>1621.51</ele>
      </trkpt>
      <trkpt lat="36.908883" lon="138.041376">
        <ele>1620.31</ele>
      </trkpt>
      <trkpt lat="36.908844" lon="138.041574">
        <ele>1621.31</ele>
      </trkpt>
      <trkpt lat="36.908794" lon="138.041583">
        <ele>1619.62</ele>
      </trkpt>
      <trkpt lat="36.908683" lon="138.041646">
        <ele>1616.52</ele>
      </trkpt>
      <trkpt lat="36.90853" lon="138.04166">
        <ele>1612.67</ele>
      </trkpt>
      <trkpt lat="36.90836" lon="138.041561">
        <ele>1607.27</ele>
      </trkpt>
      <trkpt lat="36.908201" lon="138.04132">
        <ele>1600.79</ele>
      </trkpt>
      <trkpt lat="36.908053" lon="138.041236">
        <ele>1597.68</ele>
      </trkpt>
      <trkpt lat="36.908013" lon="138.041195">
        <ele>1596.88</ele>
      </trkpt>
      <trkpt lat="36.907987" lon="138.041112">
        <ele>1596.51</ele>
      </trkpt>
      <trkpt lat="36.907946" lon="138.041063">
        <ele>1595.67</ele>
      </trkpt>
      <trkpt lat="36.907837" lon="138.041044">
        <ele>1593.17</ele>
      </trkpt>
      <trkpt lat="36.907756" lon="138.041048">
        <ele>1591.13</ele>
      </trkpt>
      <trkpt lat="36.907681" lon="138.041117">
        <ele>1589.11</ele>
      </trkpt>
      <trkpt lat="36.907469" lon="138.041266">
        <ele>1583.7</ele>
      </trkpt>
      <trkpt lat="36.907184" lon="138.041314">
        <ele>1576.78</ele>
      </trkpt>
      <trkpt lat="36.907137" lon="138.041335">
        <ele>1575.66</ele>
      </trkpt>
      <trkpt lat="36.907033" lon="138.041338">
        <ele>1573.16</ele>
      </trkpt>
      <trkpt lat="36.906927" lon="138.041397">
        <ele>1570.94</ele>
      </trkpt>
      <trkpt lat="36.906881" lon="138.041474">
        <ele>1570.41</ele>
      </trkpt>
      <trkpt lat="36.906773" lon="138.041527">
        <ele>1567.83</ele>
      </trkpt>
      <trkpt lat="36.906617" lon="138.041521">
        <ele>1563.18</ele>
      </trkpt>
      <trkpt lat="36.906456" lon="138.041473">
        <ele>1558.02</ele>
      </trkpt>
      <trkpt lat="36.90635" lon="138.041523">
        <ele>1555.38</ele>
      </trkpt>
      <trkpt lat="36.906287" lon="138.04154">
        <ele>1553.68</ele>
      </trkpt>
      <trkpt lat="36.906203" lon="138.041596">
        <ele>1551.69</ele>
      </trkpt>
      <trkpt lat="36.906065" lon="138.041661">
        <ele>1548.94</ele>
      </trkpt>
      <trkpt lat="36.90596" lon="138.041667">
        <ele>1546.86</ele>
      </trkpt>
      <trkpt lat="36.905852" lon="138.041645">
        <ele>1544.53</ele>
      </trkpt>
      <trkpt lat="36.905725" lon="138.041664">
        <ele>1542.06</ele>
      </trkpt>
      <trkpt lat="36.905715" lon="138.041641">
        <ele>1541.73</ele>
      </trkpt>
      <trkpt lat="36.905601" lon="138.041521">
        <ele>1538.91</ele>
      </trkpt>
      <trkpt lat="36.905469" lon="138.041465">
        <ele>1536.16</ele>
      </trkpt>
      <trkpt lat="36.904925" lon="138.041397">
        <ele>1524.94</ele>
      </trkpt>
      <trkpt lat="36.904777" lon="138.041408">
        <ele>1521.96</ele>
      </trkpt>
      <trkpt lat="36.90469" lon="138.041386">
        <ele>1519.92</ele>
      </trkpt>
      <trkpt lat="36.904506" lon="138.041136">
        <ele>1514.94</ele>
      </trkpt>
      <trkpt lat="36.904336" lon="138.040936">
        <ele>1510.9</ele>
      </trkpt>
      <trkpt lat="36.903844" lon="138.040516">
        <ele>1500.7</ele>
      </trkpt>
      <trkpt lat="36.903723" lon="138.040436">
        <ele>1500.23</ele>
      </trkpt>
      <trkpt lat="36.903527" lon="138.040345">
        <ele>1500.72</ele>
      </trkpt>
      <trkpt lat="36.903424" lon="138.040317">
        <ele>1501.11</ele>
      </trkpt>
      <trkpt lat="36.903147" lon="138.040316">
        <ele>1500.08</ele>
      </trkpt>
      <trkpt lat="36.903061" lon="138.040324">
        <ele>1499.44</ele>
      </trkpt>
      <trkpt lat="36.902721" lon="138.040482">
        <ele>1493.77</ele>
      </trkpt>
      <trkpt lat="36.902652" lon="138.040494">
        <ele>1494.5</ele>
      </trkpt>
      <trkpt lat="36.902446" lon="138.040495">
        <ele>1498.23</ele>
      </trkpt>
      <trkpt lat="36.902325" lon="138.040516">
        <ele>1499.68</ele>
      </trkpt>
      <trkpt lat="36.902113" lon="138.040599">
        <ele>1501.41</ele>
      </trkpt>
      <trkpt lat="36.90196" lon="138.040713">
        <ele>1500.58</ele>
      </trkpt>
      <trkpt lat="36.901825" lon="138.040782">
        <ele>1500.13</ele>
      </trkpt>
      <trkpt lat="36.901561" lon="138.040855">
        <ele>1500.59</ele>
      </trkpt>
      <trkpt lat="36.901402" lon="138.040961">
        <ele>1498.44</ele>
      </trkpt>
      <trkpt lat="36.901238" lon="138.041148">
        <ele>1492.86</ele>
      </trkpt>
      <trkpt lat="36.901122" lon="138.041357">
        <ele>1485.36</ele>
      </trkpt>
      <trkpt lat="36.901047" lon="138.04141">
        <ele>1483.4</ele>
      </trkpt>
      <trkpt lat="36.900967" lon="138.04145">
        <ele>1481.78</ele>
      </trkpt>
      <trkpt lat="36.900869" lon="138.041711">
        <ele>1474.2</ele>
      </trkpt>
      <trkpt lat="36.900831" lon="138.04175">
        <ele>1472.9</ele>
      </trkpt>
      <trkpt lat="36.900801" lon="138.041824">
        <ele>1470.73</ele>
      </trkpt>
      <trkpt lat="36.900658" lon="138.04183">
        <ele>1469.52</ele>
      </trkpt>
      <trkpt lat="36.900601" lon="138.041789">
        <ele>1470.21</ele>
      </trkpt>
      <trkpt lat="36.900531" lon="138.041759">
        <ele>1470.49</ele>
      </trkpt>
      <trkpt lat="36.9004" lon="138.041727">
        <ele>1470.4</ele>
      </trkpt>
      <trkpt lat="36.90032" lon="138.041726">
        <ele>1469.85</ele>
      </trkpt>
      <trkpt lat="36.900218" lon="138.041781">
        <ele>1467.61</ele>
      </trkpt>
      <trkpt lat="36.900144" lon="138.041779">
        <ele>1467.07</ele>
      </trkpt>
      <trkpt lat="36.900098" lon="138.041798">
        <ele>1466.22</ele>
      </trkpt>
      <trkpt lat="36.900033" lon="138.041789">
        <ele>1465.97</ele>
      </trkpt>
      <trkpt lat="36.899978" lon="138.041712">
        <ele>1467.51</ele>
      </trkpt>
      <trkpt lat="36.899817" lon="138.041633">
        <ele>1468.28</ele>
      </trkpt>
      <trkpt lat="36.899686" lon="138.041547">
        <ele>1469.43</ele>
      </trkpt>
      <trkpt lat="36.899647" lon="138.041547">
        <ele>1469.11</ele>
      </trkpt>
      <trkpt lat="36.899476" lon="138.041429">
        <ele>1470.74</ele>
      </trkpt>
      <trkpt lat="36.89941" lon="138.041424">
        <ele>1470.68</ele>
      </trkpt>
      <trkpt lat="36.899361" lon="138.041402">
        <ele>1471.09</ele>
      </trkpt>
      <trkpt lat="36.899245" lon="138.041445">
        <ele>1469.65</ele>
      </trkpt>
      <trkpt lat="36.89905" lon="138.04145">
        <ele>1468.92</ele>
      </trkpt>
      <trkpt lat="36.898865" lon="138.041425">
        <ele>1469.08</ele>
      </trkpt>
      <trkpt lat="36.898248" lon="138.041452">
        <ele>1458.52</ele>
      </trkpt>
      <trkpt lat="36.897895" lon="138.0415">
        <ele>1449.49</ele>
      </trkpt>
      <trkpt lat="36.897752" lon="138.041502">
        <ele>1447.65</ele>
      </trkpt>
      <trkpt lat="36.897513" lon="138.041558">
        <ele>1446.29</ele>
      </trkpt>
      <trkpt lat="36.897345" lon="138.041632">
        <ele>1444.69</ele>
      </trkpt>
      <trkpt lat="36.897048" lon="138.041629">
        <ele>1444.51</ele>
      </trkpt>
      <trkpt lat="36.896829" lon="138.041708">
        <ele>1450.5</ele>
      </trkpt>
      <trkpt lat="36.896702" lon="138.041766">
        <ele>1455.46</ele>
      </trkpt>
      <trkpt lat="36.89655" lon="138.041918">
        <ele>1459.23</ele>
      </trkpt>
      <trkpt lat="36.896467" lon="138.04208">
        <ele>1459.22</ele>
      </trkpt>
      <trkpt lat="36.896203" lon="138.042336">
        <ele>1459.22</ele>
      </trkpt>
      <trkpt lat="36.895926" lon="138.042461">
        <ele>1458.33</ele>
      </trkpt>
      <trkpt lat="36.895683" lon="138.042589">
        <ele>1457.32</ele>
      </trkpt>
      <trkpt lat="36.895178" lon="138.042813">
        <ele>1456.17</ele>
      </trkpt>
      <trkpt lat="36.89489" lon="138.042916">
        <ele>1450.86</ele>
      </trkpt>
      <trkpt lat="36.894636" lon="138.042976">
        <ele>1448.66</ele>
      </trkpt>
      <trkpt lat="36.894571" lon="138.043071">
        <ele>1447.65</ele>
      </trkpt>
      <trkpt lat="36.894554" lon="138.043183">
        <ele>1446.7</ele>
      </trkpt>
      <trkpt lat="36.894513" lon="138.043292">
        <ele>1446.07</ele>
      </trkpt>
      <trkpt lat="36.894438" lon="138.043395">
        <ele>1444.02</ele>
      </trkpt>
      <trkpt lat="36.89435" lon="138.043473">
        <ele>1440.08</ele>
      </trkpt>
      <trkpt lat="36.894248" lon="138.043524">
        <ele>1435.61</ele>
      </trkpt>
      <trkpt lat="36.89415" lon="138.043547">
        <ele>1431.42</ele>
      </trkpt>
      <trkpt lat="36.894078" lon="138.043524">
        <ele>1428.84</ele>
      </trkpt>
      <trkpt lat="36.893648" lon="138.043222">
        <ele>1418.36</ele>
      </trkpt>
      <trkpt lat="36.893576" lon="138.043128">
        <ele>1421.04</ele>
      </trkpt>
      <trkpt lat="36.893465" lon="138.043061">
        <ele>1423.91</ele>
      </trkpt>
      <trkpt lat="36.893406" lon="138.043044">
        <ele>1425.1</ele>
      </trkpt>
      <trkpt lat="36.893124" lon="138.043149">
        <ele>1424.31</ele>
      </trkpt>
      <trkpt lat="36.892968" lon="138.043361">
        <ele>1416.04</ele>
      </trkpt>
      <trkpt lat="36.892913" lon="138.043401">
        <ele>1414.21</ele>
      </trkpt>
      <trkpt lat="36.892822" lon="138.043423">
        <ele>1413.07</ele>
      </trkpt>
      <trkpt lat="36.892652" lon="138.043492">
        <ele>1416.95</ele>
      </trkpt>
      <trkpt lat="36.892442" lon="138.043548">
        <ele>1423.85</ele>
      </trkpt>
      <trkpt lat="36.892221" lon="138.043582">
        <ele>1432.51</ele>
      </trkpt>
      <trkpt lat="36.892136" lon="138.043641">
        <ele>1433.92</ele>
      </trkpt>
      <trkpt lat="36.892042" lon="138.043759">
        <ele>1433.45</ele>
      </trkpt>
      <trkpt lat="36.891946" lon="138.043853">
        <ele>1432.53</ele>
      </trkpt>
      <trkpt lat="36.89187" lon="138.043897">
        <ele>1430.58</ele>
      </trkpt>
      <trkpt lat="36.891786" lon="138.0439">
        <ele>1430.76</ele>
      </trkpt>
      <trkpt lat="36.891721" lon="138.043867">
        <ele>1432.61</ele>
      </trkpt>
      <trkpt lat="36.891641" lon="138.043787">
        <ele>1436.58</ele>
      </trkpt>
      <trkpt lat="36.891506" lon="138.043595">
        <ele>1445.74</ele>
      </trkpt>
      <trkpt lat="36.891471" lon="138.043566">
        <ele>1447.27</ele>
      </trkpt>
      <trkpt lat="36.891341" lon="138.043631">
        <ele>1445.01</ele>
      </trkpt>
      <trkpt lat="36.891248" lon="138.043702">
        <ele>1442.16</ele>
      </trkpt>
      <trkpt lat="36.891145" lon="138.043729">
        <ele>1441.3</ele>
      </trkpt>
      <trkpt lat="36.89104" lon="138.043706">
        <ele>1440.88</ele>
      </trkpt>
      <trkpt lat="36.890958" lon="138.043704">
        <ele>1439.82</ele>
      </trkpt>
      <trkpt lat="36.890826" lon="138.043634">
        <ele>1441.26</ele>
      </trkpt>
      <trkpt lat="36.890693" lon="138.043528">
        <ele>1444.44</ele>
      </trkpt>
      <trkpt lat="36.890582" lon="138.043461">
        <ele>1446.06</ele>
      </trkpt>
      <trkpt lat="36.890461" lon="138.043434">
        <ele>1445.63</ele>
      </trkpt>
      <trkpt lat="36.890269" lon="138.043313">
        <ele>1449.45</ele>
      </trkpt>
      <trkpt lat="36.890055" lon="138.04315">
        <ele>1459.31</ele>
      </trkpt>
      <trkpt lat="36.889913" lon="138.043058">
        <ele>1466.15</ele>
      </trkpt>
      <trkpt lat="36.889737" lon="138.042997">
        <ele>1472.2</ele>
      </trkpt>
      <trkpt lat="36.88958" lon="138.042957">
        <ele>1476.48</ele>
      </trkpt>
      <trkpt lat="36.88948" lon="138.042956">
        <ele>1477.88</ele>
      </trkpt>
      <trkpt lat="36.889251" lon="138.043049">
        <ele>1468.13</ele>
      </trkpt>
      <trkpt lat="36.889167" lon="138.043059">
        <ele>1466.14</ele>
      </trkpt>
      <trkpt lat="36.888956" lon="138.043056">
        <ele>1463.04</ele>
      </trkpt>
      <trkpt lat="36.888735" lon="138.043145">
        <ele>1454.23</ele>
      </trkpt>
      <trkpt lat="36.888592" lon="138.043166">
        <ele>1450.91</ele>
      </trkpt>
      <trkpt lat="36.888476" lon="138.043153">
        <ele>1449.69</ele>
      </trkpt>
      <trkpt lat="36.888351" lon="138.043107">
        <ele>1450.23</ele>
      </trkpt>
      <trkpt lat="36.888084" lon="138.042968">
        <ele>1452.56</ele>
      </trkpt>
      <trkpt lat="36.887921" lon="138.04292">
        <ele>1450.78</ele>
      </trkpt>
      <trkpt lat="36.887682" lon="138.04278">
        <ele>1447.92</ele>
      </trkpt>
      <trkpt lat="36.887535" lon="138.042683">
        <ele>1445.75</ele>
      </trkpt>
      <trkpt lat="36.887152" lon="138.042705">
        <ele>1434.6</ele>
      </trkpt>
      <trkpt lat="36.886867" lon="138.042649">
        <ele>1429.29</ele>
      </trkpt>
      <trkpt lat="36.886723" lon="138.042567">
        <ele>1428.67</ele>
      </trkpt>
      <trkpt lat="36.886654" lon="138.042514">
        <ele>1428.54</ele>
      </trkpt>
      <trkpt lat="36.886578" lon="138.042484">
        <ele>1427.87</ele>
      </trkpt>
      <trkpt lat="36.886488" lon="138.042497">
        <ele>1426.29</ele>
      </trkpt>
      <trkpt lat="36.886344" lon="138.042635">
        <ele>1422.22</ele>
      </trkpt>
      <trkpt lat="36.886175" lon="138.042886">
        <ele>1416.78</ele>
      </trkpt>
      <trkpt lat="36.886019" lon="138.043013">
        <ele>1413.82</ele>
      </trkpt>
      <trkpt lat="36.885806" lon="138.043073">
        <ele>1411.22</ele>
      </trkpt>
      <trkpt lat="36.885661" lon="138.04322">
        <ele>1408.47</ele>
      </trkpt>
      <trkpt lat="36.885517" lon="138.043496">
        <ele>1405.2</ele>
      </trkpt>
      <trkpt lat="36.885345" lon="138.043643">
        <ele>1404.13</ele>
      </trkpt>
      <trkpt lat="36.884882" lon="138.044">
        <ele>1387.44</ele>
      </trkpt>
      <trkpt lat="36.884863" lon="138.044014">
        <ele>1386.75</ele>
      </trkpt>
      <trkpt lat="36.884755" lon="138.044034">
        <ele>1383.2</ele>
      </trkpt>
      <trkpt lat="36.884659" lon="138.044027">
        <ele>1380.45</ele>
      </trkpt>
      <trkpt lat="36.884574" lon="138.043995">
        <ele>1378.41</ele>
      </trkpt>
      <trkpt lat="36.884371" lon="138.043886">
        <ele>1376.44</ele>
      </trkpt>
      <trkpt lat="36.884308" lon="138.043883">
        <ele>1376.01</ele>
      </trkpt>
      <trkpt lat="36.884151" lon="138.044063">
        <ele>1371.31</ele>
      </trkpt>
      <trkpt lat="36.883973" lon="138.044369">
        <ele>1363.01</ele>
      </trkpt>
      <trkpt lat="36.883927" lon="138.04438">
        <ele>1362.16</ele>
      </trkpt>
      <trkpt lat="36.883878" lon="138.044415">
        <ele>1360.73</ele>
      </trkpt>
      <trkpt lat="36.883778" lon="138.044576">
        <ele>1355.52</ele>
      </trkpt>
      <trkpt lat="36.883717" lon="138.044699">
        <ele>1351.28</ele>
      </trkpt>
      <trkpt lat="36.883689" lon="138.044828">
        <ele>1346.18</ele>
      </trkpt>
      <trkpt lat="36.883714" lon="138.044983">
        <ele>1341.03</ele>
      </trkpt>
      <trkpt lat="36.883686" lon="138.045013">
        <ele>1339.48</ele>
      </trkpt>
      <trkpt lat="36.883625" lon="138.044974">
        <ele>1340.22</ele>
      </trkpt>
      <trkpt lat="36.883575" lon="138.044973">
        <ele>1340.29</ele>
      </trkpt>
      <trkpt lat="36.883533" lon="138.045013">
        <ele>1338.94</ele>
      </trkpt>
      <trkpt lat="36.883518" lon="138.045251">
        <ele>1330.83</ele>
      </trkpt>
      <trkpt lat="36.883504" lon="138.045301">
        <ele>1329.22</ele>
      </trkpt>
      <trkpt lat="36.883349" lon="138.045725">
        <ele>1320.38</ele>
      </trkpt>
      <trkpt lat="36.883234" lon="138.045926">
        <ele>1320.41</ele>
      </trkpt>
      <trkpt lat="36.883102" lon="138.046095">
        <ele>1323</ele>
      </trkpt>
      <trkpt lat="36.882934" lon="138.046161">
        <ele>1328.52</ele>
      </trkpt>
      <trkpt lat="36.882749" lon="138.046176">
        <ele>1337.06</ele>
      </trkpt>
      <trkpt lat="36.88275" lon="138.046324">
        <ele>1338.1</ele>
      </trkpt>
      <trkpt lat="36.882814" lon="138.046508">
        <ele>1334.59</ele>
      </trkpt>
      <trkpt lat="36.882936" lon="138.046617">
        <ele>1329.55</ele>
      </trkpt>
      <trkpt lat="36.883016" lon="138.046755">
        <ele>1326.28</ele>
      </trkpt>
      <trkpt lat="36.883069" lon="138.046918">
        <ele>1324.07</ele>
      </trkpt>
      <trkpt lat="36.883088" lon="138.047044">
        <ele>1323.37</ele>
      </trkpt>
      <trkpt lat="36.883076" lon="138.047345">
        <ele>1322.06</ele>
      </trkpt>
      <trkpt lat="36.883006" lon="138.047565">
        <ele>1322.71</ele>
      </trkpt>
      <trkpt lat="36.882844" lon="138.04772">
        <ele>1328.38</ele>
      </trkpt>
      <trkpt lat="36.882801" lon="138.047856">
        <ele>1328.48</ele>
      </trkpt>
      <trkpt lat="36.882752" lon="138.048239">
        <ele>1324.15</ele>
      </trkpt>
      <trkpt lat="36.882695" lon="138.048449">
        <ele>1322.28</ele>
      </trkpt>
      <trkpt lat="36.882579" lon="138.048693">
        <ele>1321.28</ele>
      </trkpt>
      <trkpt lat="36.882415" lon="138.04898">
        <ele>1319.79</ele>
      </trkpt>
      <trkpt lat="36.882322" lon="138.049359">
        <ele>1313.19</ele>
      </trkpt>
      <trkpt lat="36.882218" lon="138.049591">
        <ele>1309.94</ele>
      </trkpt>
      <trkpt lat="36.882165" lon="138.04976">
        <ele>1307.78</ele>
      </trkpt>
      <trkpt lat="36.882056" lon="138.049943">
        <ele>1307.52</ele>
      </trkpt>
      <trkpt lat="36.881913" lon="138.050079">
        <ele>1309.62</ele>
      </trkpt>
      <trkpt lat="36.881859" lon="138.050179">
        <ele>1310.4</ele>
      </trkpt>
      <trkpt lat="36.881872" lon="138.050558">
        <ele>1305.39</ele>
      </trkpt>
      <trkpt lat="36.881834" lon="138.051024">
        <ele>1301.87</ele>
      </trkpt>
      <trkpt lat="36.881675" lon="138.051717">
        <ele>1298.85</ele>
      </trkpt>
      <trkpt lat="36.881646" lon="138.051931">
        <ele>1297.12</ele>
      </trkpt>
      <trkpt lat="36.881623" lon="138.052886">
        <ele>1286.56</ele>
      </trkpt>
      <trkpt lat="36.881429" lon="138.053116">
        <ele>1288.82</ele>
      </trkpt>
      <trkpt lat="36.881229" lon="138.053324">
        <ele>1288.45</ele>
      </trkpt>
      <trkpt lat="36.881016" lon="138.053451">
        <ele>1287.61</ele>
      </trkpt>
      <trkpt lat="36.880668" lon="138.053611">
        <ele>1286.15</ele>
      </trkpt>
      <trkpt lat="36.880528" lon="138.053746">
        <ele>1283.12</ele>
      </trkpt>
      <trkpt lat="36.880362" lon="138.054154">
        <ele>1274.62</ele>
      </trkpt>
      <trkpt lat="36.880383" lon="138.054188">
        <ele>1273.78</ele>
      </trkpt>
      <trkpt lat="36.880425" lon="138.054258">
        <ele>1272.05</ele>
      </trkpt>
      <trkpt lat="36.88048" lon="138.054372">
        <ele>1269.47</ele>
      </trkpt>
      <trkpt lat="36.880728" lon="138.054924">
        <ele>1264.56</ele>
      </trkpt>
      <trkpt lat="36.880762" lon="138.055055">
        <ele>1263.47</ele>
      </trkpt>
      <trkpt lat="36.880958" lon="138.055031">
        <ele>1264.61</ele>
      </trkpt>
      <trkpt lat="36.881082" lon="138.054913">
        <ele>1264.86</ele>
      </trkpt>
      <trkpt lat="36.88125" lon="138.054835">
        <ele>1266.4</ele>
      </trkpt>
      <trkpt lat="36.881532" lon="138.054498">
        <ele>1269.37</ele>
      </trkpt>
      <trkpt lat="36.881637" lon="138.054245">
        <ele>1270.79</ele>
      </trkpt>
      <trkpt lat="36.88177" lon="138.054077">
        <ele>1271.14</ele>
      </trkpt>
      <trkpt lat="36.881907" lon="138.053837">
        <ele>1270.39</ele>
      </trkpt>
      <trkpt lat="36.88212" lon="138.053698">
        <ele>1272.5</ele>
      </trkpt>
      <trkpt lat="36.882205" lon="138.053692">
        <ele>1273.63</ele>
      </trkpt>
      <trkpt lat="36.882283" lon="138.053704">
        <ele>1274.53</ele>
      </trkpt>
      <trkpt lat="36.882482" lon="138.05392">
        <ele>1275.96</ele>
      </trkpt>
      <trkpt lat="36.882576" lon="138.054087">
        <ele>1278.23</ele>
      </trkpt>
      <trkpt lat="36.882956" lon="138.05424">
        <ele>1283.11</ele>
      </trkpt>
      <trkpt lat="36.883348" lon="138.05424">
        <ele>1285.27</ele>
      </trkpt>
      <trkpt lat="36.883445" lon="138.054307">
        <ele>1286.18</ele>
      </trkpt>
      <trkpt lat="36.883615" lon="138.054372">
        <ele>1287.39</ele>
      </trkpt>
      <trkpt lat="36.883714" lon="138.05437">
        <ele>1287.93</ele>
      </trkpt>
      <trkpt lat="36.883792" lon="138.054407">
        <ele>1288.5</ele>
      </trkpt>
      <trkpt lat="36.883951" lon="138.054415">
        <ele>1289.37</ele>
      </trkpt>
      <trkpt lat="36.884025" lon="138.054443">
        <ele>1289.73</ele>
      </trkpt>
      <trkpt lat="36.884034" lon="138.054467">
        <ele>1289.74</ele>
      </trkpt>
      <trkpt lat="36.883992" lon="138.054536">
        <ele>1289.51</ele>
      </trkpt>
      <trkpt lat="36.88394" lon="138.054571">
        <ele>1289.33</ele>
      </trkpt>
      <trkpt lat="36.883798" lon="138.05476">
        <ele>1292.38</ele>
      </trkpt>
      <trkpt lat="36.88389" lon="138.054898">
        <ele>1297.54</ele>
      </trkpt>
      <trkpt lat="36.883666" lon="138.055016">
        <ele>1302.43</ele>
      </trkpt>
      <trkpt lat="36.883574" lon="138.055035">
        <ele>1302.95</ele>
      </trkpt>
      <trkpt lat="36.883467" lon="138.0551">
        <ele>1305.16</ele>
      </trkpt>
      <trkpt lat="36.883442" lon="138.055198">
        <ele>1308.95</ele>
      </trkpt>
      <trkpt lat="36.883536" lon="138.05533">
        <ele>1314.49</ele>
      </trkpt>
      <trkpt lat="36.883595" lon="138.055379">
        <ele>1316.67</ele>
      </trkpt>
      <trkpt lat="36.883663" lon="138.055563">
        <ele>1323.44</ele>
      </trkpt>
      <trkpt lat="36.883804" lon="138.055563">
        <ele>1322.46</ele>
      </trkpt>
      <trkpt lat="36.883908" lon="138.055633">
        <ele>1323.82</ele>
      </trkpt>
      <trkpt lat="36.884076" lon="138.055598">
        <ele>1321.64</ele>
      </trkpt>
      <trkpt lat="36.884242" lon="138.055605">
        <ele>1320.71</ele>
      </trkpt>
      <trkpt lat="36.884385" lon="138.05563">
        <ele>1320.56</ele>
      </trkpt>
      <trkpt lat="36.884468" lon="138.055805">
        <ele>1325.64</ele>
      </trkpt>
      <trkpt lat="36.884542" lon="138.055925">
        <ele>1328.19</ele>
      </trkpt>
      <trkpt lat="36.884643" lon="138.056037">
        <ele>1329.34</ele>
      </trkpt>
      <trkpt lat="36.884659" lon="138.056129">
        <ele>1331.66</ele>
      </trkpt>
      <trkpt lat="36.884703" lon="138.056192">
        <ele>1332.34</ele>
      </trkpt>
      <trkpt lat="36.884816" lon="138.056443">
        <ele>1336.27</ele>
      </trkpt>
      <trkpt lat="36.885059" lon="138.056675">
        <ele>1338.1</ele>
      </trkpt>
      <trkpt lat="36.885171" lon="138.056749">
        <ele>1338.67</ele>
      </trkpt>
      <trkpt lat="36.885356" lon="138.056957">
        <ele>1344.19</ele>
      </trkpt>
      <trkpt lat="36.885374" lon="138.057037">
        <ele>1347.11</ele>
      </trkpt>
      <trkpt lat="36.88548" lon="138.057205">
        <ele>1350.57</ele>
      </trkpt>
      <trkpt lat="36.885607" lon="138.057269">
        <ele>1348.96</ele>
      </trkpt>
      <trkpt lat="36.885921" lon="138.057501">
        <ele>1348.49</ele>
      </trkpt>
      <trkpt lat="36.886" lon="138.057619">
        <ele>1350.57</ele>
      </trkpt>
      <trkpt lat="36.885943" lon="138.057697">
        <ele>1353.63</ele>
      </trkpt>
      <trkpt lat="36.885796" lon="138.057752">
        <ele>1357</ele>
      </trkpt>
      <trkpt lat="36.885679" lon="138.057925">
        <ele>1362.43</ele>
      </trkpt>
      <trkpt lat="36.885554" lon="138.058023">
        <ele>1365.34</ele>
      </trkpt>
      <trkpt lat="36.885353" lon="138.058122">
        <ele>1366.81</ele>
      </trkpt>
      <trkpt lat="36.885118" lon="138.058337">
        <ele>1365.63</ele>
      </trkpt>
      <trkpt lat="36.884824" lon="138.0585">
        <ele>1363.92</ele>
      </trkpt>
      <trkpt lat="36.884759" lon="138.058736">
        <ele>1364.08</ele>
      </trkpt>
      <trkpt lat="36.884648" lon="138.058829">
        <ele>1363.76</ele>
      </trkpt>
      <trkpt lat="36.884564" lon="138.05899">
        <ele>1364.98</ele>
      </trkpt>
      <trkpt lat="36.884452" lon="138.059105">
        <ele>1365.54</ele>
      </trkpt>
      <trkpt lat="36.884349" lon="138.059274">
        <ele>1366.22</ele>
      </trkpt>
      <trkpt lat="36.88404" lon="138.059495">
        <ele>1364.69</ele>
      </trkpt>
      <trkpt lat="36.883919" lon="138.059608">
        <ele>1364.07</ele>
      </trkpt>
      <trkpt lat="36.88365" lon="138.059916">
        <ele>1362.18</ele>
      </trkpt>
      <trkpt lat="36.883653" lon="138.060001">
        <ele>1362.63</ele>
      </trkpt>
      <trkpt lat="36.883638" lon="138.060059">
        <ele>1362.7</ele>
      </trkpt>
      <trkpt lat="36.883517" lon="138.060069">
        <ele>1361.09</ele>
      </trkpt>
      <trkpt lat="36.88336" lon="138.060111">
        <ele>1359.11</ele>
      </trkpt>
      <trkpt lat="36.88309" lon="138.06026">
        <ele>1355.97</ele>
      </trkpt>
      <trkpt lat="36.882907" lon="138.060481">
        <ele>1354.24</ele>
      </trkpt>
      <trkpt lat="36.882814" lon="138.060549">
        <ele>1353.05</ele>
      </trkpt>
      <trkpt lat="36.882682" lon="138.060557">
        <ele>1350.82</ele>
      </trkpt>
      <trkpt lat="36.882531" lon="138.060669">
        <ele>1348.25</ele>
      </trkpt>
      <trkpt lat="36.882468" lon="138.06076">
        <ele>1347.11</ele>
      </trkpt>
      <trkpt lat="36.882282" lon="138.060906">
        <ele>1343.63</ele>
      </trkpt>
      <trkpt lat="36.882142" lon="138.061058">
        <ele>1340.77</ele>
      </trkpt>
      <trkpt lat="36.881966" lon="138.06131">
        <ele>1337.04</ele>
      </trkpt>
      <trkpt lat="36.881906" lon="138.06153">
        <ele>1337.79</ele>
      </trkpt>
      <trkpt lat="36.881734" lon="138.06161">
        <ele>1338.07</ele>
      </trkpt>
      <trkpt lat="36.881661" lon="138.061779">
        <ele>1339.13</ele>
      </trkpt>
      <trkpt lat="36.881605" lon="138.061857">
        <ele>1339.67</ele>
      </trkpt>
      <trkpt lat="36.881476" lon="138.061873">
        <ele>1339.87</ele>
      </trkpt>
      <trkpt lat="36.881322" lon="138.062021">
        <ele>1341.24</ele>
      </trkpt>
      <trkpt lat="36.881206" lon="138.06216">
        <ele>1342.7</ele>
      </trkpt>
      <trkpt lat="36.881107" lon="138.062241">
        <ele>1343.17</ele>
      </trkpt>
      <trkpt lat="36.880904" lon="138.062372">
        <ele>1342.65</ele>
      </trkpt>
      <trkpt lat="36.880826" lon="138.062482">
        <ele>1342.89</ele>
      </trkpt>
      <trkpt lat="36.880721" lon="138.062664">
        <ele>1343.44</ele>
      </trkpt>
      <trkpt lat="36.880655" lon="138.062828">
        <ele>1344.14</ele>
      </trkpt>
      <trkpt lat="36.88044" lon="138.062989">
        <ele>1343.76</ele>
      </trkpt>
      <trkpt lat="36.88032" lon="138.06319">
        <ele>1344.99</ele>
      </trkpt>
      <trkpt lat="36.880219" lon="138.063456">
        <ele>1346.72</ele>
      </trkpt>
      <trkpt lat="36.880076" lon="138.063669">
        <ele>1347.1</ele>
      </trkpt>
      <trkpt lat="36.880021" lon="138.063751">
        <ele>1347.25</ele>
      </trkpt>
      <trkpt lat="36.879945" lon="138.063798">
        <ele>1346.71</ele>
      </trkpt>
      <trkpt lat="36.879796" lon="138.06396">
        <ele>1346.22</ele>
      </trkpt>
      <trkpt lat="36.879711" lon="138.064266">
        <ele>1347.96</ele>
      </trkpt>
      <trkpt lat="36.879683" lon="138.064445">
        <ele>1349.27</ele>
      </trkpt>
      <trkpt lat="36.87979" lon="138.06504">
        <ele>1358.39</ele>
      </trkpt>
      <trkpt lat="36.879817" lon="138.065257">
        <ele>1361.92</ele>
      </trkpt>
      <trkpt lat="36.879838" lon="138.065336">
        <ele>1363.22</ele>
      </trkpt>
      <trkpt lat="36.879871" lon="138.06539">
        <ele>1364.16</ele>
      </trkpt>
      <trkpt lat="36.879927" lon="138.065444">
        <ele>1365.13</ele>
      </trkpt>
      <trkpt lat="36.880006" lon="138.065548">
        <ele>1366.92</ele>
      </trkpt>
      <trkpt lat="36.880079" lon="138.065625">
        <ele>1368.41</ele>
      </trkpt>
      <trkpt lat="36.880119" lon="138.065654">
        <ele>1368.97</ele>
      </trkpt>
      <trkpt lat="36.880181" lon="138.065675">
        <ele>1369.4</ele>
      </trkpt>
      <trkpt lat="36.880235" lon="138.065715">
        <ele>1370.11</ele>
      </trkpt>
      <trkpt lat="36.880346" lon="138.06595">
        <ele>1374.12</ele>
      </trkpt>
      <trkpt lat="36.880421" lon="138.066046">
        <ele>1376.21</ele>
      </trkpt>
      <trkpt lat="36.880548" lon="138.066158">
        <ele>1378.91</ele>
      </trkpt>
      <trkpt lat="36.880638" lon="138.06626">
        <ele>1381.1</ele>
      </trkpt>
      <trkpt lat="36.880679" lon="138.066346">
        <ele>1382.66</ele>
      </trkpt>
      <trkpt lat="36.880719" lon="138.066456">
        <ele>1384.62</ele>
      </trkpt>
      <trkpt lat="36.880823" lon="138.067011">
        <ele>1392.33</ele>
      </trkpt>
      <trkpt lat="36.880967" lon="138.067492">
        <ele>1398.46</ele>
      </trkpt>
      <trkpt lat="36.880988" lon="138.067689">
        <ele>1401.65</ele>
      </trkpt>
      <trkpt lat="36.880944" lon="138.067907">
        <ele>1406.08</ele>
      </trkpt>
      <trkpt lat="36.880938" lon="138.068039">
        <ele>1408.59</ele>
      </trkpt>
      <trkpt lat="36.880919" lon="138.068152">
        <ele>1411.27</ele>
      </trkpt>
      <trkpt lat="36.880877" lon="138.068242">
        <ele>1413.93</ele>
      </trkpt>
      <trkpt lat="36.880819" lon="138.068399">
        <ele>1418.53</ele>
      </trkpt>
      <trkpt lat="36.880781" lon="138.068619">
        <ele>1424.4</ele>
      </trkpt>
      <trkpt lat="36.880783" lon="138.068736">
        <ele>1427.08</ele>
      </trkpt>
      <trkpt lat="36.880798" lon="138.068809">
        <ele>1428.38</ele>
      </trkpt>
      <trkpt lat="36.880823" lon="138.068867">
        <ele>1428.92</ele>
      </trkpt>
      <trkpt lat="36.880967" lon="138.069074">
        <ele>1428.69</ele>
      </trkpt>
      <trkpt lat="36.881002" lon="138.069151">
        <ele>1429.14</ele>
      </trkpt>
      <trkpt lat="36.881025" lon="138.069234">
        <ele>1430.02</ele>
      </trkpt>
      <trkpt lat="36.881058" lon="138.069286">
        <ele>1430.12</ele>
      </trkpt>
      <trkpt lat="36.881154" lon="138.069359">
        <ele>1429.33</ele>
      </trkpt>
      <trkpt lat="36.881188" lon="138.069394">
        <ele>1430.36</ele>
      </trkpt>
      <trkpt lat="36.881213" lon="138.069453">
        <ele>1431.75</ele>
      </trkpt>
      <trkpt lat="36.88121" lon="138.069615">
        <ele>1434.73</ele>
      </trkpt>
      <trkpt lat="36.8812" lon="138.069715">
        <ele>1436.85</ele>
      </trkpt>
      <trkpt lat="36.881177" lon="138.06979">
        <ele>1438.7</ele>
      </trkpt>
      <trkpt lat="36.881146" lon="138.069849">
        <ele>1439.93</ele>
      </trkpt>
      <trkpt lat="36.881135" lon="138.069932">
        <ele>1442.5</ele>
      </trkpt>
      <trkpt lat="36.881146" lon="138.07008">
        <ele>1446.58</ele>
      </trkpt>
      <trkpt lat="36.881135" lon="138.070157">
        <ele>1448.91</ele>
      </trkpt>
      <trkpt lat="36.881025" lon="138.070355">
        <ele>1455.13</ele>
      </trkpt>
      <trkpt lat="36.880985" lon="138.070457">
        <ele>1457.85</ele>
      </trkpt>
      <trkpt lat="36.880952" lon="138.070584">
        <ele>1461.93</ele>
      </trkpt>
      <trkpt lat="36.880939" lon="138.07068">
        <ele>1465.51</ele>
      </trkpt>
      <trkpt lat="36.880942" lon="138.070861">
        <ele>1472.24</ele>
      </trkpt>
      <trkpt lat="36.880963" lon="138.070943">
        <ele>1475.32</ele>
      </trkpt>
      <trkpt lat="36.880998" lon="138.071003">
        <ele>1477.62</ele>
      </trkpt>
      <trkpt lat="36.881023" lon="138.071119">
        <ele>1482.03</ele>
      </trkpt>
      <trkpt lat="36.881058" lon="138.071801">
        <ele>1502.77</ele>
      </trkpt>
      <trkpt lat="36.881044" lon="138.071913">
        <ele>1505.7</ele>
      </trkpt>
      <trkpt lat="36.881023" lon="138.071961">
        <ele>1506.92</ele>
      </trkpt>
      <trkpt lat="36.880971" lon="138.071976">
        <ele>1507.18</ele>
      </trkpt>
      <trkpt lat="36.880908" lon="138.071978">
        <ele>1507.06</ele>
      </trkpt>
      <trkpt lat="36.880844" lon="138.071965">
        <ele>1506.54</ele>
      </trkpt>
      <trkpt lat="36.880548" lon="138.071864">
        <ele>1502.99</ele>
      </trkpt>
      <trkpt lat="36.880394" lon="138.071767">
        <ele>1499.88</ele>
      </trkpt>
      <trkpt lat="36.880271" lon="138.071736">
        <ele>1499.68</ele>
      </trkpt>
      <trkpt lat="36.880192" lon="138.071742">
        <ele>1501.5</ele>
      </trkpt>
      <trkpt lat="36.880031" lon="138.07179">
        <ele>1505.81</ele>
      </trkpt>
      <trkpt lat="36.879853" lon="138.071803">
        <ele>1509.48</ele>
      </trkpt>
      <trkpt lat="36.879713" lon="138.071778">
        <ele>1511.91</ele>
      </trkpt>
      <trkpt lat="36.879659" lon="138.071749">
        <ele>1512.74</ele>
      </trkpt>
      <trkpt lat="36.879159" lon="138.071371">
        <ele>1522.1</ele>
      </trkpt>
      <trkpt lat="36.87911" lon="138.071308">
        <ele>1522.78</ele>
      </trkpt>
      <trkpt lat="36.879017" lon="138.071106">
        <ele>1521.54</ele>
      </trkpt>
      <trkpt lat="36.878947" lon="138.071061">
        <ele>1522.63</ele>
      </trkpt>
      <trkpt lat="36.878814" lon="138.071011">
        <ele>1525.45</ele>
      </trkpt>
      <trkpt lat="36.87867" lon="138.070989">
        <ele>1529.08</ele>
      </trkpt>
      <trkpt lat="36.878336" lon="138.070751">
        <ele>1525.33</ele>
      </trkpt>
      <trkpt lat="36.878274" lon="138.070653">
        <ele>1523.69</ele>
      </trkpt>
      <trkpt lat="36.878183" lon="138.070556">
        <ele>1521.84</ele>
      </trkpt>
      <trkpt lat="36.878141" lon="138.070532">
        <ele>1521.25</ele>
      </trkpt>
      <trkpt lat="36.878097" lon="138.070525">
        <ele>1520.9</ele>
      </trkpt>
      <trkpt lat="36.877758" lon="138.070523">
        <ele>1517.72</ele>
      </trkpt>
      <trkpt lat="36.877672" lon="138.070542">
        <ele>1515.74</ele>
      </trkpt>
      <trkpt lat="36.877608" lon="138.07059">
        <ele>1514.79</ele>
      </trkpt>
      <trkpt lat="36.87744" lon="138.070762">
        <ele>1512.91</ele>
      </trkpt>
      <trkpt lat="36.877136" lon="138.070849">
        <ele>1506.08</ele>
      </trkpt>
      <trkpt lat="36.877038" lon="138.070849">
        <ele>1503.42</ele>
      </trkpt>
      <trkpt lat="36.876961" lon="138.070837">
        <ele>1500.79</ele>
      </trkpt>
      <trkpt lat="36.876552" lon="138.070588">
        <ele>1477.99</ele>
      </trkpt>
      <trkpt lat="36.876531" lon="138.070561">
        <ele>1476.66</ele>
      </trkpt>
      <trkpt lat="36.876527" lon="138.070505">
        <ele>1475.67</ele>
      </trkpt>
      <trkpt lat="36.87655" lon="138.070299">
        <ele>1471.98</ele>
      </trkpt>
      <trkpt lat="36.876545" lon="138.070261">
        <ele>1470.88</ele>
      </trkpt>
      <trkpt lat="36.87653" lon="138.070234">
        <ele>1469.64</ele>
      </trkpt>
      <trkpt lat="36.87637" lon="138.070165">
        <ele>1461.62</ele>
      </trkpt>
      <trkpt lat="36.876273" lon="138.070057">
        <ele>1455.77</ele>
      </trkpt>
      <trkpt lat="36.87622" lon="138.070026">
        <ele>1453.21</ele>
      </trkpt>
      <trkpt lat="36.876168" lon="138.069982">
        <ele>1450.55</ele>
      </trkpt>
      <trkpt lat="36.876148" lon="138.069924">
        <ele>1448.9</ele>
      </trkpt>
      <trkpt lat="36.876162" lon="138.069821">
        <ele>1447.77</ele>
      </trkpt>
      <trkpt lat="36.876177" lon="138.069778">
        <ele>1447.58</ele>
      </trkpt>
      <trkpt lat="36.876375" lon="138.06948">
        <ele>1445.22</ele>
      </trkpt>
      <trkpt lat="36.876391" lon="138.069422">
        <ele>1443.67</ele>
      </trkpt>
      <trkpt lat="36.876385" lon="138.069376">
        <ele>1441.88</ele>
      </trkpt>
      <trkpt lat="36.8763" lon="138.069215">
        <ele>1433.83</ele>
      </trkpt>
      <trkpt lat="36.876291" lon="138.069138">
        <ele>1430.92</ele>
      </trkpt>
      <trkpt lat="36.876331" lon="138.06874">
        <ele>1418.47</ele>
      </trkpt>
      <trkpt lat="36.876327" lon="138.068674">
        <ele>1416.22</ele>
      </trkpt>
      <trkpt lat="36.876298" lon="138.06851">
        <ele>1410.22</ele>
      </trkpt>
      <trkpt lat="36.876256" lon="138.068307">
        <ele>1402.7</ele>
      </trkpt>
      <trkpt lat="36.87624" lon="138.068276">
        <ele>1401.35</ele>
      </trkpt>
      <trkpt lat="36.876123" lon="138.068272">
        <ele>1398.73</ele>
      </trkpt>
      <trkpt lat="36.876077" lon="138.068257">
        <ele>1397.47</ele>
      </trkpt>
      <trkpt lat="36.875962" lon="138.068159">
        <ele>1392.81</ele>
      </trkpt>
      <trkpt lat="36.875866" lon="138.068022">
        <ele>1387.91</ele>
      </trkpt>
      <trkpt lat="36.875627" lon="138.067853">
        <ele>1380.97</ele>
      </trkpt>
      <trkpt lat="36.875496" lon="138.067799">
        <ele>1378.11</ele>
      </trkpt>
      <trkpt lat="36.875371" lon="138.067761">
        <ele>1375.69</ele>
      </trkpt>
      <trkpt lat="36.875253" lon="138.067697">
        <ele>1372.41</ele>
      </trkpt>
      <trkpt lat="36.875201" lon="138.067659">
        <ele>1370.71</ele>
      </trkpt>
      <trkpt lat="36.875028" lon="138.067476">
        <ele>1365.13</ele>
      </trkpt>
      <trkpt lat="36.874894" lon="138.067407">
        <ele>1362.96</ele>
      </trkpt>
      <trkpt lat="36.874746" lon="138.067147">
        <ele>1359.34</ele>
      </trkpt>
      <trkpt lat="36.874719" lon="138.067109">
        <ele>1358.07</ele>
      </trkpt>
      <trkpt lat="36.874676" lon="138.067074">
        <ele>1356.82</ele>
      </trkpt>
      <trkpt lat="36.874405" lon="138.067039">
        <ele>1354.14</ele>
      </trkpt>
      <trkpt lat="36.874278" lon="138.067007">
        <ele>1351.53</ele>
      </trkpt>
      <trkpt lat="36.874248" lon="138.067009">
        <ele>1351.26</ele>
      </trkpt>
      <trkpt lat="36.874097" lon="138.067237">
        <ele>1354.95</ele>
      </trkpt>
      <trkpt lat="36.874057" lon="138.067322">
        <ele>1353.71</ele>
      </trkpt>
      <trkpt lat="36.874034" lon="138.067351">
        <ele>1353.14</ele>
      </trkpt>
      <trkpt lat="36.873959" lon="138.067397">
        <ele>1351.59</ele>
      </trkpt>
      <trkpt lat="36.87394" lon="138.067432">
        <ele>1350.95</ele>
      </trkpt>
      <trkpt lat="36.873928" lon="138.067488">
        <ele>1350.18</ele>
      </trkpt>
      <trkpt lat="36.873932" lon="138.067832">
        <ele>1346.72</ele>
      </trkpt>
      <trkpt lat="36.873915" lon="138.067903">
        <ele>1345.6</ele>
      </trkpt>
      <trkpt lat="36.873897" lon="138.068041">
        <ele>1343.93</ele>
      </trkpt>
      <trkpt lat="36.873863" lon="138.068093">
        <ele>1342.91</ele>
      </trkpt>
      <trkpt lat="36.873834" lon="138.068116">
        <ele>1342.09</ele>
      </trkpt>
      <trkpt lat="36.873797" lon="138.068126">
        <ele>1341.12</ele>
      </trkpt>
      <trkpt lat="36.873624" lon="138.068136">
        <ele>1336.75</ele>
      </trkpt>
      <trkpt lat="36.873438" lon="138.068226">
        <ele>1331.92</ele>
      </trkpt>
      <trkpt lat="36.873234" lon="138.068311">
        <ele>1326.86</ele>
      </trkpt>
      <trkpt lat="36.873082" lon="138.068411">
        <ele>1323.05</ele>
      </trkpt>
      <trkpt lat="36.872872" lon="138.068565">
        <ele>1317.97</ele>
      </trkpt>
      <trkpt lat="36.872813" lon="138.068628">
        <ele>1316.54</ele>
      </trkpt>
      <trkpt lat="36.872763" lon="138.068719">
        <ele>1315.04</ele>
      </trkpt>
      <trkpt lat="36.872724" lon="138.068771">
        <ele>1313.98</ele>
      </trkpt>
      <trkpt lat="36.872588" lon="138.069211">
        <ele>1314.14</ele>
      </trkpt>
      <trkpt lat="36.872578" lon="138.069278">
        <ele>1314.54</ele>
      </trkpt>
      <trkpt lat="36.872576" lon="138.069373">
        <ele>1315.4</ele>
      </trkpt>
      <trkpt lat="36.87263" lon="138.069555">
        <ele>1318.45</ele>
      </trkpt>
      <trkpt lat="36.872568" lon="138.069932">
        <ele>1317.53</ele>
      </trkpt>
      <trkpt lat="36.87249" lon="138.070171">
        <ele>1315.09</ele>
      </trkpt>
      <trkpt lat="36.872453" lon="138.070269">
        <ele>1313.97</ele>
      </trkpt>
      <trkpt lat="36.872293" lon="138.070561">
        <ele>1309.82</ele>
      </trkpt>
      <trkpt lat="36.872216" lon="138.070665">
        <ele>1308.53</ele>
      </trkpt>
      <trkpt lat="36.872149" lon="138.070738">
        <ele>1307.28</ele>
      </trkpt>
      <trkpt lat="36.871974" lon="138.070859">
        <ele>1303.57</ele>
      </trkpt>
      <trkpt lat="36.871934" lon="138.070882">
        <ele>1302.83</ele>
      </trkpt>
      <trkpt lat="36.871741" lon="138.070919">
        <ele>1298.96</ele>
      </trkpt>
      <trkpt lat="36.871689" lon="138.070909">
        <ele>1297.8</ele>
      </trkpt>
      <trkpt lat="36.871645" lon="138.070874">
        <ele>1296.65</ele>
      </trkpt>
      <trkpt lat="36.871511" lon="138.070724">
        <ele>1292.79</ele>
      </trkpt>
      <trkpt lat="36.871466" lon="138.070701">
        <ele>1291.64</ele>
      </trkpt>
      <trkpt lat="36.871186" lon="138.070505">
        <ele>1283.92</ele>
      </trkpt>
      <trkpt lat="36.871109" lon="138.070461">
        <ele>1282.44</ele>
      </trkpt>
      <trkpt lat="36.870672" lon="138.07034">
        <ele>1275.5</ele>
      </trkpt>
      <trkpt lat="36.870387" lon="138.070332">
        <ele>1271.01</ele>
      </trkpt>
      <trkpt lat="36.87032" lon="138.070321">
        <ele>1269.84</ele>
      </trkpt>
      <trkpt lat="36.870255" lon="138.070288">
        <ele>1268.41</ele>
      </trkpt>
      <trkpt lat="36.870099" lon="138.070144">
        <ele>1264.16</ele>
      </trkpt>
      <trkpt lat="36.869995" lon="138.07009">
        <ele>1261.81</ele>
      </trkpt>
      <trkpt lat="36.869947" lon="138.070078">
        <ele>1260.88</ele>
      </trkpt>
      <trkpt lat="36.869526" lon="138.069826">
        <ele>1250.72</ele>
      </trkpt>
      <trkpt lat="36.869482" lon="138.069799">
        <ele>1249.66</ele>
      </trkpt>
      <trkpt lat="36.869437" lon="138.069904">
        <ele>1250.02</ele>
      </trkpt>
      <trkpt lat="36.869431" lon="138.069995">
        <ele>1251.05</ele>
      </trkpt>
      <trkpt lat="36.869465" lon="138.0701">
        <ele>1253.24</ele>
      </trkpt>
      <trkpt lat="36.869549" lon="138.070304">
        <ele>1257.38</ele>
      </trkpt>
      <trkpt lat="36.869582" lon="138.070359">
        <ele>1258.63</ele>
      </trkpt>
      <trkpt lat="36.869622" lon="138.070458">
        <ele>1260.54</ele>
      </trkpt>
      <trkpt lat="36.869645" lon="138.070563">
        <ele>1261.74</ele>
      </trkpt>
      <trkpt lat="36.869651" lon="138.071004">
        <ele>1263.02</ele>
      </trkpt>
      <trkpt lat="36.869672" lon="138.071683">
        <ele>1265.92</ele>
      </trkpt>
      <trkpt lat="36.869695" lon="138.072061">
        <ele>1268.19</ele>
      </trkpt>
      <trkpt lat="36.869729" lon="138.0722">
        <ele>1269.51</ele>
      </trkpt>
      <trkpt lat="36.869762" lon="138.072256">
        <ele>1270.08</ele>
      </trkpt>
      <trkpt lat="36.869886" lon="138.07239">
        <ele>1272.51</ele>
      </trkpt>
      <trkpt lat="36.870219" lon="138.072663">
        <ele>1278.74</ele>
      </trkpt>
      <trkpt lat="36.870624" lon="138.072873">
        <ele>1285.16</ele>
      </trkpt>
      <trkpt lat="36.870751" lon="138.07297">
        <ele>1287.15</ele>
      </trkpt>
      <trkpt lat="36.87086" lon="138.07308">
        <ele>1288.5</ele>
      </trkpt>
      <trkpt lat="36.87093" lon="138.073216">
        <ele>1288.65</ele>
      </trkpt>
      <trkpt lat="36.870968" lon="138.073463">
        <ele>1287.14</ele>
      </trkpt>
      <trkpt lat="36.870965" lon="138.073634">
        <ele>1285.46</ele>
      </trkpt>
      <trkpt lat="36.871019" lon="138.073754">
        <ele>1285.65</ele>
      </trkpt>
      <trkpt lat="36.87112" lon="138.073881">
        <ele>1287.35</ele>
      </trkpt>
      <trkpt lat="36.871158" lon="138.073979">
        <ele>1288.22</ele>
      </trkpt>
      <trkpt lat="36.871147" lon="138.074163">
        <ele>1287.66</ele>
      </trkpt>
      <trkpt lat="36.871066" lon="138.074499">
        <ele>1286.26</ele>
      </trkpt>
      <trkpt lat="36.871026" lon="138.074577">
        <ele>1285.87</ele>
      </trkpt>
      <trkpt lat="36.870791" lon="138.074721">
        <ele>1285.25</ele>
      </trkpt>
      <trkpt lat="36.870703" lon="138.074761">
        <ele>1285.71</ele>
      </trkpt>
      <trkpt lat="36.870483" lon="138.074762">
        <ele>1283.95</ele>
      </trkpt>
      <trkpt lat="36.870154" lon="138.074834">
        <ele>1284.1</ele>
      </trkpt>
      <trkpt lat="36.869944" lon="138.074952">
        <ele>1285.91</ele>
      </trkpt>
      <trkpt lat="36.869019" lon="138.075843">
        <ele>1293.87</ele>
      </trkpt>
      <trkpt lat="36.868858" lon="138.076071">
        <ele>1295.68</ele>
      </trkpt>
      <trkpt lat="36.868742" lon="138.076285">
        <ele>1296.88</ele>
      </trkpt>
      <trkpt lat="36.868584" lon="138.076782">
        <ele>1300.71</ele>
      </trkpt>
      <trkpt lat="36.868146" lon="138.077516">
        <ele>1303.28</ele>
      </trkpt>
      <trkpt lat="36.868103" lon="138.077659">
        <ele>1303.84</ele>
      </trkpt>
      <trkpt lat="36.867995" lon="138.078311">
        <ele>1304.63</ele>
      </trkpt>
      <trkpt lat="36.86801" lon="138.078403">
        <ele>1304.77</ele>
      </trkpt>
      <trkpt lat="36.868033" lon="138.078455">
        <ele>1305.03</ele>
      </trkpt>
      <trkpt lat="36.868076" lon="138.078506">
        <ele>1305.56</ele>
      </trkpt>
      <trkpt lat="36.86814" lon="138.078549">
        <ele>1306.37</ele>
      </trkpt>
      <trkpt lat="36.868333" lon="138.078652">
        <ele>1308.7</ele>
      </trkpt>
      <trkpt lat="36.868427" lon="138.078736">
        <ele>1309.68</ele>
      </trkpt>
      <trkpt lat="36.868516" lon="138.078836">
        <ele>1310.48</ele>
      </trkpt>
      <trkpt lat="36.868579" lon="138.07881">
        <ele>1311.33</ele>
      </trkpt>
      <trkpt lat="36.868662" lon="138.078815">
        <ele>1312.26</ele>
      </trkpt>
      <trkpt lat="36.868694" lon="138.078868">
        <ele>1312.35</ele>
      </trkpt>
    </trkseg>
  </trk>
</gpx>
