<?xml version="1.0" encoding="UTF-8"?>
<gpx schemaLocation="http://www.topografix.com/GPX/1/1 https://www.topografix.com/GPX/1/1/gpx.xsd http://www.cluetrust.com/XML/GPXDATA/1/0 https://www.cluetrust.com/Schemas/gpxdata10.xsd" creator="COROS Wearables" version="1.1" xmlns="http://www.topografix.com/GPX/1/1" xmlns:xsi="http://www.w3.org/2001/XMLSchema-instance" xsi:schemaLocation="http://www.topografix.com/GPX/1/1 http://www.topografix.com/GPX/1/1/gpx.xsd http://www.garmin.com/xmlschemas/GpxExtensions/v3 http://www.garmin.com/xmlschemas/GpxExtensionsv3.xsd http://www.garmin.com/xmlschemas/TrackPointExtension/v1 http://www.garmin.com/xmlschemas/TrackPointExtensionv1.xsd http://www.garmin.com/xmlschemas/PowerExtension/v1 http://www.garmin.com/xmlschemas/PowerExtensionv1.xsd http://www.topografix.com/GPX/gpx_style/0/2 http://www.topografix.com/GPX/gpx_style/0/2/gpx_style.xsd" xmlns:gpxtpx="http://www.garmin.com/xmlschemas/TrackPointExtension/v1" xmlns:gpxx="http://www.garmin.com/xmlschemas/GpxExtensions/v3" xmlns:gpxpx="http://www.garmin.com/xmlschemas/PowerExtension/v1" xmlns:gpx_style="http://www.topografix.com/GPX/gpx_style/0/2">
  <metadata>
    <name>苗名滝トレイル</name>
    <author>
      <name>gpx.studio</name>
      <link href="https://gpx.studio"/>
    </author>
    <link href="https://www.coros.com">
      <text>COROS</text>
    </link>
  </metadata>
  <trk>
    <name>苗名滝トレイル</name>
    <type>running</type>
    <extensions>
      <gpx_style:line>
        <gpx_style:color>0084ff</gpx_style:color>
        <gpx_style:opacity>1</gpx_style:opacity>
        <gpx_style:width>6</gpx_style:width>
      </gpx_style:line>
    </extensions>
    <trkseg>
      <trkpt lat="36.872901" lon="138.211852">
        <ele>515.66</ele>
      </trkpt>
      <trkpt lat="36.872652" lon="138.211912">
        <ele>515.27</ele>
      </trkpt>
      <trkpt lat="36.872571" lon="138.211934">
        <ele>515.08</ele>
      </trkpt>
      <trkpt lat="36.872492" lon="138.211916">
        <ele>515.14</ele>
      </trkpt>
      <trkpt lat="36.872256" lon="138.211805">
        <ele>515.85</ele>
      </trkpt>
      <trkpt lat="36.872045" lon="138.211671">
        <ele>517.05</ele>
      </trkpt>
      <trkpt lat="36.871917" lon="138.211628">
        <ele>517.08</ele>
      </trkpt>
      <trkpt lat="36.871672" lon="138.211602">
        <ele>515.6</ele>
      </trkpt>
      <trkpt lat="36.871469" lon="138.211537">
        <ele>514.6</ele>
      </trkpt>
      <trkpt lat="36.871352" lon="138.211476">
        <ele>514.09</ele>
      </trkpt>
      <trkpt lat="36.871259" lon="138.211349">
        <ele>514.14</ele>
      </trkpt>
      <trkpt lat="36.871171" lon="138.211152">
        <ele>515.28</ele>
      </trkpt>
      <trkpt lat="36.871135" lon="138.210957">
        <ele>516.89</ele>
      </trkpt>
      <trkpt lat="36.870999" lon="138.210414">
        <ele>521.75</ele>
      </trkpt>
      <trkpt lat="36.870957" lon="138.210343">
        <ele>522.57</ele>
      </trkpt>
      <trkpt lat="36.870454" lon="138.210016">
        <ele>528.65</ele>
      </trkpt>
      <trkpt lat="36.870332" lon="138.210103">
        <ele>526.86</ele>
      </trkpt>
      <trkpt lat="36.870283" lon="138.210105">
        <ele>526.83</ele>
      </trkpt>
      <trkpt lat="36.868117" lon="138.209164">
        <ele>535.14</ele>
      </trkpt>
      <trkpt lat="36.867867" lon="138.209206">
        <ele>530.99</ele>
      </trkpt>
      <trkpt lat="36.867472" lon="138.209485">
        <ele>522.07</ele>
      </trkpt>
      <trkpt lat="36.86706" lon="138.209914">
        <ele>515.42</ele>
      </trkpt>
      <trkpt lat="36.8669964" lon="138.2099206">
        <ele>544</ele>
      </trkpt>
      <trkpt lat="36.8669924" lon="138.2099061">
        <ele>544</ele>
      </trkpt>
      <trkpt lat="36.8669885" lon="138.2098917">
        <ele>544</ele>
      </trkpt>
      <trkpt lat="36.8669724" lon="138.2098835">
        <ele>544</ele>
      </trkpt>
      <trkpt lat="36.8669564" lon="138.2098754">
        <ele>544</ele>
      </trkpt>
      <trkpt lat="36.8669352" lon="138.2098701">
        <ele>544</ele>
      </trkpt>
      <trkpt lat="36.866914" lon="138.2098649">
        <ele>544</ele>
      </trkpt>
      <trkpt lat="36.8668926" lon="138.20986">
        <ele>544</ele>
      </trkpt>
      <trkpt lat="36.8668712" lon="138.2098551">
        <ele>544</ele>
      </trkpt>
      <trkpt lat="36.8668498" lon="138.2098497">
        <ele>544</ele>
      </trkpt>
      <trkpt lat="36.8668284" lon="138.2098444">
        <ele>544</ele>
      </trkpt>
      <trkpt lat="36.8668059" lon="138.2098378">
        <ele>544</ele>
      </trkpt>
      <trkpt lat="36.8667835" lon="138.2098312">
        <ele>545</ele>
      </trkpt>
      <trkpt lat="36.8667606" lon="138.2098237">
        <ele>545</ele>
      </trkpt>
      <trkpt lat="36.8667378" lon="138.2098162">
        <ele>545</ele>
      </trkpt>
      <trkpt lat="36.8667152" lon="138.2098085">
        <ele>545</ele>
      </trkpt>
      <trkpt lat="36.8666926" lon="138.2098009">
        <ele>545</ele>
      </trkpt>
      <trkpt lat="36.8666719" lon="138.2097928">
        <ele>545</ele>
      </trkpt>
      <trkpt lat="36.8666512" lon="138.2097848">
        <ele>545</ele>
      </trkpt>
      <trkpt lat="36.8666324" lon="138.2097759">
        <ele>545</ele>
      </trkpt>
      <trkpt lat="36.8666137" lon="138.209767">
        <ele>545</ele>
      </trkpt>
      <trkpt lat="36.8665966" lon="138.2097567">
        <ele>545</ele>
      </trkpt>
      <trkpt lat="36.8665795" lon="138.2097464">
        <ele>545</ele>
      </trkpt>
      <trkpt lat="36.8665629" lon="138.2097343">
        <ele>545</ele>
      </trkpt>
      <trkpt lat="36.8665464" lon="138.2097223">
        <ele>545</ele>
      </trkpt>
      <trkpt lat="36.8665297" lon="138.2097092">
        <ele>545</ele>
      </trkpt>
      <trkpt lat="36.8665131" lon="138.2096962">
        <ele>545</ele>
      </trkpt>
      <trkpt lat="36.8664964" lon="138.2096837">
        <ele>545</ele>
      </trkpt>
      <trkpt lat="36.8664798" lon="138.2096713">
        <ele>545</ele>
      </trkpt>
      <trkpt lat="36.8664635" lon="138.2096596">
        <ele>545</ele>
      </trkpt>
      <trkpt lat="36.8664472" lon="138.209648">
        <ele>545</ele>
      </trkpt>
      <trkpt lat="36.8664311" lon="138.2096367">
        <ele>545</ele>
      </trkpt>
      <trkpt lat="36.8664151" lon="138.2096254">
        <ele>545</ele>
      </trkpt>
      <trkpt lat="36.8663988" lon="138.2096139">
        <ele>545</ele>
      </trkpt>
      <trkpt lat="36.8663826" lon="138.2096025">
        <ele>545</ele>
      </trkpt>
      <trkpt lat="36.8663656" lon="138.2095905">
        <ele>545</ele>
      </trkpt>
      <trkpt lat="36.8663487" lon="138.2095786">
        <ele>545</ele>
      </trkpt>
      <trkpt lat="36.8663318" lon="138.2095664">
        <ele>545</ele>
      </trkpt>
      <trkpt lat="36.8663149" lon="138.2095543">
        <ele>545</ele>
      </trkpt>
      <trkpt lat="36.8662983" lon="138.209542">
        <ele>545</ele>
      </trkpt>
      <trkpt lat="36.8662818" lon="138.2095297">
        <ele>546</ele>
      </trkpt>
      <trkpt lat="36.8662654" lon="138.209517">
        <ele>546</ele>
      </trkpt>
      <trkpt lat="36.866249" lon="138.2095044">
        <ele>547</ele>
      </trkpt>
      <trkpt lat="36.8662325" lon="138.2094913">
        <ele>547</ele>
      </trkpt>
      <trkpt lat="36.866216" lon="138.2094782">
        <ele>547</ele>
      </trkpt>
      <trkpt lat="36.8661996" lon="138.2094646">
        <ele>547</ele>
      </trkpt>
      <trkpt lat="36.8661832" lon="138.2094511">
        <ele>547</ele>
      </trkpt>
      <trkpt lat="36.866167" lon="138.2094355">
        <ele>547</ele>
      </trkpt>
      <trkpt lat="36.8661508" lon="138.20942">
        <ele>547</ele>
      </trkpt>
      <trkpt lat="36.8661351" lon="138.2094025">
        <ele>547</ele>
      </trkpt>
      <trkpt lat="36.8661195" lon="138.209385">
        <ele>547</ele>
      </trkpt>
      <trkpt lat="36.8661039" lon="138.2093659">
        <ele>547</ele>
      </trkpt>
      <trkpt lat="36.8660883" lon="138.2093469">
        <ele>547</ele>
      </trkpt>
      <trkpt lat="36.8660727" lon="138.2093267">
        <ele>547</ele>
      </trkpt>
      <trkpt lat="36.8660572" lon="138.2093066">
        <ele>547</ele>
      </trkpt>
      <trkpt lat="36.8660409" lon="138.2092856">
        <ele>547</ele>
      </trkpt>
      <trkpt lat="36.8660247" lon="138.2092646">
        <ele>547</ele>
      </trkpt>
      <trkpt lat="36.8660082" lon="138.2092441">
        <ele>548</ele>
      </trkpt>
      <trkpt lat="36.8659917" lon="138.2092237">
        <ele>547</ele>
      </trkpt>
      <trkpt lat="36.8659761" lon="138.2092051">
        <ele>547</ele>
      </trkpt>
      <trkpt lat="36.8659606" lon="138.2091865">
        <ele>547</ele>
      </trkpt>
      <trkpt lat="36.8659497" lon="138.2091735">
        <ele>547</ele>
      </trkpt>
      <trkpt lat="36.8659388" lon="138.2091605">
        <ele>547</ele>
      </trkpt>
      <trkpt lat="36.8659329" lon="138.209153">
        <ele>547</ele>
      </trkpt>
      <trkpt lat="36.865927" lon="138.2091456">
        <ele>547</ele>
      </trkpt>
      <trkpt lat="36.865922" lon="138.2091393">
        <ele>547</ele>
      </trkpt>
      <trkpt lat="36.865917" lon="138.209133">
        <ele>547</ele>
      </trkpt>
      <trkpt lat="36.8659117" lon="138.2091262">
        <ele>547</ele>
      </trkpt>
      <trkpt lat="36.8659064" lon="138.2091195">
        <ele>547</ele>
      </trkpt>
      <trkpt lat="36.8659006" lon="138.2091116">
        <ele>547</ele>
      </trkpt>
      <trkpt lat="36.8658948" lon="138.2091038">
        <ele>547</ele>
      </trkpt>
      <trkpt lat="36.8658884" lon="138.2090945">
        <ele>547</ele>
      </trkpt>
      <trkpt lat="36.8658821" lon="138.2090853">
        <ele>548</ele>
      </trkpt>
      <trkpt lat="36.8658751" lon="138.2090756">
        <ele>548</ele>
      </trkpt>
      <trkpt lat="36.8658681" lon="138.209066">
        <ele>548</ele>
      </trkpt>
      <trkpt lat="36.8658611" lon="138.2090567">
        <ele>548</ele>
      </trkpt>
      <trkpt lat="36.8658541" lon="138.2090474">
        <ele>548</ele>
      </trkpt>
      <trkpt lat="36.8658473" lon="138.2090375">
        <ele>549</ele>
      </trkpt>
      <trkpt lat="36.8658406" lon="138.2090276">
        <ele>549</ele>
      </trkpt>
      <trkpt lat="36.8658346" lon="138.2090173">
        <ele>549</ele>
      </trkpt>
      <trkpt lat="36.8658287" lon="138.2090071">
        <ele>549</ele>
      </trkpt>
      <trkpt lat="36.8658229" lon="138.2089969">
        <ele>549</ele>
      </trkpt>
      <trkpt lat="36.8658172" lon="138.2089867">
        <ele>549</ele>
      </trkpt>
      <trkpt lat="36.8658118" lon="138.2089765">
        <ele>549</ele>
      </trkpt>
      <trkpt lat="36.8658064" lon="138.2089663">
        <ele>549</ele>
      </trkpt>
      <trkpt lat="36.8658011" lon="138.208956">
        <ele>549</ele>
      </trkpt>
      <trkpt lat="36.8657958" lon="138.2089457">
        <ele>549</ele>
      </trkpt>
      <trkpt lat="36.8657906" lon="138.2089357">
        <ele>549</ele>
      </trkpt>
      <trkpt lat="36.8657854" lon="138.2089258">
        <ele>549</ele>
      </trkpt>
      <trkpt lat="36.8657796" lon="138.2089167">
        <ele>549</ele>
      </trkpt>
      <trkpt lat="36.8657738" lon="138.2089076">
        <ele>549</ele>
      </trkpt>
      <trkpt lat="36.865768" lon="138.208899">
        <ele>549</ele>
      </trkpt>
      <trkpt lat="36.8657622" lon="138.2088904">
        <ele>550</ele>
      </trkpt>
      <trkpt lat="36.8657558" lon="138.2088814">
        <ele>550</ele>
      </trkpt>
      <trkpt lat="36.8657494" lon="138.2088725">
        <ele>550</ele>
      </trkpt>
      <trkpt lat="36.8657416" lon="138.2088612">
        <ele>550</ele>
      </trkpt>
      <trkpt lat="36.8657338" lon="138.2088499">
        <ele>550</ele>
      </trkpt>
      <trkpt lat="36.8657243" lon="138.2088355">
        <ele>550</ele>
      </trkpt>
      <trkpt lat="36.8657149" lon="138.2088212">
        <ele>550</ele>
      </trkpt>
      <trkpt lat="36.8657039" lon="138.2088052">
        <ele>550</ele>
      </trkpt>
      <trkpt lat="36.865693" lon="138.2087893">
        <ele>550</ele>
      </trkpt>
      <trkpt lat="36.8656813" lon="138.208773">
        <ele>550</ele>
      </trkpt>
      <trkpt lat="36.8656696" lon="138.2087568">
        <ele>550</ele>
      </trkpt>
      <trkpt lat="36.8656576" lon="138.2087401">
        <ele>550</ele>
      </trkpt>
      <trkpt lat="36.8656457" lon="138.2087235">
        <ele>550</ele>
      </trkpt>
      <trkpt lat="36.8656336" lon="138.2087057">
        <ele>550</ele>
      </trkpt>
      <trkpt lat="36.8656215" lon="138.2086879">
        <ele>550</ele>
      </trkpt>
      <trkpt lat="36.8656098" lon="138.208669">
        <ele>550</ele>
      </trkpt>
      <trkpt lat="36.8655982" lon="138.2086501">
        <ele>550</ele>
      </trkpt>
      <trkpt lat="36.8655872" lon="138.2086304">
        <ele>550</ele>
      </trkpt>
      <trkpt lat="36.8655762" lon="138.2086107">
        <ele>550</ele>
      </trkpt>
      <trkpt lat="36.8655648" lon="138.2085912">
        <ele>550</ele>
      </trkpt>
      <trkpt lat="36.8655535" lon="138.2085717">
        <ele>550</ele>
      </trkpt>
      <trkpt lat="36.8655424" lon="138.2085528">
        <ele>550</ele>
      </trkpt>
      <trkpt lat="36.8655313" lon="138.2085339">
        <ele>550</ele>
      </trkpt>
      <trkpt lat="36.8655203" lon="138.2085152">
        <ele>550</ele>
      </trkpt>
      <trkpt lat="36.8655093" lon="138.2084966">
        <ele>550</ele>
      </trkpt>
      <trkpt lat="36.8654979" lon="138.208478">
        <ele>551</ele>
      </trkpt>
      <trkpt lat="36.8654866" lon="138.2084595">
        <ele>551</ele>
      </trkpt>
      <trkpt lat="36.8654752" lon="138.2084416">
        <ele>551</ele>
      </trkpt>
      <trkpt lat="36.8654638" lon="138.2084238">
        <ele>551</ele>
      </trkpt>
      <trkpt lat="36.8654512" lon="138.2084065">
        <ele>551</ele>
      </trkpt>
      <trkpt lat="36.8654386" lon="138.2083893">
        <ele>551</ele>
      </trkpt>
      <trkpt lat="36.8654243" lon="138.2083722">
        <ele>551</ele>
      </trkpt>
      <trkpt lat="36.8654101" lon="138.2083551">
        <ele>551</ele>
      </trkpt>
      <trkpt lat="36.8653949" lon="138.2083386">
        <ele>551</ele>
      </trkpt>
      <trkpt lat="36.8653798" lon="138.2083222">
        <ele>551</ele>
      </trkpt>
      <trkpt lat="36.8653634" lon="138.2083059">
        <ele>551</ele>
      </trkpt>
      <trkpt lat="36.8653471" lon="138.2082896">
        <ele>551</ele>
      </trkpt>
      <trkpt lat="36.8653303" lon="138.2082731">
        <ele>551</ele>
      </trkpt>
      <trkpt lat="36.8653136" lon="138.2082566">
        <ele>551</ele>
      </trkpt>
      <trkpt lat="36.8652971" lon="138.2082389">
        <ele>551</ele>
      </trkpt>
      <trkpt lat="36.8652806" lon="138.2082212">
        <ele>551</ele>
      </trkpt>
      <trkpt lat="36.8652651" lon="138.2082027">
        <ele>551</ele>
      </trkpt>
      <trkpt lat="36.8652497" lon="138.2081842">
        <ele>551</ele>
      </trkpt>
      <trkpt lat="36.865235" lon="138.2081654">
        <ele>551</ele>
      </trkpt>
      <trkpt lat="36.8652204" lon="138.2081466">
        <ele>551</ele>
      </trkpt>
      <trkpt lat="36.8652057" lon="138.2081279">
        <ele>552</ele>
      </trkpt>
      <trkpt lat="36.865191" lon="138.2081093">
        <ele>552</ele>
      </trkpt>
      <trkpt lat="36.8651765" lon="138.2080912">
        <ele>552</ele>
      </trkpt>
      <trkpt lat="36.865162" lon="138.2080731">
        <ele>552</ele>
      </trkpt>
      <trkpt lat="36.8651484" lon="138.2080549">
        <ele>552</ele>
      </trkpt>
      <trkpt lat="36.8651349" lon="138.2080367">
        <ele>552</ele>
      </trkpt>
      <trkpt lat="36.8651221" lon="138.2080183">
        <ele>552</ele>
      </trkpt>
      <trkpt lat="36.8651094" lon="138.208">
        <ele>552</ele>
      </trkpt>
      <trkpt lat="36.8650967" lon="138.2079808">
        <ele>552</ele>
      </trkpt>
      <trkpt lat="36.8650841" lon="138.2079617">
        <ele>552</ele>
      </trkpt>
      <trkpt lat="36.8650711" lon="138.2079421">
        <ele>553</ele>
      </trkpt>
      <trkpt lat="36.8650582" lon="138.2079226">
        <ele>553</ele>
      </trkpt>
      <trkpt lat="36.8650447" lon="138.207903">
        <ele>553</ele>
      </trkpt>
      <trkpt lat="36.8650312" lon="138.2078835">
        <ele>553</ele>
      </trkpt>
      <trkpt lat="36.8650171" lon="138.2078627">
        <ele>553</ele>
      </trkpt>
      <trkpt lat="36.865003" lon="138.207842">
        <ele>553</ele>
      </trkpt>
      <trkpt lat="36.8649884" lon="138.20782">
        <ele>553</ele>
      </trkpt>
      <trkpt lat="36.8649739" lon="138.207798">
        <ele>553</ele>
      </trkpt>
      <trkpt lat="36.8649595" lon="138.2077764">
        <ele>553</ele>
      </trkpt>
      <trkpt lat="36.8649452" lon="138.2077549">
        <ele>553</ele>
      </trkpt>
      <trkpt lat="36.8649317" lon="138.2077333">
        <ele>553</ele>
      </trkpt>
      <trkpt lat="36.8649183" lon="138.2077118">
        <ele>553</ele>
      </trkpt>
      <trkpt lat="36.8649053" lon="138.2076905">
        <ele>553</ele>
      </trkpt>
      <trkpt lat="36.8648923" lon="138.2076692">
        <ele>554</ele>
      </trkpt>
      <trkpt lat="36.8648791" lon="138.2076484">
        <ele>554</ele>
      </trkpt>
      <trkpt lat="36.8648659" lon="138.2076277">
        <ele>555</ele>
      </trkpt>
      <trkpt lat="36.8648516" lon="138.2076064">
        <ele>555</ele>
      </trkpt>
      <trkpt lat="36.8648374" lon="138.2075852">
        <ele>555</ele>
      </trkpt>
      <trkpt lat="36.8648227" lon="138.2075629">
        <ele>555</ele>
      </trkpt>
      <trkpt lat="36.864808" lon="138.2075406">
        <ele>555</ele>
      </trkpt>
      <trkpt lat="36.8647934" lon="138.207518">
        <ele>555</ele>
      </trkpt>
      <trkpt lat="36.8647788" lon="138.2074954">
        <ele>555</ele>
      </trkpt>
      <trkpt lat="36.8647644" lon="138.2074733">
        <ele>555</ele>
      </trkpt>
      <trkpt lat="36.86475" lon="138.2074512">
        <ele>555</ele>
      </trkpt>
      <trkpt lat="36.8647355" lon="138.2074301">
        <ele>555</ele>
      </trkpt>
      <trkpt lat="36.8647211" lon="138.207409">
        <ele>555</ele>
      </trkpt>
      <trkpt lat="36.8647065" lon="138.2073875">
        <ele>555</ele>
      </trkpt>
      <trkpt lat="36.864692" lon="138.207366">
        <ele>555</ele>
      </trkpt>
      <trkpt lat="36.8646774" lon="138.2073444">
        <ele>555</ele>
      </trkpt>
      <trkpt lat="36.8646628" lon="138.2073229">
        <ele>555</ele>
      </trkpt>
      <trkpt lat="36.8646493" lon="138.2073018">
        <ele>555</ele>
      </trkpt>
      <trkpt lat="36.8646359" lon="138.2072808">
        <ele>555</ele>
      </trkpt>
      <trkpt lat="36.8646226" lon="138.2072611">
        <ele>555</ele>
      </trkpt>
      <trkpt lat="36.8646093" lon="138.2072415">
        <ele>555</ele>
      </trkpt>
      <trkpt lat="36.8645949" lon="138.2072233">
        <ele>555</ele>
      </trkpt>
      <trkpt lat="36.8645805" lon="138.2072052">
        <ele>556</ele>
      </trkpt>
      <trkpt lat="36.8645637" lon="138.2071904">
        <ele>556</ele>
      </trkpt>
      <trkpt lat="36.864547" lon="138.2071756">
        <ele>556</ele>
      </trkpt>
      <trkpt lat="36.8645279" lon="138.2071686">
        <ele>556</ele>
      </trkpt>
      <trkpt lat="36.8645089" lon="138.2071616">
        <ele>556</ele>
      </trkpt>
      <trkpt lat="36.8644888" lon="138.2071648">
        <ele>556</ele>
      </trkpt>
      <trkpt lat="36.8644688" lon="138.207168">
        <ele>556</ele>
      </trkpt>
      <trkpt lat="36.8644472" lon="138.2071779">
        <ele>556</ele>
      </trkpt>
      <trkpt lat="36.8644256" lon="138.2071879">
        <ele>556</ele>
      </trkpt>
      <trkpt lat="36.864403" lon="138.2071961">
        <ele>556</ele>
      </trkpt>
      <trkpt lat="36.8643804" lon="138.2072043">
        <ele>557</ele>
      </trkpt>
      <trkpt lat="36.8643587" lon="138.2072059">
        <ele>557</ele>
      </trkpt>
      <trkpt lat="36.864337" lon="138.2072076">
        <ele>557</ele>
      </trkpt>
      <trkpt lat="36.8643169" lon="138.207202">
        <ele>557</ele>
      </trkpt>
      <trkpt lat="36.8642968" lon="138.2071965">
        <ele>557</ele>
      </trkpt>
      <trkpt lat="36.8642774" lon="138.2071854">
        <ele>557</ele>
      </trkpt>
      <trkpt lat="36.864258" lon="138.2071743">
        <ele>557</ele>
      </trkpt>
      <trkpt lat="36.8642392" lon="138.2071598">
        <ele>557</ele>
      </trkpt>
      <trkpt lat="36.8642204" lon="138.2071454">
        <ele>557</ele>
      </trkpt>
      <trkpt lat="36.8642018" lon="138.2071305">
        <ele>557</ele>
      </trkpt>
      <trkpt lat="36.8641832" lon="138.2071156">
        <ele>557</ele>
      </trkpt>
      <trkpt lat="36.8641651" lon="138.2071009">
        <ele>557</ele>
      </trkpt>
      <trkpt lat="36.8641471" lon="138.2070863">
        <ele>557</ele>
      </trkpt>
      <trkpt lat="36.864129" lon="138.2070713">
        <ele>557</ele>
      </trkpt>
      <trkpt lat="36.8641109" lon="138.2070563">
        <ele>557</ele>
      </trkpt>
      <trkpt lat="36.8640923" lon="138.2070411">
        <ele>558</ele>
      </trkpt>
      <trkpt lat="36.8640738" lon="138.2070259">
        <ele>558</ele>
      </trkpt>
      <trkpt lat="36.8640549" lon="138.2070111">
        <ele>558</ele>
      </trkpt>
      <trkpt lat="36.864036" lon="138.2069963">
        <ele>558</ele>
      </trkpt>
      <trkpt lat="36.8640169" lon="138.2069819">
        <ele>558</ele>
      </trkpt>
      <trkpt lat="36.8639978" lon="138.2069675">
        <ele>558</ele>
      </trkpt>
      <trkpt lat="36.8639785" lon="138.2069531">
        <ele>558</ele>
      </trkpt>
      <trkpt lat="36.8639592" lon="138.2069388">
        <ele>558</ele>
      </trkpt>
      <trkpt lat="36.8639399" lon="138.2069245">
        <ele>558</ele>
      </trkpt>
      <trkpt lat="36.8639206" lon="138.2069102">
        <ele>558</ele>
      </trkpt>
      <trkpt lat="36.8639021" lon="138.2068964">
        <ele>558</ele>
      </trkpt>
      <trkpt lat="36.8638836" lon="138.2068826">
        <ele>558</ele>
      </trkpt>
      <trkpt lat="36.8638654" lon="138.2068683">
        <ele>558</ele>
      </trkpt>
      <trkpt lat="36.8638472" lon="138.2068541">
        <ele>558</ele>
      </trkpt>
      <trkpt lat="36.8638294" lon="138.2068394">
        <ele>558</ele>
      </trkpt>
      <trkpt lat="36.8638117" lon="138.2068247">
        <ele>558</ele>
      </trkpt>
      <trkpt lat="36.8637941" lon="138.2068101">
        <ele>558</ele>
      </trkpt>
      <trkpt lat="36.8637765" lon="138.2067956">
        <ele>558</ele>
      </trkpt>
      <trkpt lat="36.863758" lon="138.206781">
        <ele>558</ele>
      </trkpt>
      <trkpt lat="36.8637395" lon="138.2067664">
        <ele>558</ele>
      </trkpt>
      <trkpt lat="36.8637195" lon="138.2067506">
        <ele>559</ele>
      </trkpt>
      <trkpt lat="36.8636995" lon="138.2067348">
        <ele>559</ele>
      </trkpt>
      <trkpt lat="36.8636784" lon="138.2067181">
        <ele>559</ele>
      </trkpt>
      <trkpt lat="36.8636573" lon="138.2067014">
        <ele>559</ele>
      </trkpt>
      <trkpt lat="36.8636363" lon="138.206684">
        <ele>559</ele>
      </trkpt>
      <trkpt lat="36.8636154" lon="138.2066667">
        <ele>559</ele>
      </trkpt>
      <trkpt lat="36.8635952" lon="138.2066498">
        <ele>559</ele>
      </trkpt>
      <trkpt lat="36.8635751" lon="138.206633">
        <ele>559</ele>
      </trkpt>
      <trkpt lat="36.8635553" lon="138.206618">
        <ele>559</ele>
      </trkpt>
      <trkpt lat="36.8635356" lon="138.2066031">
        <ele>559</ele>
      </trkpt>
      <trkpt lat="36.8635163" lon="138.2065886">
        <ele>559</ele>
      </trkpt>
      <trkpt lat="36.863497" lon="138.2065742">
        <ele>559</ele>
      </trkpt>
      <trkpt lat="36.8634786" lon="138.2065597">
        <ele>559</ele>
      </trkpt>
      <trkpt lat="36.8634602" lon="138.2065453">
        <ele>559</ele>
      </trkpt>
      <trkpt lat="36.863442" lon="138.2065315">
        <ele>559</ele>
      </trkpt>
      <trkpt lat="36.8634238" lon="138.2065178">
        <ele>560</ele>
      </trkpt>
      <trkpt lat="36.863405" lon="138.2065045">
        <ele>560</ele>
      </trkpt>
      <trkpt lat="36.8633862" lon="138.2064913">
        <ele>560</ele>
      </trkpt>
      <trkpt lat="36.8633665" lon="138.2064786">
        <ele>560</ele>
      </trkpt>
      <trkpt lat="36.8633469" lon="138.2064659">
        <ele>560</ele>
      </trkpt>
      <trkpt lat="36.8633267" lon="138.2064536">
        <ele>560</ele>
      </trkpt>
      <trkpt lat="36.8633066" lon="138.2064413">
        <ele>560</ele>
      </trkpt>
      <trkpt lat="36.8632864" lon="138.2064292">
        <ele>560</ele>
      </trkpt>
      <trkpt lat="36.8632662" lon="138.2064171">
        <ele>560</ele>
      </trkpt>
      <trkpt lat="36.8632456" lon="138.2064048">
        <ele>560</ele>
      </trkpt>
      <trkpt lat="36.863225" lon="138.2063925">
        <ele>560</ele>
      </trkpt>
      <trkpt lat="36.8632045" lon="138.2063801">
        <ele>560</ele>
      </trkpt>
      <trkpt lat="36.863184" lon="138.2063677">
        <ele>560</ele>
      </trkpt>
      <trkpt lat="36.8631636" lon="138.2063558">
        <ele>560</ele>
      </trkpt>
      <trkpt lat="36.8631433" lon="138.206344">
        <ele>560</ele>
      </trkpt>
      <trkpt lat="36.8631233" lon="138.2063332">
        <ele>561</ele>
      </trkpt>
      <trkpt lat="36.8631034" lon="138.2063225">
        <ele>561</ele>
      </trkpt>
      <trkpt lat="36.863084" lon="138.2063128">
        <ele>561</ele>
      </trkpt>
      <trkpt lat="36.8630647" lon="138.2063032">
        <ele>561</ele>
      </trkpt>
      <trkpt lat="36.8630459" lon="138.206295">
        <ele>561</ele>
      </trkpt>
      <trkpt lat="36.8630271" lon="138.2062868">
        <ele>561</ele>
      </trkpt>
      <trkpt lat="36.8630079" lon="138.2062794">
        <ele>561</ele>
      </trkpt>
      <trkpt lat="36.8629888" lon="138.2062721">
        <ele>561</ele>
      </trkpt>
      <trkpt lat="36.8629679" lon="138.2062647">
        <ele>561</ele>
      </trkpt>
      <trkpt lat="36.862947" lon="138.2062574">
        <ele>561</ele>
      </trkpt>
      <trkpt lat="36.8629244" lon="138.2062494">
        <ele>561</ele>
      </trkpt>
      <trkpt lat="36.8629018" lon="138.2062415">
        <ele>561</ele>
      </trkpt>
      <trkpt lat="36.8628781" lon="138.2062326">
        <ele>561</ele>
      </trkpt>
      <trkpt lat="36.8628544" lon="138.2062238">
        <ele>561</ele>
      </trkpt>
      <trkpt lat="36.8628313" lon="138.2062142">
        <ele>561</ele>
      </trkpt>
      <trkpt lat="36.8628082" lon="138.2062047">
        <ele>561</ele>
      </trkpt>
      <trkpt lat="36.8627859" lon="138.206196">
        <ele>561</ele>
      </trkpt>
      <trkpt lat="36.8627637" lon="138.2061873">
        <ele>561</ele>
      </trkpt>
      <trkpt lat="36.8627423" lon="138.2061803">
        <ele>562</ele>
      </trkpt>
      <trkpt lat="36.8627209" lon="138.2061734">
        <ele>562</ele>
      </trkpt>
      <trkpt lat="36.8627004" lon="138.2061669">
        <ele>563</ele>
      </trkpt>
      <trkpt lat="36.86268" lon="138.2061604">
        <ele>563</ele>
      </trkpt>
      <trkpt lat="36.8626594" lon="138.2061538">
        <ele>563</ele>
      </trkpt>
      <trkpt lat="36.8626388" lon="138.2061473">
        <ele>563</ele>
      </trkpt>
      <trkpt lat="36.8626174" lon="138.206141">
        <ele>563</ele>
      </trkpt>
      <trkpt lat="36.8625961" lon="138.2061348">
        <ele>563</ele>
      </trkpt>
      <trkpt lat="36.8625746" lon="138.2061293">
        <ele>563</ele>
      </trkpt>
      <trkpt lat="36.8625532" lon="138.2061239">
        <ele>563</ele>
      </trkpt>
      <trkpt lat="36.8625316" lon="138.2061194">
        <ele>563</ele>
      </trkpt>
      <trkpt lat="36.86251" lon="138.206115">
        <ele>563</ele>
      </trkpt>
      <trkpt lat="36.8624884" lon="138.2061106">
        <ele>564</ele>
      </trkpt>
      <trkpt lat="36.8624668" lon="138.2061062">
        <ele>564</ele>
      </trkpt>
      <trkpt lat="36.8624456" lon="138.2061014">
        <ele>564</ele>
      </trkpt>
      <trkpt lat="36.8624245" lon="138.2060967">
        <ele>564</ele>
      </trkpt>
      <trkpt lat="36.8624037" lon="138.2060919">
        <ele>564</ele>
      </trkpt>
      <trkpt lat="36.8623829" lon="138.2060871">
        <ele>565</ele>
      </trkpt>
      <trkpt lat="36.8623615" lon="138.2060831">
        <ele>565</ele>
      </trkpt>
      <trkpt lat="36.8623401" lon="138.2060791">
        <ele>565</ele>
      </trkpt>
      <trkpt lat="36.8623186" lon="138.2060755">
        <ele>565</ele>
      </trkpt>
      <trkpt lat="36.8622971" lon="138.2060719">
        <ele>565</ele>
      </trkpt>
      <trkpt lat="36.8622752" lon="138.2060687">
        <ele>565</ele>
      </trkpt>
      <trkpt lat="36.8622534" lon="138.2060655">
        <ele>565</ele>
      </trkpt>
      <trkpt lat="36.8622306" lon="138.2060623">
        <ele>565</ele>
      </trkpt>
      <trkpt lat="36.8622078" lon="138.2060592">
        <ele>565</ele>
      </trkpt>
      <trkpt lat="36.8621847" lon="138.206055">
        <ele>565</ele>
      </trkpt>
      <trkpt lat="36.8621616" lon="138.2060509">
        <ele>565</ele>
      </trkpt>
      <trkpt lat="36.8621389" lon="138.2060461">
        <ele>565</ele>
      </trkpt>
      <trkpt lat="36.8621163" lon="138.2060414">
        <ele>565</ele>
      </trkpt>
      <trkpt lat="36.8620941" lon="138.2060381">
        <ele>565</ele>
      </trkpt>
      <trkpt lat="36.862072" lon="138.2060348">
        <ele>565</ele>
      </trkpt>
      <trkpt lat="36.8620499" lon="138.2060336">
        <ele>565</ele>
      </trkpt>
      <trkpt lat="36.8620278" lon="138.2060325">
        <ele>565</ele>
      </trkpt>
      <trkpt lat="36.8620057" lon="138.2060322">
        <ele>565</ele>
      </trkpt>
      <trkpt lat="36.8619836" lon="138.206032">
        <ele>565</ele>
      </trkpt>
      <trkpt lat="36.8619614" lon="138.2060309">
        <ele>565</ele>
      </trkpt>
      <trkpt lat="36.8619393" lon="138.2060298">
        <ele>565</ele>
      </trkpt>
      <trkpt lat="36.8619176" lon="138.2060283">
        <ele>565</ele>
      </trkpt>
      <trkpt lat="36.8618959" lon="138.2060269">
        <ele>565</ele>
      </trkpt>
      <trkpt lat="36.8618747" lon="138.206026">
        <ele>565</ele>
      </trkpt>
      <trkpt lat="36.8618536" lon="138.2060252">
        <ele>565</ele>
      </trkpt>
      <trkpt lat="36.8618329" lon="138.2060254">
        <ele>566</ele>
      </trkpt>
      <trkpt lat="36.8618122" lon="138.2060257">
        <ele>566</ele>
      </trkpt>
      <trkpt lat="36.8617911" lon="138.2060271">
        <ele>566</ele>
      </trkpt>
      <trkpt lat="36.86177" lon="138.2060285">
        <ele>566</ele>
      </trkpt>
      <trkpt lat="36.8617475" lon="138.2060298">
        <ele>566</ele>
      </trkpt>
      <trkpt lat="36.8617251" lon="138.2060312">
        <ele>566</ele>
      </trkpt>
      <trkpt lat="36.8617023" lon="138.206032">
        <ele>566</ele>
      </trkpt>
      <trkpt lat="36.8616796" lon="138.2060329">
        <ele>566</ele>
      </trkpt>
      <trkpt lat="36.8616574" lon="138.2060339">
        <ele>566</ele>
      </trkpt>
      <trkpt lat="36.8616353" lon="138.2060349">
        <ele>566</ele>
      </trkpt>
      <trkpt lat="36.8616126" lon="138.206036">
        <ele>567</ele>
      </trkpt>
      <trkpt lat="36.8615899" lon="138.2060371">
        <ele>567</ele>
      </trkpt>
      <trkpt lat="36.8615663" lon="138.2060388">
        <ele>567</ele>
      </trkpt>
      <trkpt lat="36.8615427" lon="138.2060406">
        <ele>567</ele>
      </trkpt>
      <trkpt lat="36.8615187" lon="138.2060429">
        <ele>567</ele>
      </trkpt>
      <trkpt lat="36.8614948" lon="138.2060453">
        <ele>567</ele>
      </trkpt>
      <trkpt lat="36.8614707" lon="138.2060484">
        <ele>567</ele>
      </trkpt>
      <trkpt lat="36.8614466" lon="138.2060516">
        <ele>567</ele>
      </trkpt>
      <trkpt lat="36.8614226" lon="138.206055">
        <ele>567</ele>
      </trkpt>
      <trkpt lat="36.8613986" lon="138.2060585">
        <ele>567</ele>
      </trkpt>
      <trkpt lat="36.8613754" lon="138.2060618">
        <ele>567</ele>
      </trkpt>
      <trkpt lat="36.8613522" lon="138.2060651">
        <ele>567</ele>
      </trkpt>
      <trkpt lat="36.8613295" lon="138.2060682">
        <ele>567</ele>
      </trkpt>
      <trkpt lat="36.8613068" lon="138.2060713">
        <ele>567</ele>
      </trkpt>
      <trkpt lat="36.8612842" lon="138.2060743">
        <ele>567</ele>
      </trkpt>
      <trkpt lat="36.8612617" lon="138.2060773">
        <ele>567</ele>
      </trkpt>
      <trkpt lat="36.8612397" lon="138.2060797">
        <ele>567</ele>
      </trkpt>
      <trkpt lat="36.8612177" lon="138.2060821">
        <ele>567</ele>
      </trkpt>
      <trkpt lat="36.8611965" lon="138.2060844">
        <ele>567</ele>
      </trkpt>
      <trkpt lat="36.8611754" lon="138.2060868">
        <ele>567</ele>
      </trkpt>
      <trkpt lat="36.8611552" lon="138.2060897">
        <ele>567</ele>
      </trkpt>
      <trkpt lat="36.8611351" lon="138.2060926">
        <ele>567</ele>
      </trkpt>
      <trkpt lat="36.8611155" lon="138.2060959">
        <ele>567</ele>
      </trkpt>
      <trkpt lat="36.8610959" lon="138.2060993">
        <ele>567</ele>
      </trkpt>
      <trkpt lat="36.8610758" lon="138.2061035">
        <ele>567</ele>
      </trkpt>
      <trkpt lat="36.8610557" lon="138.2061077">
        <ele>567</ele>
      </trkpt>
      <trkpt lat="36.8610347" lon="138.2061124">
        <ele>567</ele>
      </trkpt>
      <trkpt lat="36.8610138" lon="138.2061172">
        <ele>567</ele>
      </trkpt>
      <trkpt lat="36.860992" lon="138.2061212">
        <ele>567</ele>
      </trkpt>
      <trkpt lat="36.8609703" lon="138.2061252">
        <ele>567</ele>
      </trkpt>
      <trkpt lat="36.8609493" lon="138.2061285">
        <ele>568</ele>
      </trkpt>
      <trkpt lat="36.8609284" lon="138.2061318">
        <ele>568</ele>
      </trkpt>
      <trkpt lat="36.8609087" lon="138.2061352">
        <ele>568</ele>
      </trkpt>
      <trkpt lat="36.8608891" lon="138.2061386">
        <ele>568</ele>
      </trkpt>
      <trkpt lat="36.86087" lon="138.2061423">
        <ele>568</ele>
      </trkpt>
      <trkpt lat="36.8608509" lon="138.2061461">
        <ele>569</ele>
      </trkpt>
      <trkpt lat="36.8608317" lon="138.2061506">
        <ele>569</ele>
      </trkpt>
      <trkpt lat="36.8608125" lon="138.2061551">
        <ele>569</ele>
      </trkpt>
      <trkpt lat="36.8607924" lon="138.2061593">
        <ele>569</ele>
      </trkpt>
      <trkpt lat="36.8607723" lon="138.2061635">
        <ele>569</ele>
      </trkpt>
      <trkpt lat="36.8607505" lon="138.2061673">
        <ele>570</ele>
      </trkpt>
      <trkpt lat="36.8607288" lon="138.2061711">
        <ele>570</ele>
      </trkpt>
      <trkpt lat="36.8607058" lon="138.2061743">
        <ele>570</ele>
      </trkpt>
      <trkpt lat="36.8606828" lon="138.2061776">
        <ele>570</ele>
      </trkpt>
      <trkpt lat="36.8606584" lon="138.2061802">
        <ele>570</ele>
      </trkpt>
      <trkpt lat="36.8606341" lon="138.2061828">
        <ele>570</ele>
      </trkpt>
      <trkpt lat="36.8606095" lon="138.2061848">
        <ele>570</ele>
      </trkpt>
      <trkpt lat="36.8605849" lon="138.2061869">
        <ele>570</ele>
      </trkpt>
      <trkpt lat="36.8605609" lon="138.2061876">
        <ele>570</ele>
      </trkpt>
      <trkpt lat="36.860537" lon="138.2061884">
        <ele>570</ele>
      </trkpt>
      <trkpt lat="36.8605139" lon="138.2061899">
        <ele>570</ele>
      </trkpt>
      <trkpt lat="36.8604908" lon="138.2061914">
        <ele>570</ele>
      </trkpt>
      <trkpt lat="36.8604686" lon="138.2061926">
        <ele>570</ele>
      </trkpt>
      <trkpt lat="36.8604464" lon="138.2061939">
        <ele>571</ele>
      </trkpt>
      <trkpt lat="36.8604253" lon="138.2061938">
        <ele>571</ele>
      </trkpt>
      <trkpt lat="36.8604042" lon="138.2061937">
        <ele>572</ele>
      </trkpt>
      <trkpt lat="36.860383" lon="138.2061919">
        <ele>572</ele>
      </trkpt>
      <trkpt lat="36.8603619" lon="138.2061901">
        <ele>572</ele>
      </trkpt>
      <trkpt lat="36.8603404" lon="138.2061879">
        <ele>572</ele>
      </trkpt>
      <trkpt lat="36.8603189" lon="138.2061858">
        <ele>572</ele>
      </trkpt>
      <trkpt lat="36.8602973" lon="138.206183">
        <ele>572</ele>
      </trkpt>
      <trkpt lat="36.8602758" lon="138.2061803">
        <ele>572</ele>
      </trkpt>
      <trkpt lat="36.860254" lon="138.2061775">
        <ele>572</ele>
      </trkpt>
      <trkpt lat="36.8602322" lon="138.2061747">
        <ele>572</ele>
      </trkpt>
      <trkpt lat="36.8602103" lon="138.2061724">
        <ele>572</ele>
      </trkpt>
      <trkpt lat="36.8601885" lon="138.2061701">
        <ele>572</ele>
      </trkpt>
      <trkpt lat="36.8601664" lon="138.2061683">
        <ele>572</ele>
      </trkpt>
      <trkpt lat="36.8601444" lon="138.2061666">
        <ele>572</ele>
      </trkpt>
      <trkpt lat="36.8601228" lon="138.2061635">
        <ele>572</ele>
      </trkpt>
      <trkpt lat="36.8601012" lon="138.2061604">
        <ele>572</ele>
      </trkpt>
      <trkpt lat="36.8600803" lon="138.2061561">
        <ele>573</ele>
      </trkpt>
      <trkpt lat="36.8600594" lon="138.2061519">
        <ele>573</ele>
      </trkpt>
      <trkpt lat="36.8600389" lon="138.2061469">
        <ele>573</ele>
      </trkpt>
      <trkpt lat="36.8600184" lon="138.206142">
        <ele>573</ele>
      </trkpt>
      <trkpt lat="36.859997" lon="138.206136">
        <ele>573</ele>
      </trkpt>
      <trkpt lat="36.8599757" lon="138.20613">
        <ele>573</ele>
      </trkpt>
      <trkpt lat="36.8599529" lon="138.206123">
        <ele>573</ele>
      </trkpt>
      <trkpt lat="36.8599301" lon="138.2061161">
        <ele>573</ele>
      </trkpt>
      <trkpt lat="36.8599064" lon="138.2061088">
        <ele>573</ele>
      </trkpt>
      <trkpt lat="36.8598828" lon="138.2061015">
        <ele>573</ele>
      </trkpt>
      <trkpt lat="36.8598596" lon="138.2060936">
        <ele>574</ele>
      </trkpt>
      <trkpt lat="36.8598365" lon="138.2060858">
        <ele>574</ele>
      </trkpt>
      <trkpt lat="36.8598142" lon="138.2060778">
        <ele>574</ele>
      </trkpt>
      <trkpt lat="36.8597919" lon="138.2060698">
        <ele>574</ele>
      </trkpt>
      <trkpt lat="36.8597704" lon="138.206063">
        <ele>574</ele>
      </trkpt>
      <trkpt lat="36.8597489" lon="138.2060562">
        <ele>574</ele>
      </trkpt>
      <trkpt lat="36.8597282" lon="138.2060496">
        <ele>574</ele>
      </trkpt>
      <trkpt lat="36.8597075" lon="138.206043">
        <ele>574</ele>
      </trkpt>
      <trkpt lat="36.8596872" lon="138.2060359">
        <ele>574</ele>
      </trkpt>
      <trkpt lat="36.8596669" lon="138.2060288">
        <ele>574</ele>
      </trkpt>
      <trkpt lat="36.8596462" lon="138.20602">
        <ele>575</ele>
      </trkpt>
      <trkpt lat="36.8596255" lon="138.2060113">
        <ele>575</ele>
      </trkpt>
      <trkpt lat="36.8596042" lon="138.2060013">
        <ele>575</ele>
      </trkpt>
      <trkpt lat="36.859583" lon="138.2059913">
        <ele>575</ele>
      </trkpt>
      <trkpt lat="36.8595617" lon="138.2059818">
        <ele>575</ele>
      </trkpt>
      <trkpt lat="36.8595405" lon="138.2059724">
        <ele>575</ele>
      </trkpt>
      <trkpt lat="36.8595192" lon="138.2059632">
        <ele>575</ele>
      </trkpt>
      <trkpt lat="36.859498" lon="138.2059541">
        <ele>575</ele>
      </trkpt>
      <trkpt lat="36.8594766" lon="138.2059444">
        <ele>575</ele>
      </trkpt>
      <trkpt lat="36.8594552" lon="138.2059347">
        <ele>575</ele>
      </trkpt>
      <trkpt lat="36.8594343" lon="138.2059246">
        <ele>575</ele>
      </trkpt>
      <trkpt lat="36.8594135" lon="138.2059146">
        <ele>575</ele>
      </trkpt>
      <trkpt lat="36.8593925" lon="138.2059044">
        <ele>575</ele>
      </trkpt>
      <trkpt lat="36.8593715" lon="138.2058943">
        <ele>575</ele>
      </trkpt>
      <trkpt lat="36.8593499" lon="138.205883">
        <ele>575</ele>
      </trkpt>
      <trkpt lat="36.8593283" lon="138.2058718">
        <ele>575</ele>
      </trkpt>
      <trkpt lat="36.8593068" lon="138.2058594">
        <ele>575</ele>
      </trkpt>
      <trkpt lat="36.8592853" lon="138.2058471">
        <ele>575</ele>
      </trkpt>
      <trkpt lat="36.8592638" lon="138.2058342">
        <ele>575</ele>
      </trkpt>
      <trkpt lat="36.8592424" lon="138.2058214">
        <ele>575</ele>
      </trkpt>
      <trkpt lat="36.8592207" lon="138.2058071">
        <ele>576</ele>
      </trkpt>
      <trkpt lat="36.859199" lon="138.2057929">
        <ele>576</ele>
      </trkpt>
      <trkpt lat="36.8591776" lon="138.2057764">
        <ele>576</ele>
      </trkpt>
      <trkpt lat="36.8591563" lon="138.2057599">
        <ele>576</ele>
      </trkpt>
      <trkpt lat="36.8591362" lon="138.2057425">
        <ele>576</ele>
      </trkpt>
      <trkpt lat="36.8591162" lon="138.2057252">
        <ele>576</ele>
      </trkpt>
      <trkpt lat="36.8590971" lon="138.2057079">
        <ele>576</ele>
      </trkpt>
      <trkpt lat="36.859078" lon="138.2056907">
        <ele>576</ele>
      </trkpt>
      <trkpt lat="36.8590602" lon="138.2056728">
        <ele>576</ele>
      </trkpt>
      <trkpt lat="36.8590424" lon="138.2056549">
        <ele>576</ele>
      </trkpt>
      <trkpt lat="36.8590252" lon="138.2056373">
        <ele>577</ele>
      </trkpt>
      <trkpt lat="36.8590081" lon="138.2056198">
        <ele>577</ele>
      </trkpt>
      <trkpt lat="36.8589912" lon="138.2056036">
        <ele>577</ele>
      </trkpt>
      <trkpt lat="36.8589744" lon="138.2055874">
        <ele>577</ele>
      </trkpt>
      <trkpt lat="36.858958" lon="138.2055727">
        <ele>577</ele>
      </trkpt>
      <trkpt lat="36.8589416" lon="138.2055581">
        <ele>578</ele>
      </trkpt>
      <trkpt lat="36.8589249" lon="138.205543">
        <ele>578</ele>
      </trkpt>
      <trkpt lat="36.8589083" lon="138.2055279">
        <ele>578</ele>
      </trkpt>
      <trkpt lat="36.8588906" lon="138.2055116">
        <ele>579</ele>
      </trkpt>
      <trkpt lat="36.8588729" lon="138.2054954">
        <ele>579</ele>
      </trkpt>
      <trkpt lat="36.8588552" lon="138.2054779">
        <ele>580</ele>
      </trkpt>
      <trkpt lat="36.8588375" lon="138.2054604">
        <ele>580</ele>
      </trkpt>
      <trkpt lat="36.8588207" lon="138.2054416">
        <ele>580</ele>
      </trkpt>
      <trkpt lat="36.858804" lon="138.2054229">
        <ele>580</ele>
      </trkpt>
      <trkpt lat="36.8587874" lon="138.2054034">
        <ele>580</ele>
      </trkpt>
      <trkpt lat="36.8587708" lon="138.2053839">
        <ele>580</ele>
      </trkpt>
      <trkpt lat="36.8587539" lon="138.205364">
        <ele>579</ele>
      </trkpt>
      <trkpt lat="36.8587371" lon="138.2053441">
        <ele>579</ele>
      </trkpt>
      <trkpt lat="36.8587204" lon="138.205324">
        <ele>578</ele>
      </trkpt>
      <trkpt lat="36.8587037" lon="138.2053039">
        <ele>578</ele>
      </trkpt>
      <trkpt lat="36.858687" lon="138.2052842">
        <ele>578</ele>
      </trkpt>
      <trkpt lat="36.8586704" lon="138.2052646">
        <ele>578</ele>
      </trkpt>
      <trkpt lat="36.8586539" lon="138.2052454">
        <ele>578</ele>
      </trkpt>
      <trkpt lat="36.8586375" lon="138.2052263">
        <ele>578</ele>
      </trkpt>
      <trkpt lat="36.8586225" lon="138.2052081">
        <ele>578</ele>
      </trkpt>
      <trkpt lat="36.8586075" lon="138.20519">
        <ele>578</ele>
      </trkpt>
      <trkpt lat="36.8585931" lon="138.2051706">
        <ele>578</ele>
      </trkpt>
      <trkpt lat="36.8585788" lon="138.2051512">
        <ele>578</ele>
      </trkpt>
      <trkpt lat="36.8585641" lon="138.20513">
        <ele>578</ele>
      </trkpt>
      <trkpt lat="36.8585495" lon="138.2051088">
        <ele>578</ele>
      </trkpt>
      <trkpt lat="36.8585344" lon="138.2050867">
        <ele>578</ele>
      </trkpt>
      <trkpt lat="36.8585193" lon="138.2050647">
        <ele>578</ele>
      </trkpt>
      <trkpt lat="36.8585047" lon="138.205041">
        <ele>578</ele>
      </trkpt>
      <trkpt lat="36.8584901" lon="138.2050173">
        <ele>578</ele>
      </trkpt>
      <trkpt lat="36.8584762" lon="138.2049925">
        <ele>578</ele>
      </trkpt>
      <trkpt lat="36.8584623" lon="138.2049677">
        <ele>578</ele>
      </trkpt>
      <trkpt lat="36.8584489" lon="138.2049425">
        <ele>578</ele>
      </trkpt>
      <trkpt lat="36.8584356" lon="138.2049174">
        <ele>578</ele>
      </trkpt>
      <trkpt lat="36.8584225" lon="138.204892">
        <ele>579</ele>
      </trkpt>
      <trkpt lat="36.8584094" lon="138.2048666">
        <ele>579</ele>
      </trkpt>
      <trkpt lat="36.8583967" lon="138.2048415">
        <ele>580</ele>
      </trkpt>
      <trkpt lat="36.8583841" lon="138.2048165">
        <ele>580</ele>
      </trkpt>
      <trkpt lat="36.8583719" lon="138.2047917">
        <ele>580</ele>
      </trkpt>
      <trkpt lat="36.8583597" lon="138.204767">
        <ele>580</ele>
      </trkpt>
      <trkpt lat="36.8583477" lon="138.2047424">
        <ele>580</ele>
      </trkpt>
      <trkpt lat="36.8583357" lon="138.2047179">
        <ele>580</ele>
      </trkpt>
      <trkpt lat="36.8583239" lon="138.2046936">
        <ele>580</ele>
      </trkpt>
      <trkpt lat="36.8583121" lon="138.2046694">
        <ele>580</ele>
      </trkpt>
      <trkpt lat="36.8583001" lon="138.2046453">
        <ele>580</ele>
      </trkpt>
      <trkpt lat="36.8582881" lon="138.2046213">
        <ele>580</ele>
      </trkpt>
      <trkpt lat="36.858276" lon="138.2045977">
        <ele>580</ele>
      </trkpt>
      <trkpt lat="36.858264" lon="138.2045742">
        <ele>580</ele>
      </trkpt>
      <trkpt lat="36.8582517" lon="138.204552">
        <ele>580</ele>
      </trkpt>
      <trkpt lat="36.8582394" lon="138.2045298">
        <ele>580</ele>
      </trkpt>
      <trkpt lat="36.8582268" lon="138.2045082">
        <ele>580</ele>
      </trkpt>
      <trkpt lat="36.8582143" lon="138.2044867">
        <ele>580</ele>
      </trkpt>
      <trkpt lat="36.8582016" lon="138.2044655">
        <ele>580</ele>
      </trkpt>
      <trkpt lat="36.8581889" lon="138.2044444">
        <ele>580</ele>
      </trkpt>
      <trkpt lat="36.8581764" lon="138.2044232">
        <ele>580</ele>
      </trkpt>
      <trkpt lat="36.8581639" lon="138.204402">
        <ele>580</ele>
      </trkpt>
      <trkpt lat="36.8581518" lon="138.2043807">
        <ele>580</ele>
      </trkpt>
      <trkpt lat="36.8581397" lon="138.2043594">
        <ele>580</ele>
      </trkpt>
      <trkpt lat="36.8581282" lon="138.2043368">
        <ele>580</ele>
      </trkpt>
      <trkpt lat="36.8581167" lon="138.2043143">
        <ele>580</ele>
      </trkpt>
      <trkpt lat="36.8581056" lon="138.2042913">
        <ele>580</ele>
      </trkpt>
      <trkpt lat="36.8580945" lon="138.2042683">
        <ele>580</ele>
      </trkpt>
      <trkpt lat="36.8580832" lon="138.2042449">
        <ele>580</ele>
      </trkpt>
      <trkpt lat="36.8580719" lon="138.2042215">
        <ele>580</ele>
      </trkpt>
      <trkpt lat="36.8580606" lon="138.2041976">
        <ele>580</ele>
      </trkpt>
      <trkpt lat="36.8580493" lon="138.2041738">
        <ele>580</ele>
      </trkpt>
      <trkpt lat="36.8580377" lon="138.2041502">
        <ele>581</ele>
      </trkpt>
      <trkpt lat="36.8580261" lon="138.2041267">
        <ele>581</ele>
      </trkpt>
      <trkpt lat="36.8580136" lon="138.2041041">
        <ele>581</ele>
      </trkpt>
      <trkpt lat="36.8580012" lon="138.2040815">
        <ele>581</ele>
      </trkpt>
      <trkpt lat="36.8579884" lon="138.2040593">
        <ele>581</ele>
      </trkpt>
      <trkpt lat="36.8579757" lon="138.2040372">
        <ele>581</ele>
      </trkpt>
      <trkpt lat="36.8579629" lon="138.204015">
        <ele>581</ele>
      </trkpt>
      <trkpt lat="36.8579502" lon="138.2039928">
        <ele>581</ele>
      </trkpt>
      <trkpt lat="36.8579374" lon="138.2039709">
        <ele>581</ele>
      </trkpt>
      <trkpt lat="36.8579247" lon="138.2039491">
        <ele>581</ele>
      </trkpt>
      <trkpt lat="36.8579122" lon="138.2039277">
        <ele>582</ele>
      </trkpt>
      <trkpt lat="36.8578997" lon="138.2039063">
        <ele>582</ele>
      </trkpt>
      <trkpt lat="36.8578876" lon="138.2038858">
        <ele>582</ele>
      </trkpt>
      <trkpt lat="36.8578756" lon="138.2038653">
        <ele>582</ele>
      </trkpt>
      <trkpt lat="36.8578643" lon="138.2038446">
        <ele>582</ele>
      </trkpt>
      <trkpt lat="36.8578531" lon="138.2038239">
        <ele>582</ele>
      </trkpt>
      <trkpt lat="36.857842" lon="138.2038019">
        <ele>582</ele>
      </trkpt>
      <trkpt lat="36.857831" lon="138.20378">
        <ele>582</ele>
      </trkpt>
      <trkpt lat="36.8578196" lon="138.2037581">
        <ele>582</ele>
      </trkpt>
      <trkpt lat="36.8578083" lon="138.2037362">
        <ele>582</ele>
      </trkpt>
      <trkpt lat="36.8577972" lon="138.2037148">
        <ele>583</ele>
      </trkpt>
      <trkpt lat="36.8577861" lon="138.2036934">
        <ele>583</ele>
      </trkpt>
      <trkpt lat="36.8577752" lon="138.2036727">
        <ele>583</ele>
      </trkpt>
      <trkpt lat="36.8577643" lon="138.2036521">
        <ele>583</ele>
      </trkpt>
      <trkpt lat="36.8577541" lon="138.2036322">
        <ele>583</ele>
      </trkpt>
      <trkpt lat="36.8577439" lon="138.2036123">
        <ele>583</ele>
      </trkpt>
      <trkpt lat="36.8577331" lon="138.2035923">
        <ele>583</ele>
      </trkpt>
      <trkpt lat="36.8577224" lon="138.2035723">
        <ele>583</ele>
      </trkpt>
      <trkpt lat="36.8577105" lon="138.2035514">
        <ele>583</ele>
      </trkpt>
      <trkpt lat="36.8576986" lon="138.2035306">
        <ele>583</ele>
      </trkpt>
      <trkpt lat="36.8576861" lon="138.2035092">
        <ele>584</ele>
      </trkpt>
      <trkpt lat="36.8576736" lon="138.2034878">
        <ele>584</ele>
      </trkpt>
      <trkpt lat="36.8576611" lon="138.2034655">
        <ele>584</ele>
      </trkpt>
      <trkpt lat="36.8576486" lon="138.2034432">
        <ele>584</ele>
      </trkpt>
      <trkpt lat="36.8576363" lon="138.203419">
        <ele>584</ele>
      </trkpt>
      <trkpt lat="36.8576241" lon="138.2033948">
        <ele>584</ele>
      </trkpt>
      <trkpt lat="36.8576123" lon="138.2033692">
        <ele>584</ele>
      </trkpt>
      <trkpt lat="36.8576005" lon="138.2033436">
        <ele>584</ele>
      </trkpt>
      <trkpt lat="36.8575896" lon="138.2033181">
        <ele>584</ele>
      </trkpt>
      <trkpt lat="36.8575787" lon="138.2032926">
        <ele>584</ele>
      </trkpt>
      <trkpt lat="36.857568" lon="138.2032687">
        <ele>585</ele>
      </trkpt>
      <trkpt lat="36.8575574" lon="138.2032448">
        <ele>585</ele>
      </trkpt>
      <trkpt lat="36.8575461" lon="138.2032213">
        <ele>585</ele>
      </trkpt>
      <trkpt lat="36.8575348" lon="138.2031978">
        <ele>585</ele>
      </trkpt>
      <trkpt lat="36.857523" lon="138.2031739">
        <ele>585</ele>
      </trkpt>
      <trkpt lat="36.8575112" lon="138.20315">
        <ele>585</ele>
      </trkpt>
      <trkpt lat="36.8574997" lon="138.2031258">
        <ele>585</ele>
      </trkpt>
      <trkpt lat="36.8574882" lon="138.2031016">
        <ele>585</ele>
      </trkpt>
      <trkpt lat="36.8574768" lon="138.2030775">
        <ele>585</ele>
      </trkpt>
      <trkpt lat="36.8574654" lon="138.2030534">
        <ele>585</ele>
      </trkpt>
      <trkpt lat="36.8574543" lon="138.2030299">
        <ele>585</ele>
      </trkpt>
      <trkpt lat="36.8574432" lon="138.2030065">
        <ele>585</ele>
      </trkpt>
      <trkpt lat="36.8574324" lon="138.2029844">
        <ele>585</ele>
      </trkpt>
      <trkpt lat="36.8574217" lon="138.2029624">
        <ele>585</ele>
      </trkpt>
      <trkpt lat="36.8574108" lon="138.2029409">
        <ele>585</ele>
      </trkpt>
      <trkpt lat="36.8573999" lon="138.2029194">
        <ele>585</ele>
      </trkpt>
      <trkpt lat="36.8573887" lon="138.2028987">
        <ele>585</ele>
      </trkpt>
      <trkpt lat="36.8573776" lon="138.2028781">
        <ele>585</ele>
      </trkpt>
      <trkpt lat="36.8573665" lon="138.2028574">
        <ele>585</ele>
      </trkpt>
      <trkpt lat="36.8573555" lon="138.2028367">
        <ele>585</ele>
      </trkpt>
      <trkpt lat="36.8573437" lon="138.2028164">
        <ele>586</ele>
      </trkpt>
      <trkpt lat="36.8573319" lon="138.2027962">
        <ele>586</ele>
      </trkpt>
      <trkpt lat="36.8573201" lon="138.2027761">
        <ele>586</ele>
      </trkpt>
      <trkpt lat="36.8573084" lon="138.202756">
        <ele>586</ele>
      </trkpt>
      <trkpt lat="36.8572973" lon="138.2027342">
        <ele>586</ele>
      </trkpt>
      <trkpt lat="36.8572862" lon="138.2027125">
        <ele>586</ele>
      </trkpt>
      <trkpt lat="36.8572754" lon="138.2026896">
        <ele>586</ele>
      </trkpt>
      <trkpt lat="36.8572647" lon="138.2026667">
        <ele>586</ele>
      </trkpt>
      <trkpt lat="36.8572539" lon="138.2026434">
        <ele>586</ele>
      </trkpt>
      <trkpt lat="36.8572432" lon="138.2026202">
        <ele>586</ele>
      </trkpt>
      <trkpt lat="36.8572317" lon="138.202598">
        <ele>587</ele>
      </trkpt>
      <trkpt lat="36.8572203" lon="138.2025758">
        <ele>587</ele>
      </trkpt>
      <trkpt lat="36.8572074" lon="138.2025546">
        <ele>587</ele>
      </trkpt>
      <trkpt lat="36.8571945" lon="138.2025335">
        <ele>587</ele>
      </trkpt>
      <trkpt lat="36.8571813" lon="138.2025132">
        <ele>587</ele>
      </trkpt>
      <trkpt lat="36.8571681" lon="138.202493">
        <ele>587</ele>
      </trkpt>
      <trkpt lat="36.8571559" lon="138.202471">
        <ele>587</ele>
      </trkpt>
      <trkpt lat="36.8571437" lon="138.202449">
        <ele>587</ele>
      </trkpt>
      <trkpt lat="36.8571337" lon="138.2024262">
        <ele>587</ele>
      </trkpt>
      <trkpt lat="36.8571238" lon="138.2024035">
        <ele>587</ele>
      </trkpt>
      <trkpt lat="36.8571142" lon="138.2023813">
        <ele>587</ele>
      </trkpt>
      <trkpt lat="36.8571047" lon="138.2023591">
        <ele>587</ele>
      </trkpt>
      <trkpt lat="36.8570947" lon="138.202337">
        <ele>587</ele>
      </trkpt>
      <trkpt lat="36.8570847" lon="138.202315">
        <ele>587</ele>
      </trkpt>
      <trkpt lat="36.857074" lon="138.2022931">
        <ele>587</ele>
      </trkpt>
      <trkpt lat="36.8570633" lon="138.2022712">
        <ele>587</ele>
      </trkpt>
      <trkpt lat="36.8570518" lon="138.2022498">
        <ele>587</ele>
      </trkpt>
      <trkpt lat="36.8570403" lon="138.2022285">
        <ele>587</ele>
      </trkpt>
      <trkpt lat="36.8570289" lon="138.2022067">
        <ele>588</ele>
      </trkpt>
      <trkpt lat="36.8570175" lon="138.2021849">
        <ele>588</ele>
      </trkpt>
      <trkpt lat="36.8570065" lon="138.2021625">
        <ele>589</ele>
      </trkpt>
      <trkpt lat="36.8569955" lon="138.2021401">
        <ele>589</ele>
      </trkpt>
      <trkpt lat="36.8569845" lon="138.2021174">
        <ele>589</ele>
      </trkpt>
      <trkpt lat="36.8569735" lon="138.2020947">
        <ele>589</ele>
      </trkpt>
      <trkpt lat="36.8569625" lon="138.2020721">
        <ele>589</ele>
      </trkpt>
      <trkpt lat="36.8569515" lon="138.2020496">
        <ele>589</ele>
      </trkpt>
      <trkpt lat="36.8569399" lon="138.2020272">
        <ele>589</ele>
      </trkpt>
      <trkpt lat="36.8569283" lon="138.2020049">
        <ele>589</ele>
      </trkpt>
      <trkpt lat="36.8569167" lon="138.201983">
        <ele>589</ele>
      </trkpt>
      <trkpt lat="36.8569051" lon="138.2019611">
        <ele>589</ele>
      </trkpt>
      <trkpt lat="36.8568933" lon="138.2019388">
        <ele>590</ele>
      </trkpt>
      <trkpt lat="36.8568815" lon="138.2019165">
        <ele>590</ele>
      </trkpt>
      <trkpt lat="36.8568697" lon="138.2018934">
        <ele>590</ele>
      </trkpt>
      <trkpt lat="36.8568579" lon="138.2018704">
        <ele>590</ele>
      </trkpt>
      <trkpt lat="36.8568465" lon="138.2018476">
        <ele>590</ele>
      </trkpt>
      <trkpt lat="36.8568351" lon="138.2018249">
        <ele>590</ele>
      </trkpt>
      <trkpt lat="36.8568234" lon="138.2018023">
        <ele>590</ele>
      </trkpt>
      <trkpt lat="36.8568117" lon="138.2017797">
        <ele>590</ele>
      </trkpt>
      <trkpt lat="36.8567983" lon="138.2017574">
        <ele>590</ele>
      </trkpt>
      <trkpt lat="36.8567849" lon="138.2017352">
        <ele>590</ele>
      </trkpt>
      <trkpt lat="36.8567714" lon="138.2017146">
        <ele>590</ele>
      </trkpt>
      <trkpt lat="36.856758" lon="138.201694">
        <ele>590</ele>
      </trkpt>
      <trkpt lat="36.856746" lon="138.2016737">
        <ele>590</ele>
      </trkpt>
      <trkpt lat="36.8567341" lon="138.2016534">
        <ele>590</ele>
      </trkpt>
      <trkpt lat="36.8567229" lon="138.2016317">
        <ele>590</ele>
      </trkpt>
      <trkpt lat="36.8567118" lon="138.2016101">
        <ele>590</ele>
      </trkpt>
      <trkpt lat="36.8567008" lon="138.2015863">
        <ele>590</ele>
      </trkpt>
      <trkpt lat="36.8566899" lon="138.2015626">
        <ele>590</ele>
      </trkpt>
      <trkpt lat="36.8566787" lon="138.2015387">
        <ele>590</ele>
      </trkpt>
      <trkpt lat="36.8566676" lon="138.2015149">
        <ele>590</ele>
      </trkpt>
      <trkpt lat="36.8566554" lon="138.2014907">
        <ele>591</ele>
      </trkpt>
      <trkpt lat="36.8566432" lon="138.2014665">
        <ele>591</ele>
      </trkpt>
      <trkpt lat="36.856631" lon="138.2014421">
        <ele>591</ele>
      </trkpt>
      <trkpt lat="36.8566188" lon="138.2014178">
        <ele>591</ele>
      </trkpt>
      <trkpt lat="36.8566066" lon="138.2013939">
        <ele>591</ele>
      </trkpt>
      <trkpt lat="36.8565944" lon="138.20137">
        <ele>591</ele>
      </trkpt>
      <trkpt lat="36.8565824" lon="138.2013469">
        <ele>591</ele>
      </trkpt>
      <trkpt lat="36.8565704" lon="138.2013239">
        <ele>591</ele>
      </trkpt>
      <trkpt lat="36.8565581" lon="138.201301">
        <ele>591</ele>
      </trkpt>
      <trkpt lat="36.8565459" lon="138.2012782">
        <ele>591</ele>
      </trkpt>
      <trkpt lat="36.8565332" lon="138.2012567">
        <ele>591</ele>
      </trkpt>
      <trkpt lat="36.8565205" lon="138.2012353">
        <ele>591</ele>
      </trkpt>
      <trkpt lat="36.8565081" lon="138.2012149">
        <ele>591</ele>
      </trkpt>
      <trkpt lat="36.8564958" lon="138.2011945">
        <ele>591</ele>
      </trkpt>
      <trkpt lat="36.8564836" lon="138.2011739">
        <ele>591</ele>
      </trkpt>
      <trkpt lat="36.8564714" lon="138.2011533">
        <ele>592</ele>
      </trkpt>
      <trkpt lat="36.8564597" lon="138.2011312">
        <ele>592</ele>
      </trkpt>
      <trkpt lat="36.8564481" lon="138.2011092">
        <ele>592</ele>
      </trkpt>
      <trkpt lat="36.8564373" lon="138.2010865">
        <ele>592</ele>
      </trkpt>
      <trkpt lat="36.8564265" lon="138.2010639">
        <ele>592</ele>
      </trkpt>
      <trkpt lat="36.8564162" lon="138.201041">
        <ele>592</ele>
      </trkpt>
      <trkpt lat="36.8564059" lon="138.2010181">
        <ele>592</ele>
      </trkpt>
      <trkpt lat="36.8563946" lon="138.2009958">
        <ele>592</ele>
      </trkpt>
      <trkpt lat="36.8563834" lon="138.2009736">
        <ele>592</ele>
      </trkpt>
      <trkpt lat="36.8563711" lon="138.2009522">
        <ele>592</ele>
      </trkpt>
      <trkpt lat="36.8563588" lon="138.2009309">
        <ele>593</ele>
      </trkpt>
      <trkpt lat="36.8563457" lon="138.2009098">
        <ele>593</ele>
      </trkpt>
      <trkpt lat="36.8563326" lon="138.2008888">
        <ele>593</ele>
      </trkpt>
      <trkpt lat="36.8563194" lon="138.2008688">
        <ele>593</ele>
      </trkpt>
      <trkpt lat="36.8563063" lon="138.2008488">
        <ele>593</ele>
      </trkpt>
      <trkpt lat="36.8562933" lon="138.2008287">
        <ele>593</ele>
      </trkpt>
      <trkpt lat="36.8562803" lon="138.2008086">
        <ele>593</ele>
      </trkpt>
      <trkpt lat="36.8562677" lon="138.2007862">
        <ele>593</ele>
      </trkpt>
      <trkpt lat="36.8562551" lon="138.2007639">
        <ele>593</ele>
      </trkpt>
      <trkpt lat="36.8562429" lon="138.2007394">
        <ele>593</ele>
      </trkpt>
      <trkpt lat="36.8562307" lon="138.2007149">
        <ele>593</ele>
      </trkpt>
      <trkpt lat="36.8562189" lon="138.2006893">
        <ele>593</ele>
      </trkpt>
      <trkpt lat="36.8562072" lon="138.2006637">
        <ele>593</ele>
      </trkpt>
      <trkpt lat="36.8561961" lon="138.2006377">
        <ele>593</ele>
      </trkpt>
      <trkpt lat="36.8561851" lon="138.2006117">
        <ele>593</ele>
      </trkpt>
      <trkpt lat="36.8561745" lon="138.2005866">
        <ele>593</ele>
      </trkpt>
      <trkpt lat="36.8561639" lon="138.2005616">
        <ele>593</ele>
      </trkpt>
      <trkpt lat="36.8561535" lon="138.200537">
        <ele>593</ele>
      </trkpt>
      <trkpt lat="36.8561432" lon="138.2005125">
        <ele>593</ele>
      </trkpt>
      <trkpt lat="36.8561329" lon="138.2004882">
        <ele>593</ele>
      </trkpt>
      <trkpt lat="36.8561226" lon="138.200464">
        <ele>594</ele>
      </trkpt>
      <trkpt lat="36.8561126" lon="138.2004393">
        <ele>594</ele>
      </trkpt>
      <trkpt lat="36.8561027" lon="138.2004147">
        <ele>594</ele>
      </trkpt>
      <trkpt lat="36.8560925" lon="138.2003897">
        <ele>594</ele>
      </trkpt>
      <trkpt lat="36.8560823" lon="138.2003648">
        <ele>594</ele>
      </trkpt>
      <trkpt lat="36.8560714" lon="138.2003398">
        <ele>594</ele>
      </trkpt>
      <trkpt lat="36.8560606" lon="138.2003148">
        <ele>594</ele>
      </trkpt>
      <trkpt lat="36.8560493" lon="138.2002899">
        <ele>594</ele>
      </trkpt>
      <trkpt lat="36.8560381" lon="138.200265">
        <ele>594</ele>
      </trkpt>
      <trkpt lat="36.8560271" lon="138.2002394">
        <ele>594</ele>
      </trkpt>
      <trkpt lat="36.8560162" lon="138.2002138">
        <ele>594</ele>
      </trkpt>
      <trkpt lat="36.8560052" lon="138.2001883">
        <ele>594</ele>
      </trkpt>
      <trkpt lat="36.8559943" lon="138.2001629">
        <ele>594</ele>
      </trkpt>
      <trkpt lat="36.8559831" lon="138.2001374">
        <ele>594</ele>
      </trkpt>
      <trkpt lat="36.855972" lon="138.200112">
        <ele>594</ele>
      </trkpt>
      <trkpt lat="36.855961" lon="138.2000869">
        <ele>595</ele>
      </trkpt>
      <trkpt lat="36.85595" lon="138.2000619">
        <ele>595</ele>
      </trkpt>
      <trkpt lat="36.8559392" lon="138.2000376">
        <ele>595</ele>
      </trkpt>
      <trkpt lat="36.8559285" lon="138.2000133">
        <ele>595</ele>
      </trkpt>
      <trkpt lat="36.8559184" lon="138.1999897">
        <ele>595</ele>
      </trkpt>
      <trkpt lat="36.8559084" lon="138.1999662">
        <ele>595</ele>
      </trkpt>
      <trkpt lat="36.855898" lon="138.1999435">
        <ele>595</ele>
      </trkpt>
      <trkpt lat="36.8558877" lon="138.1999208">
        <ele>595</ele>
      </trkpt>
      <trkpt lat="36.8558769" lon="138.1998981">
        <ele>595</ele>
      </trkpt>
      <trkpt lat="36.8558661" lon="138.1998754">
        <ele>595</ele>
      </trkpt>
      <trkpt lat="36.855855" lon="138.1998523">
        <ele>595</ele>
      </trkpt>
      <trkpt lat="36.8558439" lon="138.1998293">
        <ele>595</ele>
      </trkpt>
      <trkpt lat="36.8558334" lon="138.1998058">
        <ele>595</ele>
      </trkpt>
      <trkpt lat="36.855823" lon="138.1997823">
        <ele>595</ele>
      </trkpt>
      <trkpt lat="36.8558128" lon="138.1997591">
        <ele>595</ele>
      </trkpt>
      <trkpt lat="36.8558026" lon="138.1997359">
        <ele>595</ele>
      </trkpt>
      <trkpt lat="36.8557927" lon="138.1997122">
        <ele>595</ele>
      </trkpt>
      <trkpt lat="36.8557828" lon="138.1996886">
        <ele>595</ele>
      </trkpt>
      <trkpt lat="36.8557723" lon="138.1996647">
        <ele>595</ele>
      </trkpt>
      <trkpt lat="36.8557619" lon="138.1996409">
        <ele>595</ele>
      </trkpt>
      <trkpt lat="36.8557507" lon="138.1996167">
        <ele>595</ele>
      </trkpt>
      <trkpt lat="36.8557395" lon="138.1995925">
        <ele>595</ele>
      </trkpt>
      <trkpt lat="36.8557285" lon="138.1995676">
        <ele>595</ele>
      </trkpt>
      <trkpt lat="36.8557175" lon="138.1995428">
        <ele>596</ele>
      </trkpt>
      <trkpt lat="36.8557067" lon="138.1995178">
        <ele>596</ele>
      </trkpt>
      <trkpt lat="36.855696" lon="138.1994929">
        <ele>597</ele>
      </trkpt>
      <trkpt lat="36.8556851" lon="138.1994686">
        <ele>597</ele>
      </trkpt>
      <trkpt lat="36.8556742" lon="138.1994443">
        <ele>597</ele>
      </trkpt>
      <trkpt lat="36.8556625" lon="138.1994215">
        <ele>597</ele>
      </trkpt>
      <trkpt lat="36.8556508" lon="138.1993987">
        <ele>597</ele>
      </trkpt>
      <trkpt lat="36.8556399" lon="138.1993778">
        <ele>597</ele>
      </trkpt>
      <trkpt lat="36.8556291" lon="138.199357">
        <ele>597</ele>
      </trkpt>
      <trkpt lat="36.8556198" lon="138.1993364">
        <ele>597</ele>
      </trkpt>
      <trkpt lat="36.8556105" lon="138.1993158">
        <ele>597</ele>
      </trkpt>
      <trkpt lat="36.8556011" lon="138.1992939">
        <ele>597</ele>
      </trkpt>
      <trkpt lat="36.8555917" lon="138.1992721">
        <ele>598</ele>
      </trkpt>
      <trkpt lat="36.8555819" lon="138.1992496">
        <ele>598</ele>
      </trkpt>
      <trkpt lat="36.8555721" lon="138.1992272">
        <ele>598</ele>
      </trkpt>
      <trkpt lat="36.8555616" lon="138.1992047">
        <ele>598</ele>
      </trkpt>
      <trkpt lat="36.8555511" lon="138.1991823">
        <ele>598</ele>
      </trkpt>
      <trkpt lat="36.8555401" lon="138.1991598">
        <ele>598</ele>
      </trkpt>
      <trkpt lat="36.8555292" lon="138.1991373">
        <ele>598</ele>
      </trkpt>
      <trkpt lat="36.8555184" lon="138.1991141">
        <ele>598</ele>
      </trkpt>
      <trkpt lat="36.8555077" lon="138.1990909">
        <ele>598</ele>
      </trkpt>
      <trkpt lat="36.8554968" lon="138.1990665">
        <ele>598</ele>
      </trkpt>
      <trkpt lat="36.8554859" lon="138.1990422">
        <ele>598</ele>
      </trkpt>
      <trkpt lat="36.8554743" lon="138.199017">
        <ele>598</ele>
      </trkpt>
      <trkpt lat="36.8554627" lon="138.1989918">
        <ele>598</ele>
      </trkpt>
      <trkpt lat="36.8554505" lon="138.1989657">
        <ele>598</ele>
      </trkpt>
      <trkpt lat="36.8554384" lon="138.1989396">
        <ele>598</ele>
      </trkpt>
      <trkpt lat="36.8554262" lon="138.1989131">
        <ele>599</ele>
      </trkpt>
      <trkpt lat="36.8554141" lon="138.1988867">
        <ele>599</ele>
      </trkpt>
      <trkpt lat="36.8554019" lon="138.1988603">
        <ele>599</ele>
      </trkpt>
      <trkpt lat="36.8553898" lon="138.198834">
        <ele>599</ele>
      </trkpt>
      <trkpt lat="36.8553778" lon="138.1988088">
        <ele>599</ele>
      </trkpt>
      <trkpt lat="36.8553659" lon="138.1987836">
        <ele>599</ele>
      </trkpt>
      <trkpt lat="36.8553542" lon="138.1987592">
        <ele>599</ele>
      </trkpt>
      <trkpt lat="36.8553425" lon="138.1987348">
        <ele>599</ele>
      </trkpt>
      <trkpt lat="36.8553314" lon="138.1987107">
        <ele>599</ele>
      </trkpt>
      <trkpt lat="36.8553203" lon="138.1986866">
        <ele>599</ele>
      </trkpt>
      <trkpt lat="36.8553095" lon="138.1986618">
        <ele>599</ele>
      </trkpt>
      <trkpt lat="36.8552988" lon="138.1986371">
        <ele>599</ele>
      </trkpt>
      <trkpt lat="36.8552873" lon="138.1986126">
        <ele>599</ele>
      </trkpt>
      <trkpt lat="36.8552759" lon="138.1985881">
        <ele>599</ele>
      </trkpt>
      <trkpt lat="36.8552647" lon="138.1985642">
        <ele>599</ele>
      </trkpt>
      <trkpt lat="36.8552535" lon="138.1985403">
        <ele>599</ele>
      </trkpt>
      <trkpt lat="36.8552437" lon="138.1985158">
        <ele>599</ele>
      </trkpt>
      <trkpt lat="36.855234" lon="138.1984913">
        <ele>599</ele>
      </trkpt>
      <trkpt lat="36.8552253" lon="138.1984654">
        <ele>599</ele>
      </trkpt>
      <trkpt lat="36.8552166" lon="138.1984396">
        <ele>599</ele>
      </trkpt>
      <trkpt lat="36.8552089" lon="138.1984127">
        <ele>600</ele>
      </trkpt>
      <trkpt lat="36.8552013" lon="138.1983859">
        <ele>600</ele>
      </trkpt>
      <trkpt lat="36.8551953" lon="138.1983583">
        <ele>600</ele>
      </trkpt>
      <trkpt lat="36.8551893" lon="138.1983308">
        <ele>600</ele>
      </trkpt>
      <trkpt lat="36.8551847" lon="138.1983023">
        <ele>600</ele>
      </trkpt>
      <trkpt lat="36.8551802" lon="138.1982738">
        <ele>600</ele>
      </trkpt>
      <trkpt lat="36.855177" lon="138.198244">
        <ele>600</ele>
      </trkpt>
      <trkpt lat="36.8551739" lon="138.1982142">
        <ele>600</ele>
      </trkpt>
      <trkpt lat="36.8551721" lon="138.1981844">
        <ele>600</ele>
      </trkpt>
      <trkpt lat="36.8551704" lon="138.1981547">
        <ele>600</ele>
      </trkpt>
      <trkpt lat="36.8551697" lon="138.1981256">
        <ele>601</ele>
      </trkpt>
      <trkpt lat="36.8551691" lon="138.1980965">
        <ele>601</ele>
      </trkpt>
      <trkpt lat="36.8551694" lon="138.1980675">
        <ele>601</ele>
      </trkpt>
      <trkpt lat="36.8551698" lon="138.1980386">
        <ele>601</ele>
      </trkpt>
      <trkpt lat="36.8551712" lon="138.1980097">
        <ele>601</ele>
      </trkpt>
      <trkpt lat="36.8551726" lon="138.1979809">
        <ele>601</ele>
      </trkpt>
      <trkpt lat="36.8551752" lon="138.1979526">
        <ele>601</ele>
      </trkpt>
      <trkpt lat="36.8551779" lon="138.1979244">
        <ele>601</ele>
      </trkpt>
      <trkpt lat="36.8551814" lon="138.1978968">
        <ele>601</ele>
      </trkpt>
      <trkpt lat="36.855185" lon="138.1978692">
        <ele>601</ele>
      </trkpt>
      <trkpt lat="36.855189" lon="138.1978419">
        <ele>601</ele>
      </trkpt>
      <trkpt lat="36.855193" lon="138.1978147">
        <ele>601</ele>
      </trkpt>
      <trkpt lat="36.8551963" lon="138.1977876">
        <ele>601</ele>
      </trkpt>
      <trkpt lat="36.8551996" lon="138.1977606">
        <ele>601</ele>
      </trkpt>
      <trkpt lat="36.8552012" lon="138.1977337">
        <ele>601</ele>
      </trkpt>
      <trkpt lat="36.8552028" lon="138.1977068">
        <ele>601</ele>
      </trkpt>
      <trkpt lat="36.8552023" lon="138.1976809">
        <ele>601</ele>
      </trkpt>
      <trkpt lat="36.8552019" lon="138.197655">
        <ele>601</ele>
      </trkpt>
      <trkpt lat="36.8551992" lon="138.1976301">
        <ele>601</ele>
      </trkpt>
      <trkpt lat="36.8551966" lon="138.1976052">
        <ele>601</ele>
      </trkpt>
      <trkpt lat="36.8551904" lon="138.1975816">
        <ele>602</ele>
      </trkpt>
      <trkpt lat="36.8551842" lon="138.197558">
        <ele>602</ele>
      </trkpt>
      <trkpt lat="36.8551751" lon="138.1975365">
        <ele>602</ele>
      </trkpt>
      <trkpt lat="36.855166" lon="138.197515">
        <ele>602</ele>
      </trkpt>
      <trkpt lat="36.8551551" lon="138.1974951">
        <ele>602</ele>
      </trkpt>
      <trkpt lat="36.8551442" lon="138.1974753">
        <ele>602</ele>
      </trkpt>
      <trkpt lat="36.8551313" lon="138.197456">
        <ele>602</ele>
      </trkpt>
      <trkpt lat="36.8551185" lon="138.1974367">
        <ele>602</ele>
      </trkpt>
      <trkpt lat="36.8551039" lon="138.1974176">
        <ele>602</ele>
      </trkpt>
      <trkpt lat="36.8550894" lon="138.1973986">
        <ele>602</ele>
      </trkpt>
      <trkpt lat="36.8550742" lon="138.1973799">
        <ele>603</ele>
      </trkpt>
      <trkpt lat="36.8550591" lon="138.1973613">
        <ele>603</ele>
      </trkpt>
      <trkpt lat="36.8550435" lon="138.1973416">
        <ele>603</ele>
      </trkpt>
      <trkpt lat="36.8550279" lon="138.197322">
        <ele>603</ele>
      </trkpt>
      <trkpt lat="36.8550121" lon="138.1973003">
        <ele>603</ele>
      </trkpt>
      <trkpt lat="36.8549964" lon="138.1972787">
        <ele>603</ele>
      </trkpt>
      <trkpt lat="36.854981" lon="138.1972565">
        <ele>603</ele>
      </trkpt>
      <trkpt lat="36.8549657" lon="138.1972344">
        <ele>603</ele>
      </trkpt>
      <trkpt lat="36.8549505" lon="138.1972117">
        <ele>603</ele>
      </trkpt>
      <trkpt lat="36.8549353" lon="138.1971891">
        <ele>603</ele>
      </trkpt>
      <trkpt lat="36.8549207" lon="138.1971656">
        <ele>603</ele>
      </trkpt>
      <trkpt lat="36.8549061" lon="138.1971421">
        <ele>603</ele>
      </trkpt>
      <trkpt lat="36.8548918" lon="138.1971183">
        <ele>603</ele>
      </trkpt>
      <trkpt lat="36.8548776" lon="138.1970946">
        <ele>604</ele>
      </trkpt>
      <trkpt lat="36.8548637" lon="138.1970711">
        <ele>604</ele>
      </trkpt>
      <trkpt lat="36.8548498" lon="138.1970476">
        <ele>605</ele>
      </trkpt>
      <trkpt lat="36.8548361" lon="138.1970246">
        <ele>605</ele>
      </trkpt>
      <trkpt lat="36.8548225" lon="138.1970016">
        <ele>605</ele>
      </trkpt>
      <trkpt lat="36.854808" lon="138.1969794">
        <ele>605</ele>
      </trkpt>
      <trkpt lat="36.8547935" lon="138.1969572">
        <ele>605</ele>
      </trkpt>
      <trkpt lat="36.8547784" lon="138.1969361">
        <ele>605</ele>
      </trkpt>
      <trkpt lat="36.8547634" lon="138.196915">
        <ele>605</ele>
      </trkpt>
      <trkpt lat="36.8547485" lon="138.1968942">
        <ele>605</ele>
      </trkpt>
      <trkpt lat="36.8547337" lon="138.1968735">
        <ele>605</ele>
      </trkpt>
      <trkpt lat="36.8547187" lon="138.1968516">
        <ele>605</ele>
      </trkpt>
      <trkpt lat="36.8547037" lon="138.1968298">
        <ele>605</ele>
      </trkpt>
      <trkpt lat="36.8546894" lon="138.1968062">
        <ele>605</ele>
      </trkpt>
      <trkpt lat="36.8546752" lon="138.1967826">
        <ele>605</ele>
      </trkpt>
      <trkpt lat="36.8546619" lon="138.1967582">
        <ele>605</ele>
      </trkpt>
      <trkpt lat="36.8546487" lon="138.1967338">
        <ele>605</ele>
      </trkpt>
      <trkpt lat="36.8546361" lon="138.1967097">
        <ele>605</ele>
      </trkpt>
      <trkpt lat="36.8546235" lon="138.1966857">
        <ele>605</ele>
      </trkpt>
      <trkpt lat="36.8546106" lon="138.1966625">
        <ele>605</ele>
      </trkpt>
      <trkpt lat="36.8545978" lon="138.1966393">
        <ele>605</ele>
      </trkpt>
      <trkpt lat="36.8545864" lon="138.1966152">
        <ele>605</ele>
      </trkpt>
      <trkpt lat="36.8545751" lon="138.1965911">
        <ele>606</ele>
      </trkpt>
      <trkpt lat="36.8545657" lon="138.1965654">
        <ele>606</ele>
      </trkpt>
      <trkpt lat="36.8545564" lon="138.1965398">
        <ele>606</ele>
      </trkpt>
      <trkpt lat="36.8545477" lon="138.1965141">
        <ele>606</ele>
      </trkpt>
      <trkpt lat="36.854539" lon="138.1964885">
        <ele>606</ele>
      </trkpt>
      <trkpt lat="36.8545317" lon="138.1964634">
        <ele>606</ele>
      </trkpt>
      <trkpt lat="36.8545244" lon="138.1964384">
        <ele>606</ele>
      </trkpt>
      <trkpt lat="36.8545186" lon="138.1964145">
        <ele>606</ele>
      </trkpt>
      <trkpt lat="36.8545129" lon="138.1963906">
        <ele>606</ele>
      </trkpt>
      <trkpt lat="36.8545056" lon="138.1963681">
        <ele>606</ele>
      </trkpt>
      <trkpt lat="36.8544984" lon="138.1963456">
        <ele>607</ele>
      </trkpt>
      <trkpt lat="36.8544896" lon="138.196324">
        <ele>607</ele>
      </trkpt>
      <trkpt lat="36.8544808" lon="138.1963024">
        <ele>607</ele>
      </trkpt>
      <trkpt lat="36.8544713" lon="138.1962818">
        <ele>607</ele>
      </trkpt>
      <trkpt lat="36.8544619" lon="138.1962612">
        <ele>607</ele>
      </trkpt>
      <trkpt lat="36.854452" lon="138.1962418">
        <ele>608</ele>
      </trkpt>
      <trkpt lat="36.8544421" lon="138.1962225">
        <ele>608</ele>
      </trkpt>
      <trkpt lat="36.854431" lon="138.196204">
        <ele>608</ele>
      </trkpt>
      <trkpt lat="36.8544199" lon="138.1961855">
        <ele>608</ele>
      </trkpt>
      <trkpt lat="36.8544079" lon="138.1961655">
        <ele>608</ele>
      </trkpt>
      <trkpt lat="36.854396" lon="138.1961455">
        <ele>608</ele>
      </trkpt>
      <trkpt lat="36.8543843" lon="138.1961233">
        <ele>608</ele>
      </trkpt>
      <trkpt lat="36.8543726" lon="138.1961012">
        <ele>608</ele>
      </trkpt>
      <trkpt lat="36.8543613" lon="138.1960788">
        <ele>608</ele>
      </trkpt>
      <trkpt lat="36.8543501" lon="138.1960564">
        <ele>608</ele>
      </trkpt>
      <trkpt lat="36.8543387" lon="138.1960342">
        <ele>609</ele>
      </trkpt>
      <trkpt lat="36.8543274" lon="138.196012">
        <ele>609</ele>
      </trkpt>
      <trkpt lat="36.8543157" lon="138.1959883">
        <ele>609</ele>
      </trkpt>
      <trkpt lat="36.854304" lon="138.1959647">
        <ele>609</ele>
      </trkpt>
      <trkpt lat="36.8542932" lon="138.1959394">
        <ele>609</ele>
      </trkpt>
      <trkpt lat="36.8542824" lon="138.1959141">
        <ele>609</ele>
      </trkpt>
      <trkpt lat="36.8542727" lon="138.1958888">
        <ele>609</ele>
      </trkpt>
      <trkpt lat="36.8542631" lon="138.1958635">
        <ele>609</ele>
      </trkpt>
      <trkpt lat="36.8542541" lon="138.1958383">
        <ele>609</ele>
      </trkpt>
      <trkpt lat="36.8542451" lon="138.1958132">
        <ele>609</ele>
      </trkpt>
      <trkpt lat="36.8542377" lon="138.1957878">
        <ele>609</ele>
      </trkpt>
      <trkpt lat="36.8542303" lon="138.1957625">
        <ele>609</ele>
      </trkpt>
      <trkpt lat="36.8542251" lon="138.1957366">
        <ele>609</ele>
      </trkpt>
      <trkpt lat="36.85422" lon="138.1957107">
        <ele>609</ele>
      </trkpt>
      <trkpt lat="36.8542152" lon="138.1956847">
        <ele>609</ele>
      </trkpt>
      <trkpt lat="36.8542104" lon="138.1956588">
        <ele>609</ele>
      </trkpt>
      <trkpt lat="36.8542041" lon="138.1956326">
        <ele>609</ele>
      </trkpt>
      <trkpt lat="36.8541979" lon="138.1956065">
        <ele>609</ele>
      </trkpt>
      <trkpt lat="36.8541919" lon="138.1955806">
        <ele>609</ele>
      </trkpt>
      <trkpt lat="36.854186" lon="138.1955548">
        <ele>609</ele>
      </trkpt>
      <trkpt lat="36.8541806" lon="138.1955271">
        <ele>610</ele>
      </trkpt>
      <trkpt lat="36.8541753" lon="138.1954994">
        <ele>610</ele>
      </trkpt>
      <trkpt lat="36.8541732" lon="138.19547">
        <ele>610</ele>
      </trkpt>
      <trkpt lat="36.8541712" lon="138.1954406">
        <ele>610</ele>
      </trkpt>
      <trkpt lat="36.85417" lon="138.1954109">
        <ele>610</ele>
      </trkpt>
      <trkpt lat="36.8541689" lon="138.1953813">
        <ele>610</ele>
      </trkpt>
      <trkpt lat="36.8541639" lon="138.1953515">
        <ele>610</ele>
      </trkpt>
      <trkpt lat="36.854159" lon="138.1953217">
        <ele>610</ele>
      </trkpt>
      <trkpt lat="36.8541511" lon="138.1952921">
        <ele>610</ele>
      </trkpt>
      <trkpt lat="36.8541433" lon="138.1952625">
        <ele>610</ele>
      </trkpt>
      <trkpt lat="36.8541359" lon="138.1952338">
        <ele>610</ele>
      </trkpt>
      <trkpt lat="36.8541285" lon="138.1952051">
        <ele>610</ele>
      </trkpt>
      <trkpt lat="36.8541247" lon="138.1951779">
        <ele>610</ele>
      </trkpt>
      <trkpt lat="36.854121" lon="138.1951508">
        <ele>610</ele>
      </trkpt>
      <trkpt lat="36.8541203" lon="138.1951257">
        <ele>610</ele>
      </trkpt>
      <trkpt lat="36.8541196" lon="138.1951007">
        <ele>610</ele>
      </trkpt>
      <trkpt lat="36.8541204" lon="138.1950771">
        <ele>610</ele>
      </trkpt>
      <trkpt lat="36.8541212" lon="138.1950536">
        <ele>610</ele>
      </trkpt>
      <trkpt lat="36.854122" lon="138.1950304">
        <ele>610</ele>
      </trkpt>
      <trkpt lat="36.8541228" lon="138.1950072">
        <ele>610</ele>
      </trkpt>
      <trkpt lat="36.8541236" lon="138.1949863">
        <ele>610</ele>
      </trkpt>
      <trkpt lat="36.8541245" lon="138.1949655">
        <ele>610</ele>
      </trkpt>
      <trkpt lat="36.8541263" lon="138.1949456">
        <ele>610</ele>
      </trkpt>
      <trkpt lat="36.8541281" lon="138.1949257">
        <ele>610</ele>
      </trkpt>
      <trkpt lat="36.8541287" lon="138.194905">
        <ele>610</ele>
      </trkpt>
      <trkpt lat="36.8541293" lon="138.1948844">
        <ele>611</ele>
      </trkpt>
      <trkpt lat="36.8541266" lon="138.194861">
        <ele>611</ele>
      </trkpt>
      <trkpt lat="36.854124" lon="138.1948376">
        <ele>611</ele>
      </trkpt>
      <trkpt lat="36.8541185" lon="138.1948085">
        <ele>611</ele>
      </trkpt>
      <trkpt lat="36.8541131" lon="138.1947795">
        <ele>611</ele>
      </trkpt>
      <trkpt lat="36.8541063" lon="138.194749">
        <ele>612</ele>
      </trkpt>
      <trkpt lat="36.8540995" lon="138.1947186">
        <ele>612</ele>
      </trkpt>
      <trkpt lat="36.8540958" lon="138.1946889">
        <ele>612</ele>
      </trkpt>
      <trkpt lat="36.8540922" lon="138.1946592">
        <ele>613</ele>
      </trkpt>
      <trkpt lat="36.8540923" lon="138.1946309">
        <ele>613</ele>
      </trkpt>
      <trkpt lat="36.8540924" lon="138.1946027">
        <ele>614</ele>
      </trkpt>
      <trkpt lat="36.8540948" lon="138.1945751">
        <ele>613</ele>
      </trkpt>
      <trkpt lat="36.8540973" lon="138.1945475">
        <ele>613</ele>
      </trkpt>
      <trkpt lat="36.854101" lon="138.1945191">
        <ele>612</ele>
      </trkpt>
      <trkpt lat="36.8541047" lon="138.1944908">
        <ele>612</ele>
      </trkpt>
      <trkpt lat="36.854109" lon="138.1944622">
        <ele>612</ele>
      </trkpt>
      <trkpt lat="36.8541133" lon="138.1944337">
        <ele>612</ele>
      </trkpt>
      <trkpt lat="36.8541185" lon="138.1944057">
        <ele>612</ele>
      </trkpt>
      <trkpt lat="36.8541237" lon="138.1943778">
        <ele>612</ele>
      </trkpt>
      <trkpt lat="36.8541299" lon="138.1943507">
        <ele>612</ele>
      </trkpt>
      <trkpt lat="36.8541362" lon="138.1943237">
        <ele>612</ele>
      </trkpt>
      <trkpt lat="36.8541433" lon="138.1942976">
        <ele>611</ele>
      </trkpt>
      <trkpt lat="36.8541504" lon="138.1942716">
        <ele>611</ele>
      </trkpt>
      <trkpt lat="36.854158" lon="138.1942463">
        <ele>611</ele>
      </trkpt>
      <trkpt lat="36.8541657" lon="138.194221">
        <ele>611</ele>
      </trkpt>
      <trkpt lat="36.8541732" lon="138.1941962">
        <ele>611</ele>
      </trkpt>
      <trkpt lat="36.8541808" lon="138.1941715">
        <ele>611</ele>
      </trkpt>
      <trkpt lat="36.854188" lon="138.1941472">
        <ele>611</ele>
      </trkpt>
      <trkpt lat="36.8541953" lon="138.194123">
        <ele>611</ele>
      </trkpt>
      <trkpt lat="36.8542022" lon="138.1940989">
        <ele>611</ele>
      </trkpt>
      <trkpt lat="36.8542092" lon="138.1940748">
        <ele>611</ele>
      </trkpt>
      <trkpt lat="36.854216" lon="138.1940508">
        <ele>611</ele>
      </trkpt>
      <trkpt lat="36.8542229" lon="138.1940268">
        <ele>611</ele>
      </trkpt>
      <trkpt lat="36.8542296" lon="138.1940036">
        <ele>611</ele>
      </trkpt>
      <trkpt lat="36.8542363" lon="138.1939804">
        <ele>611</ele>
      </trkpt>
      <trkpt lat="36.8542438" lon="138.1939579">
        <ele>611</ele>
      </trkpt>
      <trkpt lat="36.8542514" lon="138.1939355">
        <ele>611</ele>
      </trkpt>
      <trkpt lat="36.854259" lon="138.1939136">
        <ele>611</ele>
      </trkpt>
      <trkpt lat="36.8542667" lon="138.1938917">
        <ele>611</ele>
      </trkpt>
      <trkpt lat="36.8542734" lon="138.1938699">
        <ele>611</ele>
      </trkpt>
      <trkpt lat="36.8542801" lon="138.1938482">
        <ele>612</ele>
      </trkpt>
      <trkpt lat="36.8542861" lon="138.1938258">
        <ele>612</ele>
      </trkpt>
      <trkpt lat="36.8542922" lon="138.1938034">
        <ele>612</ele>
      </trkpt>
      <trkpt lat="36.854298" lon="138.1937799">
        <ele>613</ele>
      </trkpt>
      <trkpt lat="36.8543038" lon="138.1937564">
        <ele>613</ele>
      </trkpt>
      <trkpt lat="36.8543103" lon="138.1937314">
        <ele>614</ele>
      </trkpt>
      <trkpt lat="36.8543168" lon="138.1937065">
        <ele>614</ele>
      </trkpt>
      <trkpt lat="36.8543238" lon="138.1936805">
        <ele>614</ele>
      </trkpt>
      <trkpt lat="36.8543309" lon="138.1936546">
        <ele>614</ele>
      </trkpt>
      <trkpt lat="36.8543379" lon="138.1936288">
        <ele>614</ele>
      </trkpt>
      <trkpt lat="36.8543449" lon="138.193603">
        <ele>614</ele>
      </trkpt>
      <trkpt lat="36.8543519" lon="138.1935776">
        <ele>614</ele>
      </trkpt>
      <trkpt lat="36.854359" lon="138.1935523">
        <ele>614</ele>
      </trkpt>
      <trkpt lat="36.8543661" lon="138.193527">
        <ele>614</ele>
      </trkpt>
      <trkpt lat="36.8543732" lon="138.1935018">
        <ele>614</ele>
      </trkpt>
      <trkpt lat="36.8543798" lon="138.1934759">
        <ele>614</ele>
      </trkpt>
      <trkpt lat="36.8543865" lon="138.19345">
        <ele>614</ele>
      </trkpt>
      <trkpt lat="36.854393" lon="138.1934234">
        <ele>614</ele>
      </trkpt>
      <trkpt lat="36.8543995" lon="138.1933969">
        <ele>614</ele>
      </trkpt>
      <trkpt lat="36.8544052" lon="138.1933705">
        <ele>614</ele>
      </trkpt>
      <trkpt lat="36.854411" lon="138.1933442">
        <ele>615</ele>
      </trkpt>
      <trkpt lat="36.8544154" lon="138.1933189">
        <ele>615</ele>
      </trkpt>
      <trkpt lat="36.8544198" lon="138.1932937">
        <ele>615</ele>
      </trkpt>
      <trkpt lat="36.8544234" lon="138.1932695">
        <ele>615</ele>
      </trkpt>
      <trkpt lat="36.854427" lon="138.1932453">
        <ele>615</ele>
      </trkpt>
      <trkpt lat="36.8544298" lon="138.1932209">
        <ele>615</ele>
      </trkpt>
      <trkpt lat="36.8544327" lon="138.1931966">
        <ele>615</ele>
      </trkpt>
      <trkpt lat="36.8544354" lon="138.1931723">
        <ele>615</ele>
      </trkpt>
      <trkpt lat="36.8544381" lon="138.193148">
        <ele>615</ele>
      </trkpt>
      <trkpt lat="36.8544411" lon="138.1931247">
        <ele>615</ele>
      </trkpt>
      <trkpt lat="36.8544441" lon="138.1931015">
        <ele>616</ele>
      </trkpt>
      <trkpt lat="36.8544472" lon="138.1930789">
        <ele>616</ele>
      </trkpt>
      <trkpt lat="36.8544504" lon="138.1930563">
        <ele>616</ele>
      </trkpt>
      <trkpt lat="36.8544541" lon="138.1930338">
        <ele>616</ele>
      </trkpt>
      <trkpt lat="36.8544578" lon="138.1930114">
        <ele>616</ele>
      </trkpt>
      <trkpt lat="36.8544611" lon="138.1929888">
        <ele>616</ele>
      </trkpt>
      <trkpt lat="36.8544644" lon="138.1929663">
        <ele>616</ele>
      </trkpt>
      <trkpt lat="36.8544672" lon="138.1929441">
        <ele>616</ele>
      </trkpt>
      <trkpt lat="36.8544701" lon="138.192922">
        <ele>616</ele>
      </trkpt>
      <trkpt lat="36.8544719" lon="138.1929">
        <ele>616</ele>
      </trkpt>
      <trkpt lat="36.8544738" lon="138.1928781">
        <ele>616</ele>
      </trkpt>
      <trkpt lat="36.8544753" lon="138.1928562">
        <ele>616</ele>
      </trkpt>
      <trkpt lat="36.8544768" lon="138.1928344">
        <ele>616</ele>
      </trkpt>
      <trkpt lat="36.8544788" lon="138.1928119">
        <ele>616</ele>
      </trkpt>
      <trkpt lat="36.8544808" lon="138.1927895">
        <ele>616</ele>
      </trkpt>
      <trkpt lat="36.8544837" lon="138.1927644">
        <ele>617</ele>
      </trkpt>
      <trkpt lat="36.8544867" lon="138.1927393">
        <ele>617</ele>
      </trkpt>
      <trkpt lat="36.854489" lon="138.1927129">
        <ele>617</ele>
      </trkpt>
      <trkpt lat="36.8544913" lon="138.1926866">
        <ele>617</ele>
      </trkpt>
      <trkpt lat="36.854493" lon="138.192661">
        <ele>617</ele>
      </trkpt>
      <trkpt lat="36.8544947" lon="138.1926354">
        <ele>618</ele>
      </trkpt>
      <trkpt lat="36.8544957" lon="138.1926097">
        <ele>618</ele>
      </trkpt>
      <trkpt lat="36.8544968" lon="138.192584">
        <ele>618</ele>
      </trkpt>
      <trkpt lat="36.8544965" lon="138.1925575">
        <ele>618</ele>
      </trkpt>
      <trkpt lat="36.8544963" lon="138.192531">
        <ele>618</ele>
      </trkpt>
      <trkpt lat="36.8544948" lon="138.1925035">
        <ele>619</ele>
      </trkpt>
      <trkpt lat="36.8544934" lon="138.1924761">
        <ele>619</ele>
      </trkpt>
      <trkpt lat="36.8544921" lon="138.1924483">
        <ele>619</ele>
      </trkpt>
      <trkpt lat="36.8544908" lon="138.1924205">
        <ele>619</ele>
      </trkpt>
      <trkpt lat="36.8544899" lon="138.1923918">
        <ele>619</ele>
      </trkpt>
      <trkpt lat="36.854489" lon="138.1923632">
        <ele>620</ele>
      </trkpt>
      <trkpt lat="36.8544875" lon="138.1923335">
        <ele>620</ele>
      </trkpt>
      <trkpt lat="36.8544861" lon="138.1923038">
        <ele>620</ele>
      </trkpt>
      <trkpt lat="36.8544847" lon="138.1922744">
        <ele>620</ele>
      </trkpt>
      <trkpt lat="36.8544833" lon="138.1922451">
        <ele>620</ele>
      </trkpt>
      <trkpt lat="36.8544822" lon="138.1922177">
        <ele>620</ele>
      </trkpt>
      <trkpt lat="36.8544812" lon="138.1921904">
        <ele>620</ele>
      </trkpt>
      <trkpt lat="36.8544811" lon="138.1921645">
        <ele>620</ele>
      </trkpt>
      <trkpt lat="36.854481" lon="138.1921386">
        <ele>620</ele>
      </trkpt>
      <trkpt lat="36.8544815" lon="138.1921118">
        <ele>620</ele>
      </trkpt>
      <trkpt lat="36.854482" lon="138.1920851">
        <ele>620</ele>
      </trkpt>
      <trkpt lat="36.8544825" lon="138.1920582">
        <ele>620</ele>
      </trkpt>
      <trkpt lat="36.8544831" lon="138.1920313">
        <ele>620</ele>
      </trkpt>
      <trkpt lat="36.8544824" lon="138.1920048">
        <ele>620</ele>
      </trkpt>
      <trkpt lat="36.8544817" lon="138.1919784">
        <ele>620</ele>
      </trkpt>
      <trkpt lat="36.8544784" lon="138.1919517">
        <ele>620</ele>
      </trkpt>
      <trkpt lat="36.8544752" lon="138.191925">
        <ele>620</ele>
      </trkpt>
      <trkpt lat="36.8544712" lon="138.1918974">
        <ele>620</ele>
      </trkpt>
      <trkpt lat="36.8544672" lon="138.1918698">
        <ele>621</ele>
      </trkpt>
      <trkpt lat="36.8544646" lon="138.1918423">
        <ele>621</ele>
      </trkpt>
      <trkpt lat="36.854462" lon="138.1918149">
        <ele>622</ele>
      </trkpt>
      <trkpt lat="36.8544604" lon="138.191788">
        <ele>622</ele>
      </trkpt>
      <trkpt lat="36.8544588" lon="138.1917612">
        <ele>622</ele>
      </trkpt>
      <trkpt lat="36.8544575" lon="138.1917347">
        <ele>622</ele>
      </trkpt>
      <trkpt lat="36.8544562" lon="138.1917083">
        <ele>622</ele>
      </trkpt>
      <trkpt lat="36.854454" lon="138.1916819">
        <ele>623</ele>
      </trkpt>
      <trkpt lat="36.8544519" lon="138.1916555">
        <ele>623</ele>
      </trkpt>
      <trkpt lat="36.8544494" lon="138.1916287">
        <ele>623</ele>
      </trkpt>
      <trkpt lat="36.854447" lon="138.191602">
        <ele>623</ele>
      </trkpt>
      <trkpt lat="36.8544445" lon="138.1915752">
        <ele>623</ele>
      </trkpt>
      <trkpt lat="36.854442" lon="138.1915484">
        <ele>624</ele>
      </trkpt>
      <trkpt lat="36.8544396" lon="138.1915219">
        <ele>624</ele>
      </trkpt>
      <trkpt lat="36.8544373" lon="138.1914954">
        <ele>624</ele>
      </trkpt>
      <trkpt lat="36.854435" lon="138.1914693">
        <ele>624</ele>
      </trkpt>
      <trkpt lat="36.8544327" lon="138.1914432">
        <ele>624</ele>
      </trkpt>
      <trkpt lat="36.854431" lon="138.1914169">
        <ele>624</ele>
      </trkpt>
      <trkpt lat="36.8544293" lon="138.1913907">
        <ele>623</ele>
      </trkpt>
      <trkpt lat="36.8544279" lon="138.1913638">
        <ele>623</ele>
      </trkpt>
      <trkpt lat="36.8544265" lon="138.1913369">
        <ele>623</ele>
      </trkpt>
      <trkpt lat="36.8544255" lon="138.1913089">
        <ele>623</ele>
      </trkpt>
      <trkpt lat="36.8544246" lon="138.191281">
        <ele>623</ele>
      </trkpt>
      <trkpt lat="36.8544243" lon="138.1912529">
        <ele>623</ele>
      </trkpt>
      <trkpt lat="36.854424" lon="138.1912249">
        <ele>623</ele>
      </trkpt>
      <trkpt lat="36.8544234" lon="138.1911975">
        <ele>623</ele>
      </trkpt>
      <trkpt lat="36.8544228" lon="138.1911702">
        <ele>623</ele>
      </trkpt>
      <trkpt lat="36.8544213" lon="138.1911435">
        <ele>624</ele>
      </trkpt>
      <trkpt lat="36.8544198" lon="138.1911168">
        <ele>624</ele>
      </trkpt>
      <trkpt lat="36.8544174" lon="138.1910904">
        <ele>624</ele>
      </trkpt>
      <trkpt lat="36.8544151" lon="138.191064">
        <ele>624</ele>
      </trkpt>
      <trkpt lat="36.8544123" lon="138.1910382">
        <ele>624</ele>
      </trkpt>
      <trkpt lat="36.8544096" lon="138.1910124">
        <ele>624</ele>
      </trkpt>
      <trkpt lat="36.8544076" lon="138.1909871">
        <ele>624</ele>
      </trkpt>
      <trkpt lat="36.8544056" lon="138.1909619">
        <ele>624</ele>
      </trkpt>
      <trkpt lat="36.854404" lon="138.1909374">
        <ele>624</ele>
      </trkpt>
      <trkpt lat="36.8544024" lon="138.190913">
        <ele>624</ele>
      </trkpt>
      <trkpt lat="36.8544002" lon="138.1908887">
        <ele>625</ele>
      </trkpt>
      <trkpt lat="36.8543981" lon="138.1908644">
        <ele>625</ele>
      </trkpt>
      <trkpt lat="36.854396" lon="138.1908399">
        <ele>625</ele>
      </trkpt>
      <trkpt lat="36.854394" lon="138.1908154">
        <ele>625</ele>
      </trkpt>
      <trkpt lat="36.8543929" lon="138.1907911">
        <ele>625</ele>
      </trkpt>
      <trkpt lat="36.8543918" lon="138.1907668">
        <ele>626</ele>
      </trkpt>
      <trkpt lat="36.8543906" lon="138.1907439">
        <ele>626</ele>
      </trkpt>
      <trkpt lat="36.8543895" lon="138.190721">
        <ele>626</ele>
      </trkpt>
      <trkpt lat="36.8543879" lon="138.190699">
        <ele>626</ele>
      </trkpt>
      <trkpt lat="36.8543864" lon="138.1906771">
        <ele>626</ele>
      </trkpt>
      <trkpt lat="36.8543837" lon="138.1906551">
        <ele>626</ele>
      </trkpt>
      <trkpt lat="36.8543811" lon="138.1906331">
        <ele>626</ele>
      </trkpt>
      <trkpt lat="36.8543778" lon="138.19061">
        <ele>626</ele>
      </trkpt>
      <trkpt lat="36.8543746" lon="138.1905869">
        <ele>626</ele>
      </trkpt>
      <trkpt lat="36.8543718" lon="138.190562">
        <ele>626</ele>
      </trkpt>
      <trkpt lat="36.854369" lon="138.1905371">
        <ele>626</ele>
      </trkpt>
      <trkpt lat="36.854368" lon="138.1905107">
        <ele>626</ele>
      </trkpt>
      <trkpt lat="36.854367" lon="138.1904843">
        <ele>626</ele>
      </trkpt>
      <trkpt lat="36.8543678" lon="138.1904576">
        <ele>626</ele>
      </trkpt>
      <trkpt lat="36.8543687" lon="138.190431">
        <ele>626</ele>
      </trkpt>
      <trkpt lat="36.8543711" lon="138.1904044">
        <ele>626</ele>
      </trkpt>
      <trkpt lat="36.8543736" lon="138.1903778">
        <ele>626</ele>
      </trkpt>
      <trkpt lat="36.8543757" lon="138.1903505">
        <ele>626</ele>
      </trkpt>
      <trkpt lat="36.8543778" lon="138.1903233">
        <ele>626</ele>
      </trkpt>
      <trkpt lat="36.8543781" lon="138.1902956">
        <ele>626</ele>
      </trkpt>
      <trkpt lat="36.8543785" lon="138.190268">
        <ele>627</ele>
      </trkpt>
      <trkpt lat="36.8543774" lon="138.1902405">
        <ele>627</ele>
      </trkpt>
      <trkpt lat="36.8543763" lon="138.190213">
        <ele>627</ele>
      </trkpt>
      <trkpt lat="36.8543746" lon="138.1901869">
        <ele>627</ele>
      </trkpt>
      <trkpt lat="36.854373" lon="138.1901608">
        <ele>627</ele>
      </trkpt>
      <trkpt lat="36.8543705" lon="138.1901378">
        <ele>628</ele>
      </trkpt>
      <trkpt lat="36.8543681" lon="138.1901149">
        <ele>628</ele>
      </trkpt>
      <trkpt lat="36.8543654" lon="138.190095">
        <ele>628</ele>
      </trkpt>
      <trkpt lat="36.8543627" lon="138.1900751">
        <ele>628</ele>
      </trkpt>
      <trkpt lat="36.8543603" lon="138.1900567">
        <ele>628</ele>
      </trkpt>
      <trkpt lat="36.854358" lon="138.1900384">
        <ele>628</ele>
      </trkpt>
      <trkpt lat="36.854356" lon="138.1900213">
        <ele>628</ele>
      </trkpt>
      <trkpt lat="36.8543541" lon="138.1900043">
        <ele>628</ele>
      </trkpt>
      <trkpt lat="36.8543521" lon="138.1899877">
        <ele>628</ele>
      </trkpt>
      <trkpt lat="36.8543501" lon="138.1899712">
        <ele>628</ele>
      </trkpt>
      <trkpt lat="36.8543474" lon="138.1899525">
        <ele>629</ele>
      </trkpt>
      <trkpt lat="36.8543448" lon="138.1899339">
        <ele>629</ele>
      </trkpt>
      <trkpt lat="36.8543413" lon="138.1899122">
        <ele>630</ele>
      </trkpt>
      <trkpt lat="36.8543378" lon="138.1898905">
        <ele>630</ele>
      </trkpt>
      <trkpt lat="36.8543331" lon="138.1898665">
        <ele>631</ele>
      </trkpt>
      <trkpt lat="36.8543285" lon="138.1898425">
        <ele>632</ele>
      </trkpt>
      <trkpt lat="36.8543226" lon="138.1898183">
        <ele>632</ele>
      </trkpt>
      <trkpt lat="36.8543168" lon="138.1897941">
        <ele>632</ele>
      </trkpt>
      <trkpt lat="36.8543096" lon="138.1897714">
        <ele>632</ele>
      </trkpt>
      <trkpt lat="36.8543025" lon="138.1897487">
        <ele>632</ele>
      </trkpt>
      <trkpt lat="36.8542942" lon="138.1897274">
        <ele>633</ele>
      </trkpt>
      <trkpt lat="36.854286" lon="138.1897061">
        <ele>633</ele>
      </trkpt>
      <trkpt lat="36.8542765" lon="138.1896844">
        <ele>633</ele>
      </trkpt>
      <trkpt lat="36.8542671" lon="138.1896628">
        <ele>634</ele>
      </trkpt>
      <trkpt lat="36.8542572" lon="138.1896414">
        <ele>634</ele>
      </trkpt>
      <trkpt lat="36.8542474" lon="138.1896201">
        <ele>635</ele>
      </trkpt>
      <trkpt lat="36.8542377" lon="138.1895975">
        <ele>635</ele>
      </trkpt>
      <trkpt lat="36.854228" lon="138.1895749">
        <ele>635</ele>
      </trkpt>
      <trkpt lat="36.854218" lon="138.1895502">
        <ele>635</ele>
      </trkpt>
      <trkpt lat="36.854208" lon="138.1895255">
        <ele>635</ele>
      </trkpt>
      <trkpt lat="36.8541974" lon="138.1895001">
        <ele>636</ele>
      </trkpt>
      <trkpt lat="36.8541868" lon="138.1894748">
        <ele>636</ele>
      </trkpt>
      <trkpt lat="36.8541756" lon="138.189449">
        <ele>636</ele>
      </trkpt>
      <trkpt lat="36.8541645" lon="138.1894232">
        <ele>636</ele>
      </trkpt>
      <trkpt lat="36.8541528" lon="138.1893963">
        <ele>636</ele>
      </trkpt>
      <trkpt lat="36.8541411" lon="138.1893695">
        <ele>637</ele>
      </trkpt>
      <trkpt lat="36.8541291" lon="138.1893416">
        <ele>637</ele>
      </trkpt>
      <trkpt lat="36.8541171" lon="138.1893137">
        <ele>637</ele>
      </trkpt>
      <trkpt lat="36.8541047" lon="138.1892851">
        <ele>637</ele>
      </trkpt>
      <trkpt lat="36.8540923" lon="138.1892566">
        <ele>637</ele>
      </trkpt>
      <trkpt lat="36.8540806" lon="138.1892281">
        <ele>637</ele>
      </trkpt>
      <trkpt lat="36.8540689" lon="138.1891996">
        <ele>637</ele>
      </trkpt>
      <trkpt lat="36.8540588" lon="138.1891704">
        <ele>637</ele>
      </trkpt>
      <trkpt lat="36.8540488" lon="138.1891412">
        <ele>637</ele>
      </trkpt>
      <trkpt lat="36.8540398" lon="138.1891118">
        <ele>637</ele>
      </trkpt>
      <trkpt lat="36.8540309" lon="138.1890824">
        <ele>637</ele>
      </trkpt>
      <trkpt lat="36.8540233" lon="138.1890533">
        <ele>637</ele>
      </trkpt>
      <trkpt lat="36.8540158" lon="138.1890243">
        <ele>637</ele>
      </trkpt>
      <trkpt lat="36.8540089" lon="138.1889955">
        <ele>637</ele>
      </trkpt>
      <trkpt lat="36.854002" lon="138.1889667">
        <ele>637</ele>
      </trkpt>
      <trkpt lat="36.8539952" lon="138.1889369">
        <ele>637</ele>
      </trkpt>
      <trkpt lat="36.8539884" lon="138.1889072">
        <ele>637</ele>
      </trkpt>
      <trkpt lat="36.8539819" lon="138.188877">
        <ele>637</ele>
      </trkpt>
      <trkpt lat="36.8539755" lon="138.1888469">
        <ele>637</ele>
      </trkpt>
      <trkpt lat="36.8539706" lon="138.1888163">
        <ele>637</ele>
      </trkpt>
      <trkpt lat="36.8539657" lon="138.1887858">
        <ele>637</ele>
      </trkpt>
      <trkpt lat="36.8539627" lon="138.188755">
        <ele>637</ele>
      </trkpt>
      <trkpt lat="36.8539597" lon="138.1887243">
        <ele>637</ele>
      </trkpt>
      <trkpt lat="36.8539585" lon="138.1886941">
        <ele>637</ele>
      </trkpt>
      <trkpt lat="36.8539574" lon="138.1886639">
        <ele>637</ele>
      </trkpt>
      <trkpt lat="36.8539581" lon="138.1886342">
        <ele>637</ele>
      </trkpt>
      <trkpt lat="36.8539589" lon="138.1886046">
        <ele>637</ele>
      </trkpt>
      <trkpt lat="36.8539623" lon="138.1885758">
        <ele>637</ele>
      </trkpt>
      <trkpt lat="36.8539657" lon="138.188547">
        <ele>637</ele>
      </trkpt>
      <trkpt lat="36.8539703" lon="138.1885194">
        <ele>637</ele>
      </trkpt>
      <trkpt lat="36.8539749" lon="138.1884919">
        <ele>637</ele>
      </trkpt>
      <trkpt lat="36.8539795" lon="138.1884647">
        <ele>637</ele>
      </trkpt>
      <trkpt lat="36.8539841" lon="138.1884376">
        <ele>637</ele>
      </trkpt>
      <trkpt lat="36.8539886" lon="138.18841">
        <ele>637</ele>
      </trkpt>
      <trkpt lat="36.8539932" lon="138.1883824">
        <ele>637</ele>
      </trkpt>
      <trkpt lat="36.8539964" lon="138.1883535">
        <ele>637</ele>
      </trkpt>
      <trkpt lat="36.8539997" lon="138.1883246">
        <ele>637</ele>
      </trkpt>
      <trkpt lat="36.8540011" lon="138.1882945">
        <ele>637</ele>
      </trkpt>
      <trkpt lat="36.8540026" lon="138.1882644">
        <ele>637</ele>
      </trkpt>
      <trkpt lat="36.8540032" lon="138.188234">
        <ele>637</ele>
      </trkpt>
      <trkpt lat="36.8540039" lon="138.1882036">
        <ele>637</ele>
      </trkpt>
      <trkpt lat="36.8540038" lon="138.1881735">
        <ele>637</ele>
      </trkpt>
      <trkpt lat="36.8540038" lon="138.1881434">
        <ele>637</ele>
      </trkpt>
      <trkpt lat="36.8540026" lon="138.1881139">
        <ele>637</ele>
      </trkpt>
      <trkpt lat="36.8540015" lon="138.1880845">
        <ele>637</ele>
      </trkpt>
      <trkpt lat="36.8539989" lon="138.1880563">
        <ele>637</ele>
      </trkpt>
      <trkpt lat="36.8539963" lon="138.1880282">
        <ele>636</ele>
      </trkpt>
      <trkpt lat="36.8539936" lon="138.188001">
        <ele>636</ele>
      </trkpt>
      <trkpt lat="36.8539909" lon="138.1879739">
        <ele>636</ele>
      </trkpt>
      <trkpt lat="36.8539885" lon="138.1879482">
        <ele>636</ele>
      </trkpt>
      <trkpt lat="36.8539862" lon="138.1879226">
        <ele>636</ele>
      </trkpt>
      <trkpt lat="36.8539849" lon="138.1878967">
        <ele>636</ele>
      </trkpt>
      <trkpt lat="36.8539837" lon="138.1878709">
        <ele>636</ele>
      </trkpt>
      <trkpt lat="36.8539828" lon="138.1878441">
        <ele>636</ele>
      </trkpt>
      <trkpt lat="36.853982" lon="138.1878174">
        <ele>636</ele>
      </trkpt>
      <trkpt lat="36.8539815" lon="138.1877901">
        <ele>636</ele>
      </trkpt>
      <trkpt lat="36.853981" lon="138.1877629">
        <ele>636</ele>
      </trkpt>
      <trkpt lat="36.853981" lon="138.1877345">
        <ele>636</ele>
      </trkpt>
      <trkpt lat="36.8539811" lon="138.1877062">
        <ele>636</ele>
      </trkpt>
      <trkpt lat="36.853981" lon="138.1876769">
        <ele>636</ele>
      </trkpt>
      <trkpt lat="36.853981" lon="138.1876476">
        <ele>636</ele>
      </trkpt>
      <trkpt lat="36.8539811" lon="138.1876181">
        <ele>636</ele>
      </trkpt>
      <trkpt lat="36.8539813" lon="138.1875886">
        <ele>636</ele>
      </trkpt>
      <trkpt lat="36.8539809" lon="138.1875587">
        <ele>636</ele>
      </trkpt>
      <trkpt lat="36.8539806" lon="138.1875288">
        <ele>636</ele>
      </trkpt>
      <trkpt lat="36.853981" lon="138.1874984">
        <ele>637</ele>
      </trkpt>
      <trkpt lat="36.8539815" lon="138.187468">
        <ele>637</ele>
      </trkpt>
      <trkpt lat="36.8539825" lon="138.187439">
        <ele>637</ele>
      </trkpt>
      <trkpt lat="36.8539836" lon="138.1874101">
        <ele>638</ele>
      </trkpt>
      <trkpt lat="36.8539844" lon="138.1873819">
        <ele>638</ele>
      </trkpt>
      <trkpt lat="36.8539853" lon="138.1873538">
        <ele>639</ele>
      </trkpt>
      <trkpt lat="36.8539855" lon="138.1873257">
        <ele>639</ele>
      </trkpt>
      <trkpt lat="36.8539858" lon="138.1872977">
        <ele>639</ele>
      </trkpt>
      <trkpt lat="36.8539847" lon="138.1872693">
        <ele>639</ele>
      </trkpt>
      <trkpt lat="36.8539836" lon="138.1872409">
        <ele>639</ele>
      </trkpt>
      <trkpt lat="36.853982" lon="138.1872129">
        <ele>639</ele>
      </trkpt>
      <trkpt lat="36.8539804" lon="138.187185">
        <ele>639</ele>
      </trkpt>
      <trkpt lat="36.8539791" lon="138.187158">
        <ele>639</ele>
      </trkpt>
      <trkpt lat="36.8539779" lon="138.1871311">
        <ele>639</ele>
      </trkpt>
      <trkpt lat="36.8539756" lon="138.1871052">
        <ele>639</ele>
      </trkpt>
      <trkpt lat="36.8539733" lon="138.1870794">
        <ele>640</ele>
      </trkpt>
      <trkpt lat="36.8539684" lon="138.1870542">
        <ele>640</ele>
      </trkpt>
      <trkpt lat="36.8539636" lon="138.1870291">
        <ele>640</ele>
      </trkpt>
      <trkpt lat="36.8539576" lon="138.1870047">
        <ele>640</ele>
      </trkpt>
      <trkpt lat="36.8539516" lon="138.1869804">
        <ele>640</ele>
      </trkpt>
      <trkpt lat="36.8539468" lon="138.1869559">
        <ele>640</ele>
      </trkpt>
      <trkpt lat="36.8539421" lon="138.1869314">
        <ele>640</ele>
      </trkpt>
      <trkpt lat="36.853939" lon="138.1869049">
        <ele>640</ele>
      </trkpt>
      <trkpt lat="36.853936" lon="138.1868785">
        <ele>640</ele>
      </trkpt>
      <trkpt lat="36.8539333" lon="138.1868495">
        <ele>640</ele>
      </trkpt>
      <trkpt lat="36.8539307" lon="138.1868205">
        <ele>641</ele>
      </trkpt>
      <trkpt lat="36.853928" lon="138.1867904">
        <ele>641</ele>
      </trkpt>
      <trkpt lat="36.8539253" lon="138.1867604">
        <ele>641</ele>
      </trkpt>
      <trkpt lat="36.8539221" lon="138.1867308">
        <ele>641</ele>
      </trkpt>
      <trkpt lat="36.853919" lon="138.1867013">
        <ele>641</ele>
      </trkpt>
      <trkpt lat="36.8539162" lon="138.1866719">
        <ele>642</ele>
      </trkpt>
      <trkpt lat="36.8539135" lon="138.1866426">
        <ele>642</ele>
      </trkpt>
      <trkpt lat="36.8539103" lon="138.186614">
        <ele>642</ele>
      </trkpt>
      <trkpt lat="36.8539072" lon="138.1865855">
        <ele>642</ele>
      </trkpt>
      <trkpt lat="36.8539037" lon="138.186558">
        <ele>642</ele>
      </trkpt>
      <trkpt lat="36.8539002" lon="138.1865306">
        <ele>642</ele>
      </trkpt>
      <trkpt lat="36.8538961" lon="138.1865031">
        <ele>642</ele>
      </trkpt>
      <trkpt lat="36.8538921" lon="138.1864756">
        <ele>642</ele>
      </trkpt>
      <trkpt lat="36.8538875" lon="138.1864479">
        <ele>642</ele>
      </trkpt>
      <trkpt lat="36.8538829" lon="138.1864203">
        <ele>642</ele>
      </trkpt>
      <trkpt lat="36.85388" lon="138.1863928">
        <ele>642</ele>
      </trkpt>
      <trkpt lat="36.8538772" lon="138.1863654">
        <ele>642</ele>
      </trkpt>
      <trkpt lat="36.8538767" lon="138.1863386">
        <ele>642</ele>
      </trkpt>
      <trkpt lat="36.8538763" lon="138.1863119">
        <ele>642</ele>
      </trkpt>
      <trkpt lat="36.8538773" lon="138.1862858">
        <ele>642</ele>
      </trkpt>
      <trkpt lat="36.8538783" lon="138.1862598">
        <ele>642</ele>
      </trkpt>
      <trkpt lat="36.8538793" lon="138.1862342">
        <ele>642</ele>
      </trkpt>
      <trkpt lat="36.8538803" lon="138.1862087">
        <ele>642</ele>
      </trkpt>
      <trkpt lat="36.8538797" lon="138.1861837">
        <ele>642</ele>
      </trkpt>
      <trkpt lat="36.8538791" lon="138.1861588">
        <ele>642</ele>
      </trkpt>
      <trkpt lat="36.8538752" lon="138.1861348">
        <ele>642</ele>
      </trkpt>
      <trkpt lat="36.8538713" lon="138.1861108">
        <ele>641</ele>
      </trkpt>
      <trkpt lat="36.8538637" lon="138.1860879">
        <ele>641</ele>
      </trkpt>
      <trkpt lat="36.8538562" lon="138.186065">
        <ele>641</ele>
      </trkpt>
      <trkpt lat="36.8538452" lon="138.1860438">
        <ele>641</ele>
      </trkpt>
      <trkpt lat="36.8538343" lon="138.1860226">
        <ele>641</ele>
      </trkpt>
      <trkpt lat="36.853822" lon="138.1860019">
        <ele>641</ele>
      </trkpt>
      <trkpt lat="36.8538098" lon="138.1859813">
        <ele>641</ele>
      </trkpt>
      <trkpt lat="36.8537982" lon="138.18596">
        <ele>641</ele>
      </trkpt>
      <trkpt lat="36.8537866" lon="138.1859388">
        <ele>641</ele>
      </trkpt>
      <trkpt lat="36.8537758" lon="138.1859167">
        <ele>641</ele>
      </trkpt>
      <trkpt lat="36.8537651" lon="138.1858946">
        <ele>640</ele>
      </trkpt>
      <trkpt lat="36.8537547" lon="138.185873">
        <ele>640</ele>
      </trkpt>
      <trkpt lat="36.8537443" lon="138.1858515">
        <ele>640</ele>
      </trkpt>
      <trkpt lat="36.8537326" lon="138.1858317">
        <ele>640</ele>
      </trkpt>
      <trkpt lat="36.8537209" lon="138.185812">
        <ele>640</ele>
      </trkpt>
      <trkpt lat="36.8537078" lon="138.1857947">
        <ele>640</ele>
      </trkpt>
      <trkpt lat="36.8536948" lon="138.1857774">
        <ele>640</ele>
      </trkpt>
      <trkpt lat="36.8536803" lon="138.1857626">
        <ele>640</ele>
      </trkpt>
      <trkpt lat="36.8536658" lon="138.1857478">
        <ele>640</ele>
      </trkpt>
      <trkpt lat="36.8536499" lon="138.1857353">
        <ele>641</ele>
      </trkpt>
      <trkpt lat="36.8536341" lon="138.1857228">
        <ele>641</ele>
      </trkpt>
      <trkpt lat="36.8536168" lon="138.1857113">
        <ele>641</ele>
      </trkpt>
      <trkpt lat="36.8535996" lon="138.1856998">
        <ele>641</ele>
      </trkpt>
      <trkpt lat="36.853581" lon="138.1856883">
        <ele>641</ele>
      </trkpt>
      <trkpt lat="36.8535625" lon="138.1856768">
        <ele>642</ele>
      </trkpt>
      <trkpt lat="36.8535438" lon="138.1856628">
        <ele>642</ele>
      </trkpt>
      <trkpt lat="36.8535252" lon="138.1856488">
        <ele>642</ele>
      </trkpt>
      <trkpt lat="36.8535079" lon="138.1856319">
        <ele>642</ele>
      </trkpt>
      <trkpt lat="36.8534907" lon="138.1856151">
        <ele>642</ele>
      </trkpt>
      <trkpt lat="36.8534751" lon="138.1855964">
        <ele>642</ele>
      </trkpt>
      <trkpt lat="36.8534595" lon="138.1855777">
        <ele>642</ele>
      </trkpt>
      <trkpt lat="36.853445" lon="138.1855569">
        <ele>642</ele>
      </trkpt>
      <trkpt lat="36.8534306" lon="138.1855362">
        <ele>642</ele>
      </trkpt>
      <trkpt lat="36.8534165" lon="138.1855143">
        <ele>642</ele>
      </trkpt>
      <trkpt lat="36.8534025" lon="138.1854925">
        <ele>643</ele>
      </trkpt>
      <trkpt lat="36.8533901" lon="138.1854712">
        <ele>643</ele>
      </trkpt>
      <trkpt lat="36.8533777" lon="138.1854499">
        <ele>643</ele>
      </trkpt>
      <trkpt lat="36.8533672" lon="138.1854294">
        <ele>643</ele>
      </trkpt>
      <trkpt lat="36.8533567" lon="138.185409">
        <ele>643</ele>
      </trkpt>
      <trkpt lat="36.8533482" lon="138.1853879">
        <ele>643</ele>
      </trkpt>
      <trkpt lat="36.8533397" lon="138.1853668">
        <ele>643</ele>
      </trkpt>
      <trkpt lat="36.8533323" lon="138.1853448">
        <ele>643</ele>
      </trkpt>
      <trkpt lat="36.8533249" lon="138.1853228">
        <ele>643</ele>
      </trkpt>
      <trkpt lat="36.8533173" lon="138.1852999">
        <ele>643</ele>
      </trkpt>
      <trkpt lat="36.8533098" lon="138.1852771">
        <ele>644</ele>
      </trkpt>
      <trkpt lat="36.8533037" lon="138.1852522">
        <ele>644</ele>
      </trkpt>
      <trkpt lat="36.8532977" lon="138.1852273">
        <ele>644</ele>
      </trkpt>
      <trkpt lat="36.8532931" lon="138.1852013">
        <ele>644</ele>
      </trkpt>
      <trkpt lat="36.8532886" lon="138.1851753">
        <ele>644</ele>
      </trkpt>
      <trkpt lat="36.8532845" lon="138.1851492">
        <ele>644</ele>
      </trkpt>
      <trkpt lat="36.8532804" lon="138.1851232">
        <ele>644</ele>
      </trkpt>
      <trkpt lat="36.8532762" lon="138.1850973">
        <ele>644</ele>
      </trkpt>
      <trkpt lat="36.8532721" lon="138.1850715">
        <ele>644</ele>
      </trkpt>
      <trkpt lat="36.8532681" lon="138.1850462">
        <ele>644</ele>
      </trkpt>
      <trkpt lat="36.8532642" lon="138.185021">
        <ele>645</ele>
      </trkpt>
      <trkpt lat="36.8532606" lon="138.1849954">
        <ele>645</ele>
      </trkpt>
      <trkpt lat="36.8532571" lon="138.1849698">
        <ele>645</ele>
      </trkpt>
      <trkpt lat="36.8532535" lon="138.1849437">
        <ele>645</ele>
      </trkpt>
      <trkpt lat="36.8532499" lon="138.1849177">
        <ele>645</ele>
      </trkpt>
      <trkpt lat="36.8532462" lon="138.1848918">
        <ele>645</ele>
      </trkpt>
      <trkpt lat="36.8532426" lon="138.1848659">
        <ele>645</ele>
      </trkpt>
      <trkpt lat="36.8532388" lon="138.1848402">
        <ele>645</ele>
      </trkpt>
      <trkpt lat="36.8532351" lon="138.1848145">
        <ele>645</ele>
      </trkpt>
      <trkpt lat="36.853231" lon="138.1847886">
        <ele>645</ele>
      </trkpt>
      <trkpt lat="36.853227" lon="138.1847628">
        <ele>645</ele>
      </trkpt>
      <trkpt lat="36.8532231" lon="138.1847365">
        <ele>645</ele>
      </trkpt>
      <trkpt lat="36.8532192" lon="138.1847102">
        <ele>645</ele>
      </trkpt>
      <trkpt lat="36.8532152" lon="138.1846835">
        <ele>645</ele>
      </trkpt>
      <trkpt lat="36.8532113" lon="138.1846568">
        <ele>645</ele>
      </trkpt>
      <trkpt lat="36.8532071" lon="138.1846296">
        <ele>645</ele>
      </trkpt>
      <trkpt lat="36.853203" lon="138.1846024">
        <ele>645</ele>
      </trkpt>
      <trkpt lat="36.8531987" lon="138.1845749">
        <ele>645</ele>
      </trkpt>
      <trkpt lat="36.8531945" lon="138.1845474">
        <ele>646</ele>
      </trkpt>
      <trkpt lat="36.8531906" lon="138.1845208">
        <ele>646</ele>
      </trkpt>
      <trkpt lat="36.8531868" lon="138.1844942">
        <ele>647</ele>
      </trkpt>
      <trkpt lat="36.8531842" lon="138.1844691">
        <ele>647</ele>
      </trkpt>
      <trkpt lat="36.8531816" lon="138.184444">
        <ele>647</ele>
      </trkpt>
      <trkpt lat="36.8531796" lon="138.1844193">
        <ele>647</ele>
      </trkpt>
      <trkpt lat="36.8531776" lon="138.1843946">
        <ele>647</ele>
      </trkpt>
      <trkpt lat="36.8531756" lon="138.1843696">
        <ele>648</ele>
      </trkpt>
      <trkpt lat="36.8531736" lon="138.1843447">
        <ele>648</ele>
      </trkpt>
      <trkpt lat="36.853171" lon="138.1843189">
        <ele>648</ele>
      </trkpt>
      <trkpt lat="36.8531685" lon="138.1842931">
        <ele>648</ele>
      </trkpt>
      <trkpt lat="36.8531655" lon="138.1842668">
        <ele>648</ele>
      </trkpt>
      <trkpt lat="36.8531626" lon="138.1842405">
        <ele>649</ele>
      </trkpt>
      <trkpt lat="36.8531594" lon="138.1842142">
        <ele>648</ele>
      </trkpt>
      <trkpt lat="36.8531562" lon="138.1841879">
        <ele>648</ele>
      </trkpt>
      <trkpt lat="36.8531519" lon="138.1841616">
        <ele>648</ele>
      </trkpt>
      <trkpt lat="36.8531476" lon="138.1841354">
        <ele>648</ele>
      </trkpt>
      <trkpt lat="36.853142" lon="138.1841095">
        <ele>648</ele>
      </trkpt>
      <trkpt lat="36.8531365" lon="138.1840837">
        <ele>648</ele>
      </trkpt>
      <trkpt lat="36.853131" lon="138.1840582">
        <ele>648</ele>
      </trkpt>
      <trkpt lat="36.8531255" lon="138.1840328">
        <ele>648</ele>
      </trkpt>
      <trkpt lat="36.8531205" lon="138.1840073">
        <ele>648</ele>
      </trkpt>
      <trkpt lat="36.8531155" lon="138.1839819">
        <ele>648</ele>
      </trkpt>
      <trkpt lat="36.8531112" lon="138.1839559">
        <ele>648</ele>
      </trkpt>
      <trkpt lat="36.8531069" lon="138.18393">
        <ele>648</ele>
      </trkpt>
      <trkpt lat="36.8531036" lon="138.1839038">
        <ele>648</ele>
      </trkpt>
      <trkpt lat="36.8531003" lon="138.1838777">
        <ele>648</ele>
      </trkpt>
      <trkpt lat="36.8530966" lon="138.1838522">
        <ele>648</ele>
      </trkpt>
      <trkpt lat="36.853093" lon="138.1838268">
        <ele>648</ele>
      </trkpt>
      <trkpt lat="36.8530877" lon="138.183802">
        <ele>648</ele>
      </trkpt>
      <trkpt lat="36.8530825" lon="138.1837773">
        <ele>648</ele>
      </trkpt>
      <trkpt lat="36.8530756" lon="138.1837529">
        <ele>648</ele>
      </trkpt>
      <trkpt lat="36.8530688" lon="138.1837286">
        <ele>648</ele>
      </trkpt>
      <trkpt lat="36.8530609" lon="138.183705">
        <ele>648</ele>
      </trkpt>
      <trkpt lat="36.853053" lon="138.1836815">
        <ele>648</ele>
      </trkpt>
      <trkpt lat="36.8530442" lon="138.1836589">
        <ele>648</ele>
      </trkpt>
      <trkpt lat="36.8530354" lon="138.1836364">
        <ele>648</ele>
      </trkpt>
      <trkpt lat="36.8530258" lon="138.1836142">
        <ele>649</ele>
      </trkpt>
      <trkpt lat="36.8530163" lon="138.1835921">
        <ele>649</ele>
      </trkpt>
      <trkpt lat="36.853006" lon="138.18357">
        <ele>649</ele>
      </trkpt>
      <trkpt lat="36.8529958" lon="138.1835479">
        <ele>649</ele>
      </trkpt>
      <trkpt lat="36.8529852" lon="138.1835259">
        <ele>649</ele>
      </trkpt>
      <trkpt lat="36.8529746" lon="138.183504">
        <ele>650</ele>
      </trkpt>
      <trkpt lat="36.8529633" lon="138.1834824">
        <ele>650</ele>
      </trkpt>
      <trkpt lat="36.852952" lon="138.1834608">
        <ele>650</ele>
      </trkpt>
      <trkpt lat="36.8529401" lon="138.1834402">
        <ele>650</ele>
      </trkpt>
      <trkpt lat="36.8529282" lon="138.1834196">
        <ele>650</ele>
      </trkpt>
      <trkpt lat="36.8529158" lon="138.1833995">
        <ele>650</ele>
      </trkpt>
      <trkpt lat="36.8529034" lon="138.1833794">
        <ele>650</ele>
      </trkpt>
      <trkpt lat="36.8528898" lon="138.1833601">
        <ele>650</ele>
      </trkpt>
      <trkpt lat="36.8528763" lon="138.1833408">
        <ele>650</ele>
      </trkpt>
      <trkpt lat="36.8528608" lon="138.1833235">
        <ele>650</ele>
      </trkpt>
      <trkpt lat="36.8528454" lon="138.1833063">
        <ele>650</ele>
      </trkpt>
      <trkpt lat="36.8528294" lon="138.1832908">
        <ele>650</ele>
      </trkpt>
      <trkpt lat="36.8528134" lon="138.1832754">
        <ele>650</ele>
      </trkpt>
      <trkpt lat="36.8527983" lon="138.1832602">
        <ele>650</ele>
      </trkpt>
      <trkpt lat="36.8527832" lon="138.1832451">
        <ele>650</ele>
      </trkpt>
      <trkpt lat="36.852769" lon="138.1832297">
        <ele>650</ele>
      </trkpt>
      <trkpt lat="36.8527549" lon="138.1832143">
        <ele>650</ele>
      </trkpt>
      <trkpt lat="36.852741" lon="138.1831991">
        <ele>650</ele>
      </trkpt>
      <trkpt lat="36.8527272" lon="138.183184">
        <ele>650</ele>
      </trkpt>
      <trkpt lat="36.8527127" lon="138.1831692">
        <ele>650</ele>
      </trkpt>
      <trkpt lat="36.8526983" lon="138.1831544">
        <ele>651</ele>
      </trkpt>
      <trkpt lat="36.8526842" lon="138.1831384">
        <ele>651</ele>
      </trkpt>
      <trkpt lat="36.8526701" lon="138.1831225">
        <ele>651</ele>
      </trkpt>
      <trkpt lat="36.8526561" lon="138.1831055">
        <ele>651</ele>
      </trkpt>
      <trkpt lat="36.8526421" lon="138.1830886">
        <ele>651</ele>
      </trkpt>
      <trkpt lat="36.852627" lon="138.1830718">
        <ele>651</ele>
      </trkpt>
      <trkpt lat="36.8526119" lon="138.1830551">
        <ele>651</ele>
      </trkpt>
      <trkpt lat="36.8525961" lon="138.1830389">
        <ele>651</ele>
      </trkpt>
      <trkpt lat="36.8525804" lon="138.1830228">
        <ele>651</ele>
      </trkpt>
      <trkpt lat="36.8525649" lon="138.1830072">
        <ele>651</ele>
      </trkpt>
      <trkpt lat="36.8525495" lon="138.1829916">
        <ele>651</ele>
      </trkpt>
      <trkpt lat="36.8525344" lon="138.1829764">
        <ele>651</ele>
      </trkpt>
      <trkpt lat="36.8525194" lon="138.1829613">
        <ele>651</ele>
      </trkpt>
      <trkpt lat="36.8525047" lon="138.1829455">
        <ele>651</ele>
      </trkpt>
      <trkpt lat="36.85249" lon="138.1829297">
        <ele>651</ele>
      </trkpt>
      <trkpt lat="36.852475" lon="138.1829132">
        <ele>651</ele>
      </trkpt>
      <trkpt lat="36.85246" lon="138.1828968">
        <ele>651</ele>
      </trkpt>
      <trkpt lat="36.8524451" lon="138.1828799">
        <ele>651</ele>
      </trkpt>
      <trkpt lat="36.8524302" lon="138.182863">
        <ele>651</ele>
      </trkpt>
      <trkpt lat="36.8524155" lon="138.1828451">
        <ele>651</ele>
      </trkpt>
      <trkpt lat="36.8524009" lon="138.1828273">
        <ele>652</ele>
      </trkpt>
      <trkpt lat="36.8523867" lon="138.1828082">
        <ele>652</ele>
      </trkpt>
      <trkpt lat="36.8523725" lon="138.1827892">
        <ele>652</ele>
      </trkpt>
      <trkpt lat="36.8523593" lon="138.1827691">
        <ele>652</ele>
      </trkpt>
      <trkpt lat="36.8523461" lon="138.1827491">
        <ele>652</ele>
      </trkpt>
      <trkpt lat="36.8523337" lon="138.1827289">
        <ele>653</ele>
      </trkpt>
      <trkpt lat="36.8523213" lon="138.1827087">
        <ele>653</ele>
      </trkpt>
      <trkpt lat="36.8523098" lon="138.1826884">
        <ele>653</ele>
      </trkpt>
      <trkpt lat="36.8522983" lon="138.1826681">
        <ele>653</ele>
      </trkpt>
      <trkpt lat="36.8522868" lon="138.182647">
        <ele>653</ele>
      </trkpt>
      <trkpt lat="36.8522753" lon="138.1826259">
        <ele>653</ele>
      </trkpt>
      <trkpt lat="36.8522632" lon="138.1826032">
        <ele>653</ele>
      </trkpt>
      <trkpt lat="36.8522511" lon="138.1825806">
        <ele>653</ele>
      </trkpt>
      <trkpt lat="36.8522379" lon="138.1825575">
        <ele>653</ele>
      </trkpt>
      <trkpt lat="36.8522247" lon="138.1825344">
        <ele>653</ele>
      </trkpt>
      <trkpt lat="36.8522109" lon="138.1825118">
        <ele>653</ele>
      </trkpt>
      <trkpt lat="36.8521972" lon="138.1824893">
        <ele>653</ele>
      </trkpt>
      <trkpt lat="36.8521833" lon="138.1824678">
        <ele>653</ele>
      </trkpt>
      <trkpt lat="36.8521694" lon="138.1824463">
        <ele>653</ele>
      </trkpt>
      <trkpt lat="36.8521561" lon="138.1824265">
        <ele>653</ele>
      </trkpt>
      <trkpt lat="36.8521428" lon="138.1824067">
        <ele>654</ele>
      </trkpt>
      <trkpt lat="36.8521303" lon="138.1823874">
        <ele>654</ele>
      </trkpt>
      <trkpt lat="36.8521179" lon="138.1823681">
        <ele>654</ele>
      </trkpt>
      <trkpt lat="36.8521055" lon="138.1823484">
        <ele>655</ele>
      </trkpt>
      <trkpt lat="36.8520932" lon="138.1823288">
        <ele>655</ele>
      </trkpt>
      <trkpt lat="36.8520809" lon="138.1823091">
        <ele>656</ele>
      </trkpt>
      <trkpt lat="36.8520686" lon="138.1822895">
        <ele>656</ele>
      </trkpt>
      <trkpt lat="36.8520563" lon="138.18227">
        <ele>656</ele>
      </trkpt>
      <trkpt lat="36.852044" lon="138.1822505">
        <ele>657</ele>
      </trkpt>
      <trkpt lat="36.8520321" lon="138.1822302">
        <ele>657</ele>
      </trkpt>
      <trkpt lat="36.8520202" lon="138.1822099">
        <ele>658</ele>
      </trkpt>
      <trkpt lat="36.8520097" lon="138.1821891">
        <ele>658</ele>
      </trkpt>
      <trkpt lat="36.8519992" lon="138.1821683">
        <ele>658</ele>
      </trkpt>
      <trkpt lat="36.8519895" lon="138.1821472">
        <ele>658</ele>
      </trkpt>
      <trkpt lat="36.8519798" lon="138.1821261">
        <ele>658</ele>
      </trkpt>
      <trkpt lat="36.8519698" lon="138.1821047">
        <ele>659</ele>
      </trkpt>
      <trkpt lat="36.8519599" lon="138.1820833">
        <ele>659</ele>
      </trkpt>
      <trkpt lat="36.8519498" lon="138.1820605">
        <ele>659</ele>
      </trkpt>
      <trkpt lat="36.8519398" lon="138.1820377">
        <ele>659</ele>
      </trkpt>
      <trkpt lat="36.8519302" lon="138.1820135">
        <ele>659</ele>
      </trkpt>
      <trkpt lat="36.8519207" lon="138.1819894">
        <ele>659</ele>
      </trkpt>
      <trkpt lat="36.8519119" lon="138.181965">
        <ele>659</ele>
      </trkpt>
      <trkpt lat="36.8519031" lon="138.1819407">
        <ele>659</ele>
      </trkpt>
      <trkpt lat="36.8518947" lon="138.1819169">
        <ele>659</ele>
      </trkpt>
      <trkpt lat="36.8518864" lon="138.1818931">
        <ele>659</ele>
      </trkpt>
      <trkpt lat="36.8518783" lon="138.1818689">
        <ele>659</ele>
      </trkpt>
      <trkpt lat="36.8518703" lon="138.1818447">
        <ele>659</ele>
      </trkpt>
      <trkpt lat="36.8518625" lon="138.1818187">
        <ele>659</ele>
      </trkpt>
      <trkpt lat="36.8518547" lon="138.1817927">
        <ele>659</ele>
      </trkpt>
      <trkpt lat="36.851847" lon="138.1817658">
        <ele>659</ele>
      </trkpt>
      <trkpt lat="36.8518394" lon="138.181739">
        <ele>660</ele>
      </trkpt>
      <trkpt lat="36.8518324" lon="138.1817127">
        <ele>660</ele>
      </trkpt>
      <trkpt lat="36.8518255" lon="138.1816864">
        <ele>660</ele>
      </trkpt>
      <trkpt lat="36.8518195" lon="138.181661">
        <ele>660</ele>
      </trkpt>
      <trkpt lat="36.8518136" lon="138.1816356">
        <ele>660</ele>
      </trkpt>
      <trkpt lat="36.851809" lon="138.1816104">
        <ele>661</ele>
      </trkpt>
      <trkpt lat="36.8518044" lon="138.1815853">
        <ele>661</ele>
      </trkpt>
      <trkpt lat="36.8518008" lon="138.18156">
        <ele>661</ele>
      </trkpt>
      <trkpt lat="36.8517973" lon="138.1815348">
        <ele>661</ele>
      </trkpt>
      <trkpt lat="36.8517945" lon="138.1815092">
        <ele>661</ele>
      </trkpt>
      <trkpt lat="36.8517918" lon="138.1814836">
        <ele>662</ele>
      </trkpt>
      <trkpt lat="36.8517906" lon="138.1814577">
        <ele>662</ele>
      </trkpt>
      <trkpt lat="36.8517894" lon="138.1814319">
        <ele>662</ele>
      </trkpt>
      <trkpt lat="36.8517888" lon="138.1814055">
        <ele>662</ele>
      </trkpt>
      <trkpt lat="36.8517882" lon="138.1813791">
        <ele>662</ele>
      </trkpt>
      <trkpt lat="36.8517876" lon="138.1813525">
        <ele>662</ele>
      </trkpt>
      <trkpt lat="36.8517871" lon="138.181326">
        <ele>662</ele>
      </trkpt>
      <trkpt lat="36.8517858" lon="138.1813002">
        <ele>662</ele>
      </trkpt>
      <trkpt lat="36.8517845" lon="138.1812744">
        <ele>662</ele>
      </trkpt>
      <trkpt lat="36.8517842" lon="138.1812482">
        <ele>662</ele>
      </trkpt>
      <trkpt lat="36.8517839" lon="138.1812221">
        <ele>662</ele>
      </trkpt>
      <trkpt lat="36.8517851" lon="138.1811943">
        <ele>662</ele>
      </trkpt>
      <trkpt lat="36.8517863" lon="138.1811665">
        <ele>662</ele>
      </trkpt>
      <trkpt lat="36.8517889" lon="138.1811381">
        <ele>663</ele>
      </trkpt>
      <trkpt lat="36.8517916" lon="138.1811098">
        <ele>663</ele>
      </trkpt>
      <trkpt lat="36.8517944" lon="138.1810819">
        <ele>664</ele>
      </trkpt>
      <trkpt lat="36.8517972" lon="138.1810541">
        <ele>664</ele>
      </trkpt>
      <trkpt lat="36.8517997" lon="138.1810266">
        <ele>664</ele>
      </trkpt>
      <trkpt lat="36.8518023" lon="138.1809992">
        <ele>664</ele>
      </trkpt>
      <trkpt lat="36.8518051" lon="138.1809718">
        <ele>664</ele>
      </trkpt>
      <trkpt lat="36.8518079" lon="138.1809445">
        <ele>665</ele>
      </trkpt>
      <trkpt lat="36.8518112" lon="138.180918">
        <ele>665</ele>
      </trkpt>
      <trkpt lat="36.8518145" lon="138.1808916">
        <ele>665</ele>
      </trkpt>
      <trkpt lat="36.8518184" lon="138.1808671">
        <ele>665</ele>
      </trkpt>
      <trkpt lat="36.8518223" lon="138.1808426">
        <ele>665</ele>
      </trkpt>
      <trkpt lat="36.8518255" lon="138.1808186">
        <ele>666</ele>
      </trkpt>
      <trkpt lat="36.8518287" lon="138.1807946">
        <ele>666</ele>
      </trkpt>
      <trkpt lat="36.8518311" lon="138.1807698">
        <ele>666</ele>
      </trkpt>
      <trkpt lat="36.8518336" lon="138.180745">
        <ele>666</ele>
      </trkpt>
      <trkpt lat="36.8518367" lon="138.1807202">
        <ele>666</ele>
      </trkpt>
      <trkpt lat="36.8518399" lon="138.1806955">
        <ele>666</ele>
      </trkpt>
      <trkpt lat="36.8518432" lon="138.180671">
        <ele>666</ele>
      </trkpt>
      <trkpt lat="36.8518466" lon="138.1806465">
        <ele>666</ele>
      </trkpt>
      <trkpt lat="36.8518498" lon="138.1806216">
        <ele>666</ele>
      </trkpt>
      <trkpt lat="36.8518531" lon="138.1805967">
        <ele>666</ele>
      </trkpt>
      <trkpt lat="36.8518559" lon="138.1805707">
        <ele>666</ele>
      </trkpt>
      <trkpt lat="36.8518588" lon="138.1805448">
        <ele>666</ele>
      </trkpt>
      <trkpt lat="36.8518611" lon="138.1805186">
        <ele>666</ele>
      </trkpt>
      <trkpt lat="36.8518634" lon="138.1804924">
        <ele>666</ele>
      </trkpt>
      <trkpt lat="36.8518656" lon="138.1804668">
        <ele>666</ele>
      </trkpt>
      <trkpt lat="36.8518678" lon="138.1804413">
        <ele>666</ele>
      </trkpt>
      <trkpt lat="36.8518703" lon="138.1804164">
        <ele>666</ele>
      </trkpt>
      <trkpt lat="36.8518728" lon="138.1803915">
        <ele>666</ele>
      </trkpt>
      <trkpt lat="36.8518751" lon="138.1803666">
        <ele>666</ele>
      </trkpt>
      <trkpt lat="36.8518775" lon="138.1803417">
        <ele>666</ele>
      </trkpt>
      <trkpt lat="36.8518803" lon="138.1803174">
        <ele>667</ele>
      </trkpt>
      <trkpt lat="36.8518832" lon="138.1802932">
        <ele>667</ele>
      </trkpt>
      <trkpt lat="36.8518867" lon="138.1802686">
        <ele>667</ele>
      </trkpt>
      <trkpt lat="36.8518902" lon="138.180244">
        <ele>667</ele>
      </trkpt>
      <trkpt lat="36.8518944" lon="138.180218">
        <ele>667</ele>
      </trkpt>
      <trkpt lat="36.8518986" lon="138.1801921">
        <ele>668</ele>
      </trkpt>
      <trkpt lat="36.851903" lon="138.1801647">
        <ele>668</ele>
      </trkpt>
      <trkpt lat="36.8519075" lon="138.1801373">
        <ele>668</ele>
      </trkpt>
      <trkpt lat="36.8519122" lon="138.1801098">
        <ele>668</ele>
      </trkpt>
      <trkpt lat="36.851917" lon="138.1800823">
        <ele>668</ele>
      </trkpt>
      <trkpt lat="36.8519219" lon="138.1800556">
        <ele>669</ele>
      </trkpt>
      <trkpt lat="36.8519269" lon="138.180029">
        <ele>668</ele>
      </trkpt>
      <trkpt lat="36.8519322" lon="138.1800029">
        <ele>668</ele>
      </trkpt>
      <trkpt lat="36.8519376" lon="138.1799769">
        <ele>668</ele>
      </trkpt>
      <trkpt lat="36.8519442" lon="138.1799513">
        <ele>668</ele>
      </trkpt>
      <trkpt lat="36.8519509" lon="138.1799258">
        <ele>668</ele>
      </trkpt>
      <trkpt lat="36.8519598" lon="138.1799016">
        <ele>668</ele>
      </trkpt>
      <trkpt lat="36.8519688" lon="138.1798775">
        <ele>668</ele>
      </trkpt>
      <trkpt lat="36.8519804" lon="138.1798564">
        <ele>668</ele>
      </trkpt>
      <trkpt lat="36.851992" lon="138.1798353">
        <ele>668</ele>
      </trkpt>
      <trkpt lat="36.8520059" lon="138.179817">
        <ele>668</ele>
      </trkpt>
      <trkpt lat="36.8520198" lon="138.1797988">
        <ele>667</ele>
      </trkpt>
      <trkpt lat="36.8520352" lon="138.1797833">
        <ele>667</ele>
      </trkpt>
      <trkpt lat="36.8520506" lon="138.1797679">
        <ele>667</ele>
      </trkpt>
      <trkpt lat="36.8520671" lon="138.179754">
        <ele>667</ele>
      </trkpt>
      <trkpt lat="36.8520837" lon="138.1797402">
        <ele>667</ele>
      </trkpt>
      <trkpt lat="36.8520996" lon="138.1797259">
        <ele>667</ele>
      </trkpt>
      <trkpt lat="36.8521156" lon="138.1797117">
        <ele>667</ele>
      </trkpt>
      <trkpt lat="36.85213" lon="138.1796955">
        <ele>667</ele>
      </trkpt>
      <trkpt lat="36.8521445" lon="138.1796793">
        <ele>667</ele>
      </trkpt>
      <trkpt lat="36.8521579" lon="138.1796612">
        <ele>668</ele>
      </trkpt>
      <trkpt lat="36.8521714" lon="138.1796431">
        <ele>668</ele>
      </trkpt>
      <trkpt lat="36.8521838" lon="138.1796245">
        <ele>668</ele>
      </trkpt>
      <trkpt lat="36.8521963" lon="138.179606">
        <ele>668</ele>
      </trkpt>
      <trkpt lat="36.8522075" lon="138.1795873">
        <ele>668</ele>
      </trkpt>
      <trkpt lat="36.8522187" lon="138.1795686">
        <ele>668</ele>
      </trkpt>
      <trkpt lat="36.8522281" lon="138.1795488">
        <ele>668</ele>
      </trkpt>
      <trkpt lat="36.8522376" lon="138.1795291">
        <ele>668</ele>
      </trkpt>
      <trkpt lat="36.8522457" lon="138.1795079">
        <ele>668</ele>
      </trkpt>
      <trkpt lat="36.8522538" lon="138.1794867">
        <ele>668</ele>
      </trkpt>
      <trkpt lat="36.8522611" lon="138.1794648">
        <ele>669</ele>
      </trkpt>
      <trkpt lat="36.8522684" lon="138.179443">
        <ele>669</ele>
      </trkpt>
      <trkpt lat="36.852276" lon="138.1794215">
        <ele>669</ele>
      </trkpt>
      <trkpt lat="36.8522836" lon="138.1794001">
        <ele>669</ele>
      </trkpt>
      <trkpt lat="36.8522925" lon="138.1793792">
        <ele>669</ele>
      </trkpt>
      <trkpt lat="36.8523015" lon="138.1793584">
        <ele>670</ele>
      </trkpt>
      <trkpt lat="36.8523093" lon="138.1793372">
        <ele>670</ele>
      </trkpt>
      <trkpt lat="36.8523172" lon="138.1793161">
        <ele>670</ele>
      </trkpt>
      <trkpt lat="36.852323" lon="138.1792945">
        <ele>671</ele>
      </trkpt>
      <trkpt lat="36.8523289" lon="138.179273">
        <ele>671</ele>
      </trkpt>
      <trkpt lat="36.8523323" lon="138.1792494">
        <ele>672</ele>
      </trkpt>
      <trkpt lat="36.8523357" lon="138.1792259">
        <ele>672</ele>
      </trkpt>
      <trkpt lat="36.852337" lon="138.1792011">
        <ele>672</ele>
      </trkpt>
      <trkpt lat="36.8523384" lon="138.1791764">
        <ele>673</ele>
      </trkpt>
      <trkpt lat="36.8523387" lon="138.1791507">
        <ele>673</ele>
      </trkpt>
      <trkpt lat="36.852339" lon="138.179125">
        <ele>674</ele>
      </trkpt>
      <trkpt lat="36.8523385" lon="138.1790983">
        <ele>674</ele>
      </trkpt>
      <trkpt lat="36.852338" lon="138.1790716">
        <ele>674</ele>
      </trkpt>
      <trkpt lat="36.8523366" lon="138.1790447">
        <ele>674</ele>
      </trkpt>
      <trkpt lat="36.8523353" lon="138.1790179">
        <ele>674</ele>
      </trkpt>
      <trkpt lat="36.8523331" lon="138.1789913">
        <ele>675</ele>
      </trkpt>
      <trkpt lat="36.8523309" lon="138.1789647">
        <ele>675</ele>
      </trkpt>
      <trkpt lat="36.8523283" lon="138.1789387">
        <ele>675</ele>
      </trkpt>
      <trkpt lat="36.8523257" lon="138.1789127">
        <ele>675</ele>
      </trkpt>
      <trkpt lat="36.8523231" lon="138.1788877">
        <ele>675</ele>
      </trkpt>
      <trkpt lat="36.8523205" lon="138.1788628">
        <ele>675</ele>
      </trkpt>
      <trkpt lat="36.8523175" lon="138.1788384">
        <ele>675</ele>
      </trkpt>
      <trkpt lat="36.8523145" lon="138.178814">
        <ele>675</ele>
      </trkpt>
      <trkpt lat="36.8523117" lon="138.1787895">
        <ele>675</ele>
      </trkpt>
      <trkpt lat="36.8523089" lon="138.178765">
        <ele>675</ele>
      </trkpt>
      <trkpt lat="36.8523066" lon="138.17874">
        <ele>675</ele>
      </trkpt>
      <trkpt lat="36.8523044" lon="138.178715">
        <ele>674</ele>
      </trkpt>
      <trkpt lat="36.8523023" lon="138.1786895">
        <ele>674</ele>
      </trkpt>
      <trkpt lat="36.8523002" lon="138.1786641">
        <ele>674</ele>
      </trkpt>
      <trkpt lat="36.8522967" lon="138.1786386">
        <ele>674</ele>
      </trkpt>
      <trkpt lat="36.8522933" lon="138.1786132">
        <ele>674</ele>
      </trkpt>
      <trkpt lat="36.8522902" lon="138.1785878">
        <ele>674</ele>
      </trkpt>
      <trkpt lat="36.8522872" lon="138.1785625">
        <ele>674</ele>
      </trkpt>
      <trkpt lat="36.8522856" lon="138.1785376">
        <ele>674</ele>
      </trkpt>
      <trkpt lat="36.8522841" lon="138.1785127">
        <ele>674</ele>
      </trkpt>
      <trkpt lat="36.852283" lon="138.1784878">
        <ele>674</ele>
      </trkpt>
      <trkpt lat="36.852282" lon="138.178463">
        <ele>674</ele>
      </trkpt>
      <trkpt lat="36.8522811" lon="138.178438">
        <ele>674</ele>
      </trkpt>
      <trkpt lat="36.8522802" lon="138.1784131">
        <ele>674</ele>
      </trkpt>
      <trkpt lat="36.8522788" lon="138.1783884">
        <ele>674</ele>
      </trkpt>
      <trkpt lat="36.8522775" lon="138.1783638">
        <ele>675</ele>
      </trkpt>
      <trkpt lat="36.8522763" lon="138.1783392">
        <ele>675</ele>
      </trkpt>
      <trkpt lat="36.8522751" lon="138.1783146">
        <ele>675</ele>
      </trkpt>
      <trkpt lat="36.8522756" lon="138.1782897">
        <ele>675</ele>
      </trkpt>
      <trkpt lat="36.8522762" lon="138.1782648">
        <ele>675</ele>
      </trkpt>
      <trkpt lat="36.8522777" lon="138.1782393">
        <ele>676</ele>
      </trkpt>
      <trkpt lat="36.8522793" lon="138.1782139">
        <ele>676</ele>
      </trkpt>
      <trkpt lat="36.8522801" lon="138.1781881">
        <ele>676</ele>
      </trkpt>
      <trkpt lat="36.852281" lon="138.1781623">
        <ele>676</ele>
      </trkpt>
      <trkpt lat="36.852281" lon="138.1781357">
        <ele>676</ele>
      </trkpt>
      <trkpt lat="36.852281" lon="138.1781091">
        <ele>676</ele>
      </trkpt>
      <trkpt lat="36.8522792" lon="138.1780823">
        <ele>676</ele>
      </trkpt>
      <trkpt lat="36.8522774" lon="138.1780556">
        <ele>676</ele>
      </trkpt>
      <trkpt lat="36.8522722" lon="138.1780308">
        <ele>676</ele>
      </trkpt>
      <trkpt lat="36.852267" lon="138.1780061">
        <ele>676</ele>
      </trkpt>
      <trkpt lat="36.8522563" lon="138.177985">
        <ele>676</ele>
      </trkpt>
      <trkpt lat="36.8522456" lon="138.1779639">
        <ele>676</ele>
      </trkpt>
      <trkpt lat="36.8522307" lon="138.1779457">
        <ele>676</ele>
      </trkpt>
      <trkpt lat="36.8522158" lon="138.1779276">
        <ele>676</ele>
      </trkpt>
      <trkpt lat="36.8521997" lon="138.1779106">
        <ele>676</ele>
      </trkpt>
      <trkpt lat="36.8521837" lon="138.1778936">
        <ele>677</ele>
      </trkpt>
      <trkpt lat="36.8521679" lon="138.1778768">
        <ele>677</ele>
      </trkpt>
      <trkpt lat="36.8521522" lon="138.1778601">
        <ele>677</ele>
      </trkpt>
      <trkpt lat="36.8521372" lon="138.1778425">
        <ele>677</ele>
      </trkpt>
      <trkpt lat="36.8521223" lon="138.177825">
        <ele>677</ele>
      </trkpt>
      <trkpt lat="36.8521084" lon="138.1778071">
        <ele>677</ele>
      </trkpt>
      <trkpt lat="36.8520945" lon="138.1777893">
        <ele>676</ele>
      </trkpt>
      <trkpt lat="36.8520815" lon="138.1777693">
        <ele>676</ele>
      </trkpt>
      <trkpt lat="36.8520686" lon="138.1777494">
        <ele>676</ele>
      </trkpt>
      <trkpt lat="36.8520579" lon="138.1777261">
        <ele>676</ele>
      </trkpt>
      <trkpt lat="36.8520473" lon="138.1777028">
        <ele>676</ele>
      </trkpt>
      <trkpt lat="36.8520397" lon="138.1776772">
        <ele>676</ele>
      </trkpt>
      <trkpt lat="36.8520322" lon="138.1776517">
        <ele>676</ele>
      </trkpt>
      <trkpt lat="36.852027" lon="138.1776254">
        <ele>676</ele>
      </trkpt>
      <trkpt lat="36.8520218" lon="138.1775991">
        <ele>676</ele>
      </trkpt>
      <trkpt lat="36.8520175" lon="138.177573">
        <ele>677</ele>
      </trkpt>
      <trkpt lat="36.8520132" lon="138.177547">
        <ele>677</ele>
      </trkpt>
      <trkpt lat="36.8520073" lon="138.1775222">
        <ele>677</ele>
      </trkpt>
      <trkpt lat="36.8520014" lon="138.1774975">
        <ele>677</ele>
      </trkpt>
      <trkpt lat="36.8519935" lon="138.1774738">
        <ele>677</ele>
      </trkpt>
      <trkpt lat="36.8519857" lon="138.1774501">
        <ele>677</ele>
      </trkpt>
      <trkpt lat="36.851977" lon="138.1774274">
        <ele>677</ele>
      </trkpt>
      <trkpt lat="36.8519683" lon="138.1774048">
        <ele>677</ele>
      </trkpt>
      <trkpt lat="36.8519597" lon="138.1773832">
        <ele>677</ele>
      </trkpt>
      <trkpt lat="36.8519511" lon="138.1773617">
        <ele>677</ele>
      </trkpt>
      <trkpt lat="36.8519417" lon="138.177341">
        <ele>678</ele>
      </trkpt>
      <trkpt lat="36.8519324" lon="138.1773203">
        <ele>678</ele>
      </trkpt>
      <trkpt lat="36.8519223" lon="138.1772999">
        <ele>678</ele>
      </trkpt>
      <trkpt lat="36.8519122" lon="138.1772796">
        <ele>678</ele>
      </trkpt>
      <trkpt lat="36.8519017" lon="138.177259">
        <ele>678</ele>
      </trkpt>
      <trkpt lat="36.8518912" lon="138.1772385">
        <ele>678</ele>
      </trkpt>
      <trkpt lat="36.8518806" lon="138.1772175">
        <ele>678</ele>
      </trkpt>
      <trkpt lat="36.8518701" lon="138.1771966">
        <ele>678</ele>
      </trkpt>
      <trkpt lat="36.8518589" lon="138.177176">
        <ele>678</ele>
      </trkpt>
      <trkpt lat="36.8518478" lon="138.1771555">
        <ele>678</ele>
      </trkpt>
      <trkpt lat="36.8518363" lon="138.1771356">
        <ele>678</ele>
      </trkpt>
      <trkpt lat="36.8518249" lon="138.1771157">
        <ele>678</ele>
      </trkpt>
      <trkpt lat="36.8518134" lon="138.1770963">
        <ele>678</ele>
      </trkpt>
      <trkpt lat="36.851802" lon="138.177077">
        <ele>678</ele>
      </trkpt>
      <trkpt lat="36.8517898" lon="138.1770585">
        <ele>678</ele>
      </trkpt>
      <trkpt lat="36.8517776" lon="138.17704">
        <ele>678</ele>
      </trkpt>
      <trkpt lat="36.8517645" lon="138.1770227">
        <ele>678</ele>
      </trkpt>
      <trkpt lat="36.8517514" lon="138.1770055">
        <ele>678</ele>
      </trkpt>
      <trkpt lat="36.8517379" lon="138.1769894">
        <ele>678</ele>
      </trkpt>
      <trkpt lat="36.8517244" lon="138.1769734">
        <ele>678</ele>
      </trkpt>
      <trkpt lat="36.8517105" lon="138.1769579">
        <ele>678</ele>
      </trkpt>
      <trkpt lat="36.8516966" lon="138.1769424">
        <ele>678</ele>
      </trkpt>
      <trkpt lat="36.8516825" lon="138.176927">
        <ele>678</ele>
      </trkpt>
      <trkpt lat="36.8516684" lon="138.1769116">
        <ele>678</ele>
      </trkpt>
      <trkpt lat="36.8516541" lon="138.1768954">
        <ele>678</ele>
      </trkpt>
      <trkpt lat="36.8516399" lon="138.1768793">
        <ele>679</ele>
      </trkpt>
      <trkpt lat="36.8516259" lon="138.1768622">
        <ele>679</ele>
      </trkpt>
      <trkpt lat="36.851612" lon="138.1768451">
        <ele>679</ele>
      </trkpt>
      <trkpt lat="36.8515972" lon="138.176828">
        <ele>679</ele>
      </trkpt>
      <trkpt lat="36.8515825" lon="138.1768109">
        <ele>679</ele>
      </trkpt>
      <trkpt lat="36.8515667" lon="138.1767944">
        <ele>679</ele>
      </trkpt>
      <trkpt lat="36.851551" lon="138.1767779">
        <ele>679</ele>
      </trkpt>
      <trkpt lat="36.8515343" lon="138.1767618">
        <ele>679</ele>
      </trkpt>
      <trkpt lat="36.8515176" lon="138.1767457">
        <ele>679</ele>
      </trkpt>
      <trkpt lat="36.8515004" lon="138.1767303">
        <ele>679</ele>
      </trkpt>
      <trkpt lat="36.8514833" lon="138.1767149">
        <ele>679</ele>
      </trkpt>
      <trkpt lat="36.8514662" lon="138.1767002">
        <ele>679</ele>
      </trkpt>
      <trkpt lat="36.8514491" lon="138.1766855">
        <ele>679</ele>
      </trkpt>
      <trkpt lat="36.8514319" lon="138.1766721">
        <ele>679</ele>
      </trkpt>
      <trkpt lat="36.8514147" lon="138.1766587">
        <ele>679</ele>
      </trkpt>
      <trkpt lat="36.8513967" lon="138.1766458">
        <ele>679</ele>
      </trkpt>
      <trkpt lat="36.8513788" lon="138.1766329">
        <ele>679</ele>
      </trkpt>
      <trkpt lat="36.8513605" lon="138.1766197">
        <ele>679</ele>
      </trkpt>
      <trkpt lat="36.8513423" lon="138.1766066">
        <ele>679</ele>
      </trkpt>
      <trkpt lat="36.8513239" lon="138.1765937">
        <ele>679</ele>
      </trkpt>
      <trkpt lat="36.8513055" lon="138.1765809">
        <ele>679</ele>
      </trkpt>
      <trkpt lat="36.8512871" lon="138.1765691">
        <ele>679</ele>
      </trkpt>
      <trkpt lat="36.8512687" lon="138.1765573">
        <ele>679</ele>
      </trkpt>
      <trkpt lat="36.8512505" lon="138.1765467">
        <ele>679</ele>
      </trkpt>
      <trkpt lat="36.8512323" lon="138.1765361">
        <ele>679</ele>
      </trkpt>
      <trkpt lat="36.8512148" lon="138.1765254">
        <ele>679</ele>
      </trkpt>
      <trkpt lat="36.8511973" lon="138.1765147">
        <ele>679</ele>
      </trkpt>
      <trkpt lat="36.8511799" lon="138.1765038">
        <ele>679</ele>
      </trkpt>
      <trkpt lat="36.8511625" lon="138.176493">
        <ele>680</ele>
      </trkpt>
      <trkpt lat="36.8511441" lon="138.1764824">
        <ele>680</ele>
      </trkpt>
      <trkpt lat="36.8511258" lon="138.1764718">
        <ele>681</ele>
      </trkpt>
      <trkpt lat="36.8511067" lon="138.1764619">
        <ele>681</ele>
      </trkpt>
      <trkpt lat="36.8510877" lon="138.176452">
        <ele>681</ele>
      </trkpt>
      <trkpt lat="36.8510681" lon="138.1764434">
        <ele>681</ele>
      </trkpt>
      <trkpt lat="36.8510485" lon="138.1764349">
        <ele>681</ele>
      </trkpt>
      <trkpt lat="36.851029" lon="138.1764279">
        <ele>681</ele>
      </trkpt>
      <trkpt lat="36.8510095" lon="138.1764209">
        <ele>681</ele>
      </trkpt>
      <trkpt lat="36.8509901" lon="138.176415">
        <ele>681</ele>
      </trkpt>
      <trkpt lat="36.8509708" lon="138.1764091">
        <ele>681</ele>
      </trkpt>
      <trkpt lat="36.8509504" lon="138.1764043">
        <ele>681</ele>
      </trkpt>
      <trkpt lat="36.8509301" lon="138.1763996">
        <ele>681</ele>
      </trkpt>
      <trkpt lat="36.8509089" lon="138.1763952">
        <ele>681</ele>
      </trkpt>
      <trkpt lat="36.8508877" lon="138.1763909">
        <ele>681</ele>
      </trkpt>
      <trkpt lat="36.8508663" lon="138.1763873">
        <ele>681</ele>
      </trkpt>
      <trkpt lat="36.8508449" lon="138.1763837">
        <ele>681</ele>
      </trkpt>
      <trkpt lat="36.8508232" lon="138.1763807">
        <ele>682</ele>
      </trkpt>
      <trkpt lat="36.8508016" lon="138.1763778">
        <ele>682</ele>
      </trkpt>
      <trkpt lat="36.8507802" lon="138.1763738">
        <ele>682</ele>
      </trkpt>
      <trkpt lat="36.8507588" lon="138.1763698">
        <ele>682</ele>
      </trkpt>
      <trkpt lat="36.8507374" lon="138.1763653">
        <ele>682</ele>
      </trkpt>
      <trkpt lat="36.8507161" lon="138.1763608">
        <ele>682</ele>
      </trkpt>
      <trkpt lat="36.8506938" lon="138.1763566">
        <ele>682</ele>
      </trkpt>
      <trkpt lat="36.8506716" lon="138.1763525">
        <ele>682</ele>
      </trkpt>
      <trkpt lat="36.8506484" lon="138.1763495">
        <ele>682</ele>
      </trkpt>
      <trkpt lat="36.8506253" lon="138.1763466">
        <ele>682</ele>
      </trkpt>
      <trkpt lat="36.8506018" lon="138.1763453">
        <ele>683</ele>
      </trkpt>
      <trkpt lat="36.8505783" lon="138.1763441">
        <ele>683</ele>
      </trkpt>
      <trkpt lat="36.8505552" lon="138.1763438">
        <ele>683</ele>
      </trkpt>
      <trkpt lat="36.8505321" lon="138.1763435">
        <ele>683</ele>
      </trkpt>
      <trkpt lat="36.8505094" lon="138.1763459">
        <ele>683</ele>
      </trkpt>
      <trkpt lat="36.8504868" lon="138.1763484">
        <ele>683</ele>
      </trkpt>
      <trkpt lat="36.8504658" lon="138.1763523">
        <ele>683</ele>
      </trkpt>
      <trkpt lat="36.8504449" lon="138.1763563">
        <ele>683</ele>
      </trkpt>
      <trkpt lat="36.8504246" lon="138.1763595">
        <ele>683</ele>
      </trkpt>
      <trkpt lat="36.8504044" lon="138.1763628">
        <ele>683</ele>
      </trkpt>
      <trkpt lat="36.8503842" lon="138.1763645">
        <ele>683</ele>
      </trkpt>
      <trkpt lat="36.8503641" lon="138.1763663">
        <ele>683</ele>
      </trkpt>
      <trkpt lat="36.8503427" lon="138.1763671">
        <ele>683</ele>
      </trkpt>
      <trkpt lat="36.8503214" lon="138.176368">
        <ele>683</ele>
      </trkpt>
      <trkpt lat="36.8502996" lon="138.176369">
        <ele>683</ele>
      </trkpt>
      <trkpt lat="36.8502779" lon="138.1763701">
        <ele>684</ele>
      </trkpt>
      <trkpt lat="36.8502563" lon="138.1763712">
        <ele>684</ele>
      </trkpt>
      <trkpt lat="36.8502347" lon="138.1763723">
        <ele>684</ele>
      </trkpt>
      <trkpt lat="36.8502136" lon="138.1763724">
        <ele>684</ele>
      </trkpt>
      <trkpt lat="36.8501926" lon="138.1763726">
        <ele>684</ele>
      </trkpt>
      <trkpt lat="36.8501731" lon="138.1763724">
        <ele>685</ele>
      </trkpt>
      <trkpt lat="36.8501537" lon="138.1763723">
        <ele>685</ele>
      </trkpt>
      <trkpt lat="36.8501345" lon="138.1763729">
        <ele>685</ele>
      </trkpt>
      <trkpt lat="36.8501154" lon="138.1763736">
        <ele>685</ele>
      </trkpt>
      <trkpt lat="36.8500956" lon="138.1763743">
        <ele>685</ele>
      </trkpt>
      <trkpt lat="36.8500758" lon="138.176375">
        <ele>686</ele>
      </trkpt>
      <trkpt lat="36.850056" lon="138.1763748">
        <ele>686</ele>
      </trkpt>
      <trkpt lat="36.8500363" lon="138.1763746">
        <ele>686</ele>
      </trkpt>
      <trkpt lat="36.8500162" lon="138.1763747">
        <ele>686</ele>
      </trkpt>
      <trkpt lat="36.8499962" lon="138.1763749">
        <ele>686</ele>
      </trkpt>
      <trkpt lat="36.8499758" lon="138.1763757">
        <ele>686</ele>
      </trkpt>
      <trkpt lat="36.8499554" lon="138.1763765">
        <ele>686</ele>
      </trkpt>
      <trkpt lat="36.8499351" lon="138.1763767">
        <ele>686</ele>
      </trkpt>
      <trkpt lat="36.8499149" lon="138.1763769">
        <ele>686</ele>
      </trkpt>
      <trkpt lat="36.8498947" lon="138.1763768">
        <ele>686</ele>
      </trkpt>
      <trkpt lat="36.8498745" lon="138.1763767">
        <ele>687</ele>
      </trkpt>
      <trkpt lat="36.8498539" lon="138.1763767">
        <ele>687</ele>
      </trkpt>
      <trkpt lat="36.8498334" lon="138.1763768">
        <ele>687</ele>
      </trkpt>
      <trkpt lat="36.8498121" lon="138.1763771">
        <ele>687</ele>
      </trkpt>
      <trkpt lat="36.8497909" lon="138.1763774">
        <ele>687</ele>
      </trkpt>
      <trkpt lat="36.8497697" lon="138.176379">
        <ele>687</ele>
      </trkpt>
      <trkpt lat="36.8497486" lon="138.1763807">
        <ele>687</ele>
      </trkpt>
      <trkpt lat="36.8497287" lon="138.1763827">
        <ele>687</ele>
      </trkpt>
      <trkpt lat="36.8497089" lon="138.1763848">
        <ele>688</ele>
      </trkpt>
      <trkpt lat="36.8496894" lon="138.1763848">
        <ele>688</ele>
      </trkpt>
      <trkpt lat="36.84967" lon="138.1763849">
        <ele>689</ele>
      </trkpt>
      <trkpt lat="36.84965" lon="138.1763838">
        <ele>689</ele>
      </trkpt>
      <trkpt lat="36.84963" lon="138.1763827">
        <ele>689</ele>
      </trkpt>
      <trkpt lat="36.8496091" lon="138.1763817">
        <ele>689</ele>
      </trkpt>
      <trkpt lat="36.8495883" lon="138.1763807">
        <ele>689</ele>
      </trkpt>
      <trkpt lat="36.8495667" lon="138.1763802">
        <ele>689</ele>
      </trkpt>
      <trkpt lat="36.8495451" lon="138.1763798">
        <ele>689</ele>
      </trkpt>
      <trkpt lat="36.8495227" lon="138.1763803">
        <ele>689</ele>
      </trkpt>
      <trkpt lat="36.8495004" lon="138.1763809">
        <ele>689</ele>
      </trkpt>
      <trkpt lat="36.8494775" lon="138.1763811">
        <ele>689</ele>
      </trkpt>
      <trkpt lat="36.8494546" lon="138.1763813">
        <ele>690</ele>
      </trkpt>
      <trkpt lat="36.8494318" lon="138.1763801">
        <ele>690</ele>
      </trkpt>
      <trkpt lat="36.849409" lon="138.1763789">
        <ele>690</ele>
      </trkpt>
      <trkpt lat="36.8493864" lon="138.1763771">
        <ele>690</ele>
      </trkpt>
      <trkpt lat="36.8493638" lon="138.1763754">
        <ele>690</ele>
      </trkpt>
      <trkpt lat="36.8493426" lon="138.176373">
        <ele>690</ele>
      </trkpt>
      <trkpt lat="36.8493214" lon="138.1763706">
        <ele>690</ele>
      </trkpt>
      <trkpt lat="36.8493011" lon="138.1763676">
        <ele>690</ele>
      </trkpt>
      <trkpt lat="36.8492808" lon="138.1763646">
        <ele>691</ele>
      </trkpt>
      <trkpt lat="36.8492612" lon="138.1763618">
        <ele>691</ele>
      </trkpt>
      <trkpt lat="36.8492416" lon="138.1763591">
        <ele>692</ele>
      </trkpt>
      <trkpt lat="36.8492225" lon="138.1763561">
        <ele>692</ele>
      </trkpt>
      <trkpt lat="36.8492035" lon="138.1763531">
        <ele>692</ele>
      </trkpt>
      <trkpt lat="36.8491843" lon="138.1763495">
        <ele>692</ele>
      </trkpt>
      <trkpt lat="36.8491651" lon="138.176346">
        <ele>692</ele>
      </trkpt>
      <trkpt lat="36.8491452" lon="138.1763443">
        <ele>693</ele>
      </trkpt>
      <trkpt lat="36.8491253" lon="138.1763427">
        <ele>693</ele>
      </trkpt>
      <trkpt lat="36.8491051" lon="138.1763426">
        <ele>693</ele>
      </trkpt>
      <trkpt lat="36.8490849" lon="138.1763425">
        <ele>693</ele>
      </trkpt>
      <trkpt lat="36.8490648" lon="138.1763431">
        <ele>693</ele>
      </trkpt>
      <trkpt lat="36.8490447" lon="138.1763438">
        <ele>694</ele>
      </trkpt>
      <trkpt lat="36.8490249" lon="138.1763451">
        <ele>694</ele>
      </trkpt>
      <trkpt lat="36.8490051" lon="138.1763464">
        <ele>694</ele>
      </trkpt>
      <trkpt lat="36.8489862" lon="138.1763475">
        <ele>694</ele>
      </trkpt>
      <trkpt lat="36.8489673" lon="138.1763487">
        <ele>694</ele>
      </trkpt>
      <trkpt lat="36.848949" lon="138.1763483">
        <ele>694</ele>
      </trkpt>
      <trkpt lat="36.8489308" lon="138.176348">
        <ele>694</ele>
      </trkpt>
      <trkpt lat="36.8489112" lon="138.1763467">
        <ele>694</ele>
      </trkpt>
      <trkpt lat="36.8488916" lon="138.1763455">
        <ele>694</ele>
      </trkpt>
      <trkpt lat="36.8488713" lon="138.1763448">
        <ele>694</ele>
      </trkpt>
      <trkpt lat="36.8488511" lon="138.1763441">
        <ele>695</ele>
      </trkpt>
      <trkpt lat="36.8488302" lon="138.1763437">
        <ele>695</ele>
      </trkpt>
      <trkpt lat="36.8488094" lon="138.1763434">
        <ele>695</ele>
      </trkpt>
      <trkpt lat="36.8487877" lon="138.1763432">
        <ele>695</ele>
      </trkpt>
      <trkpt lat="36.8487661" lon="138.176343">
        <ele>695</ele>
      </trkpt>
      <trkpt lat="36.8487443" lon="138.1763436">
        <ele>696</ele>
      </trkpt>
      <trkpt lat="36.8487225" lon="138.1763442">
        <ele>696</ele>
      </trkpt>
      <trkpt lat="36.8487021" lon="138.1763445">
        <ele>696</ele>
      </trkpt>
      <trkpt lat="36.8486818" lon="138.1763449">
        <ele>696</ele>
      </trkpt>
      <trkpt lat="36.8486617" lon="138.176345">
        <ele>696</ele>
      </trkpt>
      <trkpt lat="36.8486416" lon="138.1763451">
        <ele>696</ele>
      </trkpt>
      <trkpt lat="36.8486215" lon="138.1763451">
        <ele>696</ele>
      </trkpt>
      <trkpt lat="36.8486015" lon="138.1763452">
        <ele>696</ele>
      </trkpt>
      <trkpt lat="36.8485817" lon="138.1763441">
        <ele>696</ele>
      </trkpt>
      <trkpt lat="36.848562" lon="138.1763431">
        <ele>696</ele>
      </trkpt>
      <trkpt lat="36.848541" lon="138.1763408">
        <ele>696</ele>
      </trkpt>
      <trkpt lat="36.8485201" lon="138.1763386">
        <ele>696</ele>
      </trkpt>
      <trkpt lat="36.8484968" lon="138.1763358">
        <ele>696</ele>
      </trkpt>
      <trkpt lat="36.8484736" lon="138.1763331">
        <ele>697</ele>
      </trkpt>
      <trkpt lat="36.8484495" lon="138.1763299">
        <ele>697</ele>
      </trkpt>
      <trkpt lat="36.8484255" lon="138.1763268">
        <ele>698</ele>
      </trkpt>
      <trkpt lat="36.8484024" lon="138.1763222">
        <ele>698</ele>
      </trkpt>
      <trkpt lat="36.8483794" lon="138.1763177">
        <ele>698</ele>
      </trkpt>
      <trkpt lat="36.8483569" lon="138.1763128">
        <ele>698</ele>
      </trkpt>
      <trkpt lat="36.8483344" lon="138.1763079">
        <ele>698</ele>
      </trkpt>
      <trkpt lat="36.848312" lon="138.1763037">
        <ele>699</ele>
      </trkpt>
      <trkpt lat="36.8482897" lon="138.1762995">
        <ele>699</ele>
      </trkpt>
      <trkpt lat="36.848268" lon="138.1762939">
        <ele>699</ele>
      </trkpt>
      <trkpt lat="36.8482464" lon="138.1762884">
        <ele>699</ele>
      </trkpt>
      <trkpt lat="36.8482257" lon="138.1762803">
        <ele>699</ele>
      </trkpt>
      <trkpt lat="36.8482051" lon="138.1762722">
        <ele>699</ele>
      </trkpt>
      <trkpt lat="36.8481849" lon="138.1762617">
        <ele>699</ele>
      </trkpt>
      <trkpt lat="36.8481648" lon="138.1762513">
        <ele>699</ele>
      </trkpt>
      <trkpt lat="36.8481449" lon="138.1762397">
        <ele>699</ele>
      </trkpt>
      <trkpt lat="36.848125" lon="138.1762282">
        <ele>699</ele>
      </trkpt>
      <trkpt lat="36.848106" lon="138.1762153">
        <ele>700</ele>
      </trkpt>
      <trkpt lat="36.848087" lon="138.1762024">
        <ele>700</ele>
      </trkpt>
      <trkpt lat="36.8480685" lon="138.1761876">
        <ele>700</ele>
      </trkpt>
      <trkpt lat="36.8480501" lon="138.1761728">
        <ele>700</ele>
      </trkpt>
      <trkpt lat="36.8480314" lon="138.1761569">
        <ele>700</ele>
      </trkpt>
      <trkpt lat="36.8480128" lon="138.176141">
        <ele>700</ele>
      </trkpt>
      <trkpt lat="36.8479951" lon="138.1761241">
        <ele>700</ele>
      </trkpt>
      <trkpt lat="36.8479774" lon="138.1761072">
        <ele>700</ele>
      </trkpt>
      <trkpt lat="36.8479612" lon="138.176089">
        <ele>700</ele>
      </trkpt>
      <trkpt lat="36.847945" lon="138.1760709">
        <ele>700</ele>
      </trkpt>
      <trkpt lat="36.8479291" lon="138.1760522">
        <ele>700</ele>
      </trkpt>
      <trkpt lat="36.8479133" lon="138.1760336">
        <ele>700</ele>
      </trkpt>
      <trkpt lat="36.8478975" lon="138.1760155">
        <ele>700</ele>
      </trkpt>
      <trkpt lat="36.8478818" lon="138.1759974">
        <ele>700</ele>
      </trkpt>
      <trkpt lat="36.8478665" lon="138.1759798">
        <ele>700</ele>
      </trkpt>
      <trkpt lat="36.8478512" lon="138.1759622">
        <ele>701</ele>
      </trkpt>
      <trkpt lat="36.8478368" lon="138.1759436">
        <ele>701</ele>
      </trkpt>
      <trkpt lat="36.8478225" lon="138.175925">
        <ele>701</ele>
      </trkpt>
      <trkpt lat="36.8478086" lon="138.175905">
        <ele>701</ele>
      </trkpt>
      <trkpt lat="36.8477947" lon="138.1758851">
        <ele>701</ele>
      </trkpt>
      <trkpt lat="36.8477805" lon="138.1758647">
        <ele>701</ele>
      </trkpt>
      <trkpt lat="36.8477664" lon="138.1758443">
        <ele>701</ele>
      </trkpt>
      <trkpt lat="36.8477543" lon="138.1758191">
        <ele>701</ele>
      </trkpt>
      <trkpt lat="36.8477422" lon="138.175794">
        <ele>701</ele>
      </trkpt>
      <trkpt lat="36.8477309" lon="138.1757682">
        <ele>701</ele>
      </trkpt>
      <trkpt lat="36.8477197" lon="138.1757424">
        <ele>701</ele>
      </trkpt>
      <trkpt lat="36.8477081" lon="138.1757195">
        <ele>701</ele>
      </trkpt>
      <trkpt lat="36.8476966" lon="138.1756967">
        <ele>701</ele>
      </trkpt>
      <trkpt lat="36.8476851" lon="138.175676">
        <ele>701</ele>
      </trkpt>
      <trkpt lat="36.8476737" lon="138.1756553">
        <ele>701</ele>
      </trkpt>
      <trkpt lat="36.8476629" lon="138.1756356">
        <ele>702</ele>
      </trkpt>
      <trkpt lat="36.8476521" lon="138.175616">
        <ele>702</ele>
      </trkpt>
      <trkpt lat="36.8476414" lon="138.1755962">
        <ele>702</ele>
      </trkpt>
      <trkpt lat="36.8476308" lon="138.1755765">
        <ele>702</ele>
      </trkpt>
      <trkpt lat="36.847621" lon="138.1755555">
        <ele>702</ele>
      </trkpt>
      <trkpt lat="36.8476113" lon="138.1755345">
        <ele>702</ele>
      </trkpt>
      <trkpt lat="36.8476025" lon="138.1755121">
        <ele>702</ele>
      </trkpt>
      <trkpt lat="36.8475937" lon="138.1754897">
        <ele>702</ele>
      </trkpt>
      <trkpt lat="36.8475857" lon="138.1754661">
        <ele>702</ele>
      </trkpt>
      <trkpt lat="36.8475778" lon="138.1754425">
        <ele>702</ele>
      </trkpt>
      <trkpt lat="36.8475699" lon="138.1754192">
        <ele>702</ele>
      </trkpt>
      <trkpt lat="36.8475621" lon="138.1753959">
        <ele>702</ele>
      </trkpt>
      <trkpt lat="36.8475542" lon="138.1753732">
        <ele>702</ele>
      </trkpt>
      <trkpt lat="36.8475463" lon="138.1753506">
        <ele>702</ele>
      </trkpt>
      <trkpt lat="36.8475388" lon="138.1753279">
        <ele>702</ele>
      </trkpt>
      <trkpt lat="36.8475313" lon="138.1753053">
        <ele>703</ele>
      </trkpt>
      <trkpt lat="36.8475249" lon="138.1752823">
        <ele>703</ele>
      </trkpt>
      <trkpt lat="36.8475185" lon="138.1752594">
        <ele>703</ele>
      </trkpt>
      <trkpt lat="36.8475132" lon="138.1752363">
        <ele>703</ele>
      </trkpt>
      <trkpt lat="36.8475079" lon="138.1752133">
        <ele>703</ele>
      </trkpt>
      <trkpt lat="36.8475036" lon="138.1751901">
        <ele>703</ele>
      </trkpt>
      <trkpt lat="36.8474993" lon="138.1751669">
        <ele>703</ele>
      </trkpt>
      <trkpt lat="36.8474957" lon="138.1751436">
        <ele>703</ele>
      </trkpt>
      <trkpt lat="36.8474921" lon="138.1751203">
        <ele>703</ele>
      </trkpt>
      <trkpt lat="36.8474895" lon="138.1750967">
        <ele>703</ele>
      </trkpt>
      <trkpt lat="36.847487" lon="138.1750731">
        <ele>704</ele>
      </trkpt>
      <trkpt lat="36.8474856" lon="138.1750492">
        <ele>704</ele>
      </trkpt>
      <trkpt lat="36.8474842" lon="138.1750253">
        <ele>704</ele>
      </trkpt>
      <trkpt lat="36.8474843" lon="138.1750019">
        <ele>705</ele>
      </trkpt>
      <trkpt lat="36.8474845" lon="138.1749785">
        <ele>705</ele>
      </trkpt>
      <trkpt lat="36.8474854" lon="138.1749553">
        <ele>706</ele>
      </trkpt>
      <trkpt lat="36.8474863" lon="138.1749322">
        <ele>706</ele>
      </trkpt>
      <trkpt lat="36.8474878" lon="138.1749081">
        <ele>706</ele>
      </trkpt>
      <trkpt lat="36.8474894" lon="138.1748841">
        <ele>706</ele>
      </trkpt>
      <trkpt lat="36.8474911" lon="138.1748584">
        <ele>706</ele>
      </trkpt>
      <trkpt lat="36.8474929" lon="138.1748328">
        <ele>706</ele>
      </trkpt>
      <trkpt lat="36.8474949" lon="138.1748064">
        <ele>706</ele>
      </trkpt>
      <trkpt lat="36.8474969" lon="138.1747801">
        <ele>706</ele>
      </trkpt>
      <trkpt lat="36.8474988" lon="138.1747546">
        <ele>706</ele>
      </trkpt>
      <trkpt lat="36.8475008" lon="138.1747292">
        <ele>706</ele>
      </trkpt>
      <trkpt lat="36.847502" lon="138.1747044">
        <ele>706</ele>
      </trkpt>
      <trkpt lat="36.8475032" lon="138.1746796">
        <ele>706</ele>
      </trkpt>
      <trkpt lat="36.847504" lon="138.1746548">
        <ele>706</ele>
      </trkpt>
      <trkpt lat="36.8475048" lon="138.17463">
        <ele>706</ele>
      </trkpt>
      <trkpt lat="36.8475055" lon="138.174605">
        <ele>706</ele>
      </trkpt>
      <trkpt lat="36.8475062" lon="138.17458">
        <ele>707</ele>
      </trkpt>
      <trkpt lat="36.8475077" lon="138.1745536">
        <ele>707</ele>
      </trkpt>
      <trkpt lat="36.8475092" lon="138.1745273">
        <ele>707</ele>
      </trkpt>
      <trkpt lat="36.8475115" lon="138.1745002">
        <ele>707</ele>
      </trkpt>
      <trkpt lat="36.8475139" lon="138.1744731">
        <ele>707</ele>
      </trkpt>
      <trkpt lat="36.8475163" lon="138.174446">
        <ele>708</ele>
      </trkpt>
      <trkpt lat="36.8475187" lon="138.1744189">
        <ele>708</ele>
      </trkpt>
      <trkpt lat="36.8475208" lon="138.1743919">
        <ele>708</ele>
      </trkpt>
      <trkpt lat="36.8475229" lon="138.1743649">
        <ele>708</ele>
      </trkpt>
      <trkpt lat="36.8475245" lon="138.1743374">
        <ele>708</ele>
      </trkpt>
      <trkpt lat="36.8475261" lon="138.1743099">
        <ele>708</ele>
      </trkpt>
      <trkpt lat="36.8475277" lon="138.1742834">
        <ele>708</ele>
      </trkpt>
      <trkpt lat="36.8475293" lon="138.174257">
        <ele>708</ele>
      </trkpt>
      <trkpt lat="36.847531" lon="138.1742317">
        <ele>708</ele>
      </trkpt>
      <trkpt lat="36.8475328" lon="138.1742065">
        <ele>708</ele>
      </trkpt>
      <trkpt lat="36.8475349" lon="138.1741815">
        <ele>708</ele>
      </trkpt>
      <trkpt lat="36.8475371" lon="138.1741565">
        <ele>708</ele>
      </trkpt>
      <trkpt lat="36.8475388" lon="138.1741309">
        <ele>708</ele>
      </trkpt>
      <trkpt lat="36.8475406" lon="138.1741054">
        <ele>708</ele>
      </trkpt>
      <trkpt lat="36.8475422" lon="138.174079">
        <ele>708</ele>
      </trkpt>
      <trkpt lat="36.8475439" lon="138.1740527">
        <ele>709</ele>
      </trkpt>
      <trkpt lat="36.8475455" lon="138.1740268">
        <ele>709</ele>
      </trkpt>
      <trkpt lat="36.8475472" lon="138.174001">
        <ele>709</ele>
      </trkpt>
      <trkpt lat="36.8475488" lon="138.1739765">
        <ele>709</ele>
      </trkpt>
      <trkpt lat="36.8475505" lon="138.1739521">
        <ele>709</ele>
      </trkpt>
      <trkpt lat="36.8475532" lon="138.1739287">
        <ele>710</ele>
      </trkpt>
      <trkpt lat="36.8475559" lon="138.1739053">
        <ele>710</ele>
      </trkpt>
      <trkpt lat="36.8475598" lon="138.1738822">
        <ele>710</ele>
      </trkpt>
      <trkpt lat="36.8475637" lon="138.1738591">
        <ele>710</ele>
      </trkpt>
      <trkpt lat="36.8475672" lon="138.1738356">
        <ele>710</ele>
      </trkpt>
      <trkpt lat="36.8475708" lon="138.1738121">
        <ele>710</ele>
      </trkpt>
      <trkpt lat="36.8475747" lon="138.1737881">
        <ele>710</ele>
      </trkpt>
      <trkpt lat="36.8475786" lon="138.1737642">
        <ele>710</ele>
      </trkpt>
      <trkpt lat="36.8475845" lon="138.1737406">
        <ele>710</ele>
      </trkpt>
      <trkpt lat="36.8475905" lon="138.173717">
        <ele>710</ele>
      </trkpt>
      <trkpt lat="36.8475981" lon="138.1736933">
        <ele>711</ele>
      </trkpt>
      <trkpt lat="36.8476057" lon="138.1736696">
        <ele>711</ele>
      </trkpt>
      <trkpt lat="36.847613" lon="138.1736452">
        <ele>711</ele>
      </trkpt>
      <trkpt lat="36.8476203" lon="138.1736209">
        <ele>711</ele>
      </trkpt>
      <trkpt lat="36.8476273" lon="138.1735968">
        <ele>711</ele>
      </trkpt>
      <trkpt lat="36.8476344" lon="138.1735727">
        <ele>712</ele>
      </trkpt>
      <trkpt lat="36.8476421" lon="138.1735481">
        <ele>712</ele>
      </trkpt>
      <trkpt lat="36.8476498" lon="138.1735235">
        <ele>712</ele>
      </trkpt>
      <trkpt lat="36.8476588" lon="138.173499">
        <ele>712</ele>
      </trkpt>
      <trkpt lat="36.8476679" lon="138.1734746">
        <ele>712</ele>
      </trkpt>
      <trkpt lat="36.8476766" lon="138.1734512">
        <ele>712</ele>
      </trkpt>
      <trkpt lat="36.8476853" lon="138.1734279">
        <ele>712</ele>
      </trkpt>
      <trkpt lat="36.8476923" lon="138.1734054">
        <ele>712</ele>
      </trkpt>
      <trkpt lat="36.8476994" lon="138.173383">
        <ele>712</ele>
      </trkpt>
      <trkpt lat="36.8477046" lon="138.1733605">
        <ele>712</ele>
      </trkpt>
      <trkpt lat="36.8477099" lon="138.1733381">
        <ele>712</ele>
      </trkpt>
      <trkpt lat="36.8477147" lon="138.1733164">
        <ele>712</ele>
      </trkpt>
      <trkpt lat="36.8477195" lon="138.1732947">
        <ele>712</ele>
      </trkpt>
      <trkpt lat="36.8477238" lon="138.1732739">
        <ele>712</ele>
      </trkpt>
      <trkpt lat="36.8477282" lon="138.1732531">
        <ele>712</ele>
      </trkpt>
      <trkpt lat="36.8477315" lon="138.1732319">
        <ele>712</ele>
      </trkpt>
      <trkpt lat="36.8477349" lon="138.1732108">
        <ele>712</ele>
      </trkpt>
      <trkpt lat="36.8477372" lon="138.1731885">
        <ele>712</ele>
      </trkpt>
      <trkpt lat="36.8477395" lon="138.1731662">
        <ele>712</ele>
      </trkpt>
      <trkpt lat="36.8477418" lon="138.1731433">
        <ele>712</ele>
      </trkpt>
      <trkpt lat="36.8477442" lon="138.1731204">
        <ele>712</ele>
      </trkpt>
      <trkpt lat="36.8477471" lon="138.1730963">
        <ele>712</ele>
      </trkpt>
      <trkpt lat="36.84775" lon="138.1730723">
        <ele>712</ele>
      </trkpt>
      <trkpt lat="36.8477535" lon="138.1730464">
        <ele>713</ele>
      </trkpt>
      <trkpt lat="36.8477571" lon="138.1730206">
        <ele>713</ele>
      </trkpt>
      <trkpt lat="36.8477614" lon="138.1729938">
        <ele>714</ele>
      </trkpt>
      <trkpt lat="36.8477658" lon="138.172967">
        <ele>714</ele>
      </trkpt>
      <trkpt lat="36.8477704" lon="138.1729391">
        <ele>714</ele>
      </trkpt>
      <trkpt lat="36.847775" lon="138.1729113">
        <ele>714</ele>
      </trkpt>
      <trkpt lat="36.8477783" lon="138.1728831">
        <ele>714</ele>
      </trkpt>
      <trkpt lat="36.8477816" lon="138.1728549">
        <ele>715</ele>
      </trkpt>
      <trkpt lat="36.8477834" lon="138.1728268">
        <ele>715</ele>
      </trkpt>
      <trkpt lat="36.8477853" lon="138.1727988">
        <ele>715</ele>
      </trkpt>
      <trkpt lat="36.847785" lon="138.1727712">
        <ele>715</ele>
      </trkpt>
      <trkpt lat="36.8477847" lon="138.1727436">
        <ele>715</ele>
      </trkpt>
      <trkpt lat="36.8477833" lon="138.1727155">
        <ele>715</ele>
      </trkpt>
      <trkpt lat="36.847782" lon="138.1726874">
        <ele>715</ele>
      </trkpt>
      <trkpt lat="36.8477805" lon="138.1726584">
        <ele>715</ele>
      </trkpt>
      <trkpt lat="36.847779" lon="138.1726295">
        <ele>715</ele>
      </trkpt>
      <trkpt lat="36.8477783" lon="138.1726007">
        <ele>715</ele>
      </trkpt>
      <trkpt lat="36.8477777" lon="138.172572">
        <ele>715</ele>
      </trkpt>
      <trkpt lat="36.8477784" lon="138.1725458">
        <ele>715</ele>
      </trkpt>
      <trkpt lat="36.8477792" lon="138.1725196">
        <ele>715</ele>
      </trkpt>
      <trkpt lat="36.8477812" lon="138.172496">
        <ele>715</ele>
      </trkpt>
      <trkpt lat="36.8477832" lon="138.1724724">
        <ele>715</ele>
      </trkpt>
      <trkpt lat="36.8477853" lon="138.1724496">
        <ele>716</ele>
      </trkpt>
      <trkpt lat="36.8477874" lon="138.1724269">
        <ele>716</ele>
      </trkpt>
      <trkpt lat="36.8477891" lon="138.1724035">
        <ele>716</ele>
      </trkpt>
      <trkpt lat="36.8477908" lon="138.1723802">
        <ele>716</ele>
      </trkpt>
      <trkpt lat="36.8477925" lon="138.1723559">
        <ele>716</ele>
      </trkpt>
      <trkpt lat="36.8477943" lon="138.1723317">
        <ele>717</ele>
      </trkpt>
      <trkpt lat="36.8477958" lon="138.1723062">
        <ele>717</ele>
      </trkpt>
      <trkpt lat="36.8477973" lon="138.1722807">
        <ele>717</ele>
      </trkpt>
      <trkpt lat="36.8477976" lon="138.1722542">
        <ele>717</ele>
      </trkpt>
      <trkpt lat="36.8477979" lon="138.1722278">
        <ele>717</ele>
      </trkpt>
      <trkpt lat="36.8477964" lon="138.1722013">
        <ele>717</ele>
      </trkpt>
      <trkpt lat="36.8477949" lon="138.1721749">
        <ele>717</ele>
      </trkpt>
      <trkpt lat="36.8477923" lon="138.1721485">
        <ele>717</ele>
      </trkpt>
      <trkpt lat="36.8477898" lon="138.1721221">
        <ele>717</ele>
      </trkpt>
      <trkpt lat="36.8477872" lon="138.172096">
        <ele>717</ele>
      </trkpt>
      <trkpt lat="36.8477846" lon="138.1720699">
        <ele>718</ele>
      </trkpt>
      <trkpt lat="36.8477821" lon="138.1720452">
        <ele>718</ele>
      </trkpt>
      <trkpt lat="36.8477796" lon="138.1720205">
        <ele>718</ele>
      </trkpt>
      <trkpt lat="36.8477762" lon="138.1719968">
        <ele>718</ele>
      </trkpt>
      <trkpt lat="36.8477728" lon="138.1719732">
        <ele>718</ele>
      </trkpt>
      <trkpt lat="36.847769" lon="138.1719497">
        <ele>718</ele>
      </trkpt>
      <trkpt lat="36.8477653" lon="138.1719263">
        <ele>718</ele>
      </trkpt>
      <trkpt lat="36.8477619" lon="138.1719025">
        <ele>718</ele>
      </trkpt>
      <trkpt lat="36.8477585" lon="138.1718787">
        <ele>718</ele>
      </trkpt>
      <trkpt lat="36.8477555" lon="138.1718541">
        <ele>718</ele>
      </trkpt>
      <trkpt lat="36.8477526" lon="138.1718296">
        <ele>719</ele>
      </trkpt>
      <trkpt lat="36.847749" lon="138.1718055">
        <ele>719</ele>
      </trkpt>
      <trkpt lat="36.8477454" lon="138.1717814">
        <ele>719</ele>
      </trkpt>
      <trkpt lat="36.8477405" lon="138.1717567">
        <ele>719</ele>
      </trkpt>
      <trkpt lat="36.8477356" lon="138.171732">
        <ele>719</ele>
      </trkpt>
      <trkpt lat="36.8477301" lon="138.1717067">
        <ele>719</ele>
      </trkpt>
      <trkpt lat="36.8477247" lon="138.1716814">
        <ele>719</ele>
      </trkpt>
      <trkpt lat="36.847719" lon="138.1716568">
        <ele>719</ele>
      </trkpt>
      <trkpt lat="36.8477133" lon="138.1716322">
        <ele>719</ele>
      </trkpt>
      <trkpt lat="36.8477071" lon="138.171608">
        <ele>719</ele>
      </trkpt>
      <trkpt lat="36.8477009" lon="138.1715838">
        <ele>720</ele>
      </trkpt>
      <trkpt lat="36.8476935" lon="138.1715594">
        <ele>720</ele>
      </trkpt>
      <trkpt lat="36.8476861" lon="138.171535">
        <ele>720</ele>
      </trkpt>
      <trkpt lat="36.8476786" lon="138.1715103">
        <ele>720</ele>
      </trkpt>
      <trkpt lat="36.8476712" lon="138.1714857">
        <ele>720</ele>
      </trkpt>
      <trkpt lat="36.847663" lon="138.1714615">
        <ele>720</ele>
      </trkpt>
      <trkpt lat="36.8476548" lon="138.1714374">
        <ele>720</ele>
      </trkpt>
      <trkpt lat="36.8476456" lon="138.1714142">
        <ele>720</ele>
      </trkpt>
      <trkpt lat="36.8476365" lon="138.1713911">
        <ele>720</ele>
      </trkpt>
      <trkpt lat="36.847627" lon="138.1713689">
        <ele>720</ele>
      </trkpt>
      <trkpt lat="36.8476176" lon="138.1713468">
        <ele>721</ele>
      </trkpt>
      <trkpt lat="36.8476075" lon="138.1713256">
        <ele>721</ele>
      </trkpt>
      <trkpt lat="36.8475974" lon="138.1713045">
        <ele>721</ele>
      </trkpt>
      <trkpt lat="36.8475862" lon="138.1712843">
        <ele>721</ele>
      </trkpt>
      <trkpt lat="36.8475751" lon="138.1712642">
        <ele>721</ele>
      </trkpt>
      <trkpt lat="36.8475626" lon="138.1712451">
        <ele>721</ele>
      </trkpt>
      <trkpt lat="36.8475501" lon="138.171226">
        <ele>721</ele>
      </trkpt>
      <trkpt lat="36.8475373" lon="138.1712077">
        <ele>721</ele>
      </trkpt>
      <trkpt lat="36.8475246" lon="138.1711894">
        <ele>722</ele>
      </trkpt>
      <trkpt lat="36.8475125" lon="138.1711716">
        <ele>722</ele>
      </trkpt>
      <trkpt lat="36.8475004" lon="138.1711538">
        <ele>723</ele>
      </trkpt>
      <trkpt lat="36.8474892" lon="138.1711359">
        <ele>723</ele>
      </trkpt>
      <trkpt lat="36.8474781" lon="138.171118">
        <ele>723</ele>
      </trkpt>
      <trkpt lat="36.8474677" lon="138.1710997">
        <ele>723</ele>
      </trkpt>
      <trkpt lat="36.8474573" lon="138.1710814">
        <ele>723</ele>
      </trkpt>
      <trkpt lat="36.8474467" lon="138.1710622">
        <ele>724</ele>
      </trkpt>
      <trkpt lat="36.8474361" lon="138.1710431">
        <ele>724</ele>
      </trkpt>
      <trkpt lat="36.8474248" lon="138.1710237">
        <ele>724</ele>
      </trkpt>
      <trkpt lat="36.8474135" lon="138.1710043">
        <ele>724</ele>
      </trkpt>
      <trkpt lat="36.847401" lon="138.1709854">
        <ele>724</ele>
      </trkpt>
      <trkpt lat="36.8473886" lon="138.1709666">
        <ele>724</ele>
      </trkpt>
      <trkpt lat="36.8473753" lon="138.1709466">
        <ele>724</ele>
      </trkpt>
      <trkpt lat="36.847362" lon="138.1709267">
        <ele>724</ele>
      </trkpt>
      <trkpt lat="36.8473478" lon="138.1709046">
        <ele>724</ele>
      </trkpt>
      <trkpt lat="36.8473337" lon="138.1708826">
        <ele>724</ele>
      </trkpt>
      <trkpt lat="36.8473186" lon="138.1708612">
        <ele>724</ele>
      </trkpt>
      <trkpt lat="36.8473036" lon="138.1708399">
        <ele>724</ele>
      </trkpt>
      <trkpt lat="36.8472884" lon="138.1708222">
        <ele>724</ele>
      </trkpt>
      <trkpt lat="36.8472733" lon="138.1708046">
        <ele>724</ele>
      </trkpt>
      <trkpt lat="36.8472583" lon="138.1707886">
        <ele>724</ele>
      </trkpt>
      <trkpt lat="36.8472434" lon="138.1707727">
        <ele>724</ele>
      </trkpt>
      <trkpt lat="36.8472287" lon="138.1707567">
        <ele>724</ele>
      </trkpt>
      <trkpt lat="36.8472141" lon="138.1707408">
        <ele>724</ele>
      </trkpt>
      <trkpt lat="36.8471991" lon="138.1707248">
        <ele>724</ele>
      </trkpt>
      <trkpt lat="36.8471842" lon="138.1707088">
        <ele>724</ele>
      </trkpt>
      <trkpt lat="36.847169" lon="138.1706928">
        <ele>724</ele>
      </trkpt>
      <trkpt lat="36.8471538" lon="138.1706769">
        <ele>724</ele>
      </trkpt>
      <trkpt lat="36.8471382" lon="138.1706621">
        <ele>724</ele>
      </trkpt>
      <trkpt lat="36.8471226" lon="138.1706473">
        <ele>724</ele>
      </trkpt>
      <trkpt lat="36.8471067" lon="138.1706326">
        <ele>724</ele>
      </trkpt>
      <trkpt lat="36.8470908" lon="138.1706179">
        <ele>725</ele>
      </trkpt>
      <trkpt lat="36.8470748" lon="138.1706035">
        <ele>725</ele>
      </trkpt>
      <trkpt lat="36.8470588" lon="138.1705891">
        <ele>725</ele>
      </trkpt>
      <trkpt lat="36.8470423" lon="138.1705761">
        <ele>725</ele>
      </trkpt>
      <trkpt lat="36.8470259" lon="138.1705631">
        <ele>725</ele>
      </trkpt>
      <trkpt lat="36.8470089" lon="138.1705518">
        <ele>726</ele>
      </trkpt>
      <trkpt lat="36.8469919" lon="138.1705405">
        <ele>726</ele>
      </trkpt>
      <trkpt lat="36.8469749" lon="138.1705286">
        <ele>726</ele>
      </trkpt>
      <trkpt lat="36.846958" lon="138.1705167">
        <ele>726</ele>
      </trkpt>
      <trkpt lat="36.8469403" lon="138.1705037">
        <ele>726</ele>
      </trkpt>
      <trkpt lat="36.8469226" lon="138.1704907">
        <ele>726</ele>
      </trkpt>
      <trkpt lat="36.8469047" lon="138.170477">
        <ele>726</ele>
      </trkpt>
      <trkpt lat="36.8468869" lon="138.1704633">
        <ele>726</ele>
      </trkpt>
      <trkpt lat="36.8468691" lon="138.1704513">
        <ele>726</ele>
      </trkpt>
      <trkpt lat="36.8468514" lon="138.1704394">
        <ele>726</ele>
      </trkpt>
      <trkpt lat="36.846834" lon="138.170429">
        <ele>726</ele>
      </trkpt>
      <trkpt lat="36.8468167" lon="138.1704186">
        <ele>726</ele>
      </trkpt>
      <trkpt lat="36.8468" lon="138.1704074">
        <ele>726</ele>
      </trkpt>
      <trkpt lat="36.8467834" lon="138.1703962">
        <ele>726</ele>
      </trkpt>
      <trkpt lat="36.8467672" lon="138.1703831">
        <ele>726</ele>
      </trkpt>
      <trkpt lat="36.846751" lon="138.1703701">
        <ele>727</ele>
      </trkpt>
      <trkpt lat="36.8467358" lon="138.1703549">
        <ele>727</ele>
      </trkpt>
      <trkpt lat="36.8467206" lon="138.1703397">
        <ele>727</ele>
      </trkpt>
      <trkpt lat="36.8467056" lon="138.1703238">
        <ele>727</ele>
      </trkpt>
      <trkpt lat="36.8466907" lon="138.170308">
        <ele>727</ele>
      </trkpt>
      <trkpt lat="36.8466753" lon="138.1702925">
        <ele>727</ele>
      </trkpt>
      <trkpt lat="36.84666" lon="138.1702771">
        <ele>727</ele>
      </trkpt>
      <trkpt lat="36.8466444" lon="138.1702623">
        <ele>727</ele>
      </trkpt>
      <trkpt lat="36.8466288" lon="138.1702475">
        <ele>727</ele>
      </trkpt>
      <trkpt lat="36.8466137" lon="138.1702328">
        <ele>727</ele>
      </trkpt>
      <trkpt lat="36.8465987" lon="138.1702182">
        <ele>727</ele>
      </trkpt>
      <trkpt lat="36.8465835" lon="138.1702032">
        <ele>727</ele>
      </trkpt>
      <trkpt lat="36.8465684" lon="138.1701883">
        <ele>727</ele>
      </trkpt>
      <trkpt lat="36.8465519" lon="138.1701731">
        <ele>727</ele>
      </trkpt>
      <trkpt lat="36.8465355" lon="138.1701579">
        <ele>727</ele>
      </trkpt>
      <trkpt lat="36.8465186" lon="138.1701426">
        <ele>727</ele>
      </trkpt>
      <trkpt lat="36.8465018" lon="138.1701273">
        <ele>727</ele>
      </trkpt>
      <trkpt lat="36.8464852" lon="138.1701126">
        <ele>727</ele>
      </trkpt>
      <trkpt lat="36.8464687" lon="138.1700979">
        <ele>727</ele>
      </trkpt>
      <trkpt lat="36.8464517" lon="138.1700833">
        <ele>727</ele>
      </trkpt>
      <trkpt lat="36.8464348" lon="138.1700687">
        <ele>728</ele>
      </trkpt>
      <trkpt lat="36.8464178" lon="138.1700543">
        <ele>728</ele>
      </trkpt>
      <trkpt lat="36.8464008" lon="138.1700399">
        <ele>728</ele>
      </trkpt>
      <trkpt lat="36.8463839" lon="138.170027">
        <ele>728</ele>
      </trkpt>
      <trkpt lat="36.846367" lon="138.1700142">
        <ele>728</ele>
      </trkpt>
      <trkpt lat="36.8463509" lon="138.1700025">
        <ele>729</ele>
      </trkpt>
      <trkpt lat="36.8463349" lon="138.1699908">
        <ele>729</ele>
      </trkpt>
      <trkpt lat="36.8463191" lon="138.1699787">
        <ele>729</ele>
      </trkpt>
      <trkpt lat="36.8463034" lon="138.1699667">
        <ele>729</ele>
      </trkpt>
      <trkpt lat="36.8462872" lon="138.1699544">
        <ele>729</ele>
      </trkpt>
      <trkpt lat="36.8462711" lon="138.1699422">
        <ele>729</ele>
      </trkpt>
      <trkpt lat="36.8462542" lon="138.1699294">
        <ele>729</ele>
      </trkpt>
      <trkpt lat="36.8462374" lon="138.1699167">
        <ele>729</ele>
      </trkpt>
      <trkpt lat="36.8462199" lon="138.1699027">
        <ele>729</ele>
      </trkpt>
      <trkpt lat="36.8462025" lon="138.1698888">
        <ele>729</ele>
      </trkpt>
      <trkpt lat="36.846185" lon="138.1698743">
        <ele>729</ele>
      </trkpt>
      <trkpt lat="36.8461675" lon="138.1698599">
        <ele>729</ele>
      </trkpt>
      <trkpt lat="36.84615" lon="138.1698455">
        <ele>729</ele>
      </trkpt>
      <trkpt lat="36.8461325" lon="138.1698311">
        <ele>730</ele>
      </trkpt>
      <trkpt lat="36.8461152" lon="138.1698172">
        <ele>730</ele>
      </trkpt>
      <trkpt lat="36.8460979" lon="138.1698033">
        <ele>731</ele>
      </trkpt>
      <trkpt lat="36.8460811" lon="138.1697887">
        <ele>731</ele>
      </trkpt>
      <trkpt lat="36.8460643" lon="138.1697742">
        <ele>731</ele>
      </trkpt>
      <trkpt lat="36.8460472" lon="138.169759">
        <ele>731</ele>
      </trkpt>
      <trkpt lat="36.8460301" lon="138.1697439">
        <ele>731</ele>
      </trkpt>
      <trkpt lat="36.8460128" lon="138.1697274">
        <ele>732</ele>
      </trkpt>
      <trkpt lat="36.8459955" lon="138.1697109">
        <ele>732</ele>
      </trkpt>
      <trkpt lat="36.845979" lon="138.1696934">
        <ele>732</ele>
      </trkpt>
      <trkpt lat="36.8459626" lon="138.1696759">
        <ele>732</ele>
      </trkpt>
      <trkpt lat="36.8459468" lon="138.1696593">
        <ele>732</ele>
      </trkpt>
      <trkpt lat="36.8459311" lon="138.1696427">
        <ele>732</ele>
      </trkpt>
      <trkpt lat="36.8459157" lon="138.1696257">
        <ele>732</ele>
      </trkpt>
      <trkpt lat="36.8459004" lon="138.1696088">
        <ele>732</ele>
      </trkpt>
      <trkpt lat="36.8458851" lon="138.1695905">
        <ele>732</ele>
      </trkpt>
      <trkpt lat="36.8458699" lon="138.1695722">
        <ele>732</ele>
      </trkpt>
      <trkpt lat="36.8458541" lon="138.1695535">
        <ele>733</ele>
      </trkpt>
      <trkpt lat="36.8458384" lon="138.1695348">
        <ele>733</ele>
      </trkpt>
      <trkpt lat="36.8458229" lon="138.1695153">
        <ele>733</ele>
      </trkpt>
      <trkpt lat="36.8458075" lon="138.1694958">
        <ele>733</ele>
      </trkpt>
      <trkpt lat="36.8457929" lon="138.1694757">
        <ele>733</ele>
      </trkpt>
      <trkpt lat="36.8457784" lon="138.1694557">
        <ele>733</ele>
      </trkpt>
      <trkpt lat="36.8457648" lon="138.1694356">
        <ele>733</ele>
      </trkpt>
      <trkpt lat="36.8457513" lon="138.1694156">
        <ele>733</ele>
      </trkpt>
      <trkpt lat="36.8457372" lon="138.1693966">
        <ele>733</ele>
      </trkpt>
      <trkpt lat="36.8457232" lon="138.1693776">
        <ele>733</ele>
      </trkpt>
      <trkpt lat="36.8457092" lon="138.1693581">
        <ele>733</ele>
      </trkpt>
      <trkpt lat="36.8456952" lon="138.1693386">
        <ele>733</ele>
      </trkpt>
      <trkpt lat="36.8456817" lon="138.1693189">
        <ele>733</ele>
      </trkpt>
      <trkpt lat="36.8456682" lon="138.1692993">
        <ele>733</ele>
      </trkpt>
      <trkpt lat="36.8456549" lon="138.1692798">
        <ele>733</ele>
      </trkpt>
      <trkpt lat="36.8456416" lon="138.1692603">
        <ele>734</ele>
      </trkpt>
      <trkpt lat="36.8456278" lon="138.1692412">
        <ele>734</ele>
      </trkpt>
      <trkpt lat="36.8456141" lon="138.1692222">
        <ele>734</ele>
      </trkpt>
      <trkpt lat="36.8456007" lon="138.1692026">
        <ele>734</ele>
      </trkpt>
      <trkpt lat="36.8455873" lon="138.1691831">
        <ele>734</ele>
      </trkpt>
      <trkpt lat="36.845575" lon="138.1691627">
        <ele>735</ele>
      </trkpt>
      <trkpt lat="36.8455627" lon="138.1691424">
        <ele>735</ele>
      </trkpt>
      <trkpt lat="36.8455517" lon="138.1691204">
        <ele>735</ele>
      </trkpt>
      <trkpt lat="36.8455407" lon="138.1690984">
        <ele>735</ele>
      </trkpt>
      <trkpt lat="36.8455304" lon="138.1690745">
        <ele>735</ele>
      </trkpt>
      <trkpt lat="36.8455202" lon="138.1690507">
        <ele>735</ele>
      </trkpt>
      <trkpt lat="36.8455106" lon="138.1690248">
        <ele>735</ele>
      </trkpt>
      <trkpt lat="36.845501" lon="138.168999">
        <ele>735</ele>
      </trkpt>
      <trkpt lat="36.8454918" lon="138.1689728">
        <ele>735</ele>
      </trkpt>
      <trkpt lat="36.8454827" lon="138.1689466">
        <ele>735</ele>
      </trkpt>
      <trkpt lat="36.845474" lon="138.1689204">
        <ele>735</ele>
      </trkpt>
      <trkpt lat="36.8454654" lon="138.1688942">
        <ele>735</ele>
      </trkpt>
      <trkpt lat="36.8454573" lon="138.1688682">
        <ele>735</ele>
      </trkpt>
      <trkpt lat="36.8454493" lon="138.1688422">
        <ele>735</ele>
      </trkpt>
      <trkpt lat="36.8454411" lon="138.1688167">
        <ele>735</ele>
      </trkpt>
      <trkpt lat="36.8454329" lon="138.1687912">
        <ele>736</ele>
      </trkpt>
      <trkpt lat="36.8454244" lon="138.1687659">
        <ele>736</ele>
      </trkpt>
      <trkpt lat="36.845416" lon="138.1687406">
        <ele>736</ele>
      </trkpt>
      <trkpt lat="36.8454074" lon="138.1687151">
        <ele>736</ele>
      </trkpt>
      <trkpt lat="36.8453988" lon="138.1686897">
        <ele>736</ele>
      </trkpt>
      <trkpt lat="36.8453909" lon="138.1686651">
        <ele>736</ele>
      </trkpt>
      <trkpt lat="36.845383" lon="138.1686405">
        <ele>736</ele>
      </trkpt>
      <trkpt lat="36.8453755" lon="138.1686153">
        <ele>736</ele>
      </trkpt>
      <trkpt lat="36.8453681" lon="138.1685901">
        <ele>736</ele>
      </trkpt>
      <trkpt lat="36.8453605" lon="138.1685637">
        <ele>736</ele>
      </trkpt>
      <trkpt lat="36.845353" lon="138.1685374">
        <ele>736</ele>
      </trkpt>
      <trkpt lat="36.8453456" lon="138.1685104">
        <ele>736</ele>
      </trkpt>
      <trkpt lat="36.8453383" lon="138.1684835">
        <ele>736</ele>
      </trkpt>
      <trkpt lat="36.8453312" lon="138.168457">
        <ele>736</ele>
      </trkpt>
      <trkpt lat="36.8453241" lon="138.1684306">
        <ele>736</ele>
      </trkpt>
      <trkpt lat="36.8453169" lon="138.1684055">
        <ele>737</ele>
      </trkpt>
      <trkpt lat="36.8453097" lon="138.1683805">
        <ele>737</ele>
      </trkpt>
      <trkpt lat="36.8453031" lon="138.1683568">
        <ele>737</ele>
      </trkpt>
      <trkpt lat="36.8452966" lon="138.1683332">
        <ele>737</ele>
      </trkpt>
      <trkpt lat="36.8452912" lon="138.1683098">
        <ele>737</ele>
      </trkpt>
      <trkpt lat="36.8452859" lon="138.1682864">
        <ele>737</ele>
      </trkpt>
      <trkpt lat="36.8452815" lon="138.1682628">
        <ele>737</ele>
      </trkpt>
      <trkpt lat="36.8452772" lon="138.1682393">
        <ele>737</ele>
      </trkpt>
      <trkpt lat="36.8452729" lon="138.1682163">
        <ele>737</ele>
      </trkpt>
      <trkpt lat="36.8452686" lon="138.1681934">
        <ele>737</ele>
      </trkpt>
      <trkpt lat="36.845264" lon="138.1681709">
        <ele>738</ele>
      </trkpt>
      <trkpt lat="36.8452594" lon="138.1681484">
        <ele>738</ele>
      </trkpt>
      <trkpt lat="36.8452537" lon="138.1681251">
        <ele>738</ele>
      </trkpt>
      <trkpt lat="36.8452481" lon="138.1681018">
        <ele>739</ele>
      </trkpt>
      <trkpt lat="36.8452418" lon="138.1680777">
        <ele>739</ele>
      </trkpt>
      <trkpt lat="36.8452355" lon="138.1680536">
        <ele>740</ele>
      </trkpt>
      <trkpt lat="36.8452291" lon="138.1680296">
        <ele>740</ele>
      </trkpt>
      <trkpt lat="36.8452227" lon="138.1680056">
        <ele>740</ele>
      </trkpt>
      <trkpt lat="36.8452165" lon="138.1679821">
        <ele>740</ele>
      </trkpt>
      <trkpt lat="36.8452103" lon="138.1679587">
        <ele>740</ele>
      </trkpt>
      <trkpt lat="36.8452036" lon="138.1679356">
        <ele>740</ele>
      </trkpt>
      <trkpt lat="36.8451969" lon="138.1679125">
        <ele>740</ele>
      </trkpt>
      <trkpt lat="36.8451901" lon="138.1678894">
        <ele>740</ele>
      </trkpt>
      <trkpt lat="36.8451833" lon="138.1678663">
        <ele>740</ele>
      </trkpt>
      <trkpt lat="36.845177" lon="138.1678424">
        <ele>740</ele>
      </trkpt>
      <trkpt lat="36.8451708" lon="138.1678185">
        <ele>740</ele>
      </trkpt>
      <trkpt lat="36.8451657" lon="138.1677941">
        <ele>740</ele>
      </trkpt>
      <trkpt lat="36.8451606" lon="138.1677697">
        <ele>740</ele>
      </trkpt>
      <trkpt lat="36.8451561" lon="138.1677454">
        <ele>740</ele>
      </trkpt>
      <trkpt lat="36.8451516" lon="138.1677212">
        <ele>740</ele>
      </trkpt>
      <trkpt lat="36.8451465" lon="138.1676981">
        <ele>741</ele>
      </trkpt>
      <trkpt lat="36.8451415" lon="138.167675">
        <ele>741</ele>
      </trkpt>
      <trkpt lat="36.8451361" lon="138.167652">
        <ele>741</ele>
      </trkpt>
      <trkpt lat="36.8451308" lon="138.167629">
        <ele>741</ele>
      </trkpt>
      <trkpt lat="36.8451263" lon="138.1676051">
        <ele>741</ele>
      </trkpt>
      <trkpt lat="36.8451219" lon="138.1675812">
        <ele>742</ele>
      </trkpt>
      <trkpt lat="36.8451176" lon="138.1675562">
        <ele>742</ele>
      </trkpt>
      <trkpt lat="36.8451133" lon="138.1675313">
        <ele>742</ele>
      </trkpt>
      <trkpt lat="36.8451084" lon="138.1675051">
        <ele>742</ele>
      </trkpt>
      <trkpt lat="36.8451036" lon="138.1674789">
        <ele>742</ele>
      </trkpt>
      <trkpt lat="36.8450981" lon="138.1674526">
        <ele>742</ele>
      </trkpt>
      <trkpt lat="36.8450926" lon="138.1674263">
        <ele>742</ele>
      </trkpt>
      <trkpt lat="36.8450866" lon="138.1674018">
        <ele>742</ele>
      </trkpt>
      <trkpt lat="36.8450807" lon="138.1673773">
        <ele>742</ele>
      </trkpt>
      <trkpt lat="36.8450749" lon="138.1673544">
        <ele>742</ele>
      </trkpt>
      <trkpt lat="36.8450692" lon="138.1673315">
        <ele>743</ele>
      </trkpt>
      <trkpt lat="36.8450635" lon="138.167309">
        <ele>743</ele>
      </trkpt>
      <trkpt lat="36.8450579" lon="138.1672865">
        <ele>743</ele>
      </trkpt>
      <trkpt lat="36.8450527" lon="138.1672646">
        <ele>743</ele>
      </trkpt>
      <trkpt lat="36.8450475" lon="138.1672427">
        <ele>743</ele>
      </trkpt>
      <trkpt lat="36.8450419" lon="138.1672208">
        <ele>743</ele>
      </trkpt>
      <trkpt lat="36.8450363" lon="138.1671989">
        <ele>743</ele>
      </trkpt>
      <trkpt lat="36.8450302" lon="138.1671765">
        <ele>743</ele>
      </trkpt>
      <trkpt lat="36.8450242" lon="138.1671541">
        <ele>743</ele>
      </trkpt>
      <trkpt lat="36.8450172" lon="138.1671306">
        <ele>743</ele>
      </trkpt>
      <trkpt lat="36.8450102" lon="138.1671072">
        <ele>744</ele>
      </trkpt>
      <trkpt lat="36.8450031" lon="138.1670823">
        <ele>744</ele>
      </trkpt>
      <trkpt lat="36.8449961" lon="138.1670575">
        <ele>744</ele>
      </trkpt>
      <trkpt lat="36.8449903" lon="138.1670313">
        <ele>744</ele>
      </trkpt>
      <trkpt lat="36.8449845" lon="138.1670051">
        <ele>744</ele>
      </trkpt>
      <trkpt lat="36.8449795" lon="138.1669789">
        <ele>745</ele>
      </trkpt>
      <trkpt lat="36.8449746" lon="138.1669528">
        <ele>745</ele>
      </trkpt>
      <trkpt lat="36.8449703" lon="138.1669268">
        <ele>745</ele>
      </trkpt>
      <trkpt lat="36.844966" lon="138.1669008">
        <ele>745</ele>
      </trkpt>
      <trkpt lat="36.8449621" lon="138.1668748">
        <ele>745</ele>
      </trkpt>
      <trkpt lat="36.8449583" lon="138.1668489">
        <ele>745</ele>
      </trkpt>
      <trkpt lat="36.8449546" lon="138.1668246">
        <ele>745</ele>
      </trkpt>
      <trkpt lat="36.844951" lon="138.1668004">
        <ele>745</ele>
      </trkpt>
      <trkpt lat="36.8449477" lon="138.1667769">
        <ele>745</ele>
      </trkpt>
      <trkpt lat="36.8449444" lon="138.1667534">
        <ele>745</ele>
      </trkpt>
      <trkpt lat="36.8449408" lon="138.1667303">
        <ele>745</ele>
      </trkpt>
      <trkpt lat="36.8449373" lon="138.1667072">
        <ele>745</ele>
      </trkpt>
      <trkpt lat="36.8449333" lon="138.1666838">
        <ele>745</ele>
      </trkpt>
      <trkpt lat="36.8449294" lon="138.1666605">
        <ele>745</ele>
      </trkpt>
      <trkpt lat="36.8449254" lon="138.1666361">
        <ele>745</ele>
      </trkpt>
      <trkpt lat="36.8449215" lon="138.1666117">
        <ele>746</ele>
      </trkpt>
      <trkpt lat="36.8449181" lon="138.1665867">
        <ele>746</ele>
      </trkpt>
      <trkpt lat="36.8449147" lon="138.1665618">
        <ele>746</ele>
      </trkpt>
      <trkpt lat="36.8449112" lon="138.1665374">
        <ele>746</ele>
      </trkpt>
      <trkpt lat="36.8449078" lon="138.166513">
        <ele>746</ele>
      </trkpt>
      <trkpt lat="36.8449039" lon="138.1664883">
        <ele>746</ele>
      </trkpt>
      <trkpt lat="36.8449001" lon="138.1664637">
        <ele>746</ele>
      </trkpt>
      <trkpt lat="36.8448956" lon="138.1664389">
        <ele>746</ele>
      </trkpt>
      <trkpt lat="36.8448911" lon="138.1664142">
        <ele>747</ele>
      </trkpt>
      <trkpt lat="36.8448865" lon="138.1663895">
        <ele>747</ele>
      </trkpt>
      <trkpt lat="36.844882" lon="138.1663649">
        <ele>748</ele>
      </trkpt>
      <trkpt lat="36.844877" lon="138.1663402">
        <ele>748</ele>
      </trkpt>
      <trkpt lat="36.8448721" lon="138.1663155">
        <ele>748</ele>
      </trkpt>
      <trkpt lat="36.8448674" lon="138.1662908">
        <ele>748</ele>
      </trkpt>
      <trkpt lat="36.8448627" lon="138.1662661">
        <ele>748</ele>
      </trkpt>
      <trkpt lat="36.8448585" lon="138.1662418">
        <ele>748</ele>
      </trkpt>
      <trkpt lat="36.8448543" lon="138.1662175">
        <ele>748</ele>
      </trkpt>
      <trkpt lat="36.8448498" lon="138.166193">
        <ele>748</ele>
      </trkpt>
      <trkpt lat="36.8448454" lon="138.1661685">
        <ele>748</ele>
      </trkpt>
      <trkpt lat="36.8448406" lon="138.1661431">
        <ele>748</ele>
      </trkpt>
      <trkpt lat="36.8448358" lon="138.1661178">
        <ele>749</ele>
      </trkpt>
      <trkpt lat="36.8448312" lon="138.166092">
        <ele>749</ele>
      </trkpt>
      <trkpt lat="36.8448266" lon="138.1660662">
        <ele>749</ele>
      </trkpt>
      <trkpt lat="36.8448222" lon="138.1660408">
        <ele>749</ele>
      </trkpt>
      <trkpt lat="36.8448179" lon="138.1660154">
        <ele>749</ele>
      </trkpt>
      <trkpt lat="36.8448138" lon="138.1659904">
        <ele>749</ele>
      </trkpt>
      <trkpt lat="36.8448097" lon="138.1659654">
        <ele>749</ele>
      </trkpt>
      <trkpt lat="36.8448053" lon="138.1659411">
        <ele>749</ele>
      </trkpt>
      <trkpt lat="36.844801" lon="138.1659168">
        <ele>749</ele>
      </trkpt>
      <trkpt lat="36.8447959" lon="138.1658929">
        <ele>749</ele>
      </trkpt>
      <trkpt lat="36.8447908" lon="138.165869">
        <ele>749</ele>
      </trkpt>
      <trkpt lat="36.844786" lon="138.1658448">
        <ele>749</ele>
      </trkpt>
      <trkpt lat="36.8447812" lon="138.1658207">
        <ele>749</ele>
      </trkpt>
      <trkpt lat="36.8447765" lon="138.1657959">
        <ele>749</ele>
      </trkpt>
      <trkpt lat="36.8447718" lon="138.1657712">
        <ele>749</ele>
      </trkpt>
      <trkpt lat="36.8447672" lon="138.1657455">
        <ele>749</ele>
      </trkpt>
      <trkpt lat="36.8447627" lon="138.1657198">
        <ele>749</ele>
      </trkpt>
      <trkpt lat="36.8447585" lon="138.1656927">
        <ele>749</ele>
      </trkpt>
      <trkpt lat="36.8447543" lon="138.1656657">
        <ele>749</ele>
      </trkpt>
      <trkpt lat="36.8447503" lon="138.1656385">
        <ele>749</ele>
      </trkpt>
      <trkpt lat="36.8447464" lon="138.1656114">
        <ele>750</ele>
      </trkpt>
      <trkpt lat="36.8447427" lon="138.1655849">
        <ele>750</ele>
      </trkpt>
      <trkpt lat="36.8447391" lon="138.1655585">
        <ele>750</ele>
      </trkpt>
      <trkpt lat="36.8447352" lon="138.1655333">
        <ele>750</ele>
      </trkpt>
      <trkpt lat="36.8447314" lon="138.1655081">
        <ele>750</ele>
      </trkpt>
      <trkpt lat="36.8447279" lon="138.1654837">
        <ele>750</ele>
      </trkpt>
      <trkpt lat="36.8447245" lon="138.1654593">
        <ele>750</ele>
      </trkpt>
      <trkpt lat="36.8447215" lon="138.1654347">
        <ele>750</ele>
      </trkpt>
      <trkpt lat="36.8447185" lon="138.1654101">
        <ele>750</ele>
      </trkpt>
      <trkpt lat="36.8447157" lon="138.1653845">
        <ele>750</ele>
      </trkpt>
      <trkpt lat="36.844713" lon="138.165359">
        <ele>751</ele>
      </trkpt>
      <trkpt lat="36.8447105" lon="138.1653325">
        <ele>751</ele>
      </trkpt>
      <trkpt lat="36.8447081" lon="138.1653061">
        <ele>751</ele>
      </trkpt>
      <trkpt lat="36.844706" lon="138.1652792">
        <ele>751</ele>
      </trkpt>
      <trkpt lat="36.8447039" lon="138.1652523">
        <ele>751</ele>
      </trkpt>
      <trkpt lat="36.8447022" lon="138.1652255">
        <ele>752</ele>
      </trkpt>
      <trkpt lat="36.8447005" lon="138.1651988">
        <ele>752</ele>
      </trkpt>
      <trkpt lat="36.8446986" lon="138.1651734">
        <ele>752</ele>
      </trkpt>
      <trkpt lat="36.8446968" lon="138.1651481">
        <ele>752</ele>
      </trkpt>
      <trkpt lat="36.8446947" lon="138.1651247">
        <ele>752</ele>
      </trkpt>
      <trkpt lat="36.8446926" lon="138.1651013">
        <ele>752</ele>
      </trkpt>
      <trkpt lat="36.8446905" lon="138.16508">
        <ele>752</ele>
      </trkpt>
      <trkpt lat="36.8446885" lon="138.1650587">
        <ele>752</ele>
      </trkpt>
      <trkpt lat="36.8446864" lon="138.1650379">
        <ele>752</ele>
      </trkpt>
      <trkpt lat="36.8446843" lon="138.1650172">
        <ele>752</ele>
      </trkpt>
      <trkpt lat="36.8446821" lon="138.1649962">
        <ele>753</ele>
      </trkpt>
      <trkpt lat="36.8446799" lon="138.1649753">
        <ele>753</ele>
      </trkpt>
      <trkpt lat="36.8446782" lon="138.1649531">
        <ele>753</ele>
      </trkpt>
      <trkpt lat="36.8446765" lon="138.1649309">
        <ele>753</ele>
      </trkpt>
      <trkpt lat="36.8446757" lon="138.1649076">
        <ele>753</ele>
      </trkpt>
      <trkpt lat="36.8446749" lon="138.1648843">
        <ele>753</ele>
      </trkpt>
      <trkpt lat="36.8446739" lon="138.1648606">
        <ele>753</ele>
      </trkpt>
      <trkpt lat="36.8446729" lon="138.164837">
        <ele>753</ele>
      </trkpt>
      <trkpt lat="36.8446705" lon="138.1648129">
        <ele>753</ele>
      </trkpt>
      <trkpt lat="36.8446681" lon="138.1647889">
        <ele>753</ele>
      </trkpt>
      <trkpt lat="36.8446646" lon="138.1647642">
        <ele>754</ele>
      </trkpt>
      <trkpt lat="36.8446612" lon="138.1647395">
        <ele>754</ele>
      </trkpt>
      <trkpt lat="36.8446585" lon="138.1647136">
        <ele>754</ele>
      </trkpt>
      <trkpt lat="36.8446558" lon="138.1646878">
        <ele>755</ele>
      </trkpt>
      <trkpt lat="36.844654" lon="138.1646613">
        <ele>755</ele>
      </trkpt>
      <trkpt lat="36.8446523" lon="138.1646349">
        <ele>756</ele>
      </trkpt>
      <trkpt lat="36.8446516" lon="138.1646085">
        <ele>756</ele>
      </trkpt>
      <trkpt lat="36.844651" lon="138.1645821">
        <ele>756</ele>
      </trkpt>
      <trkpt lat="36.8446508" lon="138.1645563">
        <ele>756</ele>
      </trkpt>
      <trkpt lat="36.8446507" lon="138.1645305">
        <ele>756</ele>
      </trkpt>
      <trkpt lat="36.8446505" lon="138.1645059">
        <ele>756</ele>
      </trkpt>
      <trkpt lat="36.8446504" lon="138.1644813">
        <ele>756</ele>
      </trkpt>
      <trkpt lat="36.8446497" lon="138.164457">
        <ele>756</ele>
      </trkpt>
      <trkpt lat="36.8446491" lon="138.1644328">
        <ele>756</ele>
      </trkpt>
      <trkpt lat="36.8446484" lon="138.1644083">
        <ele>756</ele>
      </trkpt>
      <trkpt lat="36.8446478" lon="138.1643838">
        <ele>756</ele>
      </trkpt>
      <trkpt lat="36.8446478" lon="138.1643597">
        <ele>756</ele>
      </trkpt>
      <trkpt lat="36.8446478" lon="138.1643356">
        <ele>756</ele>
      </trkpt>
      <trkpt lat="36.8446477" lon="138.1643115">
        <ele>756</ele>
      </trkpt>
      <trkpt lat="36.8446476" lon="138.1642875">
        <ele>756</ele>
      </trkpt>
      <trkpt lat="36.844647" lon="138.1642627">
        <ele>757</ele>
      </trkpt>
      <trkpt lat="36.8446465" lon="138.164238">
        <ele>757</ele>
      </trkpt>
      <trkpt lat="36.8446452" lon="138.1642128">
        <ele>757</ele>
      </trkpt>
      <trkpt lat="36.8446439" lon="138.1641876">
        <ele>757</ele>
      </trkpt>
      <trkpt lat="36.8446416" lon="138.1641619">
        <ele>757</ele>
      </trkpt>
      <trkpt lat="36.8446394" lon="138.1641362">
        <ele>757</ele>
      </trkpt>
      <trkpt lat="36.8446376" lon="138.1641099">
        <ele>757</ele>
      </trkpt>
      <trkpt lat="36.8446358" lon="138.1640836">
        <ele>757</ele>
      </trkpt>
      <trkpt lat="36.8446342" lon="138.1640569">
        <ele>757</ele>
      </trkpt>
      <trkpt lat="36.8446326" lon="138.1640303">
        <ele>757</ele>
      </trkpt>
      <trkpt lat="36.8446308" lon="138.164004">
        <ele>758</ele>
      </trkpt>
      <trkpt lat="36.8446291" lon="138.1639778">
        <ele>758</ele>
      </trkpt>
      <trkpt lat="36.8446273" lon="138.1639522">
        <ele>758</ele>
      </trkpt>
      <trkpt lat="36.8446255" lon="138.1639267">
        <ele>758</ele>
      </trkpt>
      <trkpt lat="36.8446237" lon="138.1639013">
        <ele>758</ele>
      </trkpt>
      <trkpt lat="36.844622" lon="138.163876">
        <ele>758</ele>
      </trkpt>
      <trkpt lat="36.8446205" lon="138.1638515">
        <ele>758</ele>
      </trkpt>
      <trkpt lat="36.844619" lon="138.163827">
        <ele>758</ele>
      </trkpt>
      <trkpt lat="36.8446163" lon="138.1638038">
        <ele>758</ele>
      </trkpt>
      <trkpt lat="36.8446137" lon="138.1637806">
        <ele>758</ele>
      </trkpt>
      <trkpt lat="36.84461" lon="138.1637583">
        <ele>759</ele>
      </trkpt>
      <trkpt lat="36.8446064" lon="138.1637361">
        <ele>759</ele>
      </trkpt>
      <trkpt lat="36.8446028" lon="138.1637126">
        <ele>759</ele>
      </trkpt>
      <trkpt lat="36.8445993" lon="138.1636892">
        <ele>759</ele>
      </trkpt>
      <trkpt lat="36.8445972" lon="138.1636651">
        <ele>759</ele>
      </trkpt>
      <trkpt lat="36.8445951" lon="138.1636411">
        <ele>759</ele>
      </trkpt>
      <trkpt lat="36.8445941" lon="138.1636158">
        <ele>759</ele>
      </trkpt>
      <trkpt lat="36.8445931" lon="138.1635906">
        <ele>759</ele>
      </trkpt>
      <trkpt lat="36.8445925" lon="138.1635646">
        <ele>759</ele>
      </trkpt>
      <trkpt lat="36.844592" lon="138.1635386">
        <ele>759</ele>
      </trkpt>
      <trkpt lat="36.8445921" lon="138.1635127">
        <ele>759</ele>
      </trkpt>
      <trkpt lat="36.8445923" lon="138.1634869">
        <ele>759</ele>
      </trkpt>
      <trkpt lat="36.8445922" lon="138.1634616">
        <ele>759</ele>
      </trkpt>
      <trkpt lat="36.8445922" lon="138.1634363">
        <ele>759</ele>
      </trkpt>
      <trkpt lat="36.8445919" lon="138.1634117">
        <ele>759</ele>
      </trkpt>
      <trkpt lat="36.8445916" lon="138.1633872">
        <ele>760</ele>
      </trkpt>
      <trkpt lat="36.8445914" lon="138.1633631">
        <ele>760</ele>
      </trkpt>
      <trkpt lat="36.8445912" lon="138.1633391">
        <ele>760</ele>
      </trkpt>
      <trkpt lat="36.8445918" lon="138.1633147">
        <ele>760</ele>
      </trkpt>
      <trkpt lat="36.8445924" lon="138.1632904">
        <ele>760</ele>
      </trkpt>
      <trkpt lat="36.8445931" lon="138.163265">
        <ele>760</ele>
      </trkpt>
      <trkpt lat="36.8445938" lon="138.1632396">
        <ele>760</ele>
      </trkpt>
      <trkpt lat="36.8445944" lon="138.1632137">
        <ele>760</ele>
      </trkpt>
      <trkpt lat="36.8445951" lon="138.1631878">
        <ele>760</ele>
      </trkpt>
      <trkpt lat="36.8445964" lon="138.163162">
        <ele>760</ele>
      </trkpt>
      <trkpt lat="36.8445978" lon="138.1631362">
        <ele>760</ele>
      </trkpt>
      <trkpt lat="36.8445988" lon="138.163111">
        <ele>760</ele>
      </trkpt>
      <trkpt lat="36.8445998" lon="138.1630859">
        <ele>760</ele>
      </trkpt>
      <trkpt lat="36.8446005" lon="138.1630613">
        <ele>760</ele>
      </trkpt>
      <trkpt lat="36.8446012" lon="138.1630367">
        <ele>760</ele>
      </trkpt>
      <trkpt lat="36.8446014" lon="138.1630121">
        <ele>760</ele>
      </trkpt>
      <trkpt lat="36.8446017" lon="138.1629875">
        <ele>760</ele>
      </trkpt>
      <trkpt lat="36.8446017" lon="138.1629626">
        <ele>760</ele>
      </trkpt>
      <trkpt lat="36.8446018" lon="138.1629377">
        <ele>760</ele>
      </trkpt>
      <trkpt lat="36.8446019" lon="138.1629127">
        <ele>760</ele>
      </trkpt>
      <trkpt lat="36.844602" lon="138.1628877">
        <ele>761</ele>
      </trkpt>
      <trkpt lat="36.8446018" lon="138.1628625">
        <ele>761</ele>
      </trkpt>
      <trkpt lat="36.8446016" lon="138.1628374">
        <ele>761</ele>
      </trkpt>
      <trkpt lat="36.8446013" lon="138.1628124">
        <ele>761</ele>
      </trkpt>
      <trkpt lat="36.844601" lon="138.1627875">
        <ele>761</ele>
      </trkpt>
      <trkpt lat="36.8446009" lon="138.1627624">
        <ele>762</ele>
      </trkpt>
      <trkpt lat="36.8446008" lon="138.1627374">
        <ele>762</ele>
      </trkpt>
      <trkpt lat="36.844601" lon="138.1627127">
        <ele>762</ele>
      </trkpt>
      <trkpt lat="36.8446012" lon="138.162688">
        <ele>762</ele>
      </trkpt>
      <trkpt lat="36.8446013" lon="138.1626638">
        <ele>762</ele>
      </trkpt>
      <trkpt lat="36.8446014" lon="138.1626397">
        <ele>762</ele>
      </trkpt>
      <trkpt lat="36.8446008" lon="138.1626154">
        <ele>762</ele>
      </trkpt>
      <trkpt lat="36.8446002" lon="138.1625912">
        <ele>762</ele>
      </trkpt>
      <trkpt lat="36.8445995" lon="138.1625657">
        <ele>762</ele>
      </trkpt>
      <trkpt lat="36.8445988" lon="138.1625402">
        <ele>762</ele>
      </trkpt>
      <trkpt lat="36.844598" lon="138.1625141">
        <ele>762</ele>
      </trkpt>
      <trkpt lat="36.8445973" lon="138.162488">
        <ele>762</ele>
      </trkpt>
      <trkpt lat="36.8445959" lon="138.1624632">
        <ele>762</ele>
      </trkpt>
      <trkpt lat="36.8445945" lon="138.1624385">
        <ele>762</ele>
      </trkpt>
      <trkpt lat="36.8445923" lon="138.1624154">
        <ele>762</ele>
      </trkpt>
      <trkpt lat="36.8445902" lon="138.1623924">
        <ele>763</ele>
      </trkpt>
      <trkpt lat="36.8445881" lon="138.1623706">
        <ele>763</ele>
      </trkpt>
      <trkpt lat="36.844586" lon="138.1623488">
        <ele>763</ele>
      </trkpt>
      <trkpt lat="36.8445848" lon="138.162328">
        <ele>763</ele>
      </trkpt>
      <trkpt lat="36.8445837" lon="138.1623072">
        <ele>763</ele>
      </trkpt>
      <trkpt lat="36.844583" lon="138.1622858">
        <ele>763</ele>
      </trkpt>
      <trkpt lat="36.8445823" lon="138.1622645">
        <ele>763</ele>
      </trkpt>
      <trkpt lat="36.8445817" lon="138.1622432">
        <ele>763</ele>
      </trkpt>
      <trkpt lat="36.8445811" lon="138.1622219">
        <ele>764</ele>
      </trkpt>
      <trkpt lat="36.8445814" lon="138.1622004">
        <ele>764</ele>
      </trkpt>
      <trkpt lat="36.8445818" lon="138.162179">
        <ele>765</ele>
      </trkpt>
      <trkpt lat="36.8445837" lon="138.1621571">
        <ele>765</ele>
      </trkpt>
      <trkpt lat="36.8445856" lon="138.1621352">
        <ele>765</ele>
      </trkpt>
      <trkpt lat="36.8445888" lon="138.1621136">
        <ele>765</ele>
      </trkpt>
      <trkpt lat="36.844592" lon="138.162092">
        <ele>765</ele>
      </trkpt>
      <trkpt lat="36.8445949" lon="138.1620711">
        <ele>766</ele>
      </trkpt>
      <trkpt lat="36.8445979" lon="138.1620502">
        <ele>766</ele>
      </trkpt>
      <trkpt lat="36.8446011" lon="138.1620284">
        <ele>766</ele>
      </trkpt>
      <trkpt lat="36.8446043" lon="138.1620067">
        <ele>766</ele>
      </trkpt>
      <trkpt lat="36.8446083" lon="138.1619829">
        <ele>766</ele>
      </trkpt>
      <trkpt lat="36.8446123" lon="138.1619591">
        <ele>767</ele>
      </trkpt>
      <trkpt lat="36.844617" lon="138.1619348">
        <ele>767</ele>
      </trkpt>
      <trkpt lat="36.8446217" lon="138.1619105">
        <ele>767</ele>
      </trkpt>
      <trkpt lat="36.8446269" lon="138.1618857">
        <ele>767</ele>
      </trkpt>
      <trkpt lat="36.8446322" lon="138.161861">
        <ele>767</ele>
      </trkpt>
      <trkpt lat="36.8446381" lon="138.1618353">
        <ele>768</ele>
      </trkpt>
      <trkpt lat="36.844644" lon="138.1618097">
        <ele>768</ele>
      </trkpt>
      <trkpt lat="36.8446512" lon="138.1617841">
        <ele>768</ele>
      </trkpt>
      <trkpt lat="36.8446585" lon="138.1617585">
        <ele>768</ele>
      </trkpt>
      <trkpt lat="36.8446665" lon="138.1617339">
        <ele>768</ele>
      </trkpt>
      <trkpt lat="36.8446746" lon="138.1617093">
        <ele>769</ele>
      </trkpt>
      <trkpt lat="36.8446822" lon="138.1616859">
        <ele>769</ele>
      </trkpt>
      <trkpt lat="36.8446899" lon="138.1616625">
        <ele>769</ele>
      </trkpt>
      <trkpt lat="36.844698" lon="138.1616402">
        <ele>769</ele>
      </trkpt>
      <trkpt lat="36.8447062" lon="138.1616179">
        <ele>769</ele>
      </trkpt>
      <trkpt lat="36.8447125" lon="138.1615945">
        <ele>769</ele>
      </trkpt>
      <trkpt lat="36.8447188" lon="138.1615712">
        <ele>769</ele>
      </trkpt>
      <trkpt lat="36.8447209" lon="138.1615468">
        <ele>769</ele>
      </trkpt>
      <trkpt lat="36.844723" lon="138.1615224">
        <ele>769</ele>
      </trkpt>
      <trkpt lat="36.8447214" lon="138.1614974">
        <ele>769</ele>
      </trkpt>
      <trkpt lat="36.8447198" lon="138.1614725">
        <ele>770</ele>
      </trkpt>
      <trkpt lat="36.8447159" lon="138.1614474">
        <ele>770</ele>
      </trkpt>
      <trkpt lat="36.844712" lon="138.1614224">
        <ele>770</ele>
      </trkpt>
      <trkpt lat="36.8447075" lon="138.1613979">
        <ele>770</ele>
      </trkpt>
      <trkpt lat="36.844703" lon="138.1613735">
        <ele>770</ele>
      </trkpt>
      <trkpt lat="36.8446978" lon="138.1613491">
        <ele>771</ele>
      </trkpt>
      <trkpt lat="36.8446927" lon="138.1613247">
        <ele>771</ele>
      </trkpt>
      <trkpt lat="36.8446861" lon="138.1612989">
        <ele>771</ele>
      </trkpt>
      <trkpt lat="36.8446795" lon="138.1612731">
        <ele>771</ele>
      </trkpt>
      <trkpt lat="36.8446717" lon="138.1612463">
        <ele>771</ele>
      </trkpt>
      <trkpt lat="36.844664" lon="138.1612195">
        <ele>771</ele>
      </trkpt>
      <trkpt lat="36.8446562" lon="138.161193">
        <ele>771</ele>
      </trkpt>
      <trkpt lat="36.8446484" lon="138.1611665">
        <ele>771</ele>
      </trkpt>
      <trkpt lat="36.8446417" lon="138.1611407">
        <ele>771</ele>
      </trkpt>
      <trkpt lat="36.844635" lon="138.161115">
        <ele>771</ele>
      </trkpt>
      <trkpt lat="36.8446306" lon="138.161089">
        <ele>771</ele>
      </trkpt>
      <trkpt lat="36.8446262" lon="138.161063">
        <ele>771</ele>
      </trkpt>
      <trkpt lat="36.8446248" lon="138.1610361">
        <ele>771</ele>
      </trkpt>
      <trkpt lat="36.8446235" lon="138.1610093">
        <ele>771</ele>
      </trkpt>
      <trkpt lat="36.8446234" lon="138.1609812">
        <ele>771</ele>
      </trkpt>
      <trkpt lat="36.8446234" lon="138.1609532">
        <ele>771</ele>
      </trkpt>
      <trkpt lat="36.8446235" lon="138.1609245">
        <ele>771</ele>
      </trkpt>
      <trkpt lat="36.8446237" lon="138.1608958">
        <ele>771</ele>
      </trkpt>
      <trkpt lat="36.8446247" lon="138.1608669">
        <ele>771</ele>
      </trkpt>
      <trkpt lat="36.8446258" lon="138.1608381">
        <ele>771</ele>
      </trkpt>
      <trkpt lat="36.844627" lon="138.160809">
        <ele>771</ele>
      </trkpt>
      <trkpt lat="36.8446282" lon="138.16078">
        <ele>771</ele>
      </trkpt>
      <trkpt lat="36.8446297" lon="138.1607522">
        <ele>771</ele>
      </trkpt>
      <trkpt lat="36.8446312" lon="138.1607244">
        <ele>771</ele>
      </trkpt>
      <trkpt lat="36.8446328" lon="138.1606989">
        <ele>771</ele>
      </trkpt>
      <trkpt lat="36.8446344" lon="138.1606735">
        <ele>771</ele>
      </trkpt>
      <trkpt lat="36.8446361" lon="138.1606492">
        <ele>771</ele>
      </trkpt>
      <trkpt lat="36.8446379" lon="138.1606249">
        <ele>771</ele>
      </trkpt>
      <trkpt lat="36.8446399" lon="138.1606005">
        <ele>772</ele>
      </trkpt>
      <trkpt lat="36.8446419" lon="138.1605762">
        <ele>772</ele>
      </trkpt>
      <trkpt lat="36.8446433" lon="138.1605514">
        <ele>773</ele>
      </trkpt>
      <trkpt lat="36.8446448" lon="138.1605266">
        <ele>773</ele>
      </trkpt>
      <trkpt lat="36.8446459" lon="138.1605011">
        <ele>773</ele>
      </trkpt>
      <trkpt lat="36.844647" lon="138.1604757">
        <ele>773</ele>
      </trkpt>
      <trkpt lat="36.844649" lon="138.1604497">
        <ele>773</ele>
      </trkpt>
      <trkpt lat="36.8446511" lon="138.1604237">
        <ele>773</ele>
      </trkpt>
      <trkpt lat="36.8446542" lon="138.1603978">
        <ele>773</ele>
      </trkpt>
      <trkpt lat="36.8446574" lon="138.1603719">
        <ele>773</ele>
      </trkpt>
      <trkpt lat="36.8446616" lon="138.1603453">
        <ele>773</ele>
      </trkpt>
      <trkpt lat="36.8446658" lon="138.1603188">
        <ele>773</ele>
      </trkpt>
      <trkpt lat="36.8446697" lon="138.1602926">
        <ele>774</ele>
      </trkpt>
      <trkpt lat="36.8446737" lon="138.1602664">
        <ele>774</ele>
      </trkpt>
      <trkpt lat="36.8446762" lon="138.1602411">
        <ele>774</ele>
      </trkpt>
      <trkpt lat="36.8446787" lon="138.1602159">
        <ele>774</ele>
      </trkpt>
      <trkpt lat="36.8446806" lon="138.1601913">
        <ele>774</ele>
      </trkpt>
      <trkpt lat="36.8446826" lon="138.1601667">
        <ele>774</ele>
      </trkpt>
      <trkpt lat="36.8446849" lon="138.1601417">
        <ele>774</ele>
      </trkpt>
      <trkpt lat="36.8446873" lon="138.1601168">
        <ele>774</ele>
      </trkpt>
      <trkpt lat="36.84469" lon="138.1600919">
        <ele>774</ele>
      </trkpt>
      <trkpt lat="36.8446927" lon="138.1600671">
        <ele>774</ele>
      </trkpt>
      <trkpt lat="36.8446958" lon="138.1600424">
        <ele>774</ele>
      </trkpt>
      <trkpt lat="36.8446989" lon="138.1600177">
        <ele>774</ele>
      </trkpt>
      <trkpt lat="36.8447028" lon="138.1599932">
        <ele>774</ele>
      </trkpt>
      <trkpt lat="36.8447067" lon="138.1599687">
        <ele>774</ele>
      </trkpt>
      <trkpt lat="36.8447114" lon="138.1599437">
        <ele>774</ele>
      </trkpt>
      <trkpt lat="36.8447162" lon="138.1599187">
        <ele>775</ele>
      </trkpt>
      <trkpt lat="36.8447208" lon="138.1598931">
        <ele>775</ele>
      </trkpt>
      <trkpt lat="36.8447255" lon="138.1598676">
        <ele>775</ele>
      </trkpt>
      <trkpt lat="36.8447294" lon="138.1598414">
        <ele>775</ele>
      </trkpt>
      <trkpt lat="36.8447334" lon="138.1598153">
        <ele>775</ele>
      </trkpt>
      <trkpt lat="36.844737" lon="138.1597886">
        <ele>775</ele>
      </trkpt>
      <trkpt lat="36.8447407" lon="138.159762">
        <ele>775</ele>
      </trkpt>
      <trkpt lat="36.8447431" lon="138.1597353">
        <ele>775</ele>
      </trkpt>
      <trkpt lat="36.8447455" lon="138.1597087">
        <ele>775</ele>
      </trkpt>
      <trkpt lat="36.8447475" lon="138.1596823">
        <ele>775</ele>
      </trkpt>
      <trkpt lat="36.8447495" lon="138.1596559">
        <ele>776</ele>
      </trkpt>
      <trkpt lat="36.8447514" lon="138.15963">
        <ele>776</ele>
      </trkpt>
      <trkpt lat="36.8447534" lon="138.1596042">
        <ele>776</ele>
      </trkpt>
      <trkpt lat="36.8447558" lon="138.1595785">
        <ele>776</ele>
      </trkpt>
      <trkpt lat="36.8447583" lon="138.1595528">
        <ele>776</ele>
      </trkpt>
      <trkpt lat="36.8447615" lon="138.1595271">
        <ele>776</ele>
      </trkpt>
      <trkpt lat="36.8447648" lon="138.1595015">
        <ele>776</ele>
      </trkpt>
      <trkpt lat="36.8447686" lon="138.1594751">
        <ele>776</ele>
      </trkpt>
      <trkpt lat="36.8447725" lon="138.1594488">
        <ele>776</ele>
      </trkpt>
      <trkpt lat="36.8447764" lon="138.1594221">
        <ele>776</ele>
      </trkpt>
      <trkpt lat="36.8447804" lon="138.1593955">
        <ele>777</ele>
      </trkpt>
      <trkpt lat="36.8447835" lon="138.1593689">
        <ele>777</ele>
      </trkpt>
      <trkpt lat="36.8447866" lon="138.1593423">
        <ele>777</ele>
      </trkpt>
      <trkpt lat="36.8447896" lon="138.1593157">
        <ele>777</ele>
      </trkpt>
      <trkpt lat="36.8447927" lon="138.1592892">
        <ele>777</ele>
      </trkpt>
      <trkpt lat="36.8447957" lon="138.1592638">
        <ele>777</ele>
      </trkpt>
      <trkpt lat="36.8447987" lon="138.1592384">
        <ele>777</ele>
      </trkpt>
      <trkpt lat="36.8448014" lon="138.1592145">
        <ele>777</ele>
      </trkpt>
      <trkpt lat="36.8448042" lon="138.1591906">
        <ele>777</ele>
      </trkpt>
      <trkpt lat="36.8448072" lon="138.159168">
        <ele>777</ele>
      </trkpt>
      <trkpt lat="36.8448102" lon="138.1591454">
        <ele>777</ele>
      </trkpt>
      <trkpt lat="36.8448137" lon="138.159123">
        <ele>777</ele>
      </trkpt>
      <trkpt lat="36.8448172" lon="138.1591007">
        <ele>777</ele>
      </trkpt>
      <trkpt lat="36.8448206" lon="138.1590768">
        <ele>777</ele>
      </trkpt>
      <trkpt lat="36.844824" lon="138.159053">
        <ele>777</ele>
      </trkpt>
      <trkpt lat="36.8448274" lon="138.1590269">
        <ele>777</ele>
      </trkpt>
      <trkpt lat="36.8448309" lon="138.1590008">
        <ele>777</ele>
      </trkpt>
      <trkpt lat="36.8448344" lon="138.1589743">
        <ele>777</ele>
      </trkpt>
      <trkpt lat="36.8448379" lon="138.1589479">
        <ele>777</ele>
      </trkpt>
      <trkpt lat="36.844841" lon="138.1589226">
        <ele>777</ele>
      </trkpt>
      <trkpt lat="36.8448441" lon="138.1588974">
        <ele>778</ele>
      </trkpt>
      <trkpt lat="36.8448467" lon="138.1588736">
        <ele>778</ele>
      </trkpt>
      <trkpt lat="36.8448493" lon="138.1588498">
        <ele>778</ele>
      </trkpt>
      <trkpt lat="36.844852" lon="138.158827">
        <ele>778</ele>
      </trkpt>
      <trkpt lat="36.8448547" lon="138.1588043">
        <ele>778</ele>
      </trkpt>
      <trkpt lat="36.8448579" lon="138.1587819">
        <ele>778</ele>
      </trkpt>
      <trkpt lat="36.8448611" lon="138.1587595">
        <ele>778</ele>
      </trkpt>
      <trkpt lat="36.8448654" lon="138.1587368">
        <ele>778</ele>
      </trkpt>
      <trkpt lat="36.8448698" lon="138.1587141">
        <ele>778</ele>
      </trkpt>
      <trkpt lat="36.8448741" lon="138.158691">
        <ele>778</ele>
      </trkpt>
      <trkpt lat="36.8448784" lon="138.158668">
        <ele>779</ele>
      </trkpt>
      <trkpt lat="36.8448818" lon="138.1586446">
        <ele>779</ele>
      </trkpt>
      <trkpt lat="36.8448852" lon="138.1586213">
        <ele>779</ele>
      </trkpt>
      <trkpt lat="36.8448885" lon="138.1585972">
        <ele>780</ele>
      </trkpt>
      <trkpt lat="36.8448919" lon="138.1585731">
        <ele>780</ele>
      </trkpt>
      <trkpt lat="36.844895" lon="138.158549">
        <ele>781</ele>
      </trkpt>
      <trkpt lat="36.8448982" lon="138.158525">
        <ele>781</ele>
      </trkpt>
      <trkpt lat="36.8449003" lon="138.1585002">
        <ele>781</ele>
      </trkpt>
      <trkpt lat="36.8449025" lon="138.1584754">
        <ele>781</ele>
      </trkpt>
      <trkpt lat="36.844905" lon="138.1584487">
        <ele>781</ele>
      </trkpt>
      <trkpt lat="36.8449076" lon="138.158422">
        <ele>781</ele>
      </trkpt>
      <trkpt lat="36.8449113" lon="138.1583926">
        <ele>781</ele>
      </trkpt>
      <trkpt lat="36.8449151" lon="138.1583632">
        <ele>781</ele>
      </trkpt>
      <trkpt lat="36.8449195" lon="138.1583322">
        <ele>781</ele>
      </trkpt>
      <trkpt lat="36.8449239" lon="138.1583012">
        <ele>781</ele>
      </trkpt>
      <trkpt lat="36.8449291" lon="138.1582711">
        <ele>781</ele>
      </trkpt>
      <trkpt lat="36.8449344" lon="138.158241">
        <ele>781</ele>
      </trkpt>
      <trkpt lat="36.8449391" lon="138.1582125">
        <ele>781</ele>
      </trkpt>
      <trkpt lat="36.8449438" lon="138.1581841">
        <ele>781</ele>
      </trkpt>
      <trkpt lat="36.8449473" lon="138.1581573">
        <ele>781</ele>
      </trkpt>
      <trkpt lat="36.8449508" lon="138.1581306">
        <ele>781</ele>
      </trkpt>
      <trkpt lat="36.8449538" lon="138.158105">
        <ele>781</ele>
      </trkpt>
      <trkpt lat="36.8449568" lon="138.1580794">
        <ele>781</ele>
      </trkpt>
      <trkpt lat="36.8449599" lon="138.1580537">
        <ele>781</ele>
      </trkpt>
      <trkpt lat="36.8449631" lon="138.1580281">
        <ele>781</ele>
      </trkpt>
      <trkpt lat="36.8449667" lon="138.1580025">
        <ele>782</ele>
      </trkpt>
      <trkpt lat="36.8449704" lon="138.1579769">
        <ele>782</ele>
      </trkpt>
      <trkpt lat="36.8449741" lon="138.1579523">
        <ele>782</ele>
      </trkpt>
      <trkpt lat="36.8449778" lon="138.1579277">
        <ele>782</ele>
      </trkpt>
      <trkpt lat="36.8449778" lon="138.1579277">
        <ele>690.3098274425585</ele>
      </trkpt>
      <trkpt lat="36.845085441779524" lon="138.1573821441309">
        <ele>690.4044216174175</ele>
      </trkpt>
      <trkpt lat="36.845193083559046" lon="138.1568365882618">
        <ele>693.0129839406934</ele>
      </trkpt>
      <trkpt lat="36.84525922773439" lon="138.15650135278702">
        <ele>694.1007812500006</ele>
      </trkpt>
      <trkpt lat="36.845412446907616" lon="138.1559730837079">
        <ele>695.6448551683662</ele>
      </trkpt>
      <trkpt lat="36.845553292059876" lon="138.1554874777794">
        <ele>697.9522460937502</ele>
      </trkpt>
      <trkpt lat="36.845553292059876" lon="138.1554874777794">
        <ele>697.9522460937502</ele>
      </trkpt>
      <trkpt lat="36.845717606762705" lon="138.15496443891368">
        <ele>697.668647084596</ele>
      </trkpt>
      <trkpt lat="36.84588192146554" lon="138.15444140004794">
        <ele>701.0361229936825</ele>
      </trkpt>
      <trkpt lat="36.84604623616837" lon="138.15391836118224">
        <ele>706.0431040097818</ele>
      </trkpt>
      <trkpt lat="36.84607487782601" lon="138.15382719039917">
        <ele>707.150000000001</ele>
      </trkpt>
      <trkpt lat="36.84607487782601" lon="138.15382719039917">
        <ele>707.150000000001</ele>
      </trkpt>
      <trkpt lat="36.846212306859904" lon="138.15329217603784">
        <ele>709.8645613140579</ele>
      </trkpt>
      <trkpt lat="36.8462981068609" lon="138.15295815467834">
        <ele>710.7968750006316</ele>
      </trkpt>
      <trkpt lat="36.84640320437597" lon="138.15241181556013">
        <ele>707.6538434420681</ele>
      </trkpt>
      <trkpt lat="36.84650830189103" lon="138.15186547644188">
        <ele>707.7775895056011</ele>
      </trkpt>
      <trkpt lat="36.84651274954905" lon="138.15184235572815">
        <ele>707.7921875000013</ele>
      </trkpt>
      <trkpt lat="36.846772309511834" lon="138.15138351710436">
        <ele>710.6164835660493</ele>
      </trkpt>
      <trkpt lat="36.846864762253205" lon="138.1512200832367">
        <ele>711.8375000000012</ele>
      </trkpt>
      <trkpt lat="36.84713091712432" lon="138.1508445739746">
        <ele>715.1875000000011</ele>
      </trkpt>
      <trkpt lat="36.847433391295205" lon="138.1504287916632">
        <ele>719.3328432500372</ele>
      </trkpt>
      <trkpt lat="36.84773586546609" lon="138.15001300935177">
        <ele>727.7732353982669</ele>
      </trkpt>
      <trkpt lat="36.84803833963698" lon="138.14959722704035">
        <ele>731.981876030806</ele>
      </trkpt>
      <trkpt lat="36.848340813807866" lon="138.14918144472895">
        <ele>729.8015808651521</ele>
      </trkpt>
      <trkpt lat="36.84864328797875" lon="138.14876566241753">
        <ele>727.870739338767</ele>
      </trkpt>
      <trkpt lat="36.84867631419657" lon="138.14872026443481">
        <ele>727.7781250000006</ele>
      </trkpt>
      <trkpt lat="36.848977829186175" lon="138.1483033891923">
        <ele>729.0491477196334</ele>
      </trkpt>
      <trkpt lat="36.84927934417579" lon="138.14788651394977">
        <ele>729.8538796952938</ele>
      </trkpt>
      <trkpt lat="36.849483342474" lon="138.14760446548462">
        <ele>734.0218750006932</ele>
      </trkpt>
      <trkpt lat="36.84958908065765" lon="138.1470582969895">
        <ele>737.1628970427412</ele>
      </trkpt>
      <trkpt lat="36.84961212279393" lon="138.14693927764893">
        <ele>737.2500000000009</ele>
      </trkpt>
      <trkpt lat="36.84956061069198" lon="138.1463921070099">
        <ele>735.5593750000003</ele>
      </trkpt>
      <trkpt lat="36.8494582548294" lon="138.14584493364927">
        <ele>738.7313528791547</ele>
      </trkpt>
      <trkpt lat="36.84940607417791" lon="138.1455659866333">
        <ele>740.4500000000007</ele>
      </trkpt>
      <trkpt lat="36.849224785811074" lon="138.145051758402">
        <ele>739.2328043062406</ele>
      </trkpt>
      <trkpt lat="36.84904349744425" lon="138.14453753017068">
        <ele>740.6112740936863</ele>
      </trkpt>
      <trkpt lat="36.84886220907742" lon="138.14402330193937">
        <ele>742.217054141552</ele>
      </trkpt>
      <trkpt lat="36.848680920710585" lon="138.14350907370806">
        <ele>745.4094696130005</ele>
      </trkpt>
      <trkpt lat="36.84849963234376" lon="138.14299484547675">
        <ele>749.5244079272571</ele>
      </trkpt>
      <trkpt lat="36.848324309832904" lon="138.14249753952026">
        <ele>750.3312500000003</ele>
      </trkpt>
      <trkpt lat="36.84813587605662" lon="138.1419873434585">
        <ele>752.7664252853381</ele>
      </trkpt>
      <trkpt lat="36.847947442280336" lon="138.14147714739678">
        <ele>753.5402242186019</ele>
      </trkpt>
      <trkpt lat="36.84791220510391" lon="138.14138174057007">
        <ele>753.9500000002806</ele>
      </trkpt>
      <trkpt lat="36.84791220510391" lon="138.14138174057007">
        <ele>753.9500000002806</ele>
      </trkpt>
      <trkpt lat="36.848041838693185" lon="138.14084368364695">
        <ele>761.4758597895772</ele>
      </trkpt>
      <trkpt lat="36.84815259979909" lon="138.14038395881653">
        <ele>767.4250000000009</ele>
      </trkpt>
      <trkpt lat="36.8483496756364" lon="138.13987888527177">
        <ele>771.2490172221333</ele>
      </trkpt>
      <trkpt lat="36.848546751473705" lon="138.139373811727">
        <ele>771.8710635505158</ele>
      </trkpt>
      <trkpt lat="36.848663" lon="138.139089">
        <ele>777.86</ele>
      </trkpt>
      <trkpt lat="36.848735" lon="138.138982">
        <ele>781.02</ele>
      </trkpt>
      <trkpt lat="36.848819" lon="138.138899">
        <ele>784.01</ele>
      </trkpt>
      <trkpt lat="36.84883" lon="138.138847">
        <ele>785.07</ele>
      </trkpt>
      <trkpt lat="36.84882" lon="138.138747">
        <ele>787.51</ele>
      </trkpt>
      <trkpt lat="36.84868" lon="138.138592">
        <ele>789.5</ele>
      </trkpt>
      <trkpt lat="36.848631" lon="138.138554">
        <ele>790.77</ele>
      </trkpt>
      <trkpt lat="36.848629" lon="138.138552">
        <ele>790.82</ele>
      </trkpt>
      <trkpt lat="36.848235" lon="138.138267">
        <ele>821.8</ele>
      </trkpt>
      <trkpt lat="36.84833" lon="138.138044">
        <ele>823.3</ele>
      </trkpt>
      <trkpt lat="36.848358" lon="138.137981">
        <ele>823.19</ele>
      </trkpt>
      <trkpt lat="36.84845" lon="138.137761">
        <ele>822.36</ele>
      </trkpt>
      <trkpt lat="36.848477" lon="138.137708">
        <ele>821.89</ele>
      </trkpt>
      <trkpt lat="36.848374" lon="138.137638">
        <ele>829.24</ele>
      </trkpt>
      <trkpt lat="36.848407" lon="138.137591">
        <ele>828.33</ele>
      </trkpt>
      <trkpt lat="36.848478" lon="138.137487">
        <ele>826.35</ele>
      </trkpt>
      <trkpt lat="36.848674" lon="138.137109">
        <ele>822.98</ele>
      </trkpt>
      <trkpt lat="36.848808" lon="138.136628">
        <ele>824.05</ele>
      </trkpt>
      <trkpt lat="36.848857" lon="138.136208">
        <ele>827.15</ele>
      </trkpt>
      <trkpt lat="36.848767" lon="138.135702">
        <ele>837.29</ele>
      </trkpt>
      <trkpt lat="36.848627" lon="138.135485">
        <ele>846.84</ele>
      </trkpt>
      <trkpt lat="36.848625" lon="138.135249">
        <ele>852.65</ele>
      </trkpt>
      <trkpt lat="36.848686" lon="138.134984">
        <ele>855.71</ele>
      </trkpt>
      <trkpt lat="36.848896" lon="138.134643">
        <ele>852.84</ele>
      </trkpt>
      <trkpt lat="36.84891" lon="138.134506">
        <ele>856.82</ele>
      </trkpt>
      <trkpt lat="36.848967" lon="138.134437">
        <ele>856.14</ele>
      </trkpt>
      <trkpt lat="36.849152" lon="138.134166">
        <ele>855.75</ele>
      </trkpt>
      <trkpt lat="36.849151" lon="138.134169">
        <ele>855.75</ele>
      </trkpt>
      <trkpt lat="36.84913" lon="138.133987">
        <ele>863.22</ele>
      </trkpt>
      <trkpt lat="36.849223" lon="138.13384">
        <ele>863.83</ele>
      </trkpt>
      <trkpt lat="36.849268" lon="138.133526">
        <ele>877.79</ele>
      </trkpt>
      <trkpt lat="36.849327" lon="138.13336">
        <ele>883.3</ele>
      </trkpt>
      <trkpt lat="36.849368" lon="138.133125">
        <ele>893.3</ele>
      </trkpt>
      <trkpt lat="36.849207" lon="138.132792">
        <ele>922.11</ele>
      </trkpt>
      <trkpt lat="36.84904" lon="138.132796">
        <ele>930.58</ele>
      </trkpt>
      <trkpt lat="36.848961" lon="138.132687">
        <ele>941.82</ele>
      </trkpt>
      <trkpt lat="36.848854" lon="138.132644">
        <ele>950.29</ele>
      </trkpt>
      <trkpt lat="36.848832" lon="138.132635">
        <ele>951.99</ele>
      </trkpt>
      <trkpt lat="36.848744" lon="138.132785">
        <ele>947.01</ele>
      </trkpt>
      <trkpt lat="36.848474" lon="138.133031">
        <ele>947.58</ele>
      </trkpt>
      <trkpt lat="36.848251" lon="138.133118">
        <ele>957.66</ele>
      </trkpt>
      <trkpt lat="36.848164" lon="138.133384">
        <ele>949.16</ele>
      </trkpt>
      <trkpt lat="36.848051" lon="138.133624">
        <ele>943.72</ele>
      </trkpt>
      <trkpt lat="36.847528" lon="138.134614">
        <ele>941.72</ele>
      </trkpt>
      <trkpt lat="36.847512" lon="138.13467">
        <ele>940.76</ele>
      </trkpt>
      <trkpt lat="36.84746" lon="138.134768">
        <ele>942.05</ele>
      </trkpt>
      <trkpt lat="36.847162" lon="138.135559">
        <ele>945.56</ele>
      </trkpt>
      <trkpt lat="36.847112" lon="138.135756">
        <ele>945.32</ele>
      </trkpt>
      <trkpt lat="36.84706" lon="138.136106">
        <ele>942.06</ele>
      </trkpt>
      <trkpt lat="36.846925" lon="138.13675">
        <ele>938.9</ele>
      </trkpt>
      <trkpt lat="36.846863" lon="138.136911">
        <ele>939.88</ele>
      </trkpt>
      <trkpt lat="36.84674" lon="138.137296">
        <ele>939.79</ele>
      </trkpt>
      <trkpt lat="36.846723" lon="138.137394">
        <ele>938.84</ele>
      </trkpt>
      <trkpt lat="36.846728" lon="138.137773">
        <ele>930.88</ele>
      </trkpt>
      <trkpt lat="36.846743" lon="138.138111">
        <ele>922.11</ele>
      </trkpt>
      <trkpt lat="36.84661" lon="138.138501">
        <ele>914.32</ele>
      </trkpt>
      <trkpt lat="36.84651" lon="138.138725">
        <ele>910.17</ele>
      </trkpt>
      <trkpt lat="36.846323" lon="138.139005">
        <ele>905.97</ele>
      </trkpt>
      <trkpt lat="36.846075" lon="138.139334">
        <ele>900.63</ele>
      </trkpt>
      <trkpt lat="36.845874" lon="138.139664">
        <ele>891.32</ele>
      </trkpt>
      <trkpt lat="36.845857" lon="138.139678">
        <ele>891.09</ele>
      </trkpt>
      <trkpt lat="36.845862" lon="138.139719">
        <ele>889.28</ele>
      </trkpt>
      <trkpt lat="36.845851" lon="138.140007">
        <ele>878.71</ele>
      </trkpt>
      <trkpt lat="36.84584" lon="138.140021">
        <ele>878.46</ele>
      </trkpt>
      <trkpt lat="36.845844" lon="138.14017">
        <ele>872.74</ele>
      </trkpt>
      <trkpt lat="36.845845" lon="138.140216">
        <ele>870.98</ele>
      </trkpt>
      <trkpt lat="36.845812" lon="138.140419">
        <ele>864.06</ele>
      </trkpt>
      <trkpt lat="36.845721" lon="138.140797">
        <ele>855.67</ele>
      </trkpt>
      <trkpt lat="36.845648" lon="138.141057">
        <ele>851.1</ele>
      </trkpt>
      <trkpt lat="36.845648" lon="138.141625">
        <ele>841.36</ele>
      </trkpt>
      <trkpt lat="36.845637" lon="138.141785">
        <ele>839.96</ele>
      </trkpt>
      <trkpt lat="36.845626" lon="138.141807">
        <ele>839.93</ele>
      </trkpt>
      <trkpt lat="36.84562" lon="138.141982">
        <ele>838.25</ele>
      </trkpt>
      <trkpt lat="36.84575" lon="138.142023">
        <ele>835.68</ele>
      </trkpt>
      <trkpt lat="36.845902" lon="138.141995">
        <ele>833.4</ele>
      </trkpt>
      <trkpt lat="36.845992" lon="138.141947">
        <ele>832.29</ele>
      </trkpt>
      <trkpt lat="36.846082" lon="138.141947">
        <ele>830.76</ele>
      </trkpt>
      <trkpt lat="36.846155" lon="138.142002">
        <ele>828.94</ele>
      </trkpt>
      <trkpt lat="36.846194" lon="138.142052">
        <ele>827.43</ele>
      </trkpt>
      <trkpt lat="36.846194" lon="138.142275">
        <ele>825.75</ele>
      </trkpt>
      <trkpt lat="36.846093" lon="138.142758">
        <ele>823.79</ele>
      </trkpt>
      <trkpt lat="36.846093" lon="138.142962">
        <ele>822</ele>
      </trkpt>
      <trkpt lat="36.846116" lon="138.143032">
        <ele>821.13</ele>
      </trkpt>
      <trkpt lat="36.846346" lon="138.143283">
        <ele>813.61</ele>
      </trkpt>
      <trkpt lat="36.846622" lon="138.143558">
        <ele>805.78</ele>
      </trkpt>
      <trkpt lat="36.846735" lon="138.143642">
        <ele>803.19</ele>
      </trkpt>
      <trkpt lat="36.846835" lon="138.143754">
        <ele>800.75</ele>
      </trkpt>
      <trkpt lat="36.846908" lon="138.143852">
        <ele>798.99</ele>
      </trkpt>
      <trkpt lat="36.847021" lon="138.143964">
        <ele>795.74</ele>
      </trkpt>
      <trkpt lat="36.847275" lon="138.144181">
        <ele>789.1</ele>
      </trkpt>
      <trkpt lat="36.84741" lon="138.144349">
        <ele>787.31</ele>
      </trkpt>
      <trkpt lat="36.847179" lon="138.144622">
        <ele>789.7</ele>
      </trkpt>
      <trkpt lat="36.847151" lon="138.144643">
        <ele>789.76</ele>
      </trkpt>
      <trkpt lat="36.847533" lon="138.145344">
        <ele>781.06</ele>
      </trkpt>
      <trkpt lat="36.847573" lon="138.145449">
        <ele>779.3</ele>
      </trkpt>
      <trkpt lat="36.84759" lon="138.146037">
        <ele>775.28</ele>
      </trkpt>
      <trkpt lat="36.847635" lon="138.146156">
        <ele>773.6</ele>
      </trkpt>
      <trkpt lat="36.847804" lon="138.146527">
        <ele>768.52</ele>
      </trkpt>
      <trkpt lat="36.847849" lon="138.146611">
        <ele>767.95</ele>
      </trkpt>
      <trkpt lat="36.847894" lon="138.14673">
        <ele>767.58</ele>
      </trkpt>
      <trkpt lat="36.847922" lon="138.146864">
        <ele>767.58</ele>
      </trkpt>
      <trkpt lat="36.847922" lon="138.147536">
        <ele>765.31</ele>
      </trkpt>
      <trkpt lat="36.848001" lon="138.148005">
        <ele>760.48</ele>
      </trkpt>
      <trkpt lat="36.84799" lon="138.148124">
        <ele>758.47</ele>
      </trkpt>
      <trkpt lat="36.847849" lon="138.148397">
        <ele>754.42</ele>
      </trkpt>
      <trkpt lat="36.847574" lon="138.148846">
        <ele>749.77</ele>
      </trkpt>
      <trkpt lat="36.847551" lon="138.148894">
        <ele>748.7</ele>
      </trkpt>
      <trkpt lat="36.847467" lon="138.148971">
        <ele>747.27</ele>
      </trkpt>
      <trkpt lat="36.84669" lon="138.149595">
        <ele>736.69</ele>
      </trkpt>
      <trkpt lat="36.846578" lon="138.14977">
        <ele>733.92</ele>
      </trkpt>
      <trkpt lat="36.846471" lon="138.149959">
        <ele>732.42</ele>
      </trkpt>
      <trkpt lat="36.846324" lon="138.15026">
        <ele>729.37</ele>
      </trkpt>
      <trkpt lat="36.846195" lon="138.150421">
        <ele>728.2</ele>
      </trkpt>
      <trkpt lat="36.846133" lon="138.150511">
        <ele>727.55</ele>
      </trkpt>
      <trkpt lat="36.846111" lon="138.150661">
        <ele>726.47</ele>
      </trkpt>
      <trkpt lat="36.846081" lon="138.15103">
        <ele>723.04</ele>
      </trkpt>
      <trkpt lat="36.846005" lon="138.1516">
        <ele>718.83</ele>
      </trkpt>
      <trkpt lat="36.84593" lon="138.152038">
        <ele>715.71</ele>
      </trkpt>
      <trkpt lat="36.845846" lon="138.152339">
        <ele>713.7</ele>
      </trkpt>
      <trkpt lat="36.845264" lon="138.153743">
        <ele>706.4</ele>
      </trkpt>
      <trkpt lat="36.84522" lon="138.154097">
        <ele>706.27</ele>
      </trkpt>
      <trkpt lat="36.84521" lon="138.154704">
        <ele>705.89</ele>
      </trkpt>
      <trkpt lat="36.845128" lon="138.155263">
        <ele>705.54</ele>
      </trkpt>
      <trkpt lat="36.845116" lon="138.155348">
        <ele>705.49</ele>
      </trkpt>
      <trkpt lat="36.845165" lon="138.155354">
        <ele>704.21</ele>
      </trkpt>
      <trkpt lat="36.845526" lon="138.155485">
        <ele>700.35</ele>
      </trkpt>
      <trkpt lat="36.845554" lon="138.155495">
        <ele>700.35</ele>
      </trkpt>
      <trkpt lat="36.845358" lon="138.156085">
        <ele>696.32</ele>
      </trkpt>
      <trkpt lat="36.845164" lon="138.156878">
        <ele>694.12</ele>
      </trkpt>
      <trkpt lat="36.845061" lon="138.15752">
        <ele>693.48</ele>
      </trkpt>
      <trkpt lat="36.84481" lon="138.159228">
        <ele>690</ele>
      </trkpt>
      <trkpt lat="36.84467" lon="138.16039">
        <ele>684.56</ele>
      </trkpt>
      <trkpt lat="36.84466" lon="138.160814">
        <ele>684.15</ele>
      </trkpt>
      <trkpt lat="36.844657" lon="138.160944">
        <ele>684.02</ele>
      </trkpt>
      <trkpt lat="36.844693" lon="138.161209">
        <ele>684.62</ele>
      </trkpt>
      <trkpt lat="36.84474" lon="138.161455">
        <ele>685.64</ele>
      </trkpt>
      <trkpt lat="36.844744" lon="138.161536">
        <ele>685.83</ele>
      </trkpt>
      <trkpt lat="36.844637" lon="138.161991">
        <ele>685.89</ele>
      </trkpt>
      <trkpt lat="36.844685" lon="138.163174">
        <ele>684.08</ele>
      </trkpt>
      <trkpt lat="36.844718" lon="138.16374">
        <ele>679.94</ele>
      </trkpt>
      <trkpt lat="36.844771" lon="138.164634">
        <ele>673.41</ele>
      </trkpt>
      <trkpt lat="36.844805" lon="138.165599">
        <ele>670.37</ele>
      </trkpt>
      <trkpt lat="36.844823" lon="138.165644">
        <ele>669.2118228442042</ele>
      </trkpt>
      <trkpt lat="36.844919582094036" lon="138.16619277769823">
        <ele>664.2711631092257</ele>
      </trkpt>
      <trkpt lat="36.84501616418808" lon="138.16674155539647">
        <ele>661.3651103117498</ele>
      </trkpt>
      <trkpt lat="36.84511274628212" lon="138.1672903330947">
        <ele>658.6466395585785</ele>
      </trkpt>
      <trkpt lat="36.84513473300767" lon="138.16741526126862">
        <ele>658.0750000000011</ele>
      </trkpt>
      <trkpt lat="36.845289339725944" lon="138.16794289859837">
        <ele>656.3761242725241</ele>
      </trkpt>
      <trkpt lat="36.84544394644421" lon="138.1684705359281">
        <ele>656.0372016401906</ele>
      </trkpt>
      <trkpt lat="36.84559855316249" lon="138.16899817325785">
        <ele>653.4495011142603</ele>
      </trkpt>
      <trkpt lat="36.845645589388724" lon="138.1691586971283">
        <ele>652.7312500003792</ele>
      </trkpt>
      <trkpt lat="36.84569" lon="138.169124">
        <ele>659.26</ele>
      </trkpt>
      <trkpt lat="36.846127" lon="138.169655">
        <ele>656.34</ele>
      </trkpt>
      <trkpt lat="36.846591" lon="138.170062">
        <ele>655.07</ele>
      </trkpt>
      <trkpt lat="36.84715" lon="138.170486">
        <ele>650.82</ele>
      </trkpt>
      <trkpt lat="36.847456" lon="138.170821">
        <ele>650.86</ele>
      </trkpt>
      <trkpt lat="36.847468" lon="138.170847">
        <ele>650.79</ele>
      </trkpt>
      <trkpt lat="36.84763" lon="138.171197">
        <ele>649.92</ele>
      </trkpt>
      <trkpt lat="36.847769" lon="138.17158">
        <ele>648.63</ele>
      </trkpt>
      <trkpt lat="36.847832" lon="138.172057">
        <ele>648.31</ele>
      </trkpt>
      <trkpt lat="36.847826" lon="138.172769">
        <ele>648.89</ele>
      </trkpt>
      <trkpt lat="36.847771" lon="138.173181">
        <ele>649.15</ele>
      </trkpt>
      <trkpt lat="36.847606" lon="138.17378">
        <ele>647.26</ele>
      </trkpt>
      <trkpt lat="36.847589" lon="138.173912">
        <ele>646.78</ele>
      </trkpt>
      <trkpt lat="36.847552" lon="138.174204">
        <ele>645.71</ele>
      </trkpt>
      <trkpt lat="36.847505" lon="138.17494">
        <ele>640.96</ele>
      </trkpt>
      <trkpt lat="36.847564" lon="138.175272">
        <ele>637.29</ele>
      </trkpt>
      <trkpt lat="36.847789" lon="138.175679">
        <ele>635.94</ele>
      </trkpt>
      <trkpt lat="36.847999" lon="138.175906">
        <ele>640.99</ele>
      </trkpt>
      <trkpt lat="36.84807" lon="138.175984">
        <ele>642.72</ele>
      </trkpt>
      <trkpt lat="36.848316" lon="138.176146">
        <ele>646.06</ele>
      </trkpt>
      <trkpt lat="36.848671" lon="138.176276">
        <ele>648.76</ele>
      </trkpt>
      <trkpt lat="36.848905" lon="138.176244">
        <ele>651.14</ele>
      </trkpt>
      <trkpt lat="36.849591" lon="138.176239">
        <ele>653.22</ele>
      </trkpt>
      <trkpt lat="36.850053" lon="138.17626">
        <ele>646.41</ele>
      </trkpt>
      <trkpt lat="36.850821" lon="138.17628">
        <ele>646.55</ele>
      </trkpt>
      <trkpt lat="36.851251" lon="138.17643">
        <ele>647.54</ele>
      </trkpt>
      <trkpt lat="36.851546" lon="138.176647">
        <ele>651.48</ele>
      </trkpt>
      <trkpt lat="36.851765" lon="138.176859">
        <ele>650.55</ele>
      </trkpt>
      <trkpt lat="36.851938" lon="138.177159">
        <ele>641.77</ele>
      </trkpt>
      <trkpt lat="36.852121" lon="138.177712">
        <ele>639.11</ele>
      </trkpt>
      <trkpt lat="36.852309" lon="138.177898">
        <ele>646.39</ele>
      </trkpt>
      <trkpt lat="36.852357" lon="138.178868">
        <ele>631.3</ele>
      </trkpt>
      <trkpt lat="36.85236" lon="138.179332">
        <ele>625.05</ele>
      </trkpt>
      <trkpt lat="36.852051" lon="138.179954">
        <ele>610.88</ele>
      </trkpt>
      <trkpt lat="36.851811" lon="138.180898">
        <ele>612.9</ele>
      </trkpt>
      <trkpt lat="36.851862" lon="138.181714">
        <ele>613.71</ele>
      </trkpt>
      <trkpt lat="36.851999" lon="138.181939">
        <ele>611.21</ele>
      </trkpt>
      <trkpt lat="36.852343" lon="138.182508">
        <ele>604.91</ele>
      </trkpt>
      <trkpt lat="36.852764" lon="138.183168">
        <ele>602.39</ele>
      </trkpt>
      <trkpt lat="36.85315" lon="138.183774">
        <ele>600.08</ele>
      </trkpt>
      <trkpt lat="36.853156" lon="138.183825">
        <ele>599.82</ele>
      </trkpt>
      <trkpt lat="36.853306" lon="138.185191">
        <ele>592.78</ele>
      </trkpt>
      <trkpt lat="36.853342" lon="138.185335">
        <ele>591.75</ele>
      </trkpt>
      <trkpt lat="36.853447" lon="138.185539">
        <ele>588.75</ele>
      </trkpt>
      <trkpt lat="36.853548" lon="138.185665">
        <ele>587.14</ele>
      </trkpt>
      <trkpt lat="36.853635" lon="138.185732">
        <ele>585.61</ele>
      </trkpt>
      <trkpt lat="36.85369" lon="138.185789">
        <ele>587.31</ele>
      </trkpt>
      <trkpt lat="36.853899" lon="138.186127">
        <ele>596.08</ele>
      </trkpt>
      <trkpt lat="36.853924" lon="138.186379">
        <ele>598.51</ele>
      </trkpt>
      <trkpt lat="36.853955" lon="138.186511">
        <ele>599.94</ele>
      </trkpt>
      <trkpt lat="36.853965" lon="138.186552">
        <ele>600.38</ele>
      </trkpt>
      <trkpt lat="36.854063" lon="138.18821">
        <ele>588.61</ele>
      </trkpt>
      <trkpt lat="36.854037" lon="138.188382">
        <ele>587.23</ele>
      </trkpt>
      <trkpt lat="36.854015" lon="138.188437">
        <ele>586.75</ele>
      </trkpt>
      <trkpt lat="36.853991" lon="138.188498">
        <ele>586.22</ele>
      </trkpt>
      <trkpt lat="36.853971" lon="138.188602">
        <ele>585.33</ele>
      </trkpt>
      <trkpt lat="36.853957" lon="138.188695">
        <ele>584.53</ele>
      </trkpt>
      <trkpt lat="36.853963" lon="138.188758">
        <ele>584.04</ele>
      </trkpt>
      <trkpt lat="36.85403" lon="138.189027">
        <ele>582.28</ele>
      </trkpt>
      <trkpt lat="36.85417" lon="138.189418">
        <ele>580.86</ele>
      </trkpt>
      <trkpt lat="36.854214" lon="138.189446">
        <ele>591.146896670082</ele>
      </trkpt>
      <trkpt lat="36.854214" lon="138.189446">
        <ele>591.146896670082</ele>
      </trkpt>
      <trkpt lat="36.85436530223372" lon="138.18997519264914">
        <ele>582.7889450809921</ele>
      </trkpt>
      <trkpt lat="36.85437684212816" lon="138.1900155544281">
        <ele>582.448437500001</ele>
      </trkpt>
      <trkpt lat="36.854411662320366" lon="138.19057582833963">
        <ele>576.8191926897719</ele>
      </trkpt>
      <trkpt lat="36.85444552059593" lon="138.19112062454224">
        <ele>571.6031250000008</ele>
      </trkpt>
      <trkpt lat="36.854480543578575" lon="138.191680879278">
        <ele>567.5760136052269</ele>
      </trkpt>
      <trkpt lat="36.85451556656121" lon="138.19224113401378">
        <ele>566.2369475094604</ele>
      </trkpt>
      <trkpt lat="36.85453136859387" lon="138.19249391555786">
        <ele>566.2093750000006</ele>
      </trkpt>
      <trkpt lat="36.85453136859387" lon="138.19249391555786">
        <ele>566.2093750000006</ele>
      </trkpt>
      <trkpt lat="36.854459244868146" lon="138.1930486014912">
        <ele>563.860233858969</ele>
      </trkpt>
      <trkpt lat="36.854419766177756" lon="138.19335222244263">
        <ele>563.775000000001</ele>
      </trkpt>
      <trkpt lat="36.85427494066078" lon="138.19388423774558">
        <ele>563.202466286718</ele>
      </trkpt>
      <trkpt lat="36.854136467005034" lon="138.1943929195404">
        <ele>564.1578125000003</ele>
      </trkpt>
      <trkpt lat="36.854136467005034" lon="138.1943929195404">
        <ele>564.1578125000003</ele>
      </trkpt>
      <trkpt lat="36.854127882165216" lon="138.19465041160583">
        <ele>565.090625000001</ele>
      </trkpt>
      <trkpt lat="36.85416222151865" lon="138.19514393806458">
        <ele>565.4749999993257</ele>
      </trkpt>
      <trkpt lat="36.85416222151865" lon="138.19514393806458">
        <ele>565.4749999993257</ele>
      </trkpt>
      <trkpt lat="36.85422231535006" lon="138.1956696510315">
        <ele>562.521875000001</ele>
      </trkpt>
      <trkpt lat="36.85431674841824" lon="138.19591641426086">
        <ele>563.3500000000008</ele>
      </trkpt>
      <trkpt lat="36.85453554478672" lon="138.19640736402928">
        <ele>561.3984645438226</ele>
      </trkpt>
      <trkpt lat="36.854694479524326" lon="138.19676399230957">
        <ele>558.20000000035</ele>
      </trkpt>
      <trkpt lat="36.85498381437001" lon="138.19719416898675">
        <ele>560.0739499351819</ele>
      </trkpt>
      <trkpt lat="36.855192394948446" lon="138.19750428199768">
        <ele>559.9750000000008</ele>
      </trkpt>
      <trkpt lat="36.85521036698384" lon="138.19806580012946">
        <ele>553.3006654419474</ele>
      </trkpt>
      <trkpt lat="36.85521814910631" lon="138.19830894470215">
        <ele>552.212500000001</ele>
      </trkpt>
      <trkpt lat="36.85521814910631" lon="138.19830894470215">
        <ele>552.212500000001</ele>
      </trkpt>
      <trkpt lat="36.85541416877408" lon="138.19881470562248">
        <ele>552.099168060086</ele>
      </trkpt>
      <trkpt lat="36.855484274896" lon="138.19899559020996">
        <ele>551.9500000000007</ele>
      </trkpt>
      <trkpt lat="36.855484274896" lon="138.19899559020996">
        <ele>551.9500000000007</ele>
      </trkpt>
      <trkpt lat="36.85570736882125" lon="138.1994835186505">
        <ele>551.6850551805555</ele>
      </trkpt>
      <trkpt lat="36.85593046274651" lon="138.19997144709103">
        <ele>550.3517628337695</ele>
      </trkpt>
      <trkpt lat="36.85615355667176" lon="138.20045937553158">
        <ele>548.3700230713706</ele>
      </trkpt>
      <trkpt lat="36.856274062106834" lon="138.20072293281555">
        <ele>548.3125000000014</ele>
      </trkpt>
      <trkpt lat="36.85652548585108" lon="138.2011888521634">
        <ele>548.5568715111133</ele>
      </trkpt>
      <trkpt lat="36.85677196724119" lon="138.20164561271667">
        <ele>547.6468750000006</ele>
      </trkpt>
      <trkpt lat="36.85701750905974" lon="138.20211641209926">
        <ele>547.3585829955292</ele>
      </trkpt>
      <trkpt lat="36.85726305087829" lon="138.2025872114818">
        <ele>546.8351015612654</ele>
      </trkpt>
      <trkpt lat="36.857508592696846" lon="138.2030580108644">
        <ele>543.0116111289186</ele>
      </trkpt>
      <trkpt lat="36.857754134515396" lon="138.20352881024698">
        <ele>541.6989500758701</ele>
      </trkpt>
      <trkpt lat="36.85799967633395" lon="138.20399960962953">
        <ele>541.5830368869016</ele>
      </trkpt>
      <trkpt lat="36.8581540662192" lon="138.2042956352234">
        <ele>538.4343750000529</ele>
      </trkpt>
      <trkpt lat="36.8581540662192" lon="138.2042956352234">
        <ele>538.4343750000529</ele>
      </trkpt>
      <trkpt lat="36.85840100964759" lon="138.2047652935969">
        <ele>534.5556166696368</ele>
      </trkpt>
      <trkpt lat="36.85854894705088" lon="138.20504665374756">
        <ele>534.1437500000005</ele>
      </trkpt>
      <trkpt lat="36.85885798280033" lon="138.20540070533752">
        <ele>533.0125000000007</ele>
      </trkpt>
      <trkpt lat="36.85885798280033" lon="138.20540070533752">
        <ele>533.0125000000007</ele>
      </trkpt>
      <trkpt lat="36.85922937957066" lon="138.20571752697316">
        <ele>532.2778594972272</ele>
      </trkpt>
      <trkpt lat="36.85939879235495" lon="138.2058620452881">
        <ele>532.0500000000002</ele>
      </trkpt>
      <trkpt lat="36.859830553946644" lon="138.20601902841673">
        <ele>532.9739843664101</ele>
      </trkpt>
      <trkpt lat="36.859870924551515" lon="138.20603370666504">
        <ele>533.1500000000005</ele>
      </trkpt>
      <trkpt lat="36.859870924551515" lon="138.20603370666504">
        <ele>533.1500000000005</ele>
      </trkpt>
      <trkpt lat="36.86030013310821" lon="138.20616245269775">
        <ele>532.7750000000007</ele>
      </trkpt>
      <trkpt lat="36.860748829645395" lon="138.2061256787865">
        <ele>530.4150079873392</ele>
      </trkpt>
      <trkpt lat="36.860823764282955" lon="138.20611953735352">
        <ele>529.9750000001168</ele>
      </trkpt>
      <trkpt lat="36.86127152537795" lon="138.20606793940055">
        <ele>527.1121366187006</ele>
      </trkpt>
      <trkpt lat="36.861719286472955" lon="138.2060163414476">
        <ele>526.0694398013211</ele>
      </trkpt>
      <trkpt lat="36.8620341111355" lon="138.20598006248474">
        <ele>524.842187500001</ele>
      </trkpt>
      <trkpt lat="36.86246767590778" lon="138.20612908637642">
        <ele>525.2322345897923</ele>
      </trkpt>
      <trkpt lat="36.86290124068006" lon="138.2062781102681">
        <ele>526.9495077124532</ele>
      </trkpt>
      <trkpt lat="36.86333480545234" lon="138.2064271341598">
        <ele>526.9552675178887</ele>
      </trkpt>
      <trkpt lat="36.8634075311533" lon="138.20645213127136">
        <ele>527.2468750000003</ele>
      </trkpt>
      <trkpt lat="36.86379024216595" lon="138.20674718890092">
        <ele>525.9214442445569</ele>
      </trkpt>
      <trkpt lat="36.8641729531786" lon="138.20704224653048">
        <ele>524.6221574835258</ele>
      </trkpt>
      <trkpt lat="36.86432599201622" lon="138.2071602344513">
        <ele>523.3156250000012</ele>
      </trkpt>
      <trkpt lat="36.86455775142419" lon="138.20709586143494">
        <ele>526.6109374999917</ele>
      </trkpt>
      <trkpt lat="36.864854923010625" lon="138.2075176672974">
        <ele>518.552558187094</ele>
      </trkpt>
      <trkpt lat="36.86515209459707" lon="138.20793947315985">
        <ele>517.2840535591129</ele>
      </trkpt>
      <trkpt lat="36.86544926618351" lon="138.2083612790223">
        <ele>517.2148452857401</ele>
      </trkpt>
      <trkpt lat="36.86557061762444" lon="138.20853352546692">
        <ele>517.3171875000502</ele>
      </trkpt>
      <trkpt lat="36.86587879883964" lon="138.2089428073018">
        <ele>515.4471585276549</ele>
      </trkpt>
      <trkpt lat="36.866186980054835" lon="138.20935208913667">
        <ele>514.253658933292</ele>
      </trkpt>
      <trkpt lat="36.86625729893663" lon="138.20944547653198">
        <ele>514.3812500000007</ele>
      </trkpt>
      <trkpt lat="36.866651204859544" lon="138.2097165519118">
        <ele>513.8956767815175</ele>
      </trkpt>
      <trkpt lat="36.8670212246445" lon="138.2099711894989">
        <ele>512.2937499999571</ele>
      </trkpt>
      <trkpt lat="36.86706" lon="138.209914">
        <ele>515.42</ele>
      </trkpt>
      <trkpt lat="36.867472" lon="138.209485">
        <ele>522.07</ele>
      </trkpt>
      <trkpt lat="36.867867" lon="138.209206">
        <ele>530.99</ele>
      </trkpt>
      <trkpt lat="36.868124" lon="138.209163">
        <ele>535.26</ele>
      </trkpt>
      <trkpt lat="36.868145" lon="138.209172">
        <ele>535.28</ele>
      </trkpt>
      <trkpt lat="36.870283" lon="138.210105">
        <ele>526.83</ele>
      </trkpt>
      <trkpt lat="36.870332" lon="138.210103">
        <ele>526.86</ele>
      </trkpt>
      <trkpt lat="36.870454" lon="138.210016">
        <ele>528.65</ele>
      </trkpt>
      <trkpt lat="36.870477" lon="138.210031">
        <ele>528.37</ele>
      </trkpt>
      <trkpt lat="36.870957" lon="138.210343">
        <ele>522.57</ele>
      </trkpt>
      <trkpt lat="36.870999" lon="138.210414">
        <ele>521.75</ele>
      </trkpt>
      <trkpt lat="36.871135" lon="138.210957">
        <ele>516.89</ele>
      </trkpt>
      <trkpt lat="36.871171" lon="138.211152">
        <ele>515.28</ele>
      </trkpt>
      <trkpt lat="36.871259" lon="138.211349">
        <ele>514.14</ele>
      </trkpt>
      <trkpt lat="36.871352" lon="138.211476">
        <ele>514.09</ele>
      </trkpt>
      <trkpt lat="36.871469" lon="138.211537">
        <ele>514.6</ele>
      </trkpt>
      <trkpt lat="36.871672" lon="138.211602">
        <ele>515.6</ele>
      </trkpt>
      <trkpt lat="36.871917" lon="138.211628">
        <ele>517.08</ele>
      </trkpt>
      <trkpt lat="36.872045" lon="138.211671">
        <ele>517.05</ele>
      </trkpt>
      <trkpt lat="36.872256" lon="138.211805">
        <ele>515.85</ele>
      </trkpt>
      <trkpt lat="36.872492" lon="138.211916">
        <ele>515.14</ele>
      </trkpt>
      <trkpt lat="36.872571" lon="138.211934">
        <ele>515.08</ele>
      </trkpt>
      <trkpt lat="36.872652" lon="138.211912">
        <ele>515.27</ele>
      </trkpt>
      <trkpt lat="36.872901" lon="138.211852">
        <ele>515.66</ele>
      </trkpt>
    </trkseg>
  </trk>
</gpx>
