<?xml version="1.0" encoding="UTF-8"?>
<gpx schemaLocation="http://www.topografix.com/GPX/1/1 https://www.topografix.com/GPX/1/1/gpx.xsd http://www.cluetrust.com/XML/GPXDATA/1/0 https://www.cluetrust.com/Schemas/gpxdata10.xsd" creator="COROS Wearables" version="1.1" xmlns="http://www.topografix.com/GPX/1/1" xmlns:xsi="http://www.w3.org/2001/XMLSchema-instance" xsi:schemaLocation="http://www.topografix.com/GPX/1/1 http://www.topografix.com/GPX/1/1/gpx.xsd http://www.garmin.com/xmlschemas/GpxExtensions/v3 http://www.garmin.com/xmlschemas/GpxExtensionsv3.xsd http://www.garmin.com/xmlschemas/TrackPointExtension/v1 http://www.garmin.com/xmlschemas/TrackPointExtensionv1.xsd http://www.garmin.com/xmlschemas/PowerExtension/v1 http://www.garmin.com/xmlschemas/PowerExtensionv1.xsd http://www.topografix.com/GPX/gpx_style/0/2 http://www.topografix.com/GPX/gpx_style/0/2/gpx_style.xsd" xmlns:gpxtpx="http://www.garmin.com/xmlschemas/TrackPointExtension/v1" xmlns:gpxx="http://www.garmin.com/xmlschemas/GpxExtensions/v3" xmlns:gpxpx="http://www.garmin.com/xmlschemas/PowerExtension/v1" xmlns:gpx_style="http://www.topografix.com/GPX/gpx_style/0/2">
  <metadata>
    <name>袴岳トレイル</name>
    <author>
      <name>gpx.studio</name>
      <link href="https://gpx.studio"/>
    </author>
    <link href="https://www.coros.com">
      <text>COROS</text>
    </link>
  </metadata>
  <trk>
    <name>袴岳トレイル</name>
    <type>running</type>
    <extensions>
      <gpx_style:line>
        <gpx_style:color>b0035f</gpx_style:color>
        <gpx_style:opacity>1</gpx_style:opacity>
        <gpx_style:width>6</gpx_style:width>
      </gpx_style:line>
    </extensions>
    <trkseg>
      <trkpt lat="36.872495" lon="138.2118435">
        <ele>513.0206822571628</ele>
      </trkpt>
      <trkpt lat="36.8724407" lon="138.2118145">
        <ele>512.9925724441858</ele>
      </trkpt>
      <trkpt lat="36.8723864" lon="138.2117856">
        <ele>512.9985585493037</ele>
      </trkpt>
      <trkpt lat="36.8723535" lon="138.2117667">
        <ele>513.0443814433704</ele>
      </trkpt>
      <trkpt lat="36.8723207" lon="138.2117478">
        <ele>513.1173000023938</ele>
      </trkpt>
      <trkpt lat="36.8722874" lon="138.2117291">
        <ele>513.2093723284088</ele>
      </trkpt>
      <trkpt lat="36.8722541" lon="138.2117105">
        <ele>513.3303104503553</ele>
      </trkpt>
      <trkpt lat="36.8722194" lon="138.2116928">
        <ele>513.477947004005</ele>
      </trkpt>
      <trkpt lat="36.8721848" lon="138.2116752">
        <ele>513.7016609824269</ele>
      </trkpt>
      <trkpt lat="36.8721492" lon="138.2116589">
        <ele>513.9660248036507</ele>
      </trkpt>
      <trkpt lat="36.8721137" lon="138.2116427">
        <ele>514.2512981637819</ele>
      </trkpt>
      <trkpt lat="36.8720778" lon="138.2116278">
        <ele>514.5614322548029</ele>
      </trkpt>
      <trkpt lat="36.8720419" lon="138.2116129">
        <ele>514.8516608788638</ele>
      </trkpt>
      <trkpt lat="36.8720064" lon="138.2116012">
        <ele>515.1236746107302</ele>
      </trkpt>
      <trkpt lat="36.871971" lon="138.2115896">
        <ele>515.3890514770832</ele>
      </trkpt>
      <trkpt lat="36.8719367" lon="138.2115838">
        <ele>515.6030374246062</ele>
      </trkpt>
      <trkpt lat="36.8719024" lon="138.211578">
        <ele>515.7610508916291</ele>
      </trkpt>
      <trkpt lat="36.8718687" lon="138.2115782">
        <ele>515.8779123783453</ele>
      </trkpt>
      <trkpt lat="36.871835" lon="138.2115785">
        <ele>515.899237688911</ele>
      </trkpt>
      <trkpt lat="36.8718016" lon="138.2115805">
        <ele>515.8875868444338</ele>
      </trkpt>
      <trkpt lat="36.8717682" lon="138.2115826">
        <ele>515.8018303036694</ele>
      </trkpt>
      <trkpt lat="36.8717333" lon="138.2115805">
        <ele>515.7124076067471</ele>
      </trkpt>
      <trkpt lat="36.8716985" lon="138.2115785">
        <ele>515.5308992459608</ele>
      </trkpt>
      <trkpt lat="36.8716611" lon="138.2115697">
        <ele>515.3330740516046</ele>
      </trkpt>
      <trkpt lat="36.8716238" lon="138.211561">
        <ele>515.086910319061</ele>
      </trkpt>
      <trkpt lat="36.8715856" lon="138.2115461">
        <ele>514.8690933016129</ele>
      </trkpt>
      <trkpt lat="36.8715474" lon="138.2115312">
        <ele>514.5664541095502</ele>
      </trkpt>
      <trkpt lat="36.871509" lon="138.2115154">
        <ele>514.2536546855475</ele>
      </trkpt>
      <trkpt lat="36.8714707" lon="138.2114996">
        <ele>513.9368309597256</ele>
      </trkpt>
      <trkpt lat="36.8714345" lon="138.2114842">
        <ele>513.6508664232293</ele>
      </trkpt>
      <trkpt lat="36.8713984" lon="138.2114689">
        <ele>513.3937079629711</ele>
      </trkpt>
      <trkpt lat="36.8713656" lon="138.21145">
        <ele>513.2115973919551</ele>
      </trkpt>
      <trkpt lat="36.8713329" lon="138.2114311">
        <ele>513.0417345882511</ele>
      </trkpt>
      <trkpt lat="36.8713034" lon="138.2114082">
        <ele>512.9748078916234</ele>
      </trkpt>
      <trkpt lat="36.871274" lon="138.2113853">
        <ele>512.9636199621492</ele>
      </trkpt>
      <trkpt lat="36.8712507" lon="138.2113565">
        <ele>513.0292117914187</ele>
      </trkpt>
      <trkpt lat="36.8712274" lon="138.2113278">
        <ele>513.0546113548339</ele>
      </trkpt>
      <trkpt lat="36.8712118" lon="138.2112946">
        <ele>513.1411759494812</ele>
      </trkpt>
      <trkpt lat="36.8711963" lon="138.2112615">
        <ele>513.2396749578462</ele>
      </trkpt>
      <trkpt lat="36.8711835" lon="138.2112271">
        <ele>513.3871184258298</ele>
      </trkpt>
      <trkpt lat="36.8711708" lon="138.2111928">
        <ele>513.5196115651963</ele>
      </trkpt>
      <trkpt lat="36.8711598" lon="138.2111586">
        <ele>513.6473917672779</ele>
      </trkpt>
      <trkpt lat="36.8711488" lon="138.2111245">
        <ele>513.7618679344483</ele>
      </trkpt>
      <trkpt lat="36.8711403" lon="138.2110893">
        <ele>513.8976881268645</ele>
      </trkpt>
      <trkpt lat="36.8711318" lon="138.2110542">
        <ele>514.0539338254732</ele>
      </trkpt>
      <trkpt lat="36.871125" lon="138.2110166">
        <ele>514.2300368658784</ele>
      </trkpt>
      <trkpt lat="36.8711183" lon="138.210979">
        <ele>514.3536654337313</ele>
      </trkpt>
      <trkpt lat="36.8711109" lon="138.2109401">
        <ele>514.4702893566807</ele>
      </trkpt>
      <trkpt lat="36.8711035" lon="138.2109013">
        <ele>514.5816266449173</ele>
      </trkpt>
      <trkpt lat="36.8710959" lon="138.210861">
        <ele>514.6919589227076</ele>
      </trkpt>
      <trkpt lat="36.8710884" lon="138.2108207">
        <ele>514.7805621430289</ele>
      </trkpt>
      <trkpt lat="36.871082" lon="138.2107798">
        <ele>514.8582722611732</ele>
      </trkpt>
      <trkpt lat="36.8710757" lon="138.2107389">
        <ele>514.955054286961</ele>
      </trkpt>
      <trkpt lat="36.8710697" lon="138.2106985">
        <ele>515.0821640588816</ele>
      </trkpt>
      <trkpt lat="36.8710637" lon="138.2106582">
        <ele>515.2043141174861</ele>
      </trkpt>
      <trkpt lat="36.8710575" lon="138.2106185">
        <ele>515.3141759178249</ele>
      </trkpt>
      <trkpt lat="36.8710513" lon="138.2105789">
        <ele>515.4372684956539</ele>
      </trkpt>
      <trkpt lat="36.8710427" lon="138.2105418">
        <ele>515.5782425829686</ele>
      </trkpt>
      <trkpt lat="36.8710342" lon="138.2105047">
        <ele>515.7195683481931</ele>
      </trkpt>
      <trkpt lat="36.8710223" lon="138.2104706">
        <ele>515.8595412847125</ele>
      </trkpt>
      <trkpt lat="36.8710104" lon="138.2104366">
        <ele>516.0358697815548</ele>
      </trkpt>
      <trkpt lat="36.8709919" lon="138.2104049">
        <ele>516.1953064404433</ele>
      </trkpt>
      <trkpt lat="36.8709735" lon="138.2103733">
        <ele>516.4194671656943</ele>
      </trkpt>
      <trkpt lat="36.8709495" lon="138.2103461">
        <ele>516.5868977865297</ele>
      </trkpt>
      <trkpt lat="36.8709256" lon="138.210319">
        <ele>516.795526601212</ele>
      </trkpt>
      <trkpt lat="36.8708989" lon="138.2102967">
        <ele>516.9887818122304</ele>
      </trkpt>
      <trkpt lat="36.8708723" lon="138.2102745">
        <ele>517.1678269811736</ele>
      </trkpt>
      <trkpt lat="36.8708456" lon="138.210252">
        <ele>517.37092867874</ele>
      </trkpt>
      <trkpt lat="36.870819" lon="138.2102295">
        <ele>517.6041717532094</ele>
      </trkpt>
      <trkpt lat="36.8707918" lon="138.2102084">
        <ele>517.8294976724317</ele>
      </trkpt>
      <trkpt lat="36.8707647" lon="138.2101873">
        <ele>518.0552605455746</ele>
      </trkpt>
      <trkpt lat="36.8707377" lon="138.2101667">
        <ele>518.2357421780943</ele>
      </trkpt>
      <trkpt lat="36.8707107" lon="138.2101461">
        <ele>518.4211645376166</ele>
      </trkpt>
      <trkpt lat="36.870683" lon="138.2101272">
        <ele>518.6093405822068</ele>
      </trkpt>
      <trkpt lat="36.8706553" lon="138.2101083">
        <ele>518.8186176526838</ele>
      </trkpt>
      <trkpt lat="36.8706259" lon="138.2100932">
        <ele>518.9540574710364</ele>
      </trkpt>
      <trkpt lat="36.8705965" lon="138.2100782">
        <ele>519.0877497106335</ele>
      </trkpt>
      <trkpt lat="36.870565" lon="138.2100701">
        <ele>519.091680640425</ele>
      </trkpt>
      <trkpt lat="36.8705335" lon="138.210062">
        <ele>519.1396042085662</ele>
      </trkpt>
      <trkpt lat="36.8705014" lon="138.2100613">
        <ele>519.0629520230705</ele>
      </trkpt>
      <trkpt lat="36.8704694" lon="138.2100607">
        <ele>519.0089848968294</ele>
      </trkpt>
      <trkpt lat="36.8704385" lon="138.2100641">
        <ele>518.8958493868282</ele>
      </trkpt>
      <trkpt lat="36.8704076" lon="138.2100675">
        <ele>518.7680756169102</ele>
      </trkpt>
      <trkpt lat="36.8703779" lon="138.2100691">
        <ele>518.6516882513656</ele>
      </trkpt>
      <trkpt lat="36.8703483" lon="138.2100707">
        <ele>518.5261401833891</ele>
      </trkpt>
      <trkpt lat="36.8703193" lon="138.2100664">
        <ele>518.4390921486547</ele>
      </trkpt>
      <trkpt lat="36.8702903" lon="138.2100622">
        <ele>518.3533410320997</ele>
      </trkpt>
      <trkpt lat="36.870262" lon="138.2100525">
        <ele>518.3556400299519</ele>
      </trkpt>
      <trkpt lat="36.8702338" lon="138.2100428">
        <ele>518.3577839961727</ele>
      </trkpt>
      <trkpt lat="36.8702065" lon="138.2100317">
        <ele>518.3888958673464</ele>
      </trkpt>
      <trkpt lat="36.8701792" lon="138.2100207">
        <ele>518.3810306253849</ele>
      </trkpt>
      <trkpt lat="36.8701521" lon="138.2100103">
        <ele>518.3623301896743</ele>
      </trkpt>
      <trkpt lat="36.8701251" lon="138.2099999">
        <ele>518.368006949703</ele>
      </trkpt>
      <trkpt lat="36.8700982" lon="138.2099908">
        <ele>518.3620658064937</ele>
      </trkpt>
      <trkpt lat="36.8700713" lon="138.2099817">
        <ele>518.3558181307293</ele>
      </trkpt>
      <trkpt lat="36.8700456" lon="138.2099728">
        <ele>518.3075249081023</ele>
      </trkpt>
      <trkpt lat="36.8700199" lon="138.2099639">
        <ele>518.259231761192</ele>
      </trkpt>
      <trkpt lat="36.8699949" lon="138.2099548">
        <ele>518.2342531157183</ele>
      </trkpt>
      <trkpt lat="36.8699699" lon="138.2099457">
        <ele>518.2150318500362</ele>
      </trkpt>
      <trkpt lat="36.8699444" lon="138.2099364">
        <ele>518.1878097613273</ele>
      </trkpt>
      <trkpt lat="36.869919" lon="138.2099271">
        <ele>518.2023373554472</ele>
      </trkpt>
      <trkpt lat="36.8698929" lon="138.2099172">
        <ele>518.2348431938335</ele>
      </trkpt>
      <trkpt lat="36.8698669" lon="138.2099073">
        <ele>518.2736953660383</ele>
      </trkpt>
      <trkpt lat="36.8698402" lon="138.2098964">
        <ele>518.360232080892</ele>
      </trkpt>
      <trkpt lat="36.8698136" lon="138.2098856">
        <ele>518.4453416066717</ele>
      </trkpt>
      <trkpt lat="36.8697854" lon="138.2098744">
        <ele>518.5064606124544</ele>
      </trkpt>
      <trkpt lat="36.8697573" lon="138.2098632">
        <ele>518.5515496512886</ele>
      </trkpt>
      <trkpt lat="36.8697271" lon="138.2098514">
        <ele>518.6004645037375</ele>
      </trkpt>
      <trkpt lat="36.8696969" lon="138.2098397">
        <ele>518.6728116305032</ele>
      </trkpt>
      <trkpt lat="36.8696656" lon="138.2098277">
        <ele>518.7579506290944</ele>
      </trkpt>
      <trkpt lat="36.8696344" lon="138.2098157">
        <ele>518.8562819783092</ele>
      </trkpt>
      <trkpt lat="36.8696028" lon="138.2098043">
        <ele>518.9663134854544</ele>
      </trkpt>
      <trkpt lat="36.8695712" lon="138.209793">
        <ele>519.1002149962418</ele>
      </trkpt>
      <trkpt lat="36.8695389" lon="138.2097823">
        <ele>519.2282834939556</ele>
      </trkpt>
      <trkpt lat="36.8695066" lon="138.2097716">
        <ele>519.3071060592378</ele>
      </trkpt>
      <trkpt lat="36.869474" lon="138.2097603">
        <ele>519.3778431988677</ele>
      </trkpt>
      <trkpt lat="36.8694415" lon="138.2097491">
        <ele>519.4303372811493</ele>
      </trkpt>
      <trkpt lat="36.8694102" lon="138.2097362">
        <ele>519.4923885419264</ele>
      </trkpt>
      <trkpt lat="36.8693789" lon="138.2097233">
        <ele>519.4826804666025</ele>
      </trkpt>
      <trkpt lat="36.8693485" lon="138.209709">
        <ele>519.451981569027</ele>
      </trkpt>
      <trkpt lat="36.8693181" lon="138.2096948">
        <ele>519.3745966058633</ele>
      </trkpt>
      <trkpt lat="36.8692871" lon="138.2096802">
        <ele>519.2531469684552</ele>
      </trkpt>
      <trkpt lat="36.8692562" lon="138.2096657">
        <ele>519.0851162798784</ele>
      </trkpt>
      <trkpt lat="36.8692254" lon="138.2096505">
        <ele>518.8868562753487</ele>
      </trkpt>
      <trkpt lat="36.8691946" lon="138.2096353">
        <ele>518.6453557941197</ele>
      </trkpt>
      <trkpt lat="36.8691632" lon="138.2096199">
        <ele>518.3986259734671</ele>
      </trkpt>
      <trkpt lat="36.8691319" lon="138.2096045">
        <ele>518.1370898546086</ele>
      </trkpt>
      <trkpt lat="36.8690999" lon="138.2095895">
        <ele>517.8827337938294</ele>
      </trkpt>
      <trkpt lat="36.869068" lon="138.2095745">
        <ele>517.6706120195963</ele>
      </trkpt>
      <trkpt lat="36.8690365" lon="138.2095604">
        <ele>517.478557590326</ele>
      </trkpt>
      <trkpt lat="36.8690051" lon="138.2095464">
        <ele>517.4120897934005</ele>
      </trkpt>
      <trkpt lat="36.8689749" lon="138.2095328">
        <ele>517.4130062072077</ele>
      </trkpt>
      <trkpt lat="36.8689447" lon="138.2095192">
        <ele>517.4501756406864</ele>
      </trkpt>
      <trkpt lat="36.8689151" lon="138.2095058">
        <ele>517.4881606706896</ele>
      </trkpt>
      <trkpt lat="36.8688855" lon="138.2094924">
        <ele>517.5857976918486</ele>
      </trkpt>
      <trkpt lat="36.8688561" lon="138.2094795">
        <ele>517.6990899445324</ele>
      </trkpt>
      <trkpt lat="36.8688268" lon="138.2094667">
        <ele>517.8049381910075</ele>
      </trkpt>
      <trkpt lat="36.868798" lon="138.2094541">
        <ele>518.0101521911181</ele>
      </trkpt>
      <trkpt lat="36.8687693" lon="138.2094416">
        <ele>518.2372481846171</ele>
      </trkpt>
      <trkpt lat="36.8687412" lon="138.2094283">
        <ele>518.5201632952312</ele>
      </trkpt>
      <trkpt lat="36.8687131" lon="138.209415">
        <ele>518.8284435467018</ele>
      </trkpt>
      <trkpt lat="36.868685" lon="138.209399">
        <ele>519.2129066483006</ele>
      </trkpt>
      <trkpt lat="36.868657" lon="138.2093831">
        <ele>519.5873464955134</ele>
      </trkpt>
      <trkpt lat="36.868629" lon="138.2093663">
        <ele>520.1455608252624</ele>
      </trkpt>
      <trkpt lat="36.868601" lon="138.2093496">
        <ele>520.7033162447844</ele>
      </trkpt>
      <trkpt lat="36.8685723" lon="138.2093348">
        <ele>521.1530052924602</ele>
      </trkpt>
      <trkpt lat="36.8685436" lon="138.2093201">
        <ele>521.4615370511</ele>
      </trkpt>
      <trkpt lat="36.8685143" lon="138.2093069">
        <ele>521.6360465701425</ele>
      </trkpt>
      <trkpt lat="36.8684851" lon="138.2092938">
        <ele>521.7914845987333</ele>
      </trkpt>
      <trkpt lat="36.8684562" lon="138.2092815">
        <ele>521.9587606399652</ele>
      </trkpt>
      <trkpt lat="36.8684273" lon="138.2092693">
        <ele>522.0805708783217</ele>
      </trkpt>
      <trkpt lat="36.8683987" lon="138.2092583">
        <ele>522.0386820931101</ele>
      </trkpt>
      <trkpt lat="36.8683702" lon="138.2092473">
        <ele>521.9667575615142</ele>
      </trkpt>
      <trkpt lat="36.8683413" lon="138.2092374">
        <ele>521.835923649315</ele>
      </trkpt>
      <trkpt lat="36.8683124" lon="138.2092275">
        <ele>521.6904937713368</ele>
      </trkpt>
      <trkpt lat="36.8682833" lon="138.2092176">
        <ele>521.5239657230692</ele>
      </trkpt>
      <trkpt lat="36.8682543" lon="138.2092078">
        <ele>521.36424788456</ele>
      </trkpt>
      <trkpt lat="36.8682253" lon="138.2092">
        <ele>521.1318145714118</ele>
      </trkpt>
      <trkpt lat="36.8681964" lon="138.2091922">
        <ele>520.9246622021305</ele>
      </trkpt>
      <trkpt lat="36.8681665" lon="138.2091882">
        <ele>520.5400963130179</ele>
      </trkpt>
      <trkpt lat="36.8681367" lon="138.2091843">
        <ele>520.1560306077873</ele>
      </trkpt>
      <trkpt lat="36.8681055" lon="138.2091849">
        <ele>519.5818972553277</ele>
      </trkpt>
      <trkpt lat="36.8680743" lon="138.2091855">
        <ele>519.0476685474397</ele>
      </trkpt>
      <trkpt lat="36.8680421" lon="138.2091905">
        <ele>518.4285078017034</ele>
      </trkpt>
      <trkpt lat="36.8680099" lon="138.2091955">
        <ele>517.8342658170315</ele>
      </trkpt>
      <trkpt lat="36.8679776" lon="138.2092045">
        <ele>517.1787597555326</ele>
      </trkpt>
      <trkpt lat="36.8679454" lon="138.2092135">
        <ele>516.5957186256655</ele>
      </trkpt>
      <trkpt lat="36.8679135" lon="138.2092257">
        <ele>516.1128790426624</ele>
      </trkpt>
      <trkpt lat="36.8678817" lon="138.2092379">
        <ele>515.6835469768594</ele>
      </trkpt>
      <trkpt lat="36.8678503" lon="138.2092529">
        <ele>515.3360649561329</ele>
      </trkpt>
      <trkpt lat="36.8678189" lon="138.2092679">
        <ele>515.0417347220873</ele>
      </trkpt>
      <trkpt lat="36.8677883" lon="138.2092843">
        <ele>514.852332138061</ele>
      </trkpt>
      <trkpt lat="36.8677577" lon="138.2093007">
        <ele>514.7381016499321</ele>
      </trkpt>
      <trkpt lat="36.8677282" lon="138.2093179">
        <ele>514.6730210185168</ele>
      </trkpt>
      <trkpt lat="36.8676988" lon="138.2093351">
        <ele>514.643521289704</ele>
      </trkpt>
      <trkpt lat="36.8676699" lon="138.2093533">
        <ele>514.647289014146</ele>
      </trkpt>
      <trkpt lat="36.867641" lon="138.2093715">
        <ele>514.6923121948797</ele>
      </trkpt>
      <trkpt lat="36.8676115" lon="138.2093905">
        <ele>514.7481859990605</ele>
      </trkpt>
      <trkpt lat="36.8675821" lon="138.2094096">
        <ele>514.8553530244093</ele>
      </trkpt>
      <trkpt lat="36.8675523" lon="138.2094285">
        <ele>514.953631000544</ele>
      </trkpt>
      <trkpt lat="36.8675225" lon="138.2094475">
        <ele>515.0678771759863</ele>
      </trkpt>
      <trkpt lat="36.8674934" lon="138.209467">
        <ele>515.2117471940933</ele>
      </trkpt>
      <trkpt lat="36.8674644" lon="138.2094865">
        <ele>515.370716624079</ele>
      </trkpt>
      <trkpt lat="36.8674368" lon="138.2095068">
        <ele>515.4446761141735</ele>
      </trkpt>
      <trkpt lat="36.8674093" lon="138.2095272">
        <ele>515.4798008992948</ele>
      </trkpt>
      <trkpt lat="36.8673826" lon="138.209548">
        <ele>515.4722956080581</ele>
      </trkpt>
      <trkpt lat="36.8673559" lon="138.2095689">
        <ele>515.4640842392076</ele>
      </trkpt>
      <trkpt lat="36.8673301" lon="138.2095921">
        <ele>515.4168841239394</ele>
      </trkpt>
      <trkpt lat="36.8673043" lon="138.2096153">
        <ele>515.3290604416603</ele>
      </trkpt>
      <trkpt lat="36.8672793" lon="138.2096422">
        <ele>515.1800877068333</ele>
      </trkpt>
      <trkpt lat="36.8672544" lon="138.2096691">
        <ele>515.0253140448128</ele>
      </trkpt>
      <trkpt lat="36.8672301" lon="138.2096983">
        <ele>514.8342733832644</ele>
      </trkpt>
      <trkpt lat="36.8672059" lon="138.2097276">
        <ele>514.5967571949358</ele>
      </trkpt>
      <trkpt lat="36.867182" lon="138.2097579">
        <ele>514.3536290121333</ele>
      </trkpt>
      <trkpt lat="36.8671582" lon="138.2097883">
        <ele>514.0782942829296</ele>
      </trkpt>
      <trkpt lat="36.8671348" lon="138.2098186">
        <ele>513.7627575514847</ele>
      </trkpt>
      <trkpt lat="36.8671114" lon="138.209849">
        <ele>513.4755967761781</ele>
      </trkpt>
      <trkpt lat="36.8670881" lon="138.2098779">
        <ele>513.2068696716425</ele>
      </trkpt>
      <trkpt lat="36.8670649" lon="138.2099068">
        <ele>512.9245409486239</ele>
      </trkpt>
      <trkpt lat="36.867042" lon="138.209934">
        <ele>512.6623360086377</ele>
      </trkpt>
      <trkpt lat="36.8670191" lon="138.2099613">
        <ele>512.3747207903382</ele>
      </trkpt>
      <trkpt lat="36.8669963" lon="138.2099886">
        <ele>512.0484907379627</ele>
      </trkpt>
      <trkpt lat="36.8669735" lon="138.2100159">
        <ele>511.6768625903605</ele>
      </trkpt>
      <trkpt lat="36.8669502" lon="138.2100436">
        <ele>511.289523906053</ele>
      </trkpt>
      <trkpt lat="36.866927" lon="138.2100714">
        <ele>510.89098811438856</ele>
      </trkpt>
      <trkpt lat="36.8669031" lon="138.2100997">
        <ele>510.57197155341873</ele>
      </trkpt>
      <trkpt lat="36.8668792" lon="138.210128">
        <ele>510.2416962885692</ele>
      </trkpt>
      <trkpt lat="36.8668549" lon="138.2101559">
        <ele>509.90183610749125</ele>
      </trkpt>
      <trkpt lat="36.8668306" lon="138.2101838">
        <ele>509.72395406207215</ele>
      </trkpt>
      <trkpt lat="36.8668057" lon="138.2102089">
        <ele>509.57773596430343</ele>
      </trkpt>
      <trkpt lat="36.8667809" lon="138.210234">
        <ele>509.4315178665347</ele>
      </trkpt>
      <trkpt lat="36.8667545" lon="138.2102548">
        <ele>509.3889604965415</ele>
      </trkpt>
      <trkpt lat="36.8667282" lon="138.2102757">
        <ele>509.3901618402379</ele>
      </trkpt>
      <trkpt lat="36.8666999" lon="138.2102924">
        <ele>509.46491134006885</ele>
      </trkpt>
      <trkpt lat="36.8666717" lon="138.2103091">
        <ele>509.6249497085835</ele>
      </trkpt>
      <trkpt lat="36.8666424" lon="138.2103229">
        <ele>509.8073139959433</ele>
      </trkpt>
      <trkpt lat="36.8666131" lon="138.2103368">
        <ele>510.14093366637803</ele>
      </trkpt>
      <trkpt lat="36.8665834" lon="138.2103491">
        <ele>510.4680495590441</ele>
      </trkpt>
      <trkpt lat="36.8665538" lon="138.2103615">
        <ele>510.8261848298145</ele>
      </trkpt>
      <trkpt lat="36.8665248" lon="138.2103726">
        <ele>511.18647419838305</ele>
      </trkpt>
      <trkpt lat="36.8664958" lon="138.2103837">
        <ele>511.53158979611516</ele>
      </trkpt>
      <trkpt lat="36.8664672" lon="138.210391">
        <ele>511.82401481713225</ele>
      </trkpt>
      <trkpt lat="36.8664387" lon="138.2103983">
        <ele>512.1155659712858</ele>
      </trkpt>
      <trkpt lat="36.8664096" lon="138.2103999">
        <ele>512.3490455168464</ele>
      </trkpt>
      <trkpt lat="36.8663806" lon="138.2104015">
        <ele>512.5774298915962</ele>
      </trkpt>
      <trkpt lat="36.8663504" lon="138.2103976">
        <ele>512.7378921104189</ele>
      </trkpt>
      <trkpt lat="36.8663203" lon="138.2103938">
        <ele>512.8661254769852</ele>
      </trkpt>
      <trkpt lat="36.8662898" lon="138.210386">
        <ele>512.9763478245709</ele>
      </trkpt>
      <trkpt lat="36.8662593" lon="138.2103783">
        <ele>513.0655589957653</ele>
      </trkpt>
      <trkpt lat="36.8662291" lon="138.2103675">
        <ele>513.156366627338</ele>
      </trkpt>
      <trkpt lat="36.8661989" lon="138.2103567">
        <ele>513.2317433497877</ele>
      </trkpt>
      <trkpt lat="36.8661694" lon="138.210343">
        <ele>513.3017024942685</ele>
      </trkpt>
      <trkpt lat="36.8661399" lon="138.2103294">
        <ele>513.4020012206825</ele>
      </trkpt>
      <trkpt lat="36.866111" lon="138.2103144">
        <ele>513.5013971715008</ele>
      </trkpt>
      <trkpt lat="36.8660821" lon="138.2102994">
        <ele>513.5803756198559</ele>
      </trkpt>
      <trkpt lat="36.8660533" lon="138.2102829">
        <ele>513.6498905660429</ele>
      </trkpt>
      <trkpt lat="36.8660245" lon="138.2102664">
        <ele>513.7364876162923</ele>
      </trkpt>
      <trkpt lat="36.8659958" lon="138.2102483">
        <ele>513.8447933904245</ele>
      </trkpt>
      <trkpt lat="36.8659672" lon="138.2102302">
        <ele>513.9318237538453</ele>
      </trkpt>
      <trkpt lat="36.8659396" lon="138.2102108">
        <ele>514.0088117462122</ele>
      </trkpt>
      <trkpt lat="36.865912" lon="138.2101915">
        <ele>514.0844194578247</ele>
      </trkpt>
      <trkpt lat="36.8658855" lon="138.2101719">
        <ele>514.1576247792428</ele>
      </trkpt>
      <trkpt lat="36.8658591" lon="138.2101523">
        <ele>514.2650874451737</ele>
      </trkpt>
      <trkpt lat="36.8658356" lon="138.210134">
        <ele>514.3380144740457</ele>
      </trkpt>
      <trkpt lat="36.8658121" lon="138.2101157">
        <ele>514.4001062983417</ele>
      </trkpt>
      <trkpt lat="36.8657933" lon="138.2101004">
        <ele>514.4287629732867</ele>
      </trkpt>
      <trkpt lat="36.8657745" lon="138.2100852">
        <ele>514.4577691534072</ele>
      </trkpt>
      <trkpt lat="36.8657609" lon="138.2100748">
        <ele>514.4808346134147</ele>
      </trkpt>
      <trkpt lat="36.8657473" lon="138.2100644">
        <ele>514.5078019579407</ele>
      </trkpt>
      <trkpt lat="36.8657363" lon="138.2100574">
        <ele>514.5395478950119</ele>
      </trkpt>
      <trkpt lat="36.8657253" lon="138.2100504">
        <ele>514.5712938249815</ele>
      </trkpt>
      <trkpt lat="36.8657137" lon="138.2100438">
        <ele>514.6065931120428</ele>
      </trkpt>
      <trkpt lat="36.8657021" lon="138.2100373">
        <ele>514.6421254083521</ele>
      </trkpt>
      <trkpt lat="36.8656898" lon="138.2100309">
        <ele>514.6809488921667</ele>
      </trkpt>
      <trkpt lat="36.8656776" lon="138.2100245">
        <ele>514.7159572516388</ele>
      </trkpt>
      <trkpt lat="36.8656654" lon="138.2100186">
        <ele>514.7448744439376</ele>
      </trkpt>
      <trkpt lat="36.8656533" lon="138.2100128">
        <ele>514.7712876597552</ele>
      </trkpt>
      <trkpt lat="36.8656412" lon="138.2100061">
        <ele>514.7925961194682</ele>
      </trkpt>
      <trkpt lat="36.8656292" lon="138.2099994">
        <ele>514.8108326559018</ele>
      </trkpt>
      <trkpt lat="36.8656177" lon="138.2099921">
        <ele>514.8227384257365</ele>
      </trkpt>
      <trkpt lat="36.8656062" lon="138.2099849">
        <ele>514.8420975792774</ele>
      </trkpt>
      <trkpt lat="36.8655952" lon="138.209977">
        <ele>514.8743737521822</ele>
      </trkpt>
      <trkpt lat="36.8655842" lon="138.2099692">
        <ele>514.9133431170376</ele>
      </trkpt>
      <trkpt lat="36.8655742" lon="138.2099618">
        <ele>514.948409689265</ele>
      </trkpt>
      <trkpt lat="36.8655643" lon="138.2099545">
        <ele>514.9831558824521</ele>
      </trkpt>
      <trkpt lat="36.8655548" lon="138.2099479">
        <ele>515.0169701016977</ele>
      </trkpt>
      <trkpt lat="36.8655454" lon="138.2099414">
        <ele>515.0504639424852</ele>
      </trkpt>
      <trkpt lat="36.8655355" lon="138.2099353">
        <ele>515.0729673814963</ele>
      </trkpt>
      <trkpt lat="36.8655257" lon="138.2099293">
        <ele>515.0945198121484</ele>
      </trkpt>
      <trkpt lat="36.8655148" lon="138.2099231">
        <ele>515.1190430207182</ele>
      </trkpt>
      <trkpt lat="36.8655039" lon="138.209917">
        <ele>515.1436827331787</ele>
      </trkpt>
      <trkpt lat="36.8654912" lon="138.2099108">
        <ele>515.1734485103755</ele>
      </trkpt>
      <trkpt lat="36.8654786" lon="138.2099046">
        <ele>515.2029230271473</ele>
      </trkpt>
      <trkpt lat="36.8654647" lon="138.2099001">
        <ele>515.2541265860174</ele>
      </trkpt>
      <trkpt lat="36.8654508" lon="138.2098957">
        <ele>515.3109611308439</ele>
      </trkpt>
      <trkpt lat="36.8654368" lon="138.2098971">
        <ele>515.3726272527349</ele>
      </trkpt>
      <trkpt lat="36.8654229" lon="138.2098986">
        <ele>515.4335061478129</ele>
      </trkpt>
      <trkpt lat="36.8654131" lon="138.2099123">
        <ele>515.4771974901771</ele>
      </trkpt>
      <trkpt lat="36.8654033" lon="138.2099261">
        <ele>515.512319769431</ele>
      </trkpt>
      <trkpt lat="36.8654001" lon="138.2099521">
        <ele>515.5216398965102</ele>
      </trkpt>
      <trkpt lat="36.8653969" lon="138.2099781">
        <ele>515.5309600232171</ele>
      </trkpt>
      <trkpt lat="36.8653984" lon="138.2100097">
        <ele>515.5222876937199</ele>
      </trkpt>
      <trkpt lat="36.8654" lon="138.2100413">
        <ele>515.5143446551572</ele>
      </trkpt>
      <trkpt lat="36.865404" lon="138.2100754">
        <ele>515.5046822702789</ele>
      </trkpt>
      <trkpt lat="36.865408" lon="138.2101095">
        <ele>515.4996484210476</ele>
      </trkpt>
      <trkpt lat="36.8654117" lon="138.2101441">
        <ele>515.499329281469</ele>
      </trkpt>
      <trkpt lat="36.8654155" lon="138.2101787">
        <ele>515.4741296792703</ele>
      </trkpt>
      <trkpt lat="36.8654188" lon="138.2102123">
        <ele>515.4428142327274</ele>
      </trkpt>
      <trkpt lat="36.8654221" lon="138.210246">
        <ele>515.4135405524878</ele>
      </trkpt>
      <trkpt lat="36.8654253" lon="138.2102794">
        <ele>515.37928679695</ele>
      </trkpt>
      <trkpt lat="36.8654285" lon="138.2103128">
        <ele>515.3450330415985</ele>
      </trkpt>
      <trkpt lat="36.865433" lon="138.2103464">
        <ele>515.2631355847475</ele>
      </trkpt>
      <trkpt lat="36.8654375" lon="138.21038">
        <ele>515.1522482899023</ele>
      </trkpt>
      <trkpt lat="36.8654473" lon="138.210413">
        <ele>515.0556694665461</ele>
      </trkpt>
      <trkpt lat="36.8654571" lon="138.2104461">
        <ele>515.0313766254349</ele>
      </trkpt>
      <trkpt lat="36.8654746" lon="138.2104769">
        <ele>515.0209767684341</ele>
      </trkpt>
      <trkpt lat="36.8654921" lon="138.2105077">
        <ele>515.0202438021731</ele>
      </trkpt>
      <trkpt lat="36.8655167" lon="138.2105327">
        <ele>515.0343818473455</ele>
      </trkpt>
      <trkpt lat="36.8655413" lon="138.2105577">
        <ele>515.0276507363216</ele>
      </trkpt>
      <trkpt lat="36.86557" lon="138.2105769">
        <ele>515.0067961173132</ele>
      </trkpt>
      <trkpt lat="36.8655988" lon="138.2105961">
        <ele>515.0033418804893</ele>
      </trkpt>
      <trkpt lat="36.8656285" lon="138.2106115">
        <ele>515</ele>
      </trkpt>
      <trkpt lat="36.8656583" lon="138.210627">
        <ele>515</ele>
      </trkpt>
      <trkpt lat="36.8656881" lon="138.2106399">
        <ele>514.9771078917686</ele>
      </trkpt>
      <trkpt lat="36.8657179" lon="138.2106528">
        <ele>514.8535967154091</ele>
      </trkpt>
      <trkpt lat="36.8657472" lon="138.2106657">
        <ele>514.7192008226798</ele>
      </trkpt>
      <trkpt lat="36.8657766" lon="138.2106787">
        <ele>514.6206413596774</ele>
      </trkpt>
      <trkpt lat="36.8658051" lon="138.2106929">
        <ele>514.5196670584152</ele>
      </trkpt>
      <trkpt lat="36.8658336" lon="138.2107072">
        <ele>514.3730863665236</ele>
      </trkpt>
      <trkpt lat="36.8658613" lon="138.210723">
        <ele>514.1933223909238</ele>
      </trkpt>
      <trkpt lat="36.865889" lon="138.2107389">
        <ele>514.0134418483824</ele>
      </trkpt>
      <trkpt lat="36.8659157" lon="138.2107565">
        <ele>513.8398587713019</ele>
      </trkpt>
      <trkpt lat="36.8659424" lon="138.2107741">
        <ele>513.6843280771751</ele>
      </trkpt>
      <trkpt lat="36.8659699" lon="138.2107929">
        <ele>513.5241372305904</ele>
      </trkpt>
      <trkpt lat="36.8659974" lon="138.2108117">
        <ele>513.3639463264501</ele>
      </trkpt>
      <trkpt lat="36.8660264" lon="138.2108308">
        <ele>513.1987544185023</ele>
      </trkpt>
      <trkpt lat="36.8660555" lon="138.21085">
        <ele>513.174185474608</ele>
      </trkpt>
      <trkpt lat="36.8660852" lon="138.2108673">
        <ele>513.148809632078</ele>
      </trkpt>
      <trkpt lat="36.8661149" lon="138.2108847">
        <ele>513.1975541252821</ele>
      </trkpt>
      <trkpt lat="36.8661459" lon="138.2108979">
        <ele>513.2930467315387</ele>
      </trkpt>
      <trkpt lat="36.8661769" lon="138.2109112">
        <ele>513.430165548293</ele>
      </trkpt>
      <trkpt lat="36.8662086" lon="138.2109193">
        <ele>513.5892395794882</ele>
      </trkpt>
      <trkpt lat="36.8662404" lon="138.2109275">
        <ele>513.7692821642071</ele>
      </trkpt>
      <trkpt lat="36.8662725" lon="138.21093">
        <ele>514.0092306581894</ele>
      </trkpt>
      <trkpt lat="36.8663047" lon="138.2109325">
        <ele>514.2471732612537</ele>
      </trkpt>
      <trkpt lat="36.866337" lon="138.21093">
        <ele>514.4745669425484</ele>
      </trkpt>
      <trkpt lat="36.8663694" lon="138.2109276">
        <ele>514.70330169187</ele>
      </trkpt>
      <trkpt lat="36.8664012" lon="138.2109218">
        <ele>514.7891641572129</ele>
      </trkpt>
      <trkpt lat="36.866433" lon="138.2109161">
        <ele>514.875143169613</ele>
      </trkpt>
      <trkpt lat="36.8664631" lon="138.21091">
        <ele>514.9487449306306</ele>
      </trkpt>
      <trkpt lat="36.8664932" lon="138.210904">
        <ele>515.0155581328459</ele>
      </trkpt>
      <trkpt lat="36.8665219" lon="138.2109017">
        <ele>515.0432466204285</ele>
      </trkpt>
      <trkpt lat="36.8665507" lon="138.2108994">
        <ele>515.0378872320063</ele>
      </trkpt>
      <trkpt lat="36.8665774" lon="138.2109033">
        <ele>515.0469748906797</ele>
      </trkpt>
      <trkpt lat="36.8666042" lon="138.2109072">
        <ele>515.0560625493532</ele>
      </trkpt>
      <trkpt lat="36.8666293" lon="138.2109163">
        <ele>515.077267086227</ele>
      </trkpt>
      <trkpt lat="36.8666545" lon="138.2109255">
        <ele>515.0827647237343</ele>
      </trkpt>
      <trkpt lat="36.8666796" lon="138.210939">
        <ele>515.0546716325026</ele>
      </trkpt>
      <trkpt lat="36.8667048" lon="138.2109526">
        <ele>515.0141511284902</ele>
      </trkpt>
      <trkpt lat="36.8667303" lon="138.210968">
        <ele>514.9736729639121</ele>
      </trkpt>
      <trkpt lat="36.8667559" lon="138.2109835">
        <ele>514.9363918010853</ele>
      </trkpt>
      <trkpt lat="36.8667805" lon="138.2110013">
        <ele>514.90056692192</ele>
      </trkpt>
      <trkpt lat="36.8668052" lon="138.2110191">
        <ele>514.8123843550694</ele>
      </trkpt>
      <trkpt lat="36.8668268" lon="138.2110421">
        <ele>514.6958784483846</ele>
      </trkpt>
      <trkpt lat="36.8668484" lon="138.2110651">
        <ele>514.5793725237253</ele>
      </trkpt>
      <trkpt lat="36.8668642" lon="138.2110937">
        <ele>514.4687069254471</ele>
      </trkpt>
      <trkpt lat="36.86688" lon="138.2111224">
        <ele>514.3250583827501</ele>
      </trkpt>
      <trkpt lat="36.8668909" lon="138.2111538">
        <ele>514.183560128557</ele>
      </trkpt>
      <trkpt lat="36.8669018" lon="138.2111853">
        <ele>514.0442418329064</ele>
      </trkpt>
      <trkpt lat="36.8669102" lon="138.2112157">
        <ele>513.9528278918142</ele>
      </trkpt>
      <trkpt lat="36.8669187" lon="138.2112461">
        <ele>513.853044499506</ele>
      </trkpt>
      <trkpt lat="36.8669233" lon="138.2112755">
        <ele>513.784688064752</ele>
      </trkpt>
      <trkpt lat="36.866928" lon="138.211305">
        <ele>513.7656174625731</ele>
      </trkpt>
      <trkpt lat="36.8669311" lon="138.2113414">
        <ele>513.7467624617184</ele>
      </trkpt>
      <trkpt lat="36.8669343" lon="138.2113778">
        <ele>513.6972830886482</ele>
      </trkpt>
      <trkpt lat="36.8669415" lon="138.2114153">
        <ele>513.6045667874359</ele>
      </trkpt>
      <trkpt lat="36.8669488" lon="138.2114528">
        <ele>513.5294884622288</ele>
      </trkpt>
      <trkpt lat="36.8669613" lon="138.2114896">
        <ele>513.4701581414447</ele>
      </trkpt>
      <trkpt lat="36.8669739" lon="138.2115265">
        <ele>513.3945127475462</ele>
      </trkpt>
      <trkpt lat="36.8669891" lon="138.2115629">
        <ele>513.2825653174185</ele>
      </trkpt>
      <trkpt lat="36.8670044" lon="138.2115993">
        <ele>513.1509916784864</ele>
      </trkpt>
      <trkpt lat="36.8670169" lon="138.211635">
        <ele>513.0751212973126</ele>
      </trkpt>
      <trkpt lat="36.8670295" lon="138.2116707">
        <ele>513.0371949581117</ele>
      </trkpt>
      <trkpt lat="36.8670332" lon="138.2117038">
        <ele>513.0873515712809</ele>
      </trkpt>
      <trkpt lat="36.867037" lon="138.2117369">
        <ele>513.2139390327981</ele>
      </trkpt>
      <trkpt lat="36.8670282" lon="138.2117663">
        <ele>513.4150302049018</ele>
      </trkpt>
      <trkpt lat="36.8670195" lon="138.2117957">
        <ele>513.6279385179496</ele>
      </trkpt>
      <trkpt lat="36.8670008" lon="138.2118206">
        <ele>513.8847032986903</ele>
      </trkpt>
      <trkpt lat="36.8669821" lon="138.2118455">
        <ele>514.1128289699562</ele>
      </trkpt>
      <trkpt lat="36.8669601" lon="138.2118671">
        <ele>514.3416466454981</ele>
      </trkpt>
      <trkpt lat="36.8669382" lon="138.2118888">
        <ele>514.5332979094983</ele>
      </trkpt>
      <trkpt lat="36.8669179" lon="138.2119091">
        <ele>514.6920737178536</ele>
      </trkpt>
      <trkpt lat="36.8668977" lon="138.2119295">
        <ele>514.8278608560803</ele>
      </trkpt>
      <trkpt lat="36.8668844" lon="138.2119499">
        <ele>514.9335026013673</ele>
      </trkpt>
      <trkpt lat="36.8668711" lon="138.2119704">
        <ele>515.0278830767948</ele>
      </trkpt>
      <trkpt lat="36.8668704" lon="138.2119936">
        <ele>515.0660052419597</ele>
      </trkpt>
      <trkpt lat="36.8668698" lon="138.2120168">
        <ele>515.1032425451883</ele>
      </trkpt>
      <trkpt lat="36.8668803" lon="138.2120422">
        <ele>515.1106790294277</ele>
      </trkpt>
      <trkpt lat="36.8668908" lon="138.2120676">
        <ele>515.0918539955082</ele>
      </trkpt>
      <trkpt lat="36.8669063" lon="138.2120933">
        <ele>515.045137487123</ele>
      </trkpt>
      <trkpt lat="36.8669219" lon="138.212119">
        <ele>514.9892929154448</ele>
      </trkpt>
      <trkpt lat="36.8669396" lon="138.2121445">
        <ele>514.9512317346082</ele>
      </trkpt>
      <trkpt lat="36.8669574" lon="138.2121701">
        <ele>514.9071189578873</ele>
      </trkpt>
      <trkpt lat="36.8669767" lon="138.212195">
        <ele>514.841322059201</ele>
      </trkpt>
      <trkpt lat="36.8669961" lon="138.2122199">
        <ele>514.7855915745009</ele>
      </trkpt>
      <trkpt lat="36.867016" lon="138.2122437">
        <ele>514.7427010433313</ele>
      </trkpt>
      <trkpt lat="36.8670359" lon="138.2122676">
        <ele>514.6836554016554</ele>
      </trkpt>
      <trkpt lat="36.8670568" lon="138.21229">
        <ele>514.6072730995253</ele>
      </trkpt>
      <trkpt lat="36.8670777" lon="138.2123125">
        <ele>514.535509737023</ele>
      </trkpt>
      <trkpt lat="36.8671005" lon="138.2123329">
        <ele>514.4691023649659</ele>
      </trkpt>
      <trkpt lat="36.8671233" lon="138.2123534">
        <ele>514.4026949731182</ele>
      </trkpt>
      <trkpt lat="36.8671477" lon="138.2123723">
        <ele>514.3316273914662</ele>
      </trkpt>
      <trkpt lat="36.8671721" lon="138.2123913">
        <ele>514.2462935897531</ele>
      </trkpt>
      <trkpt lat="36.8671976" lon="138.21241">
        <ele>514.1235748063986</ele>
      </trkpt>
      <trkpt lat="36.8672232" lon="138.2124288">
        <ele>513.9883729434551</ele>
      </trkpt>
      <trkpt lat="36.8672489" lon="138.2124474">
        <ele>513.8694479731345</ele>
      </trkpt>
      <trkpt lat="36.8672746" lon="138.212466">
        <ele>513.7499692781391</ele>
      </trkpt>
      <trkpt lat="36.8672997" lon="138.2124853">
        <ele>513.6093128759006</ele>
      </trkpt>
      <trkpt lat="36.8673249" lon="138.2125047">
        <ele>513.480971064364</ele>
      </trkpt>
      <trkpt lat="36.8673493" lon="138.2125255">
        <ele>513.3531803579543</ele>
      </trkpt>
      <trkpt lat="36.8673737" lon="138.2125464">
        <ele>513.2222284052527</ele>
      </trkpt>
      <trkpt lat="36.8673978" lon="138.212568">
        <ele>513.091771536507</ele>
      </trkpt>
      <trkpt lat="36.8674219" lon="138.2125896">
        <ele>512.9613146345602</ele>
      </trkpt>
      <trkpt lat="36.8674461" lon="138.2126115">
        <ele>512.8300712814095</ele>
      </trkpt>
      <trkpt lat="36.8674703" lon="138.2126335">
        <ele>512.6982850433342</ele>
      </trkpt>
      <trkpt lat="36.8674945" lon="138.2126554">
        <ele>512.5822998667146</ele>
      </trkpt>
      <trkpt lat="36.8675187" lon="138.2126773">
        <ele>512.4765717624699</ele>
      </trkpt>
      <trkpt lat="36.8675432" lon="138.2126983">
        <ele>512.3761152530485</ele>
      </trkpt>
      <trkpt lat="36.8675677" lon="138.2127194">
        <ele>512.3034696182265</ele>
      </trkpt>
      <trkpt lat="36.8675924" lon="138.2127401">
        <ele>512.2388464252422</ele>
      </trkpt>
      <trkpt lat="36.8676172" lon="138.2127608">
        <ele>512.1350537368758</ele>
      </trkpt>
      <trkpt lat="36.8676408" lon="138.2127812">
        <ele>512.0229400629717</ele>
      </trkpt>
      <trkpt lat="36.8676644" lon="138.2128017">
        <ele>511.9272647660164</ele>
      </trkpt>
      <trkpt lat="36.8676864" lon="138.2128234">
        <ele>511.8544673803507</ele>
      </trkpt>
      <trkpt lat="36.8677084" lon="138.2128451">
        <ele>511.7836330143742</ele>
      </trkpt>
      <trkpt lat="36.8677291" lon="138.2128682">
        <ele>511.7201093644142</ele>
      </trkpt>
      <trkpt lat="36.8677499" lon="138.2128914">
        <ele>511.6439489804626</ele>
      </trkpt>
      <trkpt lat="36.8677699" lon="138.2129152">
        <ele>511.5633748352631</ele>
      </trkpt>
      <trkpt lat="36.8677899" lon="138.2129391">
        <ele>511.4991509280222</ele>
      </trkpt>
      <trkpt lat="36.8678089" lon="138.2129641">
        <ele>511.4584327983805</ele>
      </trkpt>
      <trkpt lat="36.8678279" lon="138.2129891">
        <ele>511.3842973764305</ele>
      </trkpt>
      <trkpt lat="36.8678462" lon="138.2130148">
        <ele>511.3272908134475</ele>
      </trkpt>
      <trkpt lat="36.8678645" lon="138.2130406">
        <ele>511.2865679921289</ele>
      </trkpt>
      <trkpt lat="36.8678827" lon="138.2130658">
        <ele>511.25639737899996</ele>
      </trkpt>
      <trkpt lat="36.867901" lon="138.213091">
        <ele>511.2109037322933</ele>
      </trkpt>
      <trkpt lat="36.86792" lon="138.2131162">
        <ele>511.16063393713046</ele>
      </trkpt>
      <trkpt lat="36.867939" lon="138.2131415">
        <ele>511.1107136328477</ele>
      </trkpt>
      <trkpt lat="36.8679586" lon="138.2131661">
        <ele>511.0638181874997</ele>
      </trkpt>
      <trkpt lat="36.8679783" lon="138.2131908">
        <ele>511.0354811306114</ele>
      </trkpt>
      <trkpt lat="36.8679982" lon="138.2132129">
        <ele>510.9935708393577</ele>
      </trkpt>
      <trkpt lat="36.8680182" lon="138.213235">
        <ele>510.9490269452334</ele>
      </trkpt>
      <trkpt lat="36.8680384" lon="138.2132528">
        <ele>510.8554749831563</ele>
      </trkpt>
      <trkpt lat="36.8680586" lon="138.2132707">
        <ele>510.76238900837586</ele>
      </trkpt>
      <trkpt lat="36.8680803" lon="138.2132831">
        <ele>510.63056424111255</ele>
      </trkpt>
      <trkpt lat="36.868102" lon="138.2132955">
        <ele>510.54662955105414</ele>
      </trkpt>
      <trkpt lat="36.8681253" lon="138.2133012">
        <ele>510.4374643080878</ele>
      </trkpt>
      <trkpt lat="36.8681486" lon="138.213307">
        <ele>510.3287650575873</ele>
      </trkpt>
      <trkpt lat="36.8681732" lon="138.2133062">
        <ele>510.1817346585923</ele>
      </trkpt>
      <trkpt lat="36.8681979" lon="138.2133054">
        <ele>510.0341216838923</ele>
      </trkpt>
      <trkpt lat="36.8682228" lon="138.2132992">
        <ele>509.86017777994283</ele>
      </trkpt>
      <trkpt lat="36.8682478" lon="138.2132931">
        <ele>509.77964149349873</ele>
      </trkpt>
      <trkpt lat="36.8682723" lon="138.2132839">
        <ele>509.6783188370881</ele>
      </trkpt>
      <trkpt lat="36.8682969" lon="138.2132748">
        <ele>509.5774830168949</ele>
      </trkpt>
      <trkpt lat="36.8683203" lon="138.2132656">
        <ele>509.4977576239971</ele>
      </trkpt>
      <trkpt lat="36.8683438" lon="138.2132565">
        <ele>509.4112741981589</ele>
      </trkpt>
      <trkpt lat="36.868364" lon="138.2132501">
        <ele>509.3572495316632</ele>
      </trkpt>
      <trkpt lat="36.8683843" lon="138.2132438">
        <ele>509.3723361958292</ele>
      </trkpt>
      <trkpt lat="36.8683999" lon="138.2132414">
        <ele>509.39576105932304</ele>
      </trkpt>
      <trkpt lat="36.8684155" lon="138.213239">
        <ele>509.41601950834615</ele>
      </trkpt>
      <trkpt lat="36.8684275" lon="138.2132389">
        <ele>509.44810132939745</ele>
      </trkpt>
      <trkpt lat="36.8684396" lon="138.2132388">
        <ele>509.46647971936045</ele>
      </trkpt>
      <trkpt lat="36.8684499" lon="138.213242">
        <ele>509.5150343281684</ele>
      </trkpt>
      <trkpt lat="36.8684603" lon="138.2132453">
        <ele>509.5594051361141</ele>
      </trkpt>
      <trkpt lat="36.868469" lon="138.2132518">
        <ele>509.6222053769103</ele>
      </trkpt>
      <trkpt lat="36.8684777" lon="138.2132583">
        <ele>509.68692463872765</ele>
      </trkpt>
      <trkpt lat="36.8684827" lon="138.2132664">
        <ele>509.759482022429</ele>
      </trkpt>
      <trkpt lat="36.8684877" lon="138.2132745">
        <ele>509.83341377114635</ele>
      </trkpt>
      <trkpt lat="36.868487" lon="138.2132844">
        <ele>509.9109935089278</ele>
      </trkpt>
      <trkpt lat="36.8684863" lon="138.2132943">
        <ele>509.988338078406</ele>
      </trkpt>
      <trkpt lat="36.8684787" lon="138.2133083">
        <ele>510.08041684495925</ele>
      </trkpt>
      <trkpt lat="36.8684711" lon="138.2133224">
        <ele>510.1696556124337</ele>
      </trkpt>
      <trkpt lat="36.8684578" lon="138.2133413">
        <ele>510.26799072465</ele>
      </trkpt>
      <trkpt lat="36.8684446" lon="138.2133602">
        <ele>510.36166424220494</ele>
      </trkpt>
      <trkpt lat="36.8684274" lon="138.2133828">
        <ele>510.46820169009305</ele>
      </trkpt>
      <trkpt lat="36.8684103" lon="138.2134054">
        <ele>510.5537346649318</ele>
      </trkpt>
      <trkpt lat="36.8683913" lon="138.2134304">
        <ele>510.60855320010177</ele>
      </trkpt>
      <trkpt lat="36.8683723" lon="138.2134555">
        <ele>510.6713084034364</ele>
      </trkpt>
      <trkpt lat="36.8683533" lon="138.2134824">
        <ele>510.78388470721853</ele>
      </trkpt>
      <trkpt lat="36.8683343" lon="138.2135093">
        <ele>510.9083608615712</ele>
      </trkpt>
      <trkpt lat="36.8683161" lon="138.2135356">
        <ele>511.0489416432405</ele>
      </trkpt>
      <trkpt lat="36.868298" lon="138.213562">
        <ele>511.22262500217016</ele>
      </trkpt>
      <trkpt lat="36.8682808" lon="138.213586">
        <ele>511.4256856600301</ele>
      </trkpt>
      <trkpt lat="36.8682637" lon="138.21361">
        <ele>511.6651880378015</ele>
      </trkpt>
      <trkpt lat="36.8682485" lon="138.21363">
        <ele>511.8904554833607</ele>
      </trkpt>
      <trkpt lat="36.8682333" lon="138.2136501">
        <ele>512.1372520229419</ele>
      </trkpt>
      <trkpt lat="36.8682199" lon="138.2136656">
        <ele>512.356174238237</ele>
      </trkpt>
      <trkpt lat="36.8682065" lon="138.2136811">
        <ele>512.6029249264719</ele>
      </trkpt>
      <trkpt lat="36.8681952" lon="138.2136928">
        <ele>512.8084979667592</ele>
      </trkpt>
      <trkpt lat="36.868184" lon="138.2137046">
        <ele>513.0232717860556</ele>
      </trkpt>
      <trkpt lat="36.8681752" lon="138.2137146">
        <ele>513.2062849766979</ele>
      </trkpt>
      <trkpt lat="36.8681664" lon="138.2137246">
        <ele>513.395270679543</ele>
      </trkpt>
      <trkpt lat="36.8681587" lon="138.213734">
        <ele>513.5730068136413</ele>
      </trkpt>
      <trkpt lat="36.868151" lon="138.2137435">
        <ele>513.7623453534654</ele>
      </trkpt>
      <trkpt lat="36.8681446" lon="138.2137538">
        <ele>513.956969213011</ele>
      </trkpt>
      <trkpt lat="36.8681382" lon="138.2137641">
        <ele>514.1553611328407</ele>
      </trkpt>
      <trkpt lat="36.8681307" lon="138.2137746">
        <ele>514.3748895109353</ele>
      </trkpt>
      <trkpt lat="36.8681233" lon="138.2137851">
        <ele>514.5985071747614</ele>
      </trkpt>
      <trkpt lat="36.868112" lon="138.2137953">
        <ele>514.8738245820675</ele>
      </trkpt>
      <trkpt lat="36.8681008" lon="138.2138055">
        <ele>515.1556399510168</ele>
      </trkpt>
      <trkpt lat="36.8680851" lon="138.2138133">
        <ele>515.4747844248831</ele>
      </trkpt>
      <trkpt lat="36.8680695" lon="138.2138212">
        <ele>515.868470680402</ele>
      </trkpt>
      <trkpt lat="36.8680477" lon="138.2138252">
        <ele>516.3251664004852</ele>
      </trkpt>
      <trkpt lat="36.868026" lon="138.2138292">
        <ele>516.7859382457133</ele>
      </trkpt>
      <trkpt lat="36.8680003" lon="138.2138294">
        <ele>517.3268003836436</ele>
      </trkpt>
      <trkpt lat="36.8679746" lon="138.2138297">
        <ele>517.9054052287872</ele>
      </trkpt>
      <trkpt lat="36.8679476" lon="138.2138314">
        <ele>518.5454640746327</ele>
      </trkpt>
      <trkpt lat="36.8679206" lon="138.2138332">
        <ele>519.2757863256263</ele>
      </trkpt>
      <trkpt lat="36.8678945" lon="138.2138391">
        <ele>520.0850852990297</ele>
      </trkpt>
      <trkpt lat="36.8678685" lon="138.2138451">
        <ele>520.8958493922054</ele>
      </trkpt>
      <trkpt lat="36.8678438" lon="138.213854">
        <ele>521.7687915370528</ele>
      </trkpt>
      <trkpt lat="36.8678192" lon="138.2138629">
        <ele>522.6689708991576</ele>
      </trkpt>
      <trkpt lat="36.8677929" lon="138.2138715">
        <ele>523.6343255947005</ele>
      </trkpt>
      <trkpt lat="36.8677667" lon="138.2138802">
        <ele>524.6311083158696</ele>
      </trkpt>
      <trkpt lat="36.8677369" lon="138.2138866">
        <ele>525.6595506859215</ele>
      </trkpt>
      <trkpt lat="36.8677071" lon="138.2138931">
        <ele>526.6392102853484</ele>
      </trkpt>
      <trkpt lat="36.8676728" lon="138.213895">
        <ele>527.5689902112962</ele>
      </trkpt>
      <trkpt lat="36.8676385" lon="138.2138969">
        <ele>528.5331761924663</ele>
      </trkpt>
      <trkpt lat="36.8676031" lon="138.21389">
        <ele>529.1599963176905</ele>
      </trkpt>
      <trkpt lat="36.8675678" lon="138.2138832">
        <ele>529.7204008301426</ele>
      </trkpt>
      <trkpt lat="36.8675346" lon="138.2138683">
        <ele>529.874508803875</ele>
      </trkpt>
      <trkpt lat="36.8675014" lon="138.2138535">
        <ele>530.0244238518732</ele>
      </trkpt>
      <trkpt lat="36.8674696" lon="138.2138374">
        <ele>530.0630813602372</ele>
      </trkpt>
      <trkpt lat="36.8674379" lon="138.2138213">
        <ele>530.2012515199585</ele>
      </trkpt>
      <trkpt lat="36.8674086" lon="138.213805">
        <ele>530.2578968961029</ele>
      </trkpt>
      <trkpt lat="36.8673794" lon="138.2137888">
        <ele>530.3569276023997</ele>
      </trkpt>
      <trkpt lat="36.8673521" lon="138.2137738">
        <ele>530.4678327761463</ele>
      </trkpt>
      <trkpt lat="36.8673248" lon="138.2137588">
        <ele>530.5727436442121</ele>
      </trkpt>
      <trkpt lat="36.8672977" lon="138.2137458">
        <ele>530.8159994537956</ele>
      </trkpt>
      <trkpt lat="36.8672706" lon="138.2137329">
        <ele>531.0642519455416</ele>
      </trkpt>
      <trkpt lat="36.8672415" lon="138.2137224">
        <ele>531.5175684916373</ele>
      </trkpt>
      <trkpt lat="36.8672125" lon="138.2137119">
        <ele>531.9798012641172</ele>
      </trkpt>
      <trkpt lat="36.8671835" lon="138.213702">
        <ele>532.4666600478823</ele>
      </trkpt>
      <trkpt lat="36.8671546" lon="138.2136921">
        <ele>532.9658074076297</ele>
      </trkpt>
      <trkpt lat="36.8671254" lon="138.2136802">
        <ele>533.3883497667039</ele>
      </trkpt>
      <trkpt lat="36.8670962" lon="138.2136683">
        <ele>533.8618131822216</ele>
      </trkpt>
      <trkpt lat="36.867068" lon="138.213655">
        <ele>534.2640237749101</ele>
      </trkpt>
      <trkpt lat="36.8670399" lon="138.2136418">
        <ele>534.635966393125</ele>
      </trkpt>
      <trkpt lat="36.8670159" lon="138.2136289">
        <ele>534.8576198299584</ele>
      </trkpt>
      <trkpt lat="36.866992" lon="138.213616">
        <ele>535.0656592185452</ele>
      </trkpt>
      <trkpt lat="36.8669703" lon="138.2136026">
        <ele>535.1500730452206</ele>
      </trkpt>
      <trkpt lat="36.8669486" lon="138.2135892">
        <ele>535.2171791548702</ele>
      </trkpt>
      <trkpt lat="36.8669266" lon="138.2135753">
        <ele>535.2900656820544</ele>
      </trkpt>
      <trkpt lat="36.8669047" lon="138.2135614">
        <ele>535.2790609655436</ele>
      </trkpt>
      <trkpt lat="36.8668825" lon="138.213547">
        <ele>535.2091355586892</ele>
      </trkpt>
      <trkpt lat="36.8668604" lon="138.2135327">
        <ele>535.1409577203917</ele>
      </trkpt>
      <trkpt lat="36.8668387" lon="138.2135188">
        <ele>535.0230951350645</ele>
      </trkpt>
      <trkpt lat="36.8668171" lon="138.213505">
        <ele>534.835696570705</ele>
      </trkpt>
      <trkpt lat="36.8667945" lon="138.2134938">
        <ele>534.7878796595655</ele>
      </trkpt>
      <trkpt lat="36.866772" lon="138.2134826">
        <ele>534.6887104007513</ele>
      </trkpt>
      <trkpt lat="36.8667462" lon="138.2134732">
        <ele>534.5871497568776</ele>
      </trkpt>
      <trkpt lat="36.8667204" lon="138.2134638">
        <ele>534.4608998960487</ele>
      </trkpt>
      <trkpt lat="36.8666924" lon="138.2134544">
        <ele>534.2330369873675</ele>
      </trkpt>
      <trkpt lat="36.8666644" lon="138.2134451">
        <ele>533.9652954286206</ele>
      </trkpt>
      <trkpt lat="36.8666358" lon="138.2134376">
        <ele>533.7221630538708</ele>
      </trkpt>
      <trkpt lat="36.8666072" lon="138.2134301">
        <ele>533.3305601127936</ele>
      </trkpt>
      <trkpt lat="36.8665775" lon="138.2134252">
        <ele>533.0405794683222</ele>
      </trkpt>
      <trkpt lat="36.8665478" lon="138.2134203">
        <ele>532.7014763933985</ele>
      </trkpt>
      <trkpt lat="36.8665168" lon="138.2134175">
        <ele>532.4453871652906</ele>
      </trkpt>
      <trkpt lat="36.8664858" lon="138.2134148">
        <ele>532.1679953082096</ele>
      </trkpt>
      <trkpt lat="36.8664543" lon="138.2134125">
        <ele>531.9004947618898</ele>
      </trkpt>
      <trkpt lat="36.8664229" lon="138.2134102">
        <ele>531.6988000842473</ele>
      </trkpt>
      <trkpt lat="36.8663921" lon="138.2134087">
        <ele>531.5960285548097</ele>
      </trkpt>
      <trkpt lat="36.8663613" lon="138.2134073">
        <ele>531.5295737895193</ele>
      </trkpt>
      <trkpt lat="36.8663309" lon="138.2134083">
        <ele>531.655398793519</ele>
      </trkpt>
      <trkpt lat="36.8663006" lon="138.2134094">
        <ele>531.7846607754008</ele>
      </trkpt>
      <trkpt lat="36.8662705" lon="138.2134115">
        <ele>531.9920601481535</ele>
      </trkpt>
      <trkpt lat="36.8662404" lon="138.2134136">
        <ele>532.2021257838379</ele>
      </trkpt>
      <trkpt lat="36.86621" lon="138.2134157">
        <ele>532.3533312868572</ele>
      </trkpt>
      <trkpt lat="36.8661796" lon="138.2134179">
        <ele>532.4847506657721</ele>
      </trkpt>
      <trkpt lat="36.8661497" lon="138.2134215">
        <ele>532.6694789020163</ele>
      </trkpt>
      <trkpt lat="36.8661198" lon="138.2134251">
        <ele>532.8497731966396</ele>
      </trkpt>
      <trkpt lat="36.8660919" lon="138.2134298">
        <ele>533.0505220365127</ele>
      </trkpt>
      <trkpt lat="36.866064" lon="138.2134346">
        <ele>533.0819477450802</ele>
      </trkpt>
      <trkpt lat="36.8660366" lon="138.2134388">
        <ele>533.0969695564203</ele>
      </trkpt>
      <trkpt lat="36.8660093" lon="138.2134431">
        <ele>533.0967637946557</ele>
      </trkpt>
      <trkpt lat="36.8659801" lon="138.213447">
        <ele>533.0554934745135</ele>
      </trkpt>
      <trkpt lat="36.8659509" lon="138.2134509">
        <ele>533.0180876110936</ele>
      </trkpt>
      <trkpt lat="36.8659196" lon="138.2134535">
        <ele>532.9168346094359</ele>
      </trkpt>
      <trkpt lat="36.8658883" lon="138.2134562">
        <ele>532.8225373709132</ele>
      </trkpt>
      <trkpt lat="36.8658564" lon="138.2134568">
        <ele>532.7544565870434</ele>
      </trkpt>
      <trkpt lat="36.8658245" lon="138.2134574">
        <ele>532.686711859471</ele>
      </trkpt>
      <trkpt lat="36.8657921" lon="138.2134572">
        <ele>532.7234179923939</ele>
      </trkpt>
      <trkpt lat="36.8657598" lon="138.2134571">
        <ele>532.7892069762979</ele>
      </trkpt>
      <trkpt lat="36.8657279" lon="138.2134584">
        <ele>533.0150137396338</ele>
      </trkpt>
      <trkpt lat="36.8656961" lon="138.2134597">
        <ele>533.2780564751358</ele>
      </trkpt>
      <trkpt lat="36.8656668" lon="138.2134652">
        <ele>533.7564469634093</ele>
      </trkpt>
      <trkpt lat="36.8656376" lon="138.2134707">
        <ele>534.2847962166422</ele>
      </trkpt>
      <trkpt lat="36.8656103" lon="138.21348">
        <ele>534.9601750643432</ele>
      </trkpt>
      <trkpt lat="36.8655831" lon="138.2134894">
        <ele>535.680977864632</ele>
      </trkpt>
      <trkpt lat="36.8655589" lon="138.2135026">
        <ele>536.5064958232927</ele>
      </trkpt>
      <trkpt lat="36.8655348" lon="138.2135159">
        <ele>537.3727144870547</ele>
      </trkpt>
      <trkpt lat="36.8655106" lon="138.2135297">
        <ele>538.270631839608</ele>
      </trkpt>
      <trkpt lat="36.8654864" lon="138.2135436">
        <ele>539.1614282450716</ele>
      </trkpt>
      <trkpt lat="36.86546" lon="138.2135567">
        <ele>540.049514532043</ele>
      </trkpt>
      <trkpt lat="36.8654336" lon="138.2135699">
        <ele>540.9491725824544</ele>
      </trkpt>
      <trkpt lat="36.8654065" lon="138.213582">
        <ele>541.8073682050688</ele>
      </trkpt>
      <trkpt lat="36.8653795" lon="138.2135941">
        <ele>542.5627596128938</ele>
      </trkpt>
      <trkpt lat="36.8653531" lon="138.2136022">
        <ele>543.1533553912515</ele>
      </trkpt>
      <trkpt lat="36.8653268" lon="138.2136103">
        <ele>543.7151648650605</ele>
      </trkpt>
      <trkpt lat="36.8653017" lon="138.2136137">
        <ele>544.0240515755366</ele>
      </trkpt>
      <trkpt lat="36.8652766" lon="138.2136172">
        <ele>544.3403670778666</ele>
      </trkpt>
      <trkpt lat="36.8652525" lon="138.2136186">
        <ele>544.4636957278595</ele>
      </trkpt>
      <trkpt lat="36.8652284" lon="138.2136201">
        <ele>544.5599804300238</ele>
      </trkpt>
      <trkpt lat="36.8652047" lon="138.2136225">
        <ele>544.701140872673</ele>
      </trkpt>
      <trkpt lat="36.865181" lon="138.213625">
        <ele>544.8244088898414</ele>
      </trkpt>
      <trkpt lat="36.8651569" lon="138.2136316">
        <ele>545.1396807398648</ele>
      </trkpt>
      <trkpt lat="36.8651329" lon="138.2136383">
        <ele>545.4597294365058</ele>
      </trkpt>
      <trkpt lat="36.8651069" lon="138.2136493">
        <ele>545.9095876368235</ele>
      </trkpt>
      <trkpt lat="36.8650809" lon="138.2136603">
        <ele>546.359314993351</ele>
      </trkpt>
      <trkpt lat="36.8650522" lon="138.2136679">
        <ele>546.6222742526526</ele>
      </trkpt>
      <trkpt lat="36.8650236" lon="138.2136756">
        <ele>546.8800244336896</ele>
      </trkpt>
      <trkpt lat="36.8649946" lon="138.2136765">
        <ele>546.8041910221391</ele>
      </trkpt>
      <trkpt lat="36.8649656" lon="138.2136775">
        <ele>546.7685059993831</ele>
      </trkpt>
      <trkpt lat="36.864937" lon="138.2136734">
        <ele>546.4688956508489</ele>
      </trkpt>
      <trkpt lat="36.8649085" lon="138.2136693">
        <ele>546.2236881001318</ele>
      </trkpt>
      <trkpt lat="36.8648797" lon="138.2136631">
        <ele>545.9132118563377</ele>
      </trkpt>
      <trkpt lat="36.8648509" lon="138.213657">
        <ele>545.6384095766526</ele>
      </trkpt>
      <trkpt lat="36.8648206" lon="138.2136511">
        <ele>545.4399973944821</ele>
      </trkpt>
      <trkpt lat="36.8647904" lon="138.2136453">
        <ele>545.2516550798932</ele>
      </trkpt>
      <trkpt lat="36.8647577" lon="138.2136413">
        <ele>545.2583896569673</ele>
      </trkpt>
      <trkpt lat="36.8647251" lon="138.2136374">
        <ele>545.2804245634445</ele>
      </trkpt>
      <trkpt lat="36.8646905" lon="138.2136393">
        <ele>545.6174714106207</ele>
      </trkpt>
      <trkpt lat="36.864656" lon="138.2136412">
        <ele>545.9613640708243</ele>
      </trkpt>
      <trkpt lat="36.8646211" lon="138.2136451">
        <ele>546.4579656942758</ele>
      </trkpt>
      <trkpt lat="36.8645862" lon="138.2136491">
        <ele>546.9675198514492</ele>
      </trkpt>
      <trkpt lat="36.8645533" lon="138.2136533">
        <ele>547.4203934479046</ele>
      </trkpt>
      <trkpt lat="36.8645204" lon="138.2136576">
        <ele>547.873183346214</ele>
      </trkpt>
      <trkpt lat="36.86449" lon="138.2136626">
        <ele>548.3033381739885</ele>
      </trkpt>
      <trkpt lat="36.8644596" lon="138.2136677">
        <ele>548.7215684479426</ele>
      </trkpt>
      <trkpt lat="36.8644334" lon="138.2136747">
        <ele>549.1575418462993</ele>
      </trkpt>
      <trkpt lat="36.8644073" lon="138.2136817">
        <ele>549.5839625296312</ele>
      </trkpt>
      <trkpt lat="36.8643847" lon="138.2136937">
        <ele>550.1729656397745</ele>
      </trkpt>
      <trkpt lat="36.8643622" lon="138.2137058">
        <ele>550.7195520980293</ele>
      </trkpt>
      <trkpt lat="36.8643415" lon="138.2137242">
        <ele>551.4872801165106</ele>
      </trkpt>
      <trkpt lat="36.8643208" lon="138.2137427">
        <ele>552.2588528976321</ele>
      </trkpt>
      <trkpt lat="36.8643006" lon="138.2137645">
        <ele>553.1430283688343</ele>
      </trkpt>
      <trkpt lat="36.8642804" lon="138.2137863">
        <ele>553.9980258235965</ele>
      </trkpt>
      <trkpt lat="36.8642601" lon="138.2138106">
        <ele>554.9321946781292</ele>
      </trkpt>
      <trkpt lat="36.8642398" lon="138.213835">
        <ele>555.8529473992371</ele>
      </trkpt>
      <trkpt lat="36.8642179" lon="138.2138566">
        <ele>556.6215492897564</ele>
      </trkpt>
      <trkpt lat="36.8641961" lon="138.2138783">
        <ele>557.3780682076361</ele>
      </trkpt>
      <trkpt lat="36.8641723" lon="138.2138971">
        <ele>558.0089510288933</ele>
      </trkpt>
      <trkpt lat="36.8641486" lon="138.2139159">
        <ele>558.602641857317</ele>
      </trkpt>
      <trkpt lat="36.8641232" lon="138.2139345">
        <ele>559.128033474856</ele>
      </trkpt>
      <trkpt lat="36.8640978" lon="138.2139532">
        <ele>559.6144889164239</ele>
      </trkpt>
      <trkpt lat="36.8640704" lon="138.2139736">
        <ele>560.1724275432892</ele>
      </trkpt>
      <trkpt lat="36.864043" lon="138.2139941">
        <ele>560.6953746250912</ele>
      </trkpt>
      <trkpt lat="36.8640139" lon="138.2140142">
        <ele>561.1909599487951</ele>
      </trkpt>
      <trkpt lat="36.8639849" lon="138.2140343">
        <ele>561.6600971844321</ele>
      </trkpt>
      <trkpt lat="36.8639555" lon="138.2140539">
        <ele>562.1038144162204</ele>
      </trkpt>
      <trkpt lat="36.8639261" lon="138.2140735">
        <ele>562.5649968289799</ele>
      </trkpt>
      <trkpt lat="36.8638966" lon="138.2140911">
        <ele>562.937365546842</ele>
      </trkpt>
      <trkpt lat="36.8638671" lon="138.2141087">
        <ele>563.1774997302151</ele>
      </trkpt>
      <trkpt lat="36.8638398" lon="138.2141262">
        <ele>563.365880506753</ele>
      </trkpt>
      <trkpt lat="36.8638126" lon="138.2141437">
        <ele>563.5406246829805</ele>
      </trkpt>
      <trkpt lat="36.8637904" lon="138.2141633">
        <ele>563.7508381938812</ele>
      </trkpt>
      <trkpt lat="36.8637682" lon="138.214183">
        <ele>563.9035662191932</ele>
      </trkpt>
      <trkpt lat="36.8637514" lon="138.2142063">
        <ele>564.214465179842</ele>
      </trkpt>
      <trkpt lat="36.8637347" lon="138.2142297">
        <ele>564.5415358174059</ele>
      </trkpt>
      <trkpt lat="36.8637217" lon="138.2142572">
        <ele>564.9087044420023</ele>
      </trkpt>
      <trkpt lat="36.8637088" lon="138.2142848">
        <ele>565.2493281878565</ele>
      </trkpt>
      <trkpt lat="36.8636976" lon="138.2143152">
        <ele>565.650035231937</ele>
      </trkpt>
      <trkpt lat="36.8636865" lon="138.2143456">
        <ele>566.0672869560087</ele>
      </trkpt>
      <trkpt lat="36.863677" lon="138.2143798">
        <ele>566.6326713564491</ele>
      </trkpt>
      <trkpt lat="36.8636675" lon="138.2144141">
        <ele>567.2106734150449</ele>
      </trkpt>
      <trkpt lat="36.8636595" lon="138.2144498">
        <ele>567.8085080615615</ele>
      </trkpt>
      <trkpt lat="36.8636516" lon="138.2144855">
        <ele>568.43806705519</ele>
      </trkpt>
      <trkpt lat="36.8636437" lon="138.2145205">
        <ele>569.0259138159654</ele>
      </trkpt>
      <trkpt lat="36.8636358" lon="138.2145555">
        <ele>569.6314373779767</ele>
      </trkpt>
      <trkpt lat="36.8636274" lon="138.2145897">
        <ele>570.2227515999944</ele>
      </trkpt>
      <trkpt lat="36.863619" lon="138.214624">
        <ele>570.8118350742591</ele>
      </trkpt>
      <trkpt lat="36.8636091" lon="138.2146571">
        <ele>571.3299921023192</ele>
      </trkpt>
      <trkpt lat="36.8635993" lon="138.2146903">
        <ele>571.8282664834496</ele>
      </trkpt>
      <trkpt lat="36.8635878" lon="138.2147199">
        <ele>572.2422325889163</ele>
      </trkpt>
      <trkpt lat="36.8635763" lon="138.2147496">
        <ele>572.6327494060586</ele>
      </trkpt>
      <trkpt lat="36.8635634" lon="138.2147788">
        <ele>572.9650121839732</ele>
      </trkpt>
      <trkpt lat="36.8635506" lon="138.2148081">
        <ele>573.2637354584007</ele>
      </trkpt>
      <trkpt lat="36.8635381" lon="138.2148407">
        <ele>573.645120533832</ele>
      </trkpt>
      <trkpt lat="36.8635257" lon="138.2148734">
        <ele>573.9870028917833</ele>
      </trkpt>
      <trkpt lat="36.8635148" lon="138.2149085">
        <ele>574.3921274256284</ele>
      </trkpt>
      <trkpt lat="36.8635039" lon="138.2149436">
        <ele>574.7727066967345</ele>
      </trkpt>
      <trkpt lat="36.8634952" lon="138.2149788">
        <ele>575.1524529398889</ele>
      </trkpt>
      <trkpt lat="36.8634866" lon="138.215014">
        <ele>575.5126183597587</ele>
      </trkpt>
      <trkpt lat="36.8634799" lon="138.2150485">
        <ele>575.910058569718</ele>
      </trkpt>
      <trkpt lat="36.8634733" lon="138.2150831">
        <ele>576.3816086416299</ele>
      </trkpt>
      <trkpt lat="36.8634691" lon="138.2151188">
        <ele>576.8735609781916</ele>
      </trkpt>
      <trkpt lat="36.8634649" lon="138.2151546">
        <ele>577.3567847150169</ele>
      </trkpt>
      <trkpt lat="36.8634621" lon="138.2151908">
        <ele>577.8505728570639</ele>
      </trkpt>
      <trkpt lat="36.8634594" lon="138.215227">
        <ele>578.3536948432212</ele>
      </trkpt>
      <trkpt lat="36.8634573" lon="138.2152638">
        <ele>578.9119856173195</ele>
      </trkpt>
      <trkpt lat="36.8634552" lon="138.2153006">
        <ele>579.4676540742164</ele>
      </trkpt>
      <trkpt lat="36.8634512" lon="138.2153373">
        <ele>580.0124340598015</ele>
      </trkpt>
      <trkpt lat="36.8634472" lon="138.215374">
        <ele>580.5586300720007</ele>
      </trkpt>
      <trkpt lat="36.863438" lon="138.2154107">
        <ele>581.0696274232541</ele>
      </trkpt>
      <trkpt lat="36.8634288" lon="138.2154474">
        <ele>581.5949810303271</ele>
      </trkpt>
      <trkpt lat="36.8634164" lon="138.2154858">
        <ele>582.0914028251615</ele>
      </trkpt>
      <trkpt lat="36.8634041" lon="138.2155243">
        <ele>582.7251468376735</ele>
      </trkpt>
      <trkpt lat="36.863391" lon="138.2155628">
        <ele>583.360633864861</ele>
      </trkpt>
      <trkpt lat="36.863378" lon="138.2156014">
        <ele>584.0227334152454</ele>
      </trkpt>
      <trkpt lat="36.8633658" lon="138.2156373">
        <ele>584.65362609057</ele>
      </trkpt>
      <trkpt lat="36.8633536" lon="138.2156733">
        <ele>585.2421271990995</ele>
      </trkpt>
      <trkpt lat="36.8633424" lon="138.2157083">
        <ele>585.8827834394705</ele>
      </trkpt>
      <trkpt lat="36.8633313" lon="138.2157434">
        <ele>586.6448366717453</ele>
      </trkpt>
      <trkpt lat="36.8633239" lon="138.2157785">
        <ele>587.3614104352908</ele>
      </trkpt>
      <trkpt lat="36.8633165" lon="138.2158136">
        <ele>588.0691705268994</ele>
      </trkpt>
      <trkpt lat="36.8633125" lon="138.2158487">
        <ele>588.6856830135453</ele>
      </trkpt>
      <trkpt lat="36.8633086" lon="138.2158838">
        <ele>589.2992411928266</ele>
      </trkpt>
      <trkpt lat="36.8633068" lon="138.2159199">
        <ele>589.8775150709637</ele>
      </trkpt>
      <trkpt lat="36.863305" lon="138.2159561">
        <ele>590.4280901778786</ele>
      </trkpt>
      <trkpt lat="36.8633042" lon="138.2159926">
        <ele>590.9544467147019</ele>
      </trkpt>
      <trkpt lat="36.8633035" lon="138.2160292">
        <ele>591.3211009379187</ele>
      </trkpt>
      <trkpt lat="36.863304" lon="138.2160658">
        <ele>591.6709529497309</ele>
      </trkpt>
      <trkpt lat="36.8633045" lon="138.2161025">
        <ele>591.9604126662268</ele>
      </trkpt>
      <trkpt lat="36.8633049" lon="138.2161397">
        <ele>592.2318869142607</ele>
      </trkpt>
      <trkpt lat="36.8633053" lon="138.2161769">
        <ele>592.422310376374</ele>
      </trkpt>
      <trkpt lat="36.8633032" lon="138.2162146">
        <ele>592.5208646748631</ele>
      </trkpt>
      <trkpt lat="36.8633012" lon="138.2162523">
        <ele>592.6076642946971</ele>
      </trkpt>
      <trkpt lat="36.8632955" lon="138.2162881">
        <ele>592.6768687316619</ele>
      </trkpt>
      <trkpt lat="36.8632898" lon="138.2163239">
        <ele>592.7322245879984</ele>
      </trkpt>
      <trkpt lat="36.8632805" lon="138.2163577">
        <ele>592.7630463515641</ele>
      </trkpt>
      <trkpt lat="36.8632713" lon="138.2163916">
        <ele>592.8188746223955</ele>
      </trkpt>
      <trkpt lat="36.8632593" lon="138.2164244">
        <ele>592.8890528548299</ele>
      </trkpt>
      <trkpt lat="36.8632473" lon="138.2164572">
        <ele>592.9360217460605</ele>
      </trkpt>
      <trkpt lat="36.8632352" lon="138.2164878">
        <ele>592.962874135182</ele>
      </trkpt>
      <trkpt lat="36.8632231" lon="138.2165185">
        <ele>592.9702245289966</ele>
      </trkpt>
      <trkpt lat="36.8632109" lon="138.216546">
        <ele>592.9532859538429</ele>
      </trkpt>
      <trkpt lat="36.8631988" lon="138.2165736">
        <ele>592.9987154002072</ele>
      </trkpt>
      <trkpt lat="36.8631851" lon="138.2165995">
        <ele>593.0803183247255</ele>
      </trkpt>
      <trkpt lat="36.8631715" lon="138.2166254">
        <ele>593.1818995474977</ele>
      </trkpt>
      <trkpt lat="36.8631596" lon="138.2166537">
        <ele>593.2268773786395</ele>
      </trkpt>
      <trkpt lat="36.8631478" lon="138.216682">
        <ele>593.2547831407041</ele>
      </trkpt>
      <trkpt lat="36.8631405" lon="138.216714">
        <ele>593.3164812402772</ele>
      </trkpt>
      <trkpt lat="36.8631332" lon="138.216746">
        <ele>593.4365009625294</ele>
      </trkpt>
      <trkpt lat="36.8631308" lon="138.2167806">
        <ele>593.5512193282069</ele>
      </trkpt>
      <trkpt lat="36.8631285" lon="138.2168152">
        <ele>593.7410128394245</ele>
      </trkpt>
      <trkpt lat="36.8631302" lon="138.2168517">
        <ele>593.8939493081547</ele>
      </trkpt>
      <trkpt lat="36.863132" lon="138.2168882">
        <ele>594.2022019446879</ele>
      </trkpt>
      <trkpt lat="36.8631374" lon="138.2169265">
        <ele>594.481575760329</ele>
      </trkpt>
      <trkpt lat="36.8631429" lon="138.2169648">
        <ele>594.8529568886204</ele>
      </trkpt>
      <trkpt lat="36.8631488" lon="138.2170034">
        <ele>595.2933833527471</ele>
      </trkpt>
      <trkpt lat="36.8631548" lon="138.2170421">
        <ele>595.8047280810057</ele>
      </trkpt>
      <trkpt lat="36.8631603" lon="138.2170799">
        <ele>596.3409234958795</ele>
      </trkpt>
      <trkpt lat="36.8631658" lon="138.2171177">
        <ele>596.8541141417791</ele>
      </trkpt>
      <trkpt lat="36.8631696" lon="138.2171543">
        <ele>597.3309644767636</ele>
      </trkpt>
      <trkpt lat="36.8631734" lon="138.2171909">
        <ele>597.8030954703513</ele>
      </trkpt>
      <trkpt lat="36.863176" lon="138.2172254">
        <ele>598.0534933383059</ele>
      </trkpt>
      <trkpt lat="36.8631787" lon="138.2172599">
        <ele>598.2892562856997</ele>
      </trkpt>
      <trkpt lat="36.8631817" lon="138.2172924">
        <ele>598.4660155098961</ele>
      </trkpt>
      <trkpt lat="36.8631848" lon="138.217325">
        <ele>598.5995555356693</ele>
      </trkpt>
      <trkpt lat="36.8631897" lon="138.2173577">
        <ele>598.7093731388724</ele>
      </trkpt>
      <trkpt lat="36.8631946" lon="138.2173905">
        <ele>598.6948925335616</ele>
      </trkpt>
      <trkpt lat="36.8632012" lon="138.2174246">
        <ele>598.6222273134493</ele>
      </trkpt>
      <trkpt lat="36.8632078" lon="138.2174587">
        <ele>598.5335448677652</ele>
      </trkpt>
      <trkpt lat="36.8632143" lon="138.217494">
        <ele>598.4845874881659</ele>
      </trkpt>
      <trkpt lat="36.8632208" lon="138.2175294">
        <ele>598.4542902787362</ele>
      </trkpt>
      <trkpt lat="36.8632258" lon="138.2175674">
        <ele>598.4023238693507</ele>
      </trkpt>
      <trkpt lat="36.8632309" lon="138.2176054">
        <ele>598.3519801076793</ele>
      </trkpt>
      <trkpt lat="36.8632319" lon="138.2176437">
        <ele>598.3631414054437</ele>
      </trkpt>
      <trkpt lat="36.8632329" lon="138.217682">
        <ele>598.4048516826244</ele>
      </trkpt>
      <trkpt lat="36.8632291" lon="138.2177198">
        <ele>598.4752447720155</ele>
      </trkpt>
      <trkpt lat="36.8632253" lon="138.2177577">
        <ele>598.5746255088602</ele>
      </trkpt>
      <trkpt lat="36.8632203" lon="138.2177947">
        <ele>598.6801261220743</ele>
      </trkpt>
      <trkpt lat="36.8632153" lon="138.2178318">
        <ele>598.8645017281062</ele>
      </trkpt>
      <trkpt lat="36.8632121" lon="138.2178671">
        <ele>599.0392688991636</ele>
      </trkpt>
      <trkpt lat="36.863209" lon="138.2179025">
        <ele>599.2870083953321</ele>
      </trkpt>
      <trkpt lat="36.8632068" lon="138.217936">
        <ele>599.5592104547482</ele>
      </trkpt>
      <trkpt lat="36.8632047" lon="138.2179696">
        <ele>599.8581596702932</ele>
      </trkpt>
      <trkpt lat="36.8632058" lon="138.2180028">
        <ele>600.2280683039752</ele>
      </trkpt>
      <trkpt lat="36.863207" lon="138.2180361">
        <ele>600.596038732347</ele>
      </trkpt>
      <trkpt lat="36.863213" lon="138.218068">
        <ele>600.9412894274858</ele>
      </trkpt>
      <trkpt lat="36.8632191" lon="138.2180999">
        <ele>601.3488056319744</ele>
      </trkpt>
      <trkpt lat="36.8632316" lon="138.2181277">
        <ele>601.6010048557828</ele>
      </trkpt>
      <trkpt lat="36.8632441" lon="138.2181555">
        <ele>601.8870160922838</ele>
      </trkpt>
      <trkpt lat="36.8632632" lon="138.2181792">
        <ele>601.9953210042733</ele>
      </trkpt>
      <trkpt lat="36.8632823" lon="138.218203">
        <ele>602.0898490304717</ele>
      </trkpt>
      <trkpt lat="36.8633059" lon="138.2182259">
        <ele>602.2292152243001</ele>
      </trkpt>
      <trkpt lat="36.8633296" lon="138.2182488">
        <ele>602.3365440159662</ele>
      </trkpt>
      <trkpt lat="36.8633552" lon="138.2182721">
        <ele>602.4311268694686</ele>
      </trkpt>
      <trkpt lat="36.8633809" lon="138.2182955">
        <ele>602.6273492942004</ele>
      </trkpt>
      <trkpt lat="36.8634074" lon="138.2183191">
        <ele>602.7818591865007</ele>
      </trkpt>
      <trkpt lat="36.863434" lon="138.2183427">
        <ele>603.0348874612972</ele>
      </trkpt>
      <trkpt lat="36.8634594" lon="138.2183676">
        <ele>603.2686701673201</ele>
      </trkpt>
      <trkpt lat="36.8634849" lon="138.2183926">
        <ele>603.3962814579853</ele>
      </trkpt>
      <trkpt lat="36.8635083" lon="138.2184206">
        <ele>603.6498640301762</ele>
      </trkpt>
      <trkpt lat="36.8635318" lon="138.2184486">
        <ele>603.8154259832543</ele>
      </trkpt>
      <trkpt lat="36.8635505" lon="138.2184812">
        <ele>603.9144422794863</ele>
      </trkpt>
      <trkpt lat="36.8635693" lon="138.2185138">
        <ele>604.1395646437891</ele>
      </trkpt>
      <trkpt lat="36.86358" lon="138.2185512">
        <ele>604.2992388954355</ele>
      </trkpt>
      <trkpt lat="36.8635908" lon="138.2185887">
        <ele>604.4876766101698</ele>
      </trkpt>
      <trkpt lat="36.8635946" lon="138.2186296">
        <ele>604.7064542340364</ele>
      </trkpt>
      <trkpt lat="36.8635984" lon="138.2186705">
        <ele>604.9650077137268</ele>
      </trkpt>
      <trkpt lat="36.863598" lon="138.2187116">
        <ele>605.3049358113426</ele>
      </trkpt>
      <trkpt lat="36.8635977" lon="138.2187528">
        <ele>605.6652231975195</ele>
      </trkpt>
      <trkpt lat="36.8635952" lon="138.2187942">
        <ele>606.0835021264808</ele>
      </trkpt>
      <trkpt lat="36.8635927" lon="138.2188356">
        <ele>606.5450764744628</ele>
      </trkpt>
      <trkpt lat="36.8635902" lon="138.2188765">
        <ele>607.0770719396014</ele>
      </trkpt>
      <trkpt lat="36.8635877" lon="138.2189174">
        <ele>607.6125370270512</ele>
      </trkpt>
      <trkpt lat="36.863587" lon="138.2189563">
        <ele>608.0992392268274</ele>
      </trkpt>
      <trkpt lat="36.8635864" lon="138.2189953">
        <ele>608.5864874577079</ele>
      </trkpt>
      <trkpt lat="36.8635887" lon="138.2190328">
        <ele>609.007772929732</ele>
      </trkpt>
      <trkpt lat="36.863591" lon="138.2190704">
        <ele>609.4273495954426</ele>
      </trkpt>
      <trkpt lat="36.8635973" lon="138.2191097">
        <ele>609.7109180591074</ele>
      </trkpt>
      <trkpt lat="36.8636037" lon="138.219149">
        <ele>609.9653817202902</ele>
      </trkpt>
      <trkpt lat="36.8636137" lon="138.2191903">
        <ele>610.1470351019882</ele>
      </trkpt>
      <trkpt lat="36.8636238" lon="138.2192317">
        <ele>610.3331272598742</ele>
      </trkpt>
      <trkpt lat="36.8636362" lon="138.2192745">
        <ele>610.5601182309781</ele>
      </trkpt>
      <trkpt lat="36.8636487" lon="138.2193174">
        <ele>610.6994488825154</ele>
      </trkpt>
      <trkpt lat="36.8636628" lon="138.2193596">
        <ele>610.8101940440149</ele>
      </trkpt>
      <trkpt lat="36.8636769" lon="138.2194018">
        <ele>610.9007485134296</ele>
      </trkpt>
      <trkpt lat="36.8636911" lon="138.2194426">
        <ele>610.9462147524716</ele>
      </trkpt>
      <trkpt lat="36.8637053" lon="138.2194834">
        <ele>611.0886300012967</ele>
      </trkpt>
      <trkpt lat="36.8637153" lon="138.2195219">
        <ele>611.2011358757044</ele>
      </trkpt>
      <trkpt lat="36.8637254" lon="138.2195604">
        <ele>611.3202633816755</ele>
      </trkpt>
      <trkpt lat="36.8637295" lon="138.219597">
        <ele>611.4209102796056</ele>
      </trkpt>
      <trkpt lat="36.8637336" lon="138.2196336">
        <ele>611.5766975386317</ele>
      </trkpt>
      <trkpt lat="36.8637314" lon="138.2196704">
        <ele>611.7178812936943</ele>
      </trkpt>
      <trkpt lat="36.8637293" lon="138.2197073">
        <ele>611.958737237216</ele>
      </trkpt>
      <trkpt lat="36.8637225" lon="138.2197426">
        <ele>612.2115287462436</ele>
      </trkpt>
      <trkpt lat="36.8637158" lon="138.2197779">
        <ele>612.4779904849834</ele>
      </trkpt>
      <trkpt lat="36.8637073" lon="138.2198133">
        <ele>612.7831863594248</ele>
      </trkpt>
      <trkpt lat="36.8636988" lon="138.2198488">
        <ele>613.0893143046187</ele>
      </trkpt>
      <trkpt lat="36.863689" lon="138.219885">
        <ele>613.4835027848202</ele>
      </trkpt>
      <trkpt lat="36.8636793" lon="138.2199212">
        <ele>613.921096431541</ele>
      </trkpt>
      <trkpt lat="36.8636685" lon="138.2199572">
        <ele>614.3975863331568</ele>
      </trkpt>
      <trkpt lat="36.8636577" lon="138.2199933">
        <ele>614.8888737914397</ele>
      </trkpt>
      <trkpt lat="36.8636452" lon="138.2200273">
        <ele>615.3167851541874</ele>
      </trkpt>
      <trkpt lat="36.8636327" lon="138.2200614">
        <ele>615.80230215123</ele>
      </trkpt>
      <trkpt lat="36.8636194" lon="138.2200929">
        <ele>616.2442810144688</ele>
      </trkpt>
      <trkpt lat="36.8636062" lon="138.2201245">
        <ele>616.6957009480157</ele>
      </trkpt>
      <trkpt lat="36.863593" lon="138.2201557">
        <ele>617.0945512330611</ele>
      </trkpt>
      <trkpt lat="36.8635799" lon="138.2201869">
        <ele>617.4657129464356</ele>
      </trkpt>
      <trkpt lat="36.8635684" lon="138.2202186">
        <ele>617.8268764860572</ele>
      </trkpt>
      <trkpt lat="36.863557" lon="138.2202503">
        <ele>618.1554780803617</ele>
      </trkpt>
      <trkpt lat="36.8635486" lon="138.2202847">
        <ele>618.5142328855437</ele>
      </trkpt>
      <trkpt lat="36.8635403" lon="138.2203191">
        <ele>618.7944614923532</ele>
      </trkpt>
      <trkpt lat="36.8635333" lon="138.2203556">
        <ele>619.0804081779845</ele>
      </trkpt>
      <trkpt lat="36.8635264" lon="138.2203921">
        <ele>619.3383578155198</ele>
      </trkpt>
      <trkpt lat="36.8635207" lon="138.22043">
        <ele>619.5880644103277</ele>
      </trkpt>
      <trkpt lat="36.863515" lon="138.2204679">
        <ele>619.774167555204</ele>
      </trkpt>
      <trkpt lat="36.8635112" lon="138.2205072">
        <ele>619.906133211311</ele>
      </trkpt>
      <trkpt lat="36.8635075" lon="138.2205466">
        <ele>620.0268331127435</ele>
      </trkpt>
      <trkpt lat="36.8635085" lon="138.2205843">
        <ele>620.1870063031213</ele>
      </trkpt>
      <trkpt lat="36.8635096" lon="138.2206221">
        <ele>620.3503016566699</ele>
      </trkpt>
      <trkpt lat="36.863519" lon="138.2206593">
        <ele>620.5382973178291</ele>
      </trkpt>
      <trkpt lat="36.8635284" lon="138.2206966">
        <ele>620.7186409696474</ele>
      </trkpt>
      <trkpt lat="36.8635416" lon="138.2207324">
        <ele>620.9273549594454</ele>
      </trkpt>
      <trkpt lat="36.8635548" lon="138.2207682">
        <ele>621.1267616230207</ele>
      </trkpt>
      <trkpt lat="36.8635693" lon="138.2208012">
        <ele>621.4122712117622</ele>
      </trkpt>
      <trkpt lat="36.8635838" lon="138.2208342">
        <ele>621.6309913578916</ele>
      </trkpt>
      <trkpt lat="36.8635982" lon="138.2208661">
        <ele>621.8502360162336</ele>
      </trkpt>
      <trkpt lat="36.8636127" lon="138.2208981">
        <ele>622.0322312932285</ele>
      </trkpt>
      <trkpt lat="36.8636281" lon="138.2209281">
        <ele>622.2088938700049</ele>
      </trkpt>
      <trkpt lat="36.8636436" lon="138.2209582">
        <ele>622.3846209587542</ele>
      </trkpt>
      <trkpt lat="36.863659" lon="138.2209875">
        <ele>622.5067870836376</ele>
      </trkpt>
      <trkpt lat="36.8636745" lon="138.2210168">
        <ele>622.6149309275049</ele>
      </trkpt>
      <trkpt lat="36.863688" lon="138.2210469">
        <ele>622.6894386255925</ele>
      </trkpt>
      <trkpt lat="36.8637015" lon="138.221077">
        <ele>622.751027904615</ele>
      </trkpt>
      <trkpt lat="36.8637158" lon="138.2211047">
        <ele>622.8547936519026</ele>
      </trkpt>
      <trkpt lat="36.8637301" lon="138.2211325">
        <ele>622.9712517061578</ele>
      </trkpt>
      <trkpt lat="36.8637451" lon="138.2211577">
        <ele>623.078709119745</ele>
      </trkpt>
      <trkpt lat="36.8637601" lon="138.2211829">
        <ele>623.162581263838</ele>
      </trkpt>
      <trkpt lat="36.8637744" lon="138.2212076">
        <ele>623.2118110970302</ele>
      </trkpt>
      <trkpt lat="36.8637888" lon="138.2212323">
        <ele>623.2796009719845</ele>
      </trkpt>
      <trkpt lat="36.8638018" lon="138.2212575">
        <ele>623.3286865995741</ele>
      </trkpt>
      <trkpt lat="36.8638149" lon="138.2212827">
        <ele>623.3799566356711</ele>
      </trkpt>
      <trkpt lat="36.8638269" lon="138.2213092">
        <ele>623.3950818838798</ele>
      </trkpt>
      <trkpt lat="36.863839" lon="138.2213357">
        <ele>623.456326388336</ele>
      </trkpt>
      <trkpt lat="36.8638504" lon="138.2213658">
        <ele>623.476461304958</ele>
      </trkpt>
      <trkpt lat="36.8638619" lon="138.221396">
        <ele>623.4981106872679</ele>
      </trkpt>
      <trkpt lat="36.8638727" lon="138.2214302">
        <ele>623.5338425687887</ele>
      </trkpt>
      <trkpt lat="36.8638836" lon="138.2214645">
        <ele>623.5863795856326</ele>
      </trkpt>
      <trkpt lat="36.8638932" lon="138.2214997">
        <ele>623.5955982283233</ele>
      </trkpt>
      <trkpt lat="36.8639029" lon="138.2215349">
        <ele>623.586134555391</ele>
      </trkpt>
      <trkpt lat="36.8639105" lon="138.2215705">
        <ele>623.5306271452466</ele>
      </trkpt>
      <trkpt lat="36.8639181" lon="138.2216061">
        <ele>623.5113885172187</ele>
      </trkpt>
      <trkpt lat="36.8639237" lon="138.2216419">
        <ele>623.4414726048718</ele>
      </trkpt>
      <trkpt lat="36.8639293" lon="138.2216777">
        <ele>623.304411066729</ele>
      </trkpt>
      <trkpt lat="36.8639348" lon="138.221713">
        <ele>623.1364333256698</ele>
      </trkpt>
      <trkpt lat="36.8639403" lon="138.2217484">
        <ele>622.9864095016858</ele>
      </trkpt>
      <trkpt lat="36.8639453" lon="138.2217818">
        <ele>622.8839883632033</ele>
      </trkpt>
      <trkpt lat="36.8639504" lon="138.2218152">
        <ele>622.7841884701984</ele>
      </trkpt>
      <trkpt lat="36.8639539" lon="138.2218481">
        <ele>622.6710477336314</ele>
      </trkpt>
      <trkpt lat="36.8639575" lon="138.2218811">
        <ele>622.5731733012949</ele>
      </trkpt>
      <trkpt lat="36.8639613" lon="138.2219142">
        <ele>622.4863060676963</ele>
      </trkpt>
      <trkpt lat="36.8639651" lon="138.2219473">
        <ele>622.5087844603703</ele>
      </trkpt>
      <trkpt lat="36.8639686" lon="138.2219826">
        <ele>622.5219944668621</ele>
      </trkpt>
      <trkpt lat="36.8639721" lon="138.2220179">
        <ele>622.6520823284764</ele>
      </trkpt>
      <trkpt lat="36.8639739" lon="138.2220546">
        <ele>622.8301616239837</ele>
      </trkpt>
      <trkpt lat="36.8639758" lon="138.2220914">
        <ele>623.038351705574</ele>
      </trkpt>
      <trkpt lat="36.8639734" lon="138.2221291">
        <ele>623.2402581465524</ele>
      </trkpt>
      <trkpt lat="36.863971" lon="138.2221668">
        <ele>623.4390943410529</ele>
      </trkpt>
      <trkpt lat="36.8639645" lon="138.222205">
        <ele>623.6802160965684</ele>
      </trkpt>
      <trkpt lat="36.8639581" lon="138.2222432">
        <ele>623.9302848745109</ele>
      </trkpt>
      <trkpt lat="36.863948" lon="138.2222798">
        <ele>624.1024129021455</ele>
      </trkpt>
      <trkpt lat="36.8639379" lon="138.2223165">
        <ele>624.3066471527105</ele>
      </trkpt>
      <trkpt lat="36.8639256" lon="138.2223521">
        <ele>624.44767630975</ele>
      </trkpt>
      <trkpt lat="36.8639134" lon="138.2223878">
        <ele>624.6490317834475</ele>
      </trkpt>
      <trkpt lat="36.8638999" lon="138.2224238">
        <ele>624.8320964613788</ele>
      </trkpt>
      <trkpt lat="36.8638865" lon="138.2224599">
        <ele>625.0969551976696</ele>
      </trkpt>
      <trkpt lat="36.8638718" lon="138.222495">
        <ele>625.3247303937051</ele>
      </trkpt>
      <trkpt lat="36.8638572" lon="138.2225301">
        <ele>625.5728978188849</ele>
      </trkpt>
      <trkpt lat="36.8638421" lon="138.2225633">
        <ele>625.7871512110933</ele>
      </trkpt>
      <trkpt lat="36.8638271" lon="138.2225966">
        <ele>626.0246782596329</ele>
      </trkpt>
      <trkpt lat="36.8638126" lon="138.2226284">
        <ele>626.3164479372357</ele>
      </trkpt>
      <trkpt lat="36.8637982" lon="138.2226603">
        <ele>626.6313601280807</ele>
      </trkpt>
      <trkpt lat="36.8637844" lon="138.2226907">
        <ele>626.9304606961053</ele>
      </trkpt>
      <trkpt lat="36.8637706" lon="138.2227211">
        <ele>627.1865673429414</ele>
      </trkpt>
      <trkpt lat="36.8637569" lon="138.222751">
        <ele>627.4493471033763</ele>
      </trkpt>
      <trkpt lat="36.8637433" lon="138.222781">
        <ele>627.7275199787238</ele>
      </trkpt>
      <trkpt lat="36.8637291" lon="138.2228113">
        <ele>627.9967976765714</ele>
      </trkpt>
      <trkpt lat="36.8637149" lon="138.2228416">
        <ele>628.2660754363055</ele>
      </trkpt>
      <trkpt lat="36.8637003" lon="138.2228719">
        <ele>628.4698022012565</ele>
      </trkpt>
      <trkpt lat="36.8636858" lon="138.2229023">
        <ele>628.6448454531848</ele>
      </trkpt>
      <trkpt lat="36.8636699" lon="138.2229335">
        <ele>628.82959598275</ele>
      </trkpt>
      <trkpt lat="36.863654" lon="138.2229647">
        <ele>628.9883096149199</ele>
      </trkpt>
      <trkpt lat="36.8636369" lon="138.2229957">
        <ele>629.109215655877</ele>
      </trkpt>
      <trkpt lat="36.8636199" lon="138.2230268">
        <ele>629.2337273411273</ele>
      </trkpt>
      <trkpt lat="36.8636022" lon="138.2230571">
        <ele>629.2306743648846</ele>
      </trkpt>
      <trkpt lat="36.8635846" lon="138.2230875">
        <ele>629.2260436347699</ele>
      </trkpt>
      <trkpt lat="36.8635672" lon="138.2231161">
        <ele>629.2025746943874</ele>
      </trkpt>
      <trkpt lat="36.8635499" lon="138.2231447">
        <ele>629.1526074595295</ele>
      </trkpt>
      <trkpt lat="36.8635323" lon="138.2231715">
        <ele>629.081656807188</ele>
      </trkpt>
      <trkpt lat="36.8635147" lon="138.2231983">
        <ele>628.9947008517652</ele>
      </trkpt>
      <trkpt lat="36.863495" lon="138.223223">
        <ele>628.7701195603247</ele>
      </trkpt>
      <trkpt lat="36.8634753" lon="138.2232478">
        <ele>628.5418549730448</ele>
      </trkpt>
      <trkpt lat="36.8634537" lon="138.2232715">
        <ele>628.267165141646</ele>
      </trkpt>
      <trkpt lat="36.8634321" lon="138.2232952">
        <ele>627.970280689374</ele>
      </trkpt>
      <trkpt lat="36.8634117" lon="138.2233206">
        <ele>627.6817986383048</ele>
      </trkpt>
      <trkpt lat="36.8633913" lon="138.223346">
        <ele>627.4367604193139</ele>
      </trkpt>
      <trkpt lat="36.8633737" lon="138.2233754">
        <ele>627.2678823851056</ele>
      </trkpt>
      <trkpt lat="36.8633561" lon="138.2234049">
        <ele>627.0290663719184</ele>
      </trkpt>
      <trkpt lat="36.8633409" lon="138.2234376">
        <ele>626.8469853061832</ele>
      </trkpt>
      <trkpt lat="36.8633258" lon="138.2234704">
        <ele>626.673303584983</ele>
      </trkpt>
      <trkpt lat="36.8633113" lon="138.2235056">
        <ele>626.506845673455</ele>
      </trkpt>
      <trkpt lat="36.8632968" lon="138.2235408">
        <ele>626.3577070122155</ele>
      </trkpt>
      <trkpt lat="36.863284" lon="138.2235775">
        <ele>626.2469705401744</ele>
      </trkpt>
      <trkpt lat="36.8632712" lon="138.2236142">
        <ele>626.1864099092512</ele>
      </trkpt>
      <trkpt lat="36.8632614" lon="138.2236508">
        <ele>626.1675770951712</ele>
      </trkpt>
      <trkpt lat="36.8632517" lon="138.2236874">
        <ele>626.1725416883116</ele>
      </trkpt>
      <trkpt lat="36.8632464" lon="138.2237221">
        <ele>626.2408334936819</ele>
      </trkpt>
      <trkpt lat="36.8632412" lon="138.2237569">
        <ele>626.3550050339636</ele>
      </trkpt>
      <trkpt lat="36.8632409" lon="138.2237921">
        <ele>626.4991235323723</ele>
      </trkpt>
      <trkpt lat="36.8632407" lon="138.2238273">
        <ele>626.6750308333437</ele>
      </trkpt>
      <trkpt lat="36.8632448" lon="138.2238645">
        <ele>626.8858964399421</ele>
      </trkpt>
      <trkpt lat="36.8632489" lon="138.2239018">
        <ele>627.1200185822796</ele>
      </trkpt>
      <trkpt lat="36.8632554" lon="138.2239402">
        <ele>627.4073850139516</ele>
      </trkpt>
      <trkpt lat="36.8632619" lon="138.2239786">
        <ele>627.7056630206106</ele>
      </trkpt>
      <trkpt lat="36.8632688" lon="138.2240185">
        <ele>628.0632008393991</ele>
      </trkpt>
      <trkpt lat="36.8632757" lon="138.2240584">
        <ele>628.4023185633138</ele>
      </trkpt>
      <trkpt lat="36.8632827" lon="138.2240989">
        <ele>628.7969570650497</ele>
      </trkpt>
      <trkpt lat="36.8632898" lon="138.2241395">
        <ele>629.2063941817737</ele>
      </trkpt>
      <trkpt lat="36.8632967" lon="138.2241824">
        <ele>629.6928397525352</ele>
      </trkpt>
      <trkpt lat="36.8633036" lon="138.2242254">
        <ele>630.196480678117</ele>
      </trkpt>
      <trkpt lat="36.863309" lon="138.2242694">
        <ele>630.7631112866499</ele>
      </trkpt>
      <trkpt lat="36.8633144" lon="138.2243135">
        <ele>631.3294655804173</ele>
      </trkpt>
      <trkpt lat="36.8633179" lon="138.2243582">
        <ele>631.8454183260694</ele>
      </trkpt>
      <trkpt lat="36.8633215" lon="138.2244029">
        <ele>632.3611326428041</ele>
      </trkpt>
      <trkpt lat="36.863325" lon="138.2244478">
        <ele>632.7647192016597</ele>
      </trkpt>
      <trkpt lat="36.8633286" lon="138.2244927">
        <ele>633.1599509600261</ele>
      </trkpt>
      <trkpt lat="36.8633291" lon="138.2245381">
        <ele>633.5183146463082</ele>
      </trkpt>
      <trkpt lat="36.8633296" lon="138.2245836">
        <ele>633.844825603814</ele>
      </trkpt>
      <trkpt lat="36.8633237" lon="138.2246267">
        <ele>634.0113191268418</ele>
      </trkpt>
      <trkpt lat="36.8633178" lon="138.2246699">
        <ele>634.1655397279665</ele>
      </trkpt>
      <trkpt lat="36.8633085" lon="138.2247099">
        <ele>634.2511781034068</ele>
      </trkpt>
      <trkpt lat="36.8632992" lon="138.22475">
        <ele>634.3268447644318</ele>
      </trkpt>
      <trkpt lat="36.86329" lon="138.2247885">
        <ele>634.3246318918254</ele>
      </trkpt>
      <trkpt lat="36.8632809" lon="138.2248271">
        <ele>634.3112421720666</ele>
      </trkpt>
      <trkpt lat="36.8632723" lon="138.2248652">
        <ele>634.3767624120995</ele>
      </trkpt>
      <trkpt lat="36.8632637" lon="138.2249033">
        <ele>634.4507532344891</ele>
      </trkpt>
      <trkpt lat="36.863254" lon="138.2249404">
        <ele>634.499585166719</ele>
      </trkpt>
      <trkpt lat="36.8632444" lon="138.2249775">
        <ele>634.5209820020234</ele>
      </trkpt>
      <trkpt lat="36.8632334" lon="138.2250145">
        <ele>634.5398820342523</ele>
      </trkpt>
      <trkpt lat="36.8632224" lon="138.2250516">
        <ele>634.5891978258338</ele>
      </trkpt>
      <trkpt lat="36.8632126" lon="138.2250887">
        <ele>634.6209806830228</ele>
      </trkpt>
      <trkpt lat="36.8632029" lon="138.2251258">
        <ele>634.7408081816125</ele>
      </trkpt>
      <trkpt lat="36.8631943" lon="138.2251631">
        <ele>634.8430943123328</ele>
      </trkpt>
      <trkpt lat="36.8631857" lon="138.2252004">
        <ele>635.066807063002</ele>
      </trkpt>
      <trkpt lat="36.8631766" lon="138.2252369">
        <ele>635.308784789881</ele>
      </trkpt>
      <trkpt lat="36.8631675" lon="138.2252734">
        <ele>635.5804201112913</ele>
      </trkpt>
      <trkpt lat="36.8631564" lon="138.2253069">
        <ele>635.8592364087663</ele>
      </trkpt>
      <trkpt lat="36.8631454" lon="138.2253405">
        <ele>636.1029598721432</ele>
      </trkpt>
      <trkpt lat="36.8631318" lon="138.2253712">
        <ele>636.4522346053338</ele>
      </trkpt>
      <trkpt lat="36.8631183" lon="138.2254019">
        <ele>636.8135215522126</ele>
      </trkpt>
      <trkpt lat="36.8631012" lon="138.2254283">
        <ele>637.0033875969851</ele>
      </trkpt>
      <trkpt lat="36.8630841" lon="138.2254547">
        <ele>637.25121330462</ele>
      </trkpt>
      <trkpt lat="36.8630641" lon="138.2254759">
        <ele>637.366567646716</ele>
      </trkpt>
      <trkpt lat="36.8630441" lon="138.2254971">
        <ele>637.5026780397673</ele>
      </trkpt>
      <trkpt lat="36.8630244" lon="138.2255153">
        <ele>637.5598967292777</ele>
      </trkpt>
      <trkpt lat="36.8630048" lon="138.2255336">
        <ele>637.6535041521324</ele>
      </trkpt>
      <trkpt lat="36.8629854" lon="138.2255521">
        <ele>637.7633148816897</ele>
      </trkpt>
      <trkpt lat="36.8629661" lon="138.2255706">
        <ele>637.851684593642</ele>
      </trkpt>
      <trkpt lat="36.8629463" lon="138.2255918">
        <ele>637.9593799403951</ele>
      </trkpt>
      <trkpt lat="36.8629266" lon="138.2256131">
        <ele>638.0901404593112</ele>
      </trkpt>
      <trkpt lat="36.8629087" lon="138.2256386">
        <ele>638.3830070101503</ele>
      </trkpt>
      <trkpt lat="36.8628908" lon="138.2256642">
        <ele>638.6626396309837</ele>
      </trkpt>
      <trkpt lat="36.8628779" lon="138.2256956">
        <ele>639.1461813206163</ele>
      </trkpt>
      <trkpt lat="36.862865" lon="138.2257271">
        <ele>639.6156935287681</ele>
      </trkpt>
      <trkpt lat="36.8628555" lon="138.2257626">
        <ele>640.2364404825585</ele>
      </trkpt>
      <trkpt lat="36.8628461" lon="138.2257981">
        <ele>640.8311799047711</ele>
      </trkpt>
      <trkpt lat="36.8628379" lon="138.2258364">
        <ele>641.4697397860185</ele>
      </trkpt>
      <trkpt lat="36.8628297" lon="138.2258747">
        <ele>642.0776284000921</ele>
      </trkpt>
      <trkpt lat="36.8628227" lon="138.225915">
        <ele>642.7380837602436</ele>
      </trkpt>
      <trkpt lat="36.8628157" lon="138.2259554">
        <ele>643.3754328250336</ele>
      </trkpt>
      <trkpt lat="36.8628112" lon="138.225996">
        <ele>644.0051802077724</ele>
      </trkpt>
      <trkpt lat="36.8628067" lon="138.2260367">
        <ele>644.6168210737767</ele>
      </trkpt>
      <trkpt lat="36.8628037" lon="138.2260759">
        <ele>645.2223983684244</ele>
      </trkpt>
      <trkpt lat="36.8628008" lon="138.2261151">
        <ele>645.8268925884877</ele>
      </trkpt>
      <trkpt lat="36.8627957" lon="138.2261526">
        <ele>646.3359274555343</ele>
      </trkpt>
      <trkpt lat="36.8627907" lon="138.2261902">
        <ele>646.8470591416907</ele>
      </trkpt>
      <trkpt lat="36.8627815" lon="138.226226">
        <ele>647.1782028210597</ele>
      </trkpt>
      <trkpt lat="36.8627723" lon="138.2262618">
        <ele>647.4594902204061</ele>
      </trkpt>
      <trkpt lat="36.86276" lon="138.2262947">
        <ele>647.5262168763347</ele>
      </trkpt>
      <trkpt lat="36.8627478" lon="138.2263277">
        <ele>647.4644110442573</ele>
      </trkpt>
      <trkpt lat="36.8627352" lon="138.2263602">
        <ele>647.3549990782906</ele>
      </trkpt>
      <trkpt lat="36.8627227" lon="138.2263927">
        <ele>647.1797995068363</ele>
      </trkpt>
      <trkpt lat="36.8627131" lon="138.2264273">
        <ele>647.0614253847559</ele>
      </trkpt>
      <trkpt lat="36.8627035" lon="138.226462">
        <ele>646.9064881348121</ele>
      </trkpt>
      <trkpt lat="36.8626952" lon="138.2264986">
        <ele>646.5772857234047</ele>
      </trkpt>
      <trkpt lat="36.862687" lon="138.2265353">
        <ele>646.2217752244148</ele>
      </trkpt>
      <trkpt lat="36.8626794" lon="138.2265736">
        <ele>645.8863652104767</ele>
      </trkpt>
      <trkpt lat="36.8626719" lon="138.2266119">
        <ele>645.5446722221599</ele>
      </trkpt>
      <trkpt lat="36.8626649" lon="138.2266495">
        <ele>645.265852934777</ele>
      </trkpt>
      <trkpt lat="36.8626579" lon="138.2266872">
        <ele>645.0461181734297</ele>
      </trkpt>
      <trkpt lat="36.8626505" lon="138.2267228">
        <ele>644.8002675872564</ele>
      </trkpt>
      <trkpt lat="36.8626431" lon="138.2267585">
        <ele>644.6199029085266</ele>
      </trkpt>
      <trkpt lat="36.8626369" lon="138.2267927">
        <ele>644.4851366591314</ele>
      </trkpt>
      <trkpt lat="36.8626308" lon="138.226827">
        <ele>644.4008723920392</ele>
      </trkpt>
      <trkpt lat="36.8626267" lon="138.2268611">
        <ele>644.4427994987705</ele>
      </trkpt>
      <trkpt lat="36.8626227" lon="138.2268952">
        <ele>644.4907797791004</ele>
      </trkpt>
      <trkpt lat="36.8626182" lon="138.2269283">
        <ele>644.5325921140399</ele>
      </trkpt>
      <trkpt lat="36.8626137" lon="138.2269614">
        <ele>644.5693502448477</ele>
      </trkpt>
      <trkpt lat="36.8626077" lon="138.2269926">
        <ele>644.4638282693222</ele>
      </trkpt>
      <trkpt lat="36.8626017" lon="138.2270239">
        <ele>644.3176130040003</ele>
      </trkpt>
      <trkpt lat="36.8625948" lon="138.227056">
        <ele>644.1187168032237</ele>
      </trkpt>
      <trkpt lat="36.8625879" lon="138.2270881">
        <ele>643.9185583497915</ele>
      </trkpt>
      <trkpt lat="36.8625814" lon="138.2271223">
        <ele>643.7565412163237</ele>
      </trkpt>
      <trkpt lat="36.8625749" lon="138.2271565">
        <ele>643.550088437089</ele>
      </trkpt>
      <trkpt lat="36.8625694" lon="138.2271924">
        <ele>643.2777760587643</ele>
      </trkpt>
      <trkpt lat="36.862564" lon="138.2272284">
        <ele>643.0104148329709</ele>
      </trkpt>
      <trkpt lat="36.8625605" lon="138.2272643">
        <ele>642.7662570775494</ele>
      </trkpt>
      <trkpt lat="36.862557" lon="138.2273002">
        <ele>642.5093143494809</ele>
      </trkpt>
      <trkpt lat="36.8625548" lon="138.2273355">
        <ele>642.2545609528102</ele>
      </trkpt>
      <trkpt lat="36.8625527" lon="138.2273709">
        <ele>641.927328818122</ele>
      </trkpt>
      <trkpt lat="36.8625535" lon="138.2274077">
        <ele>641.7319722539248</ele>
      </trkpt>
      <trkpt lat="36.8625543" lon="138.2274445">
        <ele>641.5173908891984</ele>
      </trkpt>
      <trkpt lat="36.8625585" lon="138.2274808">
        <ele>641.458967816292</ele>
      </trkpt>
      <trkpt lat="36.8625627" lon="138.2275171">
        <ele>641.28314359297</ele>
      </trkpt>
      <trkpt lat="36.8625695" lon="138.2275495">
        <ele>641.2031892336958</ele>
      </trkpt>
      <trkpt lat="36.8625763" lon="138.227582">
        <ele>641.1039056284694</ele>
      </trkpt>
      <trkpt lat="36.8625849" lon="138.2276141">
        <ele>641.0869777889498</ele>
      </trkpt>
      <trkpt lat="36.8625936" lon="138.2276463">
        <ele>641.0763267362863</ele>
      </trkpt>
      <trkpt lat="36.862604" lon="138.227679">
        <ele>641.2332172839924</ele>
      </trkpt>
      <trkpt lat="36.8626145" lon="138.2277118">
        <ele>641.3708645664776</ele>
      </trkpt>
      <trkpt lat="36.8626287" lon="138.2277435">
        <ele>641.6830509603064</ele>
      </trkpt>
      <trkpt lat="36.862643" lon="138.2277753">
        <ele>642.0297971644598</ele>
      </trkpt>
      <trkpt lat="36.8626601" lon="138.2278052">
        <ele>642.5133927812634</ele>
      </trkpt>
      <trkpt lat="36.8626773" lon="138.2278352">
        <ele>643.1599826317247</ele>
      </trkpt>
      <trkpt lat="36.8626934" lon="138.2278652">
        <ele>643.8014057170784</ele>
      </trkpt>
      <trkpt lat="36.8627096" lon="138.2278953">
        <ele>644.4311469388016</ele>
      </trkpt>
      <trkpt lat="36.8627223" lon="138.2279296">
        <ele>644.8351114828561</ele>
      </trkpt>
      <trkpt lat="36.862735" lon="138.2279639">
        <ele>645.3632733771586</ele>
      </trkpt>
      <trkpt lat="36.862744" lon="138.2280008">
        <ele>645.6950924242389</ele>
      </trkpt>
      <trkpt lat="36.862753" lon="138.2280377">
        <ele>646.1238994722736</ele>
      </trkpt>
      <trkpt lat="36.8627586" lon="138.228075">
        <ele>646.3390427038065</ele>
      </trkpt>
      <trkpt lat="36.8627643" lon="138.2281124">
        <ele>646.6236891720704</ele>
      </trkpt>
      <trkpt lat="36.8627685" lon="138.2281488">
        <ele>646.8672167443112</ele>
      </trkpt>
      <trkpt lat="36.8627728" lon="138.2281852">
        <ele>647.120166626875</ele>
      </trkpt>
      <trkpt lat="36.8627778" lon="138.2282213">
        <ele>647.4450656761936</ele>
      </trkpt>
      <trkpt lat="36.8627829" lon="138.2282574">
        <ele>647.769967026735</ele>
      </trkpt>
      <trkpt lat="36.8627858" lon="138.2282937">
        <ele>647.9899865293936</ele>
      </trkpt>
      <trkpt lat="36.8627887" lon="138.2283301">
        <ele>648.2140869941577</ele>
      </trkpt>
      <trkpt lat="36.8627868" lon="138.2283643">
        <ele>648.1349729406721</ele>
      </trkpt>
      <trkpt lat="36.8627849" lon="138.2283985">
        <ele>648.0458879324224</ele>
      </trkpt>
      <trkpt lat="36.8627781" lon="138.2284281">
        <ele>647.6868893839119</ele>
      </trkpt>
      <trkpt lat="36.8627714" lon="138.2284578">
        <ele>647.3698129225793</ele>
      </trkpt>
      <trkpt lat="36.8627645" lon="138.228484">
        <ele>647.0535874312504</ele>
      </trkpt>
      <trkpt lat="36.8627576" lon="138.2285103">
        <ele>646.7498844259794</ele>
      </trkpt>
      <trkpt lat="36.862754" lon="138.2285375">
        <ele>646.6375230072678</ele>
      </trkpt>
      <trkpt lat="36.8627504" lon="138.2285647">
        <ele>646.5407551702593</ele>
      </trkpt>
      <trkpt lat="36.8627534" lon="138.2285945">
        <ele>646.7795580506811</ele>
      </trkpt>
      <trkpt lat="36.8627565" lon="138.2286243">
        <ele>647.0506681936016</ele>
      </trkpt>
      <trkpt lat="36.8627671" lon="138.2286546">
        <ele>647.6666071302471</ele>
      </trkpt>
      <trkpt lat="36.8627778" lon="138.228685">
        <ele>648.2434556108087</ele>
      </trkpt>
      <trkpt lat="36.8627933" lon="138.2287144">
        <ele>648.9636559424786</ele>
      </trkpt>
      <trkpt lat="36.8628089" lon="138.2287439">
        <ele>649.780004400139</ele>
      </trkpt>
      <trkpt lat="36.8628249" lon="138.228775">
        <ele>650.6259866980836</ele>
      </trkpt>
      <trkpt lat="36.8628409" lon="138.2288062">
        <ele>651.428372176825</ele>
      </trkpt>
      <trkpt lat="36.8628563" lon="138.2288383">
        <ele>652.1073054004235</ele>
      </trkpt>
      <trkpt lat="36.8628717" lon="138.2288704">
        <ele>652.7432606062301</ele>
      </trkpt>
      <trkpt lat="36.8628852" lon="138.2289028">
        <ele>653.3067596266526</ele>
      </trkpt>
      <trkpt lat="36.8628988" lon="138.2289353">
        <ele>653.7851716388566</ele>
      </trkpt>
      <trkpt lat="36.8629107" lon="138.22897">
        <ele>654.1018923314207</ele>
      </trkpt>
      <trkpt lat="36.8629227" lon="138.2290047">
        <ele>654.3607289105485</ele>
      </trkpt>
      <trkpt lat="36.862935" lon="138.2290408">
        <ele>654.5431873738456</ele>
      </trkpt>
      <trkpt lat="36.8629474" lon="138.229077">
        <ele>654.7112079893675</ele>
      </trkpt>
      <trkpt lat="36.8629611" lon="138.2291113">
        <ele>654.8924295743068</ele>
      </trkpt>
      <trkpt lat="36.8629749" lon="138.2291457">
        <ele>655.0239553293685</ele>
      </trkpt>
      <trkpt lat="36.8629879" lon="138.2291777">
        <ele>655.0867621875833</ele>
      </trkpt>
      <trkpt lat="36.863001" lon="138.2292097">
        <ele>655.0839329159753</ele>
      </trkpt>
      <trkpt lat="36.8630123" lon="138.2292425">
        <ele>655.0732244255036</ele>
      </trkpt>
      <trkpt lat="36.8630237" lon="138.2292753">
        <ele>655.0473439694722</ele>
      </trkpt>
      <trkpt lat="36.8630359" lon="138.2293088">
        <ele>655.030394476393</ele>
      </trkpt>
      <trkpt lat="36.8630482" lon="138.2293424">
        <ele>655.0231401506245</ele>
      </trkpt>
      <trkpt lat="36.8630627" lon="138.229377">
        <ele>655.0280329249395</ele>
      </trkpt>
      <trkpt lat="36.8630772" lon="138.2294117">
        <ele>655.0742935709176</ele>
      </trkpt>
      <trkpt lat="36.863092" lon="138.2294474">
        <ele>655.2220780033585</ele>
      </trkpt>
      <trkpt lat="36.8631069" lon="138.2294831">
        <ele>655.4073490931969</ele>
      </trkpt>
      <trkpt lat="36.8631213" lon="138.2295184">
        <ele>655.59873296108</ele>
      </trkpt>
      <trkpt lat="36.8631357" lon="138.2295537">
        <ele>655.7611764995343</ele>
      </trkpt>
      <trkpt lat="36.8631483" lon="138.2295877">
        <ele>655.9823911434262</ele>
      </trkpt>
      <trkpt lat="36.863161" lon="138.2296218">
        <ele>656.2365400850438</ele>
      </trkpt>
      <trkpt lat="36.8631685" lon="138.2296565">
        <ele>656.2913677349669</ele>
      </trkpt>
      <trkpt lat="36.863176" lon="138.2296913">
        <ele>656.3814718297608</ele>
      </trkpt>
      <trkpt lat="36.8631781" lon="138.2297259">
        <ele>656.2380218862293</ele>
      </trkpt>
      <trkpt lat="36.8631803" lon="138.2297606">
        <ele>656.204089734259</ele>
      </trkpt>
      <trkpt lat="36.8631783" lon="138.2297957">
        <ele>655.9964830683655</ele>
      </trkpt>
      <trkpt lat="36.8631763" lon="138.2298308">
        <ele>655.8831235613654</ele>
      </trkpt>
      <trkpt lat="36.8631726" lon="138.2298677">
        <ele>655.7692345436462</ele>
      </trkpt>
      <trkpt lat="36.863169" lon="138.2299046">
        <ele>655.6773475082351</ele>
      </trkpt>
      <trkpt lat="36.8631659" lon="138.2299439">
        <ele>655.6289997309859</ele>
      </trkpt>
      <trkpt lat="36.8631628" lon="138.2299833">
        <ele>655.5944318879872</ele>
      </trkpt>
      <trkpt lat="36.8631607" lon="138.2300241">
        <ele>655.669760529046</ele>
      </trkpt>
      <trkpt lat="36.8631587" lon="138.2300649">
        <ele>655.7482928712395</ele>
      </trkpt>
      <trkpt lat="36.8631569" lon="138.2301046">
        <ele>655.8193370733824</ele>
      </trkpt>
      <trkpt lat="36.8631551" lon="138.2301444">
        <ele>655.8927224586142</ele>
      </trkpt>
      <trkpt lat="36.8631554" lon="138.230184">
        <ele>656.0756473610647</ele>
      </trkpt>
      <trkpt lat="36.8631558" lon="138.2302237">
        <ele>656.2728950779895</ele>
      </trkpt>
      <trkpt lat="36.8631594" lon="138.2302623">
        <ele>656.5838126824044</ele>
      </trkpt>
      <trkpt lat="36.8631631" lon="138.2303009">
        <ele>656.9061052225845</ele>
      </trkpt>
      <trkpt lat="36.8631693" lon="138.230336">
        <ele>657.2885067741174</ele>
      </trkpt>
      <trkpt lat="36.8631755" lon="138.2303712">
        <ele>657.6957633332504</ele>
      </trkpt>
      <trkpt lat="36.8631828" lon="138.2304017">
        <ele>658.1133259148812</ele>
      </trkpt>
      <trkpt lat="36.8631902" lon="138.2304322">
        <ele>658.5304834985792</ele>
      </trkpt>
      <trkpt lat="36.8631969" lon="138.2304583">
        <ele>658.8906985491246</ele>
      </trkpt>
      <trkpt lat="36.8632037" lon="138.2304845">
        <ele>659.2485044436688</ele>
      </trkpt>
      <trkpt lat="36.8632098" lon="138.230511">
        <ele>659.617875265557</ele>
      </trkpt>
      <trkpt lat="36.863216" lon="138.2305375">
        <ele>660.044790689042</ele>
      </trkpt>
      <trkpt lat="36.863219" lon="138.2305675">
        <ele>660.3876385099127</ele>
      </trkpt>
      <trkpt lat="36.8632221" lon="138.2305975">
        <ele>660.7184619353986</ele>
      </trkpt>
      <trkpt lat="36.8632202" lon="138.2306321">
        <ele>660.9021004955307</ele>
      </trkpt>
      <trkpt lat="36.8632183" lon="138.2306667">
        <ele>661.0835083290613</ele>
      </trkpt>
      <trkpt lat="36.8632122" lon="138.2307022">
        <ele>661.1197850846451</ele>
      </trkpt>
      <trkpt lat="36.8632061" lon="138.2307377">
        <ele>661.1555793497627</ele>
      </trkpt>
      <trkpt lat="36.8631981" lon="138.2307696">
        <ele>661.054708731572</ele>
      </trkpt>
      <trkpt lat="36.8631901" lon="138.2308016">
        <ele>660.9111228651752</ele>
      </trkpt>
      <trkpt lat="36.8631832" lon="138.2308315">
        <ele>660.7899717988304</ele>
      </trkpt>
      <trkpt lat="36.8631763" lon="138.2308615">
        <ele>660.6491959205217</ele>
      </trkpt>
      <trkpt lat="36.8631696" lon="138.2308907">
        <ele>660.4960611919672</ele>
      </trkpt>
      <trkpt lat="36.863163" lon="138.2309199">
        <ele>660.3335651989678</ele>
      </trkpt>
      <trkpt lat="36.8631547" lon="138.2309495">
        <ele>660.0272388124004</ele>
      </trkpt>
      <trkpt lat="36.8631464" lon="138.2309791">
        <ele>659.699887281871</ele>
      </trkpt>
      <trkpt lat="36.8631371" lon="138.2310102">
        <ele>659.3359984629267</ele>
      </trkpt>
      <trkpt lat="36.8631279" lon="138.2310414">
        <ele>658.9444330737119</ele>
      </trkpt>
      <trkpt lat="36.8631202" lon="138.2310749">
        <ele>658.597753022273</ele>
      </trkpt>
      <trkpt lat="36.8631125" lon="138.2311085">
        <ele>658.2361498653765</ele>
      </trkpt>
      <trkpt lat="36.8631102" lon="138.2311457">
        <ele>658.0619973534496</ele>
      </trkpt>
      <trkpt lat="36.8631079" lon="138.2311829">
        <ele>657.8824943703302</ele>
      </trkpt>
      <trkpt lat="36.86311" lon="138.2312212">
        <ele>657.9061589839494</ele>
      </trkpt>
      <trkpt lat="36.8631122" lon="138.2312595">
        <ele>657.9369071705743</ele>
      </trkpt>
      <trkpt lat="36.8631151" lon="138.2312955">
        <ele>658.0372797480389</ele>
      </trkpt>
      <trkpt lat="36.8631181" lon="138.2313316">
        <ele>658.1554524215794</ele>
      </trkpt>
      <trkpt lat="36.8631219" lon="138.2313656">
        <ele>658.3359421747058</ele>
      </trkpt>
      <trkpt lat="36.8631258" lon="138.2313997">
        <ele>658.5599903224495</ele>
      </trkpt>
      <trkpt lat="36.8631284" lon="138.2314352">
        <ele>658.7245459288658</ele>
      </trkpt>
      <trkpt lat="36.863131" lon="138.2314707">
        <ele>658.9529534143404</ele>
      </trkpt>
      <trkpt lat="36.8631322" lon="138.2315096">
        <ele>659.1413429256534</ele>
      </trkpt>
      <trkpt lat="36.8631335" lon="138.2315485">
        <ele>659.3640961801168</ele>
      </trkpt>
      <trkpt lat="36.8631344" lon="138.231589">
        <ele>659.5966381543888</ele>
      </trkpt>
      <trkpt lat="36.8631354" lon="138.2316296">
        <ele>659.8948650948007</ele>
      </trkpt>
      <trkpt lat="36.8631374" lon="138.2316683">
        <ele>660.2949476180603</ele>
      </trkpt>
      <trkpt lat="36.8631394" lon="138.2317071">
        <ele>660.719533644059</ele>
      </trkpt>
      <trkpt lat="36.8631438" lon="138.2317435">
        <ele>661.2951610745056</ele>
      </trkpt>
      <trkpt lat="36.8631482" lon="138.23178">
        <ele>661.8752722949665</ele>
      </trkpt>
      <trkpt lat="36.8631556" lon="138.2318128">
        <ele>662.5385619245342</ele>
      </trkpt>
      <trkpt lat="36.863163" lon="138.2318456">
        <ele>663.1850448982717</ele>
      </trkpt>
      <trkpt lat="36.863171" lon="138.2318763">
        <ele>663.832878211996</ele>
      </trkpt>
      <trkpt lat="36.8631791" lon="138.2319071">
        <ele>664.5130702893762</ele>
      </trkpt>
      <trkpt lat="36.8631872" lon="138.2319382">
        <ele>665.1880592115897</ele>
      </trkpt>
      <trkpt lat="36.8631953" lon="138.2319694">
        <ele>665.824751756945</ele>
      </trkpt>
      <trkpt lat="36.8632017" lon="138.2320008">
        <ele>666.3475275715189</ele>
      </trkpt>
      <trkpt lat="36.8632082" lon="138.2320323">
        <ele>666.8613012825083</ele>
      </trkpt>
      <trkpt lat="36.8632136" lon="138.2320645">
        <ele>667.3872670096962</ele>
      </trkpt>
      <trkpt lat="36.8632191" lon="138.2320968">
        <ele>667.9278498525279</ele>
      </trkpt>
      <trkpt lat="36.8632238" lon="138.2321312">
        <ele>668.446050830252</ele>
      </trkpt>
      <trkpt lat="36.8632286" lon="138.2321656">
        <ele>668.9526290169025</ele>
      </trkpt>
      <trkpt lat="36.8632319" lon="138.2322003">
        <ele>669.4112314836084</ele>
      </trkpt>
      <trkpt lat="36.8632353" lon="138.232235">
        <ele>669.9380949745829</ele>
      </trkpt>
      <trkpt lat="36.8632364" lon="138.2322699">
        <ele>670.4110202773466</ele>
      </trkpt>
      <trkpt lat="36.8632376" lon="138.2323048">
        <ele>670.8927121288515</ele>
      </trkpt>
      <trkpt lat="36.8632364" lon="138.2323405">
        <ele>671.322341068884</ele>
      </trkpt>
      <trkpt lat="36.8632352" lon="138.2323763">
        <ele>671.7518405098542</ele>
      </trkpt>
      <trkpt lat="36.8632315" lon="138.2324131">
        <ele>672.189202801698</ele>
      </trkpt>
      <trkpt lat="36.8632278" lon="138.23245">
        <ele>672.6509962472145</ele>
      </trkpt>
      <trkpt lat="36.8632211" lon="138.2324875">
        <ele>673.0365882870522</ele>
      </trkpt>
      <trkpt lat="36.8632145" lon="138.2325251">
        <ele>673.4453983913661</ele>
      </trkpt>
      <trkpt lat="36.863206" lon="138.232562">
        <ele>673.7823456273055</ele>
      </trkpt>
      <trkpt lat="36.8631975" lon="138.232599">
        <ele>674.2187350067679</ele>
      </trkpt>
      <trkpt lat="36.8631881" lon="138.2326342">
        <ele>674.5608385292971</ele>
      </trkpt>
      <trkpt lat="36.8631787" lon="138.2326695">
        <ele>674.9304935298779</ele>
      </trkpt>
      <trkpt lat="36.8631694" lon="138.2327028">
        <ele>675.2609820844198</ele>
      </trkpt>
      <trkpt lat="36.8631601" lon="138.2327362">
        <ele>675.5966481976794</ele>
      </trkpt>
      <trkpt lat="36.8631509" lon="138.2327689">
        <ele>675.9396421693089</ele>
      </trkpt>
      <trkpt lat="36.8631418" lon="138.2328016">
        <ele>676.2666956764328</ele>
      </trkpt>
      <trkpt lat="36.8631316" lon="138.2328333">
        <ele>676.5775115219575</ele>
      </trkpt>
      <trkpt lat="36.8631215" lon="138.2328651">
        <ele>676.9005196158322</ele>
      </trkpt>
      <trkpt lat="36.8631103" lon="138.2328966">
        <ele>677.1451180861736</ele>
      </trkpt>
      <trkpt lat="36.8630991" lon="138.2329281">
        <ele>677.3868811311063</ele>
      </trkpt>
      <trkpt lat="36.8630853" lon="138.2329596">
        <ele>677.4977308246623</ele>
      </trkpt>
      <trkpt lat="36.8630716" lon="138.2329912">
        <ele>677.5981509734829</ele>
      </trkpt>
      <trkpt lat="36.8630531" lon="138.2330201">
        <ele>677.4449035528168</ele>
      </trkpt>
      <trkpt lat="36.8630347" lon="138.233049">
        <ele>677.2778467221824</ele>
      </trkpt>
      <trkpt lat="36.863015" lon="138.2330761">
        <ele>677.0099893185325</ele>
      </trkpt>
      <trkpt lat="36.8629954" lon="138.2331032">
        <ele>676.8183352437782</ele>
      </trkpt>
      <trkpt lat="36.8629769" lon="138.2331301">
        <ele>676.6950534415761</ele>
      </trkpt>
      <trkpt lat="36.8629585" lon="138.233157">
        <ele>676.5577253545642</ele>
      </trkpt>
      <trkpt lat="36.8629401" lon="138.2331835">
        <ele>676.363224484586</ele>
      </trkpt>
      <trkpt lat="36.8629218" lon="138.23321">
        <ele>676.2050680103885</ele>
      </trkpt>
      <trkpt lat="36.8629034" lon="138.2332361">
        <ele>676.0599466701898</ele>
      </trkpt>
      <trkpt lat="36.8628851" lon="138.2332623">
        <ele>675.9496739855042</ele>
      </trkpt>
      <trkpt lat="36.8628678" lon="138.2332889">
        <ele>675.8780248935747</ele>
      </trkpt>
      <trkpt lat="36.8628506" lon="138.2333155">
        <ele>675.8148014566868</ele>
      </trkpt>
      <trkpt lat="36.8628333" lon="138.2333436">
        <ele>675.8001637076965</ele>
      </trkpt>
      <trkpt lat="36.862816" lon="138.2333718">
        <ele>675.8022632440557</ele>
      </trkpt>
      <trkpt lat="36.8627996" lon="138.2334004">
        <ele>675.8477591594219</ele>
      </trkpt>
      <trkpt lat="36.8627832" lon="138.2334291">
        <ele>675.8485304115578</ele>
      </trkpt>
      <trkpt lat="36.8627672" lon="138.2334564">
        <ele>675.8407873356723</ele>
      </trkpt>
      <trkpt lat="36.8627513" lon="138.2334837">
        <ele>675.8372674380438</ele>
      </trkpt>
      <trkpt lat="36.8627339" lon="138.2335096">
        <ele>675.7353810024042</ele>
      </trkpt>
      <trkpt lat="36.8627166" lon="138.2335356">
        <ele>675.6603511846636</ele>
      </trkpt>
      <trkpt lat="36.8626965" lon="138.2335612">
        <ele>675.467140814104</ele>
      </trkpt>
      <trkpt lat="36.8626765" lon="138.2335869">
        <ele>675.2804547477986</ele>
      </trkpt>
      <trkpt lat="36.8626544" lon="138.2336131">
        <ele>675.0111485238657</ele>
      </trkpt>
      <trkpt lat="36.8626324" lon="138.2336393">
        <ele>674.723111354118</ele>
      </trkpt>
      <trkpt lat="36.862609" lon="138.2336621">
        <ele>674.2927650299864</ele>
      </trkpt>
      <trkpt lat="36.8625857" lon="138.2336849">
        <ele>673.8914909368033</ele>
      </trkpt>
      <trkpt lat="36.8625621" lon="138.2337058">
        <ele>673.4770806384905</ele>
      </trkpt>
      <trkpt lat="36.8625386" lon="138.2337268">
        <ele>673.0354368817119</ele>
      </trkpt>
      <trkpt lat="36.8625194" lon="138.2337517">
        <ele>672.8255463313234</ele>
      </trkpt>
      <trkpt lat="36.8625002" lon="138.2337766">
        <ele>672.6365933862397</ele>
      </trkpt>
      <trkpt lat="36.8624879" lon="138.2338055">
        <ele>672.804913283261</ele>
      </trkpt>
      <trkpt lat="36.8624756" lon="138.2338344">
        <ele>672.9611713633855</ele>
      </trkpt>
      <trkpt lat="36.8624692" lon="138.2338656">
        <ele>673.3729543423656</ele>
      </trkpt>
      <trkpt lat="36.8624628" lon="138.2338969">
        <ele>673.7702279577076</ele>
      </trkpt>
      <trkpt lat="36.8624598" lon="138.2339272">
        <ele>674.2832016059859</ele>
      </trkpt>
      <trkpt lat="36.8624569" lon="138.2339575">
        <ele>674.7627213428268</ele>
      </trkpt>
      <trkpt lat="36.8624531" lon="138.2339858">
        <ele>675.1674974483911</ele>
      </trkpt>
      <trkpt lat="36.8624493" lon="138.2340141">
        <ele>675.578612055584</ele>
      </trkpt>
      <trkpt lat="36.8624433" lon="138.2340403">
        <ele>675.771495365725</ele>
      </trkpt>
      <trkpt lat="36.8624373" lon="138.2340665">
        <ele>675.9629417666241</ele>
      </trkpt>
      <trkpt lat="36.8624293" lon="138.2340928">
        <ele>676.0773837903054</ele>
      </trkpt>
      <trkpt lat="36.8624214" lon="138.2341191">
        <ele>676.1295488101053</ele>
      </trkpt>
      <trkpt lat="36.8624156" lon="138.2341468">
        <ele>676.2646991869042</ele>
      </trkpt>
      <trkpt lat="36.8624098" lon="138.2341746">
        <ele>676.412070201813</ele>
      </trkpt>
      <trkpt lat="36.8624095" lon="138.2342014">
        <ele>676.7072327855162</ele>
      </trkpt>
      <trkpt lat="36.8624092" lon="138.2342282">
        <ele>676.9668820278489</ele>
      </trkpt>
      <trkpt lat="36.8624147" lon="138.2342539">
        <ele>677.4201823946594</ele>
      </trkpt>
      <trkpt lat="36.8624203" lon="138.2342797">
        <ele>677.8462795774076</ele>
      </trkpt>
      <trkpt lat="36.8624317" lon="138.2343035">
        <ele>678.379039910143</ele>
      </trkpt>
      <trkpt lat="36.8624432" lon="138.2343274">
        <ele>678.8879189709675</ele>
      </trkpt>
      <trkpt lat="36.8624588" lon="138.2343481">
        <ele>679.492512543488</ele>
      </trkpt>
      <trkpt lat="36.8624744" lon="138.2343689">
        <ele>680.031348907147</ele>
      </trkpt>
      <trkpt lat="36.8624942" lon="138.234388">
        <ele>680.6062162798472</ele>
      </trkpt>
      <trkpt lat="36.8625141" lon="138.2344072">
        <ele>681.1322492996097</ele>
      </trkpt>
      <trkpt lat="36.8625368" lon="138.234425">
        <ele>681.6685929305628</ele>
      </trkpt>
      <trkpt lat="36.8625595" lon="138.2344428">
        <ele>682.1524793502698</ele>
      </trkpt>
      <trkpt lat="36.862582" lon="138.2344583">
        <ele>682.5756337253111</ele>
      </trkpt>
      <trkpt lat="36.8626046" lon="138.2344739">
        <ele>682.9634121520548</ele>
      </trkpt>
      <trkpt lat="36.8626275" lon="138.2344891">
        <ele>683.3448015804264</ele>
      </trkpt>
      <trkpt lat="36.8626504" lon="138.2345043">
        <ele>683.702568857</ele>
      </trkpt>
      <trkpt lat="36.8626736" lon="138.2345192">
        <ele>684.06686202262</ele>
      </trkpt>
      <trkpt lat="36.8626968" lon="138.2345342">
        <ele>684.4021813039222</ele>
      </trkpt>
      <trkpt lat="36.8627211" lon="138.2345476">
        <ele>684.7382880962338</ele>
      </trkpt>
      <trkpt lat="36.8627455" lon="138.234561">
        <ele>685.1126347945869</ele>
      </trkpt>
      <trkpt lat="36.8627692" lon="138.2345739">
        <ele>685.4914903732556</ele>
      </trkpt>
      <trkpt lat="36.862793" lon="138.2345869">
        <ele>685.8605530633885</ele>
      </trkpt>
      <trkpt lat="36.8628141" lon="138.2345992">
        <ele>686.2237321539806</ele>
      </trkpt>
      <trkpt lat="36.8628352" lon="138.2346115">
        <ele>686.6130075527569</ele>
      </trkpt>
      <trkpt lat="36.8628541" lon="138.2346237">
        <ele>686.955254489442</ele>
      </trkpt>
      <trkpt lat="36.862873" lon="138.234636">
        <ele>687.3352339994983</ele>
      </trkpt>
      <trkpt lat="36.862892" lon="138.2346497">
        <ele>687.7564181492978</ele>
      </trkpt>
      <trkpt lat="36.8629111" lon="138.2346635">
        <ele>688.1882226865415</ele>
      </trkpt>
      <trkpt lat="36.8629305" lon="138.2346814">
        <ele>688.5677765584372</ele>
      </trkpt>
      <trkpt lat="36.86295" lon="138.2346993">
        <ele>688.9839819560946</ele>
      </trkpt>
      <trkpt lat="36.862968" lon="138.2347247">
        <ele>689.3029436152342</ele>
      </trkpt>
      <trkpt lat="36.8629861" lon="138.2347502">
        <ele>689.6603283734662</ele>
      </trkpt>
      <trkpt lat="36.8630023" lon="138.2347818">
        <ele>689.8937449521061</ele>
      </trkpt>
      <trkpt lat="36.8630186" lon="138.2348134">
        <ele>690.2276161966822</ele>
      </trkpt>
      <trkpt lat="36.8630317" lon="138.2348484">
        <ele>690.4392874022271</ele>
      </trkpt>
      <trkpt lat="36.8630449" lon="138.2348834">
        <ele>690.7211418743244</ele>
      </trkpt>
      <trkpt lat="36.8630537" lon="138.2349188">
        <ele>690.8993653338403</ele>
      </trkpt>
      <trkpt lat="36.8630626" lon="138.2349542">
        <ele>691.0819575134665</ele>
      </trkpt>
      <trkpt lat="36.8630683" lon="138.2349872">
        <ele>691.2074240832882</ele>
      </trkpt>
      <trkpt lat="36.8630741" lon="138.2350203">
        <ele>691.3357096398153</ele>
      </trkpt>
      <trkpt lat="36.8630779" lon="138.2350522">
        <ele>691.3765325576541</ele>
      </trkpt>
      <trkpt lat="36.8630817" lon="138.2350842">
        <ele>691.4458422428931</ele>
      </trkpt>
      <trkpt lat="36.8630843" lon="138.2351175">
        <ele>691.4666884739885</ele>
      </trkpt>
      <trkpt lat="36.863087" lon="138.2351509">
        <ele>691.5481337894587</ele>
      </trkpt>
      <trkpt lat="36.8630891" lon="138.2351859">
        <ele>691.6371159523615</ele>
      </trkpt>
      <trkpt lat="36.8630912" lon="138.235221">
        <ele>691.7243000990453</ele>
      </trkpt>
      <trkpt lat="36.8630932" lon="138.2352572">
        <ele>691.8374867479304</ele>
      </trkpt>
      <trkpt lat="36.8630953" lon="138.2352935">
        <ele>691.9463776367804</ele>
      </trkpt>
      <trkpt lat="36.8630989" lon="138.2353291">
        <ele>692.1395544931531</ele>
      </trkpt>
      <trkpt lat="36.8631025" lon="138.2353648">
        <ele>692.3321009679615</ele>
      </trkpt>
      <trkpt lat="36.8631085" lon="138.2353979">
        <ele>692.5552433234501</ele>
      </trkpt>
      <trkpt lat="36.8631146" lon="138.2354311">
        <ele>692.7536485903902</ele>
      </trkpt>
      <trkpt lat="36.8631239" lon="138.2354591">
        <ele>692.9763243355357</ele>
      </trkpt>
      <trkpt lat="36.8631333" lon="138.2354872">
        <ele>693.1830462428917</ele>
      </trkpt>
      <trkpt lat="36.8631472" lon="138.2355117">
        <ele>693.4423530767347</ele>
      </trkpt>
      <trkpt lat="36.8631612" lon="138.2355363">
        <ele>693.6841708839281</ele>
      </trkpt>
      <trkpt lat="36.8631774" lon="138.2355569">
        <ele>693.9254681511802</ele>
      </trkpt>
      <trkpt lat="36.8631936" lon="138.2355775">
        <ele>694.1538075920756</ele>
      </trkpt>
      <trkpt lat="36.8632112" lon="138.235594">
        <ele>694.3728473110325</ele>
      </trkpt>
      <trkpt lat="36.8632288" lon="138.2356106">
        <ele>694.5530164549664</ele>
      </trkpt>
      <trkpt lat="36.8632479" lon="138.2356254">
        <ele>694.7339752433886</ele>
      </trkpt>
      <trkpt lat="36.8632671" lon="138.2356403">
        <ele>694.8964766883763</ele>
      </trkpt>
      <trkpt lat="36.8632868" lon="138.2356569">
        <ele>695.0651306348482</ele>
      </trkpt>
      <trkpt lat="36.8633066" lon="138.2356736">
        <ele>695.2239413753388</ele>
      </trkpt>
      <trkpt lat="36.8633259" lon="138.2356923">
        <ele>695.3504502411545</ele>
      </trkpt>
      <trkpt lat="36.8633452" lon="138.235711">
        <ele>695.4524659014719</ele>
      </trkpt>
      <trkpt lat="36.8633634" lon="138.2357326">
        <ele>695.4391957643428</ele>
      </trkpt>
      <trkpt lat="36.8633817" lon="138.2357542">
        <ele>695.3788188446065</ele>
      </trkpt>
      <trkpt lat="36.863399" lon="138.2357807">
        <ele>695.2757528298473</ele>
      </trkpt>
      <trkpt lat="36.8634163" lon="138.2358072">
        <ele>695.1571916537603</ele>
      </trkpt>
      <trkpt lat="36.8634308" lon="138.235837">
        <ele>694.9996234521733</ele>
      </trkpt>
      <trkpt lat="36.8634453" lon="138.2358668">
        <ele>694.8274542034314</ele>
      </trkpt>
      <trkpt lat="36.8634572" lon="138.2358976">
        <ele>694.6338272699419</ele>
      </trkpt>
      <trkpt lat="36.8634691" lon="138.2359284">
        <ele>694.4047375383691</ele>
      </trkpt>
      <trkpt lat="36.8634795" lon="138.2359605">
        <ele>694.1396609263586</ele>
      </trkpt>
      <trkpt lat="36.86349" lon="138.2359926">
        <ele>693.8916322664151</ele>
      </trkpt>
      <trkpt lat="36.8634983" lon="138.2360257">
        <ele>693.7148336994914</ele>
      </trkpt>
      <trkpt lat="36.8635066" lon="138.2360589">
        <ele>693.5280932492567</ele>
      </trkpt>
      <trkpt lat="36.8635106" lon="138.2360957">
        <ele>693.3726179681137</ele>
      </trkpt>
      <trkpt lat="36.8635146" lon="138.2361325">
        <ele>693.2698750418315</ele>
      </trkpt>
      <trkpt lat="36.8635129" lon="138.2361692">
        <ele>693.1880219866164</ele>
      </trkpt>
      <trkpt lat="36.8635113" lon="138.2362059">
        <ele>693.2098530465934</ele>
      </trkpt>
      <trkpt lat="36.8635023" lon="138.2362401">
        <ele>693.2202901364891</ele>
      </trkpt>
      <trkpt lat="36.8634934" lon="138.2362743">
        <ele>693.2741143930958</ele>
      </trkpt>
      <trkpt lat="36.8634767" lon="138.2363056">
        <ele>693.4020420671471</ele>
      </trkpt>
      <trkpt lat="36.8634601" lon="138.236337">
        <ele>693.6392679886902</ele>
      </trkpt>
      <trkpt lat="36.8634401" lon="138.2363658">
        <ele>693.948233636097</ele>
      </trkpt>
      <trkpt lat="36.8634202" lon="138.2363947">
        <ele>694.2567915321338</ele>
      </trkpt>
      <trkpt lat="36.8633997" lon="138.2364221">
        <ele>694.6881655483052</ele>
      </trkpt>
      <trkpt lat="36.8633793" lon="138.2364495">
        <ele>695.174560467201</ele>
      </trkpt>
      <trkpt lat="36.8633595" lon="138.2364778">
        <ele>695.6565870544177</ele>
      </trkpt>
      <trkpt lat="36.8633398" lon="138.2365062">
        <ele>696.1264620297588</ele>
      </trkpt>
      <trkpt lat="36.8633246" lon="138.2365355">
        <ele>696.5184939240571</ele>
      </trkpt>
      <trkpt lat="36.8633094" lon="138.2365648">
        <ele>696.9105257738847</ele>
      </trkpt>
      <trkpt lat="36.8632975" lon="138.2365928">
        <ele>697.2390803885646</ele>
      </trkpt>
      <trkpt lat="36.8632857" lon="138.2366208">
        <ele>697.5087825793776</ele>
      </trkpt>
      <trkpt lat="36.8632744" lon="138.2366474">
        <ele>697.7811172811303</ele>
      </trkpt>
      <trkpt lat="36.8632632" lon="138.236674">
        <ele>698.0680740833352</ele>
      </trkpt>
      <trkpt lat="36.8632509" lon="138.2367018">
        <ele>698.3489294553181</ele>
      </trkpt>
      <trkpt lat="36.8632386" lon="138.2367297">
        <ele>698.6288805308757</ele>
      </trkpt>
      <trkpt lat="36.8632254" lon="138.23676">
        <ele>698.930151243229</ele>
      </trkpt>
      <trkpt lat="36.8632122" lon="138.2367903">
        <ele>699.1303754002806</ele>
      </trkpt>
      <trkpt lat="36.8632001" lon="138.2368192">
        <ele>699.3653796751989</ele>
      </trkpt>
      <trkpt lat="36.8631881" lon="138.2368481">
        <ele>699.6117966352874</ele>
      </trkpt>
      <trkpt lat="36.8631777" lon="138.2368748">
        <ele>699.8243402369898</ele>
      </trkpt>
      <trkpt lat="36.8631673" lon="138.2369016">
        <ele>700.0178937775775</ele>
      </trkpt>
      <trkpt lat="36.863157" lon="138.2369275">
        <ele>700.1921001753806</ele>
      </trkpt>
      <trkpt lat="36.8631468" lon="138.2369535">
        <ele>700.3460187049204</ele>
      </trkpt>
      <trkpt lat="36.8631361" lon="138.2369794">
        <ele>700.5459529081802</ele>
      </trkpt>
      <trkpt lat="36.8631254" lon="138.2370054">
        <ele>700.7815016629</ele>
      </trkpt>
      <trkpt lat="36.8631141" lon="138.2370325">
        <ele>701.0595627123862</ele>
      </trkpt>
      <trkpt lat="36.8631028" lon="138.2370596">
        <ele>701.3629270301733</ele>
      </trkpt>
      <trkpt lat="36.8630895" lon="138.2370868">
        <ele>701.6961632431991</ele>
      </trkpt>
      <trkpt lat="36.8630763" lon="138.2371141">
        <ele>702.0373118895483</ele>
      </trkpt>
      <trkpt lat="36.8630618" lon="138.2371413">
        <ele>702.5165647821634</ele>
      </trkpt>
      <trkpt lat="36.8630473" lon="138.2371685">
        <ele>702.9820083542864</ele>
      </trkpt>
      <trkpt lat="36.8630325" lon="138.2371955">
        <ele>703.4485993892405</ele>
      </trkpt>
      <trkpt lat="36.8630177" lon="138.2372226">
        <ele>704.0041361400306</ele>
      </trkpt>
      <trkpt lat="36.8630029" lon="138.2372508">
        <ele>704.51843670815</ele>
      </trkpt>
      <trkpt lat="36.8629882" lon="138.2372791">
        <ele>705.098313241838</ele>
      </trkpt>
      <trkpt lat="36.8629734" lon="138.2373077">
        <ele>705.8332845463259</ele>
      </trkpt>
      <trkpt lat="36.8629586" lon="138.2373364">
        <ele>706.5117768971679</ele>
      </trkpt>
      <trkpt lat="36.8629434" lon="138.2373631">
        <ele>707.1298494841174</ele>
      </trkpt>
      <trkpt lat="36.8629282" lon="138.2373898">
        <ele>707.8435811726049</ele>
      </trkpt>
      <trkpt lat="36.8629134" lon="138.2374149">
        <ele>708.509225562476</ele>
      </trkpt>
      <trkpt lat="36.8628987" lon="138.23744">
        <ele>709.12221213783</ele>
      </trkpt>
      <trkpt lat="36.8628852" lon="138.2374644">
        <ele>709.7209515523903</ele>
      </trkpt>
      <trkpt lat="36.8628717" lon="138.2374889">
        <ele>710.3263095377619</ele>
      </trkpt>
      <trkpt lat="36.8628607" lon="138.2375159">
        <ele>710.9129571166271</ele>
      </trkpt>
      <trkpt lat="36.8628498" lon="138.2375429">
        <ele>711.4953291542962</ele>
      </trkpt>
      <trkpt lat="36.8628404" lon="138.2375705">
        <ele>712.0588784911272</ele>
      </trkpt>
      <trkpt lat="36.8628311" lon="138.2375981">
        <ele>712.6028555933203</ele>
      </trkpt>
      <trkpt lat="36.862824" lon="138.2376226">
        <ele>713.0433420702791</ele>
      </trkpt>
      <trkpt lat="36.8628169" lon="138.2376472">
        <ele>713.4294492402346</ele>
      </trkpt>
      <trkpt lat="36.8628128" lon="138.2376689">
        <ele>713.7197823000085</ele>
      </trkpt>
      <trkpt lat="36.8628087" lon="138.2376906">
        <ele>714.0010584607265</ele>
      </trkpt>
      <trkpt lat="36.8628121" lon="138.2377042">
        <ele>714.0854818131154</ele>
      </trkpt>
      <trkpt lat="36.8628155" lon="138.2377179">
        <ele>714.168143756948</ele>
      </trkpt>
      <trkpt lat="36.8628292" lon="138.2377208">
        <ele>714.0001475024508</ele>
      </trkpt>
      <trkpt lat="36.8628429" lon="138.2377238">
        <ele>713.834507458516</ele>
      </trkpt>
      <trkpt lat="36.8628654" lon="138.2377173">
        <ele>713.4459377337536</ele>
      </trkpt>
      <trkpt lat="36.862888" lon="138.2377108">
        <ele>713.1188717711365</ele>
      </trkpt>
      <trkpt lat="36.8629146" lon="138.2376993">
        <ele>712.6569207373257</ele>
      </trkpt>
      <trkpt lat="36.8629413" lon="138.2376878">
        <ele>712.1879696149091</ele>
      </trkpt>
      <trkpt lat="36.8629682" lon="138.2376781">
        <ele>711.8051410963916</ele>
      </trkpt>
      <trkpt lat="36.8629951" lon="138.2376685">
        <ele>711.3975688697332</ele>
      </trkpt>
      <trkpt lat="36.8630222" lon="138.2376603">
        <ele>711.1084526012348</ele>
      </trkpt>
      <trkpt lat="36.8630494" lon="138.2376521">
        <ele>710.861907876924</ele>
      </trkpt>
      <trkpt lat="36.8630773" lon="138.2376449">
        <ele>710.6367364346819</ele>
      </trkpt>
      <trkpt lat="36.8631053" lon="138.2376378">
        <ele>710.4960330353944</ele>
      </trkpt>
      <trkpt lat="36.8631334" lon="138.2376323">
        <ele>710.3838035284431</ele>
      </trkpt>
      <trkpt lat="36.8631615" lon="138.2376268">
        <ele>710.4124406266034</ele>
      </trkpt>
      <trkpt lat="36.8631882" lon="138.2376241">
        <ele>710.548287992296</ele>
      </trkpt>
      <trkpt lat="36.8632149" lon="138.2376214">
        <ele>710.7096281582653</ele>
      </trkpt>
      <trkpt lat="36.8632412" lon="138.2376186">
        <ele>710.9861136556372</ele>
      </trkpt>
      <trkpt lat="36.8632675" lon="138.2376158">
        <ele>711.2557716056473</ele>
      </trkpt>
      <trkpt lat="36.863293" lon="138.2376139">
        <ele>711.6620318463525</ele>
      </trkpt>
      <trkpt lat="36.8633186" lon="138.237612">
        <ele>712.1666372474765</ele>
      </trkpt>
      <trkpt lat="36.863344" lon="138.2376091">
        <ele>712.6373516311918</ele>
      </trkpt>
      <trkpt lat="36.8633694" lon="138.2376062">
        <ele>713.2334555768728</ele>
      </trkpt>
      <trkpt lat="36.8633949" lon="138.2376005">
        <ele>713.7693159224027</ele>
      </trkpt>
      <trkpt lat="36.8634204" lon="138.2375949">
        <ele>714.3254468291233</ele>
      </trkpt>
      <trkpt lat="36.8634437" lon="138.2375845">
        <ele>714.7835421812965</ele>
      </trkpt>
      <trkpt lat="36.863467" lon="138.2375741">
        <ele>715.2498603303045</ele>
      </trkpt>
      <trkpt lat="36.8634892" lon="138.2375594">
        <ele>715.5746351073647</ele>
      </trkpt>
      <trkpt lat="36.8635115" lon="138.2375447">
        <ele>715.9398593160425</ele>
      </trkpt>
      <trkpt lat="36.8635345" lon="138.2375287">
        <ele>716.2956798825883</ele>
      </trkpt>
      <trkpt lat="36.8635576" lon="138.2375128">
        <ele>716.6428160400883</ele>
      </trkpt>
      <trkpt lat="36.8635804" lon="138.2374973">
        <ele>717.0184377213977</ele>
      </trkpt>
      <trkpt lat="36.8636033" lon="138.2374819">
        <ele>717.4244575175858</ele>
      </trkpt>
      <trkpt lat="36.8636253" lon="138.2374667">
        <ele>717.8144210636855</ele>
      </trkpt>
      <trkpt lat="36.8636474" lon="138.2374516">
        <ele>718.1499921028507</ele>
      </trkpt>
      <trkpt lat="36.8636679" lon="138.2374353">
        <ele>718.3804934941061</ele>
      </trkpt>
      <trkpt lat="36.8636885" lon="138.237419">
        <ele>718.6183900034792</ele>
      </trkpt>
      <trkpt lat="36.8637073" lon="138.2373997">
        <ele>718.722970920558</ele>
      </trkpt>
      <trkpt lat="36.8637262" lon="138.2373805">
        <ele>718.8460639029038</ele>
      </trkpt>
      <trkpt lat="36.8637427" lon="138.2373589">
        <ele>718.8290666108039</ele>
      </trkpt>
      <trkpt lat="36.8637592" lon="138.2373373">
        <ele>718.802501802131</ele>
      </trkpt>
      <trkpt lat="36.8637724" lon="138.2373135">
        <ele>718.5337362100943</ele>
      </trkpt>
      <trkpt lat="36.8637857" lon="138.2372897">
        <ele>718.2771162279768</ele>
      </trkpt>
      <trkpt lat="36.8637954" lon="138.2372635">
        <ele>717.8262536736177</ele>
      </trkpt>
      <trkpt lat="36.8638052" lon="138.2372373">
        <ele>717.369029654327</ele>
      </trkpt>
      <trkpt lat="36.8638132" lon="138.2372091">
        <ele>716.8194999483866</ele>
      </trkpt>
      <trkpt lat="36.8638213" lon="138.2371809">
        <ele>716.2877571203961</ele>
      </trkpt>
      <trkpt lat="36.8638287" lon="138.2371521">
        <ele>715.7068749567425</ele>
      </trkpt>
      <trkpt lat="36.8638361" lon="138.2371233">
        <ele>715.1116754225661</ele>
      </trkpt>
      <trkpt lat="36.8638413" lon="138.2370944">
        <ele>714.4419760514327</ele>
      </trkpt>
      <trkpt lat="36.8638465" lon="138.2370656">
        <ele>713.7634408780134</ele>
      </trkpt>
      <trkpt lat="36.8638519" lon="138.2370379">
        <ele>713.1346612704001</ele>
      </trkpt>
      <trkpt lat="36.8638573" lon="138.2370102">
        <ele>712.5355719763824</ele>
      </trkpt>
      <trkpt lat="36.8638644" lon="138.2369823">
        <ele>712.0502663168369</ele>
      </trkpt>
      <trkpt lat="36.8638715" lon="138.2369545">
        <ele>711.5810532603363</ele>
      </trkpt>
      <trkpt lat="36.863882" lon="138.2369261">
        <ele>711.2688673142889</ele>
      </trkpt>
      <trkpt lat="36.8638925" lon="138.2368978">
        <ele>711.0543636553383</ele>
      </trkpt>
      <trkpt lat="36.8639044" lon="138.2368711">
        <ele>710.905413353227</ele>
      </trkpt>
      <trkpt lat="36.8639163" lon="138.2368444">
        <ele>710.7655895420121</ele>
      </trkpt>
      <trkpt lat="36.8639277" lon="138.2368191">
        <ele>710.7384688671682</ele>
      </trkpt>
      <trkpt lat="36.8639391" lon="138.2367939">
        <ele>710.7130958802535</ele>
      </trkpt>
      <trkpt lat="36.8639502" lon="138.236771">
        <ele>710.716996552912</ele>
      </trkpt>
      <trkpt lat="36.8639613" lon="138.2367481">
        <ele>710.7502529080737</ele>
      </trkpt>
      <trkpt lat="36.8639728" lon="138.2367293">
        <ele>710.8463851030552</ele>
      </trkpt>
      <trkpt lat="36.8639843" lon="138.2367106">
        <ele>710.927011336792</ele>
      </trkpt>
      <trkpt lat="36.8639949" lon="138.2366961">
        <ele>711.0478722187374</ele>
      </trkpt>
      <trkpt lat="36.8640055" lon="138.2366817">
        <ele>711.1753953413589</ele>
      </trkpt>
      <trkpt lat="36.8640135" lon="138.2366694">
        <ele>711.2702594353354</ele>
      </trkpt>
      <trkpt lat="36.8640216" lon="138.2366572">
        <ele>711.3876217206941</ele>
      </trkpt>
      <trkpt lat="36.8640276" lon="138.2366459">
        <ele>711.4481913348661</ele>
      </trkpt>
      <trkpt lat="36.8640336" lon="138.2366346">
        <ele>711.5087609644513</ele>
      </trkpt>
      <trkpt lat="36.8640389" lon="138.2366238">
        <ele>711.4973440972624</ele>
      </trkpt>
      <trkpt lat="36.8640442" lon="138.2366131">
        <ele>711.4807333616077</ele>
      </trkpt>
      <trkpt lat="36.8640489" lon="138.2366024">
        <ele>711.4518901833802</ele>
      </trkpt>
      <trkpt lat="36.8640536" lon="138.2365917">
        <ele>711.4230470104148</ele>
      </trkpt>
      <trkpt lat="36.8640587" lon="138.2365819">
        <ele>711.4247574252138</ele>
      </trkpt>
      <trkpt lat="36.8640638" lon="138.2365722">
        <ele>711.4325534412411</ele>
      </trkpt>
      <trkpt lat="36.8640707" lon="138.2365651">
        <ele>711.5051984426502</ele>
      </trkpt>
      <trkpt lat="36.8640776" lon="138.236558">
        <ele>711.5795058322177</ele>
      </trkpt>
      <trkpt lat="36.8640848" lon="138.2365586">
        <ele>711.7359107618074</ele>
      </trkpt>
      <trkpt lat="36.864092" lon="138.2365593">
        <ele>711.893119532319</ele>
      </trkpt>
      <trkpt lat="36.8640956" lon="138.2365735">
        <ele>712.102446715377</ele>
      </trkpt>
      <trkpt lat="36.8640992" lon="138.2365877">
        <ele>712.3100392491706</ele>
      </trkpt>
      <trkpt lat="36.8640966" lon="138.236615">
        <ele>712.571170918738</ele>
      </trkpt>
      <trkpt lat="36.8640941" lon="138.2366423">
        <ele>712.8382703986964</ele>
      </trkpt>
      <trkpt lat="36.8640883" lon="138.2366745">
        <ele>713.0951805053289</ele>
      </trkpt>
      <trkpt lat="36.8640826" lon="138.2367067">
        <ele>713.4273841626019</ele>
      </trkpt>
      <trkpt lat="36.8640756" lon="138.2367385">
        <ele>713.7292684108957</ele>
      </trkpt>
      <trkpt lat="36.8640686" lon="138.2367703">
        <ele>714.0526062111376</ele>
      </trkpt>
      <trkpt lat="36.8640606" lon="138.2368011">
        <ele>714.391891255137</ele>
      </trkpt>
      <trkpt lat="36.8640526" lon="138.236832">
        <ele>714.732807432488</ele>
      </trkpt>
      <trkpt lat="36.8640433" lon="138.2368625">
        <ele>715.0902997903141</ele>
      </trkpt>
      <trkpt lat="36.864034" lon="138.2368931">
        <ele>715.5103379209999</ele>
      </trkpt>
      <trkpt lat="36.8640265" lon="138.2369243">
        <ele>715.9098621522087</ele>
      </trkpt>
      <trkpt lat="36.8640191" lon="138.2369555">
        <ele>716.3562183405672</ele>
      </trkpt>
      <trkpt lat="36.8640157" lon="138.236986">
        <ele>716.9293973328963</ele>
      </trkpt>
      <trkpt lat="36.8640124" lon="138.2370166">
        <ele>717.5178269295478</ele>
      </trkpt>
      <trkpt lat="36.864017" lon="138.2370436">
        <ele>718.2656991370236</ele>
      </trkpt>
      <trkpt lat="36.8640217" lon="138.2370706">
        <ele>719.0149052256235</ele>
      </trkpt>
      <trkpt lat="36.8640365" lon="138.2370919">
        <ele>719.840212490455</ele>
      </trkpt>
      <trkpt lat="36.8640514" lon="138.2371133">
        <ele>720.5175988930911</ele>
      </trkpt>
      <trkpt lat="36.8640719" lon="138.23713">
        <ele>721.1283827135478</ele>
      </trkpt>
      <trkpt lat="36.8640924" lon="138.2371468">
        <ele>721.7179486938261</ele>
      </trkpt>
      <trkpt lat="36.8641135" lon="138.237166">
        <ele>722.2441113655453</ele>
      </trkpt>
      <trkpt lat="36.8641346" lon="138.2371852">
        <ele>722.651773980029</ele>
      </trkpt>
      <trkpt lat="36.8641529" lon="138.2372094">
        <ele>723.1197446209567</ele>
      </trkpt>
      <trkpt lat="36.8641712" lon="138.2372336">
        <ele>723.5576601352813</ele>
      </trkpt>
      <trkpt lat="36.8641843" lon="138.2372627">
        <ele>723.8883278588996</ele>
      </trkpt>
      <trkpt lat="36.8641975" lon="138.2372918">
        <ele>724.1226639665675</ele>
      </trkpt>
      <trkpt lat="36.8642047" lon="138.2373246">
        <ele>724.4381766519987</ele>
      </trkpt>
      <trkpt lat="36.864212" lon="138.2373575">
        <ele>724.7535146734692</ele>
      </trkpt>
      <trkpt lat="36.8642123" lon="138.2373915">
        <ele>725.1578888824411</ele>
      </trkpt>
      <trkpt lat="36.8642127" lon="138.2374255">
        <ele>725.5554904710775</ele>
      </trkpt>
      <trkpt lat="36.8642065" lon="138.2374584">
        <ele>726.0674319406951</ele>
      </trkpt>
      <trkpt lat="36.8642004" lon="138.2374913">
        <ele>726.5895196968938</ele>
      </trkpt>
      <trkpt lat="36.8641881" lon="138.237522">
        <ele>727.2162592189635</ele>
      </trkpt>
      <trkpt lat="36.8641759" lon="138.2375528">
        <ele>727.8759799931496</ele>
      </trkpt>
      <trkpt lat="36.8641583" lon="138.2375807">
        <ele>728.5038858664458</ele>
      </trkpt>
      <trkpt lat="36.8641407" lon="138.2376087">
        <ele>729.1034623981648</ele>
      </trkpt>
      <trkpt lat="36.8641212" lon="138.2376346">
        <ele>729.7242700058056</ele>
      </trkpt>
      <trkpt lat="36.8641017" lon="138.2376605">
        <ele>730.3760410146633</ele>
      </trkpt>
      <trkpt lat="36.8640827" lon="138.2376838">
        <ele>730.8602987284374</ele>
      </trkpt>
      <trkpt lat="36.8640638" lon="138.2377072">
        <ele>731.3606901825589</ele>
      </trkpt>
      <trkpt lat="36.8640461" lon="138.2377298">
        <ele>731.8547635566272</ele>
      </trkpt>
      <trkpt lat="36.8640284" lon="138.2377525">
        <ele>732.3055967739944</ele>
      </trkpt>
      <trkpt lat="36.8640121" lon="138.237777">
        <ele>732.6847914600776</ele>
      </trkpt>
      <trkpt lat="36.8639959" lon="138.2378015">
        <ele>733.0778108107206</ele>
      </trkpt>
      <trkpt lat="36.8639801" lon="138.2378258">
        <ele>733.4815473820709</ele>
      </trkpt>
      <trkpt lat="36.8639644" lon="138.2378501">
        <ele>733.8922356689586</ele>
      </trkpt>
      <trkpt lat="36.8639491" lon="138.2378741">
        <ele>734.227938903968</ele>
      </trkpt>
      <trkpt lat="36.8639338" lon="138.2378982">
        <ele>734.578020201269</ele>
      </trkpt>
      <trkpt lat="36.8639193" lon="138.2379234">
        <ele>734.9671895071999</ele>
      </trkpt>
      <trkpt lat="36.8639049" lon="138.2379487">
        <ele>735.371331277723</ele>
      </trkpt>
      <trkpt lat="36.8638911" lon="138.2379741">
        <ele>735.7334574843852</ele>
      </trkpt>
      <trkpt lat="36.8638773" lon="138.2379996">
        <ele>736.0294362992169</ele>
      </trkpt>
      <trkpt lat="36.8638626" lon="138.2380256">
        <ele>736.3368519846415</ele>
      </trkpt>
      <trkpt lat="36.863848" lon="138.2380516">
        <ele>736.6511521027251</ele>
      </trkpt>
      <trkpt lat="36.8638323" lon="138.238078">
        <ele>736.920672972198</ele>
      </trkpt>
      <trkpt lat="36.8638166" lon="138.2381044">
        <ele>737.1311923843982</ele>
      </trkpt>
      <trkpt lat="36.8638028" lon="138.2381323">
        <ele>737.3952588881323</ele>
      </trkpt>
      <trkpt lat="36.863789" lon="138.2381602">
        <ele>737.578080446856</ele>
      </trkpt>
      <trkpt lat="36.8637767" lon="138.238189">
        <ele>737.7985825962769</ele>
      </trkpt>
      <trkpt lat="36.8637644" lon="138.2382179">
        <ele>738.0324948667059</ele>
      </trkpt>
      <trkpt lat="36.8637544" lon="138.2382476">
        <ele>738.281942590425</ele>
      </trkpt>
      <trkpt lat="36.8637444" lon="138.2382773">
        <ele>738.505543414369</ele>
      </trkpt>
      <trkpt lat="36.8637375" lon="138.2383065">
        <ele>738.7903215337877</ele>
      </trkpt>
      <trkpt lat="36.8637307" lon="138.2383357">
        <ele>739.0644225849464</ele>
      </trkpt>
      <trkpt lat="36.8637271" lon="138.238363">
        <ele>739.3797508482112</ele>
      </trkpt>
      <trkpt lat="36.8637236" lon="138.2383904">
        <ele>739.7047594522999</ele>
      </trkpt>
      <trkpt lat="36.8637245" lon="138.2384158">
        <ele>740.1027561234355</ele>
      </trkpt>
      <trkpt lat="36.8637254" lon="138.2384412">
        <ele>740.5009213074655</ele>
      </trkpt>
      <trkpt lat="36.8637337" lon="138.2384647">
        <ele>740.9690843870837</ele>
      </trkpt>
      <trkpt lat="36.863742" lon="138.2384882">
        <ele>741.4240102904754</ele>
      </trkpt>
      <trkpt lat="36.8637566" lon="138.238512">
        <ele>741.9452242839106</ele>
      </trkpt>
      <trkpt lat="36.8637713" lon="138.2385358">
        <ele>742.3405716001239</ele>
      </trkpt>
      <trkpt lat="36.8637888" lon="138.2385619">
        <ele>742.7214519861104</ele>
      </trkpt>
      <trkpt lat="36.8638063" lon="138.2385881">
        <ele>743.1011911907212</ele>
      </trkpt>
      <trkpt lat="36.8638208" lon="138.2386185">
        <ele>743.5073931700267</ele>
      </trkpt>
      <trkpt lat="36.8638354" lon="138.2386489">
        <ele>743.8411662575438</ele>
      </trkpt>
      <trkpt lat="36.8638448" lon="138.238684">
        <ele>744.3337596613369</ele>
      </trkpt>
      <trkpt lat="36.8638542" lon="138.2387191">
        <ele>744.8167940271669</ele>
      </trkpt>
      <trkpt lat="36.8638618" lon="138.2387558">
        <ele>745.3898945710632</ele>
      </trkpt>
      <trkpt lat="36.8638694" lon="138.2387925">
        <ele>746.0076275857177</ele>
      </trkpt>
      <trkpt lat="36.8638822" lon="138.2388266">
        <ele>746.5430577914768</ele>
      </trkpt>
      <trkpt lat="36.863895" lon="138.2388607">
        <ele>747.1465121135384</ele>
      </trkpt>
      <trkpt lat="36.8639145" lon="138.2388908">
        <ele>747.500702344339</ele>
      </trkpt>
      <trkpt lat="36.863934" lon="138.2389209">
        <ele>747.8855140825272</ele>
      </trkpt>
      <trkpt lat="36.8639586" lon="138.2389455">
        <ele>748.100500068069</ele>
      </trkpt>
      <trkpt lat="36.8639832" lon="138.2389702">
        <ele>748.2594318076387</ele>
      </trkpt>
      <trkpt lat="36.8640096" lon="138.2389906">
        <ele>748.2786464076094</ele>
      </trkpt>
      <trkpt lat="36.864036" lon="138.239011">
        <ele>748.3026351923212</ele>
      </trkpt>
      <trkpt lat="36.8640608" lon="138.2390309">
        <ele>748.1922746390721</ele>
      </trkpt>
      <trkpt lat="36.8640857" lon="138.2390509">
        <ele>748.0988176032456</ele>
      </trkpt>
      <trkpt lat="36.8641072" lon="138.2390731">
        <ele>748.1461059968467</ele>
      </trkpt>
      <trkpt lat="36.8641288" lon="138.2390954">
        <ele>748.1711728290666</ele>
      </trkpt>
      <trkpt lat="36.864145" lon="138.2391221">
        <ele>748.4620099253963</ele>
      </trkpt>
      <trkpt lat="36.8641612" lon="138.2391488">
        <ele>748.7528469333438</ele>
      </trkpt>
      <trkpt lat="36.8641723" lon="138.2391798">
        <ele>749.2914077995824</ele>
      </trkpt>
      <trkpt lat="36.8641834" lon="138.2392108">
        <ele>749.8149906152869</ele>
      </trkpt>
      <trkpt lat="36.8641898" lon="138.2392438">
        <ele>750.5222101106317</ele>
      </trkpt>
      <trkpt lat="36.8641962" lon="138.2392769">
        <ele>751.2744396822792</ele>
      </trkpt>
      <trkpt lat="36.8642041" lon="138.2393111">
        <ele>752.0346641296283</ele>
      </trkpt>
      <trkpt lat="36.8642121" lon="138.2393454">
        <ele>752.8107841253129</ele>
      </trkpt>
      <trkpt lat="36.8642248" lon="138.2393759">
        <ele>753.3899511450883</ele>
      </trkpt>
      <trkpt lat="36.8642375" lon="138.2394065">
        <ele>753.9984262365674</ele>
      </trkpt>
      <trkpt lat="36.8642553" lon="138.2394297">
        <ele>754.2962542355399</ele>
      </trkpt>
      <trkpt lat="36.8642731" lon="138.239453">
        <ele>754.6298655836829</ele>
      </trkpt>
      <trkpt lat="36.8642948" lon="138.2394676">
        <ele>754.608539189383</ele>
      </trkpt>
      <trkpt lat="36.8643166" lon="138.2394822">
        <ele>754.5911342721981</ele>
      </trkpt>
      <trkpt lat="36.8643411" lon="138.2394887">
        <ele>754.2393599877093</ele>
      </trkpt>
      <trkpt lat="36.8643656" lon="138.2394953">
        <ele>753.8853475870077</ele>
      </trkpt>
      <trkpt lat="36.864393" lon="138.2394951">
        <ele>753.291602347184</ele>
      </trkpt>
      <trkpt lat="36.8644205" lon="138.2394949">
        <ele>752.7306675559666</ele>
      </trkpt>
      <trkpt lat="36.8644508" lon="138.2394926">
        <ele>752.0591255232944</ele>
      </trkpt>
      <trkpt lat="36.8644812" lon="138.2394904">
        <ele>751.4442218179076</ele>
      </trkpt>
      <trkpt lat="36.864512" lon="138.2394922">
        <ele>750.9367148151847</ele>
      </trkpt>
      <trkpt lat="36.8645429" lon="138.2394941">
        <ele>750.4995577621673</ele>
      </trkpt>
      <trkpt lat="36.8645713" lon="138.2395051">
        <ele>750.3313957544376</ele>
      </trkpt>
      <trkpt lat="36.8645998" lon="138.2395161">
        <ele>750.0929348316993</ele>
      </trkpt>
      <trkpt lat="36.8646218" lon="138.2395358">
        <ele>750.1265506968386</ele>
      </trkpt>
      <trkpt lat="36.8646439" lon="138.2395556">
        <ele>750.1309394494085</ele>
      </trkpt>
      <trkpt lat="36.8646565" lon="138.2395835">
        <ele>750.467253207453</ele>
      </trkpt>
      <trkpt lat="36.8646691" lon="138.2396115">
        <ele>750.7390903583391</ele>
      </trkpt>
      <trkpt lat="36.8646735" lon="138.2396466">
        <ele>751.3586149895682</ele>
      </trkpt>
      <trkpt lat="36.8646779" lon="138.2396818">
        <ele>751.9634250278573</ele>
      </trkpt>
      <trkpt lat="36.8646773" lon="138.239719">
        <ele>752.7419162074916</ele>
      </trkpt>
      <trkpt lat="36.8646767" lon="138.2397563">
        <ele>753.5254841419368</ele>
      </trkpt>
      <trkpt lat="36.8646749" lon="138.2397909">
        <ele>754.3124120139782</ele>
      </trkpt>
      <trkpt lat="36.8646732" lon="138.2398255">
        <ele>755.1054224393118</ele>
      </trkpt>
      <trkpt lat="36.8646732" lon="138.2398576">
        <ele>755.779294186404</ele>
      </trkpt>
      <trkpt lat="36.8646732" lon="138.2398897">
        <ele>756.4440688193396</ele>
      </trkpt>
      <trkpt lat="36.8646768" lon="138.2399211">
        <ele>756.9304289203039</ele>
      </trkpt>
      <trkpt lat="36.8646804" lon="138.2399525">
        <ele>757.3906929028237</ele>
      </trkpt>
      <trkpt lat="36.8646889" lon="138.2399837">
        <ele>757.5837951858437</ele>
      </trkpt>
      <trkpt lat="36.8646974" lon="138.2400149">
        <ele>757.7499001452376</ele>
      </trkpt>
      <trkpt lat="36.8647075" lon="138.2400468">
        <ele>757.8182571221743</ele>
      </trkpt>
      <trkpt lat="36.8647177" lon="138.2400787">
        <ele>757.8484330342349</ele>
      </trkpt>
      <trkpt lat="36.8647265" lon="138.2401109">
        <ele>757.9202553504455</ele>
      </trkpt>
      <trkpt lat="36.8647354" lon="138.2401432">
        <ele>757.9625867462494</ele>
      </trkpt>
      <trkpt lat="36.8647409" lon="138.2401762">
        <ele>758.197996285355</ele>
      </trkpt>
      <trkpt lat="36.8647464" lon="138.2402093">
        <ele>758.4227489254858</ele>
      </trkpt>
      <trkpt lat="36.8647476" lon="138.2402436">
        <ele>758.9187819207534</ele>
      </trkpt>
      <trkpt lat="36.8647488" lon="138.2402779">
        <ele>759.4120215283483</ele>
      </trkpt>
      <trkpt lat="36.8647461" lon="138.2403116">
        <ele>760.1544295858183</ele>
      </trkpt>
      <trkpt lat="36.8647434" lon="138.2403453">
        <ele>760.9009932025906</ele>
      </trkpt>
      <trkpt lat="36.8647387" lon="138.2403775">
        <ele>761.7435475420214</ele>
      </trkpt>
      <trkpt lat="36.864734" lon="138.2404098">
        <ele>762.5715527112602</ele>
      </trkpt>
      <trkpt lat="36.8647309" lon="138.2404441">
        <ele>763.3296597297308</ele>
      </trkpt>
      <trkpt lat="36.8647279" lon="138.2404785">
        <ele>764.1108869510311</ele>
      </trkpt>
      <trkpt lat="36.8647277" lon="138.2405159">
        <ele>764.7730525259841</ele>
      </trkpt>
      <trkpt lat="36.8647275" lon="138.2405534">
        <ele>765.4022729898575</ele>
      </trkpt>
      <trkpt lat="36.8647319" lon="138.2405907">
        <ele>765.678883541423</ele>
      </trkpt>
      <trkpt lat="36.8647363" lon="138.240628">
        <ele>765.9554940751767</ele>
      </trkpt>
      <trkpt lat="36.8647443" lon="138.240666">
        <ele>766.0067931812034</ele>
      </trkpt>
      <trkpt lat="36.8647523" lon="138.2407041">
        <ele>766.0596068420455</ele>
      </trkpt>
      <trkpt lat="36.8647606" lon="138.2407436">
        <ele>766.1371002480466</ele>
      </trkpt>
      <trkpt lat="36.8647689" lon="138.2407831">
        <ele>766.2284967023452</ele>
      </trkpt>
      <trkpt lat="36.8647741" lon="138.2408215">
        <ele>766.5481625484306</ele>
      </trkpt>
      <trkpt lat="36.8647794" lon="138.24086">
        <ele>766.8813994612549</ele>
      </trkpt>
      <trkpt lat="36.8647824" lon="138.2408949">
        <ele>767.3282014365672</ele>
      </trkpt>
      <trkpt lat="36.8647854" lon="138.2409298">
        <ele>767.8237709226682</ele>
      </trkpt>
      <trkpt lat="36.8647889" lon="138.2409631">
        <ele>768.264171859572</ele>
      </trkpt>
      <trkpt lat="36.8647925" lon="138.2409965">
        <ele>768.7387102144064</ele>
      </trkpt>
      <trkpt lat="36.8647981" lon="138.2410284">
        <ele>769.0719773723499</ele>
      </trkpt>
      <trkpt lat="36.8648038" lon="138.2410604">
        <ele>769.420740313591</ele>
      </trkpt>
      <trkpt lat="36.8648136" lon="138.2410886">
        <ele>769.4726862406624</ele>
      </trkpt>
      <trkpt lat="36.8648235" lon="138.2411169">
        <ele>769.5304194440025</ele>
      </trkpt>
      <trkpt lat="36.8648366" lon="138.2411432">
        <ele>769.3674894953147</ele>
      </trkpt>
      <trkpt lat="36.8648497" lon="138.2411695">
        <ele>769.2172440867871</ele>
      </trkpt>
      <trkpt lat="36.8648628" lon="138.2411975">
        <ele>769.1066114194691</ele>
      </trkpt>
      <trkpt lat="36.8648759" lon="138.2412256">
        <ele>768.9956479845548</ele>
      </trkpt>
      <trkpt lat="36.8648851" lon="138.2412566">
        <ele>769.1242255143</ele>
      </trkpt>
      <trkpt lat="36.8648944" lon="138.2412877">
        <ele>769.2589217452964</ele>
      </trkpt>
      <trkpt lat="36.8648993" lon="138.2413205">
        <ele>769.6701801377593</ele>
      </trkpt>
      <trkpt lat="36.8649042" lon="138.2413534">
        <ele>770.0435205186492</ele>
      </trkpt>
      <trkpt lat="36.864906" lon="138.2413885">
        <ele>770.6364969266582</ele>
      </trkpt>
      <trkpt lat="36.8649079" lon="138.2414237">
        <ele>771.1521918874869</ele>
      </trkpt>
      <trkpt lat="36.864906" lon="138.2414602">
        <ele>771.8841789642427</ele>
      </trkpt>
      <trkpt lat="36.8649041" lon="138.2414967">
        <ele>772.5964308732301</ele>
      </trkpt>
      <trkpt lat="36.8648999" lon="138.2415336">
        <ele>773.4127980051991</ele>
      </trkpt>
      <trkpt lat="36.8648957" lon="138.2415705">
        <ele>774.2174881798938</ele>
      </trkpt>
      <trkpt lat="36.8648907" lon="138.2416075">
        <ele>774.978488790414</ele>
      </trkpt>
      <trkpt lat="36.8648857" lon="138.2416446">
        <ele>775.7219615568405</ele>
      </trkpt>
      <trkpt lat="36.8648823" lon="138.2416822">
        <ele>776.4195425452008</ele>
      </trkpt>
      <trkpt lat="36.8648789" lon="138.2417198">
        <ele>777.1251320940341</ele>
      </trkpt>
      <trkpt lat="36.8648784" lon="138.2417575">
        <ele>777.7018503871316</ele>
      </trkpt>
      <trkpt lat="36.864878" lon="138.2417952">
        <ele>778.2858207454669</ele>
      </trkpt>
      <trkpt lat="36.8648817" lon="138.2418317">
        <ele>778.7083426561715</ele>
      </trkpt>
      <trkpt lat="36.8648855" lon="138.2418683">
        <ele>779.302026391472</ele>
      </trkpt>
      <trkpt lat="36.8648959" lon="138.2419013">
        <ele>779.5587695267961</ele>
      </trkpt>
      <trkpt lat="36.8649063" lon="138.2419343">
        <ele>779.9667725687632</ele>
      </trkpt>
      <trkpt lat="36.8649243" lon="138.2419607">
        <ele>779.9889979653733</ele>
      </trkpt>
      <trkpt lat="36.8649423" lon="138.2419871">
        <ele>780.197142751378</ele>
      </trkpt>
      <trkpt lat="36.8649659" lon="138.2420037">
        <ele>780.0640908640983</ele>
      </trkpt>
      <trkpt lat="36.8649895" lon="138.2420203">
        <ele>780.0343242068999</ele>
      </trkpt>
      <trkpt lat="36.8650154" lon="138.2420266">
        <ele>779.8429089410889</ele>
      </trkpt>
      <trkpt lat="36.8650413" lon="138.2420329">
        <ele>779.7366264597308</ele>
      </trkpt>
      <trkpt lat="36.865068" lon="138.2420303">
        <ele>779.3083666011056</ele>
      </trkpt>
      <trkpt lat="36.8650947" lon="138.2420277">
        <ele>779.0636897592669</ele>
      </trkpt>
      <trkpt lat="36.8651215" lon="138.2420183">
        <ele>778.5401427590596</ele>
      </trkpt>
      <trkpt lat="36.8651484" lon="138.2420089">
        <ele>778.1142719284206</ele>
      </trkpt>
      <trkpt lat="36.8651766" lon="138.2419955">
        <ele>777.6176064994454</ele>
      </trkpt>
      <trkpt lat="36.8652048" lon="138.2419821">
        <ele>777.163601076747</ele>
      </trkpt>
      <trkpt lat="36.8652326" lon="138.2419698">
        <ele>776.7993947326631</ele>
      </trkpt>
      <trkpt lat="36.8652605" lon="138.2419575">
        <ele>776.4471495091635</ele>
      </trkpt>
      <trkpt lat="36.8652877" lon="138.2419531">
        <ele>776.3868806125975</ele>
      </trkpt>
      <trkpt lat="36.8653149" lon="138.2419488">
        <ele>776.3342088189245</ele>
      </trkpt>
      <trkpt lat="36.8653413" lon="138.2419549">
        <ele>776.6436364333915</ele>
      </trkpt>
      <trkpt lat="36.8653678" lon="138.2419611">
        <ele>776.9234589136001</ele>
      </trkpt>
      <trkpt lat="36.8653925" lon="138.241976">
        <ele>777.4497972300774</ele>
      </trkpt>
      <trkpt lat="36.8654172" lon="138.241991">
        <ele>777.8718699412892</ele>
      </trkpt>
      <trkpt lat="36.8654385" lon="138.242013">
        <ele>778.3961780702555</ele>
      </trkpt>
      <trkpt lat="36.8654598" lon="138.242035">
        <ele>778.8626520701038</ele>
      </trkpt>
      <trkpt lat="36.8654749" lon="138.2420625">
        <ele>779.4748497280593</ele>
      </trkpt>
      <trkpt lat="36.8654901" lon="138.2420901">
        <ele>779.9713205191516</ele>
      </trkpt>
      <trkpt lat="36.8654984" lon="138.242121">
        <ele>780.6156026035492</ele>
      </trkpt>
      <trkpt lat="36.8655067" lon="138.2421519">
        <ele>781.2250728796071</ele>
      </trkpt>
      <trkpt lat="36.865511" lon="138.242185">
        <ele>781.9738624122419</ele>
      </trkpt>
      <trkpt lat="36.8655153" lon="138.2422181">
        <ele>782.735970107497</ele>
      </trkpt>
      <trkpt lat="36.8655187" lon="138.2422522">
        <ele>783.5328387277068</ele>
      </trkpt>
      <trkpt lat="36.8655222" lon="138.2422863">
        <ele>784.2404550415866</ele>
      </trkpt>
      <trkpt lat="36.8655278" lon="138.2423208">
        <ele>784.8782127728687</ele>
      </trkpt>
      <trkpt lat="36.8655335" lon="138.2423553">
        <ele>785.52274611747</ele>
      </trkpt>
      <trkpt lat="36.8655418" lon="138.2423874">
        <ele>786.0538293852372</ele>
      </trkpt>
      <trkpt lat="36.8655501" lon="138.2424195">
        <ele>786.5688208465444</ele>
      </trkpt>
      <trkpt lat="36.8655607" lon="138.2424495">
        <ele>786.933975308172</ele>
      </trkpt>
      <trkpt lat="36.8655713" lon="138.2424795">
        <ele>787.2775479379284</ele>
      </trkpt>
      <trkpt lat="36.8655842" lon="138.2425094">
        <ele>787.5136653599291</ele>
      </trkpt>
      <trkpt lat="36.8655971" lon="138.2425393">
        <ele>787.7557045526884</ele>
      </trkpt>
      <trkpt lat="36.8656128" lon="138.2425698">
        <ele>787.88090185857</ele>
      </trkpt>
      <trkpt lat="36.8656285" lon="138.2426003">
        <ele>787.9985624480595</ele>
      </trkpt>
      <trkpt lat="36.8656461" lon="138.2426297">
        <ele>788.0173818835302</ele>
      </trkpt>
      <trkpt lat="36.8656637" lon="138.2426591">
        <ele>788.0010838979852</ele>
      </trkpt>
      <trkpt lat="36.8656826" lon="138.242688">
        <ele>787.8907209616465</ele>
      </trkpt>
      <trkpt lat="36.8657016" lon="138.242717">
        <ele>787.7696851026873</ele>
      </trkpt>
      <trkpt lat="36.8657211" lon="138.2427447">
        <ele>787.5612279889444</ele>
      </trkpt>
      <trkpt lat="36.8657407" lon="138.2427724">
        <ele>787.3106422536085</ele>
      </trkpt>
      <trkpt lat="36.8657607" lon="138.2427967">
        <ele>786.9705299571468</ele>
      </trkpt>
      <trkpt lat="36.8657808" lon="138.2428211">
        <ele>786.6408881740995</ele>
      </trkpt>
      <trkpt lat="36.8658031" lon="138.2428426">
        <ele>786.1438029228348</ele>
      </trkpt>
      <trkpt lat="36.8658255" lon="138.2428641">
        <ele>785.6847141860526</ele>
      </trkpt>
      <trkpt lat="36.8658501" lon="138.2428833">
        <ele>785.2006710955878</ele>
      </trkpt>
      <trkpt lat="36.8658747" lon="138.2429026">
        <ele>784.7189578751572</ele>
      </trkpt>
      <trkpt lat="36.8659006" lon="138.2429192">
        <ele>784.2242546933246</ele>
      </trkpt>
      <trkpt lat="36.8659265" lon="138.2429358">
        <ele>783.8592053357312</ele>
      </trkpt>
      <trkpt lat="36.8659515" lon="138.242949">
        <ele>783.4917093761716</ele>
      </trkpt>
      <trkpt lat="36.8659765" lon="138.2429622">
        <ele>783.2772759828948</ele>
      </trkpt>
      <trkpt lat="36.8660004" lon="138.242974">
        <ele>783.0987940932356</ele>
      </trkpt>
      <trkpt lat="36.8660243" lon="138.2429859">
        <ele>782.9425935701273</ele>
      </trkpt>
      <trkpt lat="36.866048" lon="138.2429963">
        <ele>782.9483366158331</ele>
      </trkpt>
      <trkpt lat="36.8660718" lon="138.2430067">
        <ele>782.9635566367542</ele>
      </trkpt>
      <trkpt lat="36.8660937" lon="138.2430184">
        <ele>783.0445734660151</ele>
      </trkpt>
      <trkpt lat="36.8661157" lon="138.2430302">
        <ele>783.3300667016014</ele>
      </trkpt>
      <trkpt lat="36.8661353" lon="138.2430444">
        <ele>783.7462553845978</ele>
      </trkpt>
      <trkpt lat="36.8661549" lon="138.2430586">
        <ele>784.152999571541</ele>
      </trkpt>
      <trkpt lat="36.8661731" lon="138.2430743">
        <ele>784.6840902185263</ele>
      </trkpt>
      <trkpt lat="36.8661913" lon="138.2430901">
        <ele>785.2670419157503</ele>
      </trkpt>
      <trkpt lat="36.8662084" lon="138.2431042">
        <ele>785.7804029442606</ele>
      </trkpt>
      <trkpt lat="36.8662256" lon="138.2431183">
        <ele>786.2929798083427</ele>
      </trkpt>
      <trkpt lat="36.866242" lon="138.2431261">
        <ele>786.6291952920183</ele>
      </trkpt>
      <trkpt lat="36.8662584" lon="138.2431339">
        <ele>786.9827172801314</ele>
      </trkpt>
      <trkpt lat="36.8662741" lon="138.243132">
        <ele>786.9991387532275</ele>
      </trkpt>
      <trkpt lat="36.8662898" lon="138.2431302">
        <ele>787.0208823262786</ele>
      </trkpt>
      <trkpt lat="36.8663043" lon="138.2431165">
        <ele>786.6754295249732</ele>
      </trkpt>
      <trkpt lat="36.8663188" lon="138.2431028">
        <ele>786.4155112616975</ele>
      </trkpt>
      <trkpt lat="36.8663318" lon="138.2430789">
        <ele>785.8450585562128</ele>
      </trkpt>
      <trkpt lat="36.8663449" lon="138.2430551">
        <ele>785.3000469089866</ele>
      </trkpt>
      <trkpt lat="36.8663575" lon="138.243027">
        <ele>784.6420835022142</ele>
      </trkpt>
      <trkpt lat="36.8663701" lon="138.2429989">
        <ele>784.1095980281485</ele>
      </trkpt>
      <trkpt lat="36.8663859" lon="138.242972">
        <ele>783.7192227032508</ele>
      </trkpt>
      <trkpt lat="36.8664017" lon="138.2429451">
        <ele>783.3288474420327</ele>
      </trkpt>
      <trkpt lat="36.8664225" lon="138.2429201">
        <ele>783.1681539035983</ele>
      </trkpt>
      <trkpt lat="36.8664434" lon="138.2428952">
        <ele>783.0692957084402</ele>
      </trkpt>
      <trkpt lat="36.866468" lon="138.2428726">
        <ele>783.1327103463008</ele>
      </trkpt>
      <trkpt lat="36.8664926" lon="138.2428501">
        <ele>783.2202446713659</ele>
      </trkpt>
      <trkpt lat="36.8665199" lon="138.2428306">
        <ele>783.4598307778367</ele>
      </trkpt>
      <trkpt lat="36.8665473" lon="138.2428111">
        <ele>783.6604937323143</ele>
      </trkpt>
      <trkpt lat="36.8665731" lon="138.2427915">
        <ele>783.829234876158</ele>
      </trkpt>
      <trkpt lat="36.8665989" lon="138.242772">
        <ele>783.8946972607171</ele>
      </trkpt>
      <trkpt lat="36.8666225" lon="138.2427529">
        <ele>783.9839559035379</ele>
      </trkpt>
      <trkpt lat="36.8666461" lon="138.2427339">
        <ele>784.0544820882851</ele>
      </trkpt>
      <trkpt lat="36.8666702" lon="138.2427195">
        <ele>783.9401260737803</ele>
      </trkpt>
      <trkpt lat="36.8666944" lon="138.2427051">
        <ele>783.8260613402824</ele>
      </trkpt>
      <trkpt lat="36.8667201" lon="138.2427003">
        <ele>783.8072375207859</ele>
      </trkpt>
      <trkpt lat="36.8667458" lon="138.2426956">
        <ele>783.7142628403654</ele>
      </trkpt>
      <trkpt lat="36.8667713" lon="138.2427011">
        <ele>783.758401862833</ele>
      </trkpt>
      <trkpt lat="36.8667968" lon="138.2427067">
        <ele>783.7329259589317</ele>
      </trkpt>
      <trkpt lat="36.86682" lon="138.2427184">
        <ele>783.761359484308</ele>
      </trkpt>
      <trkpt lat="36.8668433" lon="138.2427302">
        <ele>783.7906085506089</ele>
      </trkpt>
      <trkpt lat="36.8668657" lon="138.2427433">
        <ele>783.8760837251223</ele>
      </trkpt>
      <trkpt lat="36.8668882" lon="138.2427564">
        <ele>783.9910733302229</ele>
      </trkpt>
      <trkpt lat="36.866912" lon="138.2427672">
        <ele>784.0852622095878</ele>
      </trkpt>
      <trkpt lat="36.8669358" lon="138.242778">
        <ele>784.3170775584092</ele>
      </trkpt>
      <trkpt lat="36.8669604" lon="138.2427848">
        <ele>784.5240105916932</ele>
      </trkpt>
      <trkpt lat="36.8669851" lon="138.2427916">
        <ele>784.7369493659705</ele>
      </trkpt>
      <trkpt lat="36.8670104" lon="138.2427923">
        <ele>784.9621263823481</ele>
      </trkpt>
      <trkpt lat="36.8670358" lon="138.2427931">
        <ele>785.1999117670125</ele>
      </trkpt>
      <trkpt lat="36.8670615" lon="138.2427879">
        <ele>785.3406671231667</ele>
      </trkpt>
      <trkpt lat="36.8670873" lon="138.2427828">
        <ele>785.5456561603778</ele>
      </trkpt>
      <trkpt lat="36.8671138" lon="138.2427726">
        <ele>785.6483833577889</ele>
      </trkpt>
      <trkpt lat="36.8671403" lon="138.2427625">
        <ele>785.8221458526895</ele>
      </trkpt>
      <trkpt lat="36.8671672" lon="138.2427482">
        <ele>785.9563301258054</ele>
      </trkpt>
      <trkpt lat="36.8671942" lon="138.2427339">
        <ele>786.0767624709129</ele>
      </trkpt>
      <trkpt lat="36.8672205" lon="138.2427173">
        <ele>786.0968889119385</ele>
      </trkpt>
      <trkpt lat="36.8672469" lon="138.2427007">
        <ele>786.1332575091483</ele>
      </trkpt>
      <trkpt lat="36.867273" lon="138.2426838">
        <ele>786.1576628744139</ele>
      </trkpt>
      <trkpt lat="36.8672992" lon="138.2426669">
        <ele>786.1576393736093</ele>
      </trkpt>
      <trkpt lat="36.867326" lon="138.2426532">
        <ele>786.2440776484463</ele>
      </trkpt>
      <trkpt lat="36.8673528" lon="138.2426395">
        <ele>786.2275335174529</ele>
      </trkpt>
      <trkpt lat="36.8673796" lon="138.242632">
        <ele>786.3131594650456</ele>
      </trkpt>
      <trkpt lat="36.8674065" lon="138.2426245">
        <ele>786.3705537345202</ele>
      </trkpt>
      <trkpt lat="36.8674335" lon="138.242626">
        <ele>786.5311181792022</ele>
      </trkpt>
      <trkpt lat="36.8674605" lon="138.2426276">
        <ele>786.6907055642534</ele>
      </trkpt>
      <trkpt lat="36.8674873" lon="138.2426368">
        <ele>786.7860398241262</ele>
      </trkpt>
      <trkpt lat="36.8675142" lon="138.2426461">
        <ele>786.8057845183152</ele>
      </trkpt>
      <trkpt lat="36.867539" lon="138.2426616">
        <ele>786.9099427915814</ele>
      </trkpt>
      <trkpt lat="36.8675639" lon="138.2426772">
        <ele>786.8418175123455</ele>
      </trkpt>
      <trkpt lat="36.8675851" lon="138.2426981">
        <ele>786.9039578718042</ele>
      </trkpt>
      <trkpt lat="36.8676064" lon="138.242719">
        <ele>786.9466761332133</ele>
      </trkpt>
      <trkpt lat="36.8676235" lon="138.242744">
        <ele>786.9626930287079</ele>
      </trkpt>
      <trkpt lat="36.8676407" lon="138.2427691">
        <ele>786.9634434970183</ele>
      </trkpt>
      <trkpt lat="36.8676544" lon="138.2427968">
        <ele>787.2154273730375</ele>
      </trkpt>
      <trkpt lat="36.8676681" lon="138.2428246">
        <ele>787.4830426289465</ele>
      </trkpt>
      <trkpt lat="36.8676807" lon="138.2428544">
        <ele>787.7780164483572</ele>
      </trkpt>
      <trkpt lat="36.8676933" lon="138.2428842">
        <ele>788.1135245817391</ele>
      </trkpt>
      <trkpt lat="36.8677046" lon="138.2429146">
        <ele>788.5143645354574</ele>
      </trkpt>
      <trkpt lat="36.8677159" lon="138.2429451">
        <ele>788.9390440477937</ele>
      </trkpt>
      <trkpt lat="36.8677268" lon="138.2429756">
        <ele>789.4475413226061</ele>
      </trkpt>
      <trkpt lat="36.8677378" lon="138.2430062">
        <ele>789.9673359155754</ele>
      </trkpt>
      <trkpt lat="36.8677492" lon="138.2430356">
        <ele>790.4267667767233</ele>
      </trkpt>
      <trkpt lat="36.8677607" lon="138.243065">
        <ele>790.9197996877858</ele>
      </trkpt>
      <trkpt lat="36.8677721" lon="138.2430929">
        <ele>791.393687715599</ele>
      </trkpt>
      <trkpt lat="36.8677836" lon="138.2431209">
        <ele>791.8891849658386</ele>
      </trkpt>
      <trkpt lat="36.8677962" lon="138.2431481">
        <ele>792.3494845587065</ele>
      </trkpt>
      <trkpt lat="36.8678088" lon="138.2431753">
        <ele>792.8330442300286</ele>
      </trkpt>
      <trkpt lat="36.8678231" lon="138.2432023">
        <ele>793.2465820024878</ele>
      </trkpt>
      <trkpt lat="36.8678374" lon="138.2432294">
        <ele>793.6564407617971</ele>
      </trkpt>
      <trkpt lat="36.8678523" lon="138.2432577">
        <ele>794.1134711000199</ele>
      </trkpt>
      <trkpt lat="36.8678673" lon="138.243286">
        <ele>794.5905254678476</ele>
      </trkpt>
      <trkpt lat="36.8678819" lon="138.2433146">
        <ele>795.018951376727</ele>
      </trkpt>
      <trkpt lat="36.8678966" lon="138.2433432">
        <ele>795.4555202883403</ele>
      </trkpt>
      <trkpt lat="36.8679117" lon="138.2433697">
        <ele>795.8467035333465</ele>
      </trkpt>
      <trkpt lat="36.8679268" lon="138.2433963">
        <ele>796.1859291948122</ele>
      </trkpt>
      <trkpt lat="36.8679436" lon="138.2434202">
        <ele>796.4194361935155</ele>
      </trkpt>
      <trkpt lat="36.8679604" lon="138.2434441">
        <ele>796.7173241987168</ele>
      </trkpt>
      <trkpt lat="36.8679791" lon="138.2434655">
        <ele>796.9057165261836</ele>
      </trkpt>
      <trkpt lat="36.8679979" lon="138.243487">
        <ele>797.04844894847</ele>
      </trkpt>
      <trkpt lat="36.8680173" lon="138.243506">
        <ele>797.1193179267698</ele>
      </trkpt>
      <trkpt lat="36.8680368" lon="138.2435251">
        <ele>797.2688868902325</ele>
      </trkpt>
      <trkpt lat="36.8680578" lon="138.2435402">
        <ele>797.3064851289932</ele>
      </trkpt>
      <trkpt lat="36.8680788" lon="138.2435554">
        <ele>797.3111408656476</ele>
      </trkpt>
      <trkpt lat="36.8681019" lon="138.2435678">
        <ele>797.2704146745921</ele>
      </trkpt>
      <trkpt lat="36.8681251" lon="138.2435802">
        <ele>797.2594153058712</ele>
      </trkpt>
      <trkpt lat="36.86815" lon="138.2435916">
        <ele>797.2141341345176</ele>
      </trkpt>
      <trkpt lat="36.8681749" lon="138.2436031">
        <ele>797.2582264625219</ele>
      </trkpt>
      <trkpt lat="36.8682007" lon="138.243613">
        <ele>797.2663699007667</ele>
      </trkpt>
      <trkpt lat="36.8682266" lon="138.2436229">
        <ele>797.2700899874105</ele>
      </trkpt>
      <trkpt lat="36.8682535" lon="138.2436309">
        <ele>797.2395919233575</ele>
      </trkpt>
      <trkpt lat="36.8682805" lon="138.2436389">
        <ele>797.1921189290018</ele>
      </trkpt>
      <trkpt lat="36.8683075" lon="138.2436446">
        <ele>797.0553317561757</ele>
      </trkpt>
      <trkpt lat="36.8683346" lon="138.2436504">
        <ele>796.887186645112</ele>
      </trkpt>
      <trkpt lat="36.8683604" lon="138.2436576">
        <ele>796.7584695696854</ele>
      </trkpt>
      <trkpt lat="36.8683863" lon="138.2436648">
        <ele>796.6335896068167</ele>
      </trkpt>
      <trkpt lat="36.868411" lon="138.2436764">
        <ele>796.5827890381582</ele>
      </trkpt>
      <trkpt lat="36.8684357" lon="138.2436881">
        <ele>796.5053849204032</ele>
      </trkpt>
      <trkpt lat="36.8684574" lon="138.2437056">
        <ele>796.5371706426569</ele>
      </trkpt>
      <trkpt lat="36.8684792" lon="138.2437231">
        <ele>796.5557987729611</ele>
      </trkpt>
      <trkpt lat="36.8684958" lon="138.243748">
        <ele>796.7065314041826</ele>
      </trkpt>
      <trkpt lat="36.8685124" lon="138.2437729">
        <ele>796.8093283305872</ele>
      </trkpt>
      <trkpt lat="36.8685209" lon="138.2438042">
        <ele>797.1219824382011</ele>
      </trkpt>
      <trkpt lat="36.8685294" lon="138.2438356">
        <ele>797.3829279098683</ele>
      </trkpt>
      <trkpt lat="36.8685272" lon="138.2438679">
        <ele>797.8140324876379</ele>
      </trkpt>
      <trkpt lat="36.868525" lon="138.2439003">
        <ele>798.2381109787623</ele>
      </trkpt>
      <trkpt lat="36.8685113" lon="138.243928">
        <ele>798.7803081891269</ele>
      </trkpt>
      <trkpt lat="36.8684977" lon="138.2439558">
        <ele>799.3220684825908</ele>
      </trkpt>
      <trkpt lat="36.8684754" lon="138.2439767">
        <ele>799.9160172400532</ele>
      </trkpt>
      <trkpt lat="36.8684532" lon="138.2439976">
        <ele>800.4908049785303</ele>
      </trkpt>
      <trkpt lat="36.868426" lon="138.2440126">
        <ele>801.0732519524682</ele>
      </trkpt>
      <trkpt lat="36.8683988" lon="138.2440276">
        <ele>801.5743514467698</ele>
      </trkpt>
      <trkpt lat="36.8683706" lon="138.2440384">
        <ele>802.0539699359246</ele>
      </trkpt>
      <trkpt lat="36.8683424" lon="138.2440493">
        <ele>802.5214023044346</ele>
      </trkpt>
      <trkpt lat="36.8683155" lon="138.2440595">
        <ele>802.9557656294542</ele>
      </trkpt>
      <trkpt lat="36.8682886" lon="138.2440697">
        <ele>803.3924160583884</ele>
      </trkpt>
      <trkpt lat="36.8682641" lon="138.2440813">
        <ele>803.7551605570139</ele>
      </trkpt>
      <trkpt lat="36.8682396" lon="138.244093">
        <ele>804.1191865797632</ele>
      </trkpt>
      <trkpt lat="36.8682176" lon="138.2441075">
        <ele>804.4972522822221</ele>
      </trkpt>
      <trkpt lat="36.8681956" lon="138.2441221">
        <ele>804.8765995222153</ele>
      </trkpt>
      <trkpt lat="36.8681749" lon="138.244141">
        <ele>805.299695883459</ele>
      </trkpt>
      <trkpt lat="36.8681543" lon="138.2441599">
        <ele>805.7219184028917</ele>
      </trkpt>
      <trkpt lat="36.8681349" lon="138.2441834">
        <ele>806.1778662597267</ele>
      </trkpt>
      <trkpt lat="36.8681155" lon="138.244207">
        <ele>806.6505439350349</ele>
      </trkpt>
      <trkpt lat="36.8680978" lon="138.2442336">
        <ele>807.1723484544091</ele>
      </trkpt>
      <trkpt lat="36.8680801" lon="138.2442602">
        <ele>807.7298959543934</ele>
      </trkpt>
      <trkpt lat="36.8680648" lon="138.244286">
        <ele>808.2543555226647</ele>
      </trkpt>
      <trkpt lat="36.8680496" lon="138.2443118">
        <ele>808.7779412719423</ele>
      </trkpt>
      <trkpt lat="36.8680345" lon="138.2443359">
        <ele>809.2496151949283</ele>
      </trkpt>
      <trkpt lat="36.8680195" lon="138.2443601">
        <ele>809.719024507609</ele>
      </trkpt>
      <trkpt lat="36.8680031" lon="138.2443841">
        <ele>810.2142292650121</ele>
      </trkpt>
      <trkpt lat="36.8679867" lon="138.2444082">
        <ele>810.7316088202649</ele>
      </trkpt>
      <trkpt lat="36.8679687" lon="138.2444337">
        <ele>811.3013305014937</ele>
      </trkpt>
      <trkpt lat="36.8679507" lon="138.2444592">
        <ele>811.8710521404173</ele>
      </trkpt>
      <trkpt lat="36.8679309" lon="138.2444862">
        <ele>812.5571343580738</ele>
      </trkpt>
      <trkpt lat="36.8679111" lon="138.2445132">
        <ele>813.2229726572995</ele>
      </trkpt>
      <trkpt lat="36.8678916" lon="138.2445409">
        <ele>813.8942286388021</ele>
      </trkpt>
      <trkpt lat="36.8678721" lon="138.2445687">
        <ele>814.5990928793502</ele>
      </trkpt>
      <trkpt lat="36.8678579" lon="138.2445958">
        <ele>815.2841492605054</ele>
      </trkpt>
      <trkpt lat="36.8678438" lon="138.244623">
        <ele>815.9853381908666</ele>
      </trkpt>
      <trkpt lat="36.8678407" lon="138.2446491">
        <ele>816.4592485559423</ele>
      </trkpt>
      <trkpt lat="36.8678377" lon="138.2446752">
        <ele>816.9463951852355</ele>
      </trkpt>
      <trkpt lat="36.8678446" lon="138.2447009">
        <ele>817.2213176330988</ele>
      </trkpt>
      <trkpt lat="36.8678516" lon="138.2447266">
        <ele>817.4819315354589</ele>
      </trkpt>
      <trkpt lat="36.8678643" lon="138.2447518">
        <ele>817.5956157618828</ele>
      </trkpt>
      <trkpt lat="36.867877" lon="138.244777">
        <ele>817.7100066768348</ele>
      </trkpt>
      <trkpt lat="36.8678911" lon="138.2448026">
        <ele>817.8079755138492</ele>
      </trkpt>
      <trkpt lat="36.8679053" lon="138.2448283">
        <ele>817.8866554674175</ele>
      </trkpt>
      <trkpt lat="36.8679193" lon="138.2448565">
        <ele>817.9878162169371</ele>
      </trkpt>
      <trkpt lat="36.8679334" lon="138.2448848">
        <ele>818.0879054481172</ele>
      </trkpt>
      <trkpt lat="36.8679482" lon="138.2449147">
        <ele>818.1959176098469</ele>
      </trkpt>
      <trkpt lat="36.867963" lon="138.2449447">
        <ele>818.313884432149</ele>
      </trkpt>
      <trkpt lat="36.8679787" lon="138.2449745">
        <ele>818.4104197521237</ele>
      </trkpt>
      <trkpt lat="36.8679944" lon="138.2450043">
        <ele>818.5015322545341</ele>
      </trkpt>
      <trkpt lat="36.86801" lon="138.2450333">
        <ele>818.5262966132793</ele>
      </trkpt>
      <trkpt lat="36.8680256" lon="138.2450623">
        <ele>818.551201595599</ele>
      </trkpt>
      <trkpt lat="36.8680404" lon="138.2450919">
        <ele>818.6137844746273</ele>
      </trkpt>
      <trkpt lat="36.8680552" lon="138.2451215">
        <ele>818.6579003259558</ele>
      </trkpt>
      <trkpt lat="36.8680696" lon="138.2451522">
        <ele>818.706992322048</ele>
      </trkpt>
      <trkpt lat="36.8680841" lon="138.2451829">
        <ele>818.7147935693791</ele>
      </trkpt>
      <trkpt lat="36.8680988" lon="138.2452146">
        <ele>818.721753109988</ele>
      </trkpt>
      <trkpt lat="36.8681136" lon="138.2452464">
        <ele>818.7183094076021</ele>
      </trkpt>
      <trkpt lat="36.8681278" lon="138.2452792">
        <ele>818.7170212457073</ele>
      </trkpt>
      <trkpt lat="36.868142" lon="138.2453121">
        <ele>818.7006473761526</ele>
      </trkpt>
      <trkpt lat="36.8681537" lon="138.245346">
        <ele>818.7185023545393</ele>
      </trkpt>
      <trkpt lat="36.8681655" lon="138.2453799">
        <ele>818.7023361288948</ele>
      </trkpt>
      <trkpt lat="36.8681741" lon="138.245413">
        <ele>818.7313495643907</ele>
      </trkpt>
      <trkpt lat="36.8681828" lon="138.2454462">
        <ele>818.7625390221351</ele>
      </trkpt>
      <trkpt lat="36.8681862" lon="138.2454778">
        <ele>818.8609482908598</ele>
      </trkpt>
      <trkpt lat="36.8681896" lon="138.2455095">
        <ele>818.9525281452</ele>
      </trkpt>
      <trkpt lat="36.8681873" lon="138.2455416">
        <ele>819.1276295043674</ele>
      </trkpt>
      <trkpt lat="36.8681851" lon="138.2455738">
        <ele>819.3002323977119</ele>
      </trkpt>
      <trkpt lat="36.8681789" lon="138.2456064">
        <ele>819.564018493277</ele>
      </trkpt>
      <trkpt lat="36.8681728" lon="138.2456391">
        <ele>819.8982790698946</ele>
      </trkpt>
      <trkpt lat="36.8681647" lon="138.2456718">
        <ele>820.2795533809252</ele>
      </trkpt>
      <trkpt lat="36.8681567" lon="138.2457046">
        <ele>820.6898219008442</ele>
      </trkpt>
      <trkpt lat="36.8681488" lon="138.2457373">
        <ele>821.1293435576611</ele>
      </trkpt>
      <trkpt lat="36.8681409" lon="138.2457701">
        <ele>821.5835136747473</ele>
      </trkpt>
      <trkpt lat="36.8681368" lon="138.2458018">
        <ele>822.0542129516872</ele>
      </trkpt>
      <trkpt lat="36.8681327" lon="138.2458335">
        <ele>822.5288954427517</ele>
      </trkpt>
      <trkpt lat="36.8681363" lon="138.2458626">
        <ele>822.8167058506212</ele>
      </trkpt>
      <trkpt lat="36.86814" lon="138.2458917">
        <ele>823.175213541439</ele>
      </trkpt>
      <trkpt lat="36.8681525" lon="138.2459162">
        <ele>823.2976243217748</ele>
      </trkpt>
      <trkpt lat="36.868165" lon="138.2459408">
        <ele>823.4476538244062</ele>
      </trkpt>
      <trkpt lat="36.8681834" lon="138.2459578">
        <ele>823.4504535405972</ele>
      </trkpt>
      <trkpt lat="36.8682018" lon="138.2459748">
        <ele>823.4833333083357</ele>
      </trkpt>
      <trkpt lat="36.8682227" lon="138.2459866">
        <ele>823.3760891327807</ele>
      </trkpt>
      <trkpt lat="36.8682436" lon="138.2459984">
        <ele>823.4280156424409</ele>
      </trkpt>
      <trkpt lat="36.8682671" lon="138.2460077">
        <ele>823.4117632747798</ele>
      </trkpt>
      <trkpt lat="36.8682906" lon="138.246017">
        <ele>823.4029272949816</ele>
      </trkpt>
      <trkpt lat="36.8683159" lon="138.2460252">
        <ele>823.5781852921838</ele>
      </trkpt>
      <trkpt lat="36.8683413" lon="138.2460335">
        <ele>823.7721508982132</ele>
      </trkpt>
      <trkpt lat="36.8683681" lon="138.246041">
        <ele>824.0507130502654</ele>
      </trkpt>
      <trkpt lat="36.868395" lon="138.2460486">
        <ele>824.510322508385</ele>
      </trkpt>
      <trkpt lat="36.8684234" lon="138.2460547">
        <ele>824.9330761560823</ele>
      </trkpt>
      <trkpt lat="36.8684518" lon="138.2460609">
        <ele>825.4916095175668</ele>
      </trkpt>
      <trkpt lat="36.8684814" lon="138.2460658">
        <ele>826.0661977573199</ele>
      </trkpt>
      <trkpt lat="36.8685111" lon="138.2460708">
        <ele>826.7002324555622</ele>
      </trkpt>
      <trkpt lat="36.8685401" lon="138.2460746">
        <ele>827.3550167670596</ele>
      </trkpt>
      <trkpt lat="36.8685692" lon="138.2460784">
        <ele>828.0096786303528</ele>
      </trkpt>
      <trkpt lat="36.8685969" lon="138.2460802">
        <ele>828.6674704256379</ele>
      </trkpt>
      <trkpt lat="36.8686247" lon="138.2460821">
        <ele>829.3276951357161</ele>
      </trkpt>
      <trkpt lat="36.8686533" lon="138.2460823">
        <ele>829.9943455295481</ele>
      </trkpt>
      <trkpt lat="36.8686819" lon="138.2460826">
        <ele>830.6739763781893</ele>
      </trkpt>
      <trkpt lat="36.8687121" lon="138.2460823">
        <ele>831.3641759867337</ele>
      </trkpt>
      <trkpt lat="36.8687424" lon="138.2460821">
        <ele>832.0144945903387</ele>
      </trkpt>
      <trkpt lat="36.8687736" lon="138.2460801">
        <ele>832.6584795010764</ele>
      </trkpt>
      <trkpt lat="36.8688048" lon="138.2460782">
        <ele>833.2405606470081</ele>
      </trkpt>
      <trkpt lat="36.868836" lon="138.2460756">
        <ele>833.82197862155</ele>
      </trkpt>
      <trkpt lat="36.8688672" lon="138.2460731">
        <ele>834.2969139539396</ele>
      </trkpt>
      <trkpt lat="36.8688987" lon="138.2460704">
        <ele>834.756413001827</ele>
      </trkpt>
      <trkpt lat="36.8689303" lon="138.2460677">
        <ele>835.1296701266035</ele>
      </trkpt>
      <trkpt lat="36.8689607" lon="138.2460664">
        <ele>835.455347762012</ele>
      </trkpt>
      <trkpt lat="36.8689912" lon="138.2460651">
        <ele>835.6964625570466</ele>
      </trkpt>
      <trkpt lat="36.8690193" lon="138.2460663">
        <ele>835.827620503773</ele>
      </trkpt>
      <trkpt lat="36.8690475" lon="138.2460675">
        <ele>835.9561121429077</ele>
      </trkpt>
      <trkpt lat="36.8690744" lon="138.2460729">
        <ele>835.9745917154369</ele>
      </trkpt>
      <trkpt lat="36.8691013" lon="138.2460784">
        <ele>835.9887485674092</ele>
      </trkpt>
      <trkpt lat="36.8691273" lon="138.2460887">
        <ele>835.9631898688119</ele>
      </trkpt>
      <trkpt lat="36.8691533" lon="138.246099">
        <ele>835.8660056448948</ele>
      </trkpt>
      <trkpt lat="36.8691784" lon="138.2461112">
        <ele>835.7963588038903</ele>
      </trkpt>
      <trkpt lat="36.8692035" lon="138.2461235">
        <ele>835.6455570364775</ele>
      </trkpt>
      <trkpt lat="36.8692279" lon="138.2461353">
        <ele>835.4771423281554</ele>
      </trkpt>
      <trkpt lat="36.8692524" lon="138.2461472">
        <ele>835.318228671663</ele>
      </trkpt>
      <trkpt lat="36.869278" lon="138.2461583">
        <ele>835.0608392425352</ele>
      </trkpt>
      <trkpt lat="36.8693037" lon="138.2461695">
        <ele>834.8205050080326</ele>
      </trkpt>
      <trkpt lat="36.8693303" lon="138.246181">
        <ele>834.5946327752001</ele>
      </trkpt>
      <trkpt lat="36.869357" lon="138.2461926">
        <ele>834.388930730563</ele>
      </trkpt>
      <trkpt lat="36.8693821" lon="138.2462041">
        <ele>834.2110741291383</ele>
      </trkpt>
      <trkpt lat="36.8694072" lon="138.2462156">
        <ele>834.0757868644998</ele>
      </trkpt>
      <trkpt lat="36.8694318" lon="138.2462253">
        <ele>833.963697203992</ele>
      </trkpt>
      <trkpt lat="36.8694564" lon="138.246235">
        <ele>833.8759004223132</ele>
      </trkpt>
      <trkpt lat="36.8694816" lon="138.2462428">
        <ele>833.8625642999878</ele>
      </trkpt>
      <trkpt lat="36.8695069" lon="138.2462507">
        <ele>833.873135360361</ele>
      </trkpt>
      <trkpt lat="36.8695314" lon="138.2462567">
        <ele>833.8783552930245</ele>
      </trkpt>
      <trkpt lat="36.8695559" lon="138.2462627">
        <ele>833.9454772701285</ele>
      </trkpt>
      <trkpt lat="36.8695794" lon="138.2462685">
        <ele>834.0247721588864</ele>
      </trkpt>
      <trkpt lat="36.869603" lon="138.2462743">
        <ele>834.1293923606432</ele>
      </trkpt>
      <trkpt lat="36.8696275" lon="138.2462813">
        <ele>834.2995140281944</ele>
      </trkpt>
      <trkpt lat="36.869652" lon="138.2462883">
        <ele>834.4812765789407</ele>
      </trkpt>
      <trkpt lat="36.8696776" lon="138.2462982">
        <ele>834.7650595232109</ele>
      </trkpt>
      <trkpt lat="36.8697032" lon="138.2463082">
        <ele>835.0686204545648</ele>
      </trkpt>
      <trkpt lat="36.8697294" lon="138.2463225">
        <ele>835.5056634100324</ele>
      </trkpt>
      <trkpt lat="36.8697556" lon="138.2463368">
        <ele>836.0142593728476</ele>
      </trkpt>
      <trkpt lat="36.8697805" lon="138.2463531">
        <ele>836.5933215270883</ele>
      </trkpt>
      <trkpt lat="36.8698054" lon="138.2463695">
        <ele>837.1845402533199</ele>
      </trkpt>
      <trkpt lat="36.8698291" lon="138.2463836">
        <ele>837.702031503401</ele>
      </trkpt>
      <trkpt lat="36.8698529" lon="138.2463978">
        <ele>838.2517034663485</ele>
      </trkpt>
      <trkpt lat="36.8698756" lon="138.2464082">
        <ele>838.7104395026156</ele>
      </trkpt>
      <trkpt lat="36.8698984" lon="138.2464186">
        <ele>839.2187839737206</ele>
      </trkpt>
      <trkpt lat="36.8699205" lon="138.2464224">
        <ele>839.5115579826204</ele>
      </trkpt>
      <trkpt lat="36.8699426" lon="138.2464263">
        <ele>839.8206777861817</ele>
      </trkpt>
      <trkpt lat="36.8699644" lon="138.2464206">
        <ele>839.9337494394285</ele>
      </trkpt>
      <trkpt lat="36.8699863" lon="138.246415">
        <ele>840.0511611167814</ele>
      </trkpt>
      <trkpt lat="36.8700066" lon="138.2463989">
        <ele>839.829533272237</ele>
      </trkpt>
      <trkpt lat="36.8700269" lon="138.2463829">
        <ele>839.6899100140157</ele>
      </trkpt>
      <trkpt lat="36.8700448" lon="138.2463602">
        <ele>839.3503473532394</ele>
      </trkpt>
      <trkpt lat="36.8700628" lon="138.2463376">
        <ele>839.0329789937484</ele>
      </trkpt>
      <trkpt lat="36.8700791" lon="138.2463128">
        <ele>838.633275258217</ele>
      </trkpt>
      <trkpt lat="36.8700955" lon="138.2462881">
        <ele>838.3022774782512</ele>
      </trkpt>
      <trkpt lat="36.87011" lon="138.2462623">
        <ele>837.9577337319511</ele>
      </trkpt>
      <trkpt lat="36.8701246" lon="138.2462365">
        <ele>837.615374584497</ele>
      </trkpt>
      <trkpt lat="36.8701379" lon="138.2462106">
        <ele>837.2420532902012</ele>
      </trkpt>
      <trkpt lat="36.8701512" lon="138.2461848">
        <ele>836.858988254425</ele>
      </trkpt>
      <trkpt lat="36.8701652" lon="138.2461587">
        <ele>836.4858128193774</ele>
      </trkpt>
      <trkpt lat="36.8701793" lon="138.2461327">
        <ele>836.1176473160282</ele>
      </trkpt>
      <trkpt lat="36.8701953" lon="138.246106">
        <ele>835.7839838485502</ele>
      </trkpt>
      <trkpt lat="36.8702113" lon="138.2460793">
        <ele>835.4740252270658</ele>
      </trkpt>
      <trkpt lat="36.87023" lon="138.2460539">
        <ele>835.2437027652671</ele>
      </trkpt>
      <trkpt lat="36.8702487" lon="138.2460286">
        <ele>834.9936766435845</ele>
      </trkpt>
      <trkpt lat="36.8702696" lon="138.2460044">
        <ele>834.7971048370399</ele>
      </trkpt>
      <trkpt lat="36.8702905" lon="138.2459802">
        <ele>834.6222728692001</ele>
      </trkpt>
      <trkpt lat="36.8703137" lon="138.2459573">
        <ele>834.5492249369623</ele>
      </trkpt>
      <trkpt lat="36.8703369" lon="138.2459344">
        <ele>834.4858783760521</ele>
      </trkpt>
      <trkpt lat="36.8703625" lon="138.2459154">
        <ele>834.5660052582163</ele>
      </trkpt>
      <trkpt lat="36.8703881" lon="138.2458964">
        <ele>834.6009610549089</ele>
      </trkpt>
      <trkpt lat="36.8704146" lon="138.2458839">
        <ele>834.8208743060948</ele>
      </trkpt>
      <trkpt lat="36.8704411" lon="138.2458714">
        <ele>835.0364363990172</ele>
      </trkpt>
      <trkpt lat="36.8704677" lon="138.2458665">
        <ele>835.4516118989982</ele>
      </trkpt>
      <trkpt lat="36.8704944" lon="138.2458617">
        <ele>835.851374491166</ele>
      </trkpt>
      <trkpt lat="36.8705202" lon="138.2458651">
        <ele>836.3449511104393</ele>
      </trkpt>
      <trkpt lat="36.8705461" lon="138.2458685">
        <ele>836.8371371490352</ele>
      </trkpt>
      <trkpt lat="36.8705704" lon="138.2458802">
        <ele>837.4926364122318</ele>
      </trkpt>
      <trkpt lat="36.8705947" lon="138.2458919">
        <ele>838.1384874968667</ele>
      </trkpt>
      <trkpt lat="36.8706173" lon="138.2459101">
        <ele>838.8936041657355</ele>
      </trkpt>
      <trkpt lat="36.8706399" lon="138.2459283">
        <ele>839.5786362129068</ele>
      </trkpt>
      <trkpt lat="36.8706599" lon="138.245949">
        <ele>840.2236887423533</ele>
      </trkpt>
      <trkpt lat="36.8706799" lon="138.2459698">
        <ele>840.8231273199734</ele>
      </trkpt>
      <trkpt lat="36.8706984" lon="138.2459928">
        <ele>841.4198025344426</ele>
      </trkpt>
      <trkpt lat="36.8707169" lon="138.2460159">
        <ele>841.9884115907255</ele>
      </trkpt>
      <trkpt lat="36.870735" lon="138.2460399">
        <ele>842.5328357033025</ele>
      </trkpt>
      <trkpt lat="36.8707532" lon="138.2460639">
        <ele>843.0050596418091</ele>
      </trkpt>
      <trkpt lat="36.8707722" lon="138.2460871">
        <ele>843.4040730114729</ele>
      </trkpt>
      <trkpt lat="36.8707912" lon="138.2461103">
        <ele>843.7547189715854</ele>
      </trkpt>
      <trkpt lat="36.8708106" lon="138.2461326">
        <ele>844.066251826572</ele>
      </trkpt>
      <trkpt lat="36.8708301" lon="138.2461549">
        <ele>844.3454578393516</ele>
      </trkpt>
      <trkpt lat="36.87085" lon="138.2461755">
        <ele>844.5761332357196</ele>
      </trkpt>
      <trkpt lat="36.8708699" lon="138.2461962">
        <ele>844.7800222043975</ele>
      </trkpt>
      <trkpt lat="36.8708903" lon="138.2462167">
        <ele>844.8892623639746</ele>
      </trkpt>
      <trkpt lat="36.8709108" lon="138.2462372">
        <ele>844.9269057975814</ele>
      </trkpt>
      <trkpt lat="36.870931" lon="138.2462571">
        <ele>844.9387138463948</ele>
      </trkpt>
      <trkpt lat="36.8709513" lon="138.2462771">
        <ele>844.9368429186745</ele>
      </trkpt>
      <trkpt lat="36.870971" lon="138.2462966">
        <ele>844.9050382413984</ele>
      </trkpt>
      <trkpt lat="36.8709908" lon="138.2463162">
        <ele>844.8603232498441</ele>
      </trkpt>
      <trkpt lat="36.8710092" lon="138.2463366">
        <ele>844.8080375170514</ele>
      </trkpt>
      <trkpt lat="36.8710276" lon="138.246357">
        <ele>844.7430135365098</ele>
      </trkpt>
      <trkpt lat="36.871047" lon="138.2463768">
        <ele>844.661317893072</ele>
      </trkpt>
      <trkpt lat="36.8710664" lon="138.2463966">
        <ele>844.5765567137171</ele>
      </trkpt>
      <trkpt lat="36.8710874" lon="138.2464131">
        <ele>844.4848048974075</ele>
      </trkpt>
      <trkpt lat="36.8711084" lon="138.2464297">
        <ele>844.3991835824486</ele>
      </trkpt>
      <trkpt lat="36.8711301" lon="138.2464422">
        <ele>844.3929811297617</ele>
      </trkpt>
      <trkpt lat="36.8711519" lon="138.2464548">
        <ele>844.3960514222013</ele>
      </trkpt>
      <trkpt lat="36.8711762" lon="138.2464621">
        <ele>844.4075293082869</ele>
      </trkpt>
      <trkpt lat="36.8712006" lon="138.2464694">
        <ele>844.4410405868279</ele>
      </trkpt>
      <trkpt lat="36.8712269" lon="138.2464707">
        <ele>844.4562777540954</ele>
      </trkpt>
      <trkpt lat="36.8712532" lon="138.2464721">
        <ele>844.5027145319945</ele>
      </trkpt>
      <trkpt lat="36.8712797" lon="138.2464683">
        <ele>844.5672620842917</ele>
      </trkpt>
      <trkpt lat="36.8713062" lon="138.2464645">
        <ele>844.6215575542494</ele>
      </trkpt>
      <trkpt lat="36.8713319" lon="138.2464572">
        <ele>844.6989324577353</ele>
      </trkpt>
      <trkpt lat="36.8713577" lon="138.24645">
        <ele>844.803983057426</ele>
      </trkpt>
      <trkpt lat="36.8713824" lon="138.246442">
        <ele>844.878250824116</ele>
      </trkpt>
      <trkpt lat="36.8714071" lon="138.246434">
        <ele>844.919237142977</ele>
      </trkpt>
      <trkpt lat="36.8714306" lon="138.2464253">
        <ele>844.9434892317205</ele>
      </trkpt>
      <trkpt lat="36.8714541" lon="138.2464167">
        <ele>844.9587086459312</ele>
      </trkpt>
      <trkpt lat="36.8714772" lon="138.2464073">
        <ele>844.9404237269537</ele>
      </trkpt>
      <trkpt lat="36.8715003" lon="138.246398">
        <ele>844.9083868226749</ele>
      </trkpt>
      <trkpt lat="36.8715228" lon="138.2463899">
        <ele>844.867504018466</ele>
      </trkpt>
      <trkpt lat="36.8715454" lon="138.2463819">
        <ele>844.7884882593704</ele>
      </trkpt>
      <trkpt lat="36.8715681" lon="138.2463746">
        <ele>844.7057117812769</ele>
      </trkpt>
      <trkpt lat="36.8715908" lon="138.2463674">
        <ele>844.6342142259941</ele>
      </trkpt>
      <trkpt lat="36.8716146" lon="138.2463608">
        <ele>844.4937887303134</ele>
      </trkpt>
      <trkpt lat="36.8716385" lon="138.2463543">
        <ele>844.3380537436935</ele>
      </trkpt>
      <trkpt lat="36.8716629" lon="138.246352">
        <ele>844.2048796363231</ele>
      </trkpt>
      <trkpt lat="36.8716874" lon="138.2463498">
        <ele>844.0410996651362</ele>
      </trkpt>
      <trkpt lat="36.8717124" lon="138.2463522">
        <ele>843.935745753139</ele>
      </trkpt>
      <trkpt lat="36.8717375" lon="138.2463546">
        <ele>843.8031253183003</ele>
      </trkpt>
      <trkpt lat="36.8717625" lon="138.2463616">
        <ele>843.7194903748837</ele>
      </trkpt>
      <trkpt lat="36.8717876" lon="138.2463686">
        <ele>843.6469861349174</ele>
      </trkpt>
      <trkpt lat="36.871813" lon="138.2463788">
        <ele>843.6000881533948</ele>
      </trkpt>
      <trkpt lat="36.8718385" lon="138.2463891">
        <ele>843.5660243065995</ele>
      </trkpt>
      <trkpt lat="36.8718637" lon="138.2464016">
        <ele>843.5840119196466</ele>
      </trkpt>
      <trkpt lat="36.8718889" lon="138.2464141">
        <ele>843.4918661804714</ele>
      </trkpt>
      <trkpt lat="36.8719137" lon="138.2464288">
        <ele>843.4793488153256</ele>
      </trkpt>
      <trkpt lat="36.8719386" lon="138.2464436">
        <ele>843.4742152565163</ele>
      </trkpt>
      <trkpt lat="36.8719624" lon="138.2464625">
        <ele>843.5596742149771</ele>
      </trkpt>
      <trkpt lat="36.8719862" lon="138.2464815">
        <ele>843.684292008187</ele>
      </trkpt>
      <trkpt lat="36.872008" lon="138.2465044">
        <ele>843.9096264276052</ele>
      </trkpt>
      <trkpt lat="36.8720299" lon="138.2465273">
        <ele>844.0483917496778</ele>
      </trkpt>
      <trkpt lat="36.872049" lon="138.2465538">
        <ele>844.32909807477</ele>
      </trkpt>
      <trkpt lat="36.8720681" lon="138.2465804">
        <ele>844.6272356346054</ele>
      </trkpt>
      <trkpt lat="36.8720834" lon="138.2466097">
        <ele>845.0672352159767</ele>
      </trkpt>
      <trkpt lat="36.8720987" lon="138.2466391">
        <ele>845.4784387896775</ele>
      </trkpt>
      <trkpt lat="36.8721118" lon="138.2466701">
        <ele>845.9677654337145</ele>
      </trkpt>
      <trkpt lat="36.8721249" lon="138.2467012">
        <ele>846.4596552129841</ele>
      </trkpt>
      <trkpt lat="36.8721368" lon="138.2467318">
        <ele>846.9499108736873</ele>
      </trkpt>
      <trkpt lat="36.8721487" lon="138.2467625">
        <ele>847.4064114262821</ele>
      </trkpt>
      <trkpt lat="36.8721604" lon="138.2467901">
        <ele>847.7920166927395</ele>
      </trkpt>
      <trkpt lat="36.8721721" lon="138.2468178">
        <ele>848.1713625310532</ele>
      </trkpt>
      <trkpt lat="36.8721858" lon="138.2468417">
        <ele>848.3936587450963</ele>
      </trkpt>
      <trkpt lat="36.8721995" lon="138.2468657">
        <ele>848.6071832573008</ele>
      </trkpt>
      <trkpt lat="36.8722169" lon="138.2468871">
        <ele>848.6687691661065</ele>
      </trkpt>
      <trkpt lat="36.8722344" lon="138.2469086">
        <ele>848.7495961908704</ele>
      </trkpt>
      <trkpt lat="36.8722548" lon="138.2469277">
        <ele>848.6890823441763</ele>
      </trkpt>
      <trkpt lat="36.8722752" lon="138.2469468">
        <ele>848.6153453074414</ele>
      </trkpt>
      <trkpt lat="36.8722971" lon="138.246964">
        <ele>848.4457614091132</ele>
      </trkpt>
      <trkpt lat="36.8723191" lon="138.2469812">
        <ele>848.2680494917645</ele>
      </trkpt>
      <trkpt lat="36.8723405" lon="138.2469975">
        <ele>848.0852098941938</ele>
      </trkpt>
      <trkpt lat="36.872362" lon="138.2470138">
        <ele>847.943938684463</ele>
      </trkpt>
      <trkpt lat="36.8723826" lon="138.2470306">
        <ele>847.8304329434036</ele>
      </trkpt>
      <trkpt lat="36.8724033" lon="138.2470475">
        <ele>847.7049564967482</ele>
      </trkpt>
      <trkpt lat="36.8724241" lon="138.2470658">
        <ele>847.608605124942</ele>
      </trkpt>
      <trkpt lat="36.872445" lon="138.2470842">
        <ele>847.5413334402497</ele>
      </trkpt>
      <trkpt lat="36.8724654" lon="138.247103">
        <ele>847.4962277638268</ele>
      </trkpt>
      <trkpt lat="36.8724858" lon="138.2471218">
        <ele>847.4667111845786</ele>
      </trkpt>
      <trkpt lat="36.8725053" lon="138.2471388">
        <ele>847.4310356844176</ele>
      </trkpt>
      <trkpt lat="36.8725249" lon="138.2471558">
        <ele>847.3839321091765</ele>
      </trkpt>
      <trkpt lat="36.8725443" lon="138.2471708">
        <ele>847.2969662740901</ele>
      </trkpt>
      <trkpt lat="36.8725637" lon="138.2471859">
        <ele>847.2361715627355</ele>
      </trkpt>
      <trkpt lat="36.8725834" lon="138.2471997">
        <ele>847.1296289531165</ele>
      </trkpt>
      <trkpt lat="36.8726031" lon="138.2472135">
        <ele>847.004634148857</ele>
      </trkpt>
      <trkpt lat="36.8726236" lon="138.2472258">
        <ele>846.8369230799609</ele>
      </trkpt>
      <trkpt lat="36.8726442" lon="138.2472382">
        <ele>846.744227885235</ele>
      </trkpt>
      <trkpt lat="36.8726652" lon="138.2472506">
        <ele>846.666797699504</ele>
      </trkpt>
      <trkpt lat="36.8726863" lon="138.2472631">
        <ele>846.5820972091594</ele>
      </trkpt>
      <trkpt lat="36.8727086" lon="138.247277">
        <ele>846.579759738147</ele>
      </trkpt>
      <trkpt lat="36.8727309" lon="138.2472909">
        <ele>846.5563833881696</ele>
      </trkpt>
      <trkpt lat="36.8727551" lon="138.2473061">
        <ele>846.5116656453071</ele>
      </trkpt>
      <trkpt lat="36.8727793" lon="138.2473213">
        <ele>846.5564753195911</ele>
      </trkpt>
      <trkpt lat="36.8728039" lon="138.247338">
        <ele>846.6511283679225</ele>
      </trkpt>
      <trkpt lat="36.8728286" lon="138.2473547">
        <ele>846.732824900804</ele>
      </trkpt>
      <trkpt lat="36.8728529" lon="138.2473729">
        <ele>846.8692172139458</ele>
      </trkpt>
      <trkpt lat="36.8728773" lon="138.2473912">
        <ele>846.9462862701461</ele>
      </trkpt>
      <trkpt lat="36.8729014" lon="138.2474122">
        <ele>847.1141782959155</ele>
      </trkpt>
      <trkpt lat="36.8729256" lon="138.2474333">
        <ele>847.3529045656086</ele>
      </trkpt>
      <trkpt lat="36.8729481" lon="138.2474575">
        <ele>847.5821117154278</ele>
      </trkpt>
      <trkpt lat="36.8729707" lon="138.2474817">
        <ele>847.7743933434454</ele>
      </trkpt>
      <trkpt lat="36.8729906" lon="138.2475068">
        <ele>848.0472010151603</ele>
      </trkpt>
      <trkpt lat="36.8730106" lon="138.247532">
        <ele>848.2903659608353</ele>
      </trkpt>
      <trkpt lat="36.8730296" lon="138.2475558">
        <ele>848.4732897647282</ele>
      </trkpt>
      <trkpt lat="36.8730486" lon="138.2475797">
        <ele>848.7575210903251</ele>
      </trkpt>
      <trkpt lat="36.8730667" lon="138.2476017">
        <ele>849.0167412848903</ele>
      </trkpt>
      <trkpt lat="36.8730848" lon="138.2476238">
        <ele>849.2370022965439</ele>
      </trkpt>
      <trkpt lat="36.8731028" lon="138.2476452">
        <ele>849.434865902931</ele>
      </trkpt>
      <trkpt lat="36.8731208" lon="138.2476667">
        <ele>849.6798796377092</ele>
      </trkpt>
      <trkpt lat="36.8731403" lon="138.2476884">
        <ele>849.9141175686302</ele>
      </trkpt>
      <trkpt lat="36.8731598" lon="138.2477102">
        <ele>850.1210560753706</ele>
      </trkpt>
      <trkpt lat="36.8731814" lon="138.2477311">
        <ele>850.358532581227</ele>
      </trkpt>
      <trkpt lat="36.873203" lon="138.2477521">
        <ele>850.6067592989456</ele>
      </trkpt>
      <trkpt lat="36.8732262" lon="138.2477711">
        <ele>850.7965511609392</ele>
      </trkpt>
      <trkpt lat="36.8732494" lon="138.2477901">
        <ele>850.9768901354882</ele>
      </trkpt>
      <trkpt lat="36.8732732" lon="138.2478076">
        <ele>851.1238278380317</ele>
      </trkpt>
      <trkpt lat="36.873297" lon="138.2478251">
        <ele>851.2424959680275</ele>
      </trkpt>
      <trkpt lat="36.8733198" lon="138.2478415">
        <ele>851.3916766497448</ele>
      </trkpt>
      <trkpt lat="36.8733427" lon="138.2478579">
        <ele>851.5548064227364</ele>
      </trkpt>
      <trkpt lat="36.8733639" lon="138.2478728">
        <ele>851.6803860698992</ele>
      </trkpt>
      <trkpt lat="36.8733851" lon="138.2478878">
        <ele>851.785415503214</ele>
      </trkpt>
      <trkpt lat="36.8734041" lon="138.2479004">
        <ele>851.8542437690182</ele>
      </trkpt>
      <trkpt lat="36.8734232" lon="138.247913">
        <ele>851.9065522978269</ele>
      </trkpt>
      <trkpt lat="36.8734398" lon="138.2479231">
        <ele>851.9420116985466</ele>
      </trkpt>
      <trkpt lat="36.8734564" lon="138.2479332">
        <ele>851.9804737585328</ele>
      </trkpt>
      <trkpt lat="36.8734714" lon="138.2479412">
        <ele>851.9959965721994</ele>
      </trkpt>
      <trkpt lat="36.8734865" lon="138.2479493">
        <ele>852.0037597490885</ele>
      </trkpt>
      <trkpt lat="36.8735004" lon="138.2479555">
        <ele>851.9943765356271</ele>
      </trkpt>
      <trkpt lat="36.8735143" lon="138.2479617">
        <ele>851.954011587846</ele>
      </trkpt>
      <trkpt lat="36.8735286" lon="138.2479672">
        <ele>851.8466712678324</ele>
      </trkpt>
      <trkpt lat="36.8735429" lon="138.2479728">
        <ele>851.7400299709296</ele>
      </trkpt>
      <trkpt lat="36.8735595" lon="138.2479808">
        <ele>851.6267174144514</ele>
      </trkpt>
      <trkpt lat="36.8735761" lon="138.2479888">
        <ele>851.5134048215814</ele>
      </trkpt>
      <trkpt lat="36.8735955" lon="138.248002">
        <ele>851.3351278521322</ele>
      </trkpt>
      <trkpt lat="36.8736149" lon="138.2480152">
        <ele>851.1496813111672</ele>
      </trkpt>
      <trkpt lat="36.8736365" lon="138.2480342">
        <ele>850.967629585789</ele>
      </trkpt>
      <trkpt lat="36.8736581" lon="138.2480532">
        <ele>850.6685765219783</ele>
      </trkpt>
      <trkpt lat="36.8736794" lon="138.2480781">
        <ele>850.2842727971565</ele>
      </trkpt>
      <trkpt lat="36.8737007" lon="138.248103">
        <ele>849.8639703480279</ele>
      </trkpt>
      <trkpt lat="36.8737192" lon="138.2481341">
        <ele>849.4916728487538</ele>
      </trkpt>
      <trkpt lat="36.8737378" lon="138.2481653">
        <ele>848.9653926710989</ele>
      </trkpt>
      <trkpt lat="36.8737514" lon="138.2482009">
        <ele>848.6226878251642</ele>
      </trkpt>
      <trkpt lat="36.873765" lon="138.2482366">
        <ele>848.2648480051299</ele>
      </trkpt>
      <trkpt lat="36.8737744" lon="138.2482733">
        <ele>848.0698520778245</ele>
      </trkpt>
      <trkpt lat="36.8737838" lon="138.2483101">
        <ele>847.9121570650263</ele>
      </trkpt>
      <trkpt lat="36.8737889" lon="138.248347">
        <ele>847.8881444204361</ele>
      </trkpt>
      <trkpt lat="36.873794" lon="138.2483839">
        <ele>847.9352440415374</ele>
      </trkpt>
      <trkpt lat="36.8737952" lon="138.248421">
        <ele>848.1727665809719</ele>
      </trkpt>
      <trkpt lat="36.8737965" lon="138.2484581">
        <ele>848.469461853733</ele>
      </trkpt>
      <trkpt lat="36.8737956" lon="138.2484945">
        <ele>848.9021139184233</ele>
      </trkpt>
      <trkpt lat="36.8737947" lon="138.248531">
        <ele>849.3457596416126</ele>
      </trkpt>
      <trkpt lat="36.8737939" lon="138.2485652">
        <ele>849.7826682703344</ele>
      </trkpt>
      <trkpt lat="36.8737932" lon="138.2485995">
        <ele>850.2159357635313</ele>
      </trkpt>
      <trkpt lat="36.8737943" lon="138.248633">
        <ele>850.5032361582882</ele>
      </trkpt>
      <trkpt lat="36.8737954" lon="138.2486665">
        <ele>850.7824902071397</ele>
      </trkpt>
      <trkpt lat="36.8737991" lon="138.2487001">
        <ele>850.9597766178907</ele>
      </trkpt>
      <trkpt lat="36.8738029" lon="138.2487338">
        <ele>851.1581073647992</ele>
      </trkpt>
      <trkpt lat="36.8738096" lon="138.2487673">
        <ele>851.2356298194605</ele>
      </trkpt>
      <trkpt lat="36.8738164" lon="138.2488008">
        <ele>851.341819946424</ele>
      </trkpt>
      <trkpt lat="36.8738253" lon="138.2488338">
        <ele>851.3908594146903</ele>
      </trkpt>
      <trkpt lat="36.8738343" lon="138.2488668">
        <ele>851.4683406670745</ele>
      </trkpt>
      <trkpt lat="36.8738445" lon="138.2488986">
        <ele>851.5225629934044</ele>
      </trkpt>
      <trkpt lat="36.8738548" lon="138.2489305">
        <ele>851.5894203433633</ele>
      </trkpt>
      <trkpt lat="36.8738662" lon="138.2489613">
        <ele>851.6444670729107</ele>
      </trkpt>
      <trkpt lat="36.8738777" lon="138.2489921">
        <ele>851.7201421859311</ele>
      </trkpt>
      <trkpt lat="36.8738918" lon="138.2490226">
        <ele>851.7346937573386</ele>
      </trkpt>
      <trkpt lat="36.873906" lon="138.2490532">
        <ele>851.7819760449413</ele>
      </trkpt>
      <trkpt lat="36.8739193" lon="138.2490856">
        <ele>851.9063485134249</ele>
      </trkpt>
      <trkpt lat="36.8739326" lon="138.249118">
        <ele>852.0763376506184</ele>
      </trkpt>
      <trkpt lat="36.8739445" lon="138.2491527">
        <ele>852.2935891026176</ele>
      </trkpt>
      <trkpt lat="36.8739565" lon="138.2491874">
        <ele>852.5045692059222</ele>
      </trkpt>
      <trkpt lat="36.8739685" lon="138.2492225">
        <ele>852.7216076977561</ele>
      </trkpt>
      <trkpt lat="36.8739805" lon="138.2492576">
        <ele>852.9386461401368</ele>
      </trkpt>
      <trkpt lat="36.8739918" lon="138.2492921">
        <ele>853.1666704810226</ele>
      </trkpt>
      <trkpt lat="36.8740031" lon="138.2493266">
        <ele>853.2825472472657</ele>
      </trkpt>
      <trkpt lat="36.8740126" lon="138.2493591">
        <ele>853.4083472393736</ele>
      </trkpt>
      <trkpt lat="36.8740221" lon="138.2493916">
        <ele>853.5236690367403</ele>
      </trkpt>
      <trkpt lat="36.8740306" lon="138.2494232">
        <ele>853.6456320379191</ele>
      </trkpt>
      <trkpt lat="36.8740392" lon="138.2494548">
        <ele>853.755727877807</ele>
      </trkpt>
      <trkpt lat="36.874047" lon="138.2494861">
        <ele>853.819820424496</ele>
      </trkpt>
      <trkpt lat="36.8740548" lon="138.2495175">
        <ele>853.8600623561541</ele>
      </trkpt>
      <trkpt lat="36.8740616" lon="138.24955">
        <ele>853.9300388758769</ele>
      </trkpt>
      <trkpt lat="36.8740684" lon="138.2495826">
        <ele>853.9499504739654</ele>
      </trkpt>
      <trkpt lat="36.8740721" lon="138.2496158">
        <ele>854.0688702869697</ele>
      </trkpt>
      <trkpt lat="36.8740759" lon="138.2496491">
        <ele>854.1698143188378</ele>
      </trkpt>
      <trkpt lat="36.8740762" lon="138.2496821">
        <ele>854.3528777108065</ele>
      </trkpt>
      <trkpt lat="36.8740765" lon="138.2497152">
        <ele>854.5365236438348</ele>
      </trkpt>
      <trkpt lat="36.8740736" lon="138.2497484">
        <ele>854.818624565704</ele>
      </trkpt>
      <trkpt lat="36.8740707" lon="138.2497817">
        <ele>855.1013080259322</ele>
      </trkpt>
      <trkpt lat="36.8740648" lon="138.2498133">
        <ele>855.4594768935588</ele>
      </trkpt>
      <trkpt lat="36.874059" lon="138.2498449">
        <ele>855.7835809436395</ele>
      </trkpt>
      <trkpt lat="36.8740525" lon="138.2498756">
        <ele>856.1254566682969</ele>
      </trkpt>
      <trkpt lat="36.8740461" lon="138.2499064">
        <ele>856.4771772909727</ele>
      </trkpt>
      <trkpt lat="36.8740403" lon="138.2499381">
        <ele>856.8277261509501</ele>
      </trkpt>
      <trkpt lat="36.8740345" lon="138.2499698">
        <ele>857.1720352686699</ele>
      </trkpt>
      <trkpt lat="36.8740274" lon="138.2500022">
        <ele>857.6177310799717</ele>
      </trkpt>
      <trkpt lat="36.8740204" lon="138.2500346">
        <ele>858.0858730232346</ele>
      </trkpt>
      <trkpt lat="36.8740101" lon="138.2500653">
        <ele>858.6367214504564</ele>
      </trkpt>
      <trkpt lat="36.8739998" lon="138.250096">
        <ele>859.2012324594233</ele>
      </trkpt>
      <trkpt lat="36.8739868" lon="138.250124">
        <ele>859.7992715077254</ele>
      </trkpt>
      <trkpt lat="36.8739739" lon="138.250152">
        <ele>860.4225900196745</ele>
      </trkpt>
      <trkpt lat="36.873961" lon="138.2501791">
        <ele>861.0279977766749</ele>
      </trkpt>
      <trkpt lat="36.8739482" lon="138.2502062">
        <ele>861.595037115536</ele>
      </trkpt>
      <trkpt lat="36.8739362" lon="138.2502326">
        <ele>862.1010712102124</ele>
      </trkpt>
      <trkpt lat="36.8739242" lon="138.2502591">
        <ele>862.6009044376133</ele>
      </trkpt>
      <trkpt lat="36.8739128" lon="138.250286">
        <ele>863.1107306478872</ele>
      </trkpt>
      <trkpt lat="36.8739014" lon="138.250313">
        <ele>863.6101582402866</ele>
      </trkpt>
      <trkpt lat="36.873891" lon="138.2503394">
        <ele>864.0183089430037</ele>
      </trkpt>
      <trkpt lat="36.8738807" lon="138.2503658">
        <ele>864.3834359639986</ele>
      </trkpt>
      <trkpt lat="36.8738731" lon="138.250392">
        <ele>864.6611922694415</ele>
      </trkpt>
      <trkpt lat="36.8738655" lon="138.2504183">
        <ele>864.9396037409474</ele>
      </trkpt>
      <trkpt lat="36.8738626" lon="138.2504466">
        <ele>865.1222255085797</ele>
      </trkpt>
      <trkpt lat="36.8738598" lon="138.250475">
        <ele>865.2947379377111</ele>
      </trkpt>
      <trkpt lat="36.8738648" lon="138.2505033">
        <ele>865.3142664929194</ele>
      </trkpt>
      <trkpt lat="36.8738698" lon="138.2505316">
        <ele>865.3703418725217</ele>
      </trkpt>
      <trkpt lat="36.8738838" lon="138.2505554">
        <ele>865.2595455386465</ele>
      </trkpt>
      <trkpt lat="36.8738978" lon="138.2505793">
        <ele>865.183365469432</ele>
      </trkpt>
      <trkpt lat="36.8739188" lon="138.2505955">
        <ele>865.0123777692944</ele>
      </trkpt>
      <trkpt lat="36.8739399" lon="138.2506118">
        <ele>865.0337398714855</ele>
      </trkpt>
      <trkpt lat="36.8739631" lon="138.2506177">
        <ele>864.976768305799</ele>
      </trkpt>
      <trkpt lat="36.8739864" lon="138.2506236">
        <ele>864.9332273150444</ele>
      </trkpt>
      <trkpt lat="36.8740083" lon="138.2506172">
        <ele>864.8672522725884</ele>
      </trkpt>
      <trkpt lat="36.8740302" lon="138.2506108">
        <ele>864.8161237314652</ele>
      </trkpt>
      <trkpt lat="36.8740504" lon="138.2505948">
        <ele>864.5699643974376</ele>
      </trkpt>
      <trkpt lat="36.8740706" lon="138.2505788">
        <ele>864.3153083621729</ele>
      </trkpt>
      <trkpt lat="36.8740928" lon="138.250557">
        <ele>863.9732365210243</ele>
      </trkpt>
      <trkpt lat="36.8741151" lon="138.2505352">
        <ele>863.5654556327195</ele>
      </trkpt>
      <trkpt lat="36.8741395" lon="138.2505114">
        <ele>863.0919030115565</ele>
      </trkpt>
      <trkpt lat="36.8741639" lon="138.2504877">
        <ele>862.6194838051035</ele>
      </trkpt>
      <trkpt lat="36.8741873" lon="138.2504637">
        <ele>862.0994677403892</ele>
      </trkpt>
      <trkpt lat="36.8742107" lon="138.2504397">
        <ele>861.5011212116015</ele>
      </trkpt>
      <trkpt lat="36.8742332" lon="138.2504184">
        <ele>860.9380653163392</ele>
      </trkpt>
      <trkpt lat="36.8742557" lon="138.2503972">
        <ele>860.3757400734927</ele>
      </trkpt>
      <trkpt lat="36.8742788" lon="138.2503796">
        <ele>859.9144956915177</ele>
      </trkpt>
      <trkpt lat="36.8743019" lon="138.250362">
        <ele>859.4707422187088</ele>
      </trkpt>
      <trkpt lat="36.8743249" lon="138.2503503">
        <ele>859.1646143443418</ele>
      </trkpt>
      <trkpt lat="36.8743479" lon="138.2503386">
        <ele>858.8342766569925</ele>
      </trkpt>
      <trkpt lat="36.8743694" lon="138.2503381">
        <ele>858.7543684431159</ele>
      </trkpt>
      <trkpt lat="36.874391" lon="138.2503377">
        <ele>858.6767411783492</ele>
      </trkpt>
      <trkpt lat="36.8744082" lon="138.2503505">
        <ele>858.9179586761098</ele>
      </trkpt>
      <trkpt lat="36.8744254" lon="138.2503633">
        <ele>859.1749598337965</ele>
      </trkpt>
      <trkpt lat="36.8744365" lon="138.2503852">
        <ele>859.6191156751743</ele>
      </trkpt>
      <trkpt lat="36.8744476" lon="138.2504071">
        <ele>860.0467717499248</ele>
      </trkpt>
      <trkpt lat="36.8744566" lon="138.2504321">
        <ele>860.6121025240706</ele>
      </trkpt>
      <trkpt lat="36.8744657" lon="138.2504572">
        <ele>861.1678020753053</ele>
      </trkpt>
      <trkpt lat="36.8744784" lon="138.2504841">
        <ele>861.6999038367601</ele>
      </trkpt>
      <trkpt lat="36.8744911" lon="138.2505111">
        <ele>862.2499622023353</ele>
      </trkpt>
      <trkpt lat="36.8745077" lon="138.2505394">
        <ele>862.8167551244115</ele>
      </trkpt>
      <trkpt lat="36.8745244" lon="138.2505678">
        <ele>863.3690497376903</ele>
      </trkpt>
      <trkpt lat="36.874543" lon="138.250596">
        <ele>863.9294650590296</ele>
      </trkpt>
      <trkpt lat="36.8745617" lon="138.2506242">
        <ele>864.4901714193521</ele>
      </trkpt>
      <trkpt lat="36.8745811" lon="138.2506501">
        <ele>864.9575588740338</ele>
      </trkpt>
      <trkpt lat="36.8746005" lon="138.250676">
        <ele>865.4560600738126</ele>
      </trkpt>
      <trkpt lat="36.8746205" lon="138.250698">
        <ele>865.8745004599066</ele>
      </trkpt>
      <trkpt lat="36.8746406" lon="138.2507201">
        <ele>866.2796674369305</ele>
      </trkpt>
      <trkpt lat="36.8746622" lon="138.2507374">
        <ele>866.4937452469298</ele>
      </trkpt>
      <trkpt lat="36.8746839" lon="138.2507547">
        <ele>866.7047346303059</ele>
      </trkpt>
      <trkpt lat="36.8747083" lon="138.2507696">
        <ele>866.8254337000209</ele>
      </trkpt>
      <trkpt lat="36.8747327" lon="138.2507846">
        <ele>866.9371953799059</ele>
      </trkpt>
      <trkpt lat="36.8747583" lon="138.2507988">
        <ele>867.0318935854764</ele>
      </trkpt>
      <trkpt lat="36.874784" lon="138.250813">
        <ele>867.1304075690847</ele>
      </trkpt>
      <trkpt lat="36.8748075" lon="138.2508278">
        <ele>867.2308777591799</ele>
      </trkpt>
      <trkpt lat="36.8748311" lon="138.2508427">
        <ele>867.4067746218446</ele>
      </trkpt>
      <trkpt lat="36.874852" lon="138.2508594">
        <ele>867.7078692707346</ele>
      </trkpt>
      <trkpt lat="36.874873" lon="138.2508761">
        <ele>867.9602999922347</ele>
      </trkpt>
      <trkpt lat="36.8748919" lon="138.2508958">
        <ele>868.3180330643285</ele>
      </trkpt>
      <trkpt lat="36.8749108" lon="138.2509156">
        <ele>868.6725460149655</ele>
      </trkpt>
      <trkpt lat="36.8749288" lon="138.2509376">
        <ele>869.1120744261746</ele>
      </trkpt>
      <trkpt lat="36.8749469" lon="138.2509596">
        <ele>869.5316497722097</ele>
      </trkpt>
      <trkpt lat="36.874965" lon="138.2509819">
        <ele>869.9690579427422</ele>
      </trkpt>
      <trkpt lat="36.8749831" lon="138.2510043">
        <ele>870.3664884617601</ele>
      </trkpt>
      <trkpt lat="36.8750016" lon="138.2510264">
        <ele>870.7573596019146</ele>
      </trkpt>
      <trkpt lat="36.8750202" lon="138.2510486">
        <ele>871.1128162177757</ele>
      </trkpt>
      <trkpt lat="36.8750389" lon="138.2510699">
        <ele>871.4934811439821</ele>
      </trkpt>
      <trkpt lat="36.8750577" lon="138.2510912">
        <ele>871.8206947478319</ele>
      </trkpt>
      <trkpt lat="36.8750782" lon="138.25111">
        <ele>872.0798580812724</ele>
      </trkpt>
      <trkpt lat="36.8750988" lon="138.2511288">
        <ele>872.3440252091457</ele>
      </trkpt>
      <trkpt lat="36.8751223" lon="138.2511459">
        <ele>872.5241786012549</ele>
      </trkpt>
      <trkpt lat="36.8751458" lon="138.251163">
        <ele>872.6497801784903</ele>
      </trkpt>
      <trkpt lat="36.8751701" lon="138.2511784">
        <ele>872.7071686999645</ele>
      </trkpt>
      <trkpt lat="36.8751944" lon="138.2511939">
        <ele>872.7808723206906</ele>
      </trkpt>
      <trkpt lat="36.8752186" lon="138.2512069">
        <ele>872.7567425003757</ele>
      </trkpt>
      <trkpt lat="36.8752428" lon="138.2512199">
        <ele>872.7610964288357</ele>
      </trkpt>
      <trkpt lat="36.8752669" lon="138.2512321">
        <ele>872.7437893383164</ele>
      </trkpt>
      <trkpt lat="36.875291" lon="138.2512444">
        <ele>872.6882278434624</ele>
      </trkpt>
      <trkpt lat="36.875314" lon="138.2512589">
        <ele>872.6964691992845</ele>
      </trkpt>
      <trkpt lat="36.875337" lon="138.2512734">
        <ele>872.6860054981015</ele>
      </trkpt>
      <trkpt lat="36.8753579" lon="138.2512912">
        <ele>872.7184655539081</ele>
      </trkpt>
      <trkpt lat="36.8753788" lon="138.2513091">
        <ele>872.776303898454</ele>
      </trkpt>
      <trkpt lat="36.8753981" lon="138.2513287">
        <ele>872.8392152042788</ele>
      </trkpt>
      <trkpt lat="36.8754175" lon="138.2513483">
        <ele>872.836805009033</ele>
      </trkpt>
      <trkpt lat="36.8754353" lon="138.2513701">
        <ele>872.8658965855991</ele>
      </trkpt>
      <trkpt lat="36.8754532" lon="138.251392">
        <ele>872.9257449597509</ele>
      </trkpt>
      <trkpt lat="36.8754687" lon="138.2514185">
        <ele>872.9796970848209</ele>
      </trkpt>
      <trkpt lat="36.8754842" lon="138.251445">
        <ele>872.9719404335252</ele>
      </trkpt>
      <trkpt lat="36.875497" lon="138.2514762">
        <ele>872.989433300609</ele>
      </trkpt>
      <trkpt lat="36.8755099" lon="138.2515075">
        <ele>873.0118269400427</ele>
      </trkpt>
      <trkpt lat="36.8755196" lon="138.251541">
        <ele>873.0773456799902</ele>
      </trkpt>
      <trkpt lat="36.8755294" lon="138.2515745">
        <ele>873.1028734510631</ele>
      </trkpt>
      <trkpt lat="36.8755344" lon="138.2516072">
        <ele>873.1595060125701</ele>
      </trkpt>
      <trkpt lat="36.8755395" lon="138.25164">
        <ele>873.2455809664159</ele>
      </trkpt>
      <trkpt lat="36.8755369" lon="138.2516694">
        <ele>873.4673196538492</ele>
      </trkpt>
      <trkpt lat="36.8755344" lon="138.2516989">
        <ele>873.6906747334774</ele>
      </trkpt>
      <trkpt lat="36.8755233" lon="138.2517249">
        <ele>874.0754776227598</ele>
      </trkpt>
      <trkpt lat="36.8755122" lon="138.251751">
        <ele>874.4706387790214</ele>
      </trkpt>
      <trkpt lat="36.8754961" lon="138.2517765">
        <ele>875.0249735891875</ele>
      </trkpt>
      <trkpt lat="36.8754801" lon="138.2518021">
        <ele>875.6953133717533</ele>
      </trkpt>
      <trkpt lat="36.8754682" lon="138.2518316">
        <ele>876.286162217756</ele>
      </trkpt>
      <trkpt lat="36.8754563" lon="138.2518611">
        <ele>876.8889249467127</ele>
      </trkpt>
      <trkpt lat="36.8754558" lon="138.2518943">
        <ele>876.9529611484618</ele>
      </trkpt>
      <trkpt lat="36.8754553" lon="138.2519275">
        <ele>876.9689822251914</ele>
      </trkpt>
      <trkpt lat="36.8754669" lon="138.251958">
        <ele>876.6354739106582</ele>
      </trkpt>
      <trkpt lat="36.8754786" lon="138.2519885">
        <ele>876.8496158509871</ele>
      </trkpt>
      <trkpt lat="36.8754971" lon="138.2520101">
        <ele>876.740466625855</ele>
      </trkpt>
      <trkpt lat="36.8755156" lon="138.2520317">
        <ele>876.7983186598569</ele>
      </trkpt>
      <trkpt lat="36.8755364" lon="138.2520402">
        <ele>876.6056189098233</ele>
      </trkpt>
      <trkpt lat="36.8755573" lon="138.2520487">
        <ele>876.3960647080049</ele>
      </trkpt>
      <trkpt lat="36.875579" lon="138.2520421">
        <ele>875.96633845943</ele>
      </trkpt>
      <trkpt lat="36.8756008" lon="138.2520356">
        <ele>875.6022728459545</ele>
      </trkpt>
      <trkpt lat="36.8756239" lon="138.2520171">
        <ele>874.8990866045507</ele>
      </trkpt>
      <trkpt lat="36.875647" lon="138.2519987">
        <ele>874.2382473674622</ele>
      </trkpt>
      <trkpt lat="36.8756718" lon="138.2519806">
        <ele>873.6566514331363</ele>
      </trkpt>
      <trkpt lat="36.8756967" lon="138.2519625">
        <ele>873.0288181865003</ele>
      </trkpt>
      <trkpt lat="36.8757226" lon="138.2519588">
        <ele>872.9314287601723</ele>
      </trkpt>
      <trkpt lat="36.8757485" lon="138.2519551">
        <ele>872.936929611389</ele>
      </trkpt>
      <trkpt lat="36.8757688" lon="138.2519706">
        <ele>873.460196185413</ele>
      </trkpt>
      <trkpt lat="36.8757892" lon="138.2519862">
        <ele>874.061635547225</ele>
      </trkpt>
      <trkpt lat="36.8757971" lon="138.2520145">
        <ele>874.933503579745</ele>
      </trkpt>
      <trkpt lat="36.875805" lon="138.2520429">
        <ele>875.7950658255127</ele>
      </trkpt>
      <trkpt lat="36.8757993" lon="138.2520738">
        <ele>876.5050779902298</ele>
      </trkpt>
      <trkpt lat="36.8757936" lon="138.2521048">
        <ele>877.2295479350635</ele>
      </trkpt>
      <trkpt lat="36.8757793" lon="138.2521332">
        <ele>877.8407677108189</ele>
      </trkpt>
      <trkpt lat="36.8757651" lon="138.2521616">
        <ele>878.4969238731319</ele>
      </trkpt>
      <trkpt lat="36.8757489" lon="138.2521887">
        <ele>879.1207629095071</ele>
      </trkpt>
      <trkpt lat="36.8757327" lon="138.2522159">
        <ele>879.7594752768059</ele>
      </trkpt>
      <trkpt lat="36.8757175" lon="138.2522439">
        <ele>880.4759971434722</ele>
      </trkpt>
      <trkpt lat="36.8757024" lon="138.2522719">
        <ele>881.199835659099</ele>
      </trkpt>
      <trkpt lat="36.875689" lon="138.2523024">
        <ele>882.0326182359754</ele>
      </trkpt>
      <trkpt lat="36.8756756" lon="138.252333">
        <ele>882.9384555612439</ele>
      </trkpt>
      <trkpt lat="36.8756621" lon="138.2523633">
        <ele>883.8207636838483</ele>
      </trkpt>
      <trkpt lat="36.8756486" lon="138.2523937">
        <ele>884.6902714028033</ele>
      </trkpt>
      <trkpt lat="36.8756315" lon="138.2524152">
        <ele>885.2871231584124</ele>
      </trkpt>
      <trkpt lat="36.8756144" lon="138.2524367">
        <ele>885.9134998156235</ele>
      </trkpt>
      <trkpt lat="36.8755938" lon="138.2524404">
        <ele>885.9955777742213</ele>
      </trkpt>
      <trkpt lat="36.8755732" lon="138.2524441">
        <ele>886.0776557397107</ele>
      </trkpt>
      <trkpt lat="36.8755545" lon="138.2524259">
        <ele>885.5656076217188</ele>
      </trkpt>
      <trkpt lat="36.8755358" lon="138.2524077">
        <ele>885.0893170124725</ele>
      </trkpt>
      <trkpt lat="36.8755218" lon="138.2523777">
        <ele>884.283853905148</ele>
      </trkpt>
      <trkpt lat="36.8755079" lon="138.2523478">
        <ele>883.5386653286819</ele>
      </trkpt>
      <trkpt lat="36.8754972" lon="138.2523154">
        <ele>882.757040110412</ele>
      </trkpt>
      <trkpt lat="36.8754866" lon="138.2522831">
        <ele>882.0895202178651</ele>
      </trkpt>
      <trkpt lat="36.8754762" lon="138.2522521">
        <ele>881.5499260679751</ele>
      </trkpt>
      <trkpt lat="36.8754658" lon="138.2522212">
        <ele>881.0453069885091</ele>
      </trkpt>
      <trkpt lat="36.8754523" lon="138.2521928">
        <ele>880.7658648320881</ele>
      </trkpt>
      <trkpt lat="36.8754389" lon="138.2521644">
        <ele>880.5727951516701</ele>
      </trkpt>
      <trkpt lat="36.8754196" lon="138.2521443">
        <ele>880.7581064700865</ele>
      </trkpt>
      <trkpt lat="36.8754004" lon="138.2521243">
        <ele>881.0289288159378</ele>
      </trkpt>
      <trkpt lat="36.8753783" lon="138.2521172">
        <ele>881.5951125356571</ele>
      </trkpt>
      <trkpt lat="36.8753562" lon="138.2521101">
        <ele>882.2052679721008</ele>
      </trkpt>
      <trkpt lat="36.8753364" lon="138.2521169">
        <ele>882.9433822449157</ele>
      </trkpt>
      <trkpt lat="36.8753167" lon="138.2521237">
        <ele>883.6690039886666</ele>
      </trkpt>
      <trkpt lat="36.8753026" lon="138.2521421">
        <ele>884.334717958074</ele>
      </trkpt>
      <trkpt lat="36.8752885" lon="138.2521606">
        <ele>885.0198756802622</ele>
      </trkpt>
      <trkpt lat="36.8752814" lon="138.2521858">
        <ele>885.532575820703</ele>
      </trkpt>
      <trkpt lat="36.8752744" lon="138.2522111">
        <ele>886.0317408043014</ele>
      </trkpt>
      <trkpt lat="36.8752739" lon="138.2522399">
        <ele>886.3975227424648</ele>
      </trkpt>
      <trkpt lat="36.8752734" lon="138.2522688">
        <ele>886.7635349913273</ele>
      </trkpt>
      <trkpt lat="36.8752776" lon="138.2523009">
        <ele>887.031506220616</ele>
      </trkpt>
      <trkpt lat="36.8752818" lon="138.252333">
        <ele>887.3996280604066</ele>
      </trkpt>
      <trkpt lat="36.8752882" lon="138.2523673">
        <ele>887.7537769594057</ele>
      </trkpt>
      <trkpt lat="36.8752947" lon="138.2524017">
        <ele>888.1744913551711</ele>
      </trkpt>
      <trkpt lat="36.8753007" lon="138.2524376">
        <ele>888.7259620189035</ele>
      </trkpt>
      <trkpt lat="36.8753067" lon="138.2524735">
        <ele>889.3209234003372</ele>
      </trkpt>
      <trkpt lat="36.8753069" lon="138.2525074">
        <ele>890.0881627526721</ele>
      </trkpt>
      <trkpt lat="36.8753072" lon="138.2525414">
        <ele>890.8569921629319</ele>
      </trkpt>
      <trkpt lat="36.875297" lon="138.2525666">
        <ele>891.5574009550523</ele>
      </trkpt>
      <trkpt lat="36.8752868" lon="138.2525919">
        <ele>892.2581814024751</ele>
      </trkpt>
      <trkpt lat="36.8752679" lon="138.2526026">
        <ele>892.7464655374107</ele>
      </trkpt>
      <trkpt lat="36.875249" lon="138.2526133">
        <ele>893.214159808274</ele>
      </trkpt>
      <trkpt lat="36.8752252" lon="138.2526092">
        <ele>893.4537712237019</ele>
      </trkpt>
      <trkpt lat="36.8752015" lon="138.2526052">
        <ele>893.8148709983859</ele>
      </trkpt>
      <trkpt lat="36.8751774" lon="138.2525921">
        <ele>894.0569909536064</ele>
      </trkpt>
      <trkpt lat="36.8751534" lon="138.252579">
        <ele>894.3529078665127</ele>
      </trkpt>
      <trkpt lat="36.875131" lon="138.2525655">
        <ele>894.7052810067046</ele>
      </trkpt>
      <trkpt lat="36.8751086" lon="138.2525521">
        <ele>895.1019126148439</ele>
      </trkpt>
      <trkpt lat="36.8750893" lon="138.252549">
        <ele>895.5568794858822</ele>
      </trkpt>
      <trkpt lat="36.8750701" lon="138.2525459">
        <ele>896.0956281509559</ele>
      </trkpt>
      <trkpt lat="36.8750574" lon="138.2525594">
        <ele>896.5650408118654</ele>
      </trkpt>
      <trkpt lat="36.8750448" lon="138.252573">
        <ele>897.0131844930778</ele>
      </trkpt>
      <trkpt lat="36.8750417" lon="138.2526004">
        <ele>897.2665443955368</ele>
      </trkpt>
      <trkpt lat="36.8750387" lon="138.2526279">
        <ele>897.5065513842061</ele>
      </trkpt>
      <trkpt lat="36.875039" lon="138.2526607">
        <ele>897.7598974460377</ele>
      </trkpt>
      <trkpt lat="36.8750393" lon="138.2526935">
        <ele>898.0520752401537</ele>
      </trkpt>
      <trkpt lat="36.8750355" lon="138.2527274">
        <ele>898.4346433482505</ele>
      </trkpt>
      <trkpt lat="36.8750318" lon="138.2527613">
        <ele>898.8397847867593</ele>
      </trkpt>
      <trkpt lat="36.8750224" lon="138.2527928">
        <ele>899.2972851412408</ele>
      </trkpt>
      <trkpt lat="36.8750131" lon="138.2528243">
        <ele>899.8289538189699</ele>
      </trkpt>
      <trkpt lat="36.875" lon="138.2528509">
        <ele>900.4268406522303</ele>
      </trkpt>
      <trkpt lat="36.8749869" lon="138.2528776">
        <ele>900.9902434249382</ele>
      </trkpt>
      <trkpt lat="36.8749739" lon="138.2529028">
        <ele>901.5129487008439</ele>
      </trkpt>
      <trkpt lat="36.874961" lon="138.252928">
        <ele>902.0456115149641</ele>
      </trkpt>
      <trkpt lat="36.8749478" lon="138.2529544">
        <ele>902.6018294681446</ele>
      </trkpt>
      <trkpt lat="36.8749347" lon="138.2529808">
        <ele>903.1786768289941</ele>
      </trkpt>
      <trkpt lat="36.8749192" lon="138.2530076">
        <ele>903.7910535152988</ele>
      </trkpt>
      <trkpt lat="36.8749038" lon="138.2530345">
        <ele>904.375299969081</ele>
      </trkpt>
      <trkpt lat="36.8748857" lon="138.2530608">
        <ele>904.9822273900639</ele>
      </trkpt>
      <trkpt lat="36.8748677" lon="138.2530871">
        <ele>905.6226228420189</ele>
      </trkpt>
      <trkpt lat="36.8748479" lon="138.2531121">
        <ele>906.2745838763586</ele>
      </trkpt>
      <trkpt lat="36.8748281" lon="138.2531371">
        <ele>906.8929464242265</ele>
      </trkpt>
      <trkpt lat="36.874808" lon="138.2531627">
        <ele>907.5158796222906</ele>
      </trkpt>
      <trkpt lat="36.8747879" lon="138.2531883">
        <ele>908.1639341762855</ele>
      </trkpt>
      <trkpt lat="36.8747694" lon="138.253214">
        <ele>908.7412046701019</ele>
      </trkpt>
      <trkpt lat="36.874751" lon="138.2532398">
        <ele>909.2844994043078</ele>
      </trkpt>
      <trkpt lat="36.8747367" lon="138.2532668">
        <ele>909.7853826534878</ele>
      </trkpt>
      <trkpt lat="36.8747224" lon="138.2532939">
        <ele>910.2838178399352</ele>
      </trkpt>
      <trkpt lat="36.8747167" lon="138.2533221">
        <ele>910.5592796947824</ele>
      </trkpt>
      <trkpt lat="36.8747111" lon="138.2533503">
        <ele>910.9050625705501</ele>
      </trkpt>
      <trkpt lat="36.8747172" lon="138.253374">
        <ele>910.9656842326976</ele>
      </trkpt>
      <trkpt lat="36.8747233" lon="138.2533977">
        <ele>911.0361186260683</ele>
      </trkpt>
      <trkpt lat="36.8747394" lon="138.2534084">
        <ele>910.7972626561979</ele>
      </trkpt>
      <trkpt lat="36.8747555" lon="138.2534192">
        <ele>910.650237403365</ele>
      </trkpt>
      <trkpt lat="36.8747764" lon="138.2534135">
        <ele>910.272303575944</ele>
      </trkpt>
      <trkpt lat="36.8747973" lon="138.2534078">
        <ele>909.9019896238376</ele>
      </trkpt>
      <trkpt lat="36.8748185" lon="138.2533904">
        <ele>909.406527715722</ele>
      </trkpt>
      <trkpt lat="36.8748398" lon="138.253373">
        <ele>908.9716117369906</ele>
      </trkpt>
      <trkpt lat="36.8748612" lon="138.2533515">
        <ele>908.4402937120577</ele>
      </trkpt>
      <trkpt lat="36.8748826" lon="138.2533301">
        <ele>907.8636428594201</ele>
      </trkpt>
      <trkpt lat="36.8749042" lon="138.2533085">
        <ele>907.4434346290486</ele>
      </trkpt>
      <trkpt lat="36.8749258" lon="138.253287">
        <ele>906.9786804564328</ele>
      </trkpt>
      <trkpt lat="36.8749489" lon="138.2532665">
        <ele>906.4520524223364</ele>
      </trkpt>
      <trkpt lat="36.8749721" lon="138.253246">
        <ele>905.9999154138847</ele>
      </trkpt>
      <trkpt lat="36.874995" lon="138.2532271">
        <ele>905.5933884867399</ele>
      </trkpt>
      <trkpt lat="36.8750179" lon="138.2532082">
        <ele>905.1498357275813</ele>
      </trkpt>
      <trkpt lat="36.8750402" lon="138.2531922">
        <ele>904.8257525731816</ele>
      </trkpt>
      <trkpt lat="36.8750625" lon="138.2531762">
        <ele>904.5136533863382</ele>
      </trkpt>
      <trkpt lat="36.8750854" lon="138.2531618">
        <ele>904.2286423441957</ele>
      </trkpt>
      <trkpt lat="36.8751083" lon="138.2531475">
        <ele>903.973216000386</ele>
      </trkpt>
      <trkpt lat="36.8751329" lon="138.253135">
        <ele>903.75476266644</ele>
      </trkpt>
      <trkpt lat="36.8751575" lon="138.2531226">
        <ele>903.5380569607023</ele>
      </trkpt>
      <trkpt lat="36.8751838" lon="138.2531135">
        <ele>903.3215923440694</ele>
      </trkpt>
      <trkpt lat="36.8752101" lon="138.2531044">
        <ele>903.1124287407187</ele>
      </trkpt>
      <trkpt lat="36.8752368" lon="138.2531026">
        <ele>903.0134307394521</ele>
      </trkpt>
      <trkpt lat="36.8752635" lon="138.2531009">
        <ele>902.8937363966362</ele>
      </trkpt>
      <trkpt lat="36.8752866" lon="138.2531099">
        <ele>902.9515371184807</ele>
      </trkpt>
      <trkpt lat="36.8753098" lon="138.2531189">
        <ele>902.8953403651212</ele>
      </trkpt>
      <trkpt lat="36.8753261" lon="138.2531389">
        <ele>903.0077590634248</ele>
      </trkpt>
      <trkpt lat="36.8753424" lon="138.253159">
        <ele>903.1071457307894</ele>
      </trkpt>
      <trkpt lat="36.8753515" lon="138.2531872">
        <ele>903.3730102984591</ele>
      </trkpt>
      <trkpt lat="36.8753606" lon="138.2532154">
        <ele>903.6214565291997</ele>
      </trkpt>
      <trkpt lat="36.8753627" lon="138.2532492">
        <ele>904.0268067772979</ele>
      </trkpt>
      <trkpt lat="36.8753648" lon="138.2532831">
        <ele>904.4292759627665</ele>
      </trkpt>
      <trkpt lat="36.8753602" lon="138.2533183">
        <ele>904.948798956629</ele>
      </trkpt>
      <trkpt lat="36.8753557" lon="138.2533535">
        <ele>905.4376398826313</ele>
      </trkpt>
      <trkpt lat="36.8753476" lon="138.2533866">
        <ele>905.9540925065802</ele>
      </trkpt>
      <trkpt lat="36.8753396" lon="138.2534198">
        <ele>906.4761305597611</ele>
      </trkpt>
      <trkpt lat="36.8753296" lon="138.2534511">
        <ele>907.0010125047762</ele>
      </trkpt>
      <trkpt lat="36.8753196" lon="138.2534825">
        <ele>907.5270595135867</ele>
      </trkpt>
      <trkpt lat="36.8753085" lon="138.2535135">
        <ele>908.0660693138841</ele>
      </trkpt>
      <trkpt lat="36.8752975" lon="138.2535445">
        <ele>908.6034769841241</ele>
      </trkpt>
      <trkpt lat="36.8752839" lon="138.253574">
        <ele>909.1013207246833</ele>
      </trkpt>
      <trkpt lat="36.8752703" lon="138.2536036">
        <ele>909.5600035544024</ele>
      </trkpt>
      <trkpt lat="36.8752532" lon="138.2536296">
        <ele>910.006971316855</ele>
      </trkpt>
      <trkpt lat="36.8752362" lon="138.2536557">
        <ele>910.4539680958267</ele>
      </trkpt>
      <trkpt lat="36.8752163" lon="138.2536755">
        <ele>910.8371781390283</ele>
      </trkpt>
      <trkpt lat="36.8751964" lon="138.2536953">
        <ele>911.1846206669013</ele>
      </trkpt>
      <trkpt lat="36.8751745" lon="138.2537082">
        <ele>911.5020894691465</ele>
      </trkpt>
      <trkpt lat="36.8751527" lon="138.2537211">
        <ele>911.8162028754136</ele>
      </trkpt>
      <trkpt lat="36.8751311" lon="138.2537316">
        <ele>912.0713671674259</ele>
      </trkpt>
      <trkpt lat="36.8751096" lon="138.2537421">
        <ele>912.3258031876763</ele>
      </trkpt>
      <trkpt lat="36.8750898" lon="138.2537526">
        <ele>912.5678593000168</ele>
      </trkpt>
      <trkpt lat="36.8750701" lon="138.2537632">
        <ele>912.794810200673</ele>
      </trkpt>
      <trkpt lat="36.8750508" lon="138.2537757">
        <ele>913.033380692166</ele>
      </trkpt>
      <trkpt lat="36.8750315" lon="138.2537882">
        <ele>913.2801386488065</ele>
      </trkpt>
      <trkpt lat="36.8750122" lon="138.2538022">
        <ele>913.5419903047812</ele>
      </trkpt>
      <trkpt lat="36.8749929" lon="138.2538163">
        <ele>913.8131855422675</ele>
      </trkpt>
      <trkpt lat="36.8749726" lon="138.2538316">
        <ele>914.1229556874284</ele>
      </trkpt>
      <trkpt lat="36.8749523" lon="138.2538469">
        <ele>914.441072464177</ele>
      </trkpt>
      <trkpt lat="36.8749305" lon="138.2538635">
        <ele>914.7438517778587</ele>
      </trkpt>
      <trkpt lat="36.8749088" lon="138.2538801">
        <ele>915.0575285960144</ele>
      </trkpt>
      <trkpt lat="36.8748869" lon="138.2538955">
        <ele>915.3739649400586</ele>
      </trkpt>
      <trkpt lat="36.874865" lon="138.253911">
        <ele>915.6598035803463</ele>
      </trkpt>
      <trkpt lat="36.8748429" lon="138.2539243">
        <ele>915.9095087453443</ele>
      </trkpt>
      <trkpt lat="36.8748208" lon="138.2539377">
        <ele>916.1478430557491</ele>
      </trkpt>
      <trkpt lat="36.8747987" lon="138.2539486">
        <ele>916.3781877635322</ele>
      </trkpt>
      <trkpt lat="36.8747767" lon="138.2539595">
        <ele>916.5973377894063</ele>
      </trkpt>
      <trkpt lat="36.874754" lon="138.2539674">
        <ele>916.7859809883887</ele>
      </trkpt>
      <trkpt lat="36.8747313" lon="138.2539753">
        <ele>916.919961928105</ele>
      </trkpt>
      <trkpt lat="36.8747073" lon="138.2539801">
        <ele>917.007349782556</ele>
      </trkpt>
      <trkpt lat="36.8746834" lon="138.253985">
        <ele>917.087047633823</ele>
      </trkpt>
      <trkpt lat="36.8746586" lon="138.2539856">
        <ele>917.1387343989595</ele>
      </trkpt>
      <trkpt lat="36.8746338" lon="138.2539862">
        <ele>917.1852891830624</ele>
      </trkpt>
      <trkpt lat="36.874608" lon="138.2539836">
        <ele>917.2343497080839</ele>
      </trkpt>
      <trkpt lat="36.8745823" lon="138.2539811">
        <ele>917.2417189851074</ele>
      </trkpt>
      <trkpt lat="36.8745565" lon="138.2539773">
        <ele>917.2606198035426</ele>
      </trkpt>
      <trkpt lat="36.8745307" lon="138.2539736">
        <ele>917.2889894514869</ele>
      </trkpt>
      <trkpt lat="36.874505" lon="138.253969">
        <ele>917.3327976205189</ele>
      </trkpt>
      <trkpt lat="36.8744793" lon="138.2539644">
        <ele>917.3886420890155</ele>
      </trkpt>
      <trkpt lat="36.8744554" lon="138.2539573">
        <ele>917.515917931355</ele>
      </trkpt>
      <trkpt lat="36.8744316" lon="138.2539502">
        <ele>917.6704454014991</ele>
      </trkpt>
      <trkpt lat="36.8744115" lon="138.253939">
        <ele>917.8531319935453</ele>
      </trkpt>
      <trkpt lat="36.8743915" lon="138.2539278">
        <ele>918.0590604511183</ele>
      </trkpt>
      <trkpt lat="36.8743751" lon="138.2539123">
        <ele>918.2818918951792</ele>
      </trkpt>
      <trkpt lat="36.8743587" lon="138.2538968">
        <ele>918.5038460716612</ele>
      </trkpt>
      <trkpt lat="36.8743445" lon="138.2538804">
        <ele>918.7203235847884</ele>
      </trkpt>
      <trkpt lat="36.8743304" lon="138.253864">
        <ele>918.9297334219996</ele>
      </trkpt>
      <trkpt lat="36.8743162" lon="138.2538509">
        <ele>919.0971104500317</ele>
      </trkpt>
      <trkpt lat="36.8743021" lon="138.2538378">
        <ele>919.270357481445</ele>
      </trkpt>
      <trkpt lat="36.8742888" lon="138.2538282">
        <ele>919.4149263892785</ele>
      </trkpt>
      <trkpt lat="36.8742756" lon="138.2538186">
        <ele>919.5633528046952</ele>
      </trkpt>
      <trkpt lat="36.8742634" lon="138.2538121">
        <ele>919.6740239345089</ele>
      </trkpt>
      <trkpt lat="36.8742513" lon="138.2538056">
        <ele>919.7421644724966</ele>
      </trkpt>
      <trkpt lat="36.8742398" lon="138.2538029">
        <ele>919.7754830044539</ele>
      </trkpt>
      <trkpt lat="36.8742284" lon="138.2538002">
        <ele>919.8097853827733</ele>
      </trkpt>
      <trkpt lat="36.8742181" lon="138.2538003">
        <ele>919.8159741608051</ele>
      </trkpt>
      <trkpt lat="36.8742079" lon="138.2538004">
        <ele>919.8220584102423</ele>
      </trkpt>
      <trkpt lat="36.8741997" lon="138.2538015">
        <ele>919.8162867812505</ele>
      </trkpt>
      <trkpt lat="36.8741915" lon="138.2538027">
        <ele>919.7727180581495</ele>
      </trkpt>
      <trkpt lat="36.8741888" lon="138.2537775">
        <ele>920.0161197972819</ele>
      </trkpt>
      <trkpt lat="36.8741914" lon="138.253766">
        <ele>920.1536567865336</ele>
      </trkpt>
      <trkpt lat="36.8741941" lon="138.2537546">
        <ele>920.2908882569217</ele>
      </trkpt>
      <trkpt lat="36.8741893" lon="138.2537462">
        <ele>920.3364673672587</ele>
      </trkpt>
      <trkpt lat="36.8741846" lon="138.2537379">
        <ele>920.3844783049758</ele>
      </trkpt>
      <trkpt lat="36.8741726" lon="138.253727">
        <ele>920.414762601761</ele>
      </trkpt>
      <trkpt lat="36.8741606" lon="138.2537161">
        <ele>920.453924945736</ele>
      </trkpt>
      <trkpt lat="36.8741437" lon="138.2537005">
        <ele>920.5269043287244</ele>
      </trkpt>
      <trkpt lat="36.8741269" lon="138.2536849">
        <ele>920.6139791571012</ele>
      </trkpt>
      <trkpt lat="36.8741112" lon="138.2536642">
        <ele>920.7229443225712</ele>
      </trkpt>
      <trkpt lat="36.8740955" lon="138.2536435">
        <ele>920.8655339642637</ele>
      </trkpt>
      <trkpt lat="36.8740866" lon="138.2536231">
        <ele>921.0802591206053</ele>
      </trkpt>
      <trkpt lat="36.8740778" lon="138.2536028">
        <ele>921.3125815609883</ele>
      </trkpt>
      <trkpt lat="36.8740748" lon="138.2535805">
        <ele>921.6207009315224</ele>
      </trkpt>
      <trkpt lat="36.8740718" lon="138.2535583">
        <ele>921.9560748261017</ele>
      </trkpt>
      <trkpt lat="36.8740683" lon="138.253531">
        <ele>922.3781073589279</ele>
      </trkpt>
      <trkpt lat="36.8740649" lon="138.2535038">
        <ele>922.8082941512432</ele>
      </trkpt>
      <trkpt lat="36.8740591" lon="138.253476">
        <ele>923.2337960441192</ele>
      </trkpt>
      <trkpt lat="36.8740533" lon="138.2534482">
        <ele>923.6444995660352</ele>
      </trkpt>
      <trkpt lat="36.8740449" lon="138.2534215">
        <ele>924.0530741012274</ele>
      </trkpt>
      <trkpt lat="36.8740365" lon="138.2533949">
        <ele>924.3885064780877</ele>
      </trkpt>
      <trkpt lat="36.8740247" lon="138.2533704">
        <ele>924.6882637114802</ele>
      </trkpt>
      <trkpt lat="36.8740129" lon="138.2533459">
        <ele>925.0272661235895</ele>
      </trkpt>
      <trkpt lat="36.8739975" lon="138.2533248">
        <ele>925.370844544303</ele>
      </trkpt>
      <trkpt lat="36.8739821" lon="138.2533038">
        <ele>925.5927282932103</ele>
      </trkpt>
      <trkpt lat="36.8739632" lon="138.2532859">
        <ele>925.8196575021586</ele>
      </trkpt>
      <trkpt lat="36.8739444" lon="138.253268">
        <ele>926.08044206341</ele>
      </trkpt>
      <trkpt lat="36.8739215" lon="138.2532516">
        <ele>926.3863412823086</ele>
      </trkpt>
      <trkpt lat="36.8738986" lon="138.2532352">
        <ele>926.6063367702268</ele>
      </trkpt>
      <trkpt lat="36.8738731" lon="138.2532196">
        <ele>926.7482819026868</ele>
      </trkpt>
      <trkpt lat="36.8738477" lon="138.2532041">
        <ele>926.9047930994351</ele>
      </trkpt>
      <trkpt lat="36.8738206" lon="138.2531893">
        <ele>927.0432078675533</ele>
      </trkpt>
      <trkpt lat="36.8737935" lon="138.2531745">
        <ele>927.1952341661475</ele>
      </trkpt>
      <trkpt lat="36.8737672" lon="138.2531627">
        <ele>927.2905732538712</ele>
      </trkpt>
      <trkpt lat="36.873741" lon="138.253151">
        <ele>927.3548069403055</ele>
      </trkpt>
      <trkpt lat="36.8737165" lon="138.2531439">
        <ele>927.3739452418885</ele>
      </trkpt>
      <trkpt lat="36.873692" lon="138.2531368">
        <ele>927.2753149887858</ele>
      </trkpt>
      <trkpt lat="36.8736705" lon="138.2531334">
        <ele>927.2009749054555</ele>
      </trkpt>
      <trkpt lat="36.8736491" lon="138.25313">
        <ele>927.1343881869807</ele>
      </trkpt>
      <trkpt lat="36.8736297" lon="138.2531265">
        <ele>927.0046375733339</ele>
      </trkpt>
      <trkpt lat="36.8736103" lon="138.2531231">
        <ele>926.8673254876402</ele>
      </trkpt>
      <trkpt lat="36.8735903" lon="138.2531193">
        <ele>926.7261101935995</ele>
      </trkpt>
      <trkpt lat="36.8735704" lon="138.2531155">
        <ele>926.5605529082175</ele>
      </trkpt>
      <trkpt lat="36.8735508" lon="138.2531118">
        <ele>926.3661048174963</ele>
      </trkpt>
      <trkpt lat="36.8735313" lon="138.2531082">
        <ele>926.1773086150881</ele>
      </trkpt>
      <trkpt lat="36.8735146" lon="138.2531044">
        <ele>926.0218030368549</ele>
      </trkpt>
      <trkpt lat="36.8734979" lon="138.2531006">
        <ele>925.8307656697702</ele>
      </trkpt>
      <trkpt lat="36.8734832" lon="138.2530999">
        <ele>925.6405274446363</ele>
      </trkpt>
      <trkpt lat="36.8734685" lon="138.2530992">
        <ele>925.4502892564525</ele>
      </trkpt>
      <trkpt lat="36.8734545" lon="138.2530996">
        <ele>925.2653817939814</ele>
      </trkpt>
      <trkpt lat="36.8734405" lon="138.2531001">
        <ele>925.079684649819</ele>
      </trkpt>
      <trkpt lat="36.8734236" lon="138.2530999">
        <ele>924.8499816364656</ele>
      </trkpt>
      <trkpt lat="36.8734068" lon="138.2530997">
        <ele>924.6217563840862</ele>
      </trkpt>
      <trkpt lat="36.8733873" lon="138.2530997">
        <ele>924.3559708892826</ele>
      </trkpt>
      <trkpt lat="36.8733678" lon="138.2530998">
        <ele>924.0851692343609</ele>
      </trkpt>
      <trkpt lat="36.8733462" lon="138.2531018">
        <ele>923.7612615128526</ele>
      </trkpt>
      <trkpt lat="36.8733246" lon="138.2531038">
        <ele>923.4373538802855</ele>
      </trkpt>
      <trkpt lat="36.8733031" lon="138.2531091">
        <ele>923.1008478821036</ele>
      </trkpt>
      <trkpt lat="36.8732816" lon="138.2531144">
        <ele>922.7943307682417</ele>
      </trkpt>
      <trkpt lat="36.8732611" lon="138.2531187">
        <ele>922.5055818484872</ele>
      </trkpt>
      <trkpt lat="36.8732407" lon="138.253123">
        <ele>922.218143778551</ele>
      </trkpt>
      <trkpt lat="36.873222" lon="138.2531234">
        <ele>921.988739432682</ele>
      </trkpt>
      <trkpt lat="36.8732034" lon="138.2531239">
        <ele>921.7679087864526</ele>
      </trkpt>
      <trkpt lat="36.8731845" lon="138.2531252">
        <ele>921.5428454662069</ele>
      </trkpt>
      <trkpt lat="36.8731656" lon="138.2531266">
        <ele>921.3206916130496</ele>
      </trkpt>
      <trkpt lat="36.8731439" lon="138.2531327">
        <ele>921.0763378474871</ele>
      </trkpt>
      <trkpt lat="36.8731222" lon="138.2531389">
        <ele>920.8410030912928</ele>
      </trkpt>
      <trkpt lat="36.8730973" lon="138.2531498">
        <ele>920.5897021919056</ele>
      </trkpt>
      <trkpt lat="36.8730725" lon="138.2531608">
        <ele>920.438027702918</ele>
      </trkpt>
      <trkpt lat="36.8730474" lon="138.2531747">
        <ele>920.2867650076577</ele>
      </trkpt>
      <trkpt lat="36.8730223" lon="138.2531886">
        <ele>920.1934780600009</ele>
      </trkpt>
      <trkpt lat="36.872999" lon="138.2532047">
        <ele>920.2217316092867</ele>
      </trkpt>
      <trkpt lat="36.8729758" lon="138.2532209">
        <ele>920.3266795370301</ele>
      </trkpt>
      <trkpt lat="36.8729546" lon="138.2532384">
        <ele>920.5280203733699</ele>
      </trkpt>
      <trkpt lat="36.8729335" lon="138.2532559">
        <ele>920.7048057335992</ele>
      </trkpt>
      <trkpt lat="36.8729141" lon="138.2532759">
        <ele>920.9246125101547</ele>
      </trkpt>
      <trkpt lat="36.8728947" lon="138.2532959">
        <ele>921.2234242991085</ele>
      </trkpt>
      <trkpt lat="36.8728764" lon="138.2533171">
        <ele>921.6378535225818</ele>
      </trkpt>
      <trkpt lat="36.8728581" lon="138.2533383">
        <ele>922.0559549300796</ele>
      </trkpt>
      <trkpt lat="36.8728406" lon="138.2533583">
        <ele>922.4665998593631</ele>
      </trkpt>
      <trkpt lat="36.8728232" lon="138.2533783">
        <ele>922.9459344200133</ele>
      </trkpt>
      <trkpt lat="36.8728051" lon="138.2533927">
        <ele>923.4577419210368</ele>
      </trkpt>
      <trkpt lat="36.8727871" lon="138.2534071">
        <ele>924.0111979280732</ele>
      </trkpt>
      <trkpt lat="36.8727693" lon="138.2534199">
        <ele>924.5330440328653</ele>
      </trkpt>
      <trkpt lat="36.8727516" lon="138.2534328">
        <ele>925.0578552175739</ele>
      </trkpt>
      <trkpt lat="36.8727355" lon="138.253445">
        <ele>925.5609362314274</ele>
      </trkpt>
      <trkpt lat="36.8727194" lon="138.2534573">
        <ele>926.0912698400101</ele>
      </trkpt>
      <trkpt lat="36.8727047" lon="138.2534715">
        <ele>926.6194249285671</ele>
      </trkpt>
      <trkpt lat="36.8726901" lon="138.2534858">
        <ele>927.1735837980059</ele>
      </trkpt>
      <trkpt lat="36.872678" lon="138.2535009">
        <ele>927.6313559181131</ele>
      </trkpt>
      <trkpt lat="36.8726659" lon="138.253516">
        <ele>928.0300861407708</ele>
      </trkpt>
      <trkpt lat="36.8726548" lon="138.2535248">
        <ele>928.3979606835052</ele>
      </trkpt>
      <trkpt lat="36.8726438" lon="138.2535337">
        <ele>928.7799328433399</ele>
      </trkpt>
      <trkpt lat="36.8726309" lon="138.2535393">
        <ele>929.2151390449517</ele>
      </trkpt>
      <trkpt lat="36.872618" lon="138.2535449">
        <ele>929.6626031356857</ele>
      </trkpt>
      <trkpt lat="36.8726031" lon="138.2535515">
        <ele>930.0997213569144</ele>
      </trkpt>
      <trkpt lat="36.8725882" lon="138.2535582">
        <ele>930.5471726591938</ele>
      </trkpt>
      <trkpt lat="36.8725739" lon="138.2535662">
        <ele>931.0067863000368</ele>
      </trkpt>
      <trkpt lat="36.8725596" lon="138.2535743">
        <ele>931.4831371278925</ele>
      </trkpt>
      <trkpt lat="36.8725469" lon="138.2535839">
        <ele>931.9291991975826</ele>
      </trkpt>
      <trkpt lat="36.8725342" lon="138.2535935">
        <ele>932.1957346495977</ele>
      </trkpt>
      <trkpt lat="36.872523" lon="138.2536054">
        <ele>932.4655410087988</ele>
      </trkpt>
      <trkpt lat="36.8725119" lon="138.2536173">
        <ele>932.7471445662657</ele>
      </trkpt>
      <trkpt lat="36.8725007" lon="138.25363">
        <ele>933.0506450764333</ele>
      </trkpt>
      <trkpt lat="36.8724895" lon="138.2536427">
        <ele>933.3686270255006</ele>
      </trkpt>
      <trkpt lat="36.8724749" lon="138.2536553">
        <ele>933.70803995547</ele>
      </trkpt>
      <trkpt lat="36.8724604" lon="138.2536679">
        <ele>933.9534922298375</ele>
      </trkpt>
      <trkpt lat="36.8724446" lon="138.2536824">
        <ele>934.1475357374109</ele>
      </trkpt>
      <trkpt lat="36.8724289" lon="138.253697">
        <ele>934.3498861315281</ele>
      </trkpt>
      <trkpt lat="36.8724144" lon="138.2537114">
        <ele>934.5616285703115</ele>
      </trkpt>
      <trkpt lat="36.8723999" lon="138.2537259">
        <ele>934.639182938224</ele>
      </trkpt>
      <trkpt lat="36.8723854" lon="138.253739">
        <ele>934.6775960733472</ele>
      </trkpt>
      <trkpt lat="36.872371" lon="138.2537521">
        <ele>934.7226070071303</ele>
      </trkpt>
      <trkpt lat="36.8723549" lon="138.2537638">
        <ele>934.6742555694756</ele>
      </trkpt>
      <trkpt lat="36.8723389" lon="138.2537755">
        <ele>934.5761397840706</ele>
      </trkpt>
      <trkpt lat="36.872323" lon="138.253787">
        <ele>934.4020643916064</ele>
      </trkpt>
      <trkpt lat="36.8723071" lon="138.2537986">
        <ele>934.2400545714789</ele>
      </trkpt>
      <trkpt lat="36.8722933" lon="138.2538112">
        <ele>934.1020381893165</ele>
      </trkpt>
      <trkpt lat="36.8722795" lon="138.2538238">
        <ele>933.9758236192506</ele>
      </trkpt>
      <trkpt lat="36.8722667" lon="138.2538365">
        <ele>933.8235918077844</ele>
      </trkpt>
      <trkpt lat="36.872254" lon="138.2538493">
        <ele>933.5847708839284</ele>
      </trkpt>
      <trkpt lat="36.872243" lon="138.2538601">
        <ele>933.3594591600472</ele>
      </trkpt>
      <trkpt lat="36.872232" lon="138.2538709">
        <ele>933.1502741180295</ele>
      </trkpt>
      <trkpt lat="36.8722239" lon="138.2538803">
        <ele>932.9946148844963</ele>
      </trkpt>
      <trkpt lat="36.8722158" lon="138.2538898">
        <ele>932.8485218628675</ele>
      </trkpt>
      <trkpt lat="36.872209" lon="138.2538977">
        <ele>932.734486140642</ele>
      </trkpt>
      <trkpt lat="36.8722023" lon="138.2539056">
        <ele>932.6284720885608</ele>
      </trkpt>
      <trkpt lat="36.8721952" lon="138.2539118">
        <ele>932.5376449898016</ele>
      </trkpt>
      <trkpt lat="36.8721882" lon="138.253918">
        <ele>932.4534386583258</ele>
      </trkpt>
      <trkpt lat="36.8721797" lon="138.2539247">
        <ele>932.363454266067</ele>
      </trkpt>
      <trkpt lat="36.8721712" lon="138.2539315">
        <ele>932.2359683818113</ele>
      </trkpt>
      <trkpt lat="36.8721618" lon="138.2539392">
        <ele>932.0721598106846</ele>
      </trkpt>
      <trkpt lat="36.8721525" lon="138.2539469">
        <ele>931.9186256139496</ele>
      </trkpt>
      <trkpt lat="36.8721439" lon="138.2539549">
        <ele>931.7735995164342</ele>
      </trkpt>
      <trkpt lat="36.8721353" lon="138.253963">
        <ele>931.6375241483408</ele>
      </trkpt>
      <trkpt lat="36.8721282" lon="138.2539712">
        <ele>931.5185699352426</ele>
      </trkpt>
      <trkpt lat="36.8721212" lon="138.2539795">
        <ele>931.4084849752962</ele>
      </trkpt>
      <trkpt lat="36.8721139" lon="138.2539873">
        <ele>931.3134909722999</ele>
      </trkpt>
      <trkpt lat="36.8721066" lon="138.2539952">
        <ele>931.2271329456134</ele>
      </trkpt>
      <trkpt lat="36.8720993" lon="138.2540015">
        <ele>931.1659816293889</ele>
      </trkpt>
      <trkpt lat="36.872092" lon="138.2540078">
        <ele>931.1126340157443</ele>
      </trkpt>
      <trkpt lat="36.8720847" lon="138.2540124">
        <ele>931.0813692767033</ele>
      </trkpt>
      <trkpt lat="36.8720775" lon="138.254017">
        <ele>931.0326801340751</ele>
      </trkpt>
      <trkpt lat="36.8720666" lon="138.2540206">
        <ele>931.0110536206562</ele>
      </trkpt>
      <trkpt lat="36.8720558" lon="138.2540242">
        <ele>931.0248977662857</ele>
      </trkpt>
      <trkpt lat="36.8720381" lon="138.2540277">
        <ele>931.0881358235664</ele>
      </trkpt>
      <trkpt lat="36.8720204" lon="138.2540313">
        <ele>931.1631920135546</ele>
      </trkpt>
      <trkpt lat="36.8719963" lon="138.2540336">
        <ele>931.3085996493563</ele>
      </trkpt>
      <trkpt lat="36.8719723" lon="138.254036">
        <ele>931.5167304223025</ele>
      </trkpt>
      <trkpt lat="36.8719453" lon="138.2540402">
        <ele>931.7607106072381</ele>
      </trkpt>
      <trkpt lat="36.8719184" lon="138.2540445">
        <ele>932.0770777217614</ele>
      </trkpt>
      <trkpt lat="36.8718942" lon="138.2540567">
        <ele>932.4614328314292</ele>
      </trkpt>
      <trkpt lat="36.8718701" lon="138.2540689">
        <ele>932.8942459284904</ele>
      </trkpt>
      <trkpt lat="36.8718469" lon="138.2540844">
        <ele>933.4106307251895</ele>
      </trkpt>
      <trkpt lat="36.8718237" lon="138.2541">
        <ele>933.9892364927097</ele>
      </trkpt>
      <trkpt lat="36.8718019" lon="138.254115">
        <ele>934.5473457618656</ele>
      </trkpt>
      <trkpt lat="36.8717802" lon="138.2541301">
        <ele>935.1841118349096</ele>
      </trkpt>
      <trkpt lat="36.8717594" lon="138.2541461">
        <ele>935.8600574972099</ele>
      </trkpt>
      <trkpt lat="36.8717387" lon="138.2541621">
        <ele>936.5672331060811</ele>
      </trkpt>
      <trkpt lat="36.871719" lon="138.254176">
        <ele>937.2388769410754</ele>
      </trkpt>
      <trkpt lat="36.8716993" lon="138.25419">
        <ele>937.8907143319327</ele>
      </trkpt>
      <trkpt lat="36.8716809" lon="138.2542008">
        <ele>938.4788965028359</ele>
      </trkpt>
      <trkpt lat="36.8716626" lon="138.2542116">
        <ele>939.0779991456238</ele>
      </trkpt>
      <trkpt lat="36.8716433" lon="138.2542188">
        <ele>939.668850208965</ele>
      </trkpt>
      <trkpt lat="36.8716241" lon="138.254226">
        <ele>940.2665167875135</ele>
      </trkpt>
      <trkpt lat="36.8716069" lon="138.2542319">
        <ele>940.8019265204227</ele>
      </trkpt>
      <trkpt lat="36.8715897" lon="138.2542378">
        <ele>941.3442238627589</ele>
      </trkpt>
      <trkpt lat="36.8715803" lon="138.2542458">
        <ele>941.7125884237711</ele>
      </trkpt>
      <trkpt lat="36.8715709" lon="138.2542538">
        <ele>942.0801779781946</ele>
      </trkpt>
      <trkpt lat="36.8715724" lon="138.2542668">
        <ele>942.2377547876923</ele>
      </trkpt>
      <trkpt lat="36.871574" lon="138.2542798">
        <ele>942.3517293590401</ele>
      </trkpt>
      <trkpt lat="36.8715818" lon="138.2542972">
        <ele>942.3301499338337</ele>
      </trkpt>
      <trkpt lat="36.8715896" lon="138.2543147">
        <ele>942.3002738489616</ele>
      </trkpt>
      <trkpt lat="36.871593" lon="138.2543354">
        <ele>942.4142558095404</ele>
      </trkpt>
      <trkpt lat="36.8715965" lon="138.2543562">
        <ele>942.521421315892</ele>
      </trkpt>
      <trkpt lat="36.871592" lon="138.2543796">
        <ele>942.7925844770168</ele>
      </trkpt>
      <trkpt lat="36.8715876" lon="138.254403">
        <ele>943.0668192088445</ele>
      </trkpt>
      <trkpt lat="36.8715793" lon="138.2544268">
        <ele>943.4552806944492</ele>
      </trkpt>
      <trkpt lat="36.8715711" lon="138.2544507">
        <ele>943.7897802196487</ele>
      </trkpt>
      <trkpt lat="36.871561" lon="138.2544738">
        <ele>944.0921437672444</ele>
      </trkpt>
      <trkpt lat="36.8715509" lon="138.254497">
        <ele>944.4261930429877</ele>
      </trkpt>
      <trkpt lat="36.8715362" lon="138.2545176">
        <ele>944.9540989716602</ele>
      </trkpt>
      <trkpt lat="36.8715216" lon="138.2545383">
        <ele>945.4608572687714</ele>
      </trkpt>
      <trkpt lat="36.8715036" lon="138.254557">
        <ele>946.081698669513</ele>
      </trkpt>
      <trkpt lat="36.8714856" lon="138.2545757">
        <ele>946.7492096638783</ele>
      </trkpt>
      <trkpt lat="36.8714681" lon="138.2545919">
        <ele>947.4420926666148</ele>
      </trkpt>
      <trkpt lat="36.8714507" lon="138.2546081">
        <ele>948.1692748928837</ele>
      </trkpt>
      <trkpt lat="36.8714331" lon="138.2546209">
        <ele>948.9193002570009</ele>
      </trkpt>
      <trkpt lat="36.8714156" lon="138.2546338">
        <ele>949.6623561963567</ele>
      </trkpt>
      <trkpt lat="36.8713972" lon="138.2546465">
        <ele>950.4775973881655</ele>
      </trkpt>
      <trkpt lat="36.8713789" lon="138.2546593">
        <ele>951.3251724042506</ele>
      </trkpt>
      <trkpt lat="36.8713592" lon="138.2546751">
        <ele>952.2931199393095</ele>
      </trkpt>
      <trkpt lat="36.8713396" lon="138.254691">
        <ele>953.2667644811879</ele>
      </trkpt>
      <trkpt lat="36.8713201" lon="138.2547085">
        <ele>954.2147747531565</ele>
      </trkpt>
      <trkpt lat="36.8713007" lon="138.254726">
        <ele>955.1432924732479</ele>
      </trkpt>
      <trkpt lat="36.8712817" lon="138.2547407">
        <ele>956.0660958515397</ele>
      </trkpt>
      <trkpt lat="36.8712627" lon="138.2547555">
        <ele>956.9982293549028</ele>
      </trkpt>
      <trkpt lat="36.8712426" lon="138.2547639">
        <ele>957.999069284998</ele>
      </trkpt>
      <trkpt lat="36.8712226" lon="138.2547723">
        <ele>958.9504940386407</ele>
      </trkpt>
      <trkpt lat="36.8712013" lon="138.2547757">
        <ele>959.9702226836243</ele>
      </trkpt>
      <trkpt lat="36.8711801" lon="138.2547791">
        <ele>960.9851449899152</ele>
      </trkpt>
      <trkpt lat="36.8711595" lon="138.2547807">
        <ele>961.8117954034644</ele>
      </trkpt>
      <trkpt lat="36.871139" lon="138.2547823">
        <ele>962.5868740607937</ele>
      </trkpt>
      <trkpt lat="36.8711203" lon="138.254783">
        <ele>963.2945219993106</ele>
      </trkpt>
      <trkpt lat="36.8711016" lon="138.2547837">
        <ele>963.9713746350778</ele>
      </trkpt>
      <trkpt lat="36.8710847" lon="138.254784">
        <ele>964.5125714891481</ele>
      </trkpt>
      <trkpt lat="36.8710679" lon="138.2547844">
        <ele>965.0500909961186</ele>
      </trkpt>
      <trkpt lat="36.8710504" lon="138.2547833">
        <ele>965.6147503139823</ele>
      </trkpt>
      <trkpt lat="36.871033" lon="138.2547822">
        <ele>966.1171825737125</ele>
      </trkpt>
      <trkpt lat="36.8710138" lon="138.2547795">
        <ele>966.5224994692437</ele>
      </trkpt>
      <trkpt lat="36.8709946" lon="138.2547769">
        <ele>966.9308374495084</ele>
      </trkpt>
      <trkpt lat="36.870974" lon="138.2547698">
        <ele>967.3971669742646</ele>
      </trkpt>
      <trkpt lat="36.8709535" lon="138.2547627">
        <ele>967.7781982232835</ele>
      </trkpt>
      <trkpt lat="36.8709343" lon="138.2547478">
        <ele>968.1772916510356</ele>
      </trkpt>
      <trkpt lat="36.8709152" lon="138.2547329">
        <ele>968.5941668200571</ele>
      </trkpt>
      <trkpt lat="36.870901" lon="138.2547125">
        <ele>968.9925866717812</ele>
      </trkpt>
      <trkpt lat="36.8708869" lon="138.2546921">
        <ele>969.2986725735514</ele>
      </trkpt>
      <trkpt lat="36.870877" lon="138.2546676">
        <ele>969.5932265740598</ele>
      </trkpt>
      <trkpt lat="36.8708672" lon="138.2546432">
        <ele>969.9022181985705</ele>
      </trkpt>
      <trkpt lat="36.8708586" lon="138.2546161">
        <ele>970.2346538223976</ele>
      </trkpt>
      <trkpt lat="36.87085" lon="138.2545891">
        <ele>970.5531696256504</ele>
      </trkpt>
      <trkpt lat="36.8708432" lon="138.2545598">
        <ele>970.8759943518007</ele>
      </trkpt>
      <trkpt lat="36.8708364" lon="138.2545306">
        <ele>971.2115407168485</ele>
      </trkpt>
      <trkpt lat="36.8708326" lon="138.2545">
        <ele>971.5536514760313</ele>
      </trkpt>
      <trkpt lat="36.8708288" lon="138.2544695">
        <ele>971.8947821515619</ele>
      </trkpt>
      <trkpt lat="36.8708257" lon="138.2544406">
        <ele>972.2207080889766</ele>
      </trkpt>
      <trkpt lat="36.8708227" lon="138.2544118">
        <ele>972.5801642383984</ele>
      </trkpt>
      <trkpt lat="36.8708185" lon="138.2543849">
        <ele>972.9463166256427</ele>
      </trkpt>
      <trkpt lat="36.8708144" lon="138.2543581">
        <ele>973.3171405443046</ele>
      </trkpt>
      <trkpt lat="36.8708063" lon="138.2543321">
        <ele>973.776122042397</ele>
      </trkpt>
      <trkpt lat="36.8707983" lon="138.2543061">
        <ele>974.2549119125038</ele>
      </trkpt>
      <trkpt lat="36.8707873" lon="138.2542818">
        <ele>974.8016183760122</ele>
      </trkpt>
      <trkpt lat="36.8707764" lon="138.2542575">
        <ele>975.3607919082305</ele>
      </trkpt>
      <trkpt lat="36.8707673" lon="138.2542321">
        <ele>975.8991129935548</ele>
      </trkpt>
      <trkpt lat="36.8707583" lon="138.2542068">
        <ele>976.4114691309604</ele>
      </trkpt>
      <trkpt lat="36.8707534" lon="138.2541788">
        <ele>976.860075162049</ele>
      </trkpt>
      <trkpt lat="36.8707485" lon="138.2541508">
        <ele>977.2790696918505</ele>
      </trkpt>
      <trkpt lat="36.8707478" lon="138.2541244">
        <ele>977.5999049681711</ele>
      </trkpt>
      <trkpt lat="36.8707472" lon="138.2540981">
        <ele>977.9142089007523</ele>
      </trkpt>
      <trkpt lat="36.8707488" lon="138.254074">
        <ele>978.0583740007376</ele>
      </trkpt>
      <trkpt lat="36.8707505" lon="138.2540499">
        <ele>978.1992541178868</ele>
      </trkpt>
      <trkpt lat="36.8707535" lon="138.2540267">
        <ele>978.3060748574514</ele>
      </trkpt>
      <trkpt lat="36.8707566" lon="138.2540036">
        <ele>978.3824014806653</ele>
      </trkpt>
      <trkpt lat="36.8707585" lon="138.2539804">
        <ele>978.4484616919829</ele>
      </trkpt>
      <trkpt lat="36.8707605" lon="138.2539573">
        <ele>978.5152084634626</ele>
      </trkpt>
      <trkpt lat="36.8707586" lon="138.2539351">
        <ele>978.6501265995496</ele>
      </trkpt>
      <trkpt lat="36.8707567" lon="138.2539129">
        <ele>978.6853052107622</ele>
      </trkpt>
      <trkpt lat="36.870751" lon="138.2538966">
        <ele>978.7469392942272</ele>
      </trkpt>
      <trkpt lat="36.8707453" lon="138.2538804">
        <ele>978.8088063873361</ele>
      </trkpt>
      <trkpt lat="36.8707369" lon="138.253876">
        <ele>978.9453559051278</ele>
      </trkpt>
      <trkpt lat="36.8707285" lon="138.2538716">
        <ele>979.0819054067144</ele>
      </trkpt>
      <trkpt lat="36.8707169" lon="138.2538813">
        <ele>979.3072349279196</ele>
      </trkpt>
      <trkpt lat="36.8707054" lon="138.253891">
        <ele>979.5308167725809</ele>
      </trkpt>
      <trkpt lat="36.870691" lon="138.253908">
        <ele>979.8084419734945</ele>
      </trkpt>
      <trkpt lat="36.8706766" lon="138.2539251">
        <ele>980.0591853916644</ele>
      </trkpt>
      <trkpt lat="36.8706573" lon="138.2539394">
        <ele>980.3181919465317</ele>
      </trkpt>
      <trkpt lat="36.870638" lon="138.2539538">
        <ele>980.5657168962534</ele>
      </trkpt>
      <trkpt lat="36.8706142" lon="138.2539642">
        <ele>980.8433310768701</ele>
      </trkpt>
      <trkpt lat="36.8705905" lon="138.2539746">
        <ele>981.0818692544815</ele>
      </trkpt>
      <trkpt lat="36.8705642" lon="138.2539847">
        <ele>981.358209970736</ele>
      </trkpt>
      <trkpt lat="36.870538" lon="138.2539948">
        <ele>981.6140312292631</ele>
      </trkpt>
      <trkpt lat="36.8705141" lon="138.2540099">
        <ele>981.8438029225988</ele>
      </trkpt>
      <trkpt lat="36.8704903" lon="138.254025">
        <ele>982.0427574247988</ele>
      </trkpt>
      <trkpt lat="36.8704689" lon="138.2540431">
        <ele>982.2084114028436</ele>
      </trkpt>
      <trkpt lat="36.8704476" lon="138.2540612">
        <ele>982.3858123723282</ele>
      </trkpt>
      <trkpt lat="36.8704254" lon="138.2540785">
        <ele>982.5884182769421</ele>
      </trkpt>
      <trkpt lat="36.8704033" lon="138.2540958">
        <ele>982.8020123791116</ele>
      </trkpt>
      <trkpt lat="36.8703814" lon="138.2541117">
        <ele>982.964129646344</ele>
      </trkpt>
      <trkpt lat="36.8703596" lon="138.2541277">
        <ele>983.1299944235609</ele>
      </trkpt>
      <trkpt lat="36.8703404" lon="138.2541411">
        <ele>983.2509202301812</ele>
      </trkpt>
      <trkpt lat="36.8703213" lon="138.2541545">
        <ele>983.353037071696</ele>
      </trkpt>
      <trkpt lat="36.8703063" lon="138.2541595">
        <ele>983.4691144453781</ele>
      </trkpt>
      <trkpt lat="36.8702914" lon="138.2541646">
        <ele>983.5889527631205</ele>
      </trkpt>
      <trkpt lat="36.8702801" lon="138.254159">
        <ele>983.7126878325236</ele>
      </trkpt>
      <trkpt lat="36.8702688" lon="138.2541534">
        <ele>983.8247361596774</ele>
      </trkpt>
      <trkpt lat="36.8702591" lon="138.2541442">
        <ele>983.932790873681</ele>
      </trkpt>
      <trkpt lat="36.8702494" lon="138.254135">
        <ele>984.0378171554925</ele>
      </trkpt>
      <trkpt lat="36.8702375" lon="138.2541338">
        <ele>984.1350325298135</ele>
      </trkpt>
      <trkpt lat="36.8702256" lon="138.2541326">
        <ele>984.2317632880422</ele>
      </trkpt>
      <trkpt lat="36.8702147" lon="138.2541461">
        <ele>984.2857927876723</ele>
      </trkpt>
      <trkpt lat="36.8702038" lon="138.2541596">
        <ele>984.3145825761068</ele>
      </trkpt>
      <trkpt lat="36.8701969" lon="138.254186">
        <ele>984.2961984550587</ele>
      </trkpt>
      <trkpt lat="36.8701901" lon="138.2542124">
        <ele>984.2435367916253</ele>
      </trkpt>
      <trkpt lat="36.8701841" lon="138.2542418">
        <ele>984.1757290094171</ele>
      </trkpt>
      <trkpt lat="36.8701781" lon="138.2542712">
        <ele>984.1068490433272</ele>
      </trkpt>
      <trkpt lat="36.8701695" lon="138.2542992">
        <ele>984.025178621174</ele>
      </trkpt>
      <trkpt lat="36.8701609" lon="138.2543273">
        <ele>983.9675954777515</ele>
      </trkpt>
      <trkpt lat="36.8701475" lon="138.2543528">
        <ele>983.9926585265567</ele>
      </trkpt>
      <trkpt lat="36.8701341" lon="138.2543784">
        <ele>983.9510421928852</ele>
      </trkpt>
      <trkpt lat="36.8701161" lon="138.2543996">
        <ele>983.9843171243351</ele>
      </trkpt>
      <trkpt lat="36.8700981" lon="138.2544208">
        <ele>984.0564415437196</ele>
      </trkpt>
      <trkpt lat="36.8700777" lon="138.2544363">
        <ele>984.2053842791311</ele>
      </trkpt>
      <trkpt lat="36.8700573" lon="138.2544518">
        <ele>984.2361636180927</ele>
      </trkpt>
      <trkpt lat="36.8700361" lon="138.2544635">
        <ele>984.3031705406547</ele>
      </trkpt>
      <trkpt lat="36.8700149" lon="138.2544753">
        <ele>984.4039179322583</ele>
      </trkpt>
      <trkpt lat="36.8699963" lon="138.2544911">
        <ele>984.4766744996683</ele>
      </trkpt>
      <trkpt lat="36.8699777" lon="138.254507">
        <ele>984.5425055383846</ele>
      </trkpt>
      <trkpt lat="36.8699688" lon="138.2545347">
        <ele>984.6369577946283</ele>
      </trkpt>
      <trkpt lat="36.8699599" lon="138.2545625">
        <ele>984.7817906472237</ele>
      </trkpt>
      <trkpt lat="36.8699597" lon="138.2545954">
        <ele>984.9182938852323</ele>
      </trkpt>
      <trkpt lat="36.8699595" lon="138.2546283">
        <ele>985.0488874629034</ele>
      </trkpt>
      <trkpt lat="36.8699588" lon="138.2546588">
        <ele>985.1687480566034</ele>
      </trkpt>
      <trkpt lat="36.8699581" lon="138.2546893">
        <ele>985.2907822239637</ele>
      </trkpt>
      <trkpt lat="36.8699549" lon="138.2547166">
        <ele>985.4720954964434</ele>
      </trkpt>
      <trkpt lat="36.8699518" lon="138.2547439">
        <ele>985.6840895823705</ele>
      </trkpt>
      <trkpt lat="36.8699497" lon="138.2547673">
        <ele>985.8659191241287</ele>
      </trkpt>
      <trkpt lat="36.8699476" lon="138.2547907">
        <ele>986.0454727584122</ele>
      </trkpt>
      <trkpt lat="36.8699469" lon="138.2548106">
        <ele>986.1462156194136</ele>
      </trkpt>
      <trkpt lat="36.8699462" lon="138.2548305">
        <ele>986.2483766473431</ele>
      </trkpt>
      <trkpt lat="36.8699444" lon="138.2548488">
        <ele>986.3725583362952</ele>
      </trkpt>
      <trkpt lat="36.8699426" lon="138.2548672">
        <ele>986.5005439040624</ele>
      </trkpt>
      <trkpt lat="36.8699382" lon="138.2548843">
        <ele>986.6993092962387</ele>
      </trkpt>
      <trkpt lat="36.8699339" lon="138.2549014">
        <ele>986.8817963439153</ele>
      </trkpt>
      <trkpt lat="36.8699276" lon="138.254918">
        <ele>987.1083039390737</ele>
      </trkpt>
      <trkpt lat="36.8699213" lon="138.2549346">
        <ele>987.3454584661627</ele>
      </trkpt>
      <trkpt lat="36.8699158" lon="138.2549506">
        <ele>987.5718081752807</ele>
      </trkpt>
      <trkpt lat="36.8699103" lon="138.2549666">
        <ele>987.8008253179402</ele>
      </trkpt>
      <trkpt lat="36.8699075" lon="138.2549832">
        <ele>987.9772185418926</ele>
      </trkpt>
      <trkpt lat="36.8699048" lon="138.2549998">
        <ele>988.1574473901508</ele>
      </trkpt>
      <trkpt lat="36.8699022" lon="138.2550168">
        <ele>988.3440512388806</ele>
      </trkpt>
      <trkpt lat="36.8698997" lon="138.2550338">
        <ele>988.5339504575845</ele>
      </trkpt>
      <trkpt lat="36.8698937" lon="138.255048">
        <ele>988.800752894189</ele>
      </trkpt>
      <trkpt lat="36.8698877" lon="138.2550623">
        <ele>989.0631610456157</ele>
      </trkpt>
      <trkpt lat="36.8698813" lon="138.255074">
        <ele>989.3220623566287</ele>
      </trkpt>
      <trkpt lat="36.8698749" lon="138.2550857">
        <ele>989.5835047459368</ele>
      </trkpt>
      <trkpt lat="36.8698687" lon="138.2550944">
        <ele>989.8131419923836</ele>
      </trkpt>
      <trkpt lat="36.8698625" lon="138.2551031">
        <ele>990.0317056226907</ele>
      </trkpt>
      <trkpt lat="36.8698494" lon="138.2551024">
        <ele>990.3582590397272</ele>
      </trkpt>
      <trkpt lat="36.8698364" lon="138.2551017">
        <ele>990.6816607551684</ele>
      </trkpt>
      <trkpt lat="36.8698199" lon="138.2550965">
        <ele>991.0536469744845</ele>
      </trkpt>
      <trkpt lat="36.8698034" lon="138.2550913">
        <ele>991.4198097712358</ele>
      </trkpt>
      <trkpt lat="36.8697917" lon="138.2550945">
        <ele>991.7120071206659</ele>
      </trkpt>
      <trkpt lat="36.8697801" lon="138.2550977">
        <ele>992.0010055806966</ele>
      </trkpt>
      <trkpt lat="36.8697791" lon="138.2551153">
        <ele>992.2010863364918</ele>
      </trkpt>
      <trkpt lat="36.8697781" lon="138.2551329">
        <ele>992.3865910759533</ele>
      </trkpt>
      <trkpt lat="36.8697817" lon="138.2551601">
        <ele>992.4703678646978</ele>
      </trkpt>
      <trkpt lat="36.8697854" lon="138.2551874">
        <ele>992.549003397796</ele>
      </trkpt>
      <trkpt lat="36.8697888" lon="138.2552179">
        <ele>992.639062191151</ele>
      </trkpt>
      <trkpt lat="36.8697922" lon="138.2552485">
        <ele>992.6261881261836</ele>
      </trkpt>
      <trkpt lat="36.8697945" lon="138.2552769">
        <ele>992.6354214980969</ele>
      </trkpt>
      <trkpt lat="36.8697969" lon="138.2553054">
        <ele>992.608749459581</ele>
      </trkpt>
      <trkpt lat="36.8697939" lon="138.25533">
        <ele>992.5720890684854</ele>
      </trkpt>
      <trkpt lat="36.869791" lon="138.2553547">
        <ele>992.5349185126381</ele>
      </trkpt>
      <trkpt lat="36.8697778" lon="138.2553734">
        <ele>992.7944502448347</ele>
      </trkpt>
      <trkpt lat="36.8697647" lon="138.2553921">
        <ele>993.0359821595727</ele>
      </trkpt>
      <trkpt lat="36.8697419" lon="138.2554027">
        <ele>993.5472200843517</ele>
      </trkpt>
      <trkpt lat="36.8697191" lon="138.2554133">
        <ele>994.0230294329177</ele>
      </trkpt>
      <trkpt lat="36.8696941" lon="138.2554166">
        <ele>994.592295411295</ele>
      </trkpt>
      <trkpt lat="36.8696692" lon="138.2554199">
        <ele>995.1619737855705</ele>
      </trkpt>
      <trkpt lat="36.8696459" lon="138.2554183">
        <ele>995.6909368775791</ele>
      </trkpt>
      <trkpt lat="36.8696227" lon="138.2554168">
        <ele>996.2082326237582</ele>
      </trkpt>
      <trkpt lat="36.8696019" lon="138.2554146">
        <ele>996.677992974455</ele>
      </trkpt>
      <trkpt lat="36.8695811" lon="138.2554124">
        <ele>997.0884587450602</ele>
      </trkpt>
      <trkpt lat="36.8695626" lon="138.2554205">
        <ele>997.3679393292157</ele>
      </trkpt>
      <trkpt lat="36.8695442" lon="138.2554287">
        <ele>997.6500749282693</ele>
      </trkpt>
      <trkpt lat="36.8695235" lon="138.2554493">
        <ele>997.8877449636868</ele>
      </trkpt>
      <trkpt lat="36.8695028" lon="138.25547">
        <ele>998.0378263485024</ele>
      </trkpt>
      <trkpt lat="36.8694799" lon="138.2554938">
        <ele>998.1403337453586</ele>
      </trkpt>
      <trkpt lat="36.869457" lon="138.2555177">
        <ele>998.2492816081635</ele>
      </trkpt>
      <trkpt lat="36.8694327" lon="138.25554">
        <ele>998.3438055947965</ele>
      </trkpt>
      <trkpt lat="36.8694085" lon="138.2555624">
        <ele>998.4585648183046</ele>
      </trkpt>
      <trkpt lat="36.8693852" lon="138.2555837">
        <ele>998.5816995323846</ele>
      </trkpt>
      <trkpt lat="36.869362" lon="138.255605">
        <ele>998.6130715023606</ele>
      </trkpt>
      <trkpt lat="36.8693407" lon="138.2556244">
        <ele>998.6574155941621</ele>
      </trkpt>
      <trkpt lat="36.8693195" lon="138.2556438">
        <ele>998.712081612167</ele>
      </trkpt>
      <trkpt lat="36.8692994" lon="138.2556641">
        <ele>998.8205870005928</ele>
      </trkpt>
      <trkpt lat="36.8692794" lon="138.2556844">
        <ele>998.9562197750581</ele>
      </trkpt>
      <trkpt lat="36.8692605" lon="138.2557073">
        <ele>999.1130847439115</ele>
      </trkpt>
      <trkpt lat="36.8692416" lon="138.2557303">
        <ele>999.268217110323</ele>
      </trkpt>
      <trkpt lat="36.8692256" lon="138.2557561">
        <ele>999.4879281338763</ele>
      </trkpt>
      <trkpt lat="36.8692096" lon="138.2557819">
        <ele>999.7496645413562</ele>
      </trkpt>
      <trkpt lat="36.869197" lon="138.2558107">
        <ele>1000.0391345511536</ele>
      </trkpt>
      <trkpt lat="36.8691845" lon="138.2558396">
        <ele>1000.4490803977942</ele>
      </trkpt>
      <trkpt lat="36.8691742" lon="138.25587">
        <ele>1000.9104628919328</ele>
      </trkpt>
      <trkpt lat="36.869164" lon="138.2559004">
        <ele>1001.4126338927788</ele>
      </trkpt>
      <trkpt lat="36.8691548" lon="138.2559292">
        <ele>1001.983831424749</ele>
      </trkpt>
      <trkpt lat="36.8691456" lon="138.255958">
        <ele>1002.5931774325584</ele>
      </trkpt>
      <trkpt lat="36.8691339" lon="138.2559807">
        <ele>1003.1940342686999</ele>
      </trkpt>
      <trkpt lat="36.8691223" lon="138.2560035">
        <ele>1003.830349558713</ele>
      </trkpt>
      <trkpt lat="36.8691065" lon="138.2560206">
        <ele>1004.4365039038935</ele>
      </trkpt>
      <trkpt lat="36.8690907" lon="138.2560378">
        <ele>1005.0320506958536</ele>
      </trkpt>
      <trkpt lat="36.8690734" lon="138.2560519">
        <ele>1005.6301938085265</ele>
      </trkpt>
      <trkpt lat="36.8690561" lon="138.256066">
        <ele>1006.2614480800877</ele>
      </trkpt>
      <trkpt lat="36.8690441" lon="138.2560802">
        <ele>1006.7965621251093</ele>
      </trkpt>
      <trkpt lat="36.8690321" lon="138.2560945">
        <ele>1007.3038480858618</ele>
      </trkpt>
      <trkpt lat="36.8690289" lon="138.2561109">
        <ele>1007.7175549531853</ele>
      </trkpt>
      <trkpt lat="36.8690258" lon="138.2561274">
        <ele>1008.136930629697</ele>
      </trkpt>
      <trkpt lat="36.8690291" lon="138.2561461">
        <ele>1008.4840173984923</ele>
      </trkpt>
      <trkpt lat="36.8690325" lon="138.2561649">
        <ele>1008.8107757464817</ele>
      </trkpt>
      <trkpt lat="36.8690323" lon="138.2561855">
        <ele>1009.2142138976853</ele>
      </trkpt>
      <trkpt lat="36.8690321" lon="138.2562061">
        <ele>1009.6180714874541</ele>
      </trkpt>
      <trkpt lat="36.8690253" lon="138.2562262">
        <ele>1010.1698462633801</ele>
      </trkpt>
      <trkpt lat="36.8690186" lon="138.2562464">
        <ele>1010.7342245953909</ele>
      </trkpt>
      <trkpt lat="36.8690083" lon="138.2562671">
        <ele>1011.4028134871099</ele>
      </trkpt>
      <trkpt lat="36.8689981" lon="138.2562879">
        <ele>1012.0852804600761</ele>
      </trkpt>
      <trkpt lat="36.8689862" lon="138.2563113">
        <ele>1012.8817506610903</ele>
      </trkpt>
      <trkpt lat="36.8689743" lon="138.2563347">
        <ele>1013.6647953694895</ele>
      </trkpt>
      <trkpt lat="36.8689627" lon="138.2563626">
        <ele>1014.4628089428154</ele>
      </trkpt>
      <trkpt lat="36.8689511" lon="138.2563905">
        <ele>1015.2937707700432</ele>
      </trkpt>
      <trkpt lat="36.8689401" lon="138.2564215">
        <ele>1016.2023419438425</ele>
      </trkpt>
      <trkpt lat="36.8689291" lon="138.2564525">
        <ele>1017.122178202565</ele>
      </trkpt>
      <trkpt lat="36.8689179" lon="138.2564839">
        <ele>1018.0791321556624</ele>
      </trkpt>
      <trkpt lat="36.8689067" lon="138.2565153">
        <ele>1019.0711267954626</ele>
      </trkpt>
      <trkpt lat="36.8688986" lon="138.2565434">
        <ele>1019.9313490947167</ele>
      </trkpt>
      <trkpt lat="36.8688905" lon="138.2565716">
        <ele>1020.8092976034723</ele>
      </trkpt>
      <trkpt lat="36.868887" lon="138.2565937">
        <ele>1021.4227089177796</ele>
      </trkpt>
      <trkpt lat="36.8688835" lon="138.2566158">
        <ele>1022.0492894288451</ele>
      </trkpt>
      <trkpt lat="36.868879" lon="138.2566288">
        <ele>1022.5012754225936</ele>
      </trkpt>
      <trkpt lat="36.8688745" lon="138.2566419">
        <ele>1022.961609079875</ele>
      </trkpt>
      <trkpt lat="36.8688623" lon="138.2566451">
        <ele>1023.4467391792514</ele>
      </trkpt>
      <trkpt lat="36.8688502" lon="138.2566483">
        <ele>1023.9324783544525</ele>
      </trkpt>
      <trkpt lat="36.868832" lon="138.2566477">
        <ele>1024.4944489844481</ele>
      </trkpt>
      <trkpt lat="36.8688139" lon="138.2566472">
        <ele>1025.0186890266032</ele>
      </trkpt>
      <trkpt lat="36.8687943" lon="138.2566477">
        <ele>1025.61402176628</ele>
      </trkpt>
      <trkpt lat="36.8687748" lon="138.2566482">
        <ele>1026.2070480972081</ele>
      </trkpt>
      <trkpt lat="36.8687583" lon="138.2566517">
        <ele>1026.7713578190787</ele>
      </trkpt>
      <trkpt lat="36.8687418" lon="138.2566552">
        <ele>1027.3366615857715</ele>
      </trkpt>
      <trkpt lat="36.8687361" lon="138.2566632">
        <ele>1027.7356867898486</ele>
      </trkpt>
      <trkpt lat="36.8687304" lon="138.2566712">
        <ele>1028.1393542950846</ele>
      </trkpt>
      <trkpt lat="36.8687394" lon="138.2566842">
        <ele>1028.269951617524</ele>
      </trkpt>
      <trkpt lat="36.8687485" lon="138.2566973">
        <ele>1028.3937995951023</ele>
      </trkpt>
      <trkpt lat="36.8687644" lon="138.2567114">
        <ele>1028.3324449230333</ele>
      </trkpt>
      <trkpt lat="36.8687804" lon="138.2567256">
        <ele>1028.2365625953269</ele>
      </trkpt>
      <trkpt lat="36.8687926" lon="138.2567387">
        <ele>1028.1992623149572</ele>
      </trkpt>
      <trkpt lat="36.8688048" lon="138.2567519">
        <ele>1028.1484383205202</ele>
      </trkpt>
      <trkpt lat="36.8688084" lon="138.2567622">
        <ele>1028.3066378967346</ele>
      </trkpt>
      <trkpt lat="36.8688121" lon="138.2567726">
        <ele>1028.465840485105</ele>
      </trkpt>
      <trkpt lat="36.8688059" lon="138.2567772">
        <ele>1028.8139957876551</ele>
      </trkpt>
      <trkpt lat="36.8687998" lon="138.2567818">
        <ele>1029.160516338689</ele>
      </trkpt>
      <trkpt lat="36.8687884" lon="138.2567823">
        <ele>1029.5818298595104</ele>
      </trkpt>
      <trkpt lat="36.868777" lon="138.2567829">
        <ele>1030.0064266569293</ele>
      </trkpt>
      <trkpt lat="36.8687703" lon="138.2567869">
        <ele>1030.3579655628914</ele>
      </trkpt>
      <trkpt lat="36.8687637" lon="138.2567909">
        <ele>1030.6968247515076</ele>
      </trkpt>
      <trkpt lat="36.8687652" lon="138.2568021">
        <ele>1030.9766030221112</ele>
      </trkpt>
      <trkpt lat="36.8687667" lon="138.2568134">
        <ele>1031.2576117558326</ele>
      </trkpt>
      <trkpt lat="36.868772" lon="138.2568299">
        <ele>1031.554079810829</ele>
      </trkpt>
      <trkpt lat="36.8687774" lon="138.2568464">
        <ele>1031.830450609379</ele>
      </trkpt>
      <trkpt lat="36.8687766" lon="138.2568604">
        <ele>1032.2654358102545</ele>
      </trkpt>
      <trkpt lat="36.8687759" lon="138.2568745">
        <ele>1032.7005214810938</ele>
      </trkpt>
      <trkpt lat="36.8687681" lon="138.2568821">
        <ele>1033.21923747753</ele>
      </trkpt>
      <trkpt lat="36.8687603" lon="138.2568897">
        <ele>1033.7309726153069</ele>
      </trkpt>
      <trkpt lat="36.8687455" lon="138.2568908">
        <ele>1034.3134605029793</ele>
      </trkpt>
      <trkpt lat="36.8687307" lon="138.2568919">
        <ele>1034.8965007471847</ele>
      </trkpt>
      <trkpt lat="36.8687115" lon="138.2568924">
        <ele>1035.6257437143818</ele>
      </trkpt>
      <trkpt lat="36.8686924" lon="138.256893">
        <ele>1036.3239047312961</ele>
      </trkpt>
      <trkpt lat="36.8686719" lon="138.2568944">
        <ele>1037.0749684604111</ele>
      </trkpt>
      <trkpt lat="36.8686514" lon="138.2568958">
        <ele>1037.8289538056304</ele>
      </trkpt>
      <trkpt lat="36.8686333" lon="138.2568989">
        <ele>1038.5573490287618</ele>
      </trkpt>
      <trkpt lat="36.8686152" lon="138.256902">
        <ele>1039.2594443345306</ele>
      </trkpt>
      <trkpt lat="36.8686066" lon="138.2569082">
        <ele>1039.755688176717</ele>
      </trkpt>
      <trkpt lat="36.868598" lon="138.2569145">
        <ele>1040.25718272951</ele>
      </trkpt>
      <trkpt lat="36.868602" lon="138.2569267">
        <ele>1040.5433550884586</ele>
      </trkpt>
      <trkpt lat="36.868606" lon="138.256939">
        <ele>1040.8209112349323</ele>
      </trkpt>
      <trkpt lat="36.8686182" lon="138.2569557">
        <ele>1040.9470062997452</ele>
      </trkpt>
      <trkpt lat="36.8686304" lon="138.2569725">
        <ele>1041.055528118076</ele>
      </trkpt>
      <trkpt lat="36.8686402" lon="138.2569912">
        <ele>1041.2852356778833</ele>
      </trkpt>
      <trkpt lat="36.8686501" lon="138.25701">
        <ele>1041.5012760673142</ele>
      </trkpt>
      <trkpt lat="36.8686555" lon="138.2570283">
        <ele>1041.8238007202115</ele>
      </trkpt>
      <trkpt lat="36.868661" lon="138.2570467">
        <ele>1042.1116566797152</ele>
      </trkpt>
      <trkpt lat="36.8686615" lon="138.2570614">
        <ele>1042.4899879304307</ele>
      </trkpt>
      <trkpt lat="36.868662" lon="138.2570761">
        <ele>1042.8678203373468</ele>
      </trkpt>
      <trkpt lat="36.8686555" lon="138.2570823">
        <ele>1043.2959739438877</ele>
      </trkpt>
      <trkpt lat="36.8686491" lon="138.2570886">
        <ele>1043.7255820170112</ele>
      </trkpt>
      <trkpt lat="36.8686399" lon="138.2570899">
        <ele>1044.1323772742073</ele>
      </trkpt>
      <trkpt lat="36.8686307" lon="138.2570913">
        <ele>1044.5427946179407</ele>
      </trkpt>
      <trkpt lat="36.8686253" lon="138.2570969">
        <ele>1044.9192629806391</ele>
      </trkpt>
      <trkpt lat="36.8686199" lon="138.2571026">
        <ele>1045.3006307707801</ele>
      </trkpt>
      <trkpt lat="36.8686147" lon="138.2571063">
        <ele>1045.603065770814</ele>
      </trkpt>
      <trkpt lat="36.8686095" lon="138.2571101">
        <ele>1045.9075157672403</ele>
      </trkpt>
      <trkpt lat="36.8685999" lon="138.2571079">
        <ele>1046.2474258877091</ele>
      </trkpt>
      <trkpt lat="36.8685904" lon="138.2571058">
        <ele>1046.584296672653</ele>
      </trkpt>
      <trkpt lat="36.8685827" lon="138.2571056">
        <ele>1046.8940074639438</ele>
      </trkpt>
      <trkpt lat="36.868575" lon="138.2571054">
        <ele>1047.2036137045473</ele>
      </trkpt>
      <trkpt lat="36.8685738" lon="138.2571146">
        <ele>1047.4860919823805</ele>
      </trkpt>
      <trkpt lat="36.8685726" lon="138.2571239">
        <ele>1047.7718610768022</ele>
      </trkpt>
      <trkpt lat="36.8685775" lon="138.2571421">
        <ele>1048.0281045162956</ele>
      </trkpt>
      <trkpt lat="36.8685825" lon="138.2571604">
        <ele>1048.2765309552767</ele>
      </trkpt>
      <trkpt lat="36.8685897" lon="138.2571815">
        <ele>1048.4929214159504</ele>
      </trkpt>
      <trkpt lat="36.868597" lon="138.2572026">
        <ele>1048.5980952317568</ele>
      </trkpt>
      <trkpt lat="36.8686019" lon="138.2572236">
        <ele>1048.7477607116887</ele>
      </trkpt>
      <trkpt lat="36.8686069" lon="138.2572446">
        <ele>1048.885883999748</ele>
      </trkpt>
      <trkpt lat="36.8686058" lon="138.2572585">
        <ele>1049.1764708198232</ele>
      </trkpt>
      <trkpt lat="36.8686048" lon="138.2572725">
        <ele>1049.4651758837822</ele>
      </trkpt>
      <trkpt lat="36.8685971" lon="138.2572746">
        <ele>1049.8604060320256</ele>
      </trkpt>
      <trkpt lat="36.8685894" lon="138.2572767">
        <ele>1050.2422470738825</ele>
      </trkpt>
      <trkpt lat="36.8685774" lon="138.2572707">
        <ele>1050.7072367366436</ele>
      </trkpt>
      <trkpt lat="36.8685655" lon="138.2572647">
        <ele>1051.1450827248227</ele>
      </trkpt>
      <trkpt lat="36.8685538" lon="138.2572589">
        <ele>1051.5247095402008</ele>
      </trkpt>
      <trkpt lat="36.8685421" lon="138.2572532">
        <ele>1051.9016766148425</ele>
      </trkpt>
      <trkpt lat="36.8685342" lon="138.257253">
        <ele>1052.2256316852145</ele>
      </trkpt>
      <trkpt lat="36.8685263" lon="138.2572528">
        <ele>1052.5494794874708</ele>
      </trkpt>
      <trkpt lat="36.8685261" lon="138.2572625">
        <ele>1052.7518052809291</ele>
      </trkpt>
      <trkpt lat="36.868526" lon="138.2572723">
        <ele>1052.9520482454495</ele>
      </trkpt>
      <trkpt lat="36.8685319" lon="138.2572915">
        <ele>1052.9656651869893</ele>
      </trkpt>
      <trkpt lat="36.8685379" lon="138.2573107">
        <ele>1052.9509763409621</ele>
      </trkpt>
      <trkpt lat="36.8685416" lon="138.2573316">
        <ele>1053.0511468057966</ele>
      </trkpt>
      <trkpt lat="36.8685454" lon="138.2573525">
        <ele>1053.1415812699224</ele>
      </trkpt>
      <trkpt lat="36.8685424" lon="138.2573677">
        <ele>1053.401018894985</ele>
      </trkpt>
      <trkpt lat="36.8685395" lon="138.2573829">
        <ele>1053.589103879781</ele>
      </trkpt>
      <trkpt lat="36.8685288" lon="138.2573848">
        <ele>1054.092437697822</ele>
      </trkpt>
      <trkpt lat="36.8685182" lon="138.2573868">
        <ele>1054.593670388889</ele>
      </trkpt>
      <trkpt lat="36.8685014" lon="138.2573753">
        <ele>1055.309912012578</ele>
      </trkpt>
      <trkpt lat="36.8684847" lon="138.2573638">
        <ele>1056.0012243593837</ele>
      </trkpt>
      <trkpt lat="36.8684696" lon="138.2573504">
        <ele>1056.5070692709596</ele>
      </trkpt>
      <trkpt lat="36.8684546" lon="138.2573371">
        <ele>1056.9615546854725</ele>
      </trkpt>
      <trkpt lat="36.8684448" lon="138.2573298">
        <ele>1057.2706709156096</ele>
      </trkpt>
      <trkpt lat="36.8684351" lon="138.2573226">
        <ele>1057.569898589236</ele>
      </trkpt>
      <trkpt lat="36.8684317" lon="138.2573258">
        <ele>1057.7723094604034</ele>
      </trkpt>
      <trkpt lat="36.8684284" lon="138.257329">
        <ele>1057.970833578962</ele>
      </trkpt>
      <trkpt lat="36.8684302" lon="138.2573396">
        <ele>1058.077633242964</ele>
      </trkpt>
      <trkpt lat="36.868432" lon="138.2573502">
        <ele>1058.1818505786373</ele>
      </trkpt>
      <trkpt lat="36.8684342" lon="138.2573616">
        <ele>1058.2692869273994</ele>
      </trkpt>
      <trkpt lat="36.8684364" lon="138.2573731">
        <ele>1058.2607378668959</ele>
      </trkpt>
      <trkpt lat="36.8684313" lon="138.2573798">
        <ele>1058.5472651799485</ele>
      </trkpt>
      <trkpt lat="36.8684262" lon="138.2573865">
        <ele>1058.829470175378</ele>
      </trkpt>
      <trkpt lat="36.868413" lon="138.2573871">
        <ele>1059.4098285406237</ele>
      </trkpt>
      <trkpt lat="36.8683999" lon="138.2573878">
        <ele>1059.987594199883</ele>
      </trkpt>
      <trkpt lat="36.8683826" lon="138.2573851">
        <ele>1060.7139289426234</ele>
      </trkpt>
      <trkpt lat="36.8683654" lon="138.2573824">
        <ele>1061.4311731876585</ele>
      </trkpt>
      <trkpt lat="36.8683499" lon="138.2573828">
        <ele>1062.1302127522076</ele>
      </trkpt>
      <trkpt lat="36.8683344" lon="138.2573832">
        <ele>1062.8406886774824</ele>
      </trkpt>
      <trkpt lat="36.8683267" lon="138.2573901">
        <ele>1063.2756002236947</ele>
      </trkpt>
      <trkpt lat="36.868319" lon="138.2573971">
        <ele>1063.7135497193335</ele>
      </trkpt>
      <trkpt lat="36.8683196" lon="138.257411">
        <ele>1063.8576163756325</ele>
      </trkpt>
      <trkpt lat="36.8683203" lon="138.2574249">
        <ele>1063.9967760657541</ele>
      </trkpt>
      <trkpt lat="36.8683201" lon="138.2574364">
        <ele>1064.1478375105285</ele>
      </trkpt>
      <trkpt lat="36.8683199" lon="138.2574479">
        <ele>1064.2869409990674</ele>
      </trkpt>
      <trkpt lat="36.8683139" lon="138.2574524">
        <ele>1064.5896858184008</ele>
      </trkpt>
      <trkpt lat="36.8683079" lon="138.257457">
        <ele>1064.8947901742927</ele>
      </trkpt>
      <trkpt lat="36.868299" lon="138.2574569">
        <ele>1065.3122292174667</ele>
      </trkpt>
      <trkpt lat="36.8682902" lon="138.2574569">
        <ele>1065.725499044251</ele>
      </trkpt>
      <trkpt lat="36.8682829" lon="138.2574608">
        <ele>1066.092189859751</ele>
      </trkpt>
      <trkpt lat="36.8682757" lon="138.2574647">
        <ele>1066.4560901748955</ele>
      </trkpt>
      <trkpt lat="36.8682699" lon="138.2574693">
        <ele>1066.7601851586192</ele>
      </trkpt>
      <trkpt lat="36.8682641" lon="138.257474">
        <ele>1067.0667665975225</ele>
      </trkpt>
      <trkpt lat="36.8682525" lon="138.2574685">
        <ele>1067.5789331073468</ele>
      </trkpt>
      <trkpt lat="36.868241" lon="138.257463">
        <ele>1068.0820525069207</ele>
      </trkpt>
      <trkpt lat="36.868226" lon="138.2574511">
        <ele>1068.693798510707</ele>
      </trkpt>
      <trkpt lat="36.868211" lon="138.2574393">
        <ele>1069.2722971154533</ele>
      </trkpt>
      <trkpt lat="36.8681989" lon="138.2574342">
        <ele>1069.7789929942069</ele>
      </trkpt>
      <trkpt lat="36.8681868" lon="138.2574291">
        <ele>1070.283594663385</ele>
      </trkpt>
      <trkpt lat="36.8681812" lon="138.2574352">
        <ele>1070.640689024186</ele>
      </trkpt>
      <trkpt lat="36.8681756" lon="138.2574414">
        <ele>1071.0004209164454</ele>
      </trkpt>
      <trkpt lat="36.8681724" lon="138.2574526">
        <ele>1071.288767970839</ele>
      </trkpt>
      <trkpt lat="36.8681693" lon="138.2574638">
        <ele>1071.550124254772</ele>
      </trkpt>
      <trkpt lat="36.8681613" lon="138.2574691">
        <ele>1071.9936491173535</ele>
      </trkpt>
      <trkpt lat="36.8681534" lon="138.2574745">
        <ele>1072.4370073013292</ele>
      </trkpt>
      <trkpt lat="36.8681399" lon="138.257472">
        <ele>1073.0850991666418</ele>
      </trkpt>
      <trkpt lat="36.8681265" lon="138.2574696">
        <ele>1073.7281503537472</ele>
      </trkpt>
      <trkpt lat="36.8681124" lon="138.2574652">
        <ele>1074.3826280914072</ele>
      </trkpt>
      <trkpt lat="36.8680983" lon="138.2574609">
        <ele>1075.0361438499892</ele>
      </trkpt>
      <trkpt lat="36.8680881" lon="138.2574586">
        <ele>1075.5170269669106</ele>
      </trkpt>
      <trkpt lat="36.8680779" lon="138.2574563">
        <ele>1075.9997154174746</ele>
      </trkpt>
      <trkpt lat="36.8680725" lon="138.2574604">
        <ele>1076.3203412549967</ele>
      </trkpt>
      <trkpt lat="36.8680672" lon="138.2574646">
        <ele>1076.6394353590035</ele>
      </trkpt>
      <trkpt lat="36.8680659" lon="138.2574782">
        <ele>1076.877076405827</ele>
      </trkpt>
      <trkpt lat="36.8680646" lon="138.2574918">
        <ele>1077.116517349932</ele>
      </trkpt>
      <trkpt lat="36.8680605" lon="138.2575024">
        <ele>1077.4660457214816</ele>
      </trkpt>
      <trkpt lat="36.8680564" lon="138.257513">
        <ele>1077.8199984928249</ele>
      </trkpt>
      <trkpt lat="36.8680446" lon="138.2575116">
        <ele>1078.4251138207414</ele>
      </trkpt>
      <trkpt lat="36.8680328" lon="138.2575103">
        <ele>1079.0299808816883</ele>
      </trkpt>
      <trkpt lat="36.8680165" lon="138.2575025">
        <ele>1079.7711413675333</ele>
      </trkpt>
      <trkpt lat="36.8680002" lon="138.2574947">
        <ele>1080.4734311721952</ele>
      </trkpt>
      <trkpt lat="36.8679838" lon="138.2574865">
        <ele>1081.1701437053919</ele>
      </trkpt>
      <trkpt lat="36.8679674" lon="138.2574783">
        <ele>1081.8622925235866</ele>
      </trkpt>
      <trkpt lat="36.867952" lon="138.2574739">
        <ele>1082.5616979123934</ele>
      </trkpt>
      <trkpt lat="36.8679366" lon="138.2574695">
        <ele>1083.2510302892958</ele>
      </trkpt>
      <trkpt lat="36.8679236" lon="138.2574702">
        <ele>1083.903445278616</ele>
      </trkpt>
      <trkpt lat="36.8679106" lon="138.257471">
        <ele>1084.5586092138562</ele>
      </trkpt>
      <trkpt lat="36.8679003" lon="138.2574749">
        <ele>1085.1396949154762</ele>
      </trkpt>
      <trkpt lat="36.86789" lon="138.2574789">
        <ele>1085.7267975099762</ele>
      </trkpt>
      <trkpt lat="36.8678779" lon="138.257479">
        <ele>1086.3246266577917</ele>
      </trkpt>
      <trkpt lat="36.8678658" lon="138.2574791">
        <ele>1086.8863498872893</ele>
      </trkpt>
      <trkpt lat="36.8678529" lon="138.2574803">
        <ele>1087.507947468797</ele>
      </trkpt>
      <trkpt lat="36.8678401" lon="138.2574816">
        <ele>1088.1280760441093</ele>
      </trkpt>
      <trkpt lat="36.867834" lon="138.2574949">
        <ele>1088.6947626361975</ele>
      </trkpt>
      <trkpt lat="36.8678279" lon="138.2575083">
        <ele>1089.2691113859705</ele>
      </trkpt>
      <trkpt lat="36.867829" lon="138.257531">
        <ele>1089.7056887820954</ele>
      </trkpt>
      <trkpt lat="36.8678301" lon="138.2575537">
        <ele>1089.9826816588636</ele>
      </trkpt>
      <trkpt lat="36.86783" lon="138.2575767">
        <ele>1090.3135877500779</ele>
      </trkpt>
      <trkpt lat="36.8678299" lon="138.2575998">
        <ele>1090.6461458472936</ele>
      </trkpt>
      <trkpt lat="36.8678229" lon="138.2576199">
        <ele>1091.2833190986096</ele>
      </trkpt>
      <trkpt lat="36.8678159" lon="138.25764">
        <ele>1091.7878675461197</ele>
      </trkpt>
      <trkpt lat="36.8678018" lon="138.2576549">
        <ele>1092.6199161869577</ele>
      </trkpt>
      <trkpt lat="36.8677878" lon="138.2576698">
        <ele>1093.4465112918558</ele>
      </trkpt>
      <trkpt lat="36.8677696" lon="138.2576795">
        <ele>1094.4611019418505</ele>
      </trkpt>
      <trkpt lat="36.8677514" lon="138.2576893">
        <ele>1095.488574932212</ele>
      </trkpt>
      <trkpt lat="36.8677318" lon="138.2576923">
        <ele>1096.4636854022979</ele>
      </trkpt>
      <trkpt lat="36.8677123" lon="138.2576953">
        <ele>1097.3719892918139</ele>
      </trkpt>
      <trkpt lat="36.8676947" lon="138.2576891">
        <ele>1098.1087658746176</ele>
      </trkpt>
      <trkpt lat="36.8676771" lon="138.257683">
        <ele>1098.8464743409781</ele>
      </trkpt>
      <trkpt lat="36.8676636" lon="138.2576682">
        <ele>1099.297478212411</ele>
      </trkpt>
      <trkpt lat="36.8676501" lon="138.2576534">
        <ele>1099.7352976789678</ele>
      </trkpt>
      <trkpt lat="36.8676399" lon="138.2576351">
        <ele>1099.991190347783</ele>
      </trkpt>
      <trkpt lat="36.8676298" lon="138.2576169">
        <ele>1100.2285228253354</ele>
      </trkpt>
      <trkpt lat="36.8676189" lon="138.2576034">
        <ele>1100.4372048794767</ele>
      </trkpt>
      <trkpt lat="36.867608" lon="138.25759">
        <ele>1100.6477510006175</ele>
      </trkpt>
      <trkpt lat="36.8675942" lon="138.2575906">
        <ele>1101.2056446441536</ele>
      </trkpt>
      <trkpt lat="36.8675805" lon="138.2575912">
        <ele>1101.749409765213</ele>
      </trkpt>
      <trkpt lat="36.8675667" lon="138.2576057">
        <ele>1102.5654638242713</ele>
      </trkpt>
      <trkpt lat="36.867553" lon="138.2576203">
        <ele>1103.3650936046151</ele>
      </trkpt>
      <trkpt lat="36.8675408" lon="138.257642">
        <ele>1104.0723433555108</ele>
      </trkpt>
      <trkpt lat="36.8675287" lon="138.2576637">
        <ele>1104.765424048811</ele>
      </trkpt>
      <trkpt lat="36.8675173" lon="138.2576889">
        <ele>1105.478596916279</ele>
      </trkpt>
      <trkpt lat="36.867506" lon="138.2577142">
        <ele>1106.1059968707302</ele>
      </trkpt>
      <trkpt lat="36.8674971" lon="138.257741">
        <ele>1106.5065373881293</ele>
      </trkpt>
      <trkpt lat="36.8674882" lon="138.2577679">
        <ele>1106.915369912349</ele>
      </trkpt>
      <trkpt lat="36.8674822" lon="138.2577934">
        <ele>1107.1790686825352</ele>
      </trkpt>
      <trkpt lat="36.8674762" lon="138.2578189">
        <ele>1107.268475024576</ele>
      </trkpt>
      <trkpt lat="36.8674714" lon="138.2578428">
        <ele>1107.326631436751</ele>
      </trkpt>
      <trkpt lat="36.8674667" lon="138.2578668">
        <ele>1107.3864028492076</ele>
      </trkpt>
      <trkpt lat="36.8674606" lon="138.2578894">
        <ele>1107.3891210622337</ele>
      </trkpt>
      <trkpt lat="36.8674546" lon="138.257912">
        <ele>1107.3257788210797</ele>
      </trkpt>
      <trkpt lat="36.8674447" lon="138.2579303">
        <ele>1107.519666384073</ele>
      </trkpt>
      <trkpt lat="36.8674349" lon="138.2579486">
        <ele>1107.7334257010723</ele>
      </trkpt>
      <trkpt lat="36.8674226" lon="138.2579627">
        <ele>1108.1335115148838</ele>
      </trkpt>
      <trkpt lat="36.8674104" lon="138.2579769">
        <ele>1108.4526369405905</ele>
      </trkpt>
      <trkpt lat="36.867398" lon="138.2579901">
        <ele>1108.8042527865875</ele>
      </trkpt>
      <trkpt lat="36.8673856" lon="138.2580034">
        <ele>1109.1433216711316</ele>
      </trkpt>
      <trkpt lat="36.8673739" lon="138.2580164">
        <ele>1109.470813817722</ele>
      </trkpt>
      <trkpt lat="36.8673623" lon="138.2580295">
        <ele>1109.807250957036</ele>
      </trkpt>
      <trkpt lat="36.8673517" lon="138.2580449">
        <ele>1110.072522798096</ele>
      </trkpt>
      <trkpt lat="36.8673411" lon="138.2580603">
        <ele>1110.2694693906703</ele>
      </trkpt>
      <trkpt lat="36.8673307" lon="138.2580766">
        <ele>1110.4235927958512</ele>
      </trkpt>
      <trkpt lat="36.8673204" lon="138.2580929">
        <ele>1110.5231604671267</ele>
      </trkpt>
      <trkpt lat="36.8673096" lon="138.258103">
        <ele>1110.7833506282218</ele>
      </trkpt>
      <trkpt lat="36.8672988" lon="138.2581131">
        <ele>1111.0472422852667</ele>
      </trkpt>
      <trkpt lat="36.8672864" lon="138.2581114">
        <ele>1111.6392413102244</ele>
      </trkpt>
      <trkpt lat="36.8672741" lon="138.2581097">
        <ele>1112.2260497824236</ele>
      </trkpt>
      <trkpt lat="36.867258" lon="138.2580984">
        <ele>1113.1641927198282</ele>
      </trkpt>
      <trkpt lat="36.8672419" lon="138.2580872">
        <ele>1114.0321295630893</ele>
      </trkpt>
      <trkpt lat="36.8672213" lon="138.2580748">
        <ele>1115.1021731051158</ele>
      </trkpt>
      <trkpt lat="36.8672007" lon="138.2580625">
        <ele>1116.17011927683</ele>
      </trkpt>
      <trkpt lat="36.8671802" lon="138.2580486">
        <ele>1117.1752684715213</ele>
      </trkpt>
      <trkpt lat="36.8671597" lon="138.2580347">
        <ele>1117.9935013765942</ele>
      </trkpt>
      <trkpt lat="36.8671429" lon="138.258016">
        <ele>1118.7278347523888</ele>
      </trkpt>
      <trkpt lat="36.8671261" lon="138.2579974">
        <ele>1119.4611194341917</ele>
      </trkpt>
      <trkpt lat="36.8671122" lon="138.2579706">
        <ele>1120.1524502445957</ele>
      </trkpt>
      <trkpt lat="36.8670983" lon="138.2579438">
        <ele>1120.7084881076908</ele>
      </trkpt>
      <trkpt lat="36.8670849" lon="138.257917">
        <ele>1121.1705951711724</ele>
      </trkpt>
      <trkpt lat="36.8670715" lon="138.2578903">
        <ele>1121.620255618485</ele>
      </trkpt>
      <trkpt lat="36.8670581" lon="138.2578694">
        <ele>1121.99472967519</ele>
      </trkpt>
      <trkpt lat="36.8670447" lon="138.2578485">
        <ele>1122.1960536140953</ele>
      </trkpt>
      <trkpt lat="36.8670304" lon="138.2578356">
        <ele>1122.4541073442442</ele>
      </trkpt>
      <trkpt lat="36.8670161" lon="138.2578228">
        <ele>1122.7127435543116</ele>
      </trkpt>
      <trkpt lat="36.867001" lon="138.257823">
        <ele>1123.0657508352779</ele>
      </trkpt>
      <trkpt lat="36.866986" lon="138.2578232">
        <ele>1123.4151303032886</ele>
      </trkpt>
      <trkpt lat="36.8669704" lon="138.2578388">
        <ele>1123.8467810679467</ele>
      </trkpt>
      <trkpt lat="36.8669549" lon="138.2578544">
        <ele>1124.2762473130606</ele>
      </trkpt>
      <trkpt lat="36.8669419" lon="138.2578782">
        <ele>1124.6763817301028</ele>
      </trkpt>
      <trkpt lat="36.866929" lon="138.2579021">
        <ele>1124.902484567464</ele>
      </trkpt>
      <trkpt lat="36.8669156" lon="138.2579259">
        <ele>1125.138167817341</ele>
      </trkpt>
      <trkpt lat="36.8669022" lon="138.2579497">
        <ele>1125.3738541045789</ele>
      </trkpt>
      <trkpt lat="36.8668854" lon="138.2579682">
        <ele>1125.6605280827034</ele>
      </trkpt>
      <trkpt lat="36.8668687" lon="138.2579868">
        <ele>1125.8736367315057</ele>
      </trkpt>
      <trkpt lat="36.866848" lon="138.2579997">
        <ele>1126.2203729222495</ele>
      </trkpt>
      <trkpt lat="36.8668273" lon="138.2580127">
        <ele>1126.573195987662</ele>
      </trkpt>
      <trkpt lat="36.8668046" lon="138.2580217">
        <ele>1127.0159512526952</ele>
      </trkpt>
      <trkpt lat="36.8667819" lon="138.2580308">
        <ele>1127.471985896229</ele>
      </trkpt>
      <trkpt lat="36.8667594" lon="138.2580314">
        <ele>1127.9864722009731</ele>
      </trkpt>
      <trkpt lat="36.8667369" lon="138.2580321">
        <ele>1128.501188150875</ele>
      </trkpt>
      <trkpt lat="36.866716" lon="138.2580203">
        <ele>1129.0386010844866</ele>
      </trkpt>
      <trkpt lat="36.8666951" lon="138.2580085">
        <ele>1129.5564302975135</ele>
      </trkpt>
      <trkpt lat="36.8666743" lon="138.2579866">
        <ele>1130.0877167374406</ele>
      </trkpt>
      <trkpt lat="36.8666535" lon="138.2579647">
        <ele>1130.588087723222</ele>
      </trkpt>
      <trkpt lat="36.8666336" lon="138.25794">
        <ele>1130.9854782191894</ele>
      </trkpt>
      <trkpt lat="36.8666138" lon="138.2579154">
        <ele>1131.3502044643972</ele>
      </trkpt>
      <trkpt lat="36.8665943" lon="138.2578955">
        <ele>1131.6893689942647</ele>
      </trkpt>
      <trkpt lat="36.8665748" lon="138.2578756">
        <ele>1132.0021967250154</ele>
      </trkpt>
      <trkpt lat="36.8665539" lon="138.2578648">
        <ele>1132.3105248622833</ele>
      </trkpt>
      <trkpt lat="36.8665331" lon="138.257854">
        <ele>1132.616225731816</ele>
      </trkpt>
      <trkpt lat="36.8665083" lon="138.2578549">
        <ele>1133.0930740414428</ele>
      </trkpt>
      <trkpt lat="36.8664836" lon="138.2578559">
        <ele>1133.5284040842805</ele>
      </trkpt>
      <trkpt lat="36.866457" lon="138.2578668">
        <ele>1134.082430550594</ele>
      </trkpt>
      <trkpt lat="36.8664305" lon="138.2578778">
        <ele>1134.6239501455332</ele>
      </trkpt>
      <trkpt lat="36.8664055" lon="138.2578943">
        <ele>1135.1013252565408</ele>
      </trkpt>
      <trkpt lat="36.8663806" lon="138.2579109">
        <ele>1135.5775643525649</ele>
      </trkpt>
      <trkpt lat="36.8663592" lon="138.2579287">
        <ele>1135.9838737574837</ele>
      </trkpt>
      <trkpt lat="36.8663378" lon="138.2579466">
        <ele>1136.3765528132383</ele>
      </trkpt>
      <trkpt lat="36.8663213" lon="138.257965">
        <ele>1136.6942941564985</ele>
      </trkpt>
      <trkpt lat="36.8663048" lon="138.2579835">
        <ele>1136.9349769788737</ele>
      </trkpt>
      <trkpt lat="36.8662923" lon="138.2580033">
        <ele>1137.0978722595878</ele>
      </trkpt>
      <trkpt lat="36.8662798" lon="138.2580232">
        <ele>1137.259307694998</ele>
      </trkpt>
      <trkpt lat="36.8662672" lon="138.2580425">
        <ele>1137.4301519234948</ele>
      </trkpt>
      <trkpt lat="36.8662547" lon="138.2580618">
        <ele>1137.5109520653505</ele>
      </trkpt>
      <trkpt lat="36.8662381" lon="138.2580755">
        <ele>1137.6487129024244</ele>
      </trkpt>
      <trkpt lat="36.8662215" lon="138.2580893">
        <ele>1137.749184818053</ele>
      </trkpt>
      <trkpt lat="36.866201" lon="138.2580954">
        <ele>1137.9106113153475</ele>
      </trkpt>
      <trkpt lat="36.8661806" lon="138.2581015">
        <ele>1138.0753151299327</ele>
      </trkpt>
      <trkpt lat="36.8661595" lon="138.2581012">
        <ele>1138.2823558465348</ele>
      </trkpt>
      <trkpt lat="36.8661384" lon="138.258101">
        <ele>1138.498381075217</ele>
      </trkpt>
      <trkpt lat="36.8661182" lon="138.2580979">
        <ele>1138.7187466382752</ele>
      </trkpt>
      <trkpt lat="36.8660981" lon="138.2580949">
        <ele>1138.9376267146095</ele>
      </trkpt>
      <trkpt lat="36.8660774" lon="138.2580937">
        <ele>1139.1185584571822</ele>
      </trkpt>
      <trkpt lat="36.8660567" lon="138.2580926">
        <ele>1139.2900752173095</ele>
      </trkpt>
      <trkpt lat="36.8660343" lon="138.2580946">
        <ele>1139.463182413531</ele>
      </trkpt>
      <trkpt lat="36.866012" lon="138.2580966">
        <ele>1139.6453477715152</ele>
      </trkpt>
      <trkpt lat="36.865988" lon="138.258097">
        <ele>1139.853654171434</ele>
      </trkpt>
      <trkpt lat="36.865964" lon="138.2580975">
        <ele>1140.0616109801927</ele>
      </trkpt>
      <trkpt lat="36.8659385" lon="138.2580933">
        <ele>1140.3279092992623</ele>
      </trkpt>
      <trkpt lat="36.8659131" lon="138.2580891">
        <ele>1140.598104550762</ele>
      </trkpt>
      <trkpt lat="36.865913" lon="138.258089">
        <ele>1140.5993214626908</ele>
      </trkpt>
      <trkpt lat="36.865694" lon="138.25807">
        <ele>1143.0892472984742</ele>
      </trkpt>
      <trkpt lat="36.865569" lon="138.258007">
        <ele>1143.813628617395</ele>
      </trkpt>
      <trkpt lat="36.865514" lon="138.257931">
        <ele>1143.3116587711072</ele>
      </trkpt>
      <trkpt lat="36.865514" lon="138.257931">
        <ele>1143.3116587711072</ele>
      </trkpt>
      <trkpt lat="36.865352" lon="138.257708">
        <ele>1139.6169124655892</ele>
      </trkpt>
      <trkpt lat="36.865352" lon="138.257708">
        <ele>1139.6169124655892</ele>
      </trkpt>
      <trkpt lat="36.865514" lon="138.257931">
        <ele>1143.3116587711072</ele>
      </trkpt>
      <trkpt lat="36.865514" lon="138.257931">
        <ele>1143.3116587711072</ele>
      </trkpt>
      <trkpt lat="36.865569" lon="138.258007">
        <ele>1143.813628617395</ele>
      </trkpt>
      <trkpt lat="36.865694" lon="138.25807">
        <ele>1143.0892472984742</ele>
      </trkpt>
      <trkpt lat="36.865913" lon="138.258089">
        <ele>1140.5993214626908</ele>
      </trkpt>
      <trkpt lat="36.8659131" lon="138.2580891">
        <ele>1140.598104550762</ele>
      </trkpt>
      <trkpt lat="36.8659385" lon="138.2580933">
        <ele>1140.3279092992623</ele>
      </trkpt>
      <trkpt lat="36.865964" lon="138.2580975">
        <ele>1140.0616109801927</ele>
      </trkpt>
      <trkpt lat="36.865988" lon="138.258097">
        <ele>1139.853654171434</ele>
      </trkpt>
      <trkpt lat="36.866012" lon="138.2580966">
        <ele>1139.6453477715152</ele>
      </trkpt>
      <trkpt lat="36.8660343" lon="138.2580946">
        <ele>1139.463182413531</ele>
      </trkpt>
      <trkpt lat="36.8660567" lon="138.2580926">
        <ele>1139.2900752173095</ele>
      </trkpt>
      <trkpt lat="36.8660774" lon="138.2580937">
        <ele>1139.1185584571822</ele>
      </trkpt>
      <trkpt lat="36.8660981" lon="138.2580949">
        <ele>1138.9376267146095</ele>
      </trkpt>
      <trkpt lat="36.8661182" lon="138.2580979">
        <ele>1138.7187466382752</ele>
      </trkpt>
      <trkpt lat="36.8661384" lon="138.258101">
        <ele>1138.498381075217</ele>
      </trkpt>
      <trkpt lat="36.8661595" lon="138.2581012">
        <ele>1138.2823558465348</ele>
      </trkpt>
      <trkpt lat="36.8661806" lon="138.2581015">
        <ele>1138.0753151299327</ele>
      </trkpt>
      <trkpt lat="36.866201" lon="138.2580954">
        <ele>1137.9106113153475</ele>
      </trkpt>
      <trkpt lat="36.8662215" lon="138.2580893">
        <ele>1137.749184818053</ele>
      </trkpt>
      <trkpt lat="36.8662381" lon="138.2580755">
        <ele>1137.6487129024244</ele>
      </trkpt>
      <trkpt lat="36.8662547" lon="138.2580618">
        <ele>1137.5109520653505</ele>
      </trkpt>
      <trkpt lat="36.8662672" lon="138.2580425">
        <ele>1137.4301519234948</ele>
      </trkpt>
      <trkpt lat="36.8662798" lon="138.2580232">
        <ele>1137.259307694998</ele>
      </trkpt>
      <trkpt lat="36.8662923" lon="138.2580033">
        <ele>1137.0978722595878</ele>
      </trkpt>
      <trkpt lat="36.8663048" lon="138.2579835">
        <ele>1136.9349769788737</ele>
      </trkpt>
      <trkpt lat="36.8663213" lon="138.257965">
        <ele>1136.6942941564985</ele>
      </trkpt>
      <trkpt lat="36.8663378" lon="138.2579466">
        <ele>1136.3765528132383</ele>
      </trkpt>
      <trkpt lat="36.8663592" lon="138.2579287">
        <ele>1135.9838737574837</ele>
      </trkpt>
      <trkpt lat="36.8663806" lon="138.2579109">
        <ele>1135.5775643525649</ele>
      </trkpt>
      <trkpt lat="36.8664055" lon="138.2578943">
        <ele>1135.1013252565408</ele>
      </trkpt>
      <trkpt lat="36.8664305" lon="138.2578778">
        <ele>1134.6239501455332</ele>
      </trkpt>
      <trkpt lat="36.866457" lon="138.2578668">
        <ele>1134.082430550594</ele>
      </trkpt>
      <trkpt lat="36.8664836" lon="138.2578559">
        <ele>1133.5284040842805</ele>
      </trkpt>
      <trkpt lat="36.8665083" lon="138.2578549">
        <ele>1133.0930740414428</ele>
      </trkpt>
      <trkpt lat="36.8665331" lon="138.257854">
        <ele>1132.616225731816</ele>
      </trkpt>
      <trkpt lat="36.8665539" lon="138.2578648">
        <ele>1132.3105248622833</ele>
      </trkpt>
      <trkpt lat="36.8665748" lon="138.2578756">
        <ele>1132.0021967250154</ele>
      </trkpt>
      <trkpt lat="36.8665943" lon="138.2578955">
        <ele>1131.6893689942647</ele>
      </trkpt>
      <trkpt lat="36.8666138" lon="138.2579154">
        <ele>1131.3502044643972</ele>
      </trkpt>
      <trkpt lat="36.8666336" lon="138.25794">
        <ele>1130.9854782191894</ele>
      </trkpt>
      <trkpt lat="36.8666535" lon="138.2579647">
        <ele>1130.588087723222</ele>
      </trkpt>
      <trkpt lat="36.8666743" lon="138.2579866">
        <ele>1130.0877167374406</ele>
      </trkpt>
      <trkpt lat="36.8666951" lon="138.2580085">
        <ele>1129.5564302975135</ele>
      </trkpt>
      <trkpt lat="36.866716" lon="138.2580203">
        <ele>1129.0386010844866</ele>
      </trkpt>
      <trkpt lat="36.8667369" lon="138.2580321">
        <ele>1128.501188150875</ele>
      </trkpt>
      <trkpt lat="36.8667594" lon="138.2580314">
        <ele>1127.9864722009731</ele>
      </trkpt>
      <trkpt lat="36.8667819" lon="138.2580308">
        <ele>1127.471985896229</ele>
      </trkpt>
      <trkpt lat="36.8668046" lon="138.2580217">
        <ele>1127.0159512526952</ele>
      </trkpt>
      <trkpt lat="36.8668273" lon="138.2580127">
        <ele>1126.573195987662</ele>
      </trkpt>
      <trkpt lat="36.866848" lon="138.2579997">
        <ele>1126.2203729222495</ele>
      </trkpt>
      <trkpt lat="36.8668687" lon="138.2579868">
        <ele>1125.8736367315057</ele>
      </trkpt>
      <trkpt lat="36.8668854" lon="138.2579682">
        <ele>1125.6605280827034</ele>
      </trkpt>
      <trkpt lat="36.8669022" lon="138.2579497">
        <ele>1125.3738541045789</ele>
      </trkpt>
      <trkpt lat="36.8669156" lon="138.2579259">
        <ele>1125.138167817341</ele>
      </trkpt>
      <trkpt lat="36.866929" lon="138.2579021">
        <ele>1124.902484567464</ele>
      </trkpt>
      <trkpt lat="36.8669419" lon="138.2578782">
        <ele>1124.6763817301028</ele>
      </trkpt>
      <trkpt lat="36.8669549" lon="138.2578544">
        <ele>1124.2762473130606</ele>
      </trkpt>
      <trkpt lat="36.8669704" lon="138.2578388">
        <ele>1123.8467810679467</ele>
      </trkpt>
      <trkpt lat="36.866986" lon="138.2578232">
        <ele>1123.4151303032886</ele>
      </trkpt>
      <trkpt lat="36.867001" lon="138.257823">
        <ele>1123.0657508352779</ele>
      </trkpt>
      <trkpt lat="36.8670161" lon="138.2578228">
        <ele>1122.7127435543116</ele>
      </trkpt>
      <trkpt lat="36.8670304" lon="138.2578356">
        <ele>1122.4541073442442</ele>
      </trkpt>
      <trkpt lat="36.8670447" lon="138.2578485">
        <ele>1122.1960536140953</ele>
      </trkpt>
      <trkpt lat="36.8670581" lon="138.2578694">
        <ele>1121.99472967519</ele>
      </trkpt>
      <trkpt lat="36.8670715" lon="138.2578903">
        <ele>1121.620255618485</ele>
      </trkpt>
      <trkpt lat="36.8670849" lon="138.257917">
        <ele>1121.1705951711724</ele>
      </trkpt>
      <trkpt lat="36.8670983" lon="138.2579438">
        <ele>1120.7084881076908</ele>
      </trkpt>
      <trkpt lat="36.8671122" lon="138.2579706">
        <ele>1120.1524502445957</ele>
      </trkpt>
      <trkpt lat="36.8671261" lon="138.2579974">
        <ele>1119.4611194341917</ele>
      </trkpt>
      <trkpt lat="36.8671429" lon="138.258016">
        <ele>1118.7278347523888</ele>
      </trkpt>
      <trkpt lat="36.8671597" lon="138.2580347">
        <ele>1117.9935013765942</ele>
      </trkpt>
      <trkpt lat="36.8671802" lon="138.2580486">
        <ele>1117.1752684715213</ele>
      </trkpt>
      <trkpt lat="36.8672007" lon="138.2580625">
        <ele>1116.17011927683</ele>
      </trkpt>
      <trkpt lat="36.8672213" lon="138.2580748">
        <ele>1115.1021731051158</ele>
      </trkpt>
      <trkpt lat="36.8672419" lon="138.2580872">
        <ele>1114.0321295630893</ele>
      </trkpt>
      <trkpt lat="36.867258" lon="138.2580984">
        <ele>1113.1641927198282</ele>
      </trkpt>
      <trkpt lat="36.8672741" lon="138.2581097">
        <ele>1112.2260497824236</ele>
      </trkpt>
      <trkpt lat="36.8672864" lon="138.2581114">
        <ele>1111.6392413102244</ele>
      </trkpt>
      <trkpt lat="36.8672988" lon="138.2581131">
        <ele>1111.0472422852667</ele>
      </trkpt>
      <trkpt lat="36.8673096" lon="138.258103">
        <ele>1110.7833506282218</ele>
      </trkpt>
      <trkpt lat="36.8673204" lon="138.2580929">
        <ele>1110.5231604671267</ele>
      </trkpt>
      <trkpt lat="36.8673307" lon="138.2580766">
        <ele>1110.4235927958512</ele>
      </trkpt>
      <trkpt lat="36.8673411" lon="138.2580603">
        <ele>1110.2694693906703</ele>
      </trkpt>
      <trkpt lat="36.8673517" lon="138.2580449">
        <ele>1110.072522798096</ele>
      </trkpt>
      <trkpt lat="36.8673623" lon="138.2580295">
        <ele>1109.807250957036</ele>
      </trkpt>
      <trkpt lat="36.8673739" lon="138.2580164">
        <ele>1109.470813817722</ele>
      </trkpt>
      <trkpt lat="36.8673856" lon="138.2580034">
        <ele>1109.1433216711316</ele>
      </trkpt>
      <trkpt lat="36.867398" lon="138.2579901">
        <ele>1108.8042527865875</ele>
      </trkpt>
      <trkpt lat="36.8674104" lon="138.2579769">
        <ele>1108.4526369405905</ele>
      </trkpt>
      <trkpt lat="36.8674226" lon="138.2579627">
        <ele>1108.1335115148838</ele>
      </trkpt>
      <trkpt lat="36.8674349" lon="138.2579486">
        <ele>1107.7334257010723</ele>
      </trkpt>
      <trkpt lat="36.8674447" lon="138.2579303">
        <ele>1107.519666384073</ele>
      </trkpt>
      <trkpt lat="36.8674546" lon="138.257912">
        <ele>1107.3257788210797</ele>
      </trkpt>
      <trkpt lat="36.8674606" lon="138.2578894">
        <ele>1107.3891210622337</ele>
      </trkpt>
      <trkpt lat="36.8674667" lon="138.2578668">
        <ele>1107.3864028492076</ele>
      </trkpt>
      <trkpt lat="36.8674714" lon="138.2578428">
        <ele>1107.326631436751</ele>
      </trkpt>
      <trkpt lat="36.8674762" lon="138.2578189">
        <ele>1107.268475024576</ele>
      </trkpt>
      <trkpt lat="36.8674822" lon="138.2577934">
        <ele>1107.1790686825352</ele>
      </trkpt>
      <trkpt lat="36.8674882" lon="138.2577679">
        <ele>1106.915369912349</ele>
      </trkpt>
      <trkpt lat="36.8674971" lon="138.257741">
        <ele>1106.5065373881293</ele>
      </trkpt>
      <trkpt lat="36.867506" lon="138.2577142">
        <ele>1106.1059968707302</ele>
      </trkpt>
      <trkpt lat="36.8675173" lon="138.2576889">
        <ele>1105.478596916279</ele>
      </trkpt>
      <trkpt lat="36.8675287" lon="138.2576637">
        <ele>1104.765424048811</ele>
      </trkpt>
      <trkpt lat="36.8675408" lon="138.257642">
        <ele>1104.0723433555108</ele>
      </trkpt>
      <trkpt lat="36.867553" lon="138.2576203">
        <ele>1103.3650936046151</ele>
      </trkpt>
      <trkpt lat="36.8675667" lon="138.2576057">
        <ele>1102.5654638242713</ele>
      </trkpt>
      <trkpt lat="36.8675805" lon="138.2575912">
        <ele>1101.749409765213</ele>
      </trkpt>
      <trkpt lat="36.8675942" lon="138.2575906">
        <ele>1101.2056446441536</ele>
      </trkpt>
      <trkpt lat="36.867608" lon="138.25759">
        <ele>1100.6477510006175</ele>
      </trkpt>
      <trkpt lat="36.8676189" lon="138.2576034">
        <ele>1100.4372048794767</ele>
      </trkpt>
      <trkpt lat="36.8676298" lon="138.2576169">
        <ele>1100.2285228253354</ele>
      </trkpt>
      <trkpt lat="36.8676399" lon="138.2576351">
        <ele>1099.991190347783</ele>
      </trkpt>
      <trkpt lat="36.8676501" lon="138.2576534">
        <ele>1099.7352976789678</ele>
      </trkpt>
      <trkpt lat="36.8676636" lon="138.2576682">
        <ele>1099.297478212411</ele>
      </trkpt>
      <trkpt lat="36.8676771" lon="138.257683">
        <ele>1098.8464743409781</ele>
      </trkpt>
      <trkpt lat="36.8676947" lon="138.2576891">
        <ele>1098.1087658746176</ele>
      </trkpt>
      <trkpt lat="36.8677123" lon="138.2576953">
        <ele>1097.3719892918139</ele>
      </trkpt>
      <trkpt lat="36.8677318" lon="138.2576923">
        <ele>1096.4636854022979</ele>
      </trkpt>
      <trkpt lat="36.8677514" lon="138.2576893">
        <ele>1095.488574932212</ele>
      </trkpt>
      <trkpt lat="36.8677696" lon="138.2576795">
        <ele>1094.4611019418505</ele>
      </trkpt>
      <trkpt lat="36.8677878" lon="138.2576698">
        <ele>1093.4465112918558</ele>
      </trkpt>
      <trkpt lat="36.8678018" lon="138.2576549">
        <ele>1092.6199161869577</ele>
      </trkpt>
      <trkpt lat="36.8678159" lon="138.25764">
        <ele>1091.7878675461197</ele>
      </trkpt>
      <trkpt lat="36.8678229" lon="138.2576199">
        <ele>1091.2833190986096</ele>
      </trkpt>
      <trkpt lat="36.8678299" lon="138.2575998">
        <ele>1090.6461458472936</ele>
      </trkpt>
      <trkpt lat="36.86783" lon="138.2575767">
        <ele>1090.3135877500779</ele>
      </trkpt>
      <trkpt lat="36.8678301" lon="138.2575537">
        <ele>1089.9826816588636</ele>
      </trkpt>
      <trkpt lat="36.867829" lon="138.257531">
        <ele>1089.7056887820954</ele>
      </trkpt>
      <trkpt lat="36.8678279" lon="138.2575083">
        <ele>1089.2691113859705</ele>
      </trkpt>
      <trkpt lat="36.867834" lon="138.2574949">
        <ele>1088.6947626361975</ele>
      </trkpt>
      <trkpt lat="36.8678401" lon="138.2574816">
        <ele>1088.1280760441093</ele>
      </trkpt>
      <trkpt lat="36.8678529" lon="138.2574803">
        <ele>1087.507947468797</ele>
      </trkpt>
      <trkpt lat="36.8678658" lon="138.2574791">
        <ele>1086.8863498872893</ele>
      </trkpt>
      <trkpt lat="36.8678779" lon="138.257479">
        <ele>1086.3246266577917</ele>
      </trkpt>
      <trkpt lat="36.86789" lon="138.2574789">
        <ele>1085.7267975099762</ele>
      </trkpt>
      <trkpt lat="36.8679003" lon="138.2574749">
        <ele>1085.1396949154762</ele>
      </trkpt>
      <trkpt lat="36.8679106" lon="138.257471">
        <ele>1084.5586092138562</ele>
      </trkpt>
      <trkpt lat="36.8679236" lon="138.2574702">
        <ele>1083.903445278616</ele>
      </trkpt>
      <trkpt lat="36.8679366" lon="138.2574695">
        <ele>1083.2510302892958</ele>
      </trkpt>
      <trkpt lat="36.867952" lon="138.2574739">
        <ele>1082.5616979123934</ele>
      </trkpt>
      <trkpt lat="36.8679674" lon="138.2574783">
        <ele>1081.8622925235866</ele>
      </trkpt>
      <trkpt lat="36.8679838" lon="138.2574865">
        <ele>1081.1701437053919</ele>
      </trkpt>
      <trkpt lat="36.8680002" lon="138.2574947">
        <ele>1080.4734311721952</ele>
      </trkpt>
      <trkpt lat="36.8680165" lon="138.2575025">
        <ele>1079.7711413675333</ele>
      </trkpt>
      <trkpt lat="36.8680328" lon="138.2575103">
        <ele>1079.0299808816883</ele>
      </trkpt>
      <trkpt lat="36.8680446" lon="138.2575116">
        <ele>1078.4251138207414</ele>
      </trkpt>
      <trkpt lat="36.8680564" lon="138.257513">
        <ele>1077.8199984928249</ele>
      </trkpt>
      <trkpt lat="36.8680605" lon="138.2575024">
        <ele>1077.4660457214816</ele>
      </trkpt>
      <trkpt lat="36.8680646" lon="138.2574918">
        <ele>1077.116517349932</ele>
      </trkpt>
      <trkpt lat="36.8680659" lon="138.2574782">
        <ele>1076.877076405827</ele>
      </trkpt>
      <trkpt lat="36.8680672" lon="138.2574646">
        <ele>1076.6394353590035</ele>
      </trkpt>
      <trkpt lat="36.8680725" lon="138.2574604">
        <ele>1076.3203412549967</ele>
      </trkpt>
      <trkpt lat="36.8680779" lon="138.2574563">
        <ele>1075.9997154174746</ele>
      </trkpt>
      <trkpt lat="36.8680881" lon="138.2574586">
        <ele>1075.5170269669106</ele>
      </trkpt>
      <trkpt lat="36.8680983" lon="138.2574609">
        <ele>1075.0361438499892</ele>
      </trkpt>
      <trkpt lat="36.8681124" lon="138.2574652">
        <ele>1074.3826280914072</ele>
      </trkpt>
      <trkpt lat="36.8681265" lon="138.2574696">
        <ele>1073.7281503537472</ele>
      </trkpt>
      <trkpt lat="36.8681399" lon="138.257472">
        <ele>1073.0850991666418</ele>
      </trkpt>
      <trkpt lat="36.8681534" lon="138.2574745">
        <ele>1072.4370073013292</ele>
      </trkpt>
      <trkpt lat="36.8681613" lon="138.2574691">
        <ele>1071.9936491173535</ele>
      </trkpt>
      <trkpt lat="36.8681693" lon="138.2574638">
        <ele>1071.550124254772</ele>
      </trkpt>
      <trkpt lat="36.8681724" lon="138.2574526">
        <ele>1071.288767970839</ele>
      </trkpt>
      <trkpt lat="36.8681756" lon="138.2574414">
        <ele>1071.0004209164454</ele>
      </trkpt>
      <trkpt lat="36.8681812" lon="138.2574352">
        <ele>1070.640689024186</ele>
      </trkpt>
      <trkpt lat="36.8681868" lon="138.2574291">
        <ele>1070.283594663385</ele>
      </trkpt>
      <trkpt lat="36.8681989" lon="138.2574342">
        <ele>1069.7789929942069</ele>
      </trkpt>
      <trkpt lat="36.868211" lon="138.2574393">
        <ele>1069.2722971154533</ele>
      </trkpt>
      <trkpt lat="36.868226" lon="138.2574511">
        <ele>1068.693798510707</ele>
      </trkpt>
      <trkpt lat="36.868241" lon="138.257463">
        <ele>1068.0820525069207</ele>
      </trkpt>
      <trkpt lat="36.8682525" lon="138.2574685">
        <ele>1067.5789331073468</ele>
      </trkpt>
      <trkpt lat="36.8682641" lon="138.257474">
        <ele>1067.0667665975225</ele>
      </trkpt>
      <trkpt lat="36.8682699" lon="138.2574693">
        <ele>1066.7601851586192</ele>
      </trkpt>
      <trkpt lat="36.8682757" lon="138.2574647">
        <ele>1066.4560901748955</ele>
      </trkpt>
      <trkpt lat="36.8682829" lon="138.2574608">
        <ele>1066.092189859751</ele>
      </trkpt>
      <trkpt lat="36.8682902" lon="138.2574569">
        <ele>1065.725499044251</ele>
      </trkpt>
      <trkpt lat="36.868299" lon="138.2574569">
        <ele>1065.3122292174667</ele>
      </trkpt>
      <trkpt lat="36.8683079" lon="138.257457">
        <ele>1064.8947901742927</ele>
      </trkpt>
      <trkpt lat="36.8683139" lon="138.2574524">
        <ele>1064.5896858184008</ele>
      </trkpt>
      <trkpt lat="36.8683199" lon="138.2574479">
        <ele>1064.2869409990674</ele>
      </trkpt>
      <trkpt lat="36.8683201" lon="138.2574364">
        <ele>1064.1478375105285</ele>
      </trkpt>
      <trkpt lat="36.8683203" lon="138.2574249">
        <ele>1063.9967760657541</ele>
      </trkpt>
      <trkpt lat="36.8683196" lon="138.257411">
        <ele>1063.8576163756325</ele>
      </trkpt>
      <trkpt lat="36.868319" lon="138.2573971">
        <ele>1063.7135497193335</ele>
      </trkpt>
      <trkpt lat="36.8683267" lon="138.2573901">
        <ele>1063.2756002236947</ele>
      </trkpt>
      <trkpt lat="36.8683344" lon="138.2573832">
        <ele>1062.8406886774824</ele>
      </trkpt>
      <trkpt lat="36.8683499" lon="138.2573828">
        <ele>1062.1302127522076</ele>
      </trkpt>
      <trkpt lat="36.8683654" lon="138.2573824">
        <ele>1061.4311731876585</ele>
      </trkpt>
      <trkpt lat="36.8683826" lon="138.2573851">
        <ele>1060.7139289426234</ele>
      </trkpt>
      <trkpt lat="36.8683999" lon="138.2573878">
        <ele>1059.987594199883</ele>
      </trkpt>
      <trkpt lat="36.868413" lon="138.2573871">
        <ele>1059.4098285406237</ele>
      </trkpt>
      <trkpt lat="36.8684262" lon="138.2573865">
        <ele>1058.829470175378</ele>
      </trkpt>
      <trkpt lat="36.8684313" lon="138.2573798">
        <ele>1058.5472651799485</ele>
      </trkpt>
      <trkpt lat="36.8684364" lon="138.2573731">
        <ele>1058.2607378668959</ele>
      </trkpt>
      <trkpt lat="36.8684342" lon="138.2573616">
        <ele>1058.2692869273994</ele>
      </trkpt>
      <trkpt lat="36.868432" lon="138.2573502">
        <ele>1058.1818505786373</ele>
      </trkpt>
      <trkpt lat="36.8684302" lon="138.2573396">
        <ele>1058.077633242964</ele>
      </trkpt>
      <trkpt lat="36.8684284" lon="138.257329">
        <ele>1057.970833578962</ele>
      </trkpt>
      <trkpt lat="36.8684317" lon="138.2573258">
        <ele>1057.7723094604034</ele>
      </trkpt>
      <trkpt lat="36.8684351" lon="138.2573226">
        <ele>1057.569898589236</ele>
      </trkpt>
      <trkpt lat="36.8684448" lon="138.2573298">
        <ele>1057.2706709156096</ele>
      </trkpt>
      <trkpt lat="36.8684546" lon="138.2573371">
        <ele>1056.9615546854725</ele>
      </trkpt>
      <trkpt lat="36.8684696" lon="138.2573504">
        <ele>1056.5070692709596</ele>
      </trkpt>
      <trkpt lat="36.8684847" lon="138.2573638">
        <ele>1056.0012243593837</ele>
      </trkpt>
      <trkpt lat="36.8685014" lon="138.2573753">
        <ele>1055.309912012578</ele>
      </trkpt>
      <trkpt lat="36.8685182" lon="138.2573868">
        <ele>1054.593670388889</ele>
      </trkpt>
      <trkpt lat="36.8685288" lon="138.2573848">
        <ele>1054.092437697822</ele>
      </trkpt>
      <trkpt lat="36.8685395" lon="138.2573829">
        <ele>1053.589103879781</ele>
      </trkpt>
      <trkpt lat="36.8685424" lon="138.2573677">
        <ele>1053.401018894985</ele>
      </trkpt>
      <trkpt lat="36.8685454" lon="138.2573525">
        <ele>1053.1415812699224</ele>
      </trkpt>
      <trkpt lat="36.8685416" lon="138.2573316">
        <ele>1053.0511468057966</ele>
      </trkpt>
      <trkpt lat="36.8685379" lon="138.2573107">
        <ele>1052.9509763409621</ele>
      </trkpt>
      <trkpt lat="36.8685319" lon="138.2572915">
        <ele>1052.9656651869893</ele>
      </trkpt>
      <trkpt lat="36.868526" lon="138.2572723">
        <ele>1052.9520482454495</ele>
      </trkpt>
      <trkpt lat="36.8685261" lon="138.2572625">
        <ele>1052.7518052809291</ele>
      </trkpt>
      <trkpt lat="36.8685263" lon="138.2572528">
        <ele>1052.5494794874708</ele>
      </trkpt>
      <trkpt lat="36.8685342" lon="138.257253">
        <ele>1052.2256316852145</ele>
      </trkpt>
      <trkpt lat="36.8685421" lon="138.2572532">
        <ele>1051.9016766148425</ele>
      </trkpt>
      <trkpt lat="36.8685538" lon="138.2572589">
        <ele>1051.5247095402008</ele>
      </trkpt>
      <trkpt lat="36.8685655" lon="138.2572647">
        <ele>1051.1450827248227</ele>
      </trkpt>
      <trkpt lat="36.8685774" lon="138.2572707">
        <ele>1050.7072367366436</ele>
      </trkpt>
      <trkpt lat="36.8685894" lon="138.2572767">
        <ele>1050.2422470738825</ele>
      </trkpt>
      <trkpt lat="36.8685971" lon="138.2572746">
        <ele>1049.8604060320256</ele>
      </trkpt>
      <trkpt lat="36.8686048" lon="138.2572725">
        <ele>1049.4651758837822</ele>
      </trkpt>
      <trkpt lat="36.8686058" lon="138.2572585">
        <ele>1049.1764708198232</ele>
      </trkpt>
      <trkpt lat="36.8686069" lon="138.2572446">
        <ele>1048.885883999748</ele>
      </trkpt>
      <trkpt lat="36.8686019" lon="138.2572236">
        <ele>1048.7477607116887</ele>
      </trkpt>
      <trkpt lat="36.868597" lon="138.2572026">
        <ele>1048.5980952317568</ele>
      </trkpt>
      <trkpt lat="36.8685897" lon="138.2571815">
        <ele>1048.4929214159504</ele>
      </trkpt>
      <trkpt lat="36.8685825" lon="138.2571604">
        <ele>1048.2765309552767</ele>
      </trkpt>
      <trkpt lat="36.8685775" lon="138.2571421">
        <ele>1048.0281045162956</ele>
      </trkpt>
      <trkpt lat="36.8685726" lon="138.2571239">
        <ele>1047.7718610768022</ele>
      </trkpt>
      <trkpt lat="36.8685738" lon="138.2571146">
        <ele>1047.4860919823805</ele>
      </trkpt>
      <trkpt lat="36.868575" lon="138.2571054">
        <ele>1047.2036137045473</ele>
      </trkpt>
      <trkpt lat="36.8685827" lon="138.2571056">
        <ele>1046.8940074639438</ele>
      </trkpt>
      <trkpt lat="36.8685904" lon="138.2571058">
        <ele>1046.584296672653</ele>
      </trkpt>
      <trkpt lat="36.8685999" lon="138.2571079">
        <ele>1046.2474258877091</ele>
      </trkpt>
      <trkpt lat="36.8686095" lon="138.2571101">
        <ele>1045.9075157672403</ele>
      </trkpt>
      <trkpt lat="36.8686147" lon="138.2571063">
        <ele>1045.603065770814</ele>
      </trkpt>
      <trkpt lat="36.8686199" lon="138.2571026">
        <ele>1045.3006307707801</ele>
      </trkpt>
      <trkpt lat="36.8686253" lon="138.2570969">
        <ele>1044.9192629806391</ele>
      </trkpt>
      <trkpt lat="36.8686307" lon="138.2570913">
        <ele>1044.5427946179407</ele>
      </trkpt>
      <trkpt lat="36.8686399" lon="138.2570899">
        <ele>1044.1323772742073</ele>
      </trkpt>
      <trkpt lat="36.8686491" lon="138.2570886">
        <ele>1043.7255820170112</ele>
      </trkpt>
      <trkpt lat="36.8686555" lon="138.2570823">
        <ele>1043.2959739438877</ele>
      </trkpt>
      <trkpt lat="36.868662" lon="138.2570761">
        <ele>1042.8678203373468</ele>
      </trkpt>
      <trkpt lat="36.8686615" lon="138.2570614">
        <ele>1042.4899879304307</ele>
      </trkpt>
      <trkpt lat="36.868661" lon="138.2570467">
        <ele>1042.1116566797152</ele>
      </trkpt>
      <trkpt lat="36.8686555" lon="138.2570283">
        <ele>1041.8238007202115</ele>
      </trkpt>
      <trkpt lat="36.8686501" lon="138.25701">
        <ele>1041.5012760673142</ele>
      </trkpt>
      <trkpt lat="36.8686402" lon="138.2569912">
        <ele>1041.2852356778833</ele>
      </trkpt>
      <trkpt lat="36.8686304" lon="138.2569725">
        <ele>1041.055528118076</ele>
      </trkpt>
      <trkpt lat="36.8686182" lon="138.2569557">
        <ele>1040.9470062997452</ele>
      </trkpt>
      <trkpt lat="36.868606" lon="138.256939">
        <ele>1040.8209112349323</ele>
      </trkpt>
      <trkpt lat="36.868602" lon="138.2569267">
        <ele>1040.5433550884586</ele>
      </trkpt>
      <trkpt lat="36.868598" lon="138.2569145">
        <ele>1040.25718272951</ele>
      </trkpt>
      <trkpt lat="36.8686066" lon="138.2569082">
        <ele>1039.755688176717</ele>
      </trkpt>
      <trkpt lat="36.8686152" lon="138.256902">
        <ele>1039.2594443345306</ele>
      </trkpt>
      <trkpt lat="36.8686333" lon="138.2568989">
        <ele>1038.5573490287618</ele>
      </trkpt>
      <trkpt lat="36.8686514" lon="138.2568958">
        <ele>1037.8289538056304</ele>
      </trkpt>
      <trkpt lat="36.8686719" lon="138.2568944">
        <ele>1037.0749684604111</ele>
      </trkpt>
      <trkpt lat="36.8686924" lon="138.256893">
        <ele>1036.3239047312961</ele>
      </trkpt>
      <trkpt lat="36.8687115" lon="138.2568924">
        <ele>1035.6257437143818</ele>
      </trkpt>
      <trkpt lat="36.8687307" lon="138.2568919">
        <ele>1034.8965007471847</ele>
      </trkpt>
      <trkpt lat="36.8687455" lon="138.2568908">
        <ele>1034.3134605029793</ele>
      </trkpt>
      <trkpt lat="36.8687603" lon="138.2568897">
        <ele>1033.7309726153069</ele>
      </trkpt>
      <trkpt lat="36.8687681" lon="138.2568821">
        <ele>1033.21923747753</ele>
      </trkpt>
      <trkpt lat="36.8687759" lon="138.2568745">
        <ele>1032.7005214810938</ele>
      </trkpt>
      <trkpt lat="36.8687766" lon="138.2568604">
        <ele>1032.2654358102545</ele>
      </trkpt>
      <trkpt lat="36.8687774" lon="138.2568464">
        <ele>1031.830450609379</ele>
      </trkpt>
      <trkpt lat="36.868772" lon="138.2568299">
        <ele>1031.554079810829</ele>
      </trkpt>
      <trkpt lat="36.8687667" lon="138.2568134">
        <ele>1031.2576117558326</ele>
      </trkpt>
      <trkpt lat="36.8687652" lon="138.2568021">
        <ele>1030.9766030221112</ele>
      </trkpt>
      <trkpt lat="36.8687637" lon="138.2567909">
        <ele>1030.6968247515076</ele>
      </trkpt>
      <trkpt lat="36.8687703" lon="138.2567869">
        <ele>1030.3579655628914</ele>
      </trkpt>
      <trkpt lat="36.868777" lon="138.2567829">
        <ele>1030.0064266569293</ele>
      </trkpt>
      <trkpt lat="36.8687884" lon="138.2567823">
        <ele>1029.5818298595104</ele>
      </trkpt>
      <trkpt lat="36.8687998" lon="138.2567818">
        <ele>1029.160516338689</ele>
      </trkpt>
      <trkpt lat="36.8688059" lon="138.2567772">
        <ele>1028.8139957876551</ele>
      </trkpt>
      <trkpt lat="36.8688121" lon="138.2567726">
        <ele>1028.465840485105</ele>
      </trkpt>
      <trkpt lat="36.8688084" lon="138.2567622">
        <ele>1028.3066378967346</ele>
      </trkpt>
      <trkpt lat="36.8688048" lon="138.2567519">
        <ele>1028.1484383205202</ele>
      </trkpt>
      <trkpt lat="36.8687926" lon="138.2567387">
        <ele>1028.1992623149572</ele>
      </trkpt>
      <trkpt lat="36.8687804" lon="138.2567256">
        <ele>1028.2365625953269</ele>
      </trkpt>
      <trkpt lat="36.8687644" lon="138.2567114">
        <ele>1028.3324449230333</ele>
      </trkpt>
      <trkpt lat="36.8687485" lon="138.2566973">
        <ele>1028.3937995951023</ele>
      </trkpt>
      <trkpt lat="36.8687394" lon="138.2566842">
        <ele>1028.269951617524</ele>
      </trkpt>
      <trkpt lat="36.8687304" lon="138.2566712">
        <ele>1028.1393542950846</ele>
      </trkpt>
      <trkpt lat="36.8687361" lon="138.2566632">
        <ele>1027.7356867898486</ele>
      </trkpt>
      <trkpt lat="36.8687418" lon="138.2566552">
        <ele>1027.3366615857715</ele>
      </trkpt>
      <trkpt lat="36.8687583" lon="138.2566517">
        <ele>1026.7713578190787</ele>
      </trkpt>
      <trkpt lat="36.8687748" lon="138.2566482">
        <ele>1026.2070480972081</ele>
      </trkpt>
      <trkpt lat="36.8687943" lon="138.2566477">
        <ele>1025.61402176628</ele>
      </trkpt>
      <trkpt lat="36.8688139" lon="138.2566472">
        <ele>1025.0186890266032</ele>
      </trkpt>
      <trkpt lat="36.868832" lon="138.2566477">
        <ele>1024.4944489844481</ele>
      </trkpt>
      <trkpt lat="36.8688502" lon="138.2566483">
        <ele>1023.9324783544525</ele>
      </trkpt>
      <trkpt lat="36.8688623" lon="138.2566451">
        <ele>1023.4467391792514</ele>
      </trkpt>
      <trkpt lat="36.8688745" lon="138.2566419">
        <ele>1022.961609079875</ele>
      </trkpt>
      <trkpt lat="36.868879" lon="138.2566288">
        <ele>1022.5012754225936</ele>
      </trkpt>
      <trkpt lat="36.8688835" lon="138.2566158">
        <ele>1022.0492894288451</ele>
      </trkpt>
      <trkpt lat="36.868887" lon="138.2565937">
        <ele>1021.4227089177796</ele>
      </trkpt>
      <trkpt lat="36.8688905" lon="138.2565716">
        <ele>1020.8092976034723</ele>
      </trkpt>
      <trkpt lat="36.8688986" lon="138.2565434">
        <ele>1019.9313490947167</ele>
      </trkpt>
      <trkpt lat="36.8689067" lon="138.2565153">
        <ele>1019.0711267954626</ele>
      </trkpt>
      <trkpt lat="36.8689179" lon="138.2564839">
        <ele>1018.0791321556624</ele>
      </trkpt>
      <trkpt lat="36.8689291" lon="138.2564525">
        <ele>1017.122178202565</ele>
      </trkpt>
      <trkpt lat="36.8689401" lon="138.2564215">
        <ele>1016.2023419438425</ele>
      </trkpt>
      <trkpt lat="36.8689511" lon="138.2563905">
        <ele>1015.2937707700432</ele>
      </trkpt>
      <trkpt lat="36.8689627" lon="138.2563626">
        <ele>1014.4628089428154</ele>
      </trkpt>
      <trkpt lat="36.8689743" lon="138.2563347">
        <ele>1013.6647953694895</ele>
      </trkpt>
      <trkpt lat="36.8689862" lon="138.2563113">
        <ele>1012.8817506610903</ele>
      </trkpt>
      <trkpt lat="36.8689981" lon="138.2562879">
        <ele>1012.0852804600761</ele>
      </trkpt>
      <trkpt lat="36.8690083" lon="138.2562671">
        <ele>1011.4028134871099</ele>
      </trkpt>
      <trkpt lat="36.8690186" lon="138.2562464">
        <ele>1010.7342245953909</ele>
      </trkpt>
      <trkpt lat="36.8690253" lon="138.2562262">
        <ele>1010.1698462633801</ele>
      </trkpt>
      <trkpt lat="36.8690321" lon="138.2562061">
        <ele>1009.6180714874541</ele>
      </trkpt>
      <trkpt lat="36.8690323" lon="138.2561855">
        <ele>1009.2142138976853</ele>
      </trkpt>
      <trkpt lat="36.8690325" lon="138.2561649">
        <ele>1008.8107757464817</ele>
      </trkpt>
      <trkpt lat="36.8690291" lon="138.2561461">
        <ele>1008.4840173984923</ele>
      </trkpt>
      <trkpt lat="36.8690258" lon="138.2561274">
        <ele>1008.136930629697</ele>
      </trkpt>
      <trkpt lat="36.8690289" lon="138.2561109">
        <ele>1007.7175549531853</ele>
      </trkpt>
      <trkpt lat="36.8690321" lon="138.2560945">
        <ele>1007.3038480858618</ele>
      </trkpt>
      <trkpt lat="36.8690441" lon="138.2560802">
        <ele>1006.7965621251093</ele>
      </trkpt>
      <trkpt lat="36.8690561" lon="138.256066">
        <ele>1006.2614480800877</ele>
      </trkpt>
      <trkpt lat="36.8690734" lon="138.2560519">
        <ele>1005.6301938085265</ele>
      </trkpt>
      <trkpt lat="36.8690907" lon="138.2560378">
        <ele>1005.0320506958536</ele>
      </trkpt>
      <trkpt lat="36.8691065" lon="138.2560206">
        <ele>1004.4365039038935</ele>
      </trkpt>
      <trkpt lat="36.8691223" lon="138.2560035">
        <ele>1003.830349558713</ele>
      </trkpt>
      <trkpt lat="36.8691339" lon="138.2559807">
        <ele>1003.1940342686999</ele>
      </trkpt>
      <trkpt lat="36.8691456" lon="138.255958">
        <ele>1002.5931774325584</ele>
      </trkpt>
      <trkpt lat="36.8691548" lon="138.2559292">
        <ele>1001.983831424749</ele>
      </trkpt>
      <trkpt lat="36.869164" lon="138.2559004">
        <ele>1001.4126338927788</ele>
      </trkpt>
      <trkpt lat="36.8691742" lon="138.25587">
        <ele>1000.9104628919328</ele>
      </trkpt>
      <trkpt lat="36.8691845" lon="138.2558396">
        <ele>1000.4490803977942</ele>
      </trkpt>
      <trkpt lat="36.869197" lon="138.2558107">
        <ele>1000.0391345511536</ele>
      </trkpt>
      <trkpt lat="36.8692096" lon="138.2557819">
        <ele>999.7496645413562</ele>
      </trkpt>
      <trkpt lat="36.8692256" lon="138.2557561">
        <ele>999.4879281338763</ele>
      </trkpt>
      <trkpt lat="36.8692416" lon="138.2557303">
        <ele>999.268217110323</ele>
      </trkpt>
      <trkpt lat="36.8692605" lon="138.2557073">
        <ele>999.1130847439115</ele>
      </trkpt>
      <trkpt lat="36.8692794" lon="138.2556844">
        <ele>998.9562197750581</ele>
      </trkpt>
      <trkpt lat="36.8692994" lon="138.2556641">
        <ele>998.8205870005928</ele>
      </trkpt>
      <trkpt lat="36.8693195" lon="138.2556438">
        <ele>998.712081612167</ele>
      </trkpt>
      <trkpt lat="36.8693407" lon="138.2556244">
        <ele>998.6574155941621</ele>
      </trkpt>
      <trkpt lat="36.869362" lon="138.255605">
        <ele>998.6130715023606</ele>
      </trkpt>
      <trkpt lat="36.8693852" lon="138.2555837">
        <ele>998.5816995323846</ele>
      </trkpt>
      <trkpt lat="36.8694085" lon="138.2555624">
        <ele>998.4585648183046</ele>
      </trkpt>
      <trkpt lat="36.8694327" lon="138.25554">
        <ele>998.3438055947965</ele>
      </trkpt>
      <trkpt lat="36.869457" lon="138.2555177">
        <ele>998.2492816081635</ele>
      </trkpt>
      <trkpt lat="36.8694799" lon="138.2554938">
        <ele>998.1403337453586</ele>
      </trkpt>
      <trkpt lat="36.8695028" lon="138.25547">
        <ele>998.0378263485024</ele>
      </trkpt>
      <trkpt lat="36.8695235" lon="138.2554493">
        <ele>997.8877449636868</ele>
      </trkpt>
      <trkpt lat="36.8695442" lon="138.2554287">
        <ele>997.6500749282693</ele>
      </trkpt>
      <trkpt lat="36.8695626" lon="138.2554205">
        <ele>997.3679393292157</ele>
      </trkpt>
      <trkpt lat="36.8695811" lon="138.2554124">
        <ele>997.0884587450602</ele>
      </trkpt>
      <trkpt lat="36.8696019" lon="138.2554146">
        <ele>996.677992974455</ele>
      </trkpt>
      <trkpt lat="36.8696227" lon="138.2554168">
        <ele>996.2082326237582</ele>
      </trkpt>
      <trkpt lat="36.8696459" lon="138.2554183">
        <ele>995.6909368775791</ele>
      </trkpt>
      <trkpt lat="36.8696692" lon="138.2554199">
        <ele>995.1619737855705</ele>
      </trkpt>
      <trkpt lat="36.8696941" lon="138.2554166">
        <ele>994.592295411295</ele>
      </trkpt>
      <trkpt lat="36.8697191" lon="138.2554133">
        <ele>994.0230294329177</ele>
      </trkpt>
      <trkpt lat="36.8697419" lon="138.2554027">
        <ele>993.5472200843517</ele>
      </trkpt>
      <trkpt lat="36.8697647" lon="138.2553921">
        <ele>993.0359821595727</ele>
      </trkpt>
      <trkpt lat="36.8697778" lon="138.2553734">
        <ele>992.7944502448347</ele>
      </trkpt>
      <trkpt lat="36.869791" lon="138.2553547">
        <ele>992.5349185126381</ele>
      </trkpt>
      <trkpt lat="36.8697939" lon="138.25533">
        <ele>992.5720890684854</ele>
      </trkpt>
      <trkpt lat="36.8697969" lon="138.2553054">
        <ele>992.608749459581</ele>
      </trkpt>
      <trkpt lat="36.8697945" lon="138.2552769">
        <ele>992.6354214980969</ele>
      </trkpt>
      <trkpt lat="36.8697922" lon="138.2552485">
        <ele>992.6261881261836</ele>
      </trkpt>
      <trkpt lat="36.8697888" lon="138.2552179">
        <ele>992.639062191151</ele>
      </trkpt>
      <trkpt lat="36.8697854" lon="138.2551874">
        <ele>992.549003397796</ele>
      </trkpt>
      <trkpt lat="36.8697817" lon="138.2551601">
        <ele>992.4703678646978</ele>
      </trkpt>
      <trkpt lat="36.8697781" lon="138.2551329">
        <ele>992.3865910759533</ele>
      </trkpt>
      <trkpt lat="36.8697791" lon="138.2551153">
        <ele>992.2010863364918</ele>
      </trkpt>
      <trkpt lat="36.8697801" lon="138.2550977">
        <ele>992.0010055806966</ele>
      </trkpt>
      <trkpt lat="36.8697917" lon="138.2550945">
        <ele>991.7120071206659</ele>
      </trkpt>
      <trkpt lat="36.8698034" lon="138.2550913">
        <ele>991.4198097712358</ele>
      </trkpt>
      <trkpt lat="36.8698199" lon="138.2550965">
        <ele>991.0536469744845</ele>
      </trkpt>
      <trkpt lat="36.8698364" lon="138.2551017">
        <ele>990.6816607551684</ele>
      </trkpt>
      <trkpt lat="36.8698494" lon="138.2551024">
        <ele>990.3582590397272</ele>
      </trkpt>
      <trkpt lat="36.8698625" lon="138.2551031">
        <ele>990.0317056226907</ele>
      </trkpt>
      <trkpt lat="36.8698687" lon="138.2550944">
        <ele>989.8131419923836</ele>
      </trkpt>
      <trkpt lat="36.8698749" lon="138.2550857">
        <ele>989.5835047459368</ele>
      </trkpt>
      <trkpt lat="36.8698813" lon="138.255074">
        <ele>989.3220623566287</ele>
      </trkpt>
      <trkpt lat="36.8698877" lon="138.2550623">
        <ele>989.0631610456157</ele>
      </trkpt>
      <trkpt lat="36.8698937" lon="138.255048">
        <ele>988.800752894189</ele>
      </trkpt>
      <trkpt lat="36.8698997" lon="138.2550338">
        <ele>988.5339504575845</ele>
      </trkpt>
      <trkpt lat="36.8699022" lon="138.2550168">
        <ele>988.3440512388806</ele>
      </trkpt>
      <trkpt lat="36.8699048" lon="138.2549998">
        <ele>988.1574473901508</ele>
      </trkpt>
      <trkpt lat="36.8699075" lon="138.2549832">
        <ele>987.9772185418926</ele>
      </trkpt>
      <trkpt lat="36.8699103" lon="138.2549666">
        <ele>987.8008253179402</ele>
      </trkpt>
      <trkpt lat="36.8699158" lon="138.2549506">
        <ele>987.5718081752807</ele>
      </trkpt>
      <trkpt lat="36.8699213" lon="138.2549346">
        <ele>987.3454584661627</ele>
      </trkpt>
      <trkpt lat="36.8699276" lon="138.254918">
        <ele>987.1083039390737</ele>
      </trkpt>
      <trkpt lat="36.8699339" lon="138.2549014">
        <ele>986.8817963439153</ele>
      </trkpt>
      <trkpt lat="36.8699382" lon="138.2548843">
        <ele>986.6993092962387</ele>
      </trkpt>
      <trkpt lat="36.8699426" lon="138.2548672">
        <ele>986.5005439040624</ele>
      </trkpt>
      <trkpt lat="36.8699444" lon="138.2548488">
        <ele>986.3725583362952</ele>
      </trkpt>
      <trkpt lat="36.8699462" lon="138.2548305">
        <ele>986.2483766473431</ele>
      </trkpt>
      <trkpt lat="36.8699469" lon="138.2548106">
        <ele>986.1462156194136</ele>
      </trkpt>
      <trkpt lat="36.8699476" lon="138.2547907">
        <ele>986.0454727584122</ele>
      </trkpt>
      <trkpt lat="36.8699497" lon="138.2547673">
        <ele>985.8659191241287</ele>
      </trkpt>
      <trkpt lat="36.8699518" lon="138.2547439">
        <ele>985.6840895823705</ele>
      </trkpt>
      <trkpt lat="36.8699549" lon="138.2547166">
        <ele>985.4720954964434</ele>
      </trkpt>
      <trkpt lat="36.8699581" lon="138.2546893">
        <ele>985.2907822239637</ele>
      </trkpt>
      <trkpt lat="36.8699588" lon="138.2546588">
        <ele>985.1687480566034</ele>
      </trkpt>
      <trkpt lat="36.8699595" lon="138.2546283">
        <ele>985.0488874629034</ele>
      </trkpt>
      <trkpt lat="36.8699597" lon="138.2545954">
        <ele>984.9182938852323</ele>
      </trkpt>
      <trkpt lat="36.8699599" lon="138.2545625">
        <ele>984.7817906472237</ele>
      </trkpt>
      <trkpt lat="36.8699688" lon="138.2545347">
        <ele>984.6369577946283</ele>
      </trkpt>
      <trkpt lat="36.8699777" lon="138.254507">
        <ele>984.5425055383846</ele>
      </trkpt>
      <trkpt lat="36.8699963" lon="138.2544911">
        <ele>984.4766744996683</ele>
      </trkpt>
      <trkpt lat="36.8700149" lon="138.2544753">
        <ele>984.4039179322583</ele>
      </trkpt>
      <trkpt lat="36.8700361" lon="138.2544635">
        <ele>984.3031705406547</ele>
      </trkpt>
      <trkpt lat="36.8700573" lon="138.2544518">
        <ele>984.2361636180927</ele>
      </trkpt>
      <trkpt lat="36.8700777" lon="138.2544363">
        <ele>984.2053842791311</ele>
      </trkpt>
      <trkpt lat="36.8700981" lon="138.2544208">
        <ele>984.0564415437196</ele>
      </trkpt>
      <trkpt lat="36.8701161" lon="138.2543996">
        <ele>983.9843171243351</ele>
      </trkpt>
      <trkpt lat="36.8701341" lon="138.2543784">
        <ele>983.9510421928852</ele>
      </trkpt>
      <trkpt lat="36.8701475" lon="138.2543528">
        <ele>983.9926585265567</ele>
      </trkpt>
      <trkpt lat="36.8701609" lon="138.2543273">
        <ele>983.9675954777515</ele>
      </trkpt>
      <trkpt lat="36.8701695" lon="138.2542992">
        <ele>984.025178621174</ele>
      </trkpt>
      <trkpt lat="36.8701781" lon="138.2542712">
        <ele>984.1068490433272</ele>
      </trkpt>
      <trkpt lat="36.8701841" lon="138.2542418">
        <ele>984.1757290094171</ele>
      </trkpt>
      <trkpt lat="36.8701901" lon="138.2542124">
        <ele>984.2435367916253</ele>
      </trkpt>
      <trkpt lat="36.8701969" lon="138.254186">
        <ele>984.2961984550587</ele>
      </trkpt>
      <trkpt lat="36.8702038" lon="138.2541596">
        <ele>984.3145825761068</ele>
      </trkpt>
      <trkpt lat="36.8702147" lon="138.2541461">
        <ele>984.2857927876723</ele>
      </trkpt>
      <trkpt lat="36.8702256" lon="138.2541326">
        <ele>984.2317632880422</ele>
      </trkpt>
      <trkpt lat="36.8702375" lon="138.2541338">
        <ele>984.1350325298135</ele>
      </trkpt>
      <trkpt lat="36.8702494" lon="138.254135">
        <ele>984.0378171554925</ele>
      </trkpt>
      <trkpt lat="36.8702591" lon="138.2541442">
        <ele>983.932790873681</ele>
      </trkpt>
      <trkpt lat="36.8702688" lon="138.2541534">
        <ele>983.8247361596774</ele>
      </trkpt>
      <trkpt lat="36.8702801" lon="138.254159">
        <ele>983.7126878325236</ele>
      </trkpt>
      <trkpt lat="36.8702914" lon="138.2541646">
        <ele>983.5889527631205</ele>
      </trkpt>
      <trkpt lat="36.8703063" lon="138.2541595">
        <ele>983.4691144453781</ele>
      </trkpt>
      <trkpt lat="36.8703213" lon="138.2541545">
        <ele>983.353037071696</ele>
      </trkpt>
      <trkpt lat="36.8703404" lon="138.2541411">
        <ele>983.2509202301812</ele>
      </trkpt>
      <trkpt lat="36.8703596" lon="138.2541277">
        <ele>983.1299944235609</ele>
      </trkpt>
      <trkpt lat="36.8703814" lon="138.2541117">
        <ele>982.964129646344</ele>
      </trkpt>
      <trkpt lat="36.8704033" lon="138.2540958">
        <ele>982.8020123791116</ele>
      </trkpt>
      <trkpt lat="36.8704254" lon="138.2540785">
        <ele>982.5884182769421</ele>
      </trkpt>
      <trkpt lat="36.8704476" lon="138.2540612">
        <ele>982.3858123723282</ele>
      </trkpt>
      <trkpt lat="36.8704689" lon="138.2540431">
        <ele>982.2084114028436</ele>
      </trkpt>
      <trkpt lat="36.8704903" lon="138.254025">
        <ele>982.0427574247988</ele>
      </trkpt>
      <trkpt lat="36.8705141" lon="138.2540099">
        <ele>981.8438029225988</ele>
      </trkpt>
      <trkpt lat="36.870538" lon="138.2539948">
        <ele>981.6140312292631</ele>
      </trkpt>
      <trkpt lat="36.8705642" lon="138.2539847">
        <ele>981.358209970736</ele>
      </trkpt>
      <trkpt lat="36.8705905" lon="138.2539746">
        <ele>981.0818692544815</ele>
      </trkpt>
      <trkpt lat="36.8706142" lon="138.2539642">
        <ele>980.8433310768701</ele>
      </trkpt>
      <trkpt lat="36.870638" lon="138.2539538">
        <ele>980.5657168962534</ele>
      </trkpt>
      <trkpt lat="36.8706573" lon="138.2539394">
        <ele>980.3181919465317</ele>
      </trkpt>
      <trkpt lat="36.8706766" lon="138.2539251">
        <ele>980.0591853916644</ele>
      </trkpt>
      <trkpt lat="36.870691" lon="138.253908">
        <ele>979.8084419734945</ele>
      </trkpt>
      <trkpt lat="36.8707054" lon="138.253891">
        <ele>979.5308167725809</ele>
      </trkpt>
      <trkpt lat="36.8707169" lon="138.2538813">
        <ele>979.3072349279196</ele>
      </trkpt>
      <trkpt lat="36.8707285" lon="138.2538716">
        <ele>979.0819054067144</ele>
      </trkpt>
      <trkpt lat="36.8707369" lon="138.253876">
        <ele>978.9453559051278</ele>
      </trkpt>
      <trkpt lat="36.8707453" lon="138.2538804">
        <ele>978.8088063873361</ele>
      </trkpt>
      <trkpt lat="36.870751" lon="138.2538966">
        <ele>978.7469392942272</ele>
      </trkpt>
      <trkpt lat="36.8707567" lon="138.2539129">
        <ele>978.6853052107622</ele>
      </trkpt>
      <trkpt lat="36.8707586" lon="138.2539351">
        <ele>978.6501265995496</ele>
      </trkpt>
      <trkpt lat="36.8707605" lon="138.2539573">
        <ele>978.5152084634626</ele>
      </trkpt>
      <trkpt lat="36.8707585" lon="138.2539804">
        <ele>978.4484616919829</ele>
      </trkpt>
      <trkpt lat="36.8707566" lon="138.2540036">
        <ele>978.3824014806653</ele>
      </trkpt>
      <trkpt lat="36.8707535" lon="138.2540267">
        <ele>978.3060748574514</ele>
      </trkpt>
      <trkpt lat="36.8707505" lon="138.2540499">
        <ele>978.1992541178868</ele>
      </trkpt>
      <trkpt lat="36.8707488" lon="138.254074">
        <ele>978.0583740007376</ele>
      </trkpt>
      <trkpt lat="36.8707472" lon="138.2540981">
        <ele>977.9142089007523</ele>
      </trkpt>
      <trkpt lat="36.8707478" lon="138.2541244">
        <ele>977.5999049681711</ele>
      </trkpt>
      <trkpt lat="36.8707485" lon="138.2541508">
        <ele>977.2790696918505</ele>
      </trkpt>
      <trkpt lat="36.8707534" lon="138.2541788">
        <ele>976.860075162049</ele>
      </trkpt>
      <trkpt lat="36.8707583" lon="138.2542068">
        <ele>976.4114691309604</ele>
      </trkpt>
      <trkpt lat="36.8707673" lon="138.2542321">
        <ele>975.8991129935548</ele>
      </trkpt>
      <trkpt lat="36.8707764" lon="138.2542575">
        <ele>975.3607919082305</ele>
      </trkpt>
      <trkpt lat="36.8707873" lon="138.2542818">
        <ele>974.8016183760122</ele>
      </trkpt>
      <trkpt lat="36.8707983" lon="138.2543061">
        <ele>974.2549119125038</ele>
      </trkpt>
      <trkpt lat="36.8708063" lon="138.2543321">
        <ele>973.776122042397</ele>
      </trkpt>
      <trkpt lat="36.8708144" lon="138.2543581">
        <ele>973.3171405443046</ele>
      </trkpt>
      <trkpt lat="36.8708185" lon="138.2543849">
        <ele>972.9463166256427</ele>
      </trkpt>
      <trkpt lat="36.8708227" lon="138.2544118">
        <ele>972.5801642383984</ele>
      </trkpt>
      <trkpt lat="36.8708257" lon="138.2544406">
        <ele>972.2207080889766</ele>
      </trkpt>
      <trkpt lat="36.8708288" lon="138.2544695">
        <ele>971.8947821515619</ele>
      </trkpt>
      <trkpt lat="36.8708326" lon="138.2545">
        <ele>971.5536514760313</ele>
      </trkpt>
      <trkpt lat="36.8708364" lon="138.2545306">
        <ele>971.2115407168485</ele>
      </trkpt>
      <trkpt lat="36.8708432" lon="138.2545598">
        <ele>970.8759943518007</ele>
      </trkpt>
      <trkpt lat="36.87085" lon="138.2545891">
        <ele>970.5531696256504</ele>
      </trkpt>
      <trkpt lat="36.8708586" lon="138.2546161">
        <ele>970.2346538223976</ele>
      </trkpt>
      <trkpt lat="36.8708672" lon="138.2546432">
        <ele>969.9022181985705</ele>
      </trkpt>
      <trkpt lat="36.870877" lon="138.2546676">
        <ele>969.5932265740598</ele>
      </trkpt>
      <trkpt lat="36.8708869" lon="138.2546921">
        <ele>969.2986725735514</ele>
      </trkpt>
      <trkpt lat="36.870901" lon="138.2547125">
        <ele>968.9925866717812</ele>
      </trkpt>
      <trkpt lat="36.8709152" lon="138.2547329">
        <ele>968.5941668200571</ele>
      </trkpt>
      <trkpt lat="36.8709343" lon="138.2547478">
        <ele>968.1772916510356</ele>
      </trkpt>
      <trkpt lat="36.8709535" lon="138.2547627">
        <ele>967.7781982232835</ele>
      </trkpt>
      <trkpt lat="36.870974" lon="138.2547698">
        <ele>967.3971669742646</ele>
      </trkpt>
      <trkpt lat="36.8709946" lon="138.2547769">
        <ele>966.9308374495084</ele>
      </trkpt>
      <trkpt lat="36.8710138" lon="138.2547795">
        <ele>966.5224994692437</ele>
      </trkpt>
      <trkpt lat="36.871033" lon="138.2547822">
        <ele>966.1171825737125</ele>
      </trkpt>
      <trkpt lat="36.8710504" lon="138.2547833">
        <ele>965.6147503139823</ele>
      </trkpt>
      <trkpt lat="36.8710679" lon="138.2547844">
        <ele>965.0500909961186</ele>
      </trkpt>
      <trkpt lat="36.8710847" lon="138.254784">
        <ele>964.5125714891481</ele>
      </trkpt>
      <trkpt lat="36.8711016" lon="138.2547837">
        <ele>963.9713746350778</ele>
      </trkpt>
      <trkpt lat="36.8711203" lon="138.254783">
        <ele>963.2945219993106</ele>
      </trkpt>
      <trkpt lat="36.871139" lon="138.2547823">
        <ele>962.5868740607937</ele>
      </trkpt>
      <trkpt lat="36.8711595" lon="138.2547807">
        <ele>961.8117954034644</ele>
      </trkpt>
      <trkpt lat="36.8711801" lon="138.2547791">
        <ele>960.9851449899152</ele>
      </trkpt>
      <trkpt lat="36.8712013" lon="138.2547757">
        <ele>959.9702226836243</ele>
      </trkpt>
      <trkpt lat="36.8712226" lon="138.2547723">
        <ele>958.9504940386407</ele>
      </trkpt>
      <trkpt lat="36.8712426" lon="138.2547639">
        <ele>957.999069284998</ele>
      </trkpt>
      <trkpt lat="36.8712627" lon="138.2547555">
        <ele>956.9982293549028</ele>
      </trkpt>
      <trkpt lat="36.8712817" lon="138.2547407">
        <ele>956.0660958515397</ele>
      </trkpt>
      <trkpt lat="36.8713007" lon="138.254726">
        <ele>955.1432924732479</ele>
      </trkpt>
      <trkpt lat="36.8713201" lon="138.2547085">
        <ele>954.2147747531565</ele>
      </trkpt>
      <trkpt lat="36.8713396" lon="138.254691">
        <ele>953.2667644811879</ele>
      </trkpt>
      <trkpt lat="36.8713592" lon="138.2546751">
        <ele>952.2931199393095</ele>
      </trkpt>
      <trkpt lat="36.8713789" lon="138.2546593">
        <ele>951.3251724042506</ele>
      </trkpt>
      <trkpt lat="36.8713972" lon="138.2546465">
        <ele>950.4775973881655</ele>
      </trkpt>
      <trkpt lat="36.8714156" lon="138.2546338">
        <ele>949.6623561963567</ele>
      </trkpt>
      <trkpt lat="36.8714331" lon="138.2546209">
        <ele>948.9193002570009</ele>
      </trkpt>
      <trkpt lat="36.8714507" lon="138.2546081">
        <ele>948.1692748928837</ele>
      </trkpt>
      <trkpt lat="36.8714681" lon="138.2545919">
        <ele>947.4420926666148</ele>
      </trkpt>
      <trkpt lat="36.8714856" lon="138.2545757">
        <ele>946.7492096638783</ele>
      </trkpt>
      <trkpt lat="36.8715036" lon="138.254557">
        <ele>946.081698669513</ele>
      </trkpt>
      <trkpt lat="36.8715216" lon="138.2545383">
        <ele>945.4608572687714</ele>
      </trkpt>
      <trkpt lat="36.8715362" lon="138.2545176">
        <ele>944.9540989716602</ele>
      </trkpt>
      <trkpt lat="36.8715509" lon="138.254497">
        <ele>944.4261930429877</ele>
      </trkpt>
      <trkpt lat="36.871561" lon="138.2544738">
        <ele>944.0921437672444</ele>
      </trkpt>
      <trkpt lat="36.8715711" lon="138.2544507">
        <ele>943.7897802196487</ele>
      </trkpt>
      <trkpt lat="36.8715793" lon="138.2544268">
        <ele>943.4552806944492</ele>
      </trkpt>
      <trkpt lat="36.8715876" lon="138.254403">
        <ele>943.0668192088445</ele>
      </trkpt>
      <trkpt lat="36.871592" lon="138.2543796">
        <ele>942.7925844770168</ele>
      </trkpt>
      <trkpt lat="36.8715965" lon="138.2543562">
        <ele>942.521421315892</ele>
      </trkpt>
      <trkpt lat="36.871593" lon="138.2543354">
        <ele>942.4142558095404</ele>
      </trkpt>
      <trkpt lat="36.8715896" lon="138.2543147">
        <ele>942.3002738489616</ele>
      </trkpt>
      <trkpt lat="36.8715818" lon="138.2542972">
        <ele>942.3301499338337</ele>
      </trkpt>
      <trkpt lat="36.871574" lon="138.2542798">
        <ele>942.3517293590401</ele>
      </trkpt>
      <trkpt lat="36.8715724" lon="138.2542668">
        <ele>942.2377547876923</ele>
      </trkpt>
      <trkpt lat="36.8715709" lon="138.2542538">
        <ele>942.0801779781946</ele>
      </trkpt>
      <trkpt lat="36.8715803" lon="138.2542458">
        <ele>941.7125884237711</ele>
      </trkpt>
      <trkpt lat="36.8715897" lon="138.2542378">
        <ele>941.3442238627589</ele>
      </trkpt>
      <trkpt lat="36.8716069" lon="138.2542319">
        <ele>940.8019265204227</ele>
      </trkpt>
      <trkpt lat="36.8716241" lon="138.254226">
        <ele>940.2665167875135</ele>
      </trkpt>
      <trkpt lat="36.8716433" lon="138.2542188">
        <ele>939.668850208965</ele>
      </trkpt>
      <trkpt lat="36.8716626" lon="138.2542116">
        <ele>939.0779991456238</ele>
      </trkpt>
      <trkpt lat="36.8716809" lon="138.2542008">
        <ele>938.4788965028359</ele>
      </trkpt>
      <trkpt lat="36.8716993" lon="138.25419">
        <ele>937.8907143319327</ele>
      </trkpt>
      <trkpt lat="36.871719" lon="138.254176">
        <ele>937.2388769410754</ele>
      </trkpt>
      <trkpt lat="36.8717387" lon="138.2541621">
        <ele>936.5672331060811</ele>
      </trkpt>
      <trkpt lat="36.8717594" lon="138.2541461">
        <ele>935.8600574972099</ele>
      </trkpt>
      <trkpt lat="36.8717802" lon="138.2541301">
        <ele>935.1841118349096</ele>
      </trkpt>
      <trkpt lat="36.8718019" lon="138.254115">
        <ele>934.5473457618656</ele>
      </trkpt>
      <trkpt lat="36.8718237" lon="138.2541">
        <ele>933.9892364927097</ele>
      </trkpt>
      <trkpt lat="36.8718469" lon="138.2540844">
        <ele>933.4106307251895</ele>
      </trkpt>
      <trkpt lat="36.8718701" lon="138.2540689">
        <ele>932.8942459284904</ele>
      </trkpt>
      <trkpt lat="36.8718942" lon="138.2540567">
        <ele>932.4614328314292</ele>
      </trkpt>
      <trkpt lat="36.8719184" lon="138.2540445">
        <ele>932.0770777217614</ele>
      </trkpt>
      <trkpt lat="36.8719453" lon="138.2540402">
        <ele>931.7607106072381</ele>
      </trkpt>
      <trkpt lat="36.8719723" lon="138.254036">
        <ele>931.5167304223025</ele>
      </trkpt>
      <trkpt lat="36.8719963" lon="138.2540336">
        <ele>931.3085996493563</ele>
      </trkpt>
      <trkpt lat="36.8720204" lon="138.2540313">
        <ele>931.1631920135546</ele>
      </trkpt>
      <trkpt lat="36.8720381" lon="138.2540277">
        <ele>931.0881358235664</ele>
      </trkpt>
      <trkpt lat="36.8720558" lon="138.2540242">
        <ele>931.0248977662857</ele>
      </trkpt>
      <trkpt lat="36.8720666" lon="138.2540206">
        <ele>931.0110536206562</ele>
      </trkpt>
      <trkpt lat="36.8720775" lon="138.254017">
        <ele>931.0326801340751</ele>
      </trkpt>
      <trkpt lat="36.8720847" lon="138.2540124">
        <ele>931.0813692767033</ele>
      </trkpt>
      <trkpt lat="36.872092" lon="138.2540078">
        <ele>931.1126340157443</ele>
      </trkpt>
      <trkpt lat="36.8720993" lon="138.2540015">
        <ele>931.1659816293889</ele>
      </trkpt>
      <trkpt lat="36.8721066" lon="138.2539952">
        <ele>931.2271329456134</ele>
      </trkpt>
      <trkpt lat="36.8721139" lon="138.2539873">
        <ele>931.3134909722999</ele>
      </trkpt>
      <trkpt lat="36.8721212" lon="138.2539795">
        <ele>931.4084849752962</ele>
      </trkpt>
      <trkpt lat="36.8721282" lon="138.2539712">
        <ele>931.5185699352426</ele>
      </trkpt>
      <trkpt lat="36.8721353" lon="138.253963">
        <ele>931.6375241483408</ele>
      </trkpt>
      <trkpt lat="36.8721439" lon="138.2539549">
        <ele>931.7735995164342</ele>
      </trkpt>
      <trkpt lat="36.8721525" lon="138.2539469">
        <ele>931.9186256139496</ele>
      </trkpt>
      <trkpt lat="36.8721618" lon="138.2539392">
        <ele>932.0721598106846</ele>
      </trkpt>
      <trkpt lat="36.8721712" lon="138.2539315">
        <ele>932.2359683818113</ele>
      </trkpt>
      <trkpt lat="36.8721797" lon="138.2539247">
        <ele>932.363454266067</ele>
      </trkpt>
      <trkpt lat="36.8721882" lon="138.253918">
        <ele>932.4534386583258</ele>
      </trkpt>
      <trkpt lat="36.8721952" lon="138.2539118">
        <ele>932.5376449898016</ele>
      </trkpt>
      <trkpt lat="36.8722023" lon="138.2539056">
        <ele>932.6284720885608</ele>
      </trkpt>
      <trkpt lat="36.872209" lon="138.2538977">
        <ele>932.734486140642</ele>
      </trkpt>
      <trkpt lat="36.8722158" lon="138.2538898">
        <ele>932.8485218628675</ele>
      </trkpt>
      <trkpt lat="36.8722239" lon="138.2538803">
        <ele>932.9946148844963</ele>
      </trkpt>
      <trkpt lat="36.872232" lon="138.2538709">
        <ele>933.1502741180295</ele>
      </trkpt>
      <trkpt lat="36.872243" lon="138.2538601">
        <ele>933.3594591600472</ele>
      </trkpt>
      <trkpt lat="36.872254" lon="138.2538493">
        <ele>933.5847708839284</ele>
      </trkpt>
      <trkpt lat="36.8722667" lon="138.2538365">
        <ele>933.8235918077844</ele>
      </trkpt>
      <trkpt lat="36.8722795" lon="138.2538238">
        <ele>933.9758236192506</ele>
      </trkpt>
      <trkpt lat="36.8722933" lon="138.2538112">
        <ele>934.1020381893165</ele>
      </trkpt>
      <trkpt lat="36.8723071" lon="138.2537986">
        <ele>934.2400545714789</ele>
      </trkpt>
      <trkpt lat="36.872323" lon="138.253787">
        <ele>934.4020643916064</ele>
      </trkpt>
      <trkpt lat="36.8723389" lon="138.2537755">
        <ele>934.5761397840706</ele>
      </trkpt>
      <trkpt lat="36.8723549" lon="138.2537638">
        <ele>934.6742555694756</ele>
      </trkpt>
      <trkpt lat="36.872371" lon="138.2537521">
        <ele>934.7226070071303</ele>
      </trkpt>
      <trkpt lat="36.8723854" lon="138.253739">
        <ele>934.6775960733472</ele>
      </trkpt>
      <trkpt lat="36.8723999" lon="138.2537259">
        <ele>934.639182938224</ele>
      </trkpt>
      <trkpt lat="36.8724144" lon="138.2537114">
        <ele>934.5616285703115</ele>
      </trkpt>
      <trkpt lat="36.8724289" lon="138.253697">
        <ele>934.3498861315281</ele>
      </trkpt>
      <trkpt lat="36.8724446" lon="138.2536824">
        <ele>934.1475357374109</ele>
      </trkpt>
      <trkpt lat="36.8724604" lon="138.2536679">
        <ele>933.9534922298375</ele>
      </trkpt>
      <trkpt lat="36.8724749" lon="138.2536553">
        <ele>933.70803995547</ele>
      </trkpt>
      <trkpt lat="36.8724895" lon="138.2536427">
        <ele>933.3686270255006</ele>
      </trkpt>
      <trkpt lat="36.8725007" lon="138.25363">
        <ele>933.0506450764333</ele>
      </trkpt>
      <trkpt lat="36.8725119" lon="138.2536173">
        <ele>932.7471445662657</ele>
      </trkpt>
      <trkpt lat="36.872523" lon="138.2536054">
        <ele>932.4655410087988</ele>
      </trkpt>
      <trkpt lat="36.8725342" lon="138.2535935">
        <ele>932.1957346495977</ele>
      </trkpt>
      <trkpt lat="36.8725469" lon="138.2535839">
        <ele>931.9291991975826</ele>
      </trkpt>
      <trkpt lat="36.8725596" lon="138.2535743">
        <ele>931.4831371278925</ele>
      </trkpt>
      <trkpt lat="36.8725739" lon="138.2535662">
        <ele>931.0067863000368</ele>
      </trkpt>
      <trkpt lat="36.8725882" lon="138.2535582">
        <ele>930.5471726591938</ele>
      </trkpt>
      <trkpt lat="36.8726031" lon="138.2535515">
        <ele>930.0997213569144</ele>
      </trkpt>
      <trkpt lat="36.872618" lon="138.2535449">
        <ele>929.6626031356857</ele>
      </trkpt>
      <trkpt lat="36.8726309" lon="138.2535393">
        <ele>929.2151390449517</ele>
      </trkpt>
      <trkpt lat="36.8726438" lon="138.2535337">
        <ele>928.7799328433399</ele>
      </trkpt>
      <trkpt lat="36.8726548" lon="138.2535248">
        <ele>928.3979606835052</ele>
      </trkpt>
      <trkpt lat="36.8726659" lon="138.253516">
        <ele>928.0300861407708</ele>
      </trkpt>
      <trkpt lat="36.872678" lon="138.2535009">
        <ele>927.6313559181131</ele>
      </trkpt>
      <trkpt lat="36.8726901" lon="138.2534858">
        <ele>927.1735837980059</ele>
      </trkpt>
      <trkpt lat="36.8727047" lon="138.2534715">
        <ele>926.6194249285671</ele>
      </trkpt>
      <trkpt lat="36.8727194" lon="138.2534573">
        <ele>926.0912698400101</ele>
      </trkpt>
      <trkpt lat="36.8727355" lon="138.253445">
        <ele>925.5609362314274</ele>
      </trkpt>
      <trkpt lat="36.8727516" lon="138.2534328">
        <ele>925.0578552175739</ele>
      </trkpt>
      <trkpt lat="36.8727693" lon="138.2534199">
        <ele>924.5330440328653</ele>
      </trkpt>
      <trkpt lat="36.8727871" lon="138.2534071">
        <ele>924.0111979280732</ele>
      </trkpt>
      <trkpt lat="36.8728051" lon="138.2533927">
        <ele>923.4577419210368</ele>
      </trkpt>
      <trkpt lat="36.8728232" lon="138.2533783">
        <ele>922.9459344200133</ele>
      </trkpt>
      <trkpt lat="36.8728406" lon="138.2533583">
        <ele>922.4665998593631</ele>
      </trkpt>
      <trkpt lat="36.8728581" lon="138.2533383">
        <ele>922.0559549300796</ele>
      </trkpt>
      <trkpt lat="36.8728764" lon="138.2533171">
        <ele>921.6378535225818</ele>
      </trkpt>
      <trkpt lat="36.8728947" lon="138.2532959">
        <ele>921.2234242991085</ele>
      </trkpt>
      <trkpt lat="36.8729141" lon="138.2532759">
        <ele>920.9246125101547</ele>
      </trkpt>
      <trkpt lat="36.8729335" lon="138.2532559">
        <ele>920.7048057335992</ele>
      </trkpt>
      <trkpt lat="36.8729546" lon="138.2532384">
        <ele>920.5280203733699</ele>
      </trkpt>
      <trkpt lat="36.8729758" lon="138.2532209">
        <ele>920.3266795370301</ele>
      </trkpt>
      <trkpt lat="36.872999" lon="138.2532047">
        <ele>920.2217316092867</ele>
      </trkpt>
      <trkpt lat="36.8730223" lon="138.2531886">
        <ele>920.1934780600009</ele>
      </trkpt>
      <trkpt lat="36.8730474" lon="138.2531747">
        <ele>920.2867650076577</ele>
      </trkpt>
      <trkpt lat="36.8730725" lon="138.2531608">
        <ele>920.438027702918</ele>
      </trkpt>
      <trkpt lat="36.8730973" lon="138.2531498">
        <ele>920.5897021919056</ele>
      </trkpt>
      <trkpt lat="36.8731222" lon="138.2531389">
        <ele>920.8410030912928</ele>
      </trkpt>
      <trkpt lat="36.8731439" lon="138.2531327">
        <ele>921.0763378474871</ele>
      </trkpt>
      <trkpt lat="36.8731656" lon="138.2531266">
        <ele>921.3206916130496</ele>
      </trkpt>
      <trkpt lat="36.8731845" lon="138.2531252">
        <ele>921.5428454662069</ele>
      </trkpt>
      <trkpt lat="36.8732034" lon="138.2531239">
        <ele>921.7679087864526</ele>
      </trkpt>
      <trkpt lat="36.873222" lon="138.2531234">
        <ele>921.988739432682</ele>
      </trkpt>
      <trkpt lat="36.8732407" lon="138.253123">
        <ele>922.218143778551</ele>
      </trkpt>
      <trkpt lat="36.8732611" lon="138.2531187">
        <ele>922.5055818484872</ele>
      </trkpt>
      <trkpt lat="36.8732816" lon="138.2531144">
        <ele>922.7943307682417</ele>
      </trkpt>
      <trkpt lat="36.8733031" lon="138.2531091">
        <ele>923.1008478821036</ele>
      </trkpt>
      <trkpt lat="36.8733246" lon="138.2531038">
        <ele>923.4373538802855</ele>
      </trkpt>
      <trkpt lat="36.8733462" lon="138.2531018">
        <ele>923.7612615128526</ele>
      </trkpt>
      <trkpt lat="36.8733678" lon="138.2530998">
        <ele>924.0851692343609</ele>
      </trkpt>
      <trkpt lat="36.8733873" lon="138.2530997">
        <ele>924.3559708892826</ele>
      </trkpt>
      <trkpt lat="36.8734068" lon="138.2530997">
        <ele>924.6217563840862</ele>
      </trkpt>
      <trkpt lat="36.8734236" lon="138.2530999">
        <ele>924.8499816364656</ele>
      </trkpt>
      <trkpt lat="36.8734405" lon="138.2531001">
        <ele>925.079684649819</ele>
      </trkpt>
      <trkpt lat="36.8734545" lon="138.2530996">
        <ele>925.2653817939814</ele>
      </trkpt>
      <trkpt lat="36.8734685" lon="138.2530992">
        <ele>925.4502892564525</ele>
      </trkpt>
      <trkpt lat="36.8734832" lon="138.2530999">
        <ele>925.6405274446363</ele>
      </trkpt>
      <trkpt lat="36.8734979" lon="138.2531006">
        <ele>925.8307656697702</ele>
      </trkpt>
      <trkpt lat="36.8735146" lon="138.2531044">
        <ele>926.0218030368549</ele>
      </trkpt>
      <trkpt lat="36.8735313" lon="138.2531082">
        <ele>926.1773086150881</ele>
      </trkpt>
      <trkpt lat="36.8735508" lon="138.2531118">
        <ele>926.3661048174963</ele>
      </trkpt>
      <trkpt lat="36.8735704" lon="138.2531155">
        <ele>926.5605529082175</ele>
      </trkpt>
      <trkpt lat="36.8735903" lon="138.2531193">
        <ele>926.7261101935995</ele>
      </trkpt>
      <trkpt lat="36.8736103" lon="138.2531231">
        <ele>926.8673254876402</ele>
      </trkpt>
      <trkpt lat="36.8736297" lon="138.2531265">
        <ele>927.0046375733339</ele>
      </trkpt>
      <trkpt lat="36.8736491" lon="138.25313">
        <ele>927.1343881869807</ele>
      </trkpt>
      <trkpt lat="36.8736705" lon="138.2531334">
        <ele>927.2009749054555</ele>
      </trkpt>
      <trkpt lat="36.873692" lon="138.2531368">
        <ele>927.2753149887858</ele>
      </trkpt>
      <trkpt lat="36.8737165" lon="138.2531439">
        <ele>927.3739452418885</ele>
      </trkpt>
      <trkpt lat="36.873741" lon="138.253151">
        <ele>927.3548069403055</ele>
      </trkpt>
      <trkpt lat="36.8737672" lon="138.2531627">
        <ele>927.2905732538712</ele>
      </trkpt>
      <trkpt lat="36.8737935" lon="138.2531745">
        <ele>927.1952341661475</ele>
      </trkpt>
      <trkpt lat="36.8738206" lon="138.2531893">
        <ele>927.0432078675533</ele>
      </trkpt>
      <trkpt lat="36.8738477" lon="138.2532041">
        <ele>926.9047930994351</ele>
      </trkpt>
      <trkpt lat="36.8738731" lon="138.2532196">
        <ele>926.7482819026868</ele>
      </trkpt>
      <trkpt lat="36.8738986" lon="138.2532352">
        <ele>926.6063367702268</ele>
      </trkpt>
      <trkpt lat="36.8739215" lon="138.2532516">
        <ele>926.3863412823086</ele>
      </trkpt>
      <trkpt lat="36.8739444" lon="138.253268">
        <ele>926.08044206341</ele>
      </trkpt>
      <trkpt lat="36.8739632" lon="138.2532859">
        <ele>925.8196575021586</ele>
      </trkpt>
      <trkpt lat="36.8739821" lon="138.2533038">
        <ele>925.5927282932103</ele>
      </trkpt>
      <trkpt lat="36.8739975" lon="138.2533248">
        <ele>925.370844544303</ele>
      </trkpt>
      <trkpt lat="36.8740129" lon="138.2533459">
        <ele>925.0272661235895</ele>
      </trkpt>
      <trkpt lat="36.8740247" lon="138.2533704">
        <ele>924.6882637114802</ele>
      </trkpt>
      <trkpt lat="36.8740365" lon="138.2533949">
        <ele>924.3885064780877</ele>
      </trkpt>
      <trkpt lat="36.8740449" lon="138.2534215">
        <ele>924.0530741012274</ele>
      </trkpt>
      <trkpt lat="36.8740533" lon="138.2534482">
        <ele>923.6444995660352</ele>
      </trkpt>
      <trkpt lat="36.8740591" lon="138.253476">
        <ele>923.2337960441192</ele>
      </trkpt>
      <trkpt lat="36.8740649" lon="138.2535038">
        <ele>922.8082941512432</ele>
      </trkpt>
      <trkpt lat="36.8740683" lon="138.253531">
        <ele>922.3781073589279</ele>
      </trkpt>
      <trkpt lat="36.8740718" lon="138.2535583">
        <ele>921.9560748261017</ele>
      </trkpt>
      <trkpt lat="36.8740748" lon="138.2535805">
        <ele>921.6207009315224</ele>
      </trkpt>
      <trkpt lat="36.8740778" lon="138.2536028">
        <ele>921.3125815609883</ele>
      </trkpt>
      <trkpt lat="36.8740866" lon="138.2536231">
        <ele>921.0802591206053</ele>
      </trkpt>
      <trkpt lat="36.8740955" lon="138.2536435">
        <ele>920.8655339642637</ele>
      </trkpt>
      <trkpt lat="36.8741112" lon="138.2536642">
        <ele>920.7229443225712</ele>
      </trkpt>
      <trkpt lat="36.8741269" lon="138.2536849">
        <ele>920.6139791571012</ele>
      </trkpt>
      <trkpt lat="36.8741437" lon="138.2537005">
        <ele>920.5269043287244</ele>
      </trkpt>
      <trkpt lat="36.8741606" lon="138.2537161">
        <ele>920.453924945736</ele>
      </trkpt>
      <trkpt lat="36.8741726" lon="138.253727">
        <ele>920.414762601761</ele>
      </trkpt>
      <trkpt lat="36.8741846" lon="138.2537379">
        <ele>920.3844783049758</ele>
      </trkpt>
      <trkpt lat="36.8741893" lon="138.2537462">
        <ele>920.3364673672587</ele>
      </trkpt>
      <trkpt lat="36.8741941" lon="138.2537546">
        <ele>920.2908882569217</ele>
      </trkpt>
      <trkpt lat="36.8741914" lon="138.253766">
        <ele>920.1536567865336</ele>
      </trkpt>
      <trkpt lat="36.8741888" lon="138.2537775">
        <ele>920.0161197972819</ele>
      </trkpt>
      <trkpt lat="36.8741915" lon="138.2538027">
        <ele>919.7727180581495</ele>
      </trkpt>
      <trkpt lat="36.8741997" lon="138.2538015">
        <ele>919.8162867812505</ele>
      </trkpt>
      <trkpt lat="36.8742079" lon="138.2538004">
        <ele>919.8220584102423</ele>
      </trkpt>
      <trkpt lat="36.8742181" lon="138.2538003">
        <ele>919.8159741608051</ele>
      </trkpt>
      <trkpt lat="36.8742284" lon="138.2538002">
        <ele>919.8097853827733</ele>
      </trkpt>
      <trkpt lat="36.8742398" lon="138.2538029">
        <ele>919.7754830044539</ele>
      </trkpt>
      <trkpt lat="36.8742513" lon="138.2538056">
        <ele>919.7421644724966</ele>
      </trkpt>
      <trkpt lat="36.8742634" lon="138.2538121">
        <ele>919.6740239345089</ele>
      </trkpt>
      <trkpt lat="36.8742756" lon="138.2538186">
        <ele>919.5633528046952</ele>
      </trkpt>
      <trkpt lat="36.8742888" lon="138.2538282">
        <ele>919.4149263892785</ele>
      </trkpt>
      <trkpt lat="36.8743021" lon="138.2538378">
        <ele>919.270357481445</ele>
      </trkpt>
      <trkpt lat="36.8743162" lon="138.2538509">
        <ele>919.0971104500317</ele>
      </trkpt>
      <trkpt lat="36.8743304" lon="138.253864">
        <ele>918.9297334219996</ele>
      </trkpt>
      <trkpt lat="36.8743445" lon="138.2538804">
        <ele>918.7203235847884</ele>
      </trkpt>
      <trkpt lat="36.8743587" lon="138.2538968">
        <ele>918.5038460716612</ele>
      </trkpt>
      <trkpt lat="36.8743751" lon="138.2539123">
        <ele>918.2818918951792</ele>
      </trkpt>
      <trkpt lat="36.8743915" lon="138.2539278">
        <ele>918.0590604511183</ele>
      </trkpt>
      <trkpt lat="36.8744115" lon="138.253939">
        <ele>917.8531319935453</ele>
      </trkpt>
      <trkpt lat="36.8744316" lon="138.2539502">
        <ele>917.6704454014991</ele>
      </trkpt>
      <trkpt lat="36.8744554" lon="138.2539573">
        <ele>917.515917931355</ele>
      </trkpt>
      <trkpt lat="36.8744793" lon="138.2539644">
        <ele>917.3886420890155</ele>
      </trkpt>
      <trkpt lat="36.874505" lon="138.253969">
        <ele>917.3327976205189</ele>
      </trkpt>
      <trkpt lat="36.8745307" lon="138.2539736">
        <ele>917.2889894514869</ele>
      </trkpt>
      <trkpt lat="36.8745565" lon="138.2539773">
        <ele>917.2606198035426</ele>
      </trkpt>
      <trkpt lat="36.8745823" lon="138.2539811">
        <ele>917.2417189851074</ele>
      </trkpt>
      <trkpt lat="36.874608" lon="138.2539836">
        <ele>917.2343497080839</ele>
      </trkpt>
      <trkpt lat="36.8746338" lon="138.2539862">
        <ele>917.1852891830624</ele>
      </trkpt>
      <trkpt lat="36.8746586" lon="138.2539856">
        <ele>917.1387343989595</ele>
      </trkpt>
      <trkpt lat="36.8746834" lon="138.253985">
        <ele>917.087047633823</ele>
      </trkpt>
      <trkpt lat="36.8747073" lon="138.2539801">
        <ele>917.007349782556</ele>
      </trkpt>
      <trkpt lat="36.8747313" lon="138.2539753">
        <ele>916.919961928105</ele>
      </trkpt>
      <trkpt lat="36.874754" lon="138.2539674">
        <ele>916.7859809883887</ele>
      </trkpt>
      <trkpt lat="36.8747767" lon="138.2539595">
        <ele>916.5973377894063</ele>
      </trkpt>
      <trkpt lat="36.8747987" lon="138.2539486">
        <ele>916.3781877635322</ele>
      </trkpt>
      <trkpt lat="36.8748208" lon="138.2539377">
        <ele>916.1478430557491</ele>
      </trkpt>
      <trkpt lat="36.8748429" lon="138.2539243">
        <ele>915.9095087453443</ele>
      </trkpt>
      <trkpt lat="36.874865" lon="138.253911">
        <ele>915.6598035803463</ele>
      </trkpt>
      <trkpt lat="36.8748869" lon="138.2538955">
        <ele>915.3739649400586</ele>
      </trkpt>
      <trkpt lat="36.8749088" lon="138.2538801">
        <ele>915.0575285960144</ele>
      </trkpt>
      <trkpt lat="36.8749305" lon="138.2538635">
        <ele>914.7438517778587</ele>
      </trkpt>
      <trkpt lat="36.8749523" lon="138.2538469">
        <ele>914.441072464177</ele>
      </trkpt>
      <trkpt lat="36.8749726" lon="138.2538316">
        <ele>914.1229556874284</ele>
      </trkpt>
      <trkpt lat="36.8749929" lon="138.2538163">
        <ele>913.8131855422675</ele>
      </trkpt>
      <trkpt lat="36.8750122" lon="138.2538022">
        <ele>913.5419903047812</ele>
      </trkpt>
      <trkpt lat="36.8750315" lon="138.2537882">
        <ele>913.2801386488065</ele>
      </trkpt>
      <trkpt lat="36.8750508" lon="138.2537757">
        <ele>913.033380692166</ele>
      </trkpt>
      <trkpt lat="36.8750701" lon="138.2537632">
        <ele>912.794810200673</ele>
      </trkpt>
      <trkpt lat="36.8750898" lon="138.2537526">
        <ele>912.5678593000168</ele>
      </trkpt>
      <trkpt lat="36.8751096" lon="138.2537421">
        <ele>912.3258031876763</ele>
      </trkpt>
      <trkpt lat="36.8751311" lon="138.2537316">
        <ele>912.0713671674259</ele>
      </trkpt>
      <trkpt lat="36.8751527" lon="138.2537211">
        <ele>911.8162028754136</ele>
      </trkpt>
      <trkpt lat="36.8751745" lon="138.2537082">
        <ele>911.5020894691465</ele>
      </trkpt>
      <trkpt lat="36.8751964" lon="138.2536953">
        <ele>911.1846206669013</ele>
      </trkpt>
      <trkpt lat="36.8752163" lon="138.2536755">
        <ele>910.8371781390283</ele>
      </trkpt>
      <trkpt lat="36.8752362" lon="138.2536557">
        <ele>910.4539680958267</ele>
      </trkpt>
      <trkpt lat="36.8752532" lon="138.2536296">
        <ele>910.006971316855</ele>
      </trkpt>
      <trkpt lat="36.8752703" lon="138.2536036">
        <ele>909.5600035544024</ele>
      </trkpt>
      <trkpt lat="36.8752839" lon="138.253574">
        <ele>909.1013207246833</ele>
      </trkpt>
      <trkpt lat="36.8752975" lon="138.2535445">
        <ele>908.6034769841241</ele>
      </trkpt>
      <trkpt lat="36.8753085" lon="138.2535135">
        <ele>908.0660693138841</ele>
      </trkpt>
      <trkpt lat="36.8753196" lon="138.2534825">
        <ele>907.5270595135867</ele>
      </trkpt>
      <trkpt lat="36.8753296" lon="138.2534511">
        <ele>907.0010125047762</ele>
      </trkpt>
      <trkpt lat="36.8753396" lon="138.2534198">
        <ele>906.4761305597611</ele>
      </trkpt>
      <trkpt lat="36.8753476" lon="138.2533866">
        <ele>905.9540925065802</ele>
      </trkpt>
      <trkpt lat="36.8753557" lon="138.2533535">
        <ele>905.4376398826313</ele>
      </trkpt>
      <trkpt lat="36.8753602" lon="138.2533183">
        <ele>904.948798956629</ele>
      </trkpt>
      <trkpt lat="36.8753648" lon="138.2532831">
        <ele>904.4292759627665</ele>
      </trkpt>
      <trkpt lat="36.8753627" lon="138.2532492">
        <ele>904.0268067772979</ele>
      </trkpt>
      <trkpt lat="36.8753606" lon="138.2532154">
        <ele>903.6214565291997</ele>
      </trkpt>
      <trkpt lat="36.8753515" lon="138.2531872">
        <ele>903.3730102984591</ele>
      </trkpt>
      <trkpt lat="36.8753424" lon="138.253159">
        <ele>903.1071457307894</ele>
      </trkpt>
      <trkpt lat="36.8753261" lon="138.2531389">
        <ele>903.0077590634248</ele>
      </trkpt>
      <trkpt lat="36.8753098" lon="138.2531189">
        <ele>902.8953403651212</ele>
      </trkpt>
      <trkpt lat="36.8752866" lon="138.2531099">
        <ele>902.9515371184807</ele>
      </trkpt>
      <trkpt lat="36.8752635" lon="138.2531009">
        <ele>902.8937363966362</ele>
      </trkpt>
      <trkpt lat="36.8752368" lon="138.2531026">
        <ele>903.0134307394521</ele>
      </trkpt>
      <trkpt lat="36.8752101" lon="138.2531044">
        <ele>903.1124287407187</ele>
      </trkpt>
      <trkpt lat="36.8751838" lon="138.2531135">
        <ele>903.3215923440694</ele>
      </trkpt>
      <trkpt lat="36.8751575" lon="138.2531226">
        <ele>903.5380569607023</ele>
      </trkpt>
      <trkpt lat="36.8751329" lon="138.253135">
        <ele>903.75476266644</ele>
      </trkpt>
      <trkpt lat="36.8751083" lon="138.2531475">
        <ele>903.973216000386</ele>
      </trkpt>
      <trkpt lat="36.8750854" lon="138.2531618">
        <ele>904.2286423441957</ele>
      </trkpt>
      <trkpt lat="36.8750625" lon="138.2531762">
        <ele>904.5136533863382</ele>
      </trkpt>
      <trkpt lat="36.8750402" lon="138.2531922">
        <ele>904.8257525731816</ele>
      </trkpt>
      <trkpt lat="36.8750179" lon="138.2532082">
        <ele>905.1498357275813</ele>
      </trkpt>
      <trkpt lat="36.874995" lon="138.2532271">
        <ele>905.5933884867399</ele>
      </trkpt>
      <trkpt lat="36.8749721" lon="138.253246">
        <ele>905.9999154138847</ele>
      </trkpt>
      <trkpt lat="36.8749489" lon="138.2532665">
        <ele>906.4520524223364</ele>
      </trkpt>
      <trkpt lat="36.8749258" lon="138.253287">
        <ele>906.9786804564328</ele>
      </trkpt>
      <trkpt lat="36.8749042" lon="138.2533085">
        <ele>907.4434346290486</ele>
      </trkpt>
      <trkpt lat="36.8748826" lon="138.2533301">
        <ele>907.8636428594201</ele>
      </trkpt>
      <trkpt lat="36.8748612" lon="138.2533515">
        <ele>908.4402937120577</ele>
      </trkpt>
      <trkpt lat="36.8748398" lon="138.253373">
        <ele>908.9716117369906</ele>
      </trkpt>
      <trkpt lat="36.8748185" lon="138.2533904">
        <ele>909.406527715722</ele>
      </trkpt>
      <trkpt lat="36.8747973" lon="138.2534078">
        <ele>909.9019896238376</ele>
      </trkpt>
      <trkpt lat="36.8747764" lon="138.2534135">
        <ele>910.272303575944</ele>
      </trkpt>
      <trkpt lat="36.8747555" lon="138.2534192">
        <ele>910.650237403365</ele>
      </trkpt>
      <trkpt lat="36.8747394" lon="138.2534084">
        <ele>910.7972626561979</ele>
      </trkpt>
      <trkpt lat="36.8747233" lon="138.2533977">
        <ele>911.0361186260683</ele>
      </trkpt>
      <trkpt lat="36.8747172" lon="138.253374">
        <ele>910.9656842326976</ele>
      </trkpt>
      <trkpt lat="36.8747111" lon="138.2533503">
        <ele>910.9050625705501</ele>
      </trkpt>
      <trkpt lat="36.8747167" lon="138.2533221">
        <ele>910.5592796947824</ele>
      </trkpt>
      <trkpt lat="36.8747224" lon="138.2532939">
        <ele>910.2838178399352</ele>
      </trkpt>
      <trkpt lat="36.8747367" lon="138.2532668">
        <ele>909.7853826534878</ele>
      </trkpt>
      <trkpt lat="36.874751" lon="138.2532398">
        <ele>909.2844994043078</ele>
      </trkpt>
      <trkpt lat="36.8747694" lon="138.253214">
        <ele>908.7412046701019</ele>
      </trkpt>
      <trkpt lat="36.8747879" lon="138.2531883">
        <ele>908.1639341762855</ele>
      </trkpt>
      <trkpt lat="36.874808" lon="138.2531627">
        <ele>907.5158796222906</ele>
      </trkpt>
      <trkpt lat="36.8748281" lon="138.2531371">
        <ele>906.8929464242265</ele>
      </trkpt>
      <trkpt lat="36.8748479" lon="138.2531121">
        <ele>906.2745838763586</ele>
      </trkpt>
      <trkpt lat="36.8748677" lon="138.2530871">
        <ele>905.6226228420189</ele>
      </trkpt>
      <trkpt lat="36.8748857" lon="138.2530608">
        <ele>904.9822273900639</ele>
      </trkpt>
      <trkpt lat="36.8749038" lon="138.2530345">
        <ele>904.375299969081</ele>
      </trkpt>
      <trkpt lat="36.8749192" lon="138.2530076">
        <ele>903.7910535152988</ele>
      </trkpt>
      <trkpt lat="36.8749347" lon="138.2529808">
        <ele>903.1786768289941</ele>
      </trkpt>
      <trkpt lat="36.8749478" lon="138.2529544">
        <ele>902.6018294681446</ele>
      </trkpt>
      <trkpt lat="36.874961" lon="138.252928">
        <ele>902.0456115149641</ele>
      </trkpt>
      <trkpt lat="36.8749739" lon="138.2529028">
        <ele>901.5129487008439</ele>
      </trkpt>
      <trkpt lat="36.8749869" lon="138.2528776">
        <ele>900.9902434249382</ele>
      </trkpt>
      <trkpt lat="36.875" lon="138.2528509">
        <ele>900.4268406522303</ele>
      </trkpt>
      <trkpt lat="36.8750131" lon="138.2528243">
        <ele>899.8289538189699</ele>
      </trkpt>
      <trkpt lat="36.8750224" lon="138.2527928">
        <ele>899.2972851412408</ele>
      </trkpt>
      <trkpt lat="36.8750318" lon="138.2527613">
        <ele>898.8397847867593</ele>
      </trkpt>
      <trkpt lat="36.8750355" lon="138.2527274">
        <ele>898.4346433482505</ele>
      </trkpt>
      <trkpt lat="36.8750393" lon="138.2526935">
        <ele>898.0520752401537</ele>
      </trkpt>
      <trkpt lat="36.875039" lon="138.2526607">
        <ele>897.7598974460377</ele>
      </trkpt>
      <trkpt lat="36.8750387" lon="138.2526279">
        <ele>897.5065513842061</ele>
      </trkpt>
      <trkpt lat="36.8750417" lon="138.2526004">
        <ele>897.2665443955368</ele>
      </trkpt>
      <trkpt lat="36.8750448" lon="138.252573">
        <ele>897.0131844930778</ele>
      </trkpt>
      <trkpt lat="36.8750574" lon="138.2525594">
        <ele>896.5650408118654</ele>
      </trkpt>
      <trkpt lat="36.8750701" lon="138.2525459">
        <ele>896.0956281509559</ele>
      </trkpt>
      <trkpt lat="36.8750893" lon="138.252549">
        <ele>895.5568794858822</ele>
      </trkpt>
      <trkpt lat="36.8751086" lon="138.2525521">
        <ele>895.1019126148439</ele>
      </trkpt>
      <trkpt lat="36.875131" lon="138.2525655">
        <ele>894.7052810067046</ele>
      </trkpt>
      <trkpt lat="36.8751534" lon="138.252579">
        <ele>894.3529078665127</ele>
      </trkpt>
      <trkpt lat="36.8751774" lon="138.2525921">
        <ele>894.0569909536064</ele>
      </trkpt>
      <trkpt lat="36.8752015" lon="138.2526052">
        <ele>893.8148709983859</ele>
      </trkpt>
      <trkpt lat="36.8752252" lon="138.2526092">
        <ele>893.4537712237019</ele>
      </trkpt>
      <trkpt lat="36.875249" lon="138.2526133">
        <ele>893.214159808274</ele>
      </trkpt>
      <trkpt lat="36.8752679" lon="138.2526026">
        <ele>892.7464655374107</ele>
      </trkpt>
      <trkpt lat="36.8752868" lon="138.2525919">
        <ele>892.2581814024751</ele>
      </trkpt>
      <trkpt lat="36.875297" lon="138.2525666">
        <ele>891.5574009550523</ele>
      </trkpt>
      <trkpt lat="36.8753072" lon="138.2525414">
        <ele>890.8569921629319</ele>
      </trkpt>
      <trkpt lat="36.8753069" lon="138.2525074">
        <ele>890.0881627526721</ele>
      </trkpt>
      <trkpt lat="36.8753067" lon="138.2524735">
        <ele>889.3209234003372</ele>
      </trkpt>
      <trkpt lat="36.8753007" lon="138.2524376">
        <ele>888.7259620189035</ele>
      </trkpt>
      <trkpt lat="36.8752947" lon="138.2524017">
        <ele>888.1744913551711</ele>
      </trkpt>
      <trkpt lat="36.8752882" lon="138.2523673">
        <ele>887.7537769594057</ele>
      </trkpt>
      <trkpt lat="36.8752818" lon="138.252333">
        <ele>887.3996280604066</ele>
      </trkpt>
      <trkpt lat="36.8752776" lon="138.2523009">
        <ele>887.031506220616</ele>
      </trkpt>
      <trkpt lat="36.8752734" lon="138.2522688">
        <ele>886.7635349913273</ele>
      </trkpt>
      <trkpt lat="36.8752739" lon="138.2522399">
        <ele>886.3975227424648</ele>
      </trkpt>
      <trkpt lat="36.8752744" lon="138.2522111">
        <ele>886.0317408043014</ele>
      </trkpt>
      <trkpt lat="36.8752814" lon="138.2521858">
        <ele>885.532575820703</ele>
      </trkpt>
      <trkpt lat="36.8752885" lon="138.2521606">
        <ele>885.0198756802622</ele>
      </trkpt>
      <trkpt lat="36.8753026" lon="138.2521421">
        <ele>884.334717958074</ele>
      </trkpt>
      <trkpt lat="36.8753167" lon="138.2521237">
        <ele>883.6690039886666</ele>
      </trkpt>
      <trkpt lat="36.8753364" lon="138.2521169">
        <ele>882.9433822449157</ele>
      </trkpt>
      <trkpt lat="36.8753562" lon="138.2521101">
        <ele>882.2052679721008</ele>
      </trkpt>
      <trkpt lat="36.8753783" lon="138.2521172">
        <ele>881.5951125356571</ele>
      </trkpt>
      <trkpt lat="36.8754004" lon="138.2521243">
        <ele>881.0289288159378</ele>
      </trkpt>
      <trkpt lat="36.8754196" lon="138.2521443">
        <ele>880.7581064700865</ele>
      </trkpt>
      <trkpt lat="36.8754389" lon="138.2521644">
        <ele>880.5727951516701</ele>
      </trkpt>
      <trkpt lat="36.8754523" lon="138.2521928">
        <ele>880.7658648320881</ele>
      </trkpt>
      <trkpt lat="36.8754658" lon="138.2522212">
        <ele>881.0453069885091</ele>
      </trkpt>
      <trkpt lat="36.8754762" lon="138.2522521">
        <ele>881.5499260679751</ele>
      </trkpt>
      <trkpt lat="36.8754866" lon="138.2522831">
        <ele>882.0895202178651</ele>
      </trkpt>
      <trkpt lat="36.8754972" lon="138.2523154">
        <ele>882.757040110412</ele>
      </trkpt>
      <trkpt lat="36.8755079" lon="138.2523478">
        <ele>883.5386653286819</ele>
      </trkpt>
      <trkpt lat="36.8755218" lon="138.2523777">
        <ele>884.283853905148</ele>
      </trkpt>
      <trkpt lat="36.8755358" lon="138.2524077">
        <ele>885.0893170124725</ele>
      </trkpt>
      <trkpt lat="36.8755545" lon="138.2524259">
        <ele>885.5656076217188</ele>
      </trkpt>
      <trkpt lat="36.8755732" lon="138.2524441">
        <ele>886.0776557397107</ele>
      </trkpt>
      <trkpt lat="36.8755938" lon="138.2524404">
        <ele>885.9955777742213</ele>
      </trkpt>
      <trkpt lat="36.8756144" lon="138.2524367">
        <ele>885.9134998156235</ele>
      </trkpt>
      <trkpt lat="36.8756315" lon="138.2524152">
        <ele>885.2871231584124</ele>
      </trkpt>
      <trkpt lat="36.8756486" lon="138.2523937">
        <ele>884.6902714028033</ele>
      </trkpt>
      <trkpt lat="36.8756621" lon="138.2523633">
        <ele>883.8207636838483</ele>
      </trkpt>
      <trkpt lat="36.8756756" lon="138.252333">
        <ele>882.9384555612439</ele>
      </trkpt>
      <trkpt lat="36.875689" lon="138.2523024">
        <ele>882.0326182359754</ele>
      </trkpt>
      <trkpt lat="36.8757024" lon="138.2522719">
        <ele>881.199835659099</ele>
      </trkpt>
      <trkpt lat="36.8757175" lon="138.2522439">
        <ele>880.4759971434722</ele>
      </trkpt>
      <trkpt lat="36.8757327" lon="138.2522159">
        <ele>879.7594752768059</ele>
      </trkpt>
      <trkpt lat="36.8757489" lon="138.2521887">
        <ele>879.1207629095071</ele>
      </trkpt>
      <trkpt lat="36.8757651" lon="138.2521616">
        <ele>878.4969238731319</ele>
      </trkpt>
      <trkpt lat="36.8757793" lon="138.2521332">
        <ele>877.8407677108189</ele>
      </trkpt>
      <trkpt lat="36.8757936" lon="138.2521048">
        <ele>877.2295479350635</ele>
      </trkpt>
      <trkpt lat="36.8757993" lon="138.2520738">
        <ele>876.5050779902298</ele>
      </trkpt>
      <trkpt lat="36.875805" lon="138.2520429">
        <ele>875.7950658255127</ele>
      </trkpt>
      <trkpt lat="36.8757971" lon="138.2520145">
        <ele>874.933503579745</ele>
      </trkpt>
      <trkpt lat="36.8757892" lon="138.2519862">
        <ele>874.061635547225</ele>
      </trkpt>
      <trkpt lat="36.8757688" lon="138.2519706">
        <ele>873.460196185413</ele>
      </trkpt>
      <trkpt lat="36.8757485" lon="138.2519551">
        <ele>872.936929611389</ele>
      </trkpt>
      <trkpt lat="36.8757226" lon="138.2519588">
        <ele>872.9314287601723</ele>
      </trkpt>
      <trkpt lat="36.8756967" lon="138.2519625">
        <ele>873.0288181865003</ele>
      </trkpt>
      <trkpt lat="36.8756718" lon="138.2519806">
        <ele>873.6566514331363</ele>
      </trkpt>
      <trkpt lat="36.875647" lon="138.2519987">
        <ele>874.2382473674622</ele>
      </trkpt>
      <trkpt lat="36.8756239" lon="138.2520171">
        <ele>874.8990866045507</ele>
      </trkpt>
      <trkpt lat="36.8756008" lon="138.2520356">
        <ele>875.6022728459545</ele>
      </trkpt>
      <trkpt lat="36.875579" lon="138.2520421">
        <ele>875.96633845943</ele>
      </trkpt>
      <trkpt lat="36.8755573" lon="138.2520487">
        <ele>876.3960647080049</ele>
      </trkpt>
      <trkpt lat="36.8755364" lon="138.2520402">
        <ele>876.6056189098233</ele>
      </trkpt>
      <trkpt lat="36.8755156" lon="138.2520317">
        <ele>876.7983186598569</ele>
      </trkpt>
      <trkpt lat="36.8754971" lon="138.2520101">
        <ele>876.740466625855</ele>
      </trkpt>
      <trkpt lat="36.8754786" lon="138.2519885">
        <ele>876.8496158509871</ele>
      </trkpt>
      <trkpt lat="36.8754669" lon="138.251958">
        <ele>876.6354739106582</ele>
      </trkpt>
      <trkpt lat="36.8754553" lon="138.2519275">
        <ele>876.9689822251914</ele>
      </trkpt>
      <trkpt lat="36.8754558" lon="138.2518943">
        <ele>876.9529611484618</ele>
      </trkpt>
      <trkpt lat="36.8754563" lon="138.2518611">
        <ele>876.8889249467127</ele>
      </trkpt>
      <trkpt lat="36.8754682" lon="138.2518316">
        <ele>876.286162217756</ele>
      </trkpt>
      <trkpt lat="36.8754801" lon="138.2518021">
        <ele>875.6953133717533</ele>
      </trkpt>
      <trkpt lat="36.8754961" lon="138.2517765">
        <ele>875.0249735891875</ele>
      </trkpt>
      <trkpt lat="36.8755122" lon="138.251751">
        <ele>874.4706387790214</ele>
      </trkpt>
      <trkpt lat="36.8755233" lon="138.2517249">
        <ele>874.0754776227598</ele>
      </trkpt>
      <trkpt lat="36.8755344" lon="138.2516989">
        <ele>873.6906747334774</ele>
      </trkpt>
      <trkpt lat="36.8755369" lon="138.2516694">
        <ele>873.4673196538492</ele>
      </trkpt>
      <trkpt lat="36.8755395" lon="138.25164">
        <ele>873.2455809664159</ele>
      </trkpt>
      <trkpt lat="36.8755344" lon="138.2516072">
        <ele>873.1595060125701</ele>
      </trkpt>
      <trkpt lat="36.8755294" lon="138.2515745">
        <ele>873.1028734510631</ele>
      </trkpt>
      <trkpt lat="36.8755196" lon="138.251541">
        <ele>873.0773456799902</ele>
      </trkpt>
      <trkpt lat="36.8755099" lon="138.2515075">
        <ele>873.0118269400427</ele>
      </trkpt>
      <trkpt lat="36.875497" lon="138.2514762">
        <ele>872.989433300609</ele>
      </trkpt>
      <trkpt lat="36.8754842" lon="138.251445">
        <ele>872.9719404335252</ele>
      </trkpt>
      <trkpt lat="36.8754687" lon="138.2514185">
        <ele>872.9796970848209</ele>
      </trkpt>
      <trkpt lat="36.8754532" lon="138.251392">
        <ele>872.9257449597509</ele>
      </trkpt>
      <trkpt lat="36.8754353" lon="138.2513701">
        <ele>872.8658965855991</ele>
      </trkpt>
      <trkpt lat="36.8754175" lon="138.2513483">
        <ele>872.836805009033</ele>
      </trkpt>
      <trkpt lat="36.8753981" lon="138.2513287">
        <ele>872.8392152042788</ele>
      </trkpt>
      <trkpt lat="36.8753788" lon="138.2513091">
        <ele>872.776303898454</ele>
      </trkpt>
      <trkpt lat="36.8753579" lon="138.2512912">
        <ele>872.7184655539081</ele>
      </trkpt>
      <trkpt lat="36.875337" lon="138.2512734">
        <ele>872.6860054981015</ele>
      </trkpt>
      <trkpt lat="36.875314" lon="138.2512589">
        <ele>872.6964691992845</ele>
      </trkpt>
      <trkpt lat="36.875291" lon="138.2512444">
        <ele>872.6882278434624</ele>
      </trkpt>
      <trkpt lat="36.8752669" lon="138.2512321">
        <ele>872.7437893383164</ele>
      </trkpt>
      <trkpt lat="36.8752428" lon="138.2512199">
        <ele>872.7610964288357</ele>
      </trkpt>
      <trkpt lat="36.8752186" lon="138.2512069">
        <ele>872.7567425003757</ele>
      </trkpt>
      <trkpt lat="36.8751944" lon="138.2511939">
        <ele>872.7808723206906</ele>
      </trkpt>
      <trkpt lat="36.8751701" lon="138.2511784">
        <ele>872.7071686999645</ele>
      </trkpt>
      <trkpt lat="36.8751458" lon="138.251163">
        <ele>872.6497801784903</ele>
      </trkpt>
      <trkpt lat="36.8751223" lon="138.2511459">
        <ele>872.5241786012549</ele>
      </trkpt>
      <trkpt lat="36.8750988" lon="138.2511288">
        <ele>872.3440252091457</ele>
      </trkpt>
      <trkpt lat="36.8750782" lon="138.25111">
        <ele>872.0798580812724</ele>
      </trkpt>
      <trkpt lat="36.8750577" lon="138.2510912">
        <ele>871.8206947478319</ele>
      </trkpt>
      <trkpt lat="36.8750389" lon="138.2510699">
        <ele>871.4934811439821</ele>
      </trkpt>
      <trkpt lat="36.8750202" lon="138.2510486">
        <ele>871.1128162177757</ele>
      </trkpt>
      <trkpt lat="36.8750016" lon="138.2510264">
        <ele>870.7573596019146</ele>
      </trkpt>
      <trkpt lat="36.8749831" lon="138.2510043">
        <ele>870.3664884617601</ele>
      </trkpt>
      <trkpt lat="36.874965" lon="138.2509819">
        <ele>869.9690579427422</ele>
      </trkpt>
      <trkpt lat="36.8749469" lon="138.2509596">
        <ele>869.5316497722097</ele>
      </trkpt>
      <trkpt lat="36.8749288" lon="138.2509376">
        <ele>869.1120744261746</ele>
      </trkpt>
      <trkpt lat="36.8749108" lon="138.2509156">
        <ele>868.6725460149655</ele>
      </trkpt>
      <trkpt lat="36.8748919" lon="138.2508958">
        <ele>868.3180330643285</ele>
      </trkpt>
      <trkpt lat="36.874873" lon="138.2508761">
        <ele>867.9602999922347</ele>
      </trkpt>
      <trkpt lat="36.874852" lon="138.2508594">
        <ele>867.7078692707346</ele>
      </trkpt>
      <trkpt lat="36.8748311" lon="138.2508427">
        <ele>867.4067746218446</ele>
      </trkpt>
      <trkpt lat="36.8748075" lon="138.2508278">
        <ele>867.2308777591799</ele>
      </trkpt>
      <trkpt lat="36.874784" lon="138.250813">
        <ele>867.1304075690847</ele>
      </trkpt>
      <trkpt lat="36.8747583" lon="138.2507988">
        <ele>867.0318935854764</ele>
      </trkpt>
      <trkpt lat="36.8747327" lon="138.2507846">
        <ele>866.9371953799059</ele>
      </trkpt>
      <trkpt lat="36.8747083" lon="138.2507696">
        <ele>866.8254337000209</ele>
      </trkpt>
      <trkpt lat="36.8746839" lon="138.2507547">
        <ele>866.7047346303059</ele>
      </trkpt>
      <trkpt lat="36.8746622" lon="138.2507374">
        <ele>866.4937452469298</ele>
      </trkpt>
      <trkpt lat="36.8746406" lon="138.2507201">
        <ele>866.2796674369305</ele>
      </trkpt>
      <trkpt lat="36.8746205" lon="138.250698">
        <ele>865.8745004599066</ele>
      </trkpt>
      <trkpt lat="36.8746005" lon="138.250676">
        <ele>865.4560600738126</ele>
      </trkpt>
      <trkpt lat="36.8745811" lon="138.2506501">
        <ele>864.9575588740338</ele>
      </trkpt>
      <trkpt lat="36.8745617" lon="138.2506242">
        <ele>864.4901714193521</ele>
      </trkpt>
      <trkpt lat="36.874543" lon="138.250596">
        <ele>863.9294650590296</ele>
      </trkpt>
      <trkpt lat="36.8745244" lon="138.2505678">
        <ele>863.3690497376903</ele>
      </trkpt>
      <trkpt lat="36.8745077" lon="138.2505394">
        <ele>862.8167551244115</ele>
      </trkpt>
      <trkpt lat="36.8744911" lon="138.2505111">
        <ele>862.2499622023353</ele>
      </trkpt>
      <trkpt lat="36.8744784" lon="138.2504841">
        <ele>861.6999038367601</ele>
      </trkpt>
      <trkpt lat="36.8744657" lon="138.2504572">
        <ele>861.1678020753053</ele>
      </trkpt>
      <trkpt lat="36.8744566" lon="138.2504321">
        <ele>860.6121025240706</ele>
      </trkpt>
      <trkpt lat="36.8744476" lon="138.2504071">
        <ele>860.0467717499248</ele>
      </trkpt>
      <trkpt lat="36.8744365" lon="138.2503852">
        <ele>859.6191156751743</ele>
      </trkpt>
      <trkpt lat="36.8744254" lon="138.2503633">
        <ele>859.1749598337965</ele>
      </trkpt>
      <trkpt lat="36.8744082" lon="138.2503505">
        <ele>858.9179586761098</ele>
      </trkpt>
      <trkpt lat="36.874391" lon="138.2503377">
        <ele>858.6767411783492</ele>
      </trkpt>
      <trkpt lat="36.8743694" lon="138.2503381">
        <ele>858.7543684431159</ele>
      </trkpt>
      <trkpt lat="36.8743479" lon="138.2503386">
        <ele>858.8342766569925</ele>
      </trkpt>
      <trkpt lat="36.8743249" lon="138.2503503">
        <ele>859.1646143443418</ele>
      </trkpt>
      <trkpt lat="36.8743019" lon="138.250362">
        <ele>859.4707422187088</ele>
      </trkpt>
      <trkpt lat="36.8742788" lon="138.2503796">
        <ele>859.9144956915177</ele>
      </trkpt>
      <trkpt lat="36.8742557" lon="138.2503972">
        <ele>860.3757400734927</ele>
      </trkpt>
      <trkpt lat="36.8742332" lon="138.2504184">
        <ele>860.9380653163392</ele>
      </trkpt>
      <trkpt lat="36.8742107" lon="138.2504397">
        <ele>861.5011212116015</ele>
      </trkpt>
      <trkpt lat="36.8741873" lon="138.2504637">
        <ele>862.0994677403892</ele>
      </trkpt>
      <trkpt lat="36.8741639" lon="138.2504877">
        <ele>862.6194838051035</ele>
      </trkpt>
      <trkpt lat="36.8741395" lon="138.2505114">
        <ele>863.0919030115565</ele>
      </trkpt>
      <trkpt lat="36.8741151" lon="138.2505352">
        <ele>863.5654556327195</ele>
      </trkpt>
      <trkpt lat="36.8740928" lon="138.250557">
        <ele>863.9732365210243</ele>
      </trkpt>
      <trkpt lat="36.8740706" lon="138.2505788">
        <ele>864.3153083621729</ele>
      </trkpt>
      <trkpt lat="36.8740504" lon="138.2505948">
        <ele>864.5699643974376</ele>
      </trkpt>
      <trkpt lat="36.8740302" lon="138.2506108">
        <ele>864.8161237314652</ele>
      </trkpt>
      <trkpt lat="36.8740083" lon="138.2506172">
        <ele>864.8672522725884</ele>
      </trkpt>
      <trkpt lat="36.8739864" lon="138.2506236">
        <ele>864.9332273150444</ele>
      </trkpt>
      <trkpt lat="36.8739631" lon="138.2506177">
        <ele>864.976768305799</ele>
      </trkpt>
      <trkpt lat="36.8739399" lon="138.2506118">
        <ele>865.0337398714855</ele>
      </trkpt>
      <trkpt lat="36.8739188" lon="138.2505955">
        <ele>865.0123777692944</ele>
      </trkpt>
      <trkpt lat="36.8738978" lon="138.2505793">
        <ele>865.183365469432</ele>
      </trkpt>
      <trkpt lat="36.8738838" lon="138.2505554">
        <ele>865.2595455386465</ele>
      </trkpt>
      <trkpt lat="36.8738698" lon="138.2505316">
        <ele>865.3703418725217</ele>
      </trkpt>
      <trkpt lat="36.8738648" lon="138.2505033">
        <ele>865.3142664929194</ele>
      </trkpt>
      <trkpt lat="36.8738598" lon="138.250475">
        <ele>865.2947379377111</ele>
      </trkpt>
      <trkpt lat="36.8738626" lon="138.2504466">
        <ele>865.1222255085797</ele>
      </trkpt>
      <trkpt lat="36.8738655" lon="138.2504183">
        <ele>864.9396037409474</ele>
      </trkpt>
      <trkpt lat="36.8738731" lon="138.250392">
        <ele>864.6611922694415</ele>
      </trkpt>
      <trkpt lat="36.8738807" lon="138.2503658">
        <ele>864.3834359639986</ele>
      </trkpt>
      <trkpt lat="36.873891" lon="138.2503394">
        <ele>864.0183089430037</ele>
      </trkpt>
      <trkpt lat="36.8739014" lon="138.250313">
        <ele>863.6101582402866</ele>
      </trkpt>
      <trkpt lat="36.8739128" lon="138.250286">
        <ele>863.1107306478872</ele>
      </trkpt>
      <trkpt lat="36.8739242" lon="138.2502591">
        <ele>862.6009044376133</ele>
      </trkpt>
      <trkpt lat="36.8739362" lon="138.2502326">
        <ele>862.1010712102124</ele>
      </trkpt>
      <trkpt lat="36.8739482" lon="138.2502062">
        <ele>861.595037115536</ele>
      </trkpt>
      <trkpt lat="36.873961" lon="138.2501791">
        <ele>861.0279977766749</ele>
      </trkpt>
      <trkpt lat="36.8739739" lon="138.250152">
        <ele>860.4225900196745</ele>
      </trkpt>
      <trkpt lat="36.8739868" lon="138.250124">
        <ele>859.7992715077254</ele>
      </trkpt>
      <trkpt lat="36.8739998" lon="138.250096">
        <ele>859.2012324594233</ele>
      </trkpt>
      <trkpt lat="36.8740101" lon="138.2500653">
        <ele>858.6367214504564</ele>
      </trkpt>
      <trkpt lat="36.8740204" lon="138.2500346">
        <ele>858.0858730232346</ele>
      </trkpt>
      <trkpt lat="36.8740274" lon="138.2500022">
        <ele>857.6177310799717</ele>
      </trkpt>
      <trkpt lat="36.8740345" lon="138.2499698">
        <ele>857.1720352686699</ele>
      </trkpt>
      <trkpt lat="36.8740403" lon="138.2499381">
        <ele>856.8277261509501</ele>
      </trkpt>
      <trkpt lat="36.8740461" lon="138.2499064">
        <ele>856.4771772909727</ele>
      </trkpt>
      <trkpt lat="36.8740525" lon="138.2498756">
        <ele>856.1254566682969</ele>
      </trkpt>
      <trkpt lat="36.874059" lon="138.2498449">
        <ele>855.7835809436395</ele>
      </trkpt>
      <trkpt lat="36.8740648" lon="138.2498133">
        <ele>855.4594768935588</ele>
      </trkpt>
      <trkpt lat="36.8740707" lon="138.2497817">
        <ele>855.1013080259322</ele>
      </trkpt>
      <trkpt lat="36.8740736" lon="138.2497484">
        <ele>854.818624565704</ele>
      </trkpt>
      <trkpt lat="36.8740765" lon="138.2497152">
        <ele>854.5365236438348</ele>
      </trkpt>
      <trkpt lat="36.8740762" lon="138.2496821">
        <ele>854.3528777108065</ele>
      </trkpt>
      <trkpt lat="36.8740759" lon="138.2496491">
        <ele>854.1698143188378</ele>
      </trkpt>
      <trkpt lat="36.8740721" lon="138.2496158">
        <ele>854.0688702869697</ele>
      </trkpt>
      <trkpt lat="36.8740684" lon="138.2495826">
        <ele>853.9499504739654</ele>
      </trkpt>
      <trkpt lat="36.8740616" lon="138.24955">
        <ele>853.9300388758769</ele>
      </trkpt>
      <trkpt lat="36.8740548" lon="138.2495175">
        <ele>853.8600623561541</ele>
      </trkpt>
      <trkpt lat="36.874047" lon="138.2494861">
        <ele>853.819820424496</ele>
      </trkpt>
      <trkpt lat="36.8740392" lon="138.2494548">
        <ele>853.755727877807</ele>
      </trkpt>
      <trkpt lat="36.8740306" lon="138.2494232">
        <ele>853.6456320379191</ele>
      </trkpt>
      <trkpt lat="36.8740221" lon="138.2493916">
        <ele>853.5236690367403</ele>
      </trkpt>
      <trkpt lat="36.8740126" lon="138.2493591">
        <ele>853.4083472393736</ele>
      </trkpt>
      <trkpt lat="36.8740031" lon="138.2493266">
        <ele>853.2825472472657</ele>
      </trkpt>
      <trkpt lat="36.8739918" lon="138.2492921">
        <ele>853.1666704810226</ele>
      </trkpt>
      <trkpt lat="36.8739805" lon="138.2492576">
        <ele>852.9386461401368</ele>
      </trkpt>
      <trkpt lat="36.8739685" lon="138.2492225">
        <ele>852.7216076977561</ele>
      </trkpt>
      <trkpt lat="36.8739565" lon="138.2491874">
        <ele>852.5045692059222</ele>
      </trkpt>
      <trkpt lat="36.8739445" lon="138.2491527">
        <ele>852.2935891026176</ele>
      </trkpt>
      <trkpt lat="36.8739326" lon="138.249118">
        <ele>852.0763376506184</ele>
      </trkpt>
      <trkpt lat="36.8739193" lon="138.2490856">
        <ele>851.9063485134249</ele>
      </trkpt>
      <trkpt lat="36.873906" lon="138.2490532">
        <ele>851.7819760449413</ele>
      </trkpt>
      <trkpt lat="36.8738918" lon="138.2490226">
        <ele>851.7346937573386</ele>
      </trkpt>
      <trkpt lat="36.8738777" lon="138.2489921">
        <ele>851.7201421859311</ele>
      </trkpt>
      <trkpt lat="36.8738662" lon="138.2489613">
        <ele>851.6444670729107</ele>
      </trkpt>
      <trkpt lat="36.8738548" lon="138.2489305">
        <ele>851.5894203433633</ele>
      </trkpt>
      <trkpt lat="36.8738445" lon="138.2488986">
        <ele>851.5225629934044</ele>
      </trkpt>
      <trkpt lat="36.8738343" lon="138.2488668">
        <ele>851.4683406670745</ele>
      </trkpt>
      <trkpt lat="36.8738253" lon="138.2488338">
        <ele>851.3908594146903</ele>
      </trkpt>
      <trkpt lat="36.8738164" lon="138.2488008">
        <ele>851.341819946424</ele>
      </trkpt>
      <trkpt lat="36.8738096" lon="138.2487673">
        <ele>851.2356298194605</ele>
      </trkpt>
      <trkpt lat="36.8738029" lon="138.2487338">
        <ele>851.1581073647992</ele>
      </trkpt>
      <trkpt lat="36.8737991" lon="138.2487001">
        <ele>850.9597766178907</ele>
      </trkpt>
      <trkpt lat="36.8737954" lon="138.2486665">
        <ele>850.7824902071397</ele>
      </trkpt>
      <trkpt lat="36.8737943" lon="138.248633">
        <ele>850.5032361582882</ele>
      </trkpt>
      <trkpt lat="36.8737932" lon="138.2485995">
        <ele>850.2159357635313</ele>
      </trkpt>
      <trkpt lat="36.8737939" lon="138.2485652">
        <ele>849.7826682703344</ele>
      </trkpt>
      <trkpt lat="36.8737947" lon="138.248531">
        <ele>849.3457596416126</ele>
      </trkpt>
      <trkpt lat="36.8737956" lon="138.2484945">
        <ele>848.9021139184233</ele>
      </trkpt>
      <trkpt lat="36.8737965" lon="138.2484581">
        <ele>848.469461853733</ele>
      </trkpt>
      <trkpt lat="36.8737952" lon="138.248421">
        <ele>848.1727665809719</ele>
      </trkpt>
      <trkpt lat="36.873794" lon="138.2483839">
        <ele>847.9352440415374</ele>
      </trkpt>
      <trkpt lat="36.8737889" lon="138.248347">
        <ele>847.8881444204361</ele>
      </trkpt>
      <trkpt lat="36.8737838" lon="138.2483101">
        <ele>847.9121570650263</ele>
      </trkpt>
      <trkpt lat="36.8737744" lon="138.2482733">
        <ele>848.0698520778245</ele>
      </trkpt>
      <trkpt lat="36.873765" lon="138.2482366">
        <ele>848.2648480051299</ele>
      </trkpt>
      <trkpt lat="36.8737514" lon="138.2482009">
        <ele>848.6226878251642</ele>
      </trkpt>
      <trkpt lat="36.8737378" lon="138.2481653">
        <ele>848.9653926710989</ele>
      </trkpt>
      <trkpt lat="36.8737192" lon="138.2481341">
        <ele>849.4916728487538</ele>
      </trkpt>
      <trkpt lat="36.8737007" lon="138.248103">
        <ele>849.8639703480279</ele>
      </trkpt>
      <trkpt lat="36.8736794" lon="138.2480781">
        <ele>850.2842727971565</ele>
      </trkpt>
      <trkpt lat="36.8736581" lon="138.2480532">
        <ele>850.6685765219783</ele>
      </trkpt>
      <trkpt lat="36.8736365" lon="138.2480342">
        <ele>850.967629585789</ele>
      </trkpt>
      <trkpt lat="36.8736149" lon="138.2480152">
        <ele>851.1496813111672</ele>
      </trkpt>
      <trkpt lat="36.8735955" lon="138.248002">
        <ele>851.3351278521322</ele>
      </trkpt>
      <trkpt lat="36.8735761" lon="138.2479888">
        <ele>851.5134048215814</ele>
      </trkpt>
      <trkpt lat="36.8735595" lon="138.2479808">
        <ele>851.6267174144514</ele>
      </trkpt>
      <trkpt lat="36.8735429" lon="138.2479728">
        <ele>851.7400299709296</ele>
      </trkpt>
      <trkpt lat="36.8735286" lon="138.2479672">
        <ele>851.8466712678324</ele>
      </trkpt>
      <trkpt lat="36.8735143" lon="138.2479617">
        <ele>851.954011587846</ele>
      </trkpt>
      <trkpt lat="36.8735004" lon="138.2479555">
        <ele>851.9943765356271</ele>
      </trkpt>
      <trkpt lat="36.8734865" lon="138.2479493">
        <ele>852.0037597490885</ele>
      </trkpt>
      <trkpt lat="36.8734714" lon="138.2479412">
        <ele>851.9959965721994</ele>
      </trkpt>
      <trkpt lat="36.8734564" lon="138.2479332">
        <ele>851.9804737585328</ele>
      </trkpt>
      <trkpt lat="36.8734398" lon="138.2479231">
        <ele>851.9420116985466</ele>
      </trkpt>
      <trkpt lat="36.8734232" lon="138.247913">
        <ele>851.9065522978269</ele>
      </trkpt>
      <trkpt lat="36.8734041" lon="138.2479004">
        <ele>851.8542437690182</ele>
      </trkpt>
      <trkpt lat="36.8733851" lon="138.2478878">
        <ele>851.785415503214</ele>
      </trkpt>
      <trkpt lat="36.8733639" lon="138.2478728">
        <ele>851.6803860698992</ele>
      </trkpt>
      <trkpt lat="36.8733427" lon="138.2478579">
        <ele>851.5548064227364</ele>
      </trkpt>
      <trkpt lat="36.8733198" lon="138.2478415">
        <ele>851.3916766497448</ele>
      </trkpt>
      <trkpt lat="36.873297" lon="138.2478251">
        <ele>851.2424959680275</ele>
      </trkpt>
      <trkpt lat="36.8732732" lon="138.2478076">
        <ele>851.1238278380317</ele>
      </trkpt>
      <trkpt lat="36.8732494" lon="138.2477901">
        <ele>850.9768901354882</ele>
      </trkpt>
      <trkpt lat="36.8732262" lon="138.2477711">
        <ele>850.7965511609392</ele>
      </trkpt>
      <trkpt lat="36.873203" lon="138.2477521">
        <ele>850.6067592989456</ele>
      </trkpt>
      <trkpt lat="36.8731814" lon="138.2477311">
        <ele>850.358532581227</ele>
      </trkpt>
      <trkpt lat="36.8731598" lon="138.2477102">
        <ele>850.1210560753706</ele>
      </trkpt>
      <trkpt lat="36.8731403" lon="138.2476884">
        <ele>849.9141175686302</ele>
      </trkpt>
      <trkpt lat="36.8731208" lon="138.2476667">
        <ele>849.6798796377092</ele>
      </trkpt>
      <trkpt lat="36.8731028" lon="138.2476452">
        <ele>849.434865902931</ele>
      </trkpt>
      <trkpt lat="36.8730848" lon="138.2476238">
        <ele>849.2370022965439</ele>
      </trkpt>
      <trkpt lat="36.8730667" lon="138.2476017">
        <ele>849.0167412848903</ele>
      </trkpt>
      <trkpt lat="36.8730486" lon="138.2475797">
        <ele>848.7575210903251</ele>
      </trkpt>
      <trkpt lat="36.8730296" lon="138.2475558">
        <ele>848.4732897647282</ele>
      </trkpt>
      <trkpt lat="36.8730106" lon="138.247532">
        <ele>848.2903659608353</ele>
      </trkpt>
      <trkpt lat="36.8729906" lon="138.2475068">
        <ele>848.0472010151603</ele>
      </trkpt>
      <trkpt lat="36.8729707" lon="138.2474817">
        <ele>847.7743933434454</ele>
      </trkpt>
      <trkpt lat="36.8729481" lon="138.2474575">
        <ele>847.5821117154278</ele>
      </trkpt>
      <trkpt lat="36.8729256" lon="138.2474333">
        <ele>847.3529045656086</ele>
      </trkpt>
      <trkpt lat="36.8729014" lon="138.2474122">
        <ele>847.1141782959155</ele>
      </trkpt>
      <trkpt lat="36.8728773" lon="138.2473912">
        <ele>846.9462862701461</ele>
      </trkpt>
      <trkpt lat="36.8728529" lon="138.2473729">
        <ele>846.8692172139458</ele>
      </trkpt>
      <trkpt lat="36.8728286" lon="138.2473547">
        <ele>846.732824900804</ele>
      </trkpt>
      <trkpt lat="36.8728039" lon="138.247338">
        <ele>846.6511283679225</ele>
      </trkpt>
      <trkpt lat="36.8727793" lon="138.2473213">
        <ele>846.5564753195911</ele>
      </trkpt>
      <trkpt lat="36.8727551" lon="138.2473061">
        <ele>846.5116656453071</ele>
      </trkpt>
      <trkpt lat="36.8727309" lon="138.2472909">
        <ele>846.5563833881696</ele>
      </trkpt>
      <trkpt lat="36.8727086" lon="138.247277">
        <ele>846.579759738147</ele>
      </trkpt>
      <trkpt lat="36.8726863" lon="138.2472631">
        <ele>846.5820972091594</ele>
      </trkpt>
      <trkpt lat="36.8726652" lon="138.2472506">
        <ele>846.666797699504</ele>
      </trkpt>
      <trkpt lat="36.8726442" lon="138.2472382">
        <ele>846.744227885235</ele>
      </trkpt>
      <trkpt lat="36.8726236" lon="138.2472258">
        <ele>846.8369230799609</ele>
      </trkpt>
      <trkpt lat="36.8726031" lon="138.2472135">
        <ele>847.004634148857</ele>
      </trkpt>
      <trkpt lat="36.8725834" lon="138.2471997">
        <ele>847.1296289531165</ele>
      </trkpt>
      <trkpt lat="36.8725637" lon="138.2471859">
        <ele>847.2361715627355</ele>
      </trkpt>
      <trkpt lat="36.8725443" lon="138.2471708">
        <ele>847.2969662740901</ele>
      </trkpt>
      <trkpt lat="36.8725249" lon="138.2471558">
        <ele>847.3839321091765</ele>
      </trkpt>
      <trkpt lat="36.8725053" lon="138.2471388">
        <ele>847.4310356844176</ele>
      </trkpt>
      <trkpt lat="36.8724858" lon="138.2471218">
        <ele>847.4667111845786</ele>
      </trkpt>
      <trkpt lat="36.8724654" lon="138.247103">
        <ele>847.4962277638268</ele>
      </trkpt>
      <trkpt lat="36.872445" lon="138.2470842">
        <ele>847.5413334402497</ele>
      </trkpt>
      <trkpt lat="36.8724241" lon="138.2470658">
        <ele>847.608605124942</ele>
      </trkpt>
      <trkpt lat="36.8724033" lon="138.2470475">
        <ele>847.7049564967482</ele>
      </trkpt>
      <trkpt lat="36.8723826" lon="138.2470306">
        <ele>847.8304329434036</ele>
      </trkpt>
      <trkpt lat="36.872362" lon="138.2470138">
        <ele>847.943938684463</ele>
      </trkpt>
      <trkpt lat="36.8723405" lon="138.2469975">
        <ele>848.0852098941938</ele>
      </trkpt>
      <trkpt lat="36.8723191" lon="138.2469812">
        <ele>848.2680494917645</ele>
      </trkpt>
      <trkpt lat="36.8722971" lon="138.246964">
        <ele>848.4457614091132</ele>
      </trkpt>
      <trkpt lat="36.8722752" lon="138.2469468">
        <ele>848.6153453074414</ele>
      </trkpt>
      <trkpt lat="36.8722548" lon="138.2469277">
        <ele>848.6890823441763</ele>
      </trkpt>
      <trkpt lat="36.8722344" lon="138.2469086">
        <ele>848.7495961908704</ele>
      </trkpt>
      <trkpt lat="36.8722169" lon="138.2468871">
        <ele>848.6687691661065</ele>
      </trkpt>
      <trkpt lat="36.8721995" lon="138.2468657">
        <ele>848.6071832573008</ele>
      </trkpt>
      <trkpt lat="36.8721858" lon="138.2468417">
        <ele>848.3936587450963</ele>
      </trkpt>
      <trkpt lat="36.8721721" lon="138.2468178">
        <ele>848.1713625310532</ele>
      </trkpt>
      <trkpt lat="36.8721604" lon="138.2467901">
        <ele>847.7920166927395</ele>
      </trkpt>
      <trkpt lat="36.8721487" lon="138.2467625">
        <ele>847.4064114262821</ele>
      </trkpt>
      <trkpt lat="36.8721368" lon="138.2467318">
        <ele>846.9499108736873</ele>
      </trkpt>
      <trkpt lat="36.8721249" lon="138.2467012">
        <ele>846.4596552129841</ele>
      </trkpt>
      <trkpt lat="36.8721118" lon="138.2466701">
        <ele>845.9677654337145</ele>
      </trkpt>
      <trkpt lat="36.8720987" lon="138.2466391">
        <ele>845.4784387896775</ele>
      </trkpt>
      <trkpt lat="36.8720834" lon="138.2466097">
        <ele>845.0672352159767</ele>
      </trkpt>
      <trkpt lat="36.8720681" lon="138.2465804">
        <ele>844.6272356346054</ele>
      </trkpt>
      <trkpt lat="36.872049" lon="138.2465538">
        <ele>844.32909807477</ele>
      </trkpt>
      <trkpt lat="36.8720299" lon="138.2465273">
        <ele>844.0483917496778</ele>
      </trkpt>
      <trkpt lat="36.872008" lon="138.2465044">
        <ele>843.9096264276052</ele>
      </trkpt>
      <trkpt lat="36.8719862" lon="138.2464815">
        <ele>843.684292008187</ele>
      </trkpt>
      <trkpt lat="36.8719624" lon="138.2464625">
        <ele>843.5596742149771</ele>
      </trkpt>
      <trkpt lat="36.8719386" lon="138.2464436">
        <ele>843.4742152565163</ele>
      </trkpt>
      <trkpt lat="36.8719137" lon="138.2464288">
        <ele>843.4793488153256</ele>
      </trkpt>
      <trkpt lat="36.8718889" lon="138.2464141">
        <ele>843.4918661804714</ele>
      </trkpt>
      <trkpt lat="36.8718637" lon="138.2464016">
        <ele>843.5840119196466</ele>
      </trkpt>
      <trkpt lat="36.8718385" lon="138.2463891">
        <ele>843.5660243065995</ele>
      </trkpt>
      <trkpt lat="36.871813" lon="138.2463788">
        <ele>843.6000881533948</ele>
      </trkpt>
      <trkpt lat="36.8717876" lon="138.2463686">
        <ele>843.6469861349174</ele>
      </trkpt>
      <trkpt lat="36.8717625" lon="138.2463616">
        <ele>843.7194903748837</ele>
      </trkpt>
      <trkpt lat="36.8717375" lon="138.2463546">
        <ele>843.8031253183003</ele>
      </trkpt>
      <trkpt lat="36.8717124" lon="138.2463522">
        <ele>843.935745753139</ele>
      </trkpt>
      <trkpt lat="36.8716874" lon="138.2463498">
        <ele>844.0410996651362</ele>
      </trkpt>
      <trkpt lat="36.8716629" lon="138.246352">
        <ele>844.2048796363231</ele>
      </trkpt>
      <trkpt lat="36.8716385" lon="138.2463543">
        <ele>844.3380537436935</ele>
      </trkpt>
      <trkpt lat="36.8716146" lon="138.2463608">
        <ele>844.4937887303134</ele>
      </trkpt>
      <trkpt lat="36.8715908" lon="138.2463674">
        <ele>844.6342142259941</ele>
      </trkpt>
      <trkpt lat="36.8715681" lon="138.2463746">
        <ele>844.7057117812769</ele>
      </trkpt>
      <trkpt lat="36.8715454" lon="138.2463819">
        <ele>844.7884882593704</ele>
      </trkpt>
      <trkpt lat="36.8715228" lon="138.2463899">
        <ele>844.867504018466</ele>
      </trkpt>
      <trkpt lat="36.8715003" lon="138.246398">
        <ele>844.9083868226749</ele>
      </trkpt>
      <trkpt lat="36.8714772" lon="138.2464073">
        <ele>844.9404237269537</ele>
      </trkpt>
      <trkpt lat="36.8714541" lon="138.2464167">
        <ele>844.9587086459312</ele>
      </trkpt>
      <trkpt lat="36.8714306" lon="138.2464253">
        <ele>844.9434892317205</ele>
      </trkpt>
      <trkpt lat="36.8714071" lon="138.246434">
        <ele>844.919237142977</ele>
      </trkpt>
      <trkpt lat="36.8713824" lon="138.246442">
        <ele>844.878250824116</ele>
      </trkpt>
      <trkpt lat="36.8713577" lon="138.24645">
        <ele>844.803983057426</ele>
      </trkpt>
      <trkpt lat="36.8713319" lon="138.2464572">
        <ele>844.6989324577353</ele>
      </trkpt>
      <trkpt lat="36.8713062" lon="138.2464645">
        <ele>844.6215575542494</ele>
      </trkpt>
      <trkpt lat="36.8712797" lon="138.2464683">
        <ele>844.5672620842917</ele>
      </trkpt>
      <trkpt lat="36.8712532" lon="138.2464721">
        <ele>844.5027145319945</ele>
      </trkpt>
      <trkpt lat="36.8712269" lon="138.2464707">
        <ele>844.4562777540954</ele>
      </trkpt>
      <trkpt lat="36.8712006" lon="138.2464694">
        <ele>844.4410405868279</ele>
      </trkpt>
      <trkpt lat="36.8711762" lon="138.2464621">
        <ele>844.4075293082869</ele>
      </trkpt>
      <trkpt lat="36.8711519" lon="138.2464548">
        <ele>844.3960514222013</ele>
      </trkpt>
      <trkpt lat="36.8711301" lon="138.2464422">
        <ele>844.3929811297617</ele>
      </trkpt>
      <trkpt lat="36.8711084" lon="138.2464297">
        <ele>844.3991835824486</ele>
      </trkpt>
      <trkpt lat="36.8710874" lon="138.2464131">
        <ele>844.4848048974075</ele>
      </trkpt>
      <trkpt lat="36.8710664" lon="138.2463966">
        <ele>844.5765567137171</ele>
      </trkpt>
      <trkpt lat="36.871047" lon="138.2463768">
        <ele>844.661317893072</ele>
      </trkpt>
      <trkpt lat="36.8710276" lon="138.246357">
        <ele>844.7430135365098</ele>
      </trkpt>
      <trkpt lat="36.8710092" lon="138.2463366">
        <ele>844.8080375170514</ele>
      </trkpt>
      <trkpt lat="36.8709908" lon="138.2463162">
        <ele>844.8603232498441</ele>
      </trkpt>
      <trkpt lat="36.870971" lon="138.2462966">
        <ele>844.9050382413984</ele>
      </trkpt>
      <trkpt lat="36.8709513" lon="138.2462771">
        <ele>844.9368429186745</ele>
      </trkpt>
      <trkpt lat="36.870931" lon="138.2462571">
        <ele>844.9387138463948</ele>
      </trkpt>
      <trkpt lat="36.8709108" lon="138.2462372">
        <ele>844.9269057975814</ele>
      </trkpt>
      <trkpt lat="36.8708903" lon="138.2462167">
        <ele>844.8892623639746</ele>
      </trkpt>
      <trkpt lat="36.8708699" lon="138.2461962">
        <ele>844.7800222043975</ele>
      </trkpt>
      <trkpt lat="36.87085" lon="138.2461755">
        <ele>844.5761332357196</ele>
      </trkpt>
      <trkpt lat="36.8708301" lon="138.2461549">
        <ele>844.3454578393516</ele>
      </trkpt>
      <trkpt lat="36.8708106" lon="138.2461326">
        <ele>844.066251826572</ele>
      </trkpt>
      <trkpt lat="36.8707912" lon="138.2461103">
        <ele>843.7547189715854</ele>
      </trkpt>
      <trkpt lat="36.8707722" lon="138.2460871">
        <ele>843.4040730114729</ele>
      </trkpt>
      <trkpt lat="36.8707532" lon="138.2460639">
        <ele>843.0050596418091</ele>
      </trkpt>
      <trkpt lat="36.870735" lon="138.2460399">
        <ele>842.5328357033025</ele>
      </trkpt>
      <trkpt lat="36.8707169" lon="138.2460159">
        <ele>841.9884115907255</ele>
      </trkpt>
      <trkpt lat="36.8706984" lon="138.2459928">
        <ele>841.4198025344426</ele>
      </trkpt>
      <trkpt lat="36.8706799" lon="138.2459698">
        <ele>840.8231273199734</ele>
      </trkpt>
      <trkpt lat="36.8706599" lon="138.245949">
        <ele>840.2236887423533</ele>
      </trkpt>
      <trkpt lat="36.8706399" lon="138.2459283">
        <ele>839.5786362129068</ele>
      </trkpt>
      <trkpt lat="36.8706173" lon="138.2459101">
        <ele>838.8936041657355</ele>
      </trkpt>
      <trkpt lat="36.8705947" lon="138.2458919">
        <ele>838.1384874968667</ele>
      </trkpt>
      <trkpt lat="36.8705704" lon="138.2458802">
        <ele>837.4926364122318</ele>
      </trkpt>
      <trkpt lat="36.8705461" lon="138.2458685">
        <ele>836.8371371490352</ele>
      </trkpt>
      <trkpt lat="36.8705202" lon="138.2458651">
        <ele>836.3449511104393</ele>
      </trkpt>
      <trkpt lat="36.8704944" lon="138.2458617">
        <ele>835.851374491166</ele>
      </trkpt>
      <trkpt lat="36.8704677" lon="138.2458665">
        <ele>835.4516118989982</ele>
      </trkpt>
      <trkpt lat="36.8704411" lon="138.2458714">
        <ele>835.0364363990172</ele>
      </trkpt>
      <trkpt lat="36.8704146" lon="138.2458839">
        <ele>834.8208743060948</ele>
      </trkpt>
      <trkpt lat="36.8703881" lon="138.2458964">
        <ele>834.6009610549089</ele>
      </trkpt>
      <trkpt lat="36.8703625" lon="138.2459154">
        <ele>834.5660052582163</ele>
      </trkpt>
      <trkpt lat="36.8703369" lon="138.2459344">
        <ele>834.4858783760521</ele>
      </trkpt>
      <trkpt lat="36.8703137" lon="138.2459573">
        <ele>834.5492249369623</ele>
      </trkpt>
      <trkpt lat="36.8702905" lon="138.2459802">
        <ele>834.6222728692001</ele>
      </trkpt>
      <trkpt lat="36.8702696" lon="138.2460044">
        <ele>834.7971048370399</ele>
      </trkpt>
      <trkpt lat="36.8702487" lon="138.2460286">
        <ele>834.9936766435845</ele>
      </trkpt>
      <trkpt lat="36.87023" lon="138.2460539">
        <ele>835.2437027652671</ele>
      </trkpt>
      <trkpt lat="36.8702113" lon="138.2460793">
        <ele>835.4740252270658</ele>
      </trkpt>
      <trkpt lat="36.8701953" lon="138.246106">
        <ele>835.7839838485502</ele>
      </trkpt>
      <trkpt lat="36.8701793" lon="138.2461327">
        <ele>836.1176473160282</ele>
      </trkpt>
      <trkpt lat="36.8701652" lon="138.2461587">
        <ele>836.4858128193774</ele>
      </trkpt>
      <trkpt lat="36.8701512" lon="138.2461848">
        <ele>836.858988254425</ele>
      </trkpt>
      <trkpt lat="36.8701379" lon="138.2462106">
        <ele>837.2420532902012</ele>
      </trkpt>
      <trkpt lat="36.8701246" lon="138.2462365">
        <ele>837.615374584497</ele>
      </trkpt>
      <trkpt lat="36.87011" lon="138.2462623">
        <ele>837.9577337319511</ele>
      </trkpt>
      <trkpt lat="36.8700955" lon="138.2462881">
        <ele>838.3022774782512</ele>
      </trkpt>
      <trkpt lat="36.8700791" lon="138.2463128">
        <ele>838.633275258217</ele>
      </trkpt>
      <trkpt lat="36.8700628" lon="138.2463376">
        <ele>839.0329789937484</ele>
      </trkpt>
      <trkpt lat="36.8700448" lon="138.2463602">
        <ele>839.3503473532394</ele>
      </trkpt>
      <trkpt lat="36.8700269" lon="138.2463829">
        <ele>839.6899100140157</ele>
      </trkpt>
      <trkpt lat="36.8700066" lon="138.2463989">
        <ele>839.829533272237</ele>
      </trkpt>
      <trkpt lat="36.8699863" lon="138.246415">
        <ele>840.0511611167814</ele>
      </trkpt>
      <trkpt lat="36.8699644" lon="138.2464206">
        <ele>839.9337494394285</ele>
      </trkpt>
      <trkpt lat="36.8699426" lon="138.2464263">
        <ele>839.8206777861817</ele>
      </trkpt>
      <trkpt lat="36.8699205" lon="138.2464224">
        <ele>839.5115579826204</ele>
      </trkpt>
      <trkpt lat="36.8698984" lon="138.2464186">
        <ele>839.2187839737206</ele>
      </trkpt>
      <trkpt lat="36.8698756" lon="138.2464082">
        <ele>838.7104395026156</ele>
      </trkpt>
      <trkpt lat="36.8698529" lon="138.2463978">
        <ele>838.2517034663485</ele>
      </trkpt>
      <trkpt lat="36.8698291" lon="138.2463836">
        <ele>837.702031503401</ele>
      </trkpt>
      <trkpt lat="36.8698054" lon="138.2463695">
        <ele>837.1845402533199</ele>
      </trkpt>
      <trkpt lat="36.8697805" lon="138.2463531">
        <ele>836.5933215270883</ele>
      </trkpt>
      <trkpt lat="36.8697556" lon="138.2463368">
        <ele>836.0142593728476</ele>
      </trkpt>
      <trkpt lat="36.8697294" lon="138.2463225">
        <ele>835.5056634100324</ele>
      </trkpt>
      <trkpt lat="36.8697032" lon="138.2463082">
        <ele>835.0686204545648</ele>
      </trkpt>
      <trkpt lat="36.8696776" lon="138.2462982">
        <ele>834.7650595232109</ele>
      </trkpt>
      <trkpt lat="36.869652" lon="138.2462883">
        <ele>834.4812765789407</ele>
      </trkpt>
      <trkpt lat="36.8696275" lon="138.2462813">
        <ele>834.2995140281944</ele>
      </trkpt>
      <trkpt lat="36.869603" lon="138.2462743">
        <ele>834.1293923606432</ele>
      </trkpt>
      <trkpt lat="36.8695794" lon="138.2462685">
        <ele>834.0247721588864</ele>
      </trkpt>
      <trkpt lat="36.8695559" lon="138.2462627">
        <ele>833.9454772701285</ele>
      </trkpt>
      <trkpt lat="36.8695314" lon="138.2462567">
        <ele>833.8783552930245</ele>
      </trkpt>
      <trkpt lat="36.8695069" lon="138.2462507">
        <ele>833.873135360361</ele>
      </trkpt>
      <trkpt lat="36.8694816" lon="138.2462428">
        <ele>833.8625642999878</ele>
      </trkpt>
      <trkpt lat="36.8694564" lon="138.246235">
        <ele>833.8759004223132</ele>
      </trkpt>
      <trkpt lat="36.8694318" lon="138.2462253">
        <ele>833.963697203992</ele>
      </trkpt>
      <trkpt lat="36.8694072" lon="138.2462156">
        <ele>834.0757868644998</ele>
      </trkpt>
      <trkpt lat="36.8693821" lon="138.2462041">
        <ele>834.2110741291383</ele>
      </trkpt>
      <trkpt lat="36.869357" lon="138.2461926">
        <ele>834.388930730563</ele>
      </trkpt>
      <trkpt lat="36.8693303" lon="138.246181">
        <ele>834.5946327752001</ele>
      </trkpt>
      <trkpt lat="36.8693037" lon="138.2461695">
        <ele>834.8205050080326</ele>
      </trkpt>
      <trkpt lat="36.869278" lon="138.2461583">
        <ele>835.0608392425352</ele>
      </trkpt>
      <trkpt lat="36.8692524" lon="138.2461472">
        <ele>835.318228671663</ele>
      </trkpt>
      <trkpt lat="36.8692279" lon="138.2461353">
        <ele>835.4771423281554</ele>
      </trkpt>
      <trkpt lat="36.8692035" lon="138.2461235">
        <ele>835.6455570364775</ele>
      </trkpt>
      <trkpt lat="36.8691784" lon="138.2461112">
        <ele>835.7963588038903</ele>
      </trkpt>
      <trkpt lat="36.8691533" lon="138.246099">
        <ele>835.8660056448948</ele>
      </trkpt>
      <trkpt lat="36.8691273" lon="138.2460887">
        <ele>835.9631898688119</ele>
      </trkpt>
      <trkpt lat="36.8691013" lon="138.2460784">
        <ele>835.9887485674092</ele>
      </trkpt>
      <trkpt lat="36.8690744" lon="138.2460729">
        <ele>835.9745917154369</ele>
      </trkpt>
      <trkpt lat="36.8690475" lon="138.2460675">
        <ele>835.9561121429077</ele>
      </trkpt>
      <trkpt lat="36.8690193" lon="138.2460663">
        <ele>835.827620503773</ele>
      </trkpt>
      <trkpt lat="36.8689912" lon="138.2460651">
        <ele>835.6964625570466</ele>
      </trkpt>
      <trkpt lat="36.8689607" lon="138.2460664">
        <ele>835.455347762012</ele>
      </trkpt>
      <trkpt lat="36.8689303" lon="138.2460677">
        <ele>835.1296701266035</ele>
      </trkpt>
      <trkpt lat="36.8688987" lon="138.2460704">
        <ele>834.756413001827</ele>
      </trkpt>
      <trkpt lat="36.8688672" lon="138.2460731">
        <ele>834.2969139539396</ele>
      </trkpt>
      <trkpt lat="36.868836" lon="138.2460756">
        <ele>833.82197862155</ele>
      </trkpt>
      <trkpt lat="36.8688048" lon="138.2460782">
        <ele>833.2405606470081</ele>
      </trkpt>
      <trkpt lat="36.8687736" lon="138.2460801">
        <ele>832.6584795010764</ele>
      </trkpt>
      <trkpt lat="36.8687424" lon="138.2460821">
        <ele>832.0144945903387</ele>
      </trkpt>
      <trkpt lat="36.8687121" lon="138.2460823">
        <ele>831.3641759867337</ele>
      </trkpt>
      <trkpt lat="36.8686819" lon="138.2460826">
        <ele>830.6739763781893</ele>
      </trkpt>
      <trkpt lat="36.8686533" lon="138.2460823">
        <ele>829.9943455295481</ele>
      </trkpt>
      <trkpt lat="36.8686247" lon="138.2460821">
        <ele>829.3276951357161</ele>
      </trkpt>
      <trkpt lat="36.8685969" lon="138.2460802">
        <ele>828.6674704256379</ele>
      </trkpt>
      <trkpt lat="36.8685692" lon="138.2460784">
        <ele>828.0096786303528</ele>
      </trkpt>
      <trkpt lat="36.8685401" lon="138.2460746">
        <ele>827.3550167670596</ele>
      </trkpt>
      <trkpt lat="36.8685111" lon="138.2460708">
        <ele>826.7002324555622</ele>
      </trkpt>
      <trkpt lat="36.8684814" lon="138.2460658">
        <ele>826.0661977573199</ele>
      </trkpt>
      <trkpt lat="36.8684518" lon="138.2460609">
        <ele>825.4916095175668</ele>
      </trkpt>
      <trkpt lat="36.8684234" lon="138.2460547">
        <ele>824.9330761560823</ele>
      </trkpt>
      <trkpt lat="36.868395" lon="138.2460486">
        <ele>824.510322508385</ele>
      </trkpt>
      <trkpt lat="36.8683681" lon="138.246041">
        <ele>824.0507130502654</ele>
      </trkpt>
      <trkpt lat="36.8683413" lon="138.2460335">
        <ele>823.7721508982132</ele>
      </trkpt>
      <trkpt lat="36.8683159" lon="138.2460252">
        <ele>823.5781852921838</ele>
      </trkpt>
      <trkpt lat="36.8682906" lon="138.246017">
        <ele>823.4029272949816</ele>
      </trkpt>
      <trkpt lat="36.8682671" lon="138.2460077">
        <ele>823.4117632747798</ele>
      </trkpt>
      <trkpt lat="36.8682436" lon="138.2459984">
        <ele>823.4280156424409</ele>
      </trkpt>
      <trkpt lat="36.8682227" lon="138.2459866">
        <ele>823.3760891327807</ele>
      </trkpt>
      <trkpt lat="36.8682018" lon="138.2459748">
        <ele>823.4833333083357</ele>
      </trkpt>
      <trkpt lat="36.8681834" lon="138.2459578">
        <ele>823.4504535405972</ele>
      </trkpt>
      <trkpt lat="36.868165" lon="138.2459408">
        <ele>823.4476538244062</ele>
      </trkpt>
      <trkpt lat="36.8681525" lon="138.2459162">
        <ele>823.2976243217748</ele>
      </trkpt>
      <trkpt lat="36.86814" lon="138.2458917">
        <ele>823.175213541439</ele>
      </trkpt>
      <trkpt lat="36.8681363" lon="138.2458626">
        <ele>822.8167058506212</ele>
      </trkpt>
      <trkpt lat="36.8681327" lon="138.2458335">
        <ele>822.5288954427517</ele>
      </trkpt>
      <trkpt lat="36.8681368" lon="138.2458018">
        <ele>822.0542129516872</ele>
      </trkpt>
      <trkpt lat="36.8681409" lon="138.2457701">
        <ele>821.5835136747473</ele>
      </trkpt>
      <trkpt lat="36.8681488" lon="138.2457373">
        <ele>821.1293435576611</ele>
      </trkpt>
      <trkpt lat="36.8681567" lon="138.2457046">
        <ele>820.6898219008442</ele>
      </trkpt>
      <trkpt lat="36.8681647" lon="138.2456718">
        <ele>820.2795533809252</ele>
      </trkpt>
      <trkpt lat="36.8681728" lon="138.2456391">
        <ele>819.8982790698946</ele>
      </trkpt>
      <trkpt lat="36.8681789" lon="138.2456064">
        <ele>819.564018493277</ele>
      </trkpt>
      <trkpt lat="36.8681851" lon="138.2455738">
        <ele>819.3002323977119</ele>
      </trkpt>
      <trkpt lat="36.8681873" lon="138.2455416">
        <ele>819.1276295043674</ele>
      </trkpt>
      <trkpt lat="36.8681896" lon="138.2455095">
        <ele>818.9525281452</ele>
      </trkpt>
      <trkpt lat="36.8681862" lon="138.2454778">
        <ele>818.8609482908598</ele>
      </trkpt>
      <trkpt lat="36.8681828" lon="138.2454462">
        <ele>818.7625390221351</ele>
      </trkpt>
      <trkpt lat="36.8681741" lon="138.245413">
        <ele>818.7313495643907</ele>
      </trkpt>
      <trkpt lat="36.8681655" lon="138.2453799">
        <ele>818.7023361288948</ele>
      </trkpt>
      <trkpt lat="36.8681537" lon="138.245346">
        <ele>818.7185023545393</ele>
      </trkpt>
      <trkpt lat="36.868142" lon="138.2453121">
        <ele>818.7006473761526</ele>
      </trkpt>
      <trkpt lat="36.8681278" lon="138.2452792">
        <ele>818.7170212457073</ele>
      </trkpt>
      <trkpt lat="36.8681136" lon="138.2452464">
        <ele>818.7183094076021</ele>
      </trkpt>
      <trkpt lat="36.8680988" lon="138.2452146">
        <ele>818.721753109988</ele>
      </trkpt>
      <trkpt lat="36.8680841" lon="138.2451829">
        <ele>818.7147935693791</ele>
      </trkpt>
      <trkpt lat="36.8680696" lon="138.2451522">
        <ele>818.706992322048</ele>
      </trkpt>
      <trkpt lat="36.8680552" lon="138.2451215">
        <ele>818.6579003259558</ele>
      </trkpt>
      <trkpt lat="36.8680404" lon="138.2450919">
        <ele>818.6137844746273</ele>
      </trkpt>
      <trkpt lat="36.8680256" lon="138.2450623">
        <ele>818.551201595599</ele>
      </trkpt>
      <trkpt lat="36.86801" lon="138.2450333">
        <ele>818.5262966132793</ele>
      </trkpt>
      <trkpt lat="36.8679944" lon="138.2450043">
        <ele>818.5015322545341</ele>
      </trkpt>
      <trkpt lat="36.8679787" lon="138.2449745">
        <ele>818.4104197521237</ele>
      </trkpt>
      <trkpt lat="36.867963" lon="138.2449447">
        <ele>818.313884432149</ele>
      </trkpt>
      <trkpt lat="36.8679482" lon="138.2449147">
        <ele>818.1959176098469</ele>
      </trkpt>
      <trkpt lat="36.8679334" lon="138.2448848">
        <ele>818.0879054481172</ele>
      </trkpt>
      <trkpt lat="36.8679193" lon="138.2448565">
        <ele>817.9878162169371</ele>
      </trkpt>
      <trkpt lat="36.8679053" lon="138.2448283">
        <ele>817.8866554674175</ele>
      </trkpt>
      <trkpt lat="36.8678911" lon="138.2448026">
        <ele>817.8079755138492</ele>
      </trkpt>
      <trkpt lat="36.867877" lon="138.244777">
        <ele>817.7100066768348</ele>
      </trkpt>
      <trkpt lat="36.8678643" lon="138.2447518">
        <ele>817.5956157618828</ele>
      </trkpt>
      <trkpt lat="36.8678516" lon="138.2447266">
        <ele>817.4819315354589</ele>
      </trkpt>
      <trkpt lat="36.8678446" lon="138.2447009">
        <ele>817.2213176330988</ele>
      </trkpt>
      <trkpt lat="36.8678377" lon="138.2446752">
        <ele>816.9463951852355</ele>
      </trkpt>
      <trkpt lat="36.8678407" lon="138.2446491">
        <ele>816.4592485559423</ele>
      </trkpt>
      <trkpt lat="36.8678438" lon="138.244623">
        <ele>815.9853381908666</ele>
      </trkpt>
      <trkpt lat="36.8678579" lon="138.2445958">
        <ele>815.2841492605054</ele>
      </trkpt>
      <trkpt lat="36.8678721" lon="138.2445687">
        <ele>814.5990928793502</ele>
      </trkpt>
      <trkpt lat="36.8678916" lon="138.2445409">
        <ele>813.8942286388021</ele>
      </trkpt>
      <trkpt lat="36.8679111" lon="138.2445132">
        <ele>813.2229726572995</ele>
      </trkpt>
      <trkpt lat="36.8679309" lon="138.2444862">
        <ele>812.5571343580738</ele>
      </trkpt>
      <trkpt lat="36.8679507" lon="138.2444592">
        <ele>811.8710521404173</ele>
      </trkpt>
      <trkpt lat="36.8679687" lon="138.2444337">
        <ele>811.3013305014937</ele>
      </trkpt>
      <trkpt lat="36.8679867" lon="138.2444082">
        <ele>810.7316088202649</ele>
      </trkpt>
      <trkpt lat="36.8680031" lon="138.2443841">
        <ele>810.2142292650121</ele>
      </trkpt>
      <trkpt lat="36.8680195" lon="138.2443601">
        <ele>809.719024507609</ele>
      </trkpt>
      <trkpt lat="36.8680345" lon="138.2443359">
        <ele>809.2496151949283</ele>
      </trkpt>
      <trkpt lat="36.8680496" lon="138.2443118">
        <ele>808.7779412719423</ele>
      </trkpt>
      <trkpt lat="36.8680648" lon="138.244286">
        <ele>808.2543555226647</ele>
      </trkpt>
      <trkpt lat="36.8680801" lon="138.2442602">
        <ele>807.7298959543934</ele>
      </trkpt>
      <trkpt lat="36.8680978" lon="138.2442336">
        <ele>807.1723484544091</ele>
      </trkpt>
      <trkpt lat="36.8681155" lon="138.244207">
        <ele>806.6505439350349</ele>
      </trkpt>
      <trkpt lat="36.8681349" lon="138.2441834">
        <ele>806.1778662597267</ele>
      </trkpt>
      <trkpt lat="36.8681543" lon="138.2441599">
        <ele>805.7219184028917</ele>
      </trkpt>
      <trkpt lat="36.8681749" lon="138.244141">
        <ele>805.299695883459</ele>
      </trkpt>
      <trkpt lat="36.8681956" lon="138.2441221">
        <ele>804.8765995222153</ele>
      </trkpt>
      <trkpt lat="36.8682176" lon="138.2441075">
        <ele>804.4972522822221</ele>
      </trkpt>
      <trkpt lat="36.8682396" lon="138.244093">
        <ele>804.1191865797632</ele>
      </trkpt>
      <trkpt lat="36.8682641" lon="138.2440813">
        <ele>803.7551605570139</ele>
      </trkpt>
      <trkpt lat="36.8682886" lon="138.2440697">
        <ele>803.3924160583884</ele>
      </trkpt>
      <trkpt lat="36.8683155" lon="138.2440595">
        <ele>802.9557656294542</ele>
      </trkpt>
      <trkpt lat="36.8683424" lon="138.2440493">
        <ele>802.5214023044346</ele>
      </trkpt>
      <trkpt lat="36.8683706" lon="138.2440384">
        <ele>802.0539699359246</ele>
      </trkpt>
      <trkpt lat="36.8683988" lon="138.2440276">
        <ele>801.5743514467698</ele>
      </trkpt>
      <trkpt lat="36.868426" lon="138.2440126">
        <ele>801.0732519524682</ele>
      </trkpt>
      <trkpt lat="36.8684532" lon="138.2439976">
        <ele>800.4908049785303</ele>
      </trkpt>
      <trkpt lat="36.8684754" lon="138.2439767">
        <ele>799.9160172400532</ele>
      </trkpt>
      <trkpt lat="36.8684977" lon="138.2439558">
        <ele>799.3220684825908</ele>
      </trkpt>
      <trkpt lat="36.8685113" lon="138.243928">
        <ele>798.7803081891269</ele>
      </trkpt>
      <trkpt lat="36.868525" lon="138.2439003">
        <ele>798.2381109787623</ele>
      </trkpt>
      <trkpt lat="36.8685272" lon="138.2438679">
        <ele>797.8140324876379</ele>
      </trkpt>
      <trkpt lat="36.8685294" lon="138.2438356">
        <ele>797.3829279098683</ele>
      </trkpt>
      <trkpt lat="36.8685209" lon="138.2438042">
        <ele>797.1219824382011</ele>
      </trkpt>
      <trkpt lat="36.8685124" lon="138.2437729">
        <ele>796.8093283305872</ele>
      </trkpt>
      <trkpt lat="36.8684958" lon="138.243748">
        <ele>796.7065314041826</ele>
      </trkpt>
      <trkpt lat="36.8684792" lon="138.2437231">
        <ele>796.5557987729611</ele>
      </trkpt>
      <trkpt lat="36.8684574" lon="138.2437056">
        <ele>796.5371706426569</ele>
      </trkpt>
      <trkpt lat="36.8684357" lon="138.2436881">
        <ele>796.5053849204032</ele>
      </trkpt>
      <trkpt lat="36.868411" lon="138.2436764">
        <ele>796.5827890381582</ele>
      </trkpt>
      <trkpt lat="36.8683863" lon="138.2436648">
        <ele>796.6335896068167</ele>
      </trkpt>
      <trkpt lat="36.8683604" lon="138.2436576">
        <ele>796.7584695696854</ele>
      </trkpt>
      <trkpt lat="36.8683346" lon="138.2436504">
        <ele>796.887186645112</ele>
      </trkpt>
      <trkpt lat="36.8683075" lon="138.2436446">
        <ele>797.0553317561757</ele>
      </trkpt>
      <trkpt lat="36.8682805" lon="138.2436389">
        <ele>797.1921189290018</ele>
      </trkpt>
      <trkpt lat="36.8682535" lon="138.2436309">
        <ele>797.2395919233575</ele>
      </trkpt>
      <trkpt lat="36.8682266" lon="138.2436229">
        <ele>797.2700899874105</ele>
      </trkpt>
      <trkpt lat="36.8682007" lon="138.243613">
        <ele>797.2663699007667</ele>
      </trkpt>
      <trkpt lat="36.8681749" lon="138.2436031">
        <ele>797.2582264625219</ele>
      </trkpt>
      <trkpt lat="36.86815" lon="138.2435916">
        <ele>797.2141341345176</ele>
      </trkpt>
      <trkpt lat="36.8681251" lon="138.2435802">
        <ele>797.2594153058712</ele>
      </trkpt>
      <trkpt lat="36.8681019" lon="138.2435678">
        <ele>797.2704146745921</ele>
      </trkpt>
      <trkpt lat="36.8680788" lon="138.2435554">
        <ele>797.3111408656476</ele>
      </trkpt>
      <trkpt lat="36.8680578" lon="138.2435402">
        <ele>797.3064851289932</ele>
      </trkpt>
      <trkpt lat="36.8680368" lon="138.2435251">
        <ele>797.2688868902325</ele>
      </trkpt>
      <trkpt lat="36.8680173" lon="138.243506">
        <ele>797.1193179267698</ele>
      </trkpt>
      <trkpt lat="36.8679979" lon="138.243487">
        <ele>797.04844894847</ele>
      </trkpt>
      <trkpt lat="36.8679791" lon="138.2434655">
        <ele>796.9057165261836</ele>
      </trkpt>
      <trkpt lat="36.8679604" lon="138.2434441">
        <ele>796.7173241987168</ele>
      </trkpt>
      <trkpt lat="36.8679436" lon="138.2434202">
        <ele>796.4194361935155</ele>
      </trkpt>
      <trkpt lat="36.8679268" lon="138.2433963">
        <ele>796.1859291948122</ele>
      </trkpt>
      <trkpt lat="36.8679117" lon="138.2433697">
        <ele>795.8467035333465</ele>
      </trkpt>
      <trkpt lat="36.8678966" lon="138.2433432">
        <ele>795.4555202883403</ele>
      </trkpt>
      <trkpt lat="36.8678819" lon="138.2433146">
        <ele>795.018951376727</ele>
      </trkpt>
      <trkpt lat="36.8678673" lon="138.243286">
        <ele>794.5905254678476</ele>
      </trkpt>
      <trkpt lat="36.8678523" lon="138.2432577">
        <ele>794.1134711000199</ele>
      </trkpt>
      <trkpt lat="36.8678374" lon="138.2432294">
        <ele>793.6564407617971</ele>
      </trkpt>
      <trkpt lat="36.8678231" lon="138.2432023">
        <ele>793.2465820024878</ele>
      </trkpt>
      <trkpt lat="36.8678088" lon="138.2431753">
        <ele>792.8330442300286</ele>
      </trkpt>
      <trkpt lat="36.8677962" lon="138.2431481">
        <ele>792.3494845587065</ele>
      </trkpt>
      <trkpt lat="36.8677836" lon="138.2431209">
        <ele>791.8891849658386</ele>
      </trkpt>
      <trkpt lat="36.8677721" lon="138.2430929">
        <ele>791.393687715599</ele>
      </trkpt>
      <trkpt lat="36.8677607" lon="138.243065">
        <ele>790.9197996877858</ele>
      </trkpt>
      <trkpt lat="36.8677492" lon="138.2430356">
        <ele>790.4267667767233</ele>
      </trkpt>
      <trkpt lat="36.8677378" lon="138.2430062">
        <ele>789.9673359155754</ele>
      </trkpt>
      <trkpt lat="36.8677268" lon="138.2429756">
        <ele>789.4475413226061</ele>
      </trkpt>
      <trkpt lat="36.8677159" lon="138.2429451">
        <ele>788.9390440477937</ele>
      </trkpt>
      <trkpt lat="36.8677046" lon="138.2429146">
        <ele>788.5143645354574</ele>
      </trkpt>
      <trkpt lat="36.8676933" lon="138.2428842">
        <ele>788.1135245817391</ele>
      </trkpt>
      <trkpt lat="36.8676807" lon="138.2428544">
        <ele>787.7780164483572</ele>
      </trkpt>
      <trkpt lat="36.8676681" lon="138.2428246">
        <ele>787.4830426289465</ele>
      </trkpt>
      <trkpt lat="36.8676544" lon="138.2427968">
        <ele>787.2154273730375</ele>
      </trkpt>
      <trkpt lat="36.8676407" lon="138.2427691">
        <ele>786.9634434970183</ele>
      </trkpt>
      <trkpt lat="36.8676235" lon="138.242744">
        <ele>786.9626930287079</ele>
      </trkpt>
      <trkpt lat="36.8676064" lon="138.242719">
        <ele>786.9466761332133</ele>
      </trkpt>
      <trkpt lat="36.8675851" lon="138.2426981">
        <ele>786.9039578718042</ele>
      </trkpt>
      <trkpt lat="36.8675639" lon="138.2426772">
        <ele>786.8418175123455</ele>
      </trkpt>
      <trkpt lat="36.867539" lon="138.2426616">
        <ele>786.9099427915814</ele>
      </trkpt>
      <trkpt lat="36.8675142" lon="138.2426461">
        <ele>786.8057845183152</ele>
      </trkpt>
      <trkpt lat="36.8674873" lon="138.2426368">
        <ele>786.7860398241262</ele>
      </trkpt>
      <trkpt lat="36.8674605" lon="138.2426276">
        <ele>786.6907055642534</ele>
      </trkpt>
      <trkpt lat="36.8674335" lon="138.242626">
        <ele>786.5311181792022</ele>
      </trkpt>
      <trkpt lat="36.8674065" lon="138.2426245">
        <ele>786.3705537345202</ele>
      </trkpt>
      <trkpt lat="36.8673796" lon="138.242632">
        <ele>786.3131594650456</ele>
      </trkpt>
      <trkpt lat="36.8673528" lon="138.2426395">
        <ele>786.2275335174529</ele>
      </trkpt>
      <trkpt lat="36.867326" lon="138.2426532">
        <ele>786.2440776484463</ele>
      </trkpt>
      <trkpt lat="36.8672992" lon="138.2426669">
        <ele>786.1576393736093</ele>
      </trkpt>
      <trkpt lat="36.867273" lon="138.2426838">
        <ele>786.1576628744139</ele>
      </trkpt>
      <trkpt lat="36.8672469" lon="138.2427007">
        <ele>786.1332575091483</ele>
      </trkpt>
      <trkpt lat="36.8672205" lon="138.2427173">
        <ele>786.0968889119385</ele>
      </trkpt>
      <trkpt lat="36.8671942" lon="138.2427339">
        <ele>786.0767624709129</ele>
      </trkpt>
      <trkpt lat="36.8671672" lon="138.2427482">
        <ele>785.9563301258054</ele>
      </trkpt>
      <trkpt lat="36.8671403" lon="138.2427625">
        <ele>785.8221458526895</ele>
      </trkpt>
      <trkpt lat="36.8671138" lon="138.2427726">
        <ele>785.6483833577889</ele>
      </trkpt>
      <trkpt lat="36.8670873" lon="138.2427828">
        <ele>785.5456561603778</ele>
      </trkpt>
      <trkpt lat="36.8670615" lon="138.2427879">
        <ele>785.3406671231667</ele>
      </trkpt>
      <trkpt lat="36.8670358" lon="138.2427931">
        <ele>785.1999117670125</ele>
      </trkpt>
      <trkpt lat="36.8670104" lon="138.2427923">
        <ele>784.9621263823481</ele>
      </trkpt>
      <trkpt lat="36.8669851" lon="138.2427916">
        <ele>784.7369493659705</ele>
      </trkpt>
      <trkpt lat="36.8669604" lon="138.2427848">
        <ele>784.5240105916932</ele>
      </trkpt>
      <trkpt lat="36.8669358" lon="138.242778">
        <ele>784.3170775584092</ele>
      </trkpt>
      <trkpt lat="36.866912" lon="138.2427672">
        <ele>784.0852622095878</ele>
      </trkpt>
      <trkpt lat="36.8668882" lon="138.2427564">
        <ele>783.9910733302229</ele>
      </trkpt>
      <trkpt lat="36.8668657" lon="138.2427433">
        <ele>783.8760837251223</ele>
      </trkpt>
      <trkpt lat="36.8668433" lon="138.2427302">
        <ele>783.7906085506089</ele>
      </trkpt>
      <trkpt lat="36.86682" lon="138.2427184">
        <ele>783.761359484308</ele>
      </trkpt>
      <trkpt lat="36.8667968" lon="138.2427067">
        <ele>783.7329259589317</ele>
      </trkpt>
      <trkpt lat="36.8667713" lon="138.2427011">
        <ele>783.758401862833</ele>
      </trkpt>
      <trkpt lat="36.8667458" lon="138.2426956">
        <ele>783.7142628403654</ele>
      </trkpt>
      <trkpt lat="36.8667201" lon="138.2427003">
        <ele>783.8072375207859</ele>
      </trkpt>
      <trkpt lat="36.8666944" lon="138.2427051">
        <ele>783.8260613402824</ele>
      </trkpt>
      <trkpt lat="36.8666702" lon="138.2427195">
        <ele>783.9401260737803</ele>
      </trkpt>
      <trkpt lat="36.8666461" lon="138.2427339">
        <ele>784.0544820882851</ele>
      </trkpt>
      <trkpt lat="36.8666225" lon="138.2427529">
        <ele>783.9839559035379</ele>
      </trkpt>
      <trkpt lat="36.8665989" lon="138.242772">
        <ele>783.8946972607171</ele>
      </trkpt>
      <trkpt lat="36.8665731" lon="138.2427915">
        <ele>783.829234876158</ele>
      </trkpt>
      <trkpt lat="36.8665473" lon="138.2428111">
        <ele>783.6604937323143</ele>
      </trkpt>
      <trkpt lat="36.8665199" lon="138.2428306">
        <ele>783.4598307778367</ele>
      </trkpt>
      <trkpt lat="36.8664926" lon="138.2428501">
        <ele>783.2202446713659</ele>
      </trkpt>
      <trkpt lat="36.866468" lon="138.2428726">
        <ele>783.1327103463008</ele>
      </trkpt>
      <trkpt lat="36.8664434" lon="138.2428952">
        <ele>783.0692957084402</ele>
      </trkpt>
      <trkpt lat="36.8664225" lon="138.2429201">
        <ele>783.1681539035983</ele>
      </trkpt>
      <trkpt lat="36.8664017" lon="138.2429451">
        <ele>783.3288474420327</ele>
      </trkpt>
      <trkpt lat="36.8663859" lon="138.242972">
        <ele>783.7192227032508</ele>
      </trkpt>
      <trkpt lat="36.8663701" lon="138.2429989">
        <ele>784.1095980281485</ele>
      </trkpt>
      <trkpt lat="36.8663575" lon="138.243027">
        <ele>784.6420835022142</ele>
      </trkpt>
      <trkpt lat="36.8663449" lon="138.2430551">
        <ele>785.3000469089866</ele>
      </trkpt>
      <trkpt lat="36.8663318" lon="138.2430789">
        <ele>785.8450585562128</ele>
      </trkpt>
      <trkpt lat="36.8663188" lon="138.2431028">
        <ele>786.4155112616975</ele>
      </trkpt>
      <trkpt lat="36.8663043" lon="138.2431165">
        <ele>786.6754295249732</ele>
      </trkpt>
      <trkpt lat="36.8662898" lon="138.2431302">
        <ele>787.0208823262786</ele>
      </trkpt>
      <trkpt lat="36.8662741" lon="138.243132">
        <ele>786.9991387532275</ele>
      </trkpt>
      <trkpt lat="36.8662584" lon="138.2431339">
        <ele>786.9827172801314</ele>
      </trkpt>
      <trkpt lat="36.866242" lon="138.2431261">
        <ele>786.6291952920183</ele>
      </trkpt>
      <trkpt lat="36.8662256" lon="138.2431183">
        <ele>786.2929798083427</ele>
      </trkpt>
      <trkpt lat="36.8662084" lon="138.2431042">
        <ele>785.7804029442606</ele>
      </trkpt>
      <trkpt lat="36.8661913" lon="138.2430901">
        <ele>785.2670419157503</ele>
      </trkpt>
      <trkpt lat="36.8661731" lon="138.2430743">
        <ele>784.6840902185263</ele>
      </trkpt>
      <trkpt lat="36.8661549" lon="138.2430586">
        <ele>784.152999571541</ele>
      </trkpt>
      <trkpt lat="36.8661353" lon="138.2430444">
        <ele>783.7462553845978</ele>
      </trkpt>
      <trkpt lat="36.8661157" lon="138.2430302">
        <ele>783.3300667016014</ele>
      </trkpt>
      <trkpt lat="36.8660937" lon="138.2430184">
        <ele>783.0445734660151</ele>
      </trkpt>
      <trkpt lat="36.8660718" lon="138.2430067">
        <ele>782.9635566367542</ele>
      </trkpt>
      <trkpt lat="36.866048" lon="138.2429963">
        <ele>782.9483366158331</ele>
      </trkpt>
      <trkpt lat="36.8660243" lon="138.2429859">
        <ele>782.9425935701273</ele>
      </trkpt>
      <trkpt lat="36.8660004" lon="138.242974">
        <ele>783.0987940932356</ele>
      </trkpt>
      <trkpt lat="36.8659765" lon="138.2429622">
        <ele>783.2772759828948</ele>
      </trkpt>
      <trkpt lat="36.8659515" lon="138.242949">
        <ele>783.4917093761716</ele>
      </trkpt>
      <trkpt lat="36.8659265" lon="138.2429358">
        <ele>783.8592053357312</ele>
      </trkpt>
      <trkpt lat="36.8659006" lon="138.2429192">
        <ele>784.2242546933246</ele>
      </trkpt>
      <trkpt lat="36.8658747" lon="138.2429026">
        <ele>784.7189578751572</ele>
      </trkpt>
      <trkpt lat="36.8658501" lon="138.2428833">
        <ele>785.2006710955878</ele>
      </trkpt>
      <trkpt lat="36.8658255" lon="138.2428641">
        <ele>785.6847141860526</ele>
      </trkpt>
      <trkpt lat="36.8658031" lon="138.2428426">
        <ele>786.1438029228348</ele>
      </trkpt>
      <trkpt lat="36.8657808" lon="138.2428211">
        <ele>786.6408881740995</ele>
      </trkpt>
      <trkpt lat="36.8657607" lon="138.2427967">
        <ele>786.9705299571468</ele>
      </trkpt>
      <trkpt lat="36.8657407" lon="138.2427724">
        <ele>787.3106422536085</ele>
      </trkpt>
      <trkpt lat="36.8657211" lon="138.2427447">
        <ele>787.5612279889444</ele>
      </trkpt>
      <trkpt lat="36.8657016" lon="138.242717">
        <ele>787.7696851026873</ele>
      </trkpt>
      <trkpt lat="36.8656826" lon="138.242688">
        <ele>787.8907209616465</ele>
      </trkpt>
      <trkpt lat="36.8656637" lon="138.2426591">
        <ele>788.0010838979852</ele>
      </trkpt>
      <trkpt lat="36.8656461" lon="138.2426297">
        <ele>788.0173818835302</ele>
      </trkpt>
      <trkpt lat="36.8656285" lon="138.2426003">
        <ele>787.9985624480595</ele>
      </trkpt>
      <trkpt lat="36.8656128" lon="138.2425698">
        <ele>787.88090185857</ele>
      </trkpt>
      <trkpt lat="36.8655971" lon="138.2425393">
        <ele>787.7557045526884</ele>
      </trkpt>
      <trkpt lat="36.8655842" lon="138.2425094">
        <ele>787.5136653599291</ele>
      </trkpt>
      <trkpt lat="36.8655713" lon="138.2424795">
        <ele>787.2775479379284</ele>
      </trkpt>
      <trkpt lat="36.8655607" lon="138.2424495">
        <ele>786.933975308172</ele>
      </trkpt>
      <trkpt lat="36.8655501" lon="138.2424195">
        <ele>786.5688208465444</ele>
      </trkpt>
      <trkpt lat="36.8655418" lon="138.2423874">
        <ele>786.0538293852372</ele>
      </trkpt>
      <trkpt lat="36.8655335" lon="138.2423553">
        <ele>785.52274611747</ele>
      </trkpt>
      <trkpt lat="36.8655278" lon="138.2423208">
        <ele>784.8782127728687</ele>
      </trkpt>
      <trkpt lat="36.8655222" lon="138.2422863">
        <ele>784.2404550415866</ele>
      </trkpt>
      <trkpt lat="36.8655187" lon="138.2422522">
        <ele>783.5328387277068</ele>
      </trkpt>
      <trkpt lat="36.8655153" lon="138.2422181">
        <ele>782.735970107497</ele>
      </trkpt>
      <trkpt lat="36.865511" lon="138.242185">
        <ele>781.9738624122419</ele>
      </trkpt>
      <trkpt lat="36.8655067" lon="138.2421519">
        <ele>781.2250728796071</ele>
      </trkpt>
      <trkpt lat="36.8654984" lon="138.242121">
        <ele>780.6156026035492</ele>
      </trkpt>
      <trkpt lat="36.8654901" lon="138.2420901">
        <ele>779.9713205191516</ele>
      </trkpt>
      <trkpt lat="36.8654749" lon="138.2420625">
        <ele>779.4748497280593</ele>
      </trkpt>
      <trkpt lat="36.8654598" lon="138.242035">
        <ele>778.8626520701038</ele>
      </trkpt>
      <trkpt lat="36.8654385" lon="138.242013">
        <ele>778.3961780702555</ele>
      </trkpt>
      <trkpt lat="36.8654172" lon="138.241991">
        <ele>777.8718699412892</ele>
      </trkpt>
      <trkpt lat="36.8653925" lon="138.241976">
        <ele>777.4497972300774</ele>
      </trkpt>
      <trkpt lat="36.8653678" lon="138.2419611">
        <ele>776.9234589136001</ele>
      </trkpt>
      <trkpt lat="36.8653413" lon="138.2419549">
        <ele>776.6436364333915</ele>
      </trkpt>
      <trkpt lat="36.8653149" lon="138.2419488">
        <ele>776.3342088189245</ele>
      </trkpt>
      <trkpt lat="36.8652877" lon="138.2419531">
        <ele>776.3868806125975</ele>
      </trkpt>
      <trkpt lat="36.8652605" lon="138.2419575">
        <ele>776.4471495091635</ele>
      </trkpt>
      <trkpt lat="36.8652326" lon="138.2419698">
        <ele>776.7993947326631</ele>
      </trkpt>
      <trkpt lat="36.8652048" lon="138.2419821">
        <ele>777.163601076747</ele>
      </trkpt>
      <trkpt lat="36.8651766" lon="138.2419955">
        <ele>777.6176064994454</ele>
      </trkpt>
      <trkpt lat="36.8651484" lon="138.2420089">
        <ele>778.1142719284206</ele>
      </trkpt>
      <trkpt lat="36.8651215" lon="138.2420183">
        <ele>778.5401427590596</ele>
      </trkpt>
      <trkpt lat="36.8650947" lon="138.2420277">
        <ele>779.0636897592669</ele>
      </trkpt>
      <trkpt lat="36.865068" lon="138.2420303">
        <ele>779.3083666011056</ele>
      </trkpt>
      <trkpt lat="36.8650413" lon="138.2420329">
        <ele>779.7366264597308</ele>
      </trkpt>
      <trkpt lat="36.8650154" lon="138.2420266">
        <ele>779.8429089410889</ele>
      </trkpt>
      <trkpt lat="36.8649895" lon="138.2420203">
        <ele>780.0343242068999</ele>
      </trkpt>
      <trkpt lat="36.8649659" lon="138.2420037">
        <ele>780.0640908640983</ele>
      </trkpt>
      <trkpt lat="36.8649423" lon="138.2419871">
        <ele>780.197142751378</ele>
      </trkpt>
      <trkpt lat="36.8649243" lon="138.2419607">
        <ele>779.9889979653733</ele>
      </trkpt>
      <trkpt lat="36.8649063" lon="138.2419343">
        <ele>779.9667725687632</ele>
      </trkpt>
      <trkpt lat="36.8648959" lon="138.2419013">
        <ele>779.5587695267961</ele>
      </trkpt>
      <trkpt lat="36.8648855" lon="138.2418683">
        <ele>779.302026391472</ele>
      </trkpt>
      <trkpt lat="36.8648817" lon="138.2418317">
        <ele>778.7083426561715</ele>
      </trkpt>
      <trkpt lat="36.864878" lon="138.2417952">
        <ele>778.2858207454669</ele>
      </trkpt>
      <trkpt lat="36.8648784" lon="138.2417575">
        <ele>777.7018503871316</ele>
      </trkpt>
      <trkpt lat="36.8648789" lon="138.2417198">
        <ele>777.1251320940341</ele>
      </trkpt>
      <trkpt lat="36.8648823" lon="138.2416822">
        <ele>776.4195425452008</ele>
      </trkpt>
      <trkpt lat="36.8648857" lon="138.2416446">
        <ele>775.7219615568405</ele>
      </trkpt>
      <trkpt lat="36.8648907" lon="138.2416075">
        <ele>774.978488790414</ele>
      </trkpt>
      <trkpt lat="36.8648957" lon="138.2415705">
        <ele>774.2174881798938</ele>
      </trkpt>
      <trkpt lat="36.8648999" lon="138.2415336">
        <ele>773.4127980051991</ele>
      </trkpt>
      <trkpt lat="36.8649041" lon="138.2414967">
        <ele>772.5964308732301</ele>
      </trkpt>
      <trkpt lat="36.864906" lon="138.2414602">
        <ele>771.8841789642427</ele>
      </trkpt>
      <trkpt lat="36.8649079" lon="138.2414237">
        <ele>771.1521918874869</ele>
      </trkpt>
      <trkpt lat="36.864906" lon="138.2413885">
        <ele>770.6364969266582</ele>
      </trkpt>
      <trkpt lat="36.8649042" lon="138.2413534">
        <ele>770.0435205186492</ele>
      </trkpt>
      <trkpt lat="36.8648993" lon="138.2413205">
        <ele>769.6701801377593</ele>
      </trkpt>
      <trkpt lat="36.8648944" lon="138.2412877">
        <ele>769.2589217452964</ele>
      </trkpt>
      <trkpt lat="36.8648851" lon="138.2412566">
        <ele>769.1242255143</ele>
      </trkpt>
      <trkpt lat="36.8648759" lon="138.2412256">
        <ele>768.9956479845548</ele>
      </trkpt>
      <trkpt lat="36.8648628" lon="138.2411975">
        <ele>769.1066114194691</ele>
      </trkpt>
      <trkpt lat="36.8648497" lon="138.2411695">
        <ele>769.2172440867871</ele>
      </trkpt>
      <trkpt lat="36.8648366" lon="138.2411432">
        <ele>769.3674894953147</ele>
      </trkpt>
      <trkpt lat="36.8648235" lon="138.2411169">
        <ele>769.5304194440025</ele>
      </trkpt>
      <trkpt lat="36.8648136" lon="138.2410886">
        <ele>769.4726862406624</ele>
      </trkpt>
      <trkpt lat="36.8648038" lon="138.2410604">
        <ele>769.420740313591</ele>
      </trkpt>
      <trkpt lat="36.8647981" lon="138.2410284">
        <ele>769.0719773723499</ele>
      </trkpt>
      <trkpt lat="36.8647925" lon="138.2409965">
        <ele>768.7387102144064</ele>
      </trkpt>
      <trkpt lat="36.8647889" lon="138.2409631">
        <ele>768.264171859572</ele>
      </trkpt>
      <trkpt lat="36.8647854" lon="138.2409298">
        <ele>767.8237709226682</ele>
      </trkpt>
      <trkpt lat="36.8647824" lon="138.2408949">
        <ele>767.3282014365672</ele>
      </trkpt>
      <trkpt lat="36.8647794" lon="138.24086">
        <ele>766.8813994612549</ele>
      </trkpt>
      <trkpt lat="36.8647741" lon="138.2408215">
        <ele>766.5481625484306</ele>
      </trkpt>
      <trkpt lat="36.8647689" lon="138.2407831">
        <ele>766.2284967023452</ele>
      </trkpt>
      <trkpt lat="36.8647606" lon="138.2407436">
        <ele>766.1371002480466</ele>
      </trkpt>
      <trkpt lat="36.8647523" lon="138.2407041">
        <ele>766.0596068420455</ele>
      </trkpt>
      <trkpt lat="36.8647443" lon="138.240666">
        <ele>766.0067931812034</ele>
      </trkpt>
      <trkpt lat="36.8647363" lon="138.240628">
        <ele>765.9554940751767</ele>
      </trkpt>
      <trkpt lat="36.8647319" lon="138.2405907">
        <ele>765.678883541423</ele>
      </trkpt>
      <trkpt lat="36.8647275" lon="138.2405534">
        <ele>765.4022729898575</ele>
      </trkpt>
      <trkpt lat="36.8647277" lon="138.2405159">
        <ele>764.7730525259841</ele>
      </trkpt>
      <trkpt lat="36.8647279" lon="138.2404785">
        <ele>764.1108869510311</ele>
      </trkpt>
      <trkpt lat="36.8647309" lon="138.2404441">
        <ele>763.3296597297308</ele>
      </trkpt>
      <trkpt lat="36.864734" lon="138.2404098">
        <ele>762.5715527112602</ele>
      </trkpt>
      <trkpt lat="36.8647387" lon="138.2403775">
        <ele>761.7435475420214</ele>
      </trkpt>
      <trkpt lat="36.8647434" lon="138.2403453">
        <ele>760.9009932025906</ele>
      </trkpt>
      <trkpt lat="36.8647461" lon="138.2403116">
        <ele>760.1544295858183</ele>
      </trkpt>
      <trkpt lat="36.8647488" lon="138.2402779">
        <ele>759.4120215283483</ele>
      </trkpt>
      <trkpt lat="36.8647476" lon="138.2402436">
        <ele>758.9187819207534</ele>
      </trkpt>
      <trkpt lat="36.8647464" lon="138.2402093">
        <ele>758.4227489254858</ele>
      </trkpt>
      <trkpt lat="36.8647409" lon="138.2401762">
        <ele>758.197996285355</ele>
      </trkpt>
      <trkpt lat="36.8647354" lon="138.2401432">
        <ele>757.9625867462494</ele>
      </trkpt>
      <trkpt lat="36.8647265" lon="138.2401109">
        <ele>757.9202553504455</ele>
      </trkpt>
      <trkpt lat="36.8647177" lon="138.2400787">
        <ele>757.8484330342349</ele>
      </trkpt>
      <trkpt lat="36.8647075" lon="138.2400468">
        <ele>757.8182571221743</ele>
      </trkpt>
      <trkpt lat="36.8646974" lon="138.2400149">
        <ele>757.7499001452376</ele>
      </trkpt>
      <trkpt lat="36.8646889" lon="138.2399837">
        <ele>757.5837951858437</ele>
      </trkpt>
      <trkpt lat="36.8646804" lon="138.2399525">
        <ele>757.3906929028237</ele>
      </trkpt>
      <trkpt lat="36.8646768" lon="138.2399211">
        <ele>756.9304289203039</ele>
      </trkpt>
      <trkpt lat="36.8646732" lon="138.2398897">
        <ele>756.4440688193396</ele>
      </trkpt>
      <trkpt lat="36.8646732" lon="138.2398576">
        <ele>755.779294186404</ele>
      </trkpt>
      <trkpt lat="36.8646732" lon="138.2398255">
        <ele>755.1054224393118</ele>
      </trkpt>
      <trkpt lat="36.8646749" lon="138.2397909">
        <ele>754.3124120139782</ele>
      </trkpt>
      <trkpt lat="36.8646767" lon="138.2397563">
        <ele>753.5254841419368</ele>
      </trkpt>
      <trkpt lat="36.8646773" lon="138.239719">
        <ele>752.7419162074916</ele>
      </trkpt>
      <trkpt lat="36.8646779" lon="138.2396818">
        <ele>751.9634250278573</ele>
      </trkpt>
      <trkpt lat="36.8646735" lon="138.2396466">
        <ele>751.3586149895682</ele>
      </trkpt>
      <trkpt lat="36.8646691" lon="138.2396115">
        <ele>750.7390903583391</ele>
      </trkpt>
      <trkpt lat="36.8646565" lon="138.2395835">
        <ele>750.467253207453</ele>
      </trkpt>
      <trkpt lat="36.8646439" lon="138.2395556">
        <ele>750.1309394494085</ele>
      </trkpt>
      <trkpt lat="36.8646218" lon="138.2395358">
        <ele>750.1265506968386</ele>
      </trkpt>
      <trkpt lat="36.8645998" lon="138.2395161">
        <ele>750.0929348316993</ele>
      </trkpt>
      <trkpt lat="36.8645713" lon="138.2395051">
        <ele>750.3313957544376</ele>
      </trkpt>
      <trkpt lat="36.8645429" lon="138.2394941">
        <ele>750.4995577621673</ele>
      </trkpt>
      <trkpt lat="36.864512" lon="138.2394922">
        <ele>750.9367148151847</ele>
      </trkpt>
      <trkpt lat="36.8644812" lon="138.2394904">
        <ele>751.4442218179076</ele>
      </trkpt>
      <trkpt lat="36.8644508" lon="138.2394926">
        <ele>752.0591255232944</ele>
      </trkpt>
      <trkpt lat="36.8644205" lon="138.2394949">
        <ele>752.7306675559666</ele>
      </trkpt>
      <trkpt lat="36.864393" lon="138.2394951">
        <ele>753.291602347184</ele>
      </trkpt>
      <trkpt lat="36.8643656" lon="138.2394953">
        <ele>753.8853475870077</ele>
      </trkpt>
      <trkpt lat="36.8643411" lon="138.2394887">
        <ele>754.2393599877093</ele>
      </trkpt>
      <trkpt lat="36.8643166" lon="138.2394822">
        <ele>754.5911342721981</ele>
      </trkpt>
      <trkpt lat="36.8642948" lon="138.2394676">
        <ele>754.608539189383</ele>
      </trkpt>
      <trkpt lat="36.8642731" lon="138.239453">
        <ele>754.6298655836829</ele>
      </trkpt>
      <trkpt lat="36.8642553" lon="138.2394297">
        <ele>754.2962542355399</ele>
      </trkpt>
      <trkpt lat="36.8642375" lon="138.2394065">
        <ele>753.9984262365674</ele>
      </trkpt>
      <trkpt lat="36.8642248" lon="138.2393759">
        <ele>753.3899511450883</ele>
      </trkpt>
      <trkpt lat="36.8642121" lon="138.2393454">
        <ele>752.8107841253129</ele>
      </trkpt>
      <trkpt lat="36.8642041" lon="138.2393111">
        <ele>752.0346641296283</ele>
      </trkpt>
      <trkpt lat="36.8641962" lon="138.2392769">
        <ele>751.2744396822792</ele>
      </trkpt>
      <trkpt lat="36.8641898" lon="138.2392438">
        <ele>750.5222101106317</ele>
      </trkpt>
      <trkpt lat="36.8641834" lon="138.2392108">
        <ele>749.8149906152869</ele>
      </trkpt>
      <trkpt lat="36.8641723" lon="138.2391798">
        <ele>749.2914077995824</ele>
      </trkpt>
      <trkpt lat="36.8641612" lon="138.2391488">
        <ele>748.7528469333438</ele>
      </trkpt>
      <trkpt lat="36.864145" lon="138.2391221">
        <ele>748.4620099253963</ele>
      </trkpt>
      <trkpt lat="36.8641288" lon="138.2390954">
        <ele>748.1711728290666</ele>
      </trkpt>
      <trkpt lat="36.8641072" lon="138.2390731">
        <ele>748.1461059968467</ele>
      </trkpt>
      <trkpt lat="36.8640857" lon="138.2390509">
        <ele>748.0988176032456</ele>
      </trkpt>
      <trkpt lat="36.8640608" lon="138.2390309">
        <ele>748.1922746390721</ele>
      </trkpt>
      <trkpt lat="36.864036" lon="138.239011">
        <ele>748.3026351923212</ele>
      </trkpt>
      <trkpt lat="36.8640096" lon="138.2389906">
        <ele>748.2786464076094</ele>
      </trkpt>
      <trkpt lat="36.8639832" lon="138.2389702">
        <ele>748.2594318076387</ele>
      </trkpt>
      <trkpt lat="36.8639586" lon="138.2389455">
        <ele>748.100500068069</ele>
      </trkpt>
      <trkpt lat="36.863934" lon="138.2389209">
        <ele>747.8855140825272</ele>
      </trkpt>
      <trkpt lat="36.8639145" lon="138.2388908">
        <ele>747.500702344339</ele>
      </trkpt>
      <trkpt lat="36.863895" lon="138.2388607">
        <ele>747.1465121135384</ele>
      </trkpt>
      <trkpt lat="36.8638822" lon="138.2388266">
        <ele>746.5430577914768</ele>
      </trkpt>
      <trkpt lat="36.8638694" lon="138.2387925">
        <ele>746.0076275857177</ele>
      </trkpt>
      <trkpt lat="36.8638618" lon="138.2387558">
        <ele>745.3898945710632</ele>
      </trkpt>
      <trkpt lat="36.8638542" lon="138.2387191">
        <ele>744.8167940271669</ele>
      </trkpt>
      <trkpt lat="36.8638448" lon="138.238684">
        <ele>744.3337596613369</ele>
      </trkpt>
      <trkpt lat="36.8638354" lon="138.2386489">
        <ele>743.8411662575438</ele>
      </trkpt>
      <trkpt lat="36.8638208" lon="138.2386185">
        <ele>743.5073931700267</ele>
      </trkpt>
      <trkpt lat="36.8638063" lon="138.2385881">
        <ele>743.1011911907212</ele>
      </trkpt>
      <trkpt lat="36.8637888" lon="138.2385619">
        <ele>742.7214519861104</ele>
      </trkpt>
      <trkpt lat="36.8637713" lon="138.2385358">
        <ele>742.3405716001239</ele>
      </trkpt>
      <trkpt lat="36.8637566" lon="138.238512">
        <ele>741.9452242839106</ele>
      </trkpt>
      <trkpt lat="36.863742" lon="138.2384882">
        <ele>741.4240102904754</ele>
      </trkpt>
      <trkpt lat="36.8637337" lon="138.2384647">
        <ele>740.9690843870837</ele>
      </trkpt>
      <trkpt lat="36.8637254" lon="138.2384412">
        <ele>740.5009213074655</ele>
      </trkpt>
      <trkpt lat="36.8637245" lon="138.2384158">
        <ele>740.1027561234355</ele>
      </trkpt>
      <trkpt lat="36.8637236" lon="138.2383904">
        <ele>739.7047594522999</ele>
      </trkpt>
      <trkpt lat="36.8637271" lon="138.238363">
        <ele>739.3797508482112</ele>
      </trkpt>
      <trkpt lat="36.8637307" lon="138.2383357">
        <ele>739.0644225849464</ele>
      </trkpt>
      <trkpt lat="36.8637375" lon="138.2383065">
        <ele>738.7903215337877</ele>
      </trkpt>
      <trkpt lat="36.8637444" lon="138.2382773">
        <ele>738.505543414369</ele>
      </trkpt>
      <trkpt lat="36.8637544" lon="138.2382476">
        <ele>738.281942590425</ele>
      </trkpt>
      <trkpt lat="36.8637644" lon="138.2382179">
        <ele>738.0324948667059</ele>
      </trkpt>
      <trkpt lat="36.8637767" lon="138.238189">
        <ele>737.7985825962769</ele>
      </trkpt>
      <trkpt lat="36.863789" lon="138.2381602">
        <ele>737.578080446856</ele>
      </trkpt>
      <trkpt lat="36.8638028" lon="138.2381323">
        <ele>737.3952588881323</ele>
      </trkpt>
      <trkpt lat="36.8638166" lon="138.2381044">
        <ele>737.1311923843982</ele>
      </trkpt>
      <trkpt lat="36.8638323" lon="138.238078">
        <ele>736.920672972198</ele>
      </trkpt>
      <trkpt lat="36.863848" lon="138.2380516">
        <ele>736.6511521027251</ele>
      </trkpt>
      <trkpt lat="36.8638626" lon="138.2380256">
        <ele>736.3368519846415</ele>
      </trkpt>
      <trkpt lat="36.8638773" lon="138.2379996">
        <ele>736.0294362992169</ele>
      </trkpt>
      <trkpt lat="36.8638911" lon="138.2379741">
        <ele>735.7334574843852</ele>
      </trkpt>
      <trkpt lat="36.8639049" lon="138.2379487">
        <ele>735.371331277723</ele>
      </trkpt>
      <trkpt lat="36.8639193" lon="138.2379234">
        <ele>734.9671895071999</ele>
      </trkpt>
      <trkpt lat="36.8639338" lon="138.2378982">
        <ele>734.578020201269</ele>
      </trkpt>
      <trkpt lat="36.8639491" lon="138.2378741">
        <ele>734.227938903968</ele>
      </trkpt>
      <trkpt lat="36.8639644" lon="138.2378501">
        <ele>733.8922356689586</ele>
      </trkpt>
      <trkpt lat="36.8639801" lon="138.2378258">
        <ele>733.4815473820709</ele>
      </trkpt>
      <trkpt lat="36.8639959" lon="138.2378015">
        <ele>733.0778108107206</ele>
      </trkpt>
      <trkpt lat="36.8640121" lon="138.237777">
        <ele>732.6847914600776</ele>
      </trkpt>
      <trkpt lat="36.8640284" lon="138.2377525">
        <ele>732.3055967739944</ele>
      </trkpt>
      <trkpt lat="36.8640461" lon="138.2377298">
        <ele>731.8547635566272</ele>
      </trkpt>
      <trkpt lat="36.8640638" lon="138.2377072">
        <ele>731.3606901825589</ele>
      </trkpt>
      <trkpt lat="36.8640827" lon="138.2376838">
        <ele>730.8602987284374</ele>
      </trkpt>
      <trkpt lat="36.8641017" lon="138.2376605">
        <ele>730.3760410146633</ele>
      </trkpt>
      <trkpt lat="36.8641212" lon="138.2376346">
        <ele>729.7242700058056</ele>
      </trkpt>
      <trkpt lat="36.8641407" lon="138.2376087">
        <ele>729.1034623981648</ele>
      </trkpt>
      <trkpt lat="36.8641583" lon="138.2375807">
        <ele>728.5038858664458</ele>
      </trkpt>
      <trkpt lat="36.8641759" lon="138.2375528">
        <ele>727.8759799931496</ele>
      </trkpt>
      <trkpt lat="36.8641881" lon="138.237522">
        <ele>727.2162592189635</ele>
      </trkpt>
      <trkpt lat="36.8642004" lon="138.2374913">
        <ele>726.5895196968938</ele>
      </trkpt>
      <trkpt lat="36.8642065" lon="138.2374584">
        <ele>726.0674319406951</ele>
      </trkpt>
      <trkpt lat="36.8642127" lon="138.2374255">
        <ele>725.5554904710775</ele>
      </trkpt>
      <trkpt lat="36.8642123" lon="138.2373915">
        <ele>725.1578888824411</ele>
      </trkpt>
      <trkpt lat="36.864212" lon="138.2373575">
        <ele>724.7535146734692</ele>
      </trkpt>
      <trkpt lat="36.8642047" lon="138.2373246">
        <ele>724.4381766519987</ele>
      </trkpt>
      <trkpt lat="36.8641975" lon="138.2372918">
        <ele>724.1226639665675</ele>
      </trkpt>
      <trkpt lat="36.8641843" lon="138.2372627">
        <ele>723.8883278588996</ele>
      </trkpt>
      <trkpt lat="36.8641712" lon="138.2372336">
        <ele>723.5576601352813</ele>
      </trkpt>
      <trkpt lat="36.8641529" lon="138.2372094">
        <ele>723.1197446209567</ele>
      </trkpt>
      <trkpt lat="36.8641346" lon="138.2371852">
        <ele>722.651773980029</ele>
      </trkpt>
      <trkpt lat="36.8641135" lon="138.237166">
        <ele>722.2441113655453</ele>
      </trkpt>
      <trkpt lat="36.8640924" lon="138.2371468">
        <ele>721.7179486938261</ele>
      </trkpt>
      <trkpt lat="36.8640719" lon="138.23713">
        <ele>721.1283827135478</ele>
      </trkpt>
      <trkpt lat="36.8640514" lon="138.2371133">
        <ele>720.5175988930911</ele>
      </trkpt>
      <trkpt lat="36.8640365" lon="138.2370919">
        <ele>719.840212490455</ele>
      </trkpt>
      <trkpt lat="36.8640217" lon="138.2370706">
        <ele>719.0149052256235</ele>
      </trkpt>
      <trkpt lat="36.864017" lon="138.2370436">
        <ele>718.2656991370236</ele>
      </trkpt>
      <trkpt lat="36.8640124" lon="138.2370166">
        <ele>717.5178269295478</ele>
      </trkpt>
      <trkpt lat="36.8640157" lon="138.236986">
        <ele>716.9293973328963</ele>
      </trkpt>
      <trkpt lat="36.8640191" lon="138.2369555">
        <ele>716.3562183405672</ele>
      </trkpt>
      <trkpt lat="36.8640265" lon="138.2369243">
        <ele>715.9098621522087</ele>
      </trkpt>
      <trkpt lat="36.864034" lon="138.2368931">
        <ele>715.5103379209999</ele>
      </trkpt>
      <trkpt lat="36.8640433" lon="138.2368625">
        <ele>715.0902997903141</ele>
      </trkpt>
      <trkpt lat="36.8640526" lon="138.236832">
        <ele>714.732807432488</ele>
      </trkpt>
      <trkpt lat="36.8640606" lon="138.2368011">
        <ele>714.391891255137</ele>
      </trkpt>
      <trkpt lat="36.8640686" lon="138.2367703">
        <ele>714.0526062111376</ele>
      </trkpt>
      <trkpt lat="36.8640756" lon="138.2367385">
        <ele>713.7292684108957</ele>
      </trkpt>
      <trkpt lat="36.8640826" lon="138.2367067">
        <ele>713.4273841626019</ele>
      </trkpt>
      <trkpt lat="36.8640883" lon="138.2366745">
        <ele>713.0951805053289</ele>
      </trkpt>
      <trkpt lat="36.8640941" lon="138.2366423">
        <ele>712.8382703986964</ele>
      </trkpt>
      <trkpt lat="36.8640966" lon="138.236615">
        <ele>712.571170918738</ele>
      </trkpt>
      <trkpt lat="36.8640992" lon="138.2365877">
        <ele>712.3100392491706</ele>
      </trkpt>
      <trkpt lat="36.8640956" lon="138.2365735">
        <ele>712.102446715377</ele>
      </trkpt>
      <trkpt lat="36.864092" lon="138.2365593">
        <ele>711.893119532319</ele>
      </trkpt>
      <trkpt lat="36.8640848" lon="138.2365586">
        <ele>711.7359107618074</ele>
      </trkpt>
      <trkpt lat="36.8640776" lon="138.236558">
        <ele>711.5795058322177</ele>
      </trkpt>
      <trkpt lat="36.8640707" lon="138.2365651">
        <ele>711.5051984426502</ele>
      </trkpt>
      <trkpt lat="36.8640638" lon="138.2365722">
        <ele>711.4325534412411</ele>
      </trkpt>
      <trkpt lat="36.8640587" lon="138.2365819">
        <ele>711.4247574252138</ele>
      </trkpt>
      <trkpt lat="36.8640536" lon="138.2365917">
        <ele>711.4230470104148</ele>
      </trkpt>
      <trkpt lat="36.8640489" lon="138.2366024">
        <ele>711.4518901833802</ele>
      </trkpt>
      <trkpt lat="36.8640442" lon="138.2366131">
        <ele>711.4807333616077</ele>
      </trkpt>
      <trkpt lat="36.8640389" lon="138.2366238">
        <ele>711.4973440972624</ele>
      </trkpt>
      <trkpt lat="36.8640336" lon="138.2366346">
        <ele>711.5087609644513</ele>
      </trkpt>
      <trkpt lat="36.8640276" lon="138.2366459">
        <ele>711.4481913348661</ele>
      </trkpt>
      <trkpt lat="36.8640216" lon="138.2366572">
        <ele>711.3876217206941</ele>
      </trkpt>
      <trkpt lat="36.8640135" lon="138.2366694">
        <ele>711.2702594353354</ele>
      </trkpt>
      <trkpt lat="36.8640055" lon="138.2366817">
        <ele>711.1753953413589</ele>
      </trkpt>
      <trkpt lat="36.8639949" lon="138.2366961">
        <ele>711.0478722187374</ele>
      </trkpt>
      <trkpt lat="36.8639843" lon="138.2367106">
        <ele>710.927011336792</ele>
      </trkpt>
      <trkpt lat="36.8639728" lon="138.2367293">
        <ele>710.8463851030552</ele>
      </trkpt>
      <trkpt lat="36.8639613" lon="138.2367481">
        <ele>710.7502529080737</ele>
      </trkpt>
      <trkpt lat="36.8639502" lon="138.236771">
        <ele>710.716996552912</ele>
      </trkpt>
      <trkpt lat="36.8639391" lon="138.2367939">
        <ele>710.7130958802535</ele>
      </trkpt>
      <trkpt lat="36.8639277" lon="138.2368191">
        <ele>710.7384688671682</ele>
      </trkpt>
      <trkpt lat="36.8639163" lon="138.2368444">
        <ele>710.7655895420121</ele>
      </trkpt>
      <trkpt lat="36.8639044" lon="138.2368711">
        <ele>710.905413353227</ele>
      </trkpt>
      <trkpt lat="36.8638925" lon="138.2368978">
        <ele>711.0543636553383</ele>
      </trkpt>
      <trkpt lat="36.863882" lon="138.2369261">
        <ele>711.2688673142889</ele>
      </trkpt>
      <trkpt lat="36.8638715" lon="138.2369545">
        <ele>711.5810532603363</ele>
      </trkpt>
      <trkpt lat="36.8638644" lon="138.2369823">
        <ele>712.0502663168369</ele>
      </trkpt>
      <trkpt lat="36.8638573" lon="138.2370102">
        <ele>712.5355719763824</ele>
      </trkpt>
      <trkpt lat="36.8638519" lon="138.2370379">
        <ele>713.1346612704001</ele>
      </trkpt>
      <trkpt lat="36.8638465" lon="138.2370656">
        <ele>713.7634408780134</ele>
      </trkpt>
      <trkpt lat="36.8638413" lon="138.2370944">
        <ele>714.4419760514327</ele>
      </trkpt>
      <trkpt lat="36.8638361" lon="138.2371233">
        <ele>715.1116754225661</ele>
      </trkpt>
      <trkpt lat="36.8638287" lon="138.2371521">
        <ele>715.7068749567425</ele>
      </trkpt>
      <trkpt lat="36.8638213" lon="138.2371809">
        <ele>716.2877571203961</ele>
      </trkpt>
      <trkpt lat="36.8638132" lon="138.2372091">
        <ele>716.8194999483866</ele>
      </trkpt>
      <trkpt lat="36.8638052" lon="138.2372373">
        <ele>717.369029654327</ele>
      </trkpt>
      <trkpt lat="36.8637954" lon="138.2372635">
        <ele>717.8262536736177</ele>
      </trkpt>
      <trkpt lat="36.8637857" lon="138.2372897">
        <ele>718.2771162279768</ele>
      </trkpt>
      <trkpt lat="36.8637724" lon="138.2373135">
        <ele>718.5337362100943</ele>
      </trkpt>
      <trkpt lat="36.8637592" lon="138.2373373">
        <ele>718.802501802131</ele>
      </trkpt>
      <trkpt lat="36.8637427" lon="138.2373589">
        <ele>718.8290666108039</ele>
      </trkpt>
      <trkpt lat="36.8637262" lon="138.2373805">
        <ele>718.8460639029038</ele>
      </trkpt>
      <trkpt lat="36.8637073" lon="138.2373997">
        <ele>718.722970920558</ele>
      </trkpt>
      <trkpt lat="36.8636885" lon="138.237419">
        <ele>718.6183900034792</ele>
      </trkpt>
      <trkpt lat="36.8636679" lon="138.2374353">
        <ele>718.3804934941061</ele>
      </trkpt>
      <trkpt lat="36.8636474" lon="138.2374516">
        <ele>718.1499921028507</ele>
      </trkpt>
      <trkpt lat="36.8636253" lon="138.2374667">
        <ele>717.8144210636855</ele>
      </trkpt>
      <trkpt lat="36.8636033" lon="138.2374819">
        <ele>717.4244575175858</ele>
      </trkpt>
      <trkpt lat="36.8635804" lon="138.2374973">
        <ele>717.0184377213977</ele>
      </trkpt>
      <trkpt lat="36.8635576" lon="138.2375128">
        <ele>716.6428160400883</ele>
      </trkpt>
      <trkpt lat="36.8635345" lon="138.2375287">
        <ele>716.2956798825883</ele>
      </trkpt>
      <trkpt lat="36.8635115" lon="138.2375447">
        <ele>715.9398593160425</ele>
      </trkpt>
      <trkpt lat="36.8634892" lon="138.2375594">
        <ele>715.5746351073647</ele>
      </trkpt>
      <trkpt lat="36.863467" lon="138.2375741">
        <ele>715.2498603303045</ele>
      </trkpt>
      <trkpt lat="36.8634437" lon="138.2375845">
        <ele>714.7835421812965</ele>
      </trkpt>
      <trkpt lat="36.8634204" lon="138.2375949">
        <ele>714.3254468291233</ele>
      </trkpt>
      <trkpt lat="36.8633949" lon="138.2376005">
        <ele>713.7693159224027</ele>
      </trkpt>
      <trkpt lat="36.8633694" lon="138.2376062">
        <ele>713.2334555768728</ele>
      </trkpt>
      <trkpt lat="36.863344" lon="138.2376091">
        <ele>712.6373516311918</ele>
      </trkpt>
      <trkpt lat="36.8633186" lon="138.237612">
        <ele>712.1666372474765</ele>
      </trkpt>
      <trkpt lat="36.863293" lon="138.2376139">
        <ele>711.6620318463525</ele>
      </trkpt>
      <trkpt lat="36.8632675" lon="138.2376158">
        <ele>711.2557716056473</ele>
      </trkpt>
      <trkpt lat="36.8632412" lon="138.2376186">
        <ele>710.9861136556372</ele>
      </trkpt>
      <trkpt lat="36.8632149" lon="138.2376214">
        <ele>710.7096281582653</ele>
      </trkpt>
      <trkpt lat="36.8631882" lon="138.2376241">
        <ele>710.548287992296</ele>
      </trkpt>
      <trkpt lat="36.8631615" lon="138.2376268">
        <ele>710.4124406266034</ele>
      </trkpt>
      <trkpt lat="36.8631334" lon="138.2376323">
        <ele>710.3838035284431</ele>
      </trkpt>
      <trkpt lat="36.8631053" lon="138.2376378">
        <ele>710.4960330353944</ele>
      </trkpt>
      <trkpt lat="36.8630773" lon="138.2376449">
        <ele>710.6367364346819</ele>
      </trkpt>
      <trkpt lat="36.8630494" lon="138.2376521">
        <ele>710.861907876924</ele>
      </trkpt>
      <trkpt lat="36.8630222" lon="138.2376603">
        <ele>711.1084526012348</ele>
      </trkpt>
      <trkpt lat="36.8629951" lon="138.2376685">
        <ele>711.3975688697332</ele>
      </trkpt>
      <trkpt lat="36.8629682" lon="138.2376781">
        <ele>711.8051410963916</ele>
      </trkpt>
      <trkpt lat="36.8629413" lon="138.2376878">
        <ele>712.1879696149091</ele>
      </trkpt>
      <trkpt lat="36.8629146" lon="138.2376993">
        <ele>712.6569207373257</ele>
      </trkpt>
      <trkpt lat="36.862888" lon="138.2377108">
        <ele>713.1188717711365</ele>
      </trkpt>
      <trkpt lat="36.8628654" lon="138.2377173">
        <ele>713.4459377337536</ele>
      </trkpt>
      <trkpt lat="36.8628429" lon="138.2377238">
        <ele>713.834507458516</ele>
      </trkpt>
      <trkpt lat="36.8628292" lon="138.2377208">
        <ele>714.0001475024508</ele>
      </trkpt>
      <trkpt lat="36.8628155" lon="138.2377179">
        <ele>714.168143756948</ele>
      </trkpt>
      <trkpt lat="36.8628121" lon="138.2377042">
        <ele>714.0854818131154</ele>
      </trkpt>
      <trkpt lat="36.8628087" lon="138.2376906">
        <ele>714.0010584607265</ele>
      </trkpt>
      <trkpt lat="36.8628128" lon="138.2376689">
        <ele>713.7197823000085</ele>
      </trkpt>
      <trkpt lat="36.8628169" lon="138.2376472">
        <ele>713.4294492402346</ele>
      </trkpt>
      <trkpt lat="36.862824" lon="138.2376226">
        <ele>713.0433420702791</ele>
      </trkpt>
      <trkpt lat="36.8628311" lon="138.2375981">
        <ele>712.6028555933203</ele>
      </trkpt>
      <trkpt lat="36.8628404" lon="138.2375705">
        <ele>712.0588784911272</ele>
      </trkpt>
      <trkpt lat="36.8628498" lon="138.2375429">
        <ele>711.4953291542962</ele>
      </trkpt>
      <trkpt lat="36.8628607" lon="138.2375159">
        <ele>710.9129571166271</ele>
      </trkpt>
      <trkpt lat="36.8628717" lon="138.2374889">
        <ele>710.3263095377619</ele>
      </trkpt>
      <trkpt lat="36.8628852" lon="138.2374644">
        <ele>709.7209515523903</ele>
      </trkpt>
      <trkpt lat="36.8628987" lon="138.23744">
        <ele>709.12221213783</ele>
      </trkpt>
      <trkpt lat="36.8629134" lon="138.2374149">
        <ele>708.509225562476</ele>
      </trkpt>
      <trkpt lat="36.8629282" lon="138.2373898">
        <ele>707.8435811726049</ele>
      </trkpt>
      <trkpt lat="36.8629434" lon="138.2373631">
        <ele>707.1298494841174</ele>
      </trkpt>
      <trkpt lat="36.8629586" lon="138.2373364">
        <ele>706.5117768971679</ele>
      </trkpt>
      <trkpt lat="36.8629734" lon="138.2373077">
        <ele>705.8332845463259</ele>
      </trkpt>
      <trkpt lat="36.8629882" lon="138.2372791">
        <ele>705.098313241838</ele>
      </trkpt>
      <trkpt lat="36.8630029" lon="138.2372508">
        <ele>704.51843670815</ele>
      </trkpt>
      <trkpt lat="36.8630177" lon="138.2372226">
        <ele>704.0041361400306</ele>
      </trkpt>
      <trkpt lat="36.8630325" lon="138.2371955">
        <ele>703.4485993892405</ele>
      </trkpt>
      <trkpt lat="36.8630473" lon="138.2371685">
        <ele>702.9820083542864</ele>
      </trkpt>
      <trkpt lat="36.8630618" lon="138.2371413">
        <ele>702.5165647821634</ele>
      </trkpt>
      <trkpt lat="36.8630763" lon="138.2371141">
        <ele>702.0373118895483</ele>
      </trkpt>
      <trkpt lat="36.8630895" lon="138.2370868">
        <ele>701.6961632431991</ele>
      </trkpt>
      <trkpt lat="36.8631028" lon="138.2370596">
        <ele>701.3629270301733</ele>
      </trkpt>
      <trkpt lat="36.8631141" lon="138.2370325">
        <ele>701.0595627123862</ele>
      </trkpt>
      <trkpt lat="36.8631254" lon="138.2370054">
        <ele>700.7815016629</ele>
      </trkpt>
      <trkpt lat="36.8631361" lon="138.2369794">
        <ele>700.5459529081802</ele>
      </trkpt>
      <trkpt lat="36.8631468" lon="138.2369535">
        <ele>700.3460187049204</ele>
      </trkpt>
      <trkpt lat="36.863157" lon="138.2369275">
        <ele>700.1921001753806</ele>
      </trkpt>
      <trkpt lat="36.8631673" lon="138.2369016">
        <ele>700.0178937775775</ele>
      </trkpt>
      <trkpt lat="36.8631777" lon="138.2368748">
        <ele>699.8243402369898</ele>
      </trkpt>
      <trkpt lat="36.8631881" lon="138.2368481">
        <ele>699.6117966352874</ele>
      </trkpt>
      <trkpt lat="36.8632001" lon="138.2368192">
        <ele>699.3653796751989</ele>
      </trkpt>
      <trkpt lat="36.8632122" lon="138.2367903">
        <ele>699.1303754002806</ele>
      </trkpt>
      <trkpt lat="36.8632254" lon="138.23676">
        <ele>698.930151243229</ele>
      </trkpt>
      <trkpt lat="36.8632386" lon="138.2367297">
        <ele>698.6288805308757</ele>
      </trkpt>
      <trkpt lat="36.8632509" lon="138.2367018">
        <ele>698.3489294553181</ele>
      </trkpt>
      <trkpt lat="36.8632632" lon="138.236674">
        <ele>698.0680740833352</ele>
      </trkpt>
      <trkpt lat="36.8632744" lon="138.2366474">
        <ele>697.7811172811303</ele>
      </trkpt>
      <trkpt lat="36.8632857" lon="138.2366208">
        <ele>697.5087825793776</ele>
      </trkpt>
      <trkpt lat="36.8632975" lon="138.2365928">
        <ele>697.2390803885646</ele>
      </trkpt>
      <trkpt lat="36.8633094" lon="138.2365648">
        <ele>696.9105257738847</ele>
      </trkpt>
      <trkpt lat="36.8633246" lon="138.2365355">
        <ele>696.5184939240571</ele>
      </trkpt>
      <trkpt lat="36.8633398" lon="138.2365062">
        <ele>696.1264620297588</ele>
      </trkpt>
      <trkpt lat="36.8633595" lon="138.2364778">
        <ele>695.6565870544177</ele>
      </trkpt>
      <trkpt lat="36.8633793" lon="138.2364495">
        <ele>695.174560467201</ele>
      </trkpt>
      <trkpt lat="36.8633997" lon="138.2364221">
        <ele>694.6881655483052</ele>
      </trkpt>
      <trkpt lat="36.8634202" lon="138.2363947">
        <ele>694.2567915321338</ele>
      </trkpt>
      <trkpt lat="36.8634401" lon="138.2363658">
        <ele>693.948233636097</ele>
      </trkpt>
      <trkpt lat="36.8634601" lon="138.236337">
        <ele>693.6392679886902</ele>
      </trkpt>
      <trkpt lat="36.8634767" lon="138.2363056">
        <ele>693.4020420671471</ele>
      </trkpt>
      <trkpt lat="36.8634934" lon="138.2362743">
        <ele>693.2741143930958</ele>
      </trkpt>
      <trkpt lat="36.8635023" lon="138.2362401">
        <ele>693.2202901364891</ele>
      </trkpt>
      <trkpt lat="36.8635113" lon="138.2362059">
        <ele>693.2098530465934</ele>
      </trkpt>
      <trkpt lat="36.8635129" lon="138.2361692">
        <ele>693.1880219866164</ele>
      </trkpt>
      <trkpt lat="36.8635146" lon="138.2361325">
        <ele>693.2698750418315</ele>
      </trkpt>
      <trkpt lat="36.8635106" lon="138.2360957">
        <ele>693.3726179681137</ele>
      </trkpt>
      <trkpt lat="36.8635066" lon="138.2360589">
        <ele>693.5280932492567</ele>
      </trkpt>
      <trkpt lat="36.8634983" lon="138.2360257">
        <ele>693.7148336994914</ele>
      </trkpt>
      <trkpt lat="36.86349" lon="138.2359926">
        <ele>693.8916322664151</ele>
      </trkpt>
      <trkpt lat="36.8634795" lon="138.2359605">
        <ele>694.1396609263586</ele>
      </trkpt>
      <trkpt lat="36.8634691" lon="138.2359284">
        <ele>694.4047375383691</ele>
      </trkpt>
      <trkpt lat="36.8634572" lon="138.2358976">
        <ele>694.6338272699419</ele>
      </trkpt>
      <trkpt lat="36.8634453" lon="138.2358668">
        <ele>694.8274542034314</ele>
      </trkpt>
      <trkpt lat="36.8634308" lon="138.235837">
        <ele>694.9996234521733</ele>
      </trkpt>
      <trkpt lat="36.8634163" lon="138.2358072">
        <ele>695.1571916537603</ele>
      </trkpt>
      <trkpt lat="36.863399" lon="138.2357807">
        <ele>695.2757528298473</ele>
      </trkpt>
      <trkpt lat="36.8633817" lon="138.2357542">
        <ele>695.3788188446065</ele>
      </trkpt>
      <trkpt lat="36.8633634" lon="138.2357326">
        <ele>695.4391957643428</ele>
      </trkpt>
      <trkpt lat="36.8633452" lon="138.235711">
        <ele>695.4524659014719</ele>
      </trkpt>
      <trkpt lat="36.8633259" lon="138.2356923">
        <ele>695.3504502411545</ele>
      </trkpt>
      <trkpt lat="36.8633066" lon="138.2356736">
        <ele>695.2239413753388</ele>
      </trkpt>
      <trkpt lat="36.8632868" lon="138.2356569">
        <ele>695.0651306348482</ele>
      </trkpt>
      <trkpt lat="36.8632671" lon="138.2356403">
        <ele>694.8964766883763</ele>
      </trkpt>
      <trkpt lat="36.8632479" lon="138.2356254">
        <ele>694.7339752433886</ele>
      </trkpt>
      <trkpt lat="36.8632288" lon="138.2356106">
        <ele>694.5530164549664</ele>
      </trkpt>
      <trkpt lat="36.8632112" lon="138.235594">
        <ele>694.3728473110325</ele>
      </trkpt>
      <trkpt lat="36.8631936" lon="138.2355775">
        <ele>694.1538075920756</ele>
      </trkpt>
      <trkpt lat="36.8631774" lon="138.2355569">
        <ele>693.9254681511802</ele>
      </trkpt>
      <trkpt lat="36.8631612" lon="138.2355363">
        <ele>693.6841708839281</ele>
      </trkpt>
      <trkpt lat="36.8631472" lon="138.2355117">
        <ele>693.4423530767347</ele>
      </trkpt>
      <trkpt lat="36.8631333" lon="138.2354872">
        <ele>693.1830462428917</ele>
      </trkpt>
      <trkpt lat="36.8631239" lon="138.2354591">
        <ele>692.9763243355357</ele>
      </trkpt>
      <trkpt lat="36.8631146" lon="138.2354311">
        <ele>692.7536485903902</ele>
      </trkpt>
      <trkpt lat="36.8631085" lon="138.2353979">
        <ele>692.5552433234501</ele>
      </trkpt>
      <trkpt lat="36.8631025" lon="138.2353648">
        <ele>692.3321009679615</ele>
      </trkpt>
      <trkpt lat="36.8630989" lon="138.2353291">
        <ele>692.1395544931531</ele>
      </trkpt>
      <trkpt lat="36.8630953" lon="138.2352935">
        <ele>691.9463776367804</ele>
      </trkpt>
      <trkpt lat="36.8630932" lon="138.2352572">
        <ele>691.8374867479304</ele>
      </trkpt>
      <trkpt lat="36.8630912" lon="138.235221">
        <ele>691.7243000990453</ele>
      </trkpt>
      <trkpt lat="36.8630891" lon="138.2351859">
        <ele>691.6371159523615</ele>
      </trkpt>
      <trkpt lat="36.863087" lon="138.2351509">
        <ele>691.5481337894587</ele>
      </trkpt>
      <trkpt lat="36.8630843" lon="138.2351175">
        <ele>691.4666884739885</ele>
      </trkpt>
      <trkpt lat="36.8630817" lon="138.2350842">
        <ele>691.4458422428931</ele>
      </trkpt>
      <trkpt lat="36.8630779" lon="138.2350522">
        <ele>691.3765325576541</ele>
      </trkpt>
      <trkpt lat="36.8630741" lon="138.2350203">
        <ele>691.3357096398153</ele>
      </trkpt>
      <trkpt lat="36.8630683" lon="138.2349872">
        <ele>691.2074240832882</ele>
      </trkpt>
      <trkpt lat="36.8630626" lon="138.2349542">
        <ele>691.0819575134665</ele>
      </trkpt>
      <trkpt lat="36.8630537" lon="138.2349188">
        <ele>690.8993653338403</ele>
      </trkpt>
      <trkpt lat="36.8630449" lon="138.2348834">
        <ele>690.7211418743244</ele>
      </trkpt>
      <trkpt lat="36.8630317" lon="138.2348484">
        <ele>690.4392874022271</ele>
      </trkpt>
      <trkpt lat="36.8630186" lon="138.2348134">
        <ele>690.2276161966822</ele>
      </trkpt>
      <trkpt lat="36.8630023" lon="138.2347818">
        <ele>689.8937449521061</ele>
      </trkpt>
      <trkpt lat="36.8629861" lon="138.2347502">
        <ele>689.6603283734662</ele>
      </trkpt>
      <trkpt lat="36.862968" lon="138.2347247">
        <ele>689.3029436152342</ele>
      </trkpt>
      <trkpt lat="36.86295" lon="138.2346993">
        <ele>688.9839819560946</ele>
      </trkpt>
      <trkpt lat="36.8629305" lon="138.2346814">
        <ele>688.5677765584372</ele>
      </trkpt>
      <trkpt lat="36.8629111" lon="138.2346635">
        <ele>688.1882226865415</ele>
      </trkpt>
      <trkpt lat="36.862892" lon="138.2346497">
        <ele>687.7564181492978</ele>
      </trkpt>
      <trkpt lat="36.862873" lon="138.234636">
        <ele>687.3352339994983</ele>
      </trkpt>
      <trkpt lat="36.8628541" lon="138.2346237">
        <ele>686.955254489442</ele>
      </trkpt>
      <trkpt lat="36.8628352" lon="138.2346115">
        <ele>686.6130075527569</ele>
      </trkpt>
      <trkpt lat="36.8628141" lon="138.2345992">
        <ele>686.2237321539806</ele>
      </trkpt>
      <trkpt lat="36.862793" lon="138.2345869">
        <ele>685.8605530633885</ele>
      </trkpt>
      <trkpt lat="36.8627692" lon="138.2345739">
        <ele>685.4914903732556</ele>
      </trkpt>
      <trkpt lat="36.8627455" lon="138.234561">
        <ele>685.1126347945869</ele>
      </trkpt>
      <trkpt lat="36.8627211" lon="138.2345476">
        <ele>684.7382880962338</ele>
      </trkpt>
      <trkpt lat="36.8626968" lon="138.2345342">
        <ele>684.4021813039222</ele>
      </trkpt>
      <trkpt lat="36.8626736" lon="138.2345192">
        <ele>684.06686202262</ele>
      </trkpt>
      <trkpt lat="36.8626504" lon="138.2345043">
        <ele>683.702568857</ele>
      </trkpt>
      <trkpt lat="36.8626275" lon="138.2344891">
        <ele>683.3448015804264</ele>
      </trkpt>
      <trkpt lat="36.8626046" lon="138.2344739">
        <ele>682.9634121520548</ele>
      </trkpt>
      <trkpt lat="36.862582" lon="138.2344583">
        <ele>682.5756337253111</ele>
      </trkpt>
      <trkpt lat="36.8625595" lon="138.2344428">
        <ele>682.1524793502698</ele>
      </trkpt>
      <trkpt lat="36.8625368" lon="138.234425">
        <ele>681.6685929305628</ele>
      </trkpt>
      <trkpt lat="36.8625141" lon="138.2344072">
        <ele>681.1322492996097</ele>
      </trkpt>
      <trkpt lat="36.8624942" lon="138.234388">
        <ele>680.6062162798472</ele>
      </trkpt>
      <trkpt lat="36.8624744" lon="138.2343689">
        <ele>680.031348907147</ele>
      </trkpt>
      <trkpt lat="36.8624588" lon="138.2343481">
        <ele>679.492512543488</ele>
      </trkpt>
      <trkpt lat="36.8624432" lon="138.2343274">
        <ele>678.8879189709675</ele>
      </trkpt>
      <trkpt lat="36.8624317" lon="138.2343035">
        <ele>678.379039910143</ele>
      </trkpt>
      <trkpt lat="36.8624203" lon="138.2342797">
        <ele>677.8462795774076</ele>
      </trkpt>
      <trkpt lat="36.8624147" lon="138.2342539">
        <ele>677.4201823946594</ele>
      </trkpt>
      <trkpt lat="36.8624092" lon="138.2342282">
        <ele>676.9668820278489</ele>
      </trkpt>
      <trkpt lat="36.8624095" lon="138.2342014">
        <ele>676.7072327855162</ele>
      </trkpt>
      <trkpt lat="36.8624098" lon="138.2341746">
        <ele>676.412070201813</ele>
      </trkpt>
      <trkpt lat="36.8624156" lon="138.2341468">
        <ele>676.2646991869042</ele>
      </trkpt>
      <trkpt lat="36.8624214" lon="138.2341191">
        <ele>676.1295488101053</ele>
      </trkpt>
      <trkpt lat="36.8624293" lon="138.2340928">
        <ele>676.0773837903054</ele>
      </trkpt>
      <trkpt lat="36.8624373" lon="138.2340665">
        <ele>675.9629417666241</ele>
      </trkpt>
      <trkpt lat="36.8624433" lon="138.2340403">
        <ele>675.771495365725</ele>
      </trkpt>
      <trkpt lat="36.8624493" lon="138.2340141">
        <ele>675.578612055584</ele>
      </trkpt>
      <trkpt lat="36.8624531" lon="138.2339858">
        <ele>675.1674974483911</ele>
      </trkpt>
      <trkpt lat="36.8624569" lon="138.2339575">
        <ele>674.7627213428268</ele>
      </trkpt>
      <trkpt lat="36.8624598" lon="138.2339272">
        <ele>674.2832016059859</ele>
      </trkpt>
      <trkpt lat="36.8624628" lon="138.2338969">
        <ele>673.7702279577076</ele>
      </trkpt>
      <trkpt lat="36.8624692" lon="138.2338656">
        <ele>673.3729543423656</ele>
      </trkpt>
      <trkpt lat="36.8624756" lon="138.2338344">
        <ele>672.9611713633855</ele>
      </trkpt>
      <trkpt lat="36.8624879" lon="138.2338055">
        <ele>672.804913283261</ele>
      </trkpt>
      <trkpt lat="36.8625002" lon="138.2337766">
        <ele>672.6365933862397</ele>
      </trkpt>
      <trkpt lat="36.8625194" lon="138.2337517">
        <ele>672.8255463313234</ele>
      </trkpt>
      <trkpt lat="36.8625386" lon="138.2337268">
        <ele>673.0354368817119</ele>
      </trkpt>
      <trkpt lat="36.8625621" lon="138.2337058">
        <ele>673.4770806384905</ele>
      </trkpt>
      <trkpt lat="36.8625857" lon="138.2336849">
        <ele>673.8914909368033</ele>
      </trkpt>
      <trkpt lat="36.862609" lon="138.2336621">
        <ele>674.2927650299864</ele>
      </trkpt>
      <trkpt lat="36.8626324" lon="138.2336393">
        <ele>674.723111354118</ele>
      </trkpt>
      <trkpt lat="36.8626544" lon="138.2336131">
        <ele>675.0111485238657</ele>
      </trkpt>
      <trkpt lat="36.8626765" lon="138.2335869">
        <ele>675.2804547477986</ele>
      </trkpt>
      <trkpt lat="36.8626965" lon="138.2335612">
        <ele>675.467140814104</ele>
      </trkpt>
      <trkpt lat="36.8627166" lon="138.2335356">
        <ele>675.6603511846636</ele>
      </trkpt>
      <trkpt lat="36.8627339" lon="138.2335096">
        <ele>675.7353810024042</ele>
      </trkpt>
      <trkpt lat="36.8627513" lon="138.2334837">
        <ele>675.8372674380438</ele>
      </trkpt>
      <trkpt lat="36.8627672" lon="138.2334564">
        <ele>675.8407873356723</ele>
      </trkpt>
      <trkpt lat="36.8627832" lon="138.2334291">
        <ele>675.8485304115578</ele>
      </trkpt>
      <trkpt lat="36.8627996" lon="138.2334004">
        <ele>675.8477591594219</ele>
      </trkpt>
      <trkpt lat="36.862816" lon="138.2333718">
        <ele>675.8022632440557</ele>
      </trkpt>
      <trkpt lat="36.8628333" lon="138.2333436">
        <ele>675.8001637076965</ele>
      </trkpt>
      <trkpt lat="36.8628506" lon="138.2333155">
        <ele>675.8148014566868</ele>
      </trkpt>
      <trkpt lat="36.8628678" lon="138.2332889">
        <ele>675.8780248935747</ele>
      </trkpt>
      <trkpt lat="36.8628851" lon="138.2332623">
        <ele>675.9496739855042</ele>
      </trkpt>
      <trkpt lat="36.8629034" lon="138.2332361">
        <ele>676.0599466701898</ele>
      </trkpt>
      <trkpt lat="36.8629218" lon="138.23321">
        <ele>676.2050680103885</ele>
      </trkpt>
      <trkpt lat="36.8629401" lon="138.2331835">
        <ele>676.363224484586</ele>
      </trkpt>
      <trkpt lat="36.8629585" lon="138.233157">
        <ele>676.5577253545642</ele>
      </trkpt>
      <trkpt lat="36.8629769" lon="138.2331301">
        <ele>676.6950534415761</ele>
      </trkpt>
      <trkpt lat="36.8629954" lon="138.2331032">
        <ele>676.8183352437782</ele>
      </trkpt>
      <trkpt lat="36.863015" lon="138.2330761">
        <ele>677.0099893185325</ele>
      </trkpt>
      <trkpt lat="36.8630347" lon="138.233049">
        <ele>677.2778467221824</ele>
      </trkpt>
      <trkpt lat="36.8630531" lon="138.2330201">
        <ele>677.4449035528168</ele>
      </trkpt>
      <trkpt lat="36.8630716" lon="138.2329912">
        <ele>677.5981509734829</ele>
      </trkpt>
      <trkpt lat="36.8630853" lon="138.2329596">
        <ele>677.4977308246623</ele>
      </trkpt>
      <trkpt lat="36.8630991" lon="138.2329281">
        <ele>677.3868811311063</ele>
      </trkpt>
      <trkpt lat="36.8631103" lon="138.2328966">
        <ele>677.1451180861736</ele>
      </trkpt>
      <trkpt lat="36.8631215" lon="138.2328651">
        <ele>676.9005196158322</ele>
      </trkpt>
      <trkpt lat="36.8631316" lon="138.2328333">
        <ele>676.5775115219575</ele>
      </trkpt>
      <trkpt lat="36.8631418" lon="138.2328016">
        <ele>676.2666956764328</ele>
      </trkpt>
      <trkpt lat="36.8631509" lon="138.2327689">
        <ele>675.9396421693089</ele>
      </trkpt>
      <trkpt lat="36.8631601" lon="138.2327362">
        <ele>675.5966481976794</ele>
      </trkpt>
      <trkpt lat="36.8631694" lon="138.2327028">
        <ele>675.2609820844198</ele>
      </trkpt>
      <trkpt lat="36.8631787" lon="138.2326695">
        <ele>674.9304935298779</ele>
      </trkpt>
      <trkpt lat="36.8631881" lon="138.2326342">
        <ele>674.5608385292971</ele>
      </trkpt>
      <trkpt lat="36.8631975" lon="138.232599">
        <ele>674.2187350067679</ele>
      </trkpt>
      <trkpt lat="36.863206" lon="138.232562">
        <ele>673.7823456273055</ele>
      </trkpt>
      <trkpt lat="36.8632145" lon="138.2325251">
        <ele>673.4453983913661</ele>
      </trkpt>
      <trkpt lat="36.8632211" lon="138.2324875">
        <ele>673.0365882870522</ele>
      </trkpt>
      <trkpt lat="36.8632278" lon="138.23245">
        <ele>672.6509962472145</ele>
      </trkpt>
      <trkpt lat="36.8632315" lon="138.2324131">
        <ele>672.189202801698</ele>
      </trkpt>
      <trkpt lat="36.8632352" lon="138.2323763">
        <ele>671.7518405098542</ele>
      </trkpt>
      <trkpt lat="36.8632364" lon="138.2323405">
        <ele>671.322341068884</ele>
      </trkpt>
      <trkpt lat="36.8632376" lon="138.2323048">
        <ele>670.8927121288515</ele>
      </trkpt>
      <trkpt lat="36.8632364" lon="138.2322699">
        <ele>670.4110202773466</ele>
      </trkpt>
      <trkpt lat="36.8632353" lon="138.232235">
        <ele>669.9380949745829</ele>
      </trkpt>
      <trkpt lat="36.8632319" lon="138.2322003">
        <ele>669.4112314836084</ele>
      </trkpt>
      <trkpt lat="36.8632286" lon="138.2321656">
        <ele>668.9526290169025</ele>
      </trkpt>
      <trkpt lat="36.8632238" lon="138.2321312">
        <ele>668.446050830252</ele>
      </trkpt>
      <trkpt lat="36.8632191" lon="138.2320968">
        <ele>667.9278498525279</ele>
      </trkpt>
      <trkpt lat="36.8632136" lon="138.2320645">
        <ele>667.3872670096962</ele>
      </trkpt>
      <trkpt lat="36.8632082" lon="138.2320323">
        <ele>666.8613012825083</ele>
      </trkpt>
      <trkpt lat="36.8632017" lon="138.2320008">
        <ele>666.3475275715189</ele>
      </trkpt>
      <trkpt lat="36.8631953" lon="138.2319694">
        <ele>665.824751756945</ele>
      </trkpt>
      <trkpt lat="36.8631872" lon="138.2319382">
        <ele>665.1880592115897</ele>
      </trkpt>
      <trkpt lat="36.8631791" lon="138.2319071">
        <ele>664.5130702893762</ele>
      </trkpt>
      <trkpt lat="36.863171" lon="138.2318763">
        <ele>663.832878211996</ele>
      </trkpt>
      <trkpt lat="36.863163" lon="138.2318456">
        <ele>663.1850448982717</ele>
      </trkpt>
      <trkpt lat="36.8631556" lon="138.2318128">
        <ele>662.5385619245342</ele>
      </trkpt>
      <trkpt lat="36.8631482" lon="138.23178">
        <ele>661.8752722949665</ele>
      </trkpt>
      <trkpt lat="36.8631438" lon="138.2317435">
        <ele>661.2951610745056</ele>
      </trkpt>
      <trkpt lat="36.8631394" lon="138.2317071">
        <ele>660.719533644059</ele>
      </trkpt>
      <trkpt lat="36.8631374" lon="138.2316683">
        <ele>660.2949476180603</ele>
      </trkpt>
      <trkpt lat="36.8631354" lon="138.2316296">
        <ele>659.8948650948007</ele>
      </trkpt>
      <trkpt lat="36.8631344" lon="138.231589">
        <ele>659.5966381543888</ele>
      </trkpt>
      <trkpt lat="36.8631335" lon="138.2315485">
        <ele>659.3640961801168</ele>
      </trkpt>
      <trkpt lat="36.8631322" lon="138.2315096">
        <ele>659.1413429256534</ele>
      </trkpt>
      <trkpt lat="36.863131" lon="138.2314707">
        <ele>658.9529534143404</ele>
      </trkpt>
      <trkpt lat="36.8631284" lon="138.2314352">
        <ele>658.7245459288658</ele>
      </trkpt>
      <trkpt lat="36.8631258" lon="138.2313997">
        <ele>658.5599903224495</ele>
      </trkpt>
      <trkpt lat="36.8631219" lon="138.2313656">
        <ele>658.3359421747058</ele>
      </trkpt>
      <trkpt lat="36.8631181" lon="138.2313316">
        <ele>658.1554524215794</ele>
      </trkpt>
      <trkpt lat="36.8631151" lon="138.2312955">
        <ele>658.0372797480389</ele>
      </trkpt>
      <trkpt lat="36.8631122" lon="138.2312595">
        <ele>657.9369071705743</ele>
      </trkpt>
      <trkpt lat="36.86311" lon="138.2312212">
        <ele>657.9061589839494</ele>
      </trkpt>
      <trkpt lat="36.8631079" lon="138.2311829">
        <ele>657.8824943703302</ele>
      </trkpt>
      <trkpt lat="36.8631102" lon="138.2311457">
        <ele>658.0619973534496</ele>
      </trkpt>
      <trkpt lat="36.8631125" lon="138.2311085">
        <ele>658.2361498653765</ele>
      </trkpt>
      <trkpt lat="36.8631202" lon="138.2310749">
        <ele>658.597753022273</ele>
      </trkpt>
      <trkpt lat="36.8631279" lon="138.2310414">
        <ele>658.9444330737119</ele>
      </trkpt>
      <trkpt lat="36.8631371" lon="138.2310102">
        <ele>659.3359984629267</ele>
      </trkpt>
      <trkpt lat="36.8631464" lon="138.2309791">
        <ele>659.699887281871</ele>
      </trkpt>
      <trkpt lat="36.8631547" lon="138.2309495">
        <ele>660.0272388124004</ele>
      </trkpt>
      <trkpt lat="36.863163" lon="138.2309199">
        <ele>660.3335651989678</ele>
      </trkpt>
      <trkpt lat="36.8631696" lon="138.2308907">
        <ele>660.4960611919672</ele>
      </trkpt>
      <trkpt lat="36.8631763" lon="138.2308615">
        <ele>660.6491959205217</ele>
      </trkpt>
      <trkpt lat="36.8631832" lon="138.2308315">
        <ele>660.7899717988304</ele>
      </trkpt>
      <trkpt lat="36.8631901" lon="138.2308016">
        <ele>660.9111228651752</ele>
      </trkpt>
      <trkpt lat="36.8631981" lon="138.2307696">
        <ele>661.054708731572</ele>
      </trkpt>
      <trkpt lat="36.8632061" lon="138.2307377">
        <ele>661.1555793497627</ele>
      </trkpt>
      <trkpt lat="36.8632122" lon="138.2307022">
        <ele>661.1197850846451</ele>
      </trkpt>
      <trkpt lat="36.8632183" lon="138.2306667">
        <ele>661.0835083290613</ele>
      </trkpt>
      <trkpt lat="36.8632202" lon="138.2306321">
        <ele>660.9021004955307</ele>
      </trkpt>
      <trkpt lat="36.8632221" lon="138.2305975">
        <ele>660.7184619353986</ele>
      </trkpt>
      <trkpt lat="36.863219" lon="138.2305675">
        <ele>660.3876385099127</ele>
      </trkpt>
      <trkpt lat="36.863216" lon="138.2305375">
        <ele>660.044790689042</ele>
      </trkpt>
      <trkpt lat="36.8632098" lon="138.230511">
        <ele>659.617875265557</ele>
      </trkpt>
      <trkpt lat="36.8632037" lon="138.2304845">
        <ele>659.2485044436688</ele>
      </trkpt>
      <trkpt lat="36.8631969" lon="138.2304583">
        <ele>658.8906985491246</ele>
      </trkpt>
      <trkpt lat="36.8631902" lon="138.2304322">
        <ele>658.5304834985792</ele>
      </trkpt>
      <trkpt lat="36.8631828" lon="138.2304017">
        <ele>658.1133259148812</ele>
      </trkpt>
      <trkpt lat="36.8631755" lon="138.2303712">
        <ele>657.6957633332504</ele>
      </trkpt>
      <trkpt lat="36.8631693" lon="138.230336">
        <ele>657.2885067741174</ele>
      </trkpt>
      <trkpt lat="36.8631631" lon="138.2303009">
        <ele>656.9061052225845</ele>
      </trkpt>
      <trkpt lat="36.8631594" lon="138.2302623">
        <ele>656.5838126824044</ele>
      </trkpt>
      <trkpt lat="36.8631558" lon="138.2302237">
        <ele>656.2728950779895</ele>
      </trkpt>
      <trkpt lat="36.8631554" lon="138.230184">
        <ele>656.0756473610647</ele>
      </trkpt>
      <trkpt lat="36.8631551" lon="138.2301444">
        <ele>655.8927224586142</ele>
      </trkpt>
      <trkpt lat="36.8631569" lon="138.2301046">
        <ele>655.8193370733824</ele>
      </trkpt>
      <trkpt lat="36.8631587" lon="138.2300649">
        <ele>655.7482928712395</ele>
      </trkpt>
      <trkpt lat="36.8631607" lon="138.2300241">
        <ele>655.669760529046</ele>
      </trkpt>
      <trkpt lat="36.8631628" lon="138.2299833">
        <ele>655.5944318879872</ele>
      </trkpt>
      <trkpt lat="36.8631659" lon="138.2299439">
        <ele>655.6289997309859</ele>
      </trkpt>
      <trkpt lat="36.863169" lon="138.2299046">
        <ele>655.6773475082351</ele>
      </trkpt>
      <trkpt lat="36.8631726" lon="138.2298677">
        <ele>655.7692345436462</ele>
      </trkpt>
      <trkpt lat="36.8631763" lon="138.2298308">
        <ele>655.8831235613654</ele>
      </trkpt>
      <trkpt lat="36.8631783" lon="138.2297957">
        <ele>655.9964830683655</ele>
      </trkpt>
      <trkpt lat="36.8631803" lon="138.2297606">
        <ele>656.204089734259</ele>
      </trkpt>
      <trkpt lat="36.8631781" lon="138.2297259">
        <ele>656.2380218862293</ele>
      </trkpt>
      <trkpt lat="36.863176" lon="138.2296913">
        <ele>656.3814718297608</ele>
      </trkpt>
      <trkpt lat="36.8631685" lon="138.2296565">
        <ele>656.2913677349669</ele>
      </trkpt>
      <trkpt lat="36.863161" lon="138.2296218">
        <ele>656.2365400850438</ele>
      </trkpt>
      <trkpt lat="36.8631483" lon="138.2295877">
        <ele>655.9823911434262</ele>
      </trkpt>
      <trkpt lat="36.8631357" lon="138.2295537">
        <ele>655.7611764995343</ele>
      </trkpt>
      <trkpt lat="36.8631213" lon="138.2295184">
        <ele>655.59873296108</ele>
      </trkpt>
      <trkpt lat="36.8631069" lon="138.2294831">
        <ele>655.4073490931969</ele>
      </trkpt>
      <trkpt lat="36.863092" lon="138.2294474">
        <ele>655.2220780033585</ele>
      </trkpt>
      <trkpt lat="36.8630772" lon="138.2294117">
        <ele>655.0742935709176</ele>
      </trkpt>
      <trkpt lat="36.8630627" lon="138.229377">
        <ele>655.0280329249395</ele>
      </trkpt>
      <trkpt lat="36.8630482" lon="138.2293424">
        <ele>655.0231401506245</ele>
      </trkpt>
      <trkpt lat="36.8630359" lon="138.2293088">
        <ele>655.030394476393</ele>
      </trkpt>
      <trkpt lat="36.8630237" lon="138.2292753">
        <ele>655.0473439694722</ele>
      </trkpt>
      <trkpt lat="36.8630123" lon="138.2292425">
        <ele>655.0732244255036</ele>
      </trkpt>
      <trkpt lat="36.863001" lon="138.2292097">
        <ele>655.0839329159753</ele>
      </trkpt>
      <trkpt lat="36.8629879" lon="138.2291777">
        <ele>655.0867621875833</ele>
      </trkpt>
      <trkpt lat="36.8629749" lon="138.2291457">
        <ele>655.0239553293685</ele>
      </trkpt>
      <trkpt lat="36.8629611" lon="138.2291113">
        <ele>654.8924295743068</ele>
      </trkpt>
      <trkpt lat="36.8629474" lon="138.229077">
        <ele>654.7112079893675</ele>
      </trkpt>
      <trkpt lat="36.862935" lon="138.2290408">
        <ele>654.5431873738456</ele>
      </trkpt>
      <trkpt lat="36.8629227" lon="138.2290047">
        <ele>654.3607289105485</ele>
      </trkpt>
      <trkpt lat="36.8629107" lon="138.22897">
        <ele>654.1018923314207</ele>
      </trkpt>
      <trkpt lat="36.8628988" lon="138.2289353">
        <ele>653.7851716388566</ele>
      </trkpt>
      <trkpt lat="36.8628852" lon="138.2289028">
        <ele>653.3067596266526</ele>
      </trkpt>
      <trkpt lat="36.8628717" lon="138.2288704">
        <ele>652.7432606062301</ele>
      </trkpt>
      <trkpt lat="36.8628563" lon="138.2288383">
        <ele>652.1073054004235</ele>
      </trkpt>
      <trkpt lat="36.8628409" lon="138.2288062">
        <ele>651.428372176825</ele>
      </trkpt>
      <trkpt lat="36.8628249" lon="138.228775">
        <ele>650.6259866980836</ele>
      </trkpt>
      <trkpt lat="36.8628089" lon="138.2287439">
        <ele>649.780004400139</ele>
      </trkpt>
      <trkpt lat="36.8627933" lon="138.2287144">
        <ele>648.9636559424786</ele>
      </trkpt>
      <trkpt lat="36.8627778" lon="138.228685">
        <ele>648.2434556108087</ele>
      </trkpt>
      <trkpt lat="36.8627671" lon="138.2286546">
        <ele>647.6666071302471</ele>
      </trkpt>
      <trkpt lat="36.8627565" lon="138.2286243">
        <ele>647.0506681936016</ele>
      </trkpt>
      <trkpt lat="36.8627534" lon="138.2285945">
        <ele>646.7795580506811</ele>
      </trkpt>
      <trkpt lat="36.8627504" lon="138.2285647">
        <ele>646.5407551702593</ele>
      </trkpt>
      <trkpt lat="36.862754" lon="138.2285375">
        <ele>646.6375230072678</ele>
      </trkpt>
      <trkpt lat="36.8627576" lon="138.2285103">
        <ele>646.7498844259794</ele>
      </trkpt>
      <trkpt lat="36.8627645" lon="138.228484">
        <ele>647.0535874312504</ele>
      </trkpt>
      <trkpt lat="36.8627714" lon="138.2284578">
        <ele>647.3698129225793</ele>
      </trkpt>
      <trkpt lat="36.8627781" lon="138.2284281">
        <ele>647.6868893839119</ele>
      </trkpt>
      <trkpt lat="36.8627849" lon="138.2283985">
        <ele>648.0458879324224</ele>
      </trkpt>
      <trkpt lat="36.8627868" lon="138.2283643">
        <ele>648.1349729406721</ele>
      </trkpt>
      <trkpt lat="36.8627887" lon="138.2283301">
        <ele>648.2140869941577</ele>
      </trkpt>
      <trkpt lat="36.8627858" lon="138.2282937">
        <ele>647.9899865293936</ele>
      </trkpt>
      <trkpt lat="36.8627829" lon="138.2282574">
        <ele>647.769967026735</ele>
      </trkpt>
      <trkpt lat="36.8627778" lon="138.2282213">
        <ele>647.4450656761936</ele>
      </trkpt>
      <trkpt lat="36.8627728" lon="138.2281852">
        <ele>647.120166626875</ele>
      </trkpt>
      <trkpt lat="36.8627685" lon="138.2281488">
        <ele>646.8672167443112</ele>
      </trkpt>
      <trkpt lat="36.8627643" lon="138.2281124">
        <ele>646.6236891720704</ele>
      </trkpt>
      <trkpt lat="36.8627586" lon="138.228075">
        <ele>646.3390427038065</ele>
      </trkpt>
      <trkpt lat="36.862753" lon="138.2280377">
        <ele>646.1238994722736</ele>
      </trkpt>
      <trkpt lat="36.862744" lon="138.2280008">
        <ele>645.6950924242389</ele>
      </trkpt>
      <trkpt lat="36.862735" lon="138.2279639">
        <ele>645.3632733771586</ele>
      </trkpt>
      <trkpt lat="36.8627223" lon="138.2279296">
        <ele>644.8351114828561</ele>
      </trkpt>
      <trkpt lat="36.8627096" lon="138.2278953">
        <ele>644.4311469388016</ele>
      </trkpt>
      <trkpt lat="36.8626934" lon="138.2278652">
        <ele>643.8014057170784</ele>
      </trkpt>
      <trkpt lat="36.8626773" lon="138.2278352">
        <ele>643.1599826317247</ele>
      </trkpt>
      <trkpt lat="36.8626601" lon="138.2278052">
        <ele>642.5133927812634</ele>
      </trkpt>
      <trkpt lat="36.862643" lon="138.2277753">
        <ele>642.0297971644598</ele>
      </trkpt>
      <trkpt lat="36.8626287" lon="138.2277435">
        <ele>641.6830509603064</ele>
      </trkpt>
      <trkpt lat="36.8626145" lon="138.2277118">
        <ele>641.3708645664776</ele>
      </trkpt>
      <trkpt lat="36.862604" lon="138.227679">
        <ele>641.2332172839924</ele>
      </trkpt>
      <trkpt lat="36.8625936" lon="138.2276463">
        <ele>641.0763267362863</ele>
      </trkpt>
      <trkpt lat="36.8625849" lon="138.2276141">
        <ele>641.0869777889498</ele>
      </trkpt>
      <trkpt lat="36.8625763" lon="138.227582">
        <ele>641.1039056284694</ele>
      </trkpt>
      <trkpt lat="36.8625695" lon="138.2275495">
        <ele>641.2031892336958</ele>
      </trkpt>
      <trkpt lat="36.8625627" lon="138.2275171">
        <ele>641.28314359297</ele>
      </trkpt>
      <trkpt lat="36.8625585" lon="138.2274808">
        <ele>641.458967816292</ele>
      </trkpt>
      <trkpt lat="36.8625543" lon="138.2274445">
        <ele>641.5173908891984</ele>
      </trkpt>
      <trkpt lat="36.8625535" lon="138.2274077">
        <ele>641.7319722539248</ele>
      </trkpt>
      <trkpt lat="36.8625527" lon="138.2273709">
        <ele>641.927328818122</ele>
      </trkpt>
      <trkpt lat="36.8625548" lon="138.2273355">
        <ele>642.2545609528102</ele>
      </trkpt>
      <trkpt lat="36.862557" lon="138.2273002">
        <ele>642.5093143494809</ele>
      </trkpt>
      <trkpt lat="36.8625605" lon="138.2272643">
        <ele>642.7662570775494</ele>
      </trkpt>
      <trkpt lat="36.862564" lon="138.2272284">
        <ele>643.0104148329709</ele>
      </trkpt>
      <trkpt lat="36.8625694" lon="138.2271924">
        <ele>643.2777760587643</ele>
      </trkpt>
      <trkpt lat="36.8625749" lon="138.2271565">
        <ele>643.550088437089</ele>
      </trkpt>
      <trkpt lat="36.8625814" lon="138.2271223">
        <ele>643.7565412163237</ele>
      </trkpt>
      <trkpt lat="36.8625879" lon="138.2270881">
        <ele>643.9185583497915</ele>
      </trkpt>
      <trkpt lat="36.8625948" lon="138.227056">
        <ele>644.1187168032237</ele>
      </trkpt>
      <trkpt lat="36.8626017" lon="138.2270239">
        <ele>644.3176130040003</ele>
      </trkpt>
      <trkpt lat="36.8626077" lon="138.2269926">
        <ele>644.4638282693222</ele>
      </trkpt>
      <trkpt lat="36.8626137" lon="138.2269614">
        <ele>644.5693502448477</ele>
      </trkpt>
      <trkpt lat="36.8626182" lon="138.2269283">
        <ele>644.5325921140399</ele>
      </trkpt>
      <trkpt lat="36.8626227" lon="138.2268952">
        <ele>644.4907797791004</ele>
      </trkpt>
      <trkpt lat="36.8626267" lon="138.2268611">
        <ele>644.4427994987705</ele>
      </trkpt>
      <trkpt lat="36.8626308" lon="138.226827">
        <ele>644.4008723920392</ele>
      </trkpt>
      <trkpt lat="36.8626369" lon="138.2267927">
        <ele>644.4851366591314</ele>
      </trkpt>
      <trkpt lat="36.8626431" lon="138.2267585">
        <ele>644.6199029085266</ele>
      </trkpt>
      <trkpt lat="36.8626505" lon="138.2267228">
        <ele>644.8002675872564</ele>
      </trkpt>
      <trkpt lat="36.8626579" lon="138.2266872">
        <ele>645.0461181734297</ele>
      </trkpt>
      <trkpt lat="36.8626649" lon="138.2266495">
        <ele>645.265852934777</ele>
      </trkpt>
      <trkpt lat="36.8626719" lon="138.2266119">
        <ele>645.5446722221599</ele>
      </trkpt>
      <trkpt lat="36.8626794" lon="138.2265736">
        <ele>645.8863652104767</ele>
      </trkpt>
      <trkpt lat="36.862687" lon="138.2265353">
        <ele>646.2217752244148</ele>
      </trkpt>
      <trkpt lat="36.8626952" lon="138.2264986">
        <ele>646.5772857234047</ele>
      </trkpt>
      <trkpt lat="36.8627035" lon="138.226462">
        <ele>646.9064881348121</ele>
      </trkpt>
      <trkpt lat="36.8627131" lon="138.2264273">
        <ele>647.0614253847559</ele>
      </trkpt>
      <trkpt lat="36.8627227" lon="138.2263927">
        <ele>647.1797995068363</ele>
      </trkpt>
      <trkpt lat="36.8627352" lon="138.2263602">
        <ele>647.3549990782906</ele>
      </trkpt>
      <trkpt lat="36.8627478" lon="138.2263277">
        <ele>647.4644110442573</ele>
      </trkpt>
      <trkpt lat="36.86276" lon="138.2262947">
        <ele>647.5262168763347</ele>
      </trkpt>
      <trkpt lat="36.8627723" lon="138.2262618">
        <ele>647.4594902204061</ele>
      </trkpt>
      <trkpt lat="36.8627815" lon="138.226226">
        <ele>647.1782028210597</ele>
      </trkpt>
      <trkpt lat="36.8627907" lon="138.2261902">
        <ele>646.8470591416907</ele>
      </trkpt>
      <trkpt lat="36.8627957" lon="138.2261526">
        <ele>646.3359274555343</ele>
      </trkpt>
      <trkpt lat="36.8628008" lon="138.2261151">
        <ele>645.8268925884877</ele>
      </trkpt>
      <trkpt lat="36.8628037" lon="138.2260759">
        <ele>645.2223983684244</ele>
      </trkpt>
      <trkpt lat="36.8628067" lon="138.2260367">
        <ele>644.6168210737767</ele>
      </trkpt>
      <trkpt lat="36.8628112" lon="138.225996">
        <ele>644.0051802077724</ele>
      </trkpt>
      <trkpt lat="36.8628157" lon="138.2259554">
        <ele>643.3754328250336</ele>
      </trkpt>
      <trkpt lat="36.8628227" lon="138.225915">
        <ele>642.7380837602436</ele>
      </trkpt>
      <trkpt lat="36.8628297" lon="138.2258747">
        <ele>642.0776284000921</ele>
      </trkpt>
      <trkpt lat="36.8628379" lon="138.2258364">
        <ele>641.4697397860185</ele>
      </trkpt>
      <trkpt lat="36.8628461" lon="138.2257981">
        <ele>640.8311799047711</ele>
      </trkpt>
      <trkpt lat="36.8628555" lon="138.2257626">
        <ele>640.2364404825585</ele>
      </trkpt>
      <trkpt lat="36.862865" lon="138.2257271">
        <ele>639.6156935287681</ele>
      </trkpt>
      <trkpt lat="36.8628779" lon="138.2256956">
        <ele>639.1461813206163</ele>
      </trkpt>
      <trkpt lat="36.8628908" lon="138.2256642">
        <ele>638.6626396309837</ele>
      </trkpt>
      <trkpt lat="36.8629087" lon="138.2256386">
        <ele>638.3830070101503</ele>
      </trkpt>
      <trkpt lat="36.8629266" lon="138.2256131">
        <ele>638.0901404593112</ele>
      </trkpt>
      <trkpt lat="36.8629463" lon="138.2255918">
        <ele>637.9593799403951</ele>
      </trkpt>
      <trkpt lat="36.8629661" lon="138.2255706">
        <ele>637.851684593642</ele>
      </trkpt>
      <trkpt lat="36.8629854" lon="138.2255521">
        <ele>637.7633148816897</ele>
      </trkpt>
      <trkpt lat="36.8630048" lon="138.2255336">
        <ele>637.6535041521324</ele>
      </trkpt>
      <trkpt lat="36.8630244" lon="138.2255153">
        <ele>637.5598967292777</ele>
      </trkpt>
      <trkpt lat="36.8630441" lon="138.2254971">
        <ele>637.5026780397673</ele>
      </trkpt>
      <trkpt lat="36.8630641" lon="138.2254759">
        <ele>637.366567646716</ele>
      </trkpt>
      <trkpt lat="36.8630841" lon="138.2254547">
        <ele>637.25121330462</ele>
      </trkpt>
      <trkpt lat="36.8631012" lon="138.2254283">
        <ele>637.0033875969851</ele>
      </trkpt>
      <trkpt lat="36.8631183" lon="138.2254019">
        <ele>636.8135215522126</ele>
      </trkpt>
      <trkpt lat="36.8631318" lon="138.2253712">
        <ele>636.4522346053338</ele>
      </trkpt>
      <trkpt lat="36.8631454" lon="138.2253405">
        <ele>636.1029598721432</ele>
      </trkpt>
      <trkpt lat="36.8631564" lon="138.2253069">
        <ele>635.8592364087663</ele>
      </trkpt>
      <trkpt lat="36.8631675" lon="138.2252734">
        <ele>635.5804201112913</ele>
      </trkpt>
      <trkpt lat="36.8631766" lon="138.2252369">
        <ele>635.308784789881</ele>
      </trkpt>
      <trkpt lat="36.8631857" lon="138.2252004">
        <ele>635.066807063002</ele>
      </trkpt>
      <trkpt lat="36.8631943" lon="138.2251631">
        <ele>634.8430943123328</ele>
      </trkpt>
      <trkpt lat="36.8632029" lon="138.2251258">
        <ele>634.7408081816125</ele>
      </trkpt>
      <trkpt lat="36.8632126" lon="138.2250887">
        <ele>634.6209806830228</ele>
      </trkpt>
      <trkpt lat="36.8632224" lon="138.2250516">
        <ele>634.5891978258338</ele>
      </trkpt>
      <trkpt lat="36.8632334" lon="138.2250145">
        <ele>634.5398820342523</ele>
      </trkpt>
      <trkpt lat="36.8632444" lon="138.2249775">
        <ele>634.5209820020234</ele>
      </trkpt>
      <trkpt lat="36.863254" lon="138.2249404">
        <ele>634.499585166719</ele>
      </trkpt>
      <trkpt lat="36.8632637" lon="138.2249033">
        <ele>634.4507532344891</ele>
      </trkpt>
      <trkpt lat="36.8632723" lon="138.2248652">
        <ele>634.3767624120995</ele>
      </trkpt>
      <trkpt lat="36.8632809" lon="138.2248271">
        <ele>634.3112421720666</ele>
      </trkpt>
      <trkpt lat="36.86329" lon="138.2247885">
        <ele>634.3246318918254</ele>
      </trkpt>
      <trkpt lat="36.8632992" lon="138.22475">
        <ele>634.3268447644318</ele>
      </trkpt>
      <trkpt lat="36.8633085" lon="138.2247099">
        <ele>634.2511781034068</ele>
      </trkpt>
      <trkpt lat="36.8633178" lon="138.2246699">
        <ele>634.1655397279665</ele>
      </trkpt>
      <trkpt lat="36.8633237" lon="138.2246267">
        <ele>634.0113191268418</ele>
      </trkpt>
      <trkpt lat="36.8633296" lon="138.2245836">
        <ele>633.844825603814</ele>
      </trkpt>
      <trkpt lat="36.8633291" lon="138.2245381">
        <ele>633.5183146463082</ele>
      </trkpt>
      <trkpt lat="36.8633286" lon="138.2244927">
        <ele>633.1599509600261</ele>
      </trkpt>
      <trkpt lat="36.863325" lon="138.2244478">
        <ele>632.7647192016597</ele>
      </trkpt>
      <trkpt lat="36.8633215" lon="138.2244029">
        <ele>632.3611326428041</ele>
      </trkpt>
      <trkpt lat="36.8633179" lon="138.2243582">
        <ele>631.8454183260694</ele>
      </trkpt>
      <trkpt lat="36.8633144" lon="138.2243135">
        <ele>631.3294655804173</ele>
      </trkpt>
      <trkpt lat="36.863309" lon="138.2242694">
        <ele>630.7631112866499</ele>
      </trkpt>
      <trkpt lat="36.8633036" lon="138.2242254">
        <ele>630.196480678117</ele>
      </trkpt>
      <trkpt lat="36.8632967" lon="138.2241824">
        <ele>629.6928397525352</ele>
      </trkpt>
      <trkpt lat="36.8632898" lon="138.2241395">
        <ele>629.2063941817737</ele>
      </trkpt>
      <trkpt lat="36.8632827" lon="138.2240989">
        <ele>628.7969570650497</ele>
      </trkpt>
      <trkpt lat="36.8632757" lon="138.2240584">
        <ele>628.4023185633138</ele>
      </trkpt>
      <trkpt lat="36.8632688" lon="138.2240185">
        <ele>628.0632008393991</ele>
      </trkpt>
      <trkpt lat="36.8632619" lon="138.2239786">
        <ele>627.7056630206106</ele>
      </trkpt>
      <trkpt lat="36.8632554" lon="138.2239402">
        <ele>627.4073850139516</ele>
      </trkpt>
      <trkpt lat="36.8632489" lon="138.2239018">
        <ele>627.1200185822796</ele>
      </trkpt>
      <trkpt lat="36.8632448" lon="138.2238645">
        <ele>626.8858964399421</ele>
      </trkpt>
      <trkpt lat="36.8632407" lon="138.2238273">
        <ele>626.6750308333437</ele>
      </trkpt>
      <trkpt lat="36.8632409" lon="138.2237921">
        <ele>626.4991235323723</ele>
      </trkpt>
      <trkpt lat="36.8632412" lon="138.2237569">
        <ele>626.3550050339636</ele>
      </trkpt>
      <trkpt lat="36.8632464" lon="138.2237221">
        <ele>626.2408334936819</ele>
      </trkpt>
      <trkpt lat="36.8632517" lon="138.2236874">
        <ele>626.1725416883116</ele>
      </trkpt>
      <trkpt lat="36.8632614" lon="138.2236508">
        <ele>626.1675770951712</ele>
      </trkpt>
      <trkpt lat="36.8632712" lon="138.2236142">
        <ele>626.1864099092512</ele>
      </trkpt>
      <trkpt lat="36.863284" lon="138.2235775">
        <ele>626.2469705401744</ele>
      </trkpt>
      <trkpt lat="36.8632968" lon="138.2235408">
        <ele>626.3577070122155</ele>
      </trkpt>
      <trkpt lat="36.8633113" lon="138.2235056">
        <ele>626.506845673455</ele>
      </trkpt>
      <trkpt lat="36.8633258" lon="138.2234704">
        <ele>626.673303584983</ele>
      </trkpt>
      <trkpt lat="36.8633409" lon="138.2234376">
        <ele>626.8469853061832</ele>
      </trkpt>
      <trkpt lat="36.8633561" lon="138.2234049">
        <ele>627.0290663719184</ele>
      </trkpt>
      <trkpt lat="36.8633737" lon="138.2233754">
        <ele>627.2678823851056</ele>
      </trkpt>
      <trkpt lat="36.8633913" lon="138.223346">
        <ele>627.4367604193139</ele>
      </trkpt>
      <trkpt lat="36.8634117" lon="138.2233206">
        <ele>627.6817986383048</ele>
      </trkpt>
      <trkpt lat="36.8634321" lon="138.2232952">
        <ele>627.970280689374</ele>
      </trkpt>
      <trkpt lat="36.8634537" lon="138.2232715">
        <ele>628.267165141646</ele>
      </trkpt>
      <trkpt lat="36.8634753" lon="138.2232478">
        <ele>628.5418549730448</ele>
      </trkpt>
      <trkpt lat="36.863495" lon="138.223223">
        <ele>628.7701195603247</ele>
      </trkpt>
      <trkpt lat="36.8635147" lon="138.2231983">
        <ele>628.9947008517652</ele>
      </trkpt>
      <trkpt lat="36.8635323" lon="138.2231715">
        <ele>629.081656807188</ele>
      </trkpt>
      <trkpt lat="36.8635499" lon="138.2231447">
        <ele>629.1526074595295</ele>
      </trkpt>
      <trkpt lat="36.8635672" lon="138.2231161">
        <ele>629.2025746943874</ele>
      </trkpt>
      <trkpt lat="36.8635846" lon="138.2230875">
        <ele>629.2260436347699</ele>
      </trkpt>
      <trkpt lat="36.8636022" lon="138.2230571">
        <ele>629.2306743648846</ele>
      </trkpt>
      <trkpt lat="36.8636199" lon="138.2230268">
        <ele>629.2337273411273</ele>
      </trkpt>
      <trkpt lat="36.8636369" lon="138.2229957">
        <ele>629.109215655877</ele>
      </trkpt>
      <trkpt lat="36.863654" lon="138.2229647">
        <ele>628.9883096149199</ele>
      </trkpt>
      <trkpt lat="36.8636699" lon="138.2229335">
        <ele>628.82959598275</ele>
      </trkpt>
      <trkpt lat="36.8636858" lon="138.2229023">
        <ele>628.6448454531848</ele>
      </trkpt>
      <trkpt lat="36.8637003" lon="138.2228719">
        <ele>628.4698022012565</ele>
      </trkpt>
      <trkpt lat="36.8637149" lon="138.2228416">
        <ele>628.2660754363055</ele>
      </trkpt>
      <trkpt lat="36.8637291" lon="138.2228113">
        <ele>627.9967976765714</ele>
      </trkpt>
      <trkpt lat="36.8637433" lon="138.222781">
        <ele>627.7275199787238</ele>
      </trkpt>
      <trkpt lat="36.8637569" lon="138.222751">
        <ele>627.4493471033763</ele>
      </trkpt>
      <trkpt lat="36.8637706" lon="138.2227211">
        <ele>627.1865673429414</ele>
      </trkpt>
      <trkpt lat="36.8637844" lon="138.2226907">
        <ele>626.9304606961053</ele>
      </trkpt>
      <trkpt lat="36.8637982" lon="138.2226603">
        <ele>626.6313601280807</ele>
      </trkpt>
      <trkpt lat="36.8638126" lon="138.2226284">
        <ele>626.3164479372357</ele>
      </trkpt>
      <trkpt lat="36.8638271" lon="138.2225966">
        <ele>626.0246782596329</ele>
      </trkpt>
      <trkpt lat="36.8638421" lon="138.2225633">
        <ele>625.7871512110933</ele>
      </trkpt>
      <trkpt lat="36.8638572" lon="138.2225301">
        <ele>625.5728978188849</ele>
      </trkpt>
      <trkpt lat="36.8638718" lon="138.222495">
        <ele>625.3247303937051</ele>
      </trkpt>
      <trkpt lat="36.8638865" lon="138.2224599">
        <ele>625.0969551976696</ele>
      </trkpt>
      <trkpt lat="36.8638999" lon="138.2224238">
        <ele>624.8320964613788</ele>
      </trkpt>
      <trkpt lat="36.8639134" lon="138.2223878">
        <ele>624.6490317834475</ele>
      </trkpt>
      <trkpt lat="36.8639256" lon="138.2223521">
        <ele>624.44767630975</ele>
      </trkpt>
      <trkpt lat="36.8639379" lon="138.2223165">
        <ele>624.3066471527105</ele>
      </trkpt>
      <trkpt lat="36.863948" lon="138.2222798">
        <ele>624.1024129021455</ele>
      </trkpt>
      <trkpt lat="36.8639581" lon="138.2222432">
        <ele>623.9302848745109</ele>
      </trkpt>
      <trkpt lat="36.8639645" lon="138.222205">
        <ele>623.6802160965684</ele>
      </trkpt>
      <trkpt lat="36.863971" lon="138.2221668">
        <ele>623.4390943410529</ele>
      </trkpt>
      <trkpt lat="36.8639734" lon="138.2221291">
        <ele>623.2402581465524</ele>
      </trkpt>
      <trkpt lat="36.8639758" lon="138.2220914">
        <ele>623.038351705574</ele>
      </trkpt>
      <trkpt lat="36.8639739" lon="138.2220546">
        <ele>622.8301616239837</ele>
      </trkpt>
      <trkpt lat="36.8639721" lon="138.2220179">
        <ele>622.6520823284764</ele>
      </trkpt>
      <trkpt lat="36.8639686" lon="138.2219826">
        <ele>622.5219944668621</ele>
      </trkpt>
      <trkpt lat="36.8639651" lon="138.2219473">
        <ele>622.5087844603703</ele>
      </trkpt>
      <trkpt lat="36.8639613" lon="138.2219142">
        <ele>622.4863060676963</ele>
      </trkpt>
      <trkpt lat="36.8639575" lon="138.2218811">
        <ele>622.5731733012949</ele>
      </trkpt>
      <trkpt lat="36.8639539" lon="138.2218481">
        <ele>622.6710477336314</ele>
      </trkpt>
      <trkpt lat="36.8639504" lon="138.2218152">
        <ele>622.7841884701984</ele>
      </trkpt>
      <trkpt lat="36.8639453" lon="138.2217818">
        <ele>622.8839883632033</ele>
      </trkpt>
      <trkpt lat="36.8639403" lon="138.2217484">
        <ele>622.9864095016858</ele>
      </trkpt>
      <trkpt lat="36.8639348" lon="138.221713">
        <ele>623.1364333256698</ele>
      </trkpt>
      <trkpt lat="36.8639293" lon="138.2216777">
        <ele>623.304411066729</ele>
      </trkpt>
      <trkpt lat="36.8639237" lon="138.2216419">
        <ele>623.4414726048718</ele>
      </trkpt>
      <trkpt lat="36.8639181" lon="138.2216061">
        <ele>623.5113885172187</ele>
      </trkpt>
      <trkpt lat="36.8639105" lon="138.2215705">
        <ele>623.5306271452466</ele>
      </trkpt>
      <trkpt lat="36.8639029" lon="138.2215349">
        <ele>623.586134555391</ele>
      </trkpt>
      <trkpt lat="36.8638932" lon="138.2214997">
        <ele>623.5955982283233</ele>
      </trkpt>
      <trkpt lat="36.8638836" lon="138.2214645">
        <ele>623.5863795856326</ele>
      </trkpt>
      <trkpt lat="36.8638727" lon="138.2214302">
        <ele>623.5338425687887</ele>
      </trkpt>
      <trkpt lat="36.8638619" lon="138.221396">
        <ele>623.4981106872679</ele>
      </trkpt>
      <trkpt lat="36.8638504" lon="138.2213658">
        <ele>623.476461304958</ele>
      </trkpt>
      <trkpt lat="36.863839" lon="138.2213357">
        <ele>623.456326388336</ele>
      </trkpt>
      <trkpt lat="36.8638269" lon="138.2213092">
        <ele>623.3950818838798</ele>
      </trkpt>
      <trkpt lat="36.8638149" lon="138.2212827">
        <ele>623.3799566356711</ele>
      </trkpt>
      <trkpt lat="36.8638018" lon="138.2212575">
        <ele>623.3286865995741</ele>
      </trkpt>
      <trkpt lat="36.8637888" lon="138.2212323">
        <ele>623.2796009719845</ele>
      </trkpt>
      <trkpt lat="36.8637744" lon="138.2212076">
        <ele>623.2118110970302</ele>
      </trkpt>
      <trkpt lat="36.8637601" lon="138.2211829">
        <ele>623.162581263838</ele>
      </trkpt>
      <trkpt lat="36.8637451" lon="138.2211577">
        <ele>623.078709119745</ele>
      </trkpt>
      <trkpt lat="36.8637301" lon="138.2211325">
        <ele>622.9712517061578</ele>
      </trkpt>
      <trkpt lat="36.8637158" lon="138.2211047">
        <ele>622.8547936519026</ele>
      </trkpt>
      <trkpt lat="36.8637015" lon="138.221077">
        <ele>622.751027904615</ele>
      </trkpt>
      <trkpt lat="36.863688" lon="138.2210469">
        <ele>622.6894386255925</ele>
      </trkpt>
      <trkpt lat="36.8636745" lon="138.2210168">
        <ele>622.6149309275049</ele>
      </trkpt>
      <trkpt lat="36.863659" lon="138.2209875">
        <ele>622.5067870836376</ele>
      </trkpt>
      <trkpt lat="36.8636436" lon="138.2209582">
        <ele>622.3846209587542</ele>
      </trkpt>
      <trkpt lat="36.8636281" lon="138.2209281">
        <ele>622.2088938700049</ele>
      </trkpt>
      <trkpt lat="36.8636127" lon="138.2208981">
        <ele>622.0322312932285</ele>
      </trkpt>
      <trkpt lat="36.8635982" lon="138.2208661">
        <ele>621.8502360162336</ele>
      </trkpt>
      <trkpt lat="36.8635838" lon="138.2208342">
        <ele>621.6309913578916</ele>
      </trkpt>
      <trkpt lat="36.8635693" lon="138.2208012">
        <ele>621.4122712117622</ele>
      </trkpt>
      <trkpt lat="36.8635548" lon="138.2207682">
        <ele>621.1267616230207</ele>
      </trkpt>
      <trkpt lat="36.8635416" lon="138.2207324">
        <ele>620.9273549594454</ele>
      </trkpt>
      <trkpt lat="36.8635284" lon="138.2206966">
        <ele>620.7186409696474</ele>
      </trkpt>
      <trkpt lat="36.863519" lon="138.2206593">
        <ele>620.5382973178291</ele>
      </trkpt>
      <trkpt lat="36.8635096" lon="138.2206221">
        <ele>620.3503016566699</ele>
      </trkpt>
      <trkpt lat="36.8635085" lon="138.2205843">
        <ele>620.1870063031213</ele>
      </trkpt>
      <trkpt lat="36.8635075" lon="138.2205466">
        <ele>620.0268331127435</ele>
      </trkpt>
      <trkpt lat="36.8635112" lon="138.2205072">
        <ele>619.906133211311</ele>
      </trkpt>
      <trkpt lat="36.863515" lon="138.2204679">
        <ele>619.774167555204</ele>
      </trkpt>
      <trkpt lat="36.8635207" lon="138.22043">
        <ele>619.5880644103277</ele>
      </trkpt>
      <trkpt lat="36.8635264" lon="138.2203921">
        <ele>619.3383578155198</ele>
      </trkpt>
      <trkpt lat="36.8635333" lon="138.2203556">
        <ele>619.0804081779845</ele>
      </trkpt>
      <trkpt lat="36.8635403" lon="138.2203191">
        <ele>618.7944614923532</ele>
      </trkpt>
      <trkpt lat="36.8635486" lon="138.2202847">
        <ele>618.5142328855437</ele>
      </trkpt>
      <trkpt lat="36.863557" lon="138.2202503">
        <ele>618.1554780803617</ele>
      </trkpt>
      <trkpt lat="36.8635684" lon="138.2202186">
        <ele>617.8268764860572</ele>
      </trkpt>
      <trkpt lat="36.8635799" lon="138.2201869">
        <ele>617.4657129464356</ele>
      </trkpt>
      <trkpt lat="36.863593" lon="138.2201557">
        <ele>617.0945512330611</ele>
      </trkpt>
      <trkpt lat="36.8636062" lon="138.2201245">
        <ele>616.6957009480157</ele>
      </trkpt>
      <trkpt lat="36.8636194" lon="138.2200929">
        <ele>616.2442810144688</ele>
      </trkpt>
      <trkpt lat="36.8636327" lon="138.2200614">
        <ele>615.80230215123</ele>
      </trkpt>
      <trkpt lat="36.8636452" lon="138.2200273">
        <ele>615.3167851541874</ele>
      </trkpt>
      <trkpt lat="36.8636577" lon="138.2199933">
        <ele>614.8888737914397</ele>
      </trkpt>
      <trkpt lat="36.8636685" lon="138.2199572">
        <ele>614.3975863331568</ele>
      </trkpt>
      <trkpt lat="36.8636793" lon="138.2199212">
        <ele>613.921096431541</ele>
      </trkpt>
      <trkpt lat="36.863689" lon="138.219885">
        <ele>613.4835027848202</ele>
      </trkpt>
      <trkpt lat="36.8636988" lon="138.2198488">
        <ele>613.0893143046187</ele>
      </trkpt>
      <trkpt lat="36.8637073" lon="138.2198133">
        <ele>612.7831863594248</ele>
      </trkpt>
      <trkpt lat="36.8637158" lon="138.2197779">
        <ele>612.4779904849834</ele>
      </trkpt>
      <trkpt lat="36.8637225" lon="138.2197426">
        <ele>612.2115287462436</ele>
      </trkpt>
      <trkpt lat="36.8637293" lon="138.2197073">
        <ele>611.958737237216</ele>
      </trkpt>
      <trkpt lat="36.8637314" lon="138.2196704">
        <ele>611.7178812936943</ele>
      </trkpt>
      <trkpt lat="36.8637336" lon="138.2196336">
        <ele>611.5766975386317</ele>
      </trkpt>
      <trkpt lat="36.8637295" lon="138.219597">
        <ele>611.4209102796056</ele>
      </trkpt>
      <trkpt lat="36.8637254" lon="138.2195604">
        <ele>611.3202633816755</ele>
      </trkpt>
      <trkpt lat="36.8637153" lon="138.2195219">
        <ele>611.2011358757044</ele>
      </trkpt>
      <trkpt lat="36.8637053" lon="138.2194834">
        <ele>611.0886300012967</ele>
      </trkpt>
      <trkpt lat="36.8636911" lon="138.2194426">
        <ele>610.9462147524716</ele>
      </trkpt>
      <trkpt lat="36.8636769" lon="138.2194018">
        <ele>610.9007485134296</ele>
      </trkpt>
      <trkpt lat="36.8636628" lon="138.2193596">
        <ele>610.8101940440149</ele>
      </trkpt>
      <trkpt lat="36.8636487" lon="138.2193174">
        <ele>610.6994488825154</ele>
      </trkpt>
      <trkpt lat="36.8636362" lon="138.2192745">
        <ele>610.5601182309781</ele>
      </trkpt>
      <trkpt lat="36.8636238" lon="138.2192317">
        <ele>610.3331272598742</ele>
      </trkpt>
      <trkpt lat="36.8636137" lon="138.2191903">
        <ele>610.1470351019882</ele>
      </trkpt>
      <trkpt lat="36.8636037" lon="138.219149">
        <ele>609.9653817202902</ele>
      </trkpt>
      <trkpt lat="36.8635973" lon="138.2191097">
        <ele>609.7109180591074</ele>
      </trkpt>
      <trkpt lat="36.863591" lon="138.2190704">
        <ele>609.4273495954426</ele>
      </trkpt>
      <trkpt lat="36.8635887" lon="138.2190328">
        <ele>609.007772929732</ele>
      </trkpt>
      <trkpt lat="36.8635864" lon="138.2189953">
        <ele>608.5864874577079</ele>
      </trkpt>
      <trkpt lat="36.863587" lon="138.2189563">
        <ele>608.0992392268274</ele>
      </trkpt>
      <trkpt lat="36.8635877" lon="138.2189174">
        <ele>607.6125370270512</ele>
      </trkpt>
      <trkpt lat="36.8635902" lon="138.2188765">
        <ele>607.0770719396014</ele>
      </trkpt>
      <trkpt lat="36.8635927" lon="138.2188356">
        <ele>606.5450764744628</ele>
      </trkpt>
      <trkpt lat="36.8635952" lon="138.2187942">
        <ele>606.0835021264808</ele>
      </trkpt>
      <trkpt lat="36.8635977" lon="138.2187528">
        <ele>605.6652231975195</ele>
      </trkpt>
      <trkpt lat="36.863598" lon="138.2187116">
        <ele>605.3049358113426</ele>
      </trkpt>
      <trkpt lat="36.8635984" lon="138.2186705">
        <ele>604.9650077137268</ele>
      </trkpt>
      <trkpt lat="36.8635946" lon="138.2186296">
        <ele>604.7064542340364</ele>
      </trkpt>
      <trkpt lat="36.8635908" lon="138.2185887">
        <ele>604.4876766101698</ele>
      </trkpt>
      <trkpt lat="36.86358" lon="138.2185512">
        <ele>604.2992388954355</ele>
      </trkpt>
      <trkpt lat="36.8635693" lon="138.2185138">
        <ele>604.1395646437891</ele>
      </trkpt>
      <trkpt lat="36.8635505" lon="138.2184812">
        <ele>603.9144422794863</ele>
      </trkpt>
      <trkpt lat="36.8635318" lon="138.2184486">
        <ele>603.8154259832543</ele>
      </trkpt>
      <trkpt lat="36.8635083" lon="138.2184206">
        <ele>603.6498640301762</ele>
      </trkpt>
      <trkpt lat="36.8634849" lon="138.2183926">
        <ele>603.3962814579853</ele>
      </trkpt>
      <trkpt lat="36.8634594" lon="138.2183676">
        <ele>603.2686701673201</ele>
      </trkpt>
      <trkpt lat="36.863434" lon="138.2183427">
        <ele>603.0348874612972</ele>
      </trkpt>
      <trkpt lat="36.8634074" lon="138.2183191">
        <ele>602.7818591865007</ele>
      </trkpt>
      <trkpt lat="36.8633809" lon="138.2182955">
        <ele>602.6273492942004</ele>
      </trkpt>
      <trkpt lat="36.8633552" lon="138.2182721">
        <ele>602.4311268694686</ele>
      </trkpt>
      <trkpt lat="36.8633296" lon="138.2182488">
        <ele>602.3365440159662</ele>
      </trkpt>
      <trkpt lat="36.8633059" lon="138.2182259">
        <ele>602.2292152243001</ele>
      </trkpt>
      <trkpt lat="36.8632823" lon="138.218203">
        <ele>602.0898490304717</ele>
      </trkpt>
      <trkpt lat="36.8632632" lon="138.2181792">
        <ele>601.9953210042733</ele>
      </trkpt>
      <trkpt lat="36.8632441" lon="138.2181555">
        <ele>601.8870160922838</ele>
      </trkpt>
      <trkpt lat="36.8632316" lon="138.2181277">
        <ele>601.6010048557828</ele>
      </trkpt>
      <trkpt lat="36.8632191" lon="138.2180999">
        <ele>601.3488056319744</ele>
      </trkpt>
      <trkpt lat="36.863213" lon="138.218068">
        <ele>600.9412894274858</ele>
      </trkpt>
      <trkpt lat="36.863207" lon="138.2180361">
        <ele>600.596038732347</ele>
      </trkpt>
      <trkpt lat="36.8632058" lon="138.2180028">
        <ele>600.2280683039752</ele>
      </trkpt>
      <trkpt lat="36.8632047" lon="138.2179696">
        <ele>599.8581596702932</ele>
      </trkpt>
      <trkpt lat="36.8632068" lon="138.217936">
        <ele>599.5592104547482</ele>
      </trkpt>
      <trkpt lat="36.863209" lon="138.2179025">
        <ele>599.2870083953321</ele>
      </trkpt>
      <trkpt lat="36.8632121" lon="138.2178671">
        <ele>599.0392688991636</ele>
      </trkpt>
      <trkpt lat="36.8632153" lon="138.2178318">
        <ele>598.8645017281062</ele>
      </trkpt>
      <trkpt lat="36.8632203" lon="138.2177947">
        <ele>598.6801261220743</ele>
      </trkpt>
      <trkpt lat="36.8632253" lon="138.2177577">
        <ele>598.5746255088602</ele>
      </trkpt>
      <trkpt lat="36.8632291" lon="138.2177198">
        <ele>598.4752447720155</ele>
      </trkpt>
      <trkpt lat="36.8632329" lon="138.217682">
        <ele>598.4048516826244</ele>
      </trkpt>
      <trkpt lat="36.8632319" lon="138.2176437">
        <ele>598.3631414054437</ele>
      </trkpt>
      <trkpt lat="36.8632309" lon="138.2176054">
        <ele>598.3519801076793</ele>
      </trkpt>
      <trkpt lat="36.8632258" lon="138.2175674">
        <ele>598.4023238693507</ele>
      </trkpt>
      <trkpt lat="36.8632208" lon="138.2175294">
        <ele>598.4542902787362</ele>
      </trkpt>
      <trkpt lat="36.8632143" lon="138.217494">
        <ele>598.4845874881659</ele>
      </trkpt>
      <trkpt lat="36.8632078" lon="138.2174587">
        <ele>598.5335448677652</ele>
      </trkpt>
      <trkpt lat="36.8632012" lon="138.2174246">
        <ele>598.6222273134493</ele>
      </trkpt>
      <trkpt lat="36.8631946" lon="138.2173905">
        <ele>598.6948925335616</ele>
      </trkpt>
      <trkpt lat="36.8631897" lon="138.2173577">
        <ele>598.7093731388724</ele>
      </trkpt>
      <trkpt lat="36.8631848" lon="138.217325">
        <ele>598.5995555356693</ele>
      </trkpt>
      <trkpt lat="36.8631817" lon="138.2172924">
        <ele>598.4660155098961</ele>
      </trkpt>
      <trkpt lat="36.8631787" lon="138.2172599">
        <ele>598.2892562856997</ele>
      </trkpt>
      <trkpt lat="36.863176" lon="138.2172254">
        <ele>598.0534933383059</ele>
      </trkpt>
      <trkpt lat="36.8631734" lon="138.2171909">
        <ele>597.8030954703513</ele>
      </trkpt>
      <trkpt lat="36.8631696" lon="138.2171543">
        <ele>597.3309644767636</ele>
      </trkpt>
      <trkpt lat="36.8631658" lon="138.2171177">
        <ele>596.8541141417791</ele>
      </trkpt>
      <trkpt lat="36.8631603" lon="138.2170799">
        <ele>596.3409234958795</ele>
      </trkpt>
      <trkpt lat="36.8631548" lon="138.2170421">
        <ele>595.8047280810057</ele>
      </trkpt>
      <trkpt lat="36.8631488" lon="138.2170034">
        <ele>595.2933833527471</ele>
      </trkpt>
      <trkpt lat="36.8631429" lon="138.2169648">
        <ele>594.8529568886204</ele>
      </trkpt>
      <trkpt lat="36.8631374" lon="138.2169265">
        <ele>594.481575760329</ele>
      </trkpt>
      <trkpt lat="36.863132" lon="138.2168882">
        <ele>594.2022019446879</ele>
      </trkpt>
      <trkpt lat="36.8631302" lon="138.2168517">
        <ele>593.8939493081547</ele>
      </trkpt>
      <trkpt lat="36.8631285" lon="138.2168152">
        <ele>593.7410128394245</ele>
      </trkpt>
      <trkpt lat="36.8631308" lon="138.2167806">
        <ele>593.5512193282069</ele>
      </trkpt>
      <trkpt lat="36.8631332" lon="138.216746">
        <ele>593.4365009625294</ele>
      </trkpt>
      <trkpt lat="36.8631405" lon="138.216714">
        <ele>593.3164812402772</ele>
      </trkpt>
      <trkpt lat="36.8631478" lon="138.216682">
        <ele>593.2547831407041</ele>
      </trkpt>
      <trkpt lat="36.8631596" lon="138.2166537">
        <ele>593.2268773786395</ele>
      </trkpt>
      <trkpt lat="36.8631715" lon="138.2166254">
        <ele>593.1818995474977</ele>
      </trkpt>
      <trkpt lat="36.8631851" lon="138.2165995">
        <ele>593.0803183247255</ele>
      </trkpt>
      <trkpt lat="36.8631988" lon="138.2165736">
        <ele>592.9987154002072</ele>
      </trkpt>
      <trkpt lat="36.8632109" lon="138.216546">
        <ele>592.9532859538429</ele>
      </trkpt>
      <trkpt lat="36.8632231" lon="138.2165185">
        <ele>592.9702245289966</ele>
      </trkpt>
      <trkpt lat="36.8632352" lon="138.2164878">
        <ele>592.962874135182</ele>
      </trkpt>
      <trkpt lat="36.8632473" lon="138.2164572">
        <ele>592.9360217460605</ele>
      </trkpt>
      <trkpt lat="36.8632593" lon="138.2164244">
        <ele>592.8890528548299</ele>
      </trkpt>
      <trkpt lat="36.8632713" lon="138.2163916">
        <ele>592.8188746223955</ele>
      </trkpt>
      <trkpt lat="36.8632805" lon="138.2163577">
        <ele>592.7630463515641</ele>
      </trkpt>
      <trkpt lat="36.8632898" lon="138.2163239">
        <ele>592.7322245879984</ele>
      </trkpt>
      <trkpt lat="36.8632955" lon="138.2162881">
        <ele>592.6768687316619</ele>
      </trkpt>
      <trkpt lat="36.8633012" lon="138.2162523">
        <ele>592.6076642946971</ele>
      </trkpt>
      <trkpt lat="36.8633032" lon="138.2162146">
        <ele>592.5208646748631</ele>
      </trkpt>
      <trkpt lat="36.8633053" lon="138.2161769">
        <ele>592.422310376374</ele>
      </trkpt>
      <trkpt lat="36.8633049" lon="138.2161397">
        <ele>592.2318869142607</ele>
      </trkpt>
      <trkpt lat="36.8633045" lon="138.2161025">
        <ele>591.9604126662268</ele>
      </trkpt>
      <trkpt lat="36.863304" lon="138.2160658">
        <ele>591.6709529497309</ele>
      </trkpt>
      <trkpt lat="36.8633035" lon="138.2160292">
        <ele>591.3211009379187</ele>
      </trkpt>
      <trkpt lat="36.8633042" lon="138.2159926">
        <ele>590.9544467147019</ele>
      </trkpt>
      <trkpt lat="36.863305" lon="138.2159561">
        <ele>590.4280901778786</ele>
      </trkpt>
      <trkpt lat="36.8633068" lon="138.2159199">
        <ele>589.8775150709637</ele>
      </trkpt>
      <trkpt lat="36.8633086" lon="138.2158838">
        <ele>589.2992411928266</ele>
      </trkpt>
      <trkpt lat="36.8633125" lon="138.2158487">
        <ele>588.6856830135453</ele>
      </trkpt>
      <trkpt lat="36.8633165" lon="138.2158136">
        <ele>588.0691705268994</ele>
      </trkpt>
      <trkpt lat="36.8633239" lon="138.2157785">
        <ele>587.3614104352908</ele>
      </trkpt>
      <trkpt lat="36.8633313" lon="138.2157434">
        <ele>586.6448366717453</ele>
      </trkpt>
      <trkpt lat="36.8633424" lon="138.2157083">
        <ele>585.8827834394705</ele>
      </trkpt>
      <trkpt lat="36.8633536" lon="138.2156733">
        <ele>585.2421271990995</ele>
      </trkpt>
      <trkpt lat="36.8633658" lon="138.2156373">
        <ele>584.65362609057</ele>
      </trkpt>
      <trkpt lat="36.863378" lon="138.2156014">
        <ele>584.0227334152454</ele>
      </trkpt>
      <trkpt lat="36.863391" lon="138.2155628">
        <ele>583.360633864861</ele>
      </trkpt>
      <trkpt lat="36.8634041" lon="138.2155243">
        <ele>582.7251468376735</ele>
      </trkpt>
      <trkpt lat="36.8634164" lon="138.2154858">
        <ele>582.0914028251615</ele>
      </trkpt>
      <trkpt lat="36.8634288" lon="138.2154474">
        <ele>581.5949810303271</ele>
      </trkpt>
      <trkpt lat="36.863438" lon="138.2154107">
        <ele>581.0696274232541</ele>
      </trkpt>
      <trkpt lat="36.8634472" lon="138.215374">
        <ele>580.5586300720007</ele>
      </trkpt>
      <trkpt lat="36.8634512" lon="138.2153373">
        <ele>580.0124340598015</ele>
      </trkpt>
      <trkpt lat="36.8634552" lon="138.2153006">
        <ele>579.4676540742164</ele>
      </trkpt>
      <trkpt lat="36.8634573" lon="138.2152638">
        <ele>578.9119856173195</ele>
      </trkpt>
      <trkpt lat="36.8634594" lon="138.215227">
        <ele>578.3536948432212</ele>
      </trkpt>
      <trkpt lat="36.8634621" lon="138.2151908">
        <ele>577.8505728570639</ele>
      </trkpt>
      <trkpt lat="36.8634649" lon="138.2151546">
        <ele>577.3567847150169</ele>
      </trkpt>
      <trkpt lat="36.8634691" lon="138.2151188">
        <ele>576.8735609781916</ele>
      </trkpt>
      <trkpt lat="36.8634733" lon="138.2150831">
        <ele>576.3816086416299</ele>
      </trkpt>
      <trkpt lat="36.8634799" lon="138.2150485">
        <ele>575.910058569718</ele>
      </trkpt>
      <trkpt lat="36.8634866" lon="138.215014">
        <ele>575.5126183597587</ele>
      </trkpt>
      <trkpt lat="36.8634952" lon="138.2149788">
        <ele>575.1524529398889</ele>
      </trkpt>
      <trkpt lat="36.8635039" lon="138.2149436">
        <ele>574.7727066967345</ele>
      </trkpt>
      <trkpt lat="36.8635148" lon="138.2149085">
        <ele>574.3921274256284</ele>
      </trkpt>
      <trkpt lat="36.8635257" lon="138.2148734">
        <ele>573.9870028917833</ele>
      </trkpt>
      <trkpt lat="36.8635381" lon="138.2148407">
        <ele>573.645120533832</ele>
      </trkpt>
      <trkpt lat="36.8635506" lon="138.2148081">
        <ele>573.2637354584007</ele>
      </trkpt>
      <trkpt lat="36.8635634" lon="138.2147788">
        <ele>572.9650121839732</ele>
      </trkpt>
      <trkpt lat="36.8635763" lon="138.2147496">
        <ele>572.6327494060586</ele>
      </trkpt>
      <trkpt lat="36.8635878" lon="138.2147199">
        <ele>572.2422325889163</ele>
      </trkpt>
      <trkpt lat="36.8635993" lon="138.2146903">
        <ele>571.8282664834496</ele>
      </trkpt>
      <trkpt lat="36.8636091" lon="138.2146571">
        <ele>571.3299921023192</ele>
      </trkpt>
      <trkpt lat="36.863619" lon="138.214624">
        <ele>570.8118350742591</ele>
      </trkpt>
      <trkpt lat="36.8636274" lon="138.2145897">
        <ele>570.2227515999944</ele>
      </trkpt>
      <trkpt lat="36.8636358" lon="138.2145555">
        <ele>569.6314373779767</ele>
      </trkpt>
      <trkpt lat="36.8636437" lon="138.2145205">
        <ele>569.0259138159654</ele>
      </trkpt>
      <trkpt lat="36.8636516" lon="138.2144855">
        <ele>568.43806705519</ele>
      </trkpt>
      <trkpt lat="36.8636595" lon="138.2144498">
        <ele>567.8085080615615</ele>
      </trkpt>
      <trkpt lat="36.8636675" lon="138.2144141">
        <ele>567.2106734150449</ele>
      </trkpt>
      <trkpt lat="36.863677" lon="138.2143798">
        <ele>566.6326713564491</ele>
      </trkpt>
      <trkpt lat="36.8636865" lon="138.2143456">
        <ele>566.0672869560087</ele>
      </trkpt>
      <trkpt lat="36.8636976" lon="138.2143152">
        <ele>565.650035231937</ele>
      </trkpt>
      <trkpt lat="36.8637088" lon="138.2142848">
        <ele>565.2493281878565</ele>
      </trkpt>
      <trkpt lat="36.8637217" lon="138.2142572">
        <ele>564.9087044420023</ele>
      </trkpt>
      <trkpt lat="36.8637347" lon="138.2142297">
        <ele>564.5415358174059</ele>
      </trkpt>
      <trkpt lat="36.8637514" lon="138.2142063">
        <ele>564.214465179842</ele>
      </trkpt>
      <trkpt lat="36.8637682" lon="138.214183">
        <ele>563.9035662191932</ele>
      </trkpt>
      <trkpt lat="36.8637904" lon="138.2141633">
        <ele>563.7508381938812</ele>
      </trkpt>
      <trkpt lat="36.8638126" lon="138.2141437">
        <ele>563.5406246829805</ele>
      </trkpt>
      <trkpt lat="36.8638398" lon="138.2141262">
        <ele>563.365880506753</ele>
      </trkpt>
      <trkpt lat="36.8638671" lon="138.2141087">
        <ele>563.1774997302151</ele>
      </trkpt>
      <trkpt lat="36.8638966" lon="138.2140911">
        <ele>562.937365546842</ele>
      </trkpt>
      <trkpt lat="36.8639261" lon="138.2140735">
        <ele>562.5649968289799</ele>
      </trkpt>
      <trkpt lat="36.8639555" lon="138.2140539">
        <ele>562.1038144162204</ele>
      </trkpt>
      <trkpt lat="36.8639849" lon="138.2140343">
        <ele>561.6600971844321</ele>
      </trkpt>
      <trkpt lat="36.8640139" lon="138.2140142">
        <ele>561.1909599487951</ele>
      </trkpt>
      <trkpt lat="36.864043" lon="138.2139941">
        <ele>560.6953746250912</ele>
      </trkpt>
      <trkpt lat="36.8640704" lon="138.2139736">
        <ele>560.1724275432892</ele>
      </trkpt>
      <trkpt lat="36.8640978" lon="138.2139532">
        <ele>559.6144889164239</ele>
      </trkpt>
      <trkpt lat="36.8641232" lon="138.2139345">
        <ele>559.128033474856</ele>
      </trkpt>
      <trkpt lat="36.8641486" lon="138.2139159">
        <ele>558.602641857317</ele>
      </trkpt>
      <trkpt lat="36.8641723" lon="138.2138971">
        <ele>558.0089510288933</ele>
      </trkpt>
      <trkpt lat="36.8641961" lon="138.2138783">
        <ele>557.3780682076361</ele>
      </trkpt>
      <trkpt lat="36.8642179" lon="138.2138566">
        <ele>556.6215492897564</ele>
      </trkpt>
      <trkpt lat="36.8642398" lon="138.213835">
        <ele>555.8529473992371</ele>
      </trkpt>
      <trkpt lat="36.8642601" lon="138.2138106">
        <ele>554.9321946781292</ele>
      </trkpt>
      <trkpt lat="36.8642804" lon="138.2137863">
        <ele>553.9980258235965</ele>
      </trkpt>
      <trkpt lat="36.8643006" lon="138.2137645">
        <ele>553.1430283688343</ele>
      </trkpt>
      <trkpt lat="36.8643208" lon="138.2137427">
        <ele>552.2588528976321</ele>
      </trkpt>
      <trkpt lat="36.8643415" lon="138.2137242">
        <ele>551.4872801165106</ele>
      </trkpt>
      <trkpt lat="36.8643622" lon="138.2137058">
        <ele>550.7195520980293</ele>
      </trkpt>
      <trkpt lat="36.8643847" lon="138.2136937">
        <ele>550.1729656397745</ele>
      </trkpt>
      <trkpt lat="36.8644073" lon="138.2136817">
        <ele>549.5839625296312</ele>
      </trkpt>
      <trkpt lat="36.8644334" lon="138.2136747">
        <ele>549.1575418462993</ele>
      </trkpt>
      <trkpt lat="36.8644596" lon="138.2136677">
        <ele>548.7215684479426</ele>
      </trkpt>
      <trkpt lat="36.86449" lon="138.2136626">
        <ele>548.3033381739885</ele>
      </trkpt>
      <trkpt lat="36.8645204" lon="138.2136576">
        <ele>547.873183346214</ele>
      </trkpt>
      <trkpt lat="36.8645533" lon="138.2136533">
        <ele>547.4203934479046</ele>
      </trkpt>
      <trkpt lat="36.8645862" lon="138.2136491">
        <ele>546.9675198514492</ele>
      </trkpt>
      <trkpt lat="36.8646211" lon="138.2136451">
        <ele>546.4579656942758</ele>
      </trkpt>
      <trkpt lat="36.864656" lon="138.2136412">
        <ele>545.9613640708243</ele>
      </trkpt>
      <trkpt lat="36.8646905" lon="138.2136393">
        <ele>545.6174714106207</ele>
      </trkpt>
      <trkpt lat="36.8647251" lon="138.2136374">
        <ele>545.2804245634445</ele>
      </trkpt>
      <trkpt lat="36.8647577" lon="138.2136413">
        <ele>545.2583896569673</ele>
      </trkpt>
      <trkpt lat="36.8647904" lon="138.2136453">
        <ele>545.2516550798932</ele>
      </trkpt>
      <trkpt lat="36.8648206" lon="138.2136511">
        <ele>545.4399973944821</ele>
      </trkpt>
      <trkpt lat="36.8648509" lon="138.213657">
        <ele>545.6384095766526</ele>
      </trkpt>
      <trkpt lat="36.8648797" lon="138.2136631">
        <ele>545.9132118563377</ele>
      </trkpt>
      <trkpt lat="36.8649085" lon="138.2136693">
        <ele>546.2236881001318</ele>
      </trkpt>
      <trkpt lat="36.864937" lon="138.2136734">
        <ele>546.4688956508489</ele>
      </trkpt>
      <trkpt lat="36.8649656" lon="138.2136775">
        <ele>546.7685059993831</ele>
      </trkpt>
      <trkpt lat="36.8649946" lon="138.2136765">
        <ele>546.8041910221391</ele>
      </trkpt>
      <trkpt lat="36.8650236" lon="138.2136756">
        <ele>546.8800244336896</ele>
      </trkpt>
      <trkpt lat="36.8650522" lon="138.2136679">
        <ele>546.6222742526526</ele>
      </trkpt>
      <trkpt lat="36.8650809" lon="138.2136603">
        <ele>546.359314993351</ele>
      </trkpt>
      <trkpt lat="36.8651069" lon="138.2136493">
        <ele>545.9095876368235</ele>
      </trkpt>
      <trkpt lat="36.8651329" lon="138.2136383">
        <ele>545.4597294365058</ele>
      </trkpt>
      <trkpt lat="36.8651569" lon="138.2136316">
        <ele>545.1396807398648</ele>
      </trkpt>
      <trkpt lat="36.865181" lon="138.213625">
        <ele>544.8244088898414</ele>
      </trkpt>
      <trkpt lat="36.8652047" lon="138.2136225">
        <ele>544.701140872673</ele>
      </trkpt>
      <trkpt lat="36.8652284" lon="138.2136201">
        <ele>544.5599804300238</ele>
      </trkpt>
      <trkpt lat="36.8652525" lon="138.2136186">
        <ele>544.4636957278595</ele>
      </trkpt>
      <trkpt lat="36.8652766" lon="138.2136172">
        <ele>544.3403670778666</ele>
      </trkpt>
      <trkpt lat="36.8653017" lon="138.2136137">
        <ele>544.0240515755366</ele>
      </trkpt>
      <trkpt lat="36.8653268" lon="138.2136103">
        <ele>543.7151648650605</ele>
      </trkpt>
      <trkpt lat="36.8653531" lon="138.2136022">
        <ele>543.1533553912515</ele>
      </trkpt>
      <trkpt lat="36.8653795" lon="138.2135941">
        <ele>542.5627596128938</ele>
      </trkpt>
      <trkpt lat="36.8654065" lon="138.213582">
        <ele>541.8073682050688</ele>
      </trkpt>
      <trkpt lat="36.8654336" lon="138.2135699">
        <ele>540.9491725824544</ele>
      </trkpt>
      <trkpt lat="36.86546" lon="138.2135567">
        <ele>540.049514532043</ele>
      </trkpt>
      <trkpt lat="36.8654864" lon="138.2135436">
        <ele>539.1614282450716</ele>
      </trkpt>
      <trkpt lat="36.8655106" lon="138.2135297">
        <ele>538.270631839608</ele>
      </trkpt>
      <trkpt lat="36.8655348" lon="138.2135159">
        <ele>537.3727144870547</ele>
      </trkpt>
      <trkpt lat="36.8655589" lon="138.2135026">
        <ele>536.5064958232927</ele>
      </trkpt>
      <trkpt lat="36.8655831" lon="138.2134894">
        <ele>535.680977864632</ele>
      </trkpt>
      <trkpt lat="36.8656103" lon="138.21348">
        <ele>534.9601750643432</ele>
      </trkpt>
      <trkpt lat="36.8656376" lon="138.2134707">
        <ele>534.2847962166422</ele>
      </trkpt>
      <trkpt lat="36.8656668" lon="138.2134652">
        <ele>533.7564469634093</ele>
      </trkpt>
      <trkpt lat="36.8656961" lon="138.2134597">
        <ele>533.2780564751358</ele>
      </trkpt>
      <trkpt lat="36.8657279" lon="138.2134584">
        <ele>533.0150137396338</ele>
      </trkpt>
      <trkpt lat="36.8657598" lon="138.2134571">
        <ele>532.7892069762979</ele>
      </trkpt>
      <trkpt lat="36.8657921" lon="138.2134572">
        <ele>532.7234179923939</ele>
      </trkpt>
      <trkpt lat="36.8658245" lon="138.2134574">
        <ele>532.686711859471</ele>
      </trkpt>
      <trkpt lat="36.8658564" lon="138.2134568">
        <ele>532.7544565870434</ele>
      </trkpt>
      <trkpt lat="36.8658883" lon="138.2134562">
        <ele>532.8225373709132</ele>
      </trkpt>
      <trkpt lat="36.8659196" lon="138.2134535">
        <ele>532.9168346094359</ele>
      </trkpt>
      <trkpt lat="36.8659509" lon="138.2134509">
        <ele>533.0180876110936</ele>
      </trkpt>
      <trkpt lat="36.8659801" lon="138.213447">
        <ele>533.0554934745135</ele>
      </trkpt>
      <trkpt lat="36.8660093" lon="138.2134431">
        <ele>533.0967637946557</ele>
      </trkpt>
      <trkpt lat="36.8660366" lon="138.2134388">
        <ele>533.0969695564203</ele>
      </trkpt>
      <trkpt lat="36.866064" lon="138.2134346">
        <ele>533.0819477450802</ele>
      </trkpt>
      <trkpt lat="36.8660919" lon="138.2134298">
        <ele>533.0505220365127</ele>
      </trkpt>
      <trkpt lat="36.8661198" lon="138.2134251">
        <ele>532.8497731966396</ele>
      </trkpt>
      <trkpt lat="36.8661497" lon="138.2134215">
        <ele>532.6694789020163</ele>
      </trkpt>
      <trkpt lat="36.8661796" lon="138.2134179">
        <ele>532.4847506657721</ele>
      </trkpt>
      <trkpt lat="36.86621" lon="138.2134157">
        <ele>532.3533312868572</ele>
      </trkpt>
      <trkpt lat="36.8662404" lon="138.2134136">
        <ele>532.2021257838379</ele>
      </trkpt>
      <trkpt lat="36.8662705" lon="138.2134115">
        <ele>531.9920601481535</ele>
      </trkpt>
      <trkpt lat="36.8663006" lon="138.2134094">
        <ele>531.7846607754008</ele>
      </trkpt>
      <trkpt lat="36.8663309" lon="138.2134083">
        <ele>531.655398793519</ele>
      </trkpt>
      <trkpt lat="36.8663613" lon="138.2134073">
        <ele>531.5295737895193</ele>
      </trkpt>
      <trkpt lat="36.8663921" lon="138.2134087">
        <ele>531.5960285548097</ele>
      </trkpt>
      <trkpt lat="36.8664229" lon="138.2134102">
        <ele>531.6988000842473</ele>
      </trkpt>
      <trkpt lat="36.8664543" lon="138.2134125">
        <ele>531.9004947618898</ele>
      </trkpt>
      <trkpt lat="36.8664858" lon="138.2134148">
        <ele>532.1679953082096</ele>
      </trkpt>
      <trkpt lat="36.8665168" lon="138.2134175">
        <ele>532.4453871652906</ele>
      </trkpt>
      <trkpt lat="36.8665478" lon="138.2134203">
        <ele>532.7014763933985</ele>
      </trkpt>
      <trkpt lat="36.8665775" lon="138.2134252">
        <ele>533.0405794683222</ele>
      </trkpt>
      <trkpt lat="36.8666072" lon="138.2134301">
        <ele>533.3305601127936</ele>
      </trkpt>
      <trkpt lat="36.8666358" lon="138.2134376">
        <ele>533.7221630538708</ele>
      </trkpt>
      <trkpt lat="36.8666644" lon="138.2134451">
        <ele>533.9652954286206</ele>
      </trkpt>
      <trkpt lat="36.8666924" lon="138.2134544">
        <ele>534.2330369873675</ele>
      </trkpt>
      <trkpt lat="36.8667204" lon="138.2134638">
        <ele>534.4608998960487</ele>
      </trkpt>
      <trkpt lat="36.8667462" lon="138.2134732">
        <ele>534.5871497568776</ele>
      </trkpt>
      <trkpt lat="36.866772" lon="138.2134826">
        <ele>534.6887104007513</ele>
      </trkpt>
      <trkpt lat="36.8667945" lon="138.2134938">
        <ele>534.7878796595655</ele>
      </trkpt>
      <trkpt lat="36.8668171" lon="138.213505">
        <ele>534.835696570705</ele>
      </trkpt>
      <trkpt lat="36.8668387" lon="138.2135188">
        <ele>535.0230951350645</ele>
      </trkpt>
      <trkpt lat="36.8668604" lon="138.2135327">
        <ele>535.1409577203917</ele>
      </trkpt>
      <trkpt lat="36.8668825" lon="138.213547">
        <ele>535.2091355586892</ele>
      </trkpt>
      <trkpt lat="36.8669047" lon="138.2135614">
        <ele>535.2790609655436</ele>
      </trkpt>
      <trkpt lat="36.8669266" lon="138.2135753">
        <ele>535.2900656820544</ele>
      </trkpt>
      <trkpt lat="36.8669486" lon="138.2135892">
        <ele>535.2171791548702</ele>
      </trkpt>
      <trkpt lat="36.8669703" lon="138.2136026">
        <ele>535.1500730452206</ele>
      </trkpt>
      <trkpt lat="36.866992" lon="138.213616">
        <ele>535.0656592185452</ele>
      </trkpt>
      <trkpt lat="36.8670159" lon="138.2136289">
        <ele>534.8576198299584</ele>
      </trkpt>
      <trkpt lat="36.8670399" lon="138.2136418">
        <ele>534.635966393125</ele>
      </trkpt>
      <trkpt lat="36.867068" lon="138.213655">
        <ele>534.2640237749101</ele>
      </trkpt>
      <trkpt lat="36.8670962" lon="138.2136683">
        <ele>533.8618131822216</ele>
      </trkpt>
      <trkpt lat="36.8671254" lon="138.2136802">
        <ele>533.3883497667039</ele>
      </trkpt>
      <trkpt lat="36.8671546" lon="138.2136921">
        <ele>532.9658074076297</ele>
      </trkpt>
      <trkpt lat="36.8671835" lon="138.213702">
        <ele>532.4666600478823</ele>
      </trkpt>
      <trkpt lat="36.8672125" lon="138.2137119">
        <ele>531.9798012641172</ele>
      </trkpt>
      <trkpt lat="36.8672415" lon="138.2137224">
        <ele>531.5175684916373</ele>
      </trkpt>
      <trkpt lat="36.8672706" lon="138.2137329">
        <ele>531.0642519455416</ele>
      </trkpt>
      <trkpt lat="36.8672977" lon="138.2137458">
        <ele>530.8159994537956</ele>
      </trkpt>
      <trkpt lat="36.8673248" lon="138.2137588">
        <ele>530.5727436442121</ele>
      </trkpt>
      <trkpt lat="36.8673521" lon="138.2137738">
        <ele>530.4678327761463</ele>
      </trkpt>
      <trkpt lat="36.8673794" lon="138.2137888">
        <ele>530.3569276023997</ele>
      </trkpt>
      <trkpt lat="36.8674086" lon="138.213805">
        <ele>530.2578968961029</ele>
      </trkpt>
      <trkpt lat="36.8674379" lon="138.2138213">
        <ele>530.2012515199585</ele>
      </trkpt>
      <trkpt lat="36.8674696" lon="138.2138374">
        <ele>530.0630813602372</ele>
      </trkpt>
      <trkpt lat="36.8675014" lon="138.2138535">
        <ele>530.0244238518732</ele>
      </trkpt>
      <trkpt lat="36.8675346" lon="138.2138683">
        <ele>529.874508803875</ele>
      </trkpt>
      <trkpt lat="36.8675678" lon="138.2138832">
        <ele>529.7204008301426</ele>
      </trkpt>
      <trkpt lat="36.8676031" lon="138.21389">
        <ele>529.1599963176905</ele>
      </trkpt>
      <trkpt lat="36.8676385" lon="138.2138969">
        <ele>528.5331761924663</ele>
      </trkpt>
      <trkpt lat="36.8676728" lon="138.213895">
        <ele>527.5689902112962</ele>
      </trkpt>
      <trkpt lat="36.8677071" lon="138.2138931">
        <ele>526.6392102853484</ele>
      </trkpt>
      <trkpt lat="36.8677369" lon="138.2138866">
        <ele>525.6595506859215</ele>
      </trkpt>
      <trkpt lat="36.8677667" lon="138.2138802">
        <ele>524.6311083158696</ele>
      </trkpt>
      <trkpt lat="36.8677929" lon="138.2138715">
        <ele>523.6343255947005</ele>
      </trkpt>
      <trkpt lat="36.8678192" lon="138.2138629">
        <ele>522.6689708991576</ele>
      </trkpt>
      <trkpt lat="36.8678438" lon="138.213854">
        <ele>521.7687915370528</ele>
      </trkpt>
      <trkpt lat="36.8678685" lon="138.2138451">
        <ele>520.8958493922054</ele>
      </trkpt>
      <trkpt lat="36.8678945" lon="138.2138391">
        <ele>520.0850852990297</ele>
      </trkpt>
      <trkpt lat="36.8679206" lon="138.2138332">
        <ele>519.2757863256263</ele>
      </trkpt>
      <trkpt lat="36.8679476" lon="138.2138314">
        <ele>518.5454640746327</ele>
      </trkpt>
      <trkpt lat="36.8679746" lon="138.2138297">
        <ele>517.9054052287872</ele>
      </trkpt>
      <trkpt lat="36.8680003" lon="138.2138294">
        <ele>517.3268003836436</ele>
      </trkpt>
      <trkpt lat="36.868026" lon="138.2138292">
        <ele>516.7859382457133</ele>
      </trkpt>
      <trkpt lat="36.8680477" lon="138.2138252">
        <ele>516.3251664004852</ele>
      </trkpt>
      <trkpt lat="36.8680695" lon="138.2138212">
        <ele>515.868470680402</ele>
      </trkpt>
      <trkpt lat="36.8680851" lon="138.2138133">
        <ele>515.4747844248831</ele>
      </trkpt>
      <trkpt lat="36.8681008" lon="138.2138055">
        <ele>515.1556399510168</ele>
      </trkpt>
      <trkpt lat="36.868112" lon="138.2137953">
        <ele>514.8738245820675</ele>
      </trkpt>
      <trkpt lat="36.8681233" lon="138.2137851">
        <ele>514.5985071747614</ele>
      </trkpt>
      <trkpt lat="36.8681307" lon="138.2137746">
        <ele>514.3748895109353</ele>
      </trkpt>
      <trkpt lat="36.8681382" lon="138.2137641">
        <ele>514.1553611328407</ele>
      </trkpt>
      <trkpt lat="36.8681446" lon="138.2137538">
        <ele>513.956969213011</ele>
      </trkpt>
      <trkpt lat="36.868151" lon="138.2137435">
        <ele>513.7623453534654</ele>
      </trkpt>
      <trkpt lat="36.8681587" lon="138.213734">
        <ele>513.5730068136413</ele>
      </trkpt>
      <trkpt lat="36.8681664" lon="138.2137246">
        <ele>513.395270679543</ele>
      </trkpt>
      <trkpt lat="36.8681752" lon="138.2137146">
        <ele>513.2062849766979</ele>
      </trkpt>
      <trkpt lat="36.868184" lon="138.2137046">
        <ele>513.0232717860556</ele>
      </trkpt>
      <trkpt lat="36.8681952" lon="138.2136928">
        <ele>512.8084979667592</ele>
      </trkpt>
      <trkpt lat="36.8682065" lon="138.2136811">
        <ele>512.6029249264719</ele>
      </trkpt>
      <trkpt lat="36.8682199" lon="138.2136656">
        <ele>512.356174238237</ele>
      </trkpt>
      <trkpt lat="36.8682333" lon="138.2136501">
        <ele>512.1372520229419</ele>
      </trkpt>
      <trkpt lat="36.8682485" lon="138.21363">
        <ele>511.8904554833607</ele>
      </trkpt>
      <trkpt lat="36.8682637" lon="138.21361">
        <ele>511.6651880378015</ele>
      </trkpt>
      <trkpt lat="36.8682808" lon="138.213586">
        <ele>511.4256856600301</ele>
      </trkpt>
      <trkpt lat="36.868298" lon="138.213562">
        <ele>511.22262500217016</ele>
      </trkpt>
      <trkpt lat="36.8683161" lon="138.2135356">
        <ele>511.0489416432405</ele>
      </trkpt>
      <trkpt lat="36.8683343" lon="138.2135093">
        <ele>510.9083608615712</ele>
      </trkpt>
      <trkpt lat="36.8683533" lon="138.2134824">
        <ele>510.78388470721853</ele>
      </trkpt>
      <trkpt lat="36.8683723" lon="138.2134555">
        <ele>510.6713084034364</ele>
      </trkpt>
      <trkpt lat="36.8683913" lon="138.2134304">
        <ele>510.60855320010177</ele>
      </trkpt>
      <trkpt lat="36.8684103" lon="138.2134054">
        <ele>510.5537346649318</ele>
      </trkpt>
      <trkpt lat="36.8684274" lon="138.2133828">
        <ele>510.46820169009305</ele>
      </trkpt>
      <trkpt lat="36.8684446" lon="138.2133602">
        <ele>510.36166424220494</ele>
      </trkpt>
      <trkpt lat="36.8684578" lon="138.2133413">
        <ele>510.26799072465</ele>
      </trkpt>
      <trkpt lat="36.8684711" lon="138.2133224">
        <ele>510.1696556124337</ele>
      </trkpt>
      <trkpt lat="36.8684787" lon="138.2133083">
        <ele>510.08041684495925</ele>
      </trkpt>
      <trkpt lat="36.8684863" lon="138.2132943">
        <ele>509.988338078406</ele>
      </trkpt>
      <trkpt lat="36.868487" lon="138.2132844">
        <ele>509.9109935089278</ele>
      </trkpt>
      <trkpt lat="36.8684877" lon="138.2132745">
        <ele>509.83341377114635</ele>
      </trkpt>
      <trkpt lat="36.8684827" lon="138.2132664">
        <ele>509.759482022429</ele>
      </trkpt>
      <trkpt lat="36.8684777" lon="138.2132583">
        <ele>509.68692463872765</ele>
      </trkpt>
      <trkpt lat="36.868469" lon="138.2132518">
        <ele>509.6222053769103</ele>
      </trkpt>
      <trkpt lat="36.8684603" lon="138.2132453">
        <ele>509.5594051361141</ele>
      </trkpt>
      <trkpt lat="36.8684499" lon="138.213242">
        <ele>509.5150343281684</ele>
      </trkpt>
      <trkpt lat="36.8684396" lon="138.2132388">
        <ele>509.46647971936045</ele>
      </trkpt>
      <trkpt lat="36.8684275" lon="138.2132389">
        <ele>509.44810132939745</ele>
      </trkpt>
      <trkpt lat="36.8684155" lon="138.213239">
        <ele>509.41601950834615</ele>
      </trkpt>
      <trkpt lat="36.8683999" lon="138.2132414">
        <ele>509.39576105932304</ele>
      </trkpt>
      <trkpt lat="36.8683843" lon="138.2132438">
        <ele>509.3723361958292</ele>
      </trkpt>
      <trkpt lat="36.868364" lon="138.2132501">
        <ele>509.3572495316632</ele>
      </trkpt>
      <trkpt lat="36.8683438" lon="138.2132565">
        <ele>509.4112741981589</ele>
      </trkpt>
      <trkpt lat="36.8683203" lon="138.2132656">
        <ele>509.4977576239971</ele>
      </trkpt>
      <trkpt lat="36.8682969" lon="138.2132748">
        <ele>509.5774830168949</ele>
      </trkpt>
      <trkpt lat="36.8682723" lon="138.2132839">
        <ele>509.6783188370881</ele>
      </trkpt>
      <trkpt lat="36.8682478" lon="138.2132931">
        <ele>509.77964149349873</ele>
      </trkpt>
      <trkpt lat="36.8682228" lon="138.2132992">
        <ele>509.86017777994283</ele>
      </trkpt>
      <trkpt lat="36.8681979" lon="138.2133054">
        <ele>510.0341216838923</ele>
      </trkpt>
      <trkpt lat="36.8681732" lon="138.2133062">
        <ele>510.1817346585923</ele>
      </trkpt>
      <trkpt lat="36.8681486" lon="138.213307">
        <ele>510.3287650575873</ele>
      </trkpt>
      <trkpt lat="36.8681253" lon="138.2133012">
        <ele>510.4374643080878</ele>
      </trkpt>
      <trkpt lat="36.868102" lon="138.2132955">
        <ele>510.54662955105414</ele>
      </trkpt>
      <trkpt lat="36.8680803" lon="138.2132831">
        <ele>510.63056424111255</ele>
      </trkpt>
      <trkpt lat="36.8680586" lon="138.2132707">
        <ele>510.76238900837586</ele>
      </trkpt>
      <trkpt lat="36.8680384" lon="138.2132528">
        <ele>510.8554749831563</ele>
      </trkpt>
      <trkpt lat="36.8680182" lon="138.213235">
        <ele>510.9490269452334</ele>
      </trkpt>
      <trkpt lat="36.8679982" lon="138.2132129">
        <ele>510.9935708393577</ele>
      </trkpt>
      <trkpt lat="36.8679783" lon="138.2131908">
        <ele>511.0354811306114</ele>
      </trkpt>
      <trkpt lat="36.8679586" lon="138.2131661">
        <ele>511.0638181874997</ele>
      </trkpt>
      <trkpt lat="36.867939" lon="138.2131415">
        <ele>511.1107136328477</ele>
      </trkpt>
      <trkpt lat="36.86792" lon="138.2131162">
        <ele>511.16063393713046</ele>
      </trkpt>
      <trkpt lat="36.867901" lon="138.213091">
        <ele>511.2109037322933</ele>
      </trkpt>
      <trkpt lat="36.8678827" lon="138.2130658">
        <ele>511.25639737899996</ele>
      </trkpt>
      <trkpt lat="36.8678645" lon="138.2130406">
        <ele>511.2865679921289</ele>
      </trkpt>
      <trkpt lat="36.8678462" lon="138.2130148">
        <ele>511.3272908134475</ele>
      </trkpt>
      <trkpt lat="36.8678279" lon="138.2129891">
        <ele>511.3842973764305</ele>
      </trkpt>
      <trkpt lat="36.8678089" lon="138.2129641">
        <ele>511.4584327983805</ele>
      </trkpt>
      <trkpt lat="36.8677899" lon="138.2129391">
        <ele>511.4991509280222</ele>
      </trkpt>
      <trkpt lat="36.8677699" lon="138.2129152">
        <ele>511.5633748352631</ele>
      </trkpt>
      <trkpt lat="36.8677499" lon="138.2128914">
        <ele>511.6439489804626</ele>
      </trkpt>
      <trkpt lat="36.8677291" lon="138.2128682">
        <ele>511.7201093644142</ele>
      </trkpt>
      <trkpt lat="36.8677084" lon="138.2128451">
        <ele>511.7836330143742</ele>
      </trkpt>
      <trkpt lat="36.8676864" lon="138.2128234">
        <ele>511.8544673803507</ele>
      </trkpt>
      <trkpt lat="36.8676644" lon="138.2128017">
        <ele>511.9272647660164</ele>
      </trkpt>
      <trkpt lat="36.8676408" lon="138.2127812">
        <ele>512.0229400629717</ele>
      </trkpt>
      <trkpt lat="36.8676172" lon="138.2127608">
        <ele>512.1350537368758</ele>
      </trkpt>
      <trkpt lat="36.8675924" lon="138.2127401">
        <ele>512.2388464252422</ele>
      </trkpt>
      <trkpt lat="36.8675677" lon="138.2127194">
        <ele>512.3034696182265</ele>
      </trkpt>
      <trkpt lat="36.8675432" lon="138.2126983">
        <ele>512.3761152530485</ele>
      </trkpt>
      <trkpt lat="36.8675187" lon="138.2126773">
        <ele>512.4765717624699</ele>
      </trkpt>
      <trkpt lat="36.8674945" lon="138.2126554">
        <ele>512.5822998667146</ele>
      </trkpt>
      <trkpt lat="36.8674703" lon="138.2126335">
        <ele>512.6982850433342</ele>
      </trkpt>
      <trkpt lat="36.8674461" lon="138.2126115">
        <ele>512.8300712814095</ele>
      </trkpt>
      <trkpt lat="36.8674219" lon="138.2125896">
        <ele>512.9613146345602</ele>
      </trkpt>
      <trkpt lat="36.8673978" lon="138.212568">
        <ele>513.091771536507</ele>
      </trkpt>
      <trkpt lat="36.8673737" lon="138.2125464">
        <ele>513.2222284052527</ele>
      </trkpt>
      <trkpt lat="36.8673493" lon="138.2125255">
        <ele>513.3531803579543</ele>
      </trkpt>
      <trkpt lat="36.8673249" lon="138.2125047">
        <ele>513.480971064364</ele>
      </trkpt>
      <trkpt lat="36.8672997" lon="138.2124853">
        <ele>513.6093128759006</ele>
      </trkpt>
      <trkpt lat="36.8672746" lon="138.212466">
        <ele>513.7499692781391</ele>
      </trkpt>
      <trkpt lat="36.8672489" lon="138.2124474">
        <ele>513.8694479731345</ele>
      </trkpt>
      <trkpt lat="36.8672232" lon="138.2124288">
        <ele>513.9883729434551</ele>
      </trkpt>
      <trkpt lat="36.8671976" lon="138.21241">
        <ele>514.1235748063986</ele>
      </trkpt>
      <trkpt lat="36.8671721" lon="138.2123913">
        <ele>514.2462935897531</ele>
      </trkpt>
      <trkpt lat="36.8671477" lon="138.2123723">
        <ele>514.3316273914662</ele>
      </trkpt>
      <trkpt lat="36.8671233" lon="138.2123534">
        <ele>514.4026949731182</ele>
      </trkpt>
      <trkpt lat="36.8671005" lon="138.2123329">
        <ele>514.4691023649659</ele>
      </trkpt>
      <trkpt lat="36.8670777" lon="138.2123125">
        <ele>514.535509737023</ele>
      </trkpt>
      <trkpt lat="36.8670568" lon="138.21229">
        <ele>514.6072730995253</ele>
      </trkpt>
      <trkpt lat="36.8670359" lon="138.2122676">
        <ele>514.6836554016554</ele>
      </trkpt>
      <trkpt lat="36.867016" lon="138.2122437">
        <ele>514.7427010433313</ele>
      </trkpt>
      <trkpt lat="36.8669961" lon="138.2122199">
        <ele>514.7855915745009</ele>
      </trkpt>
      <trkpt lat="36.8669767" lon="138.212195">
        <ele>514.841322059201</ele>
      </trkpt>
      <trkpt lat="36.8669574" lon="138.2121701">
        <ele>514.9071189578873</ele>
      </trkpt>
      <trkpt lat="36.8669396" lon="138.2121445">
        <ele>514.9512317346082</ele>
      </trkpt>
      <trkpt lat="36.8669219" lon="138.212119">
        <ele>514.9892929154448</ele>
      </trkpt>
      <trkpt lat="36.8669063" lon="138.2120933">
        <ele>515.045137487123</ele>
      </trkpt>
      <trkpt lat="36.8668908" lon="138.2120676">
        <ele>515.0918539955082</ele>
      </trkpt>
      <trkpt lat="36.8668803" lon="138.2120422">
        <ele>515.1106790294277</ele>
      </trkpt>
      <trkpt lat="36.8668698" lon="138.2120168">
        <ele>515.1032425451883</ele>
      </trkpt>
      <trkpt lat="36.8668704" lon="138.2119936">
        <ele>515.0660052419597</ele>
      </trkpt>
      <trkpt lat="36.8668711" lon="138.2119704">
        <ele>515.0278830767948</ele>
      </trkpt>
      <trkpt lat="36.8668844" lon="138.2119499">
        <ele>514.9335026013673</ele>
      </trkpt>
      <trkpt lat="36.8668977" lon="138.2119295">
        <ele>514.8278608560803</ele>
      </trkpt>
      <trkpt lat="36.8669179" lon="138.2119091">
        <ele>514.6920737178536</ele>
      </trkpt>
      <trkpt lat="36.8669382" lon="138.2118888">
        <ele>514.5332979094983</ele>
      </trkpt>
      <trkpt lat="36.8669601" lon="138.2118671">
        <ele>514.3416466454981</ele>
      </trkpt>
      <trkpt lat="36.8669821" lon="138.2118455">
        <ele>514.1128289699562</ele>
      </trkpt>
      <trkpt lat="36.8670008" lon="138.2118206">
        <ele>513.8847032986903</ele>
      </trkpt>
      <trkpt lat="36.8670195" lon="138.2117957">
        <ele>513.6279385179496</ele>
      </trkpt>
      <trkpt lat="36.8670282" lon="138.2117663">
        <ele>513.4150302049018</ele>
      </trkpt>
      <trkpt lat="36.867037" lon="138.2117369">
        <ele>513.2139390327981</ele>
      </trkpt>
      <trkpt lat="36.8670332" lon="138.2117038">
        <ele>513.0873515712809</ele>
      </trkpt>
      <trkpt lat="36.8670295" lon="138.2116707">
        <ele>513.0371949581117</ele>
      </trkpt>
      <trkpt lat="36.8670169" lon="138.211635">
        <ele>513.0751212973126</ele>
      </trkpt>
      <trkpt lat="36.8670044" lon="138.2115993">
        <ele>513.1509916784864</ele>
      </trkpt>
      <trkpt lat="36.8669891" lon="138.2115629">
        <ele>513.2825653174185</ele>
      </trkpt>
      <trkpt lat="36.8669739" lon="138.2115265">
        <ele>513.3945127475462</ele>
      </trkpt>
      <trkpt lat="36.8669613" lon="138.2114896">
        <ele>513.4701581414447</ele>
      </trkpt>
      <trkpt lat="36.8669488" lon="138.2114528">
        <ele>513.5294884622288</ele>
      </trkpt>
      <trkpt lat="36.8669415" lon="138.2114153">
        <ele>513.6045667874359</ele>
      </trkpt>
      <trkpt lat="36.8669343" lon="138.2113778">
        <ele>513.6972830886482</ele>
      </trkpt>
      <trkpt lat="36.8669311" lon="138.2113414">
        <ele>513.7467624617184</ele>
      </trkpt>
      <trkpt lat="36.866928" lon="138.211305">
        <ele>513.7656174625731</ele>
      </trkpt>
      <trkpt lat="36.8669233" lon="138.2112755">
        <ele>513.784688064752</ele>
      </trkpt>
      <trkpt lat="36.8669187" lon="138.2112461">
        <ele>513.853044499506</ele>
      </trkpt>
      <trkpt lat="36.8669102" lon="138.2112157">
        <ele>513.9528278918142</ele>
      </trkpt>
      <trkpt lat="36.8669018" lon="138.2111853">
        <ele>514.0442418329064</ele>
      </trkpt>
      <trkpt lat="36.8668909" lon="138.2111538">
        <ele>514.183560128557</ele>
      </trkpt>
      <trkpt lat="36.86688" lon="138.2111224">
        <ele>514.3250583827501</ele>
      </trkpt>
      <trkpt lat="36.8668642" lon="138.2110937">
        <ele>514.4687069254471</ele>
      </trkpt>
      <trkpt lat="36.8668484" lon="138.2110651">
        <ele>514.5793725237253</ele>
      </trkpt>
      <trkpt lat="36.8668268" lon="138.2110421">
        <ele>514.6958784483846</ele>
      </trkpt>
      <trkpt lat="36.8668052" lon="138.2110191">
        <ele>514.8123843550694</ele>
      </trkpt>
      <trkpt lat="36.8667805" lon="138.2110013">
        <ele>514.90056692192</ele>
      </trkpt>
      <trkpt lat="36.8667559" lon="138.2109835">
        <ele>514.9363918010853</ele>
      </trkpt>
      <trkpt lat="36.8667303" lon="138.210968">
        <ele>514.9736729639121</ele>
      </trkpt>
      <trkpt lat="36.8667048" lon="138.2109526">
        <ele>515.0141511284902</ele>
      </trkpt>
      <trkpt lat="36.8666796" lon="138.210939">
        <ele>515.0546716325026</ele>
      </trkpt>
      <trkpt lat="36.8666545" lon="138.2109255">
        <ele>515.0827647237343</ele>
      </trkpt>
      <trkpt lat="36.8666293" lon="138.2109163">
        <ele>515.077267086227</ele>
      </trkpt>
      <trkpt lat="36.8666042" lon="138.2109072">
        <ele>515.0560625493532</ele>
      </trkpt>
      <trkpt lat="36.8665774" lon="138.2109033">
        <ele>515.0469748906797</ele>
      </trkpt>
      <trkpt lat="36.8665507" lon="138.2108994">
        <ele>515.0378872320063</ele>
      </trkpt>
      <trkpt lat="36.8665219" lon="138.2109017">
        <ele>515.0432466204285</ele>
      </trkpt>
      <trkpt lat="36.8664932" lon="138.210904">
        <ele>515.0155581328459</ele>
      </trkpt>
      <trkpt lat="36.8664631" lon="138.21091">
        <ele>514.9487449306306</ele>
      </trkpt>
      <trkpt lat="36.866433" lon="138.2109161">
        <ele>514.875143169613</ele>
      </trkpt>
      <trkpt lat="36.8664012" lon="138.2109218">
        <ele>514.7891641572129</ele>
      </trkpt>
      <trkpt lat="36.8663694" lon="138.2109276">
        <ele>514.70330169187</ele>
      </trkpt>
      <trkpt lat="36.866337" lon="138.21093">
        <ele>514.4745669425484</ele>
      </trkpt>
      <trkpt lat="36.8663047" lon="138.2109325">
        <ele>514.2471732612537</ele>
      </trkpt>
      <trkpt lat="36.8662725" lon="138.21093">
        <ele>514.0092306581894</ele>
      </trkpt>
      <trkpt lat="36.8662404" lon="138.2109275">
        <ele>513.7692821642071</ele>
      </trkpt>
      <trkpt lat="36.8662086" lon="138.2109193">
        <ele>513.5892395794882</ele>
      </trkpt>
      <trkpt lat="36.8661769" lon="138.2109112">
        <ele>513.430165548293</ele>
      </trkpt>
      <trkpt lat="36.8661459" lon="138.2108979">
        <ele>513.2930467315387</ele>
      </trkpt>
      <trkpt lat="36.8661149" lon="138.2108847">
        <ele>513.1975541252821</ele>
      </trkpt>
      <trkpt lat="36.8660852" lon="138.2108673">
        <ele>513.148809632078</ele>
      </trkpt>
      <trkpt lat="36.8660555" lon="138.21085">
        <ele>513.174185474608</ele>
      </trkpt>
      <trkpt lat="36.8660264" lon="138.2108308">
        <ele>513.1987544185023</ele>
      </trkpt>
      <trkpt lat="36.8659974" lon="138.2108117">
        <ele>513.3639463264501</ele>
      </trkpt>
      <trkpt lat="36.8659699" lon="138.2107929">
        <ele>513.5241372305904</ele>
      </trkpt>
      <trkpt lat="36.8659424" lon="138.2107741">
        <ele>513.6843280771751</ele>
      </trkpt>
      <trkpt lat="36.8659157" lon="138.2107565">
        <ele>513.8398587713019</ele>
      </trkpt>
      <trkpt lat="36.865889" lon="138.2107389">
        <ele>514.0134418483824</ele>
      </trkpt>
      <trkpt lat="36.8658613" lon="138.210723">
        <ele>514.1933223909238</ele>
      </trkpt>
      <trkpt lat="36.8658336" lon="138.2107072">
        <ele>514.3730863665236</ele>
      </trkpt>
      <trkpt lat="36.8658051" lon="138.2106929">
        <ele>514.5196670584152</ele>
      </trkpt>
      <trkpt lat="36.8657766" lon="138.2106787">
        <ele>514.6206413596774</ele>
      </trkpt>
      <trkpt lat="36.8657472" lon="138.2106657">
        <ele>514.7192008226798</ele>
      </trkpt>
      <trkpt lat="36.8657179" lon="138.2106528">
        <ele>514.8535967154091</ele>
      </trkpt>
      <trkpt lat="36.8656881" lon="138.2106399">
        <ele>514.9771078917686</ele>
      </trkpt>
      <trkpt lat="36.8656583" lon="138.210627">
        <ele>515</ele>
      </trkpt>
      <trkpt lat="36.8656285" lon="138.2106115">
        <ele>515</ele>
      </trkpt>
      <trkpt lat="36.8655988" lon="138.2105961">
        <ele>515.0033418804893</ele>
      </trkpt>
      <trkpt lat="36.86557" lon="138.2105769">
        <ele>515.0067961173132</ele>
      </trkpt>
      <trkpt lat="36.8655413" lon="138.2105577">
        <ele>515.0276507363216</ele>
      </trkpt>
      <trkpt lat="36.8655167" lon="138.2105327">
        <ele>515.0343818473455</ele>
      </trkpt>
      <trkpt lat="36.8654921" lon="138.2105077">
        <ele>515.0202438021731</ele>
      </trkpt>
      <trkpt lat="36.8654746" lon="138.2104769">
        <ele>515.0209767684341</ele>
      </trkpt>
      <trkpt lat="36.8654571" lon="138.2104461">
        <ele>515.0313766254349</ele>
      </trkpt>
      <trkpt lat="36.8654473" lon="138.210413">
        <ele>515.0556694665461</ele>
      </trkpt>
      <trkpt lat="36.8654375" lon="138.21038">
        <ele>515.1522482899023</ele>
      </trkpt>
      <trkpt lat="36.865433" lon="138.2103464">
        <ele>515.2631355847475</ele>
      </trkpt>
      <trkpt lat="36.8654285" lon="138.2103128">
        <ele>515.3450330415985</ele>
      </trkpt>
      <trkpt lat="36.8654253" lon="138.2102794">
        <ele>515.37928679695</ele>
      </trkpt>
      <trkpt lat="36.8654221" lon="138.210246">
        <ele>515.4135405524878</ele>
      </trkpt>
      <trkpt lat="36.8654188" lon="138.2102123">
        <ele>515.4428142327274</ele>
      </trkpt>
      <trkpt lat="36.8654155" lon="138.2101787">
        <ele>515.4741296792703</ele>
      </trkpt>
      <trkpt lat="36.8654117" lon="138.2101441">
        <ele>515.499329281469</ele>
      </trkpt>
      <trkpt lat="36.865408" lon="138.2101095">
        <ele>515.4996484210476</ele>
      </trkpt>
      <trkpt lat="36.865404" lon="138.2100754">
        <ele>515.5046822702789</ele>
      </trkpt>
      <trkpt lat="36.8654" lon="138.2100413">
        <ele>515.5143446551572</ele>
      </trkpt>
      <trkpt lat="36.8653984" lon="138.2100097">
        <ele>515.5222876937199</ele>
      </trkpt>
      <trkpt lat="36.8653969" lon="138.2099781">
        <ele>515.5309600232171</ele>
      </trkpt>
      <trkpt lat="36.8654001" lon="138.2099521">
        <ele>515.5216398965102</ele>
      </trkpt>
      <trkpt lat="36.8654033" lon="138.2099261">
        <ele>515.512319769431</ele>
      </trkpt>
      <trkpt lat="36.8654131" lon="138.2099123">
        <ele>515.4771974901771</ele>
      </trkpt>
      <trkpt lat="36.8654229" lon="138.2098986">
        <ele>515.4335061478129</ele>
      </trkpt>
      <trkpt lat="36.8654368" lon="138.2098971">
        <ele>515.3726272527349</ele>
      </trkpt>
      <trkpt lat="36.8654508" lon="138.2098957">
        <ele>515.3109611308439</ele>
      </trkpt>
      <trkpt lat="36.8654647" lon="138.2099001">
        <ele>515.2541265860174</ele>
      </trkpt>
      <trkpt lat="36.8654786" lon="138.2099046">
        <ele>515.2029230271473</ele>
      </trkpt>
      <trkpt lat="36.8654912" lon="138.2099108">
        <ele>515.1734485103755</ele>
      </trkpt>
      <trkpt lat="36.8655039" lon="138.209917">
        <ele>515.1436827331787</ele>
      </trkpt>
      <trkpt lat="36.8655148" lon="138.2099231">
        <ele>515.1190430207182</ele>
      </trkpt>
      <trkpt lat="36.8655257" lon="138.2099293">
        <ele>515.0945198121484</ele>
      </trkpt>
      <trkpt lat="36.8655355" lon="138.2099353">
        <ele>515.0729673814963</ele>
      </trkpt>
      <trkpt lat="36.8655454" lon="138.2099414">
        <ele>515.0504639424852</ele>
      </trkpt>
      <trkpt lat="36.8655548" lon="138.2099479">
        <ele>515.0169701016977</ele>
      </trkpt>
      <trkpt lat="36.8655643" lon="138.2099545">
        <ele>514.9831558824521</ele>
      </trkpt>
      <trkpt lat="36.8655742" lon="138.2099618">
        <ele>514.948409689265</ele>
      </trkpt>
      <trkpt lat="36.8655842" lon="138.2099692">
        <ele>514.9133431170376</ele>
      </trkpt>
      <trkpt lat="36.8655952" lon="138.209977">
        <ele>514.8743737521822</ele>
      </trkpt>
      <trkpt lat="36.8656062" lon="138.2099849">
        <ele>514.8420975792774</ele>
      </trkpt>
      <trkpt lat="36.8656177" lon="138.2099921">
        <ele>514.8227384257365</ele>
      </trkpt>
      <trkpt lat="36.8656292" lon="138.2099994">
        <ele>514.8108326559018</ele>
      </trkpt>
      <trkpt lat="36.8656412" lon="138.2100061">
        <ele>514.7925961194682</ele>
      </trkpt>
      <trkpt lat="36.8656533" lon="138.2100128">
        <ele>514.7712876597552</ele>
      </trkpt>
      <trkpt lat="36.8656654" lon="138.2100186">
        <ele>514.7448744439376</ele>
      </trkpt>
      <trkpt lat="36.8656776" lon="138.2100245">
        <ele>514.7159572516388</ele>
      </trkpt>
      <trkpt lat="36.8656898" lon="138.2100309">
        <ele>514.6809488921667</ele>
      </trkpt>
      <trkpt lat="36.8657021" lon="138.2100373">
        <ele>514.6421254083521</ele>
      </trkpt>
      <trkpt lat="36.8657137" lon="138.2100438">
        <ele>514.6065931120428</ele>
      </trkpt>
      <trkpt lat="36.8657253" lon="138.2100504">
        <ele>514.5712938249815</ele>
      </trkpt>
      <trkpt lat="36.8657363" lon="138.2100574">
        <ele>514.5395478950119</ele>
      </trkpt>
      <trkpt lat="36.8657473" lon="138.2100644">
        <ele>514.5078019579407</ele>
      </trkpt>
      <trkpt lat="36.8657609" lon="138.2100748">
        <ele>514.4808346134147</ele>
      </trkpt>
      <trkpt lat="36.8657745" lon="138.2100852">
        <ele>514.4577691534072</ele>
      </trkpt>
      <trkpt lat="36.8657933" lon="138.2101004">
        <ele>514.4287629732867</ele>
      </trkpt>
      <trkpt lat="36.8658121" lon="138.2101157">
        <ele>514.4001062983417</ele>
      </trkpt>
      <trkpt lat="36.8658356" lon="138.210134">
        <ele>514.3380144740457</ele>
      </trkpt>
      <trkpt lat="36.8658591" lon="138.2101523">
        <ele>514.2650874451737</ele>
      </trkpt>
      <trkpt lat="36.8658855" lon="138.2101719">
        <ele>514.1576247792428</ele>
      </trkpt>
      <trkpt lat="36.865912" lon="138.2101915">
        <ele>514.0844194578247</ele>
      </trkpt>
      <trkpt lat="36.8659396" lon="138.2102108">
        <ele>514.0088117462122</ele>
      </trkpt>
      <trkpt lat="36.8659672" lon="138.2102302">
        <ele>513.9318237538453</ele>
      </trkpt>
      <trkpt lat="36.8659958" lon="138.2102483">
        <ele>513.8447933904245</ele>
      </trkpt>
      <trkpt lat="36.8660245" lon="138.2102664">
        <ele>513.7364876162923</ele>
      </trkpt>
      <trkpt lat="36.8660533" lon="138.2102829">
        <ele>513.6498905660429</ele>
      </trkpt>
      <trkpt lat="36.8660821" lon="138.2102994">
        <ele>513.5803756198559</ele>
      </trkpt>
      <trkpt lat="36.866111" lon="138.2103144">
        <ele>513.5013971715008</ele>
      </trkpt>
      <trkpt lat="36.8661399" lon="138.2103294">
        <ele>513.4020012206825</ele>
      </trkpt>
      <trkpt lat="36.8661694" lon="138.210343">
        <ele>513.3017024942685</ele>
      </trkpt>
      <trkpt lat="36.8661989" lon="138.2103567">
        <ele>513.2317433497877</ele>
      </trkpt>
      <trkpt lat="36.8662291" lon="138.2103675">
        <ele>513.156366627338</ele>
      </trkpt>
      <trkpt lat="36.8662593" lon="138.2103783">
        <ele>513.0655589957653</ele>
      </trkpt>
      <trkpt lat="36.8662898" lon="138.210386">
        <ele>512.9763478245709</ele>
      </trkpt>
      <trkpt lat="36.8663203" lon="138.2103938">
        <ele>512.8661254769852</ele>
      </trkpt>
      <trkpt lat="36.8663504" lon="138.2103976">
        <ele>512.7378921104189</ele>
      </trkpt>
      <trkpt lat="36.8663806" lon="138.2104015">
        <ele>512.5774298915962</ele>
      </trkpt>
      <trkpt lat="36.8664096" lon="138.2103999">
        <ele>512.3490455168464</ele>
      </trkpt>
      <trkpt lat="36.8664387" lon="138.2103983">
        <ele>512.1155659712858</ele>
      </trkpt>
      <trkpt lat="36.8664672" lon="138.210391">
        <ele>511.82401481713225</ele>
      </trkpt>
      <trkpt lat="36.8664958" lon="138.2103837">
        <ele>511.53158979611516</ele>
      </trkpt>
      <trkpt lat="36.8665248" lon="138.2103726">
        <ele>511.18647419838305</ele>
      </trkpt>
      <trkpt lat="36.8665538" lon="138.2103615">
        <ele>510.8261848298145</ele>
      </trkpt>
      <trkpt lat="36.8665834" lon="138.2103491">
        <ele>510.4680495590441</ele>
      </trkpt>
      <trkpt lat="36.8666131" lon="138.2103368">
        <ele>510.14093366637803</ele>
      </trkpt>
      <trkpt lat="36.8666424" lon="138.2103229">
        <ele>509.8073139959433</ele>
      </trkpt>
      <trkpt lat="36.8666717" lon="138.2103091">
        <ele>509.6249497085835</ele>
      </trkpt>
      <trkpt lat="36.8666999" lon="138.2102924">
        <ele>509.46491134006885</ele>
      </trkpt>
      <trkpt lat="36.8667282" lon="138.2102757">
        <ele>509.3901618402379</ele>
      </trkpt>
      <trkpt lat="36.8667545" lon="138.2102548">
        <ele>509.3889604965415</ele>
      </trkpt>
      <trkpt lat="36.8667809" lon="138.210234">
        <ele>509.4315178665347</ele>
      </trkpt>
      <trkpt lat="36.8668057" lon="138.2102089">
        <ele>509.57773596430343</ele>
      </trkpt>
      <trkpt lat="36.8668306" lon="138.2101838">
        <ele>509.72395406207215</ele>
      </trkpt>
      <trkpt lat="36.8668549" lon="138.2101559">
        <ele>509.90183610749125</ele>
      </trkpt>
      <trkpt lat="36.8668792" lon="138.210128">
        <ele>510.2416962885692</ele>
      </trkpt>
      <trkpt lat="36.8669031" lon="138.2100997">
        <ele>510.57197155341873</ele>
      </trkpt>
      <trkpt lat="36.866927" lon="138.2100714">
        <ele>510.89098811438856</ele>
      </trkpt>
      <trkpt lat="36.8669502" lon="138.2100436">
        <ele>511.289523906053</ele>
      </trkpt>
      <trkpt lat="36.8669735" lon="138.2100159">
        <ele>511.6768625903605</ele>
      </trkpt>
      <trkpt lat="36.8669963" lon="138.2099886">
        <ele>512.0484907379627</ele>
      </trkpt>
      <trkpt lat="36.8670191" lon="138.2099613">
        <ele>512.3747207903382</ele>
      </trkpt>
      <trkpt lat="36.867042" lon="138.209934">
        <ele>512.6623360086377</ele>
      </trkpt>
      <trkpt lat="36.8670649" lon="138.2099068">
        <ele>512.9245409486239</ele>
      </trkpt>
      <trkpt lat="36.8670881" lon="138.2098779">
        <ele>513.2068696716425</ele>
      </trkpt>
      <trkpt lat="36.8671114" lon="138.209849">
        <ele>513.4755967761781</ele>
      </trkpt>
      <trkpt lat="36.8671348" lon="138.2098186">
        <ele>513.7627575514847</ele>
      </trkpt>
      <trkpt lat="36.8671582" lon="138.2097883">
        <ele>514.0782942829296</ele>
      </trkpt>
      <trkpt lat="36.867182" lon="138.2097579">
        <ele>514.3536290121333</ele>
      </trkpt>
      <trkpt lat="36.8672059" lon="138.2097276">
        <ele>514.5967571949358</ele>
      </trkpt>
      <trkpt lat="36.8672301" lon="138.2096983">
        <ele>514.8342733832644</ele>
      </trkpt>
      <trkpt lat="36.8672544" lon="138.2096691">
        <ele>515.0253140448128</ele>
      </trkpt>
      <trkpt lat="36.8672793" lon="138.2096422">
        <ele>515.1800877068333</ele>
      </trkpt>
      <trkpt lat="36.8673043" lon="138.2096153">
        <ele>515.3290604416603</ele>
      </trkpt>
      <trkpt lat="36.8673301" lon="138.2095921">
        <ele>515.4168841239394</ele>
      </trkpt>
      <trkpt lat="36.8673559" lon="138.2095689">
        <ele>515.4640842392076</ele>
      </trkpt>
      <trkpt lat="36.8673826" lon="138.209548">
        <ele>515.4722956080581</ele>
      </trkpt>
      <trkpt lat="36.8674093" lon="138.2095272">
        <ele>515.4798008992948</ele>
      </trkpt>
      <trkpt lat="36.8674368" lon="138.2095068">
        <ele>515.4446761141735</ele>
      </trkpt>
      <trkpt lat="36.8674644" lon="138.2094865">
        <ele>515.370716624079</ele>
      </trkpt>
      <trkpt lat="36.8674934" lon="138.209467">
        <ele>515.2117471940933</ele>
      </trkpt>
      <trkpt lat="36.8675225" lon="138.2094475">
        <ele>515.0678771759863</ele>
      </trkpt>
      <trkpt lat="36.8675523" lon="138.2094285">
        <ele>514.953631000544</ele>
      </trkpt>
      <trkpt lat="36.8675821" lon="138.2094096">
        <ele>514.8553530244093</ele>
      </trkpt>
      <trkpt lat="36.8676115" lon="138.2093905">
        <ele>514.7481859990605</ele>
      </trkpt>
      <trkpt lat="36.867641" lon="138.2093715">
        <ele>514.6923121948797</ele>
      </trkpt>
      <trkpt lat="36.8676699" lon="138.2093533">
        <ele>514.647289014146</ele>
      </trkpt>
      <trkpt lat="36.8676988" lon="138.2093351">
        <ele>514.643521289704</ele>
      </trkpt>
      <trkpt lat="36.8677282" lon="138.2093179">
        <ele>514.6730210185168</ele>
      </trkpt>
      <trkpt lat="36.8677577" lon="138.2093007">
        <ele>514.7381016499321</ele>
      </trkpt>
      <trkpt lat="36.8677883" lon="138.2092843">
        <ele>514.852332138061</ele>
      </trkpt>
      <trkpt lat="36.8678189" lon="138.2092679">
        <ele>515.0417347220873</ele>
      </trkpt>
      <trkpt lat="36.8678503" lon="138.2092529">
        <ele>515.3360649561329</ele>
      </trkpt>
      <trkpt lat="36.8678817" lon="138.2092379">
        <ele>515.6835469768594</ele>
      </trkpt>
      <trkpt lat="36.8679135" lon="138.2092257">
        <ele>516.1128790426624</ele>
      </trkpt>
      <trkpt lat="36.8679454" lon="138.2092135">
        <ele>516.5957186256655</ele>
      </trkpt>
      <trkpt lat="36.8679776" lon="138.2092045">
        <ele>517.1787597555326</ele>
      </trkpt>
      <trkpt lat="36.8680099" lon="138.2091955">
        <ele>517.8342658170315</ele>
      </trkpt>
      <trkpt lat="36.8680421" lon="138.2091905">
        <ele>518.4285078017034</ele>
      </trkpt>
      <trkpt lat="36.8680743" lon="138.2091855">
        <ele>519.0476685474397</ele>
      </trkpt>
      <trkpt lat="36.8681055" lon="138.2091849">
        <ele>519.5818972553277</ele>
      </trkpt>
      <trkpt lat="36.8681367" lon="138.2091843">
        <ele>520.1560306077873</ele>
      </trkpt>
      <trkpt lat="36.8681665" lon="138.2091882">
        <ele>520.5400963130179</ele>
      </trkpt>
      <trkpt lat="36.8681964" lon="138.2091922">
        <ele>520.9246622021305</ele>
      </trkpt>
      <trkpt lat="36.8682253" lon="138.2092">
        <ele>521.1318145714118</ele>
      </trkpt>
      <trkpt lat="36.8682543" lon="138.2092078">
        <ele>521.36424788456</ele>
      </trkpt>
      <trkpt lat="36.8682833" lon="138.2092176">
        <ele>521.5239657230692</ele>
      </trkpt>
      <trkpt lat="36.8683124" lon="138.2092275">
        <ele>521.6904937713368</ele>
      </trkpt>
      <trkpt lat="36.8683413" lon="138.2092374">
        <ele>521.835923649315</ele>
      </trkpt>
      <trkpt lat="36.8683702" lon="138.2092473">
        <ele>521.9667575615142</ele>
      </trkpt>
      <trkpt lat="36.8683987" lon="138.2092583">
        <ele>522.0386820931101</ele>
      </trkpt>
      <trkpt lat="36.8684273" lon="138.2092693">
        <ele>522.0805708783217</ele>
      </trkpt>
      <trkpt lat="36.8684562" lon="138.2092815">
        <ele>521.9587606399652</ele>
      </trkpt>
      <trkpt lat="36.8684851" lon="138.2092938">
        <ele>521.7914845987333</ele>
      </trkpt>
      <trkpt lat="36.8685143" lon="138.2093069">
        <ele>521.6360465701425</ele>
      </trkpt>
      <trkpt lat="36.8685436" lon="138.2093201">
        <ele>521.4615370511</ele>
      </trkpt>
      <trkpt lat="36.8685723" lon="138.2093348">
        <ele>521.1530052924602</ele>
      </trkpt>
      <trkpt lat="36.868601" lon="138.2093496">
        <ele>520.7033162447844</ele>
      </trkpt>
      <trkpt lat="36.868629" lon="138.2093663">
        <ele>520.1455608252624</ele>
      </trkpt>
      <trkpt lat="36.868657" lon="138.2093831">
        <ele>519.5873464955134</ele>
      </trkpt>
      <trkpt lat="36.868685" lon="138.209399">
        <ele>519.2129066483006</ele>
      </trkpt>
      <trkpt lat="36.8687131" lon="138.209415">
        <ele>518.8284435467018</ele>
      </trkpt>
      <trkpt lat="36.8687412" lon="138.2094283">
        <ele>518.5201632952312</ele>
      </trkpt>
      <trkpt lat="36.8687693" lon="138.2094416">
        <ele>518.2372481846171</ele>
      </trkpt>
      <trkpt lat="36.868798" lon="138.2094541">
        <ele>518.0101521911181</ele>
      </trkpt>
      <trkpt lat="36.8688268" lon="138.2094667">
        <ele>517.8049381910075</ele>
      </trkpt>
      <trkpt lat="36.8688561" lon="138.2094795">
        <ele>517.6990899445324</ele>
      </trkpt>
      <trkpt lat="36.8688855" lon="138.2094924">
        <ele>517.5857976918486</ele>
      </trkpt>
      <trkpt lat="36.8689151" lon="138.2095058">
        <ele>517.4881606706896</ele>
      </trkpt>
      <trkpt lat="36.8689447" lon="138.2095192">
        <ele>517.4501756406864</ele>
      </trkpt>
      <trkpt lat="36.8689749" lon="138.2095328">
        <ele>517.4130062072077</ele>
      </trkpt>
      <trkpt lat="36.8690051" lon="138.2095464">
        <ele>517.4120897934005</ele>
      </trkpt>
      <trkpt lat="36.8690365" lon="138.2095604">
        <ele>517.478557590326</ele>
      </trkpt>
      <trkpt lat="36.869068" lon="138.2095745">
        <ele>517.6706120195963</ele>
      </trkpt>
      <trkpt lat="36.8690999" lon="138.2095895">
        <ele>517.8827337938294</ele>
      </trkpt>
      <trkpt lat="36.8691319" lon="138.2096045">
        <ele>518.1370898546086</ele>
      </trkpt>
      <trkpt lat="36.8691632" lon="138.2096199">
        <ele>518.3986259734671</ele>
      </trkpt>
      <trkpt lat="36.8691946" lon="138.2096353">
        <ele>518.6453557941197</ele>
      </trkpt>
      <trkpt lat="36.8692254" lon="138.2096505">
        <ele>518.8868562753487</ele>
      </trkpt>
      <trkpt lat="36.8692562" lon="138.2096657">
        <ele>519.0851162798784</ele>
      </trkpt>
      <trkpt lat="36.8692871" lon="138.2096802">
        <ele>519.2531469684552</ele>
      </trkpt>
      <trkpt lat="36.8693181" lon="138.2096948">
        <ele>519.3745966058633</ele>
      </trkpt>
      <trkpt lat="36.8693485" lon="138.209709">
        <ele>519.451981569027</ele>
      </trkpt>
      <trkpt lat="36.8693789" lon="138.2097233">
        <ele>519.4826804666025</ele>
      </trkpt>
      <trkpt lat="36.8694102" lon="138.2097362">
        <ele>519.4923885419264</ele>
      </trkpt>
      <trkpt lat="36.8694415" lon="138.2097491">
        <ele>519.4303372811493</ele>
      </trkpt>
      <trkpt lat="36.869474" lon="138.2097603">
        <ele>519.3778431988677</ele>
      </trkpt>
      <trkpt lat="36.8695066" lon="138.2097716">
        <ele>519.3071060592378</ele>
      </trkpt>
      <trkpt lat="36.8695389" lon="138.2097823">
        <ele>519.2282834939556</ele>
      </trkpt>
      <trkpt lat="36.8695712" lon="138.209793">
        <ele>519.1002149962418</ele>
      </trkpt>
      <trkpt lat="36.8696028" lon="138.2098043">
        <ele>518.9663134854544</ele>
      </trkpt>
      <trkpt lat="36.8696344" lon="138.2098157">
        <ele>518.8562819783092</ele>
      </trkpt>
      <trkpt lat="36.8696656" lon="138.2098277">
        <ele>518.7579506290944</ele>
      </trkpt>
      <trkpt lat="36.8696969" lon="138.2098397">
        <ele>518.6728116305032</ele>
      </trkpt>
      <trkpt lat="36.8697271" lon="138.2098514">
        <ele>518.6004645037375</ele>
      </trkpt>
      <trkpt lat="36.8697573" lon="138.2098632">
        <ele>518.5515496512886</ele>
      </trkpt>
      <trkpt lat="36.8697854" lon="138.2098744">
        <ele>518.5064606124544</ele>
      </trkpt>
      <trkpt lat="36.8698136" lon="138.2098856">
        <ele>518.4453416066717</ele>
      </trkpt>
      <trkpt lat="36.8698402" lon="138.2098964">
        <ele>518.360232080892</ele>
      </trkpt>
      <trkpt lat="36.8698669" lon="138.2099073">
        <ele>518.2736953660383</ele>
      </trkpt>
      <trkpt lat="36.8698929" lon="138.2099172">
        <ele>518.2348431938335</ele>
      </trkpt>
      <trkpt lat="36.869919" lon="138.2099271">
        <ele>518.2023373554472</ele>
      </trkpt>
      <trkpt lat="36.8699444" lon="138.2099364">
        <ele>518.1878097613273</ele>
      </trkpt>
      <trkpt lat="36.8699699" lon="138.2099457">
        <ele>518.2150318500362</ele>
      </trkpt>
      <trkpt lat="36.8699949" lon="138.2099548">
        <ele>518.2342531157183</ele>
      </trkpt>
      <trkpt lat="36.8700199" lon="138.2099639">
        <ele>518.259231761192</ele>
      </trkpt>
      <trkpt lat="36.8700456" lon="138.2099728">
        <ele>518.3075249081023</ele>
      </trkpt>
      <trkpt lat="36.8700713" lon="138.2099817">
        <ele>518.3558181307293</ele>
      </trkpt>
      <trkpt lat="36.8700982" lon="138.2099908">
        <ele>518.3620658064937</ele>
      </trkpt>
      <trkpt lat="36.8701251" lon="138.2099999">
        <ele>518.368006949703</ele>
      </trkpt>
      <trkpt lat="36.8701521" lon="138.2100103">
        <ele>518.3623301896743</ele>
      </trkpt>
      <trkpt lat="36.8701792" lon="138.2100207">
        <ele>518.3810306253849</ele>
      </trkpt>
      <trkpt lat="36.8702065" lon="138.2100317">
        <ele>518.3888958673464</ele>
      </trkpt>
      <trkpt lat="36.8702338" lon="138.2100428">
        <ele>518.3577839961727</ele>
      </trkpt>
      <trkpt lat="36.870262" lon="138.2100525">
        <ele>518.3556400299519</ele>
      </trkpt>
      <trkpt lat="36.8702903" lon="138.2100622">
        <ele>518.3533410320997</ele>
      </trkpt>
      <trkpt lat="36.8703193" lon="138.2100664">
        <ele>518.4390921486547</ele>
      </trkpt>
      <trkpt lat="36.8703483" lon="138.2100707">
        <ele>518.5261401833891</ele>
      </trkpt>
      <trkpt lat="36.8703779" lon="138.2100691">
        <ele>518.6516882513656</ele>
      </trkpt>
      <trkpt lat="36.8704076" lon="138.2100675">
        <ele>518.7680756169102</ele>
      </trkpt>
      <trkpt lat="36.8704385" lon="138.2100641">
        <ele>518.8958493868282</ele>
      </trkpt>
      <trkpt lat="36.8704694" lon="138.2100607">
        <ele>519.0089848968294</ele>
      </trkpt>
      <trkpt lat="36.8705014" lon="138.2100613">
        <ele>519.0629520230705</ele>
      </trkpt>
      <trkpt lat="36.8705335" lon="138.210062">
        <ele>519.1396042085662</ele>
      </trkpt>
      <trkpt lat="36.870565" lon="138.2100701">
        <ele>519.091680640425</ele>
      </trkpt>
      <trkpt lat="36.8705965" lon="138.2100782">
        <ele>519.0877497106335</ele>
      </trkpt>
      <trkpt lat="36.8706259" lon="138.2100932">
        <ele>518.9540574710364</ele>
      </trkpt>
      <trkpt lat="36.8706553" lon="138.2101083">
        <ele>518.8186176526838</ele>
      </trkpt>
      <trkpt lat="36.870683" lon="138.2101272">
        <ele>518.6093405822068</ele>
      </trkpt>
      <trkpt lat="36.8707107" lon="138.2101461">
        <ele>518.4211645376166</ele>
      </trkpt>
      <trkpt lat="36.8707377" lon="138.2101667">
        <ele>518.2357421780943</ele>
      </trkpt>
      <trkpt lat="36.8707647" lon="138.2101873">
        <ele>518.0552605455746</ele>
      </trkpt>
      <trkpt lat="36.8707918" lon="138.2102084">
        <ele>517.8294976724317</ele>
      </trkpt>
      <trkpt lat="36.870819" lon="138.2102295">
        <ele>517.6041717532094</ele>
      </trkpt>
      <trkpt lat="36.8708456" lon="138.210252">
        <ele>517.37092867874</ele>
      </trkpt>
      <trkpt lat="36.8708723" lon="138.2102745">
        <ele>517.1678269811736</ele>
      </trkpt>
      <trkpt lat="36.8708989" lon="138.2102967">
        <ele>516.9887818122304</ele>
      </trkpt>
      <trkpt lat="36.8709256" lon="138.210319">
        <ele>516.795526601212</ele>
      </trkpt>
      <trkpt lat="36.8709495" lon="138.2103461">
        <ele>516.5868977865297</ele>
      </trkpt>
      <trkpt lat="36.8709735" lon="138.2103733">
        <ele>516.4194671656943</ele>
      </trkpt>
      <trkpt lat="36.8709919" lon="138.2104049">
        <ele>516.1953064404433</ele>
      </trkpt>
      <trkpt lat="36.8710104" lon="138.2104366">
        <ele>516.0358697815548</ele>
      </trkpt>
      <trkpt lat="36.8710223" lon="138.2104706">
        <ele>515.8595412847125</ele>
      </trkpt>
      <trkpt lat="36.8710342" lon="138.2105047">
        <ele>515.7195683481931</ele>
      </trkpt>
      <trkpt lat="36.8710427" lon="138.2105418">
        <ele>515.5782425829686</ele>
      </trkpt>
      <trkpt lat="36.8710513" lon="138.2105789">
        <ele>515.4372684956539</ele>
      </trkpt>
      <trkpt lat="36.8710575" lon="138.2106185">
        <ele>515.3141759178249</ele>
      </trkpt>
      <trkpt lat="36.8710637" lon="138.2106582">
        <ele>515.2043141174861</ele>
      </trkpt>
      <trkpt lat="36.8710697" lon="138.2106985">
        <ele>515.0821640588816</ele>
      </trkpt>
      <trkpt lat="36.8710757" lon="138.2107389">
        <ele>514.955054286961</ele>
      </trkpt>
      <trkpt lat="36.871082" lon="138.2107798">
        <ele>514.8582722611732</ele>
      </trkpt>
      <trkpt lat="36.8710884" lon="138.2108207">
        <ele>514.7805621430289</ele>
      </trkpt>
      <trkpt lat="36.8710959" lon="138.210861">
        <ele>514.6919589227076</ele>
      </trkpt>
      <trkpt lat="36.8711035" lon="138.2109013">
        <ele>514.5816266449173</ele>
      </trkpt>
      <trkpt lat="36.8711109" lon="138.2109401">
        <ele>514.4702893566807</ele>
      </trkpt>
      <trkpt lat="36.8711183" lon="138.210979">
        <ele>514.3536654337313</ele>
      </trkpt>
      <trkpt lat="36.871125" lon="138.2110166">
        <ele>514.2300368658784</ele>
      </trkpt>
      <trkpt lat="36.8711318" lon="138.2110542">
        <ele>514.0539338254732</ele>
      </trkpt>
      <trkpt lat="36.8711403" lon="138.2110893">
        <ele>513.8976881268645</ele>
      </trkpt>
      <trkpt lat="36.8711488" lon="138.2111245">
        <ele>513.7618679344483</ele>
      </trkpt>
      <trkpt lat="36.8711598" lon="138.2111586">
        <ele>513.6473917672779</ele>
      </trkpt>
      <trkpt lat="36.8711708" lon="138.2111928">
        <ele>513.5196115651963</ele>
      </trkpt>
      <trkpt lat="36.8711835" lon="138.2112271">
        <ele>513.3871184258298</ele>
      </trkpt>
      <trkpt lat="36.8711963" lon="138.2112615">
        <ele>513.2396749578462</ele>
      </trkpt>
      <trkpt lat="36.8712118" lon="138.2112946">
        <ele>513.1411759494812</ele>
      </trkpt>
      <trkpt lat="36.8712274" lon="138.2113278">
        <ele>513.0546113548339</ele>
      </trkpt>
      <trkpt lat="36.8712507" lon="138.2113565">
        <ele>513.0292117914187</ele>
      </trkpt>
      <trkpt lat="36.871274" lon="138.2113853">
        <ele>512.9636199621492</ele>
      </trkpt>
      <trkpt lat="36.8713034" lon="138.2114082">
        <ele>512.9748078916234</ele>
      </trkpt>
      <trkpt lat="36.8713329" lon="138.2114311">
        <ele>513.0417345882511</ele>
      </trkpt>
      <trkpt lat="36.8713656" lon="138.21145">
        <ele>513.2115973919551</ele>
      </trkpt>
      <trkpt lat="36.8713984" lon="138.2114689">
        <ele>513.3937079629711</ele>
      </trkpt>
      <trkpt lat="36.8714345" lon="138.2114842">
        <ele>513.6508664232293</ele>
      </trkpt>
      <trkpt lat="36.8714707" lon="138.2114996">
        <ele>513.9368309597256</ele>
      </trkpt>
      <trkpt lat="36.871509" lon="138.2115154">
        <ele>514.2536546855475</ele>
      </trkpt>
      <trkpt lat="36.8715474" lon="138.2115312">
        <ele>514.5664541095502</ele>
      </trkpt>
      <trkpt lat="36.8715856" lon="138.2115461">
        <ele>514.8690933016129</ele>
      </trkpt>
      <trkpt lat="36.8716238" lon="138.211561">
        <ele>515.086910319061</ele>
      </trkpt>
      <trkpt lat="36.8716611" lon="138.2115697">
        <ele>515.3330740516046</ele>
      </trkpt>
      <trkpt lat="36.8716985" lon="138.2115785">
        <ele>515.5308992459608</ele>
      </trkpt>
      <trkpt lat="36.8717333" lon="138.2115805">
        <ele>515.7124076067471</ele>
      </trkpt>
      <trkpt lat="36.8717682" lon="138.2115826">
        <ele>515.8018303036694</ele>
      </trkpt>
      <trkpt lat="36.8718016" lon="138.2115805">
        <ele>515.8875868444338</ele>
      </trkpt>
      <trkpt lat="36.871835" lon="138.2115785">
        <ele>515.899237688911</ele>
      </trkpt>
      <trkpt lat="36.8718687" lon="138.2115782">
        <ele>515.8779123783453</ele>
      </trkpt>
      <trkpt lat="36.8719024" lon="138.211578">
        <ele>515.7610508916291</ele>
      </trkpt>
      <trkpt lat="36.8719367" lon="138.2115838">
        <ele>515.6030374246062</ele>
      </trkpt>
      <trkpt lat="36.871971" lon="138.2115896">
        <ele>515.3890514770832</ele>
      </trkpt>
      <trkpt lat="36.8720064" lon="138.2116012">
        <ele>515.1236746107302</ele>
      </trkpt>
      <trkpt lat="36.8720419" lon="138.2116129">
        <ele>514.8516608788638</ele>
      </trkpt>
      <trkpt lat="36.8720778" lon="138.2116278">
        <ele>514.5614322548029</ele>
      </trkpt>
      <trkpt lat="36.8721137" lon="138.2116427">
        <ele>514.2512981637819</ele>
      </trkpt>
      <trkpt lat="36.8721492" lon="138.2116589">
        <ele>513.9660248036507</ele>
      </trkpt>
      <trkpt lat="36.8721848" lon="138.2116752">
        <ele>513.7016609824269</ele>
      </trkpt>
      <trkpt lat="36.8722194" lon="138.2116928">
        <ele>513.477947004005</ele>
      </trkpt>
      <trkpt lat="36.8722541" lon="138.2117105">
        <ele>513.3303104503553</ele>
      </trkpt>
      <trkpt lat="36.8722874" lon="138.2117291">
        <ele>513.2093723284088</ele>
      </trkpt>
      <trkpt lat="36.8723207" lon="138.2117478">
        <ele>513.1173000023938</ele>
      </trkpt>
      <trkpt lat="36.8723535" lon="138.2117667">
        <ele>513.0443814433704</ele>
      </trkpt>
      <trkpt lat="36.8723864" lon="138.2117856">
        <ele>512.9985585493037</ele>
      </trkpt>
      <trkpt lat="36.8724407" lon="138.2118145">
        <ele>512.9925724441858</ele>
      </trkpt>
      <trkpt lat="36.872495" lon="138.2118435">
        <ele>513.0206822571628</ele>
      </trkpt>
    </trkseg>
  </trk>
</gpx>
