<?xml version="1.0" encoding="UTF-8"?>
<gpx version="1.1" creator="Kashmir3D 9.390 - http://www.kashmir3d.com" schemaLocation="http://www.topografix.com/GPX/1/1 http://www.topografix.com/GPX/1/1/gpx.xsd
	http://www.kashmir3d.com/namespace/kashmir3d http://www.kashmir3d.com/namespace/kashmir3d.xsd" xmlns="http://www.topografix.com/GPX/1/1" xmlns:xsi="http://www.w3.org/2001/XMLSchema-instance" xsi:schemaLocation="http://www.topografix.com/GPX/1/1 http://www.topografix.com/GPX/1/1/gpx.xsd http://www.garmin.com/xmlschemas/GpxExtensions/v3 http://www.garmin.com/xmlschemas/GpxExtensionsv3.xsd http://www.garmin.com/xmlschemas/TrackPointExtension/v1 http://www.garmin.com/xmlschemas/TrackPointExtensionv1.xsd http://www.garmin.com/xmlschemas/PowerExtension/v1 http://www.garmin.com/xmlschemas/PowerExtensionv1.xsd http://www.topografix.com/GPX/gpx_style/0/2 http://www.topografix.com/GPX/gpx_style/0/2/gpx_style.xsd" xmlns:gpxtpx="http://www.garmin.com/xmlschemas/TrackPointExtension/v1" xmlns:gpxx="http://www.garmin.com/xmlschemas/GpxExtensions/v3" xmlns:gpxpx="http://www.garmin.com/xmlschemas/PowerExtension/v1" xmlns:gpx_style="http://www.topografix.com/GPX/gpx_style/0/2">
  <metadata>
    <name>赤池希望湖トレイル</name>
    <author>
      <name>gpx.studio</name>
      <link href="https://gpx.studio"/>
    </author>
  </metadata>
  <trk>
    <name>赤池希望湖トレイル</name>
    <extensions>
      <gpx_style:line>
        <gpx_style:opacity>1</gpx_style:opacity>
        <gpx_style:width>6</gpx_style:width>
      </gpx_style:line>
    </extensions>
    <trkseg>
      <trkpt lat="36.851214" lon="138.284462">
        <ele>913.7220816188837</ele>
      </trkpt>
      <trkpt lat="36.851343" lon="138.284355">
        <ele>914.3047281937786</ele>
      </trkpt>
      <trkpt lat="36.851719" lon="138.283992">
        <ele>914.210230612273</ele>
      </trkpt>
      <trkpt lat="36.851833" lon="138.284051">
        <ele>912.7137769619576</ele>
      </trkpt>
      <trkpt lat="36.851935" lon="138.28413">
        <ele>911.7848790911396</ele>
      </trkpt>
      <trkpt lat="36.85205" lon="138.284367">
        <ele>911.4798086733862</ele>
      </trkpt>
      <trkpt lat="36.852197" lon="138.284489">
        <ele>910.9340346862366</ele>
      </trkpt>
      <trkpt lat="36.852346" lon="138.284492">
        <ele>910.3122686941545</ele>
      </trkpt>
      <trkpt lat="36.852527" lon="138.284428">
        <ele>909.8354612383732</ele>
      </trkpt>
      <trkpt lat="36.852718" lon="138.284299">
        <ele>908.5201925528049</ele>
      </trkpt>
      <trkpt lat="36.852745" lon="138.284073">
        <ele>907.3668150855274</ele>
      </trkpt>
      <trkpt lat="36.852819" lon="138.283936">
        <ele>907.5029402026912</ele>
      </trkpt>
      <trkpt lat="36.853206" lon="138.283521">
        <ele>908.2811303277041</ele>
      </trkpt>
      <trkpt lat="36.853266" lon="138.2834">
        <ele>909.1965879924501</ele>
      </trkpt>
      <trkpt lat="36.85328" lon="138.283206">
        <ele>910.6333225993075</ele>
      </trkpt>
      <trkpt lat="36.853157" lon="138.282879">
        <ele>912.810098949383</ele>
      </trkpt>
      <trkpt lat="36.853002" lon="138.282533">
        <ele>914.9297326412989</ele>
      </trkpt>
      <trkpt lat="36.852923" lon="138.282179">
        <ele>917.0150810524083</ele>
      </trkpt>
      <trkpt lat="36.852881" lon="138.281858">
        <ele>919.3952383293781</ele>
      </trkpt>
      <trkpt lat="36.852817" lon="138.281656">
        <ele>920.5852710075131</ele>
      </trkpt>
      <trkpt lat="36.852694" lon="138.281388">
        <ele>923.7499739840291</ele>
      </trkpt>
      <trkpt lat="36.852614" lon="138.281156">
        <ele>928.6572696379001</ele>
      </trkpt>
      <trkpt lat="36.852606" lon="138.280996">
        <ele>932.0224425135185</ele>
      </trkpt>
      <trkpt lat="36.852629" lon="138.280869">
        <ele>934.3122160420289</ele>
      </trkpt>
      <trkpt lat="36.852731" lon="138.280683">
        <ele>936.7946893705993</ele>
      </trkpt>
      <trkpt lat="36.852763" lon="138.280646">
        <ele>937.1469692206159</ele>
      </trkpt>
      <trkpt lat="36.853084" lon="138.280278">
        <ele>940.1388714481301</ele>
      </trkpt>
      <trkpt lat="36.853366" lon="138.280049">
        <ele>937.0390082589824</ele>
      </trkpt>
      <trkpt lat="36.853436" lon="138.280045">
        <ele>937.0424554903973</ele>
      </trkpt>
      <trkpt lat="36.853566" lon="138.280092">
        <ele>937.8138283075978</ele>
      </trkpt>
      <trkpt lat="36.853667" lon="138.28014">
        <ele>938.3764186857007</ele>
      </trkpt>
      <trkpt lat="36.853605" lon="138.280341">
        <ele>938.9151987641808</ele>
      </trkpt>
      <trkpt lat="36.853627" lon="138.280346">
        <ele>938.8707920924782</ele>
      </trkpt>
      <trkpt lat="36.853644" lon="138.280351">
        <ele>938.8339551004747</ele>
      </trkpt>
      <trkpt lat="36.853667" lon="138.280359">
        <ele>938.7743067185021</ele>
      </trkpt>
      <trkpt lat="36.853684" lon="138.280374">
        <ele>938.7575253066908</ele>
      </trkpt>
      <trkpt lat="36.8537" lon="138.280386">
        <ele>938.7230975686057</ele>
      </trkpt>
      <trkpt lat="36.853719" lon="138.280394">
        <ele>938.6477651152845</ele>
      </trkpt>
      <trkpt lat="36.85374" lon="138.280401">
        <ele>938.538425749865</ele>
      </trkpt>
      <trkpt lat="36.853765" lon="138.280408">
        <ele>938.3693654271524</ele>
      </trkpt>
      <trkpt lat="36.853814" lon="138.280417">
        <ele>938.0122188197428</ele>
      </trkpt>
      <trkpt lat="36.853838" lon="138.280434">
        <ele>937.8100851197762</ele>
      </trkpt>
      <trkpt lat="36.853861" lon="138.280449">
        <ele>937.5814933498942</ele>
      </trkpt>
      <trkpt lat="36.853884" lon="138.280467">
        <ele>937.3270880508835</ele>
      </trkpt>
      <trkpt lat="36.853906" lon="138.280479">
        <ele>937.0468448783786</ele>
      </trkpt>
      <trkpt lat="36.853927" lon="138.280481">
        <ele>936.7925529493863</ele>
      </trkpt>
      <trkpt lat="36.853962" lon="138.280483">
        <ele>936.400473092635</ele>
      </trkpt>
      <trkpt lat="36.853979" lon="138.280485">
        <ele>936.2090745059808</ele>
      </trkpt>
      <trkpt lat="36.853993" lon="138.28049">
        <ele>936.0240158123574</ele>
      </trkpt>
      <trkpt lat="36.854003" lon="138.280495">
        <ele>935.8761592309985</ele>
      </trkpt>
      <trkpt lat="36.854023" lon="138.280509">
        <ele>935.4915527341549</ele>
      </trkpt>
      <trkpt lat="36.854041" lon="138.280526">
        <ele>935.0576334482797</ele>
      </trkpt>
      <trkpt lat="36.854065" lon="138.280544">
        <ele>934.5318113755089</ele>
      </trkpt>
      <trkpt lat="36.854091" lon="138.28056">
        <ele>934.0148318902418</ele>
      </trkpt>
      <trkpt lat="36.854152" lon="138.280577">
        <ele>932.8306884681228</ele>
      </trkpt>
      <trkpt lat="36.85419" lon="138.280576">
        <ele>932.1531108638651</ele>
      </trkpt>
      <trkpt lat="36.85425" lon="138.280583">
        <ele>931.0015865847046</ele>
      </trkpt>
      <trkpt lat="36.854281" lon="138.280584">
        <ele>930.4487727306459</ele>
      </trkpt>
      <trkpt lat="36.854311" lon="138.280584">
        <ele>930.0197090000099</ele>
      </trkpt>
      <trkpt lat="36.854344" lon="138.280573">
        <ele>929.8049368012029</ele>
      </trkpt>
      <trkpt lat="36.854375" lon="138.28057">
        <ele>929.5471861874386</ele>
      </trkpt>
      <trkpt lat="36.8544" lon="138.280572">
        <ele>929.252128204824</ele>
      </trkpt>
      <trkpt lat="36.854426" lon="138.280585">
        <ele>928.6697268759497</ele>
      </trkpt>
      <trkpt lat="36.854448" lon="138.280596">
        <ele>928.2580366400168</ele>
      </trkpt>
      <trkpt lat="36.854473" lon="138.280618">
        <ele>927.4689301955418</ele>
      </trkpt>
      <trkpt lat="36.854497" lon="138.280638">
        <ele>926.9092105582404</ele>
      </trkpt>
      <trkpt lat="36.854517" lon="138.280658">
        <ele>926.4352773294802</ele>
      </trkpt>
      <trkpt lat="36.854538" lon="138.28068">
        <ele>925.8846168536761</ele>
      </trkpt>
      <trkpt lat="36.85456" lon="138.280693">
        <ele>925.5370252966968</ele>
      </trkpt>
      <trkpt lat="36.854583" lon="138.280704">
        <ele>925.3352714695577</ele>
      </trkpt>
      <trkpt lat="36.854608" lon="138.280716">
        <ele>925.2169188792456</ele>
      </trkpt>
      <trkpt lat="36.854632" lon="138.280728">
        <ele>925.1386760256598</ele>
      </trkpt>
      <trkpt lat="36.854648" lon="138.280744">
        <ele>925.0076914724002</ele>
      </trkpt>
      <trkpt lat="36.854642" lon="138.280763">
        <ele>924.695581005798</ele>
      </trkpt>
      <trkpt lat="36.8546" lon="138.28079">
        <ele>924.1927189639147</ele>
      </trkpt>
      <trkpt lat="36.854573" lon="138.280804">
        <ele>924.1167810134974</ele>
      </trkpt>
      <trkpt lat="36.85455" lon="138.280817">
        <ele>924.1414860024121</ele>
      </trkpt>
      <trkpt lat="36.854535" lon="138.280834">
        <ele>924.2288497789765</ele>
      </trkpt>
      <trkpt lat="36.854537" lon="138.280851">
        <ele>924.2172012764032</ele>
      </trkpt>
      <trkpt lat="36.854549" lon="138.280863">
        <ele>924.147310254723</ele>
      </trkpt>
      <trkpt lat="36.854562" lon="138.28087">
        <ele>924.0942336019475</ele>
      </trkpt>
      <trkpt lat="36.854571" lon="138.280874">
        <ele>924.0817090447475</ele>
      </trkpt>
      <trkpt lat="36.854582" lon="138.280882">
        <ele>924.1141823074784</ele>
      </trkpt>
      <trkpt lat="36.854597" lon="138.280891">
        <ele>924.2076847102495</ele>
      </trkpt>
      <trkpt lat="36.854614" lon="138.2809">
        <ele>924.2982749801596</ele>
      </trkpt>
      <trkpt lat="36.854633" lon="138.280915">
        <ele>924.4852734435456</ele>
      </trkpt>
      <trkpt lat="36.854657" lon="138.280924">
        <ele>924.6309069334052</ele>
      </trkpt>
      <trkpt lat="36.854703" lon="138.280921">
        <ele>924.6625862350647</ele>
      </trkpt>
      <trkpt lat="36.854739" lon="138.2809">
        <ele>924.526503173872</ele>
      </trkpt>
      <trkpt lat="36.854752" lon="138.280888">
        <ele>924.4522769212574</ele>
      </trkpt>
      <trkpt lat="36.854768" lon="138.280879">
        <ele>924.4285312198116</ele>
      </trkpt>
      <trkpt lat="36.854788" lon="138.280874">
        <ele>924.5420886142767</ele>
      </trkpt>
      <trkpt lat="36.85483" lon="138.28088">
        <ele>924.7011696857948</ele>
      </trkpt>
      <trkpt lat="36.854852" lon="138.280896">
        <ele>924.8177569926061</ele>
      </trkpt>
      <trkpt lat="36.854875" lon="138.280914">
        <ele>924.8879113331012</ele>
      </trkpt>
      <trkpt lat="36.854895" lon="138.28093">
        <ele>924.9033740399806</ele>
      </trkpt>
      <trkpt lat="36.854916" lon="138.280944">
        <ele>924.8584903671838</ele>
      </trkpt>
      <trkpt lat="36.854942" lon="138.280952">
        <ele>924.760647291904</ele>
      </trkpt>
      <trkpt lat="36.854961" lon="138.280964">
        <ele>924.6363032690596</ele>
      </trkpt>
      <trkpt lat="36.85498" lon="138.280984">
        <ele>924.6474653784991</ele>
      </trkpt>
      <trkpt lat="36.854992" lon="138.281004">
        <ele>924.6584030493402</ele>
      </trkpt>
      <trkpt lat="36.855006" lon="138.281022">
        <ele>924.618462591343</ele>
      </trkpt>
      <trkpt lat="36.85502" lon="138.281044">
        <ele>924.5491721852036</ele>
      </trkpt>
      <trkpt lat="36.855033" lon="138.28107">
        <ele>924.5892778033503</ele>
      </trkpt>
      <trkpt lat="36.855053" lon="138.281094">
        <ele>924.5318433572234</ele>
      </trkpt>
      <trkpt lat="36.855073" lon="138.281116">
        <ele>924.3983772524086</ele>
      </trkpt>
      <trkpt lat="36.855094" lon="138.281134">
        <ele>924.1777432186191</ele>
      </trkpt>
      <trkpt lat="36.85511" lon="138.28115">
        <ele>924.085974765649</ele>
      </trkpt>
      <trkpt lat="36.855126" lon="138.281154">
        <ele>923.8926239495771</ele>
      </trkpt>
      <trkpt lat="36.855138" lon="138.281154">
        <ele>923.7203515790824</ele>
      </trkpt>
      <trkpt lat="36.855158" lon="138.28115">
        <ele>923.4099139964623</ele>
      </trkpt>
      <trkpt lat="36.855184" lon="138.281152">
        <ele>923.0567386962589</ele>
      </trkpt>
      <trkpt lat="36.855237" lon="138.28117">
        <ele>922.3787849310972</ele>
      </trkpt>
      <trkpt lat="36.855264" lon="138.281178">
        <ele>922.0065940275517</ele>
      </trkpt>
      <trkpt lat="36.855288" lon="138.281188">
        <ele>921.66586197577</ele>
      </trkpt>
      <trkpt lat="36.855307" lon="138.281206">
        <ele>921.3864750145507</ele>
      </trkpt>
      <trkpt lat="36.855328" lon="138.28122">
        <ele>921.0762136220931</ele>
      </trkpt>
      <trkpt lat="36.85535" lon="138.281232">
        <ele>920.7911259424162</ele>
      </trkpt>
      <trkpt lat="36.855364" lon="138.281244">
        <ele>920.6172238618133</ele>
      </trkpt>
      <trkpt lat="36.855386" lon="138.28126">
        <ele>920.3178237476893</ele>
      </trkpt>
      <trkpt lat="36.855406" lon="138.28127">
        <ele>920.0326122192387</ele>
      </trkpt>
      <trkpt lat="36.855428" lon="138.281278">
        <ele>919.7064301558146</ele>
      </trkpt>
      <trkpt lat="36.855447" lon="138.2813">
        <ele>919.4382556547237</ele>
      </trkpt>
      <trkpt lat="36.85549" lon="138.281336">
        <ele>918.9647303497003</ele>
      </trkpt>
      <trkpt lat="36.855506" lon="138.281342">
        <ele>918.7531915808339</ele>
      </trkpt>
      <trkpt lat="36.855518" lon="138.281358">
        <ele>918.6461135358707</ele>
      </trkpt>
      <trkpt lat="36.855531" lon="138.28137">
        <ele>918.467799145965</ele>
      </trkpt>
      <trkpt lat="36.855548" lon="138.281382">
        <ele>918.20326024205</ele>
      </trkpt>
      <trkpt lat="36.855563" lon="138.281394">
        <ele>917.965726164898</ele>
      </trkpt>
      <trkpt lat="36.855579" lon="138.2814">
        <ele>917.6983999100302</ele>
      </trkpt>
      <trkpt lat="36.855596" lon="138.281402">
        <ele>917.3973156967269</ele>
      </trkpt>
      <trkpt lat="36.855605" lon="138.2814">
        <ele>917.2268769299154</ele>
      </trkpt>
      <trkpt lat="36.855616" lon="138.281402">
        <ele>917.0417831806569</ele>
      </trkpt>
      <trkpt lat="36.855631" lon="138.281402">
        <ele>916.7751337326324</ele>
      </trkpt>
      <trkpt lat="36.855649" lon="138.28141">
        <ele>916.485007828413</ele>
      </trkpt>
      <trkpt lat="36.85567" lon="138.281428">
        <ele>916.1686626613711</ele>
      </trkpt>
      <trkpt lat="36.855684" lon="138.281446">
        <ele>915.9700947074728</ele>
      </trkpt>
      <trkpt lat="36.855704" lon="138.281458">
        <ele>915.6348341966132</ele>
      </trkpt>
      <trkpt lat="36.855722" lon="138.281458">
        <ele>915.3004867949927</ele>
      </trkpt>
      <trkpt lat="36.855741" lon="138.281458">
        <ele>914.9771711201188</ele>
      </trkpt>
      <trkpt lat="36.855753" lon="138.28146">
        <ele>914.7787330779149</ele>
      </trkpt>
      <trkpt lat="36.855766" lon="138.281468">
        <ele>914.5673284577758</ele>
      </trkpt>
      <trkpt lat="36.855783" lon="138.28148">
        <ele>914.2859775079735</ele>
      </trkpt>
      <trkpt lat="36.855804" lon="138.28149">
        <ele>913.9923208640608</ele>
      </trkpt>
      <trkpt lat="36.855823" lon="138.2815">
        <ele>913.745031103567</ele>
      </trkpt>
      <trkpt lat="36.855849" lon="138.281528">
        <ele>913.4254139127187</ele>
      </trkpt>
      <trkpt lat="36.85586" lon="138.281538">
        <ele>913.2708925954598</ele>
      </trkpt>
      <trkpt lat="36.855871" lon="138.281548">
        <ele>913.1351157135252</ele>
      </trkpt>
      <trkpt lat="36.855886" lon="138.281563">
        <ele>912.9479462209642</ele>
      </trkpt>
      <trkpt lat="36.855905" lon="138.281579">
        <ele>912.7529172737491</ele>
      </trkpt>
      <trkpt lat="36.855925" lon="138.281594">
        <ele>912.5247986714654</ele>
      </trkpt>
      <trkpt lat="36.85594" lon="138.281606">
        <ele>912.3436080091874</ele>
      </trkpt>
      <trkpt lat="36.855957" lon="138.28162">
        <ele>912.124999374898</ele>
      </trkpt>
      <trkpt lat="36.855975" lon="138.281629">
        <ele>911.8575460265267</ele>
      </trkpt>
      <trkpt lat="36.856028" lon="138.281651">
        <ele>911.0446873925546</ele>
      </trkpt>
      <trkpt lat="36.856057" lon="138.281666">
        <ele>910.687634248514</ele>
      </trkpt>
      <trkpt lat="36.856081" lon="138.281682">
        <ele>910.4103026044982</ele>
      </trkpt>
      <trkpt lat="36.856101" lon="138.281699">
        <ele>910.1773790297639</ele>
      </trkpt>
      <trkpt lat="36.856124" lon="138.28172">
        <ele>909.8727386132081</ele>
      </trkpt>
      <trkpt lat="36.856152" lon="138.281746">
        <ele>909.5510165407676</ele>
      </trkpt>
      <trkpt lat="36.856177" lon="138.281771">
        <ele>909.3703927381347</ele>
      </trkpt>
      <trkpt lat="36.856199" lon="138.281794">
        <ele>909.184732863723</ele>
      </trkpt>
      <trkpt lat="36.856223" lon="138.281816">
        <ele>908.943467625602</ele>
      </trkpt>
      <trkpt lat="36.856249" lon="138.281833">
        <ele>908.6774592794969</ele>
      </trkpt>
      <trkpt lat="36.85627" lon="138.281848">
        <ele>908.4768490027813</ele>
      </trkpt>
      <trkpt lat="36.856286" lon="138.281865">
        <ele>908.3813429691922</ele>
      </trkpt>
      <trkpt lat="36.856328" lon="138.28188">
        <ele>907.7780147535593</ele>
      </trkpt>
      <trkpt lat="36.856348" lon="138.281883">
        <ele>907.4468347337463</ele>
      </trkpt>
      <trkpt lat="36.856371" lon="138.281898">
        <ele>907.1790553812004</ele>
      </trkpt>
      <trkpt lat="36.8564" lon="138.28192">
        <ele>906.834559188794</ele>
      </trkpt>
      <trkpt lat="36.856424" lon="138.28196">
        <ele>906.7678224480358</ele>
      </trkpt>
      <trkpt lat="36.856446" lon="138.281972">
        <ele>906.4800233197916</ele>
      </trkpt>
      <trkpt lat="36.856472" lon="138.281977">
        <ele>906.0479822732478</ele>
      </trkpt>
      <trkpt lat="36.856496" lon="138.281983">
        <ele>905.6675384487489</ele>
      </trkpt>
      <trkpt lat="36.856519" lon="138.281987">
        <ele>905.2937550679956</ele>
      </trkpt>
      <trkpt lat="36.856543" lon="138.281975">
        <ele>904.8512993584646</ele>
      </trkpt>
      <trkpt lat="36.856565" lon="138.281972">
        <ele>904.5840583014033</ele>
      </trkpt>
      <trkpt lat="36.856588" lon="138.281974">
        <ele>904.3495991171369</ele>
      </trkpt>
      <trkpt lat="36.856614" lon="138.281984">
        <ele>904.0608164842971</ele>
      </trkpt>
      <trkpt lat="36.856663" lon="138.28201">
        <ele>903.7223904254568</ele>
      </trkpt>
      <trkpt lat="36.856688" lon="138.28202">
        <ele>903.5374378170513</ele>
      </trkpt>
      <trkpt lat="36.856716" lon="138.282029">
        <ele>903.4825143179053</ele>
      </trkpt>
      <trkpt lat="36.856743" lon="138.282027">
        <ele>903.4588480265911</ele>
      </trkpt>
      <trkpt lat="36.85676" lon="138.282028">
        <ele>903.4773336554949</ele>
      </trkpt>
      <trkpt lat="36.856779" lon="138.282042">
        <ele>903.5278330390679</ele>
      </trkpt>
      <trkpt lat="36.856803" lon="138.282058">
        <ele>903.5649011834956</ele>
      </trkpt>
      <trkpt lat="36.856826" lon="138.282072">
        <ele>903.596527084241</ele>
      </trkpt>
      <trkpt lat="36.856842" lon="138.282087">
        <ele>903.7041494461575</ele>
      </trkpt>
      <trkpt lat="36.856853" lon="138.282113">
        <ele>903.6983628111659</ele>
      </trkpt>
      <trkpt lat="36.856863" lon="138.282137">
        <ele>903.6740784179698</ele>
      </trkpt>
      <trkpt lat="36.856877" lon="138.282163">
        <ele>903.6619403198786</ele>
      </trkpt>
      <trkpt lat="36.856881" lon="138.282192">
        <ele>903.6296652298465</ele>
      </trkpt>
      <trkpt lat="36.856882" lon="138.282225">
        <ele>903.5681961128889</ele>
      </trkpt>
      <trkpt lat="36.856885" lon="138.282256">
        <ele>903.5278360833246</ele>
      </trkpt>
      <trkpt lat="36.856893" lon="138.282286">
        <ele>903.5331193029531</ele>
      </trkpt>
      <trkpt lat="36.856898" lon="138.282352">
        <ele>903.466445195961</ele>
      </trkpt>
      <trkpt lat="36.856894" lon="138.28238">
        <ele>903.3757051836843</ele>
      </trkpt>
      <trkpt lat="36.856886" lon="138.282402">
        <ele>903.2954276021616</ele>
      </trkpt>
      <trkpt lat="36.85688" lon="138.282422">
        <ele>903.2478991490742</ele>
      </trkpt>
      <trkpt lat="36.856877" lon="138.282437">
        <ele>903.204832925355</ele>
      </trkpt>
      <trkpt lat="36.856878" lon="138.282457">
        <ele>903.1671620080891</ele>
      </trkpt>
      <trkpt lat="36.856876" lon="138.282478">
        <ele>903.1163986786111</ele>
      </trkpt>
      <trkpt lat="36.85688" lon="138.2825">
        <ele>903.0834122897631</ele>
      </trkpt>
      <trkpt lat="36.856883" lon="138.282513">
        <ele>903.0636810638947</ele>
      </trkpt>
      <trkpt lat="36.856894" lon="138.282531">
        <ele>903.0692337147823</ele>
      </trkpt>
      <trkpt lat="36.856914" lon="138.282546">
        <ele>903.2541829883276</ele>
      </trkpt>
      <trkpt lat="36.856946" lon="138.282567">
        <ele>903.5386609090104</ele>
      </trkpt>
      <trkpt lat="36.856956" lon="138.28257">
        <ele>903.6350444501993</ele>
      </trkpt>
      <trkpt lat="36.856973" lon="138.282576">
        <ele>903.877997360286</ele>
      </trkpt>
      <trkpt lat="36.856989" lon="138.282573">
        <ele>904.1680561241701</ele>
      </trkpt>
      <trkpt lat="36.857008" lon="138.282576">
        <ele>904.4895633825109</ele>
      </trkpt>
      <trkpt lat="36.857025" lon="138.282572">
        <ele>904.8005908504138</ele>
      </trkpt>
      <trkpt lat="36.857042" lon="138.282572">
        <ele>905.1618449909566</ele>
      </trkpt>
      <trkpt lat="36.857055" lon="138.282577">
        <ele>905.4339890002947</ele>
      </trkpt>
      <trkpt lat="36.857072" lon="138.282587">
        <ele>905.7661240440684</ele>
      </trkpt>
      <trkpt lat="36.857083" lon="138.282606">
        <ele>905.905436735804</ele>
      </trkpt>
      <trkpt lat="36.857092" lon="138.282625">
        <ele>905.9915922502204</ele>
      </trkpt>
      <trkpt lat="36.857105" lon="138.282648">
        <ele>906.1520648689241</ele>
      </trkpt>
      <trkpt lat="36.85711" lon="138.28267">
        <ele>906.1387404364461</ele>
      </trkpt>
      <trkpt lat="36.85712" lon="138.282692">
        <ele>906.250583278143</ele>
      </trkpt>
      <trkpt lat="36.857131" lon="138.282708">
        <ele>906.4212408432807</ele>
      </trkpt>
      <trkpt lat="36.857139" lon="138.282724">
        <ele>906.5182467301458</ele>
      </trkpt>
      <trkpt lat="36.857143" lon="138.282738">
        <ele>906.5325967275078</ele>
      </trkpt>
      <trkpt lat="36.85714" lon="138.282756">
        <ele>906.3689723465454</ele>
      </trkpt>
      <trkpt lat="36.857141" lon="138.282779">
        <ele>906.2873929009149</ele>
      </trkpt>
      <trkpt lat="36.857152" lon="138.282796">
        <ele>906.4522700686598</ele>
      </trkpt>
      <trkpt lat="36.85716" lon="138.282813">
        <ele>906.543681700666</ele>
      </trkpt>
      <trkpt lat="36.857169" lon="138.282829">
        <ele>906.6463130990884</ele>
      </trkpt>
      <trkpt lat="36.857182" lon="138.282837">
        <ele>906.8392392371288</ele>
      </trkpt>
      <trkpt lat="36.857197" lon="138.28285">
        <ele>907.0379680907565</ele>
      </trkpt>
      <trkpt lat="36.857206" lon="138.282861">
        <ele>907.1311294070142</ele>
      </trkpt>
      <trkpt lat="36.857214" lon="138.282884">
        <ele>907.1245413115536</ele>
      </trkpt>
      <trkpt lat="36.857225" lon="138.282907">
        <ele>907.1523062854549</ele>
      </trkpt>
      <trkpt lat="36.857238" lon="138.282935">
        <ele>907.1536018906522</ele>
      </trkpt>
      <trkpt lat="36.857252" lon="138.282959">
        <ele>907.0839280756707</ele>
      </trkpt>
      <trkpt lat="36.857266" lon="138.282998">
        <ele>906.8081617719943</ele>
      </trkpt>
      <trkpt lat="36.857287" lon="138.283018">
        <ele>906.7959764353639</ele>
      </trkpt>
      <trkpt lat="36.857313" lon="138.283036">
        <ele>906.8049165001078</ele>
      </trkpt>
      <trkpt lat="36.857324" lon="138.283049">
        <ele>906.7126314339407</ele>
      </trkpt>
      <trkpt lat="36.85733" lon="138.283065">
        <ele>906.5317925520615</ele>
      </trkpt>
      <trkpt lat="36.857346" lon="138.283075">
        <ele>906.5135053861491</ele>
      </trkpt>
      <trkpt lat="36.85736" lon="138.283087">
        <ele>906.4445363255173</ele>
      </trkpt>
      <trkpt lat="36.857375" lon="138.283097">
        <ele>906.4103204427294</ele>
      </trkpt>
      <trkpt lat="36.857407" lon="138.283111">
        <ele>906.4755113497819</ele>
      </trkpt>
      <trkpt lat="36.857421" lon="138.283111">
        <ele>906.5981423275272</ele>
      </trkpt>
      <trkpt lat="36.857443" lon="138.28311">
        <ele>906.8113323694176</ele>
      </trkpt>
      <trkpt lat="36.857454" lon="138.283106">
        <ele>907.0012109206931</ele>
      </trkpt>
      <trkpt lat="36.857465" lon="138.2831">
        <ele>907.2232959581314</ele>
      </trkpt>
      <trkpt lat="36.857477" lon="138.283096">
        <ele>907.4280403811222</ele>
      </trkpt>
      <trkpt lat="36.857489" lon="138.283088">
        <ele>907.698217229047</ele>
      </trkpt>
      <trkpt lat="36.857506" lon="138.283084">
        <ele>907.967455104747</ele>
      </trkpt>
      <trkpt lat="36.857521" lon="138.28309">
        <ele>908.1124616106844</ele>
      </trkpt>
      <trkpt lat="36.857533" lon="138.283093">
        <ele>908.2760540469822</ele>
      </trkpt>
      <trkpt lat="36.857544" lon="138.28308">
        <ele>908.6908640324939</ele>
      </trkpt>
      <trkpt lat="36.857553" lon="138.28307">
        <ele>909.0230214280834</ele>
      </trkpt>
      <trkpt lat="36.857565" lon="138.283067">
        <ele>909.2924986120332</ele>
      </trkpt>
      <trkpt lat="36.857588" lon="138.283078">
        <ele>909.5519254474912</ele>
      </trkpt>
      <trkpt lat="36.857605" lon="138.283073">
        <ele>910.0106176665994</ele>
      </trkpt>
      <trkpt lat="36.857622" lon="138.283066">
        <ele>910.5042625022596</ele>
      </trkpt>
      <trkpt lat="36.85763" lon="138.283059">
        <ele>910.8013309706712</ele>
      </trkpt>
      <trkpt lat="36.857638" lon="138.283047">
        <ele>911.1857807908219</ele>
      </trkpt>
      <trkpt lat="36.857647" lon="138.283036">
        <ele>911.574596193923</ele>
      </trkpt>
      <trkpt lat="36.857664" lon="138.283039">
        <ele>911.9651824942334</ele>
      </trkpt>
      <trkpt lat="36.857672" lon="138.283045">
        <ele>912.0700065324091</ele>
      </trkpt>
      <trkpt lat="36.85768" lon="138.28305">
        <ele>912.1923068583951</ele>
      </trkpt>
      <trkpt lat="36.857688" lon="138.283057">
        <ele>912.2796546727426</ele>
      </trkpt>
      <trkpt lat="36.857704" lon="138.283072">
        <ele>912.4368741020564</ele>
      </trkpt>
      <trkpt lat="36.857718" lon="138.283069">
        <ele>912.8601102799635</ele>
      </trkpt>
      <trkpt lat="36.857728" lon="138.283066">
        <ele>913.1962675061113</ele>
      </trkpt>
      <trkpt lat="36.857724" lon="138.283055">
        <ele>913.2735354788954</ele>
      </trkpt>
      <trkpt lat="36.857736" lon="138.283055">
        <ele>913.6118764283842</ele>
      </trkpt>
      <trkpt lat="36.857744" lon="138.283063">
        <ele>913.7013916869316</ele>
      </trkpt>
      <trkpt lat="36.857752" lon="138.28307">
        <ele>913.8099484540843</ele>
      </trkpt>
      <trkpt lat="36.857756" lon="138.283081">
        <ele>913.7389236697906</ele>
      </trkpt>
      <trkpt lat="36.857762" lon="138.28309">
        <ele>913.7604380238106</ele>
      </trkpt>
      <trkpt lat="36.85777" lon="138.283097">
        <ele>913.8747968999279</ele>
      </trkpt>
      <trkpt lat="36.857782" lon="138.283097">
        <ele>914.2216884537752</ele>
      </trkpt>
      <trkpt lat="36.85779" lon="138.28309">
        <ele>914.5812722611513</ele>
      </trkpt>
      <trkpt lat="36.85779" lon="138.283075">
        <ele>914.8246514897214</ele>
      </trkpt>
      <trkpt lat="36.857792" lon="138.283064">
        <ele>915.0656496643396</ele>
      </trkpt>
      <trkpt lat="36.8578" lon="138.283054">
        <ele>915.4762862882858</ele>
      </trkpt>
      <trkpt lat="36.857806" lon="138.283047">
        <ele>915.774505517976</ele>
      </trkpt>
      <trkpt lat="36.85781" lon="138.283034">
        <ele>916.1049098109734</ele>
      </trkpt>
      <trkpt lat="36.857812" lon="138.28302">
        <ele>916.3955146784776</ele>
      </trkpt>
      <trkpt lat="36.857818" lon="138.283007">
        <ele>916.8059594604113</ele>
      </trkpt>
      <trkpt lat="36.857829" lon="138.282993">
        <ele>917.3760891969989</ele>
      </trkpt>
      <trkpt lat="36.857838" lon="138.282988">
        <ele>917.7260855521017</ele>
      </trkpt>
      <trkpt lat="36.85784" lon="138.282963">
        <ele>918.2041371477098</ele>
      </trkpt>
      <trkpt lat="36.857846" lon="138.282952">
        <ele>918.5574883632147</ele>
      </trkpt>
      <trkpt lat="36.857844" lon="138.282939">
        <ele>918.717490946047</ele>
      </trkpt>
      <trkpt lat="36.857846" lon="138.282922">
        <ele>919.0545721748617</ele>
      </trkpt>
      <trkpt lat="36.85786" lon="138.282914">
        <ele>919.5563548009272</ele>
      </trkpt>
      <trkpt lat="36.857866" lon="138.282905">
        <ele>919.8560822705747</ele>
      </trkpt>
      <trkpt lat="36.857884" lon="138.282893">
        <ele>920.507336650774</ele>
      </trkpt>
      <trkpt lat="36.85789" lon="138.282884">
        <ele>920.8012621027457</ele>
      </trkpt>
      <trkpt lat="36.857894" lon="138.282873">
        <ele>921.0743244874602</ele>
      </trkpt>
      <trkpt lat="36.857916" lon="138.282861">
        <ele>921.8097225196748</ele>
      </trkpt>
      <trkpt lat="36.857926" lon="138.28286">
        <ele>922.0640187261741</ele>
      </trkpt>
      <trkpt lat="36.857942" lon="138.282862">
        <ele>922.3915775504584</ele>
      </trkpt>
      <trkpt lat="36.857953" lon="138.282862">
        <ele>922.6373403573191</ele>
      </trkpt>
      <trkpt lat="36.857968" lon="138.282877">
        <ele>922.7801784407246</ele>
      </trkpt>
      <trkpt lat="36.857975" lon="138.28289">
        <ele>922.7798944987558</ele>
      </trkpt>
      <trkpt lat="36.857982" lon="138.282901">
        <ele>922.8130875362126</ele>
      </trkpt>
      <trkpt lat="36.857989" lon="138.282908">
        <ele>922.9011214191534</ele>
      </trkpt>
      <trkpt lat="36.858004" lon="138.282922">
        <ele>923.0676755263894</ele>
      </trkpt>
      <trkpt lat="36.858013" lon="138.282936">
        <ele>923.103931722778</ele>
      </trkpt>
      <trkpt lat="36.858013" lon="138.282949">
        <ele>922.952741608637</ele>
      </trkpt>
      <trkpt lat="36.858018" lon="138.282963">
        <ele>922.9045916903308</ele>
      </trkpt>
      <trkpt lat="36.858026" lon="138.282975">
        <ele>922.9571125549711</ele>
      </trkpt>
      <trkpt lat="36.858036" lon="138.28299">
        <ele>923.0365054245592</ele>
      </trkpt>
      <trkpt lat="36.858039" lon="138.283001">
        <ele>922.9958888494735</ele>
      </trkpt>
      <trkpt lat="36.858045" lon="138.283009">
        <ele>923.0656524837505</ele>
      </trkpt>
      <trkpt lat="36.858051" lon="138.283021">
        <ele>923.1012608714894</ele>
      </trkpt>
      <trkpt lat="36.858055" lon="138.283037">
        <ele>923.0403861634909</ele>
      </trkpt>
      <trkpt lat="36.858059" lon="138.283049">
        <ele>923.0193983963703</ele>
      </trkpt>
      <trkpt lat="36.858067" lon="138.283061">
        <ele>923.0850173662066</ele>
      </trkpt>
      <trkpt lat="36.858071" lon="138.283081">
        <ele>922.9818018348708</ele>
      </trkpt>
      <trkpt lat="36.858075" lon="138.283093">
        <ele>922.9643607691393</ele>
      </trkpt>
      <trkpt lat="36.858087" lon="138.283092">
        <ele>923.2778000584212</ele>
      </trkpt>
      <trkpt lat="36.858096" lon="138.283087">
        <ele>923.5487771051214</ele>
      </trkpt>
      <trkpt lat="36.858094" lon="138.283075">
        <ele>923.6035061094055</ele>
      </trkpt>
      <trkpt lat="36.858101" lon="138.283063">
        <ele>923.8751959712398</ele>
      </trkpt>
      <trkpt lat="36.858099" lon="138.283051">
        <ele>923.9293142273385</ele>
      </trkpt>
      <trkpt lat="36.858111" lon="138.283043">
        <ele>924.2709824469587</ele>
      </trkpt>
      <trkpt lat="36.85812" lon="138.283056">
        <ele>924.3799623477155</ele>
      </trkpt>
      <trkpt lat="36.858121" lon="138.283074">
        <ele>924.2709126655394</ele>
      </trkpt>
      <trkpt lat="36.85812" lon="138.283091">
        <ele>924.1204862316257</ele>
      </trkpt>
      <trkpt lat="36.858116" lon="138.283112">
        <ele>923.8631798785492</ele>
      </trkpt>
      <trkpt lat="36.858118" lon="138.283128">
        <ele>923.8196736705021</ele>
      </trkpt>
      <trkpt lat="36.85812" lon="138.28315">
        <ele>923.7414545061662</ele>
      </trkpt>
      <trkpt lat="36.85812" lon="138.283166">
        <ele>923.6459912353728</ele>
      </trkpt>
      <trkpt lat="36.858118" lon="138.283196">
        <ele>923.4121469195835</ele>
      </trkpt>
      <trkpt lat="36.858121" lon="138.283214">
        <ele>923.4068452399714</ele>
      </trkpt>
      <trkpt lat="36.858122" lon="138.283234">
        <ele>923.3376487595785</ele>
      </trkpt>
      <trkpt lat="36.858134" lon="138.283244">
        <ele>923.619408908412</ele>
      </trkpt>
      <trkpt lat="36.858143" lon="138.283248">
        <ele>923.8319582982313</ele>
      </trkpt>
      <trkpt lat="36.858151" lon="138.283236">
        <ele>924.0884235624849</ele>
      </trkpt>
      <trkpt lat="36.858156" lon="138.283218">
        <ele>924.2910618141607</ele>
      </trkpt>
      <trkpt lat="36.858161" lon="138.2832">
        <ele>924.4906463440311</ele>
      </trkpt>
      <trkpt lat="36.858171" lon="138.283186">
        <ele>924.7982455607233</ele>
      </trkpt>
      <trkpt lat="36.858176" lon="138.283168">
        <ele>924.9961388361236</ele>
      </trkpt>
      <trkpt lat="36.858181" lon="138.283142">
        <ele>925.2202265515998</ele>
      </trkpt>
      <trkpt lat="36.858188" lon="138.283133">
        <ele>925.415002447489</ele>
      </trkpt>
      <trkpt lat="36.858197" lon="138.28312">
        <ele>925.6641199670406</ele>
      </trkpt>
      <trkpt lat="36.858212" lon="138.283104">
        <ele>926.034701822593</ele>
      </trkpt>
      <trkpt lat="36.858221" lon="138.283094">
        <ele>926.2616129641647</ele>
      </trkpt>
      <trkpt lat="36.858223" lon="138.283082">
        <ele>926.3548085627237</ele>
      </trkpt>
      <trkpt lat="36.858217" lon="138.283062">
        <ele>926.3370796837025</ele>
      </trkpt>
      <trkpt lat="36.858216" lon="138.283036">
        <ele>926.4454226565149</ele>
      </trkpt>
      <trkpt lat="36.858222" lon="138.283014">
        <ele>926.6537419366532</ele>
      </trkpt>
      <trkpt lat="36.858235" lon="138.282996">
        <ele>926.9530498647</ele>
      </trkpt>
      <trkpt lat="36.858251" lon="138.282976">
        <ele>927.2999559736013</ele>
      </trkpt>
      <trkpt lat="36.858265" lon="138.282934">
        <ele>927.7044266451355</ele>
      </trkpt>
      <trkpt lat="36.858264" lon="138.282912">
        <ele>927.7681382350777</ele>
      </trkpt>
      <trkpt lat="36.858265" lon="138.28289">
        <ele>927.8592078817143</ele>
      </trkpt>
      <trkpt lat="36.858265" lon="138.282862">
        <ele>927.9577050322516</ele>
      </trkpt>
      <trkpt lat="36.858266" lon="138.282832">
        <ele>928.0972149167104</ele>
      </trkpt>
      <trkpt lat="36.858269" lon="138.282804">
        <ele>928.2530596237252</ele>
      </trkpt>
      <trkpt lat="36.85827" lon="138.282758">
        <ele>928.4406804833786</ele>
      </trkpt>
      <trkpt lat="36.858257" lon="138.282734">
        <ele>928.3462701445033</ele>
      </trkpt>
      <trkpt lat="36.858243" lon="138.282712">
        <ele>928.2410957302856</ele>
      </trkpt>
      <trkpt lat="36.858229" lon="138.282694">
        <ele>928.1471861288748</ele>
      </trkpt>
      <trkpt lat="36.858216" lon="138.282676">
        <ele>928.0661026851285</ele>
      </trkpt>
      <trkpt lat="36.858205" lon="138.282656">
        <ele>927.9699979190727</ele>
      </trkpt>
      <trkpt lat="36.858193" lon="138.28263">
        <ele>927.856959416008</ele>
      </trkpt>
      <trkpt lat="36.858177" lon="138.282608">
        <ele>927.691745702127</ele>
      </trkpt>
      <trkpt lat="36.858155" lon="138.282588">
        <ele>927.4564505953817</ele>
      </trkpt>
      <trkpt lat="36.858133" lon="138.282574">
        <ele>927.1995839717338</ele>
      </trkpt>
      <trkpt lat="36.858117" lon="138.282555">
        <ele>926.9668933400053</ele>
      </trkpt>
      <trkpt lat="36.858091" lon="138.28251">
        <ele>926.5672900662418</ele>
      </trkpt>
      <trkpt lat="36.858076" lon="138.282482">
        <ele>926.2967549713336</ele>
      </trkpt>
      <trkpt lat="36.858061" lon="138.282452">
        <ele>926.0171617574069</ele>
      </trkpt>
      <trkpt lat="36.858044" lon="138.282418">
        <ele>925.6899250634457</ele>
      </trkpt>
      <trkpt lat="36.858034" lon="138.28239">
        <ele>925.423353039066</ele>
      </trkpt>
      <trkpt lat="36.858029" lon="138.282366">
        <ele>925.2405732504874</ele>
      </trkpt>
      <trkpt lat="36.858043" lon="138.282312">
        <ele>925.0907864302894</ele>
      </trkpt>
      <trkpt lat="36.858056" lon="138.282288">
        <ele>925.0794100283396</ele>
      </trkpt>
      <trkpt lat="36.858075" lon="138.282265">
        <ele>925.1172409643981</ele>
      </trkpt>
      <trkpt lat="36.858094" lon="138.282251">
        <ele>925.1975026902511</ele>
      </trkpt>
      <trkpt lat="36.858112" lon="138.28224">
        <ele>925.2679882662794</ele>
      </trkpt>
      <trkpt lat="36.858121" lon="138.282222">
        <ele>925.2003176916554</ele>
      </trkpt>
      <trkpt lat="36.858127" lon="138.282203">
        <ele>925.095217047214</ele>
      </trkpt>
      <trkpt lat="36.85814" lon="138.282181">
        <ele>924.994259592426</ele>
      </trkpt>
      <trkpt lat="36.85816" lon="138.282165">
        <ele>924.9796936948222</ele>
      </trkpt>
      <trkpt lat="36.858185" lon="138.28215">
        <ele>924.9736746108169</ele>
      </trkpt>
      <trkpt lat="36.858222" lon="138.282127">
        <ele>924.8688526774765</ele>
      </trkpt>
      <trkpt lat="36.85824" lon="138.282114">
        <ele>924.784958593129</ele>
      </trkpt>
      <trkpt lat="36.858257" lon="138.2821">
        <ele>924.6876664940272</ele>
      </trkpt>
      <trkpt lat="36.858264" lon="138.282091">
        <ele>924.6136805266144</ele>
      </trkpt>
      <trkpt lat="36.858267" lon="138.282074">
        <ele>924.4294775925315</ele>
      </trkpt>
      <trkpt lat="36.858268" lon="138.282055">
        <ele>924.20349949814</ele>
      </trkpt>
      <trkpt lat="36.858279" lon="138.282011">
        <ele>923.6296987331752</ele>
      </trkpt>
      <trkpt lat="36.858291" lon="138.281993">
        <ele>923.341591078734</ele>
      </trkpt>
      <trkpt lat="36.858311" lon="138.281984">
        <ele>923.1058104011081</ele>
      </trkpt>
      <trkpt lat="36.858359" lon="138.281986">
        <ele>922.7679777741005</ele>
      </trkpt>
      <trkpt lat="36.858374" lon="138.281996">
        <ele>922.7861896814456</ele>
      </trkpt>
      <trkpt lat="36.858389" lon="138.282009">
        <ele>922.8620878293684</ele>
      </trkpt>
      <trkpt lat="36.858407" lon="138.282028">
        <ele>923.0033288604807</ele>
      </trkpt>
      <trkpt lat="36.858423" lon="138.282043">
        <ele>923.0437181272258</ele>
      </trkpt>
      <trkpt lat="36.858441" lon="138.282059">
        <ele>923.0932235135097</ele>
      </trkpt>
      <trkpt lat="36.858457" lon="138.282083">
        <ele>923.3233362236941</ele>
      </trkpt>
      <trkpt lat="36.858473" lon="138.282108">
        <ele>923.5431853211048</ele>
      </trkpt>
      <trkpt lat="36.858491" lon="138.282129">
        <ele>923.6391387372116</ele>
      </trkpt>
      <trkpt lat="36.858506" lon="138.282151">
        <ele>923.8049171257425</ele>
      </trkpt>
      <trkpt lat="36.858521" lon="138.282175">
        <ele>924.009964676746</ele>
      </trkpt>
      <trkpt lat="36.858536" lon="138.282195">
        <ele>924.1657021645643</ele>
      </trkpt>
      <trkpt lat="36.858568" lon="138.282227">
        <ele>924.2718750246804</ele>
      </trkpt>
      <trkpt lat="36.858586" lon="138.28224">
        <ele>924.2369613267019</ele>
      </trkpt>
      <trkpt lat="36.858606" lon="138.282254">
        <ele>924.183972510043</ele>
      </trkpt>
      <trkpt lat="36.858628" lon="138.282266">
        <ele>924.0456470447598</ele>
      </trkpt>
      <trkpt lat="36.858663" lon="138.282295">
        <ele>923.9752344931485</ele>
      </trkpt>
      <trkpt lat="36.858682" lon="138.282306">
        <ele>923.8566620289937</ele>
      </trkpt>
      <trkpt lat="36.8587" lon="138.28232">
        <ele>923.7761607166934</ele>
      </trkpt>
      <trkpt lat="36.858721" lon="138.282337">
        <ele>923.7036363101768</ele>
      </trkpt>
      <trkpt lat="36.858741" lon="138.282353">
        <ele>923.6073395924186</ele>
      </trkpt>
      <trkpt lat="36.858759" lon="138.28237">
        <ele>923.545354948743</ele>
      </trkpt>
      <trkpt lat="36.858776" lon="138.282394">
        <ele>923.6053666761255</ele>
      </trkpt>
      <trkpt lat="36.858794" lon="138.282425">
        <ele>923.760425819411</ele>
      </trkpt>
      <trkpt lat="36.85881" lon="138.282459">
        <ele>923.9002731709055</ele>
      </trkpt>
      <trkpt lat="36.858825" lon="138.282489">
        <ele>924.0061876740983</ele>
      </trkpt>
      <trkpt lat="36.858838" lon="138.282515">
        <ele>924.1042279508443</ele>
      </trkpt>
      <trkpt lat="36.858855" lon="138.282538">
        <ele>924.0998982694246</ele>
      </trkpt>
      <trkpt lat="36.85889" lon="138.282564">
        <ele>923.8480653169491</ele>
      </trkpt>
      <trkpt lat="36.85891" lon="138.282574">
        <ele>923.6673901983304</ele>
      </trkpt>
      <trkpt lat="36.858931" lon="138.282587">
        <ele>923.5161165611555</ele>
      </trkpt>
      <trkpt lat="36.858951" lon="138.282599">
        <ele>923.3658239679421</ele>
      </trkpt>
      <trkpt lat="36.858976" lon="138.282616">
        <ele>923.1885772598455</ele>
      </trkpt>
      <trkpt lat="36.859005" lon="138.282636">
        <ele>923.004342687194</ele>
      </trkpt>
      <trkpt lat="36.859029" lon="138.28265">
        <ele>922.8407802447455</ele>
      </trkpt>
      <trkpt lat="36.859044" lon="138.282672">
        <ele>922.9005187670248</ele>
      </trkpt>
      <trkpt lat="36.859063" lon="138.282696">
        <ele>922.9060607658857</ele>
      </trkpt>
      <trkpt lat="36.859098" lon="138.282728">
        <ele>922.7953102108747</ele>
      </trkpt>
      <trkpt lat="36.859137" lon="138.282758">
        <ele>922.6000994609783</ele>
      </trkpt>
      <trkpt lat="36.85916" lon="138.282774">
        <ele>922.4286378726844</ele>
      </trkpt>
      <trkpt lat="36.859182" lon="138.282792">
        <ele>922.3092481999437</ele>
      </trkpt>
      <trkpt lat="36.859203" lon="138.28281">
        <ele>922.200051525306</ele>
      </trkpt>
      <trkpt lat="36.859229" lon="138.282826">
        <ele>922.0282386206796</ele>
      </trkpt>
      <trkpt lat="36.859254" lon="138.28284">
        <ele>921.8549678505403</ele>
      </trkpt>
      <trkpt lat="36.859276" lon="138.282854">
        <ele>921.7080186488807</ele>
      </trkpt>
      <trkpt lat="36.859301" lon="138.282873">
        <ele>921.5272008434872</ele>
      </trkpt>
      <trkpt lat="36.859313" lon="138.282892">
        <ele>921.4887675898156</ele>
      </trkpt>
      <trkpt lat="36.859324" lon="138.282913">
        <ele>921.4660617501947</ele>
      </trkpt>
      <trkpt lat="36.859336" lon="138.282933">
        <ele>921.4311237181546</ele>
      </trkpt>
      <trkpt lat="36.859353" lon="138.282956">
        <ele>921.2826147335211</ele>
      </trkpt>
      <trkpt lat="36.85937" lon="138.282981">
        <ele>921.1014623153494</ele>
      </trkpt>
      <trkpt lat="36.859391" lon="138.282999">
        <ele>920.8970152512196</ele>
      </trkpt>
      <trkpt lat="36.859427" lon="138.283022">
        <ele>920.5556886875071</ele>
      </trkpt>
      <trkpt lat="36.859444" lon="138.283034">
        <ele>920.3576477990488</ele>
      </trkpt>
      <trkpt lat="36.859458" lon="138.283046">
        <ele>920.1794066033797</ele>
      </trkpt>
      <trkpt lat="36.859464" lon="138.283058">
        <ele>920.0710609107284</ele>
      </trkpt>
      <trkpt lat="36.85947" lon="138.283071">
        <ele>919.9580548762348</ele>
      </trkpt>
      <trkpt lat="36.859481" lon="138.283091">
        <ele>919.7687417636629</ele>
      </trkpt>
      <trkpt lat="36.859496" lon="138.283115">
        <ele>919.5020267548799</ele>
      </trkpt>
      <trkpt lat="36.859506" lon="138.28314">
        <ele>919.1723189376689</ele>
      </trkpt>
      <trkpt lat="36.859518" lon="138.28317">
        <ele>918.755962090657</ele>
      </trkpt>
      <trkpt lat="36.859528" lon="138.283202">
        <ele>918.3388893897779</ele>
      </trkpt>
      <trkpt lat="36.859535" lon="138.283228">
        <ele>918.0298835714744</ele>
      </trkpt>
      <trkpt lat="36.859556" lon="138.283243">
        <ele>917.6375425206497</ele>
      </trkpt>
      <trkpt lat="36.859577" lon="138.283249">
        <ele>917.3383918772338</ele>
      </trkpt>
      <trkpt lat="36.859591" lon="138.283256">
        <ele>917.135684340545</ele>
      </trkpt>
      <trkpt lat="36.859608" lon="138.283267">
        <ele>916.8601758631735</ele>
      </trkpt>
      <trkpt lat="36.859629" lon="138.28329">
        <ele>916.4529416292686</ele>
      </trkpt>
      <trkpt lat="36.859659" lon="138.283312">
        <ele>916.0189887125059</ele>
      </trkpt>
      <trkpt lat="36.859693" lon="138.283326">
        <ele>915.590866544704</ele>
      </trkpt>
      <trkpt lat="36.85972" lon="138.283339">
        <ele>915.2753800640821</ele>
      </trkpt>
      <trkpt lat="36.859747" lon="138.283346">
        <ele>915.0380202603301</ele>
      </trkpt>
      <trkpt lat="36.859776" lon="138.283355">
        <ele>914.7744479164721</ele>
      </trkpt>
      <trkpt lat="36.8598" lon="138.283358">
        <ele>914.5822321047781</ele>
      </trkpt>
      <trkpt lat="36.859818" lon="138.283362">
        <ele>914.4278757205939</ele>
      </trkpt>
      <trkpt lat="36.859836" lon="138.283369">
        <ele>914.264632123756</ele>
      </trkpt>
      <trkpt lat="36.859862" lon="138.283379">
        <ele>914.0636799543172</ele>
      </trkpt>
      <trkpt lat="36.859882" lon="138.283373">
        <ele>913.925054013171</ele>
      </trkpt>
      <trkpt lat="36.859899" lon="138.283366">
        <ele>913.8148275226595</ele>
      </trkpt>
      <trkpt lat="36.859944" lon="138.283369">
        <ele>913.4343931990682</ele>
      </trkpt>
      <trkpt lat="36.859967" lon="138.283369">
        <ele>913.2334422815594</ele>
      </trkpt>
      <trkpt lat="36.859991" lon="138.283374">
        <ele>913.0179288810588</ele>
      </trkpt>
      <trkpt lat="36.860016" lon="138.283376">
        <ele>912.7971736646259</ele>
      </trkpt>
      <trkpt lat="36.860037" lon="138.283378">
        <ele>912.6113664007748</ele>
      </trkpt>
      <trkpt lat="36.860059" lon="138.283376">
        <ele>912.3885463998013</ele>
      </trkpt>
      <trkpt lat="36.860083" lon="138.283375">
        <ele>912.0782401522416</ele>
      </trkpt>
      <trkpt lat="36.860106" lon="138.283375">
        <ele>911.7798736414226</ele>
      </trkpt>
      <trkpt lat="36.860133" lon="138.283375">
        <ele>911.4278695327702</ele>
      </trkpt>
      <trkpt lat="36.860155" lon="138.283375">
        <ele>911.139547939832</ele>
      </trkpt>
      <trkpt lat="36.860174" lon="138.283378">
        <ele>910.8905428610749</ele>
      </trkpt>
      <trkpt lat="36.860202" lon="138.283381">
        <ele>910.4679452210414</ele>
      </trkpt>
      <trkpt lat="36.860231" lon="138.283386">
        <ele>909.971610381813</ele>
      </trkpt>
      <trkpt lat="36.860295" lon="138.283404">
        <ele>908.8512159541883</ele>
      </trkpt>
      <trkpt lat="36.860326" lon="138.283418">
        <ele>908.3161394886685</ele>
      </trkpt>
      <trkpt lat="36.860355" lon="138.283429">
        <ele>907.7505649443258</ele>
      </trkpt>
      <trkpt lat="36.860371" lon="138.283438">
        <ele>907.4453535255051</ele>
      </trkpt>
      <trkpt lat="36.86039" lon="138.283448">
        <ele>907.0813128861599</ele>
      </trkpt>
      <trkpt lat="36.860407" lon="138.283459">
        <ele>906.7854968342001</ele>
      </trkpt>
      <trkpt lat="36.860426" lon="138.283467">
        <ele>906.4537836722568</ele>
      </trkpt>
      <trkpt lat="36.860445" lon="138.283467">
        <ele>906.0941083941149</ele>
      </trkpt>
      <trkpt lat="36.86047" lon="138.283468">
        <ele>905.6162146127689</ele>
      </trkpt>
      <trkpt lat="36.860492" lon="138.28347">
        <ele>905.1812823092886</ele>
      </trkpt>
      <trkpt lat="36.860516" lon="138.283479">
        <ele>904.7384485466584</ele>
      </trkpt>
      <trkpt lat="36.86054" lon="138.283499">
        <ele>904.367506440053</ele>
      </trkpt>
      <trkpt lat="36.860569" lon="138.283521">
        <ele>903.9575389038009</ele>
      </trkpt>
      <trkpt lat="36.860592" lon="138.283536">
        <ele>903.633879300628</ele>
      </trkpt>
      <trkpt lat="36.860619" lon="138.283553">
        <ele>903.2173504946059</ele>
      </trkpt>
      <trkpt lat="36.860649" lon="138.283566">
        <ele>902.7100250769181</ele>
      </trkpt>
      <trkpt lat="36.860681" lon="138.283587">
        <ele>902.202121461556</ele>
      </trkpt>
      <trkpt lat="36.860733" lon="138.283609">
        <ele>901.3202709506742</ele>
      </trkpt>
      <trkpt lat="36.860754" lon="138.283616">
        <ele>900.88512434736</ele>
      </trkpt>
      <trkpt lat="36.860776" lon="138.283628">
        <ele>900.4128559462735</ele>
      </trkpt>
      <trkpt lat="36.860793" lon="138.283641">
        <ele>900.016774478928</ele>
      </trkpt>
      <trkpt lat="36.860811" lon="138.283654">
        <ele>899.5845682566992</ele>
      </trkpt>
      <trkpt lat="36.860823" lon="138.283669">
        <ele>899.2700328399437</ele>
      </trkpt>
      <trkpt lat="36.860839" lon="138.28369">
        <ele>898.850652207994</ele>
      </trkpt>
      <trkpt lat="36.860878" lon="138.283723">
        <ele>897.7799316904218</ele>
      </trkpt>
      <trkpt lat="36.860889" lon="138.283736">
        <ele>897.3865900664325</ele>
      </trkpt>
      <trkpt lat="36.86091" lon="138.283751">
        <ele>896.6662316521385</ele>
      </trkpt>
      <trkpt lat="36.860927" lon="138.283764">
        <ele>896.08966771109</ele>
      </trkpt>
      <trkpt lat="36.860945" lon="138.283776">
        <ele>895.4847615117222</ele>
      </trkpt>
      <trkpt lat="36.860964" lon="138.283792">
        <ele>894.7733301241922</ele>
      </trkpt>
      <trkpt lat="36.861005" lon="138.283821">
        <ele>893.1908883558356</ele>
      </trkpt>
      <trkpt lat="36.861025" lon="138.283832">
        <ele>892.3491652628124</ele>
      </trkpt>
      <trkpt lat="36.86104" lon="138.283845">
        <ele>891.6786883389798</ele>
      </trkpt>
      <trkpt lat="36.861051" lon="138.283863">
        <ele>891.1768503781052</ele>
      </trkpt>
      <trkpt lat="36.861062" lon="138.283875">
        <ele>890.6993663105269</ele>
      </trkpt>
      <trkpt lat="36.861077" lon="138.283882">
        <ele>890.0749592772078</ele>
      </trkpt>
      <trkpt lat="36.861107" lon="138.283892">
        <ele>888.7363610377957</ele>
      </trkpt>
      <trkpt lat="36.861135" lon="138.283937">
        <ele>887.5113440346499</ele>
      </trkpt>
      <trkpt lat="36.861145" lon="138.283959">
        <ele>887.100470112125</ele>
      </trkpt>
      <trkpt lat="36.861156" lon="138.283971">
        <ele>886.6349722298463</ele>
      </trkpt>
      <trkpt lat="36.861174" lon="138.283976">
        <ele>885.8399978466002</ele>
      </trkpt>
      <trkpt lat="36.861197" lon="138.283976">
        <ele>884.8080001638381</ele>
      </trkpt>
      <trkpt lat="36.861215" lon="138.283971">
        <ele>883.9776639811033</ele>
      </trkpt>
      <trkpt lat="36.861228" lon="138.283961">
        <ele>883.3641380967705</ele>
      </trkpt>
      <trkpt lat="36.86124" lon="138.283949">
        <ele>882.786426815294</ele>
      </trkpt>
      <trkpt lat="36.861245" lon="138.283928">
        <ele>882.4725897645385</ele>
      </trkpt>
      <trkpt lat="36.861255" lon="138.283899">
        <ele>881.8850196041095</ele>
      </trkpt>
      <trkpt lat="36.861265" lon="138.2839">
        <ele>881.4298276377298</ele>
      </trkpt>
      <trkpt lat="36.861281" lon="138.283884">
        <ele>880.6041690170555</ele>
      </trkpt>
      <trkpt lat="36.861296" lon="138.283872">
        <ele>879.8943183865665</ele>
      </trkpt>
      <trkpt lat="36.861314" lon="138.283859">
        <ele>879.0707779875227</ele>
      </trkpt>
      <trkpt lat="36.861339" lon="138.283857">
        <ele>877.9849093920197</ele>
      </trkpt>
      <trkpt lat="36.861356" lon="138.283878">
        <ele>877.3750005562498</ele>
      </trkpt>
      <trkpt lat="36.861372" lon="138.283891">
        <ele>876.8809819432946</ele>
      </trkpt>
      <trkpt lat="36.861388" lon="138.283894">
        <ele>876.3235109106771</ele>
      </trkpt>
      <trkpt lat="36.861401" lon="138.283886">
        <ele>875.7908285396252</ele>
      </trkpt>
      <trkpt lat="36.861418" lon="138.283879">
        <ele>875.1270299732018</ele>
      </trkpt>
      <trkpt lat="36.861438" lon="138.283871">
        <ele>874.5006290215418</ele>
      </trkpt>
      <trkpt lat="36.861472" lon="138.283848">
        <ele>873.5271542298492</ele>
      </trkpt>
      <trkpt lat="36.861489" lon="138.283836">
        <ele>873.04858291319</ele>
      </trkpt>
      <trkpt lat="36.861507" lon="138.283822">
        <ele>872.6727005214333</ele>
      </trkpt>
      <trkpt lat="36.861523" lon="138.283812">
        <ele>872.3989423330605</ele>
      </trkpt>
      <trkpt lat="36.86154" lon="138.283804">
        <ele>872.1288585380562</ele>
      </trkpt>
      <trkpt lat="36.861549" lon="138.283807">
        <ele>871.9962622653225</ele>
      </trkpt>
      <trkpt lat="36.861558" lon="138.283809">
        <ele>871.8607142986494</ele>
      </trkpt>
      <trkpt lat="36.861567" lon="138.283813">
        <ele>871.773869576626</ele>
      </trkpt>
      <trkpt lat="36.861584" lon="138.283819">
        <ele>871.6784418193739</ele>
      </trkpt>
      <trkpt lat="36.861597" lon="138.283823">
        <ele>871.5995098345927</ele>
      </trkpt>
      <trkpt lat="36.861615" lon="138.283826">
        <ele>871.4883293179556</ele>
      </trkpt>
      <trkpt lat="36.861644" lon="138.283836">
        <ele>871.4030330315716</ele>
      </trkpt>
      <trkpt lat="36.861662" lon="138.283846">
        <ele>871.4031784982625</ele>
      </trkpt>
      <trkpt lat="36.861677" lon="138.283856">
        <ele>871.3735709122325</ele>
      </trkpt>
      <trkpt lat="36.86169" lon="138.283867">
        <ele>871.3138914046863</ele>
      </trkpt>
      <trkpt lat="36.8617" lon="138.283873">
        <ele>871.2797955881404</ele>
      </trkpt>
      <trkpt lat="36.861709" lon="138.283876">
        <ele>871.3244734907751</ele>
      </trkpt>
      <trkpt lat="36.861722" lon="138.283874">
        <ele>871.4439316148197</ele>
      </trkpt>
      <trkpt lat="36.861737" lon="138.283874">
        <ele>871.5614339124944</ele>
      </trkpt>
      <trkpt lat="36.86175" lon="138.283876">
        <ele>871.6400816034595</ele>
      </trkpt>
      <trkpt lat="36.861761" lon="138.28388">
        <ele>871.6753956650755</ele>
      </trkpt>
      <trkpt lat="36.861768" lon="138.283887">
        <ele>871.6546558958324</ele>
      </trkpt>
      <trkpt lat="36.861782" lon="138.283895">
        <ele>871.7309359598921</ele>
      </trkpt>
      <trkpt lat="36.8618" lon="138.283903">
        <ele>871.8329870052711</ele>
      </trkpt>
      <trkpt lat="36.861817" lon="138.28391">
        <ele>871.9184476100561</ele>
      </trkpt>
      <trkpt lat="36.861827" lon="138.283911">
        <ele>872.0027135176604</ele>
      </trkpt>
      <trkpt lat="36.86184" lon="138.283926">
        <ele>871.9300010296927</ele>
      </trkpt>
      <trkpt lat="36.861848" lon="138.283932">
        <ele>871.9432791173783</ele>
      </trkpt>
      <trkpt lat="36.861861" lon="138.28394">
        <ele>871.9728125293127</ele>
      </trkpt>
      <trkpt lat="36.861871" lon="138.283943">
        <ele>872.0362348796896</ele>
      </trkpt>
      <trkpt lat="36.861878" lon="138.28395">
        <ele>871.9878790266075</ele>
      </trkpt>
      <trkpt lat="36.86189" lon="138.283963">
        <ele>871.862365044117</ele>
      </trkpt>
      <trkpt lat="36.861902" lon="138.28397">
        <ele>871.8357310904961</ele>
      </trkpt>
      <trkpt lat="36.861939" lon="138.283985">
        <ele>872.0535137906234</ele>
      </trkpt>
      <trkpt lat="36.861979" lon="138.284025">
        <ele>871.7052431179814</ele>
      </trkpt>
      <trkpt lat="36.861999" lon="138.284043">
        <ele>871.571046829305</ele>
      </trkpt>
      <trkpt lat="36.862015" lon="138.284065">
        <ele>871.3257724516062</ele>
      </trkpt>
      <trkpt lat="36.862049" lon="138.284105">
        <ele>870.9814770215826</ele>
      </trkpt>
      <trkpt lat="36.86207" lon="138.284124">
        <ele>870.9144955153854</ele>
      </trkpt>
      <trkpt lat="36.862096" lon="138.284143">
        <ele>870.9161007322216</ele>
      </trkpt>
      <trkpt lat="36.862129" lon="138.284166">
        <ele>870.9238107129074</ele>
      </trkpt>
      <trkpt lat="36.86216" lon="138.284177">
        <ele>871.0791501495034</ele>
      </trkpt>
      <trkpt lat="36.86219" lon="138.284179">
        <ele>871.3916692594503</ele>
      </trkpt>
      <trkpt lat="36.862216" lon="138.284177">
        <ele>871.7420749026635</ele>
      </trkpt>
      <trkpt lat="36.862241" lon="138.284178">
        <ele>872.014983526812</ele>
      </trkpt>
      <trkpt lat="36.862291" lon="138.284166">
        <ele>872.6746085565048</ele>
      </trkpt>
      <trkpt lat="36.862317" lon="138.284162">
        <ele>872.9501263125737</ele>
      </trkpt>
      <trkpt lat="36.862335" lon="138.284164">
        <ele>873.0175394808793</ele>
      </trkpt>
      <trkpt lat="36.862351" lon="138.284164">
        <ele>873.1208072927138</ele>
      </trkpt>
      <trkpt lat="36.862364" lon="138.284167">
        <ele>873.1265664349855</ele>
      </trkpt>
      <trkpt lat="36.862378" lon="138.284168">
        <ele>873.1889769432896</ele>
      </trkpt>
      <trkpt lat="36.862396" lon="138.284172">
        <ele>873.1561772612013</ele>
      </trkpt>
      <trkpt lat="36.86241" lon="138.284178">
        <ele>873.0260438301075</ele>
      </trkpt>
      <trkpt lat="36.862424" lon="138.28418">
        <ele>873.0028231610754</ele>
      </trkpt>
      <trkpt lat="36.862453" lon="138.284184">
        <ele>872.9556912276057</ele>
      </trkpt>
      <trkpt lat="36.862462" lon="138.284188">
        <ele>872.862786567395</ele>
      </trkpt>
      <trkpt lat="36.862472" lon="138.284191">
        <ele>872.7989394532751</ele>
      </trkpt>
      <trkpt lat="36.862489" lon="138.284191">
        <ele>872.833635305095</ele>
      </trkpt>
      <trkpt lat="36.862509" lon="138.284202">
        <ele>872.5567422149052</ele>
      </trkpt>
      <trkpt lat="36.862557" lon="138.284226">
        <ele>871.9342639419751</ele>
      </trkpt>
      <trkpt lat="36.862587" lon="138.284237">
        <ele>871.671040698164</ele>
      </trkpt>
      <trkpt lat="36.862611" lon="138.284246">
        <ele>871.4533401176801</ele>
      </trkpt>
      <trkpt lat="36.862634" lon="138.284253">
        <ele>871.2910989189058</ele>
      </trkpt>
      <trkpt lat="36.862655" lon="138.284263">
        <ele>871.0420592149493</ele>
      </trkpt>
      <trkpt lat="36.862701" lon="138.284287">
        <ele>870.4379566008931</ele>
      </trkpt>
      <trkpt lat="36.862721" lon="138.284289">
        <ele>870.411156918901</ele>
      </trkpt>
      <trkpt lat="36.862749" lon="138.28429">
        <ele>870.4454208143513</ele>
      </trkpt>
      <trkpt lat="36.862771" lon="138.284294">
        <ele>870.3925206669317</ele>
      </trkpt>
      <trkpt lat="36.86279" lon="138.284302">
        <ele>870.2268098855671</ele>
      </trkpt>
      <trkpt lat="36.862809" lon="138.284301">
        <ele>870.323572468362</ele>
      </trkpt>
      <trkpt lat="36.862826" lon="138.284306">
        <ele>870.263855007757</ele>
      </trkpt>
      <trkpt lat="36.862845" lon="138.28432">
        <ele>869.9717024096994</ele>
      </trkpt>
      <trkpt lat="36.862862" lon="138.284324">
        <ele>869.938781927527</ele>
      </trkpt>
      <trkpt lat="36.862885" lon="138.284326">
        <ele>870.0342662219448</ele>
      </trkpt>
      <trkpt lat="36.862902" lon="138.284332">
        <ele>869.9894336572847</ele>
      </trkpt>
      <trkpt lat="36.862915" lon="138.284344">
        <ele>869.7481345454617</ele>
      </trkpt>
      <trkpt lat="36.862946" lon="138.284366">
        <ele>869.3319475645212</ele>
      </trkpt>
      <trkpt lat="36.862966" lon="138.284368">
        <ele>869.3925213706691</ele>
      </trkpt>
      <trkpt lat="36.862986" lon="138.284372">
        <ele>869.3971711536881</ele>
      </trkpt>
      <trkpt lat="36.863022" lon="138.284384">
        <ele>869.3013897408241</ele>
      </trkpt>
      <trkpt lat="36.863051" lon="138.284394">
        <ele>869.2314213673058</ele>
      </trkpt>
      <trkpt lat="36.863084" lon="138.284406">
        <ele>869.148339528652</ele>
      </trkpt>
      <trkpt lat="36.86312" lon="138.284425">
        <ele>868.9109577749854</ele>
      </trkpt>
      <trkpt lat="36.863146" lon="138.284443">
        <ele>868.603704827513</ele>
      </trkpt>
      <trkpt lat="36.863173" lon="138.284459">
        <ele>868.373579843576</ele>
      </trkpt>
      <trkpt lat="36.863197" lon="138.284476">
        <ele>868.0881157312544</ele>
      </trkpt>
      <trkpt lat="36.863221" lon="138.284493">
        <ele>867.7675451238642</ele>
      </trkpt>
      <trkpt lat="36.863281" lon="138.284535">
        <ele>866.928131123633</ele>
      </trkpt>
      <trkpt lat="36.863307" lon="138.284552">
        <ele>866.6764467025184</ele>
      </trkpt>
      <trkpt lat="36.863339" lon="138.28457">
        <ele>866.4632789281311</ele>
      </trkpt>
      <trkpt lat="36.863366" lon="138.284582">
        <ele>866.4774145434138</ele>
      </trkpt>
      <trkpt lat="36.863393" lon="138.284599">
        <ele>866.3559491117035</ele>
      </trkpt>
      <trkpt lat="36.863418" lon="138.284619">
        <ele>866.0953284989619</ele>
      </trkpt>
      <trkpt lat="36.863473" lon="138.284661">
        <ele>865.7773863475877</ele>
      </trkpt>
      <trkpt lat="36.863493" lon="138.284672">
        <ele>865.8111233700924</ele>
      </trkpt>
      <trkpt lat="36.863512" lon="138.284681">
        <ele>865.8974566677334</ele>
      </trkpt>
      <trkpt lat="36.863531" lon="138.284688">
        <ele>866.0509389209691</ele>
      </trkpt>
      <trkpt lat="36.863549" lon="138.284693">
        <ele>866.2500537008449</ele>
      </trkpt>
      <trkpt lat="36.863572" lon="138.284697">
        <ele>866.580535578873</ele>
      </trkpt>
      <trkpt lat="36.863597" lon="138.284707">
        <ele>866.7762549866642</ele>
      </trkpt>
      <trkpt lat="36.863626" lon="138.284721">
        <ele>866.9328866324904</ele>
      </trkpt>
      <trkpt lat="36.86365" lon="138.284728">
        <ele>867.1437842715807</ele>
      </trkpt>
      <trkpt lat="36.863676" lon="138.284732">
        <ele>867.4797867478952</ele>
      </trkpt>
      <trkpt lat="36.863699" lon="138.284733">
        <ele>867.8287681030406</ele>
      </trkpt>
      <trkpt lat="36.863733" lon="138.28474">
        <ele>868.1274388242209</ele>
      </trkpt>
      <trkpt lat="36.863756" lon="138.284738">
        <ele>868.5206850570096</ele>
      </trkpt>
      <trkpt lat="36.863776" lon="138.284741">
        <ele>868.7023925921912</ele>
      </trkpt>
      <trkpt lat="36.863789" lon="138.284752">
        <ele>868.5851884328872</ele>
      </trkpt>
      <trkpt lat="36.863803" lon="138.284754">
        <ele>868.713189689408</ele>
      </trkpt>
      <trkpt lat="36.863814" lon="138.284755">
        <ele>868.8282710772586</ele>
      </trkpt>
      <trkpt lat="36.863825" lon="138.284753">
        <ele>869.0232104250076</ele>
      </trkpt>
      <trkpt lat="36.863865" lon="138.284735">
        <ele>869.9847385942606</ele>
      </trkpt>
      <trkpt lat="36.86389" lon="138.284724">
        <ele>870.5825284437284</ele>
      </trkpt>
      <trkpt lat="36.86393" lon="138.284711">
        <ele>871.2167792120022</ele>
      </trkpt>
      <trkpt lat="36.863953" lon="138.28471">
        <ele>871.3787155052651</ele>
      </trkpt>
      <trkpt lat="36.863974" lon="138.284706">
        <ele>871.5880619089122</ele>
      </trkpt>
      <trkpt lat="36.864001" lon="138.284705">
        <ele>871.6946610524326</ele>
      </trkpt>
      <trkpt lat="36.864052" lon="138.284691">
        <ele>872.1936873628116</ele>
      </trkpt>
      <trkpt lat="36.864073" lon="138.284686">
        <ele>872.3431644127377</ele>
      </trkpt>
      <trkpt lat="36.864095" lon="138.284683">
        <ele>872.4356670347469</ele>
      </trkpt>
      <trkpt lat="36.864116" lon="138.284678">
        <ele>872.5542157134981</ele>
      </trkpt>
      <trkpt lat="36.864136" lon="138.284682">
        <ele>872.4179030334585</ele>
      </trkpt>
      <trkpt lat="36.864157" lon="138.284682">
        <ele>872.3873218688653</ele>
      </trkpt>
      <trkpt lat="36.864172" lon="138.284681">
        <ele>872.3904874955176</ele>
      </trkpt>
      <trkpt lat="36.864189" lon="138.284673">
        <ele>872.5163028171812</ele>
      </trkpt>
      <trkpt lat="36.864225" lon="138.284648">
        <ele>872.9639000127394</ele>
      </trkpt>
      <trkpt lat="36.864233" lon="138.284623">
        <ele>873.5850869353463</ele>
      </trkpt>
      <trkpt lat="36.864256" lon="138.284579">
        <ele>874.6136872881088</ele>
      </trkpt>
      <trkpt lat="36.864264" lon="138.28456">
        <ele>875.0551511781858</ele>
      </trkpt>
      <trkpt lat="36.864272" lon="138.284537">
        <ele>875.6000534685772</ele>
      </trkpt>
      <trkpt lat="36.864291" lon="138.284521">
        <ele>875.8958690443358</ele>
      </trkpt>
      <trkpt lat="36.864311" lon="138.284506">
        <ele>876.1603142406335</ele>
      </trkpt>
      <trkpt lat="36.86433" lon="138.284498">
        <ele>876.1810086278019</ele>
      </trkpt>
      <trkpt lat="36.864352" lon="138.284498">
        <ele>875.9567461832897</ele>
      </trkpt>
      <trkpt lat="36.864378" lon="138.284499">
        <ele>875.6649117231375</ele>
      </trkpt>
      <trkpt lat="36.864402" lon="138.284501">
        <ele>875.3666677432842</ele>
      </trkpt>
      <trkpt lat="36.864431" lon="138.284502">
        <ele>875.0442518318082</ele>
      </trkpt>
      <trkpt lat="36.864451" lon="138.284502">
        <ele>874.8333336708149</ele>
      </trkpt>
      <trkpt lat="36.864468" lon="138.284508">
        <ele>874.474501758908</ele>
      </trkpt>
      <trkpt lat="36.864488" lon="138.28451">
        <ele>874.18790751407</ele>
      </trkpt>
      <trkpt lat="36.864537" lon="138.284518">
        <ele>873.4217815324521</ele>
      </trkpt>
      <trkpt lat="36.864558" lon="138.28452">
        <ele>873.1401674413008</ele>
      </trkpt>
      <trkpt lat="36.864582" lon="138.284526">
        <ele>872.7128132794354</ele>
      </trkpt>
      <trkpt lat="36.864602" lon="138.284536">
        <ele>872.2179303748876</ele>
      </trkpt>
      <trkpt lat="36.864628" lon="138.284547">
        <ele>871.6391511784863</ele>
      </trkpt>
      <trkpt lat="36.864656" lon="138.284549">
        <ele>871.2899110873075</ele>
      </trkpt>
      <trkpt lat="36.864686" lon="138.284548">
        <ele>871.0002489747782</ele>
      </trkpt>
      <trkpt lat="36.864737" lon="138.284538">
        <ele>870.7008645279338</ele>
      </trkpt>
      <trkpt lat="36.864759" lon="138.284538">
        <ele>870.4445632262162</ele>
      </trkpt>
      <trkpt lat="36.864784" lon="138.284539">
        <ele>870.1276797993116</ele>
      </trkpt>
      <trkpt lat="36.864809" lon="138.28454">
        <ele>869.8012771859577</ele>
      </trkpt>
      <trkpt lat="36.864833" lon="138.284538">
        <ele>869.5597415632261</ele>
      </trkpt>
      <trkpt lat="36.864858" lon="138.284538">
        <ele>869.2554310665056</ele>
      </trkpt>
      <trkpt lat="36.864885" lon="138.284531">
        <ele>869.021409374747</ele>
      </trkpt>
      <trkpt lat="36.864908" lon="138.284522">
        <ele>868.87310480389</ele>
      </trkpt>
      <trkpt lat="36.86495" lon="138.284493">
        <ele>868.7550118835654</ele>
      </trkpt>
      <trkpt lat="36.864969" lon="138.28448">
        <ele>868.6507698435246</ele>
      </trkpt>
      <trkpt lat="36.864992" lon="138.284479">
        <ele>868.2272121709608</ele>
      </trkpt>
      <trkpt lat="36.865013" lon="138.284476">
        <ele>867.7429588996258</ele>
      </trkpt>
      <trkpt lat="36.865033" lon="138.284469">
        <ele>867.3111028605772</ele>
      </trkpt>
      <trkpt lat="36.865059" lon="138.284463">
        <ele>866.6952103531121</ele>
      </trkpt>
      <trkpt lat="36.865083" lon="138.284464">
        <ele>865.9921243328363</ele>
      </trkpt>
      <trkpt lat="36.865105" lon="138.28448">
        <ele>865.1983709999164</ele>
      </trkpt>
      <trkpt lat="36.865127" lon="138.284498">
        <ele>864.3662113193994</ele>
      </trkpt>
      <trkpt lat="36.865152" lon="138.284514">
        <ele>863.411318964952</ele>
      </trkpt>
      <trkpt lat="36.865178" lon="138.284526">
        <ele>862.5011119095137</ele>
      </trkpt>
      <trkpt lat="36.865202" lon="138.284539">
        <ele>861.6933935964332</ele>
      </trkpt>
      <trkpt lat="36.865223" lon="138.284552">
        <ele>860.9673808768014</ele>
      </trkpt>
      <trkpt lat="36.865243" lon="138.284569">
        <ele>860.2910046109081</ele>
      </trkpt>
      <trkpt lat="36.865262" lon="138.284584">
        <ele>859.6925894024761</ele>
      </trkpt>
      <trkpt lat="36.865287" lon="138.284594">
        <ele>858.9977735477215</ele>
      </trkpt>
      <trkpt lat="36.865316" lon="138.284607">
        <ele>858.2326062660745</ele>
      </trkpt>
      <trkpt lat="36.865347" lon="138.284619">
        <ele>857.4630628688229</ele>
      </trkpt>
      <trkpt lat="36.86537" lon="138.284625">
        <ele>856.9367595330725</ele>
      </trkpt>
      <trkpt lat="36.865394" lon="138.28463">
        <ele>856.4089827300248</ele>
      </trkpt>
      <trkpt lat="36.865419" lon="138.284636">
        <ele>855.8867421399563</ele>
      </trkpt>
      <trkpt lat="36.865441" lon="138.284648">
        <ele>855.503635869073</ele>
      </trkpt>
      <trkpt lat="36.865466" lon="138.28466">
        <ele>855.0754919025314</ele>
      </trkpt>
      <trkpt lat="36.865521" lon="138.284679">
        <ele>854.2445777166063</ele>
      </trkpt>
      <trkpt lat="36.865546" lon="138.284689">
        <ele>853.9195287396171</ele>
      </trkpt>
      <trkpt lat="36.865569" lon="138.284695">
        <ele>853.5751269079328</ele>
      </trkpt>
      <trkpt lat="36.865588" lon="138.2847">
        <ele>853.3018697632866</ele>
      </trkpt>
      <trkpt lat="36.865609" lon="138.284704">
        <ele>852.9865566271591</ele>
      </trkpt>
      <trkpt lat="36.86563" lon="138.284707">
        <ele>852.6959661847613</ele>
      </trkpt>
      <trkpt lat="36.865652" lon="138.284716">
        <ele>852.5091633749555</ele>
      </trkpt>
      <trkpt lat="36.865679" lon="138.284723">
        <ele>852.2232981331753</ele>
      </trkpt>
      <trkpt lat="36.865705" lon="138.284726">
        <ele>851.8599079150432</ele>
      </trkpt>
      <trkpt lat="36.865734" lon="138.284731">
        <ele>851.4858477757656</ele>
      </trkpt>
      <trkpt lat="36.865759" lon="138.284736">
        <ele>851.2053723368341</ele>
      </trkpt>
      <trkpt lat="36.865778" lon="138.284743">
        <ele>851.0872487763687</ele>
      </trkpt>
      <trkpt lat="36.865799" lon="138.284755">
        <ele>851.0184548117571</ele>
      </trkpt>
      <trkpt lat="36.86582" lon="138.284767">
        <ele>850.9591367540675</ele>
      </trkpt>
      <trkpt lat="36.865868" lon="138.284798">
        <ele>850.9644788169425</ele>
      </trkpt>
      <trkpt lat="36.865906" lon="138.28481">
        <ele>850.8000144125062</ele>
      </trkpt>
      <trkpt lat="36.865931" lon="138.284816">
        <ele>850.7132978078109</ele>
      </trkpt>
      <trkpt lat="36.865961" lon="138.28482">
        <ele>850.5671313454424</ele>
      </trkpt>
      <trkpt lat="36.865989" lon="138.284825">
        <ele>850.4919245614798</ele>
      </trkpt>
      <trkpt lat="36.866013" lon="138.284832">
        <ele>850.4397325028675</ele>
      </trkpt>
      <trkpt lat="36.866035" lon="138.284837">
        <ele>850.4214723678806</ele>
      </trkpt>
      <trkpt lat="36.866073" lon="138.284845">
        <ele>850.4879714149081</ele>
      </trkpt>
      <trkpt lat="36.866089" lon="138.284845">
        <ele>850.477806835381</ele>
      </trkpt>
      <trkpt lat="36.866103" lon="138.284853">
        <ele>850.5746543342723</ele>
      </trkpt>
      <trkpt lat="36.866117" lon="138.284863">
        <ele>850.7086370236714</ele>
      </trkpt>
      <trkpt lat="36.866136" lon="138.28487">
        <ele>850.8292205322075</ele>
      </trkpt>
      <trkpt lat="36.866155" lon="138.28487">
        <ele>850.8845593254553</ele>
      </trkpt>
      <trkpt lat="36.866173" lon="138.284871">
        <ele>850.9681012021974</ele>
      </trkpt>
      <trkpt lat="36.866192" lon="138.284872">
        <ele>851.0731885516541</ele>
      </trkpt>
      <trkpt lat="36.866213" lon="138.284873">
        <ele>851.1876960270215</ele>
      </trkpt>
      <trkpt lat="36.866234" lon="138.284876">
        <ele>851.3162169605503</ele>
      </trkpt>
      <trkpt lat="36.866254" lon="138.284878">
        <ele>851.4199052973893</ele>
      </trkpt>
      <trkpt lat="36.866279" lon="138.284882">
        <ele>851.561749137357</ele>
      </trkpt>
      <trkpt lat="36.866301" lon="138.284888">
        <ele>851.7028736779321</ele>
      </trkpt>
      <trkpt lat="36.866321" lon="138.284894">
        <ele>851.7348123721338</ele>
      </trkpt>
      <trkpt lat="36.866336" lon="138.284904">
        <ele>851.7915989924378</ele>
      </trkpt>
      <trkpt lat="36.866355" lon="138.284909">
        <ele>851.8006408242953</ele>
      </trkpt>
      <trkpt lat="36.866378" lon="138.284906">
        <ele>851.6847577469899</ele>
      </trkpt>
      <trkpt lat="36.866402" lon="138.284904">
        <ele>851.4634013307755</ele>
      </trkpt>
      <trkpt lat="36.86642" lon="138.284906">
        <ele>851.3177729532131</ele>
      </trkpt>
      <trkpt lat="36.866434" lon="138.284913">
        <ele>851.230104022189</ele>
      </trkpt>
      <trkpt lat="36.866448" lon="138.284929">
        <ele>851.0007272890011</ele>
      </trkpt>
      <trkpt lat="36.86646" lon="138.284945">
        <ele>850.7819132618954</ele>
      </trkpt>
      <trkpt lat="36.866471" lon="138.284955">
        <ele>850.5898458969903</ele>
      </trkpt>
      <trkpt lat="36.866487" lon="138.284966">
        <ele>850.3182947020675</ele>
      </trkpt>
      <trkpt lat="36.866498" lon="138.284981">
        <ele>850.1340304530615</ele>
      </trkpt>
      <trkpt lat="36.866513" lon="138.284998">
        <ele>849.8217064601296</ele>
      </trkpt>
      <trkpt lat="36.866527" lon="138.285013">
        <ele>849.3202139656215</ele>
      </trkpt>
      <trkpt lat="36.866539" lon="138.285023">
        <ele>848.9210764249391</ele>
      </trkpt>
      <trkpt lat="36.866548" lon="138.285027">
        <ele>848.6545367844006</ele>
      </trkpt>
      <trkpt lat="36.86656" lon="138.285037">
        <ele>848.2618126958363</ele>
      </trkpt>
      <trkpt lat="36.866573" lon="138.28505">
        <ele>847.823216966925</ele>
      </trkpt>
      <trkpt lat="36.866585" lon="138.285063">
        <ele>847.3712827849965</ele>
      </trkpt>
      <trkpt lat="36.866609" lon="138.285077">
        <ele>846.5577291699169</ele>
      </trkpt>
      <trkpt lat="36.866615" lon="138.285086">
        <ele>846.3061379932899</ele>
      </trkpt>
      <trkpt lat="36.866625" lon="138.285107">
        <ele>845.7822126863754</ele>
      </trkpt>
      <trkpt lat="36.866633" lon="138.285128">
        <ele>845.3277896352072</ele>
      </trkpt>
      <trkpt lat="36.866643" lon="138.285144">
        <ele>844.8834665429141</ele>
      </trkpt>
      <trkpt lat="36.86666" lon="138.285158">
        <ele>844.1915230378211</ele>
      </trkpt>
      <trkpt lat="36.866683" lon="138.285161">
        <ele>843.420661415536</ele>
      </trkpt>
      <trkpt lat="36.866704" lon="138.285157">
        <ele>842.7826293110902</ele>
      </trkpt>
      <trkpt lat="36.866721" lon="138.285162">
        <ele>842.2001329394201</ele>
      </trkpt>
      <trkpt lat="36.866744" lon="138.285173">
        <ele>841.392224871144</ele>
      </trkpt>
      <trkpt lat="36.86677" lon="138.285179">
        <ele>840.541944766</ele>
      </trkpt>
      <trkpt lat="36.866797" lon="138.285173">
        <ele>839.7774798275866</ele>
      </trkpt>
      <trkpt lat="36.866829" lon="138.28515">
        <ele>838.9496906483388</ele>
      </trkpt>
      <trkpt lat="36.86684" lon="138.285127">
        <ele>838.7473417425341</ele>
      </trkpt>
      <trkpt lat="36.86685" lon="138.285102">
        <ele>838.5824585105997</ele>
      </trkpt>
      <trkpt lat="36.86688" lon="138.285056">
        <ele>838.0170530084458</ele>
      </trkpt>
      <trkpt lat="36.866899" lon="138.285036">
        <ele>837.5864749606867</ele>
      </trkpt>
      <trkpt lat="36.866919" lon="138.285017">
        <ele>837.1189381028332</ele>
      </trkpt>
      <trkpt lat="36.866935" lon="138.285002">
        <ele>836.8693613622025</ele>
      </trkpt>
      <trkpt lat="36.866952" lon="138.28499">
        <ele>836.5651044245474</ele>
      </trkpt>
      <trkpt lat="36.866975" lon="138.284958">
        <ele>836.1635958676034</ele>
      </trkpt>
      <trkpt lat="36.86698" lon="138.284936">
        <ele>836.0953842967447</ele>
      </trkpt>
      <trkpt lat="36.866982" lon="138.284906">
        <ele>836.0788634258083</ele>
      </trkpt>
      <trkpt lat="36.866981" lon="138.284875">
        <ele>836.0634236555497</ele>
      </trkpt>
      <trkpt lat="36.866981" lon="138.284848">
        <ele>836.0346651470416</ele>
      </trkpt>
      <trkpt lat="36.866985" lon="138.284822">
        <ele>835.9208464325652</ele>
      </trkpt>
      <trkpt lat="36.866989" lon="138.284798">
        <ele>835.7796601694554</ele>
      </trkpt>
      <trkpt lat="36.866995" lon="138.284773">
        <ele>835.6311142290485</ele>
      </trkpt>
      <trkpt lat="36.867005" lon="138.28472">
        <ele>835.3376419987338</ele>
      </trkpt>
      <trkpt lat="36.867009" lon="138.284694">
        <ele>835.194847972258</ele>
      </trkpt>
      <trkpt lat="36.867012" lon="138.284671">
        <ele>835.0717119582649</ele>
      </trkpt>
      <trkpt lat="36.867011" lon="138.284645">
        <ele>834.9518913832501</ele>
      </trkpt>
      <trkpt lat="36.86701" lon="138.284618">
        <ele>834.7747981071481</ele>
      </trkpt>
      <trkpt lat="36.867008" lon="138.284592">
        <ele>834.6163457416008</ele>
      </trkpt>
      <trkpt lat="36.867002" lon="138.284564">
        <ele>834.4905139748016</ele>
      </trkpt>
      <trkpt lat="36.866994" lon="138.284541">
        <ele>834.422935539671</ele>
      </trkpt>
      <trkpt lat="36.866982" lon="138.284523">
        <ele>834.4725255461415</ele>
      </trkpt>
      <trkpt lat="36.866963" lon="138.284505">
        <ele>834.7064024758532</ele>
      </trkpt>
      <trkpt lat="36.866947" lon="138.284489">
        <ele>834.8974646572266</ele>
      </trkpt>
      <trkpt lat="36.866929" lon="138.284478">
        <ele>835.1507010636708</ele>
      </trkpt>
      <trkpt lat="36.866908" lon="138.284465">
        <ele>835.4975259440532</ele>
      </trkpt>
      <trkpt lat="36.866887" lon="138.28445">
        <ele>835.8938520475652</ele>
      </trkpt>
      <trkpt lat="36.86687" lon="138.284429">
        <ele>836.1170566080788</ele>
      </trkpt>
      <trkpt lat="36.866858" lon="138.284408">
        <ele>836.2034387053369</ele>
      </trkpt>
      <trkpt lat="36.866845" lon="138.284385">
        <ele>836.2819982174359</ele>
      </trkpt>
      <trkpt lat="36.866832" lon="138.284366">
        <ele>836.3953346906104</ele>
      </trkpt>
      <trkpt lat="36.866808" lon="138.284328">
        <ele>836.4982696331668</ele>
      </trkpt>
      <trkpt lat="36.866795" lon="138.284309">
        <ele>836.5300844677788</ele>
      </trkpt>
      <trkpt lat="36.866786" lon="138.284285">
        <ele>836.2975909460815</ele>
      </trkpt>
      <trkpt lat="36.86678" lon="138.284258">
        <ele>835.9222360254248</ele>
      </trkpt>
      <trkpt lat="36.866779" lon="138.284233">
        <ele>835.47147345421</ele>
      </trkpt>
      <trkpt lat="36.866785" lon="138.284205">
        <ele>834.8449843890315</ele>
      </trkpt>
      <trkpt lat="36.866786" lon="138.284179">
        <ele>834.3491827236867</ele>
      </trkpt>
      <trkpt lat="36.866782" lon="138.28415">
        <ele>833.8764902290516</ele>
      </trkpt>
      <trkpt lat="36.866777" lon="138.284122">
        <ele>833.3675259244201</ele>
      </trkpt>
      <trkpt lat="36.866774" lon="138.284065">
        <ele>832.1876108109801</ele>
      </trkpt>
      <trkpt lat="36.866768" lon="138.284038">
        <ele>831.7107727710077</ele>
      </trkpt>
      <trkpt lat="36.866764" lon="138.284012">
        <ele>831.2684695579771</ele>
      </trkpt>
      <trkpt lat="36.866759" lon="138.283991">
        <ele>830.9151840068441</ele>
      </trkpt>
      <trkpt lat="36.866752" lon="138.283936">
        <ele>830.0635443595295</ele>
      </trkpt>
      <trkpt lat="36.866745" lon="138.283881">
        <ele>829.2925051681282</ele>
      </trkpt>
      <trkpt lat="36.866742" lon="138.283854">
        <ele>829.0138373063144</ele>
      </trkpt>
      <trkpt lat="36.86674" lon="138.283799">
        <ele>828.4288005599884</ele>
      </trkpt>
      <trkpt lat="36.866735" lon="138.283772">
        <ele>828.2489860807552</ele>
      </trkpt>
      <trkpt lat="36.866733" lon="138.283744">
        <ele>828.0768279997967</ele>
      </trkpt>
      <trkpt lat="36.866728" lon="138.283716">
        <ele>827.9106581279784</ele>
      </trkpt>
      <trkpt lat="36.866727" lon="138.283689">
        <ele>827.8284273246082</ele>
      </trkpt>
      <trkpt lat="36.866721" lon="138.283637">
        <ele>827.7159963126768</ele>
      </trkpt>
      <trkpt lat="36.866719" lon="138.283608">
        <ele>827.6319364581731</ele>
      </trkpt>
      <trkpt lat="36.866716" lon="138.283554">
        <ele>827.4475616630181</ele>
      </trkpt>
      <trkpt lat="36.866712" lon="138.283527">
        <ele>827.3868769383072</ele>
      </trkpt>
      <trkpt lat="36.866704" lon="138.283503">
        <ele>827.3822156277031</ele>
      </trkpt>
      <trkpt lat="36.866694" lon="138.283448">
        <ele>827.3515308832924</ele>
      </trkpt>
      <trkpt lat="36.866694" lon="138.283421">
        <ele>827.3431832327738</ele>
      </trkpt>
      <trkpt lat="36.866697" lon="138.283366">
        <ele>827.3235155650425</ele>
      </trkpt>
      <trkpt lat="36.866695" lon="138.283338">
        <ele>827.3590505185317</ele>
      </trkpt>
      <trkpt lat="36.866692" lon="138.283311">
        <ele>827.3948766819678</ele>
      </trkpt>
      <trkpt lat="36.866689" lon="138.283254">
        <ele>827.5288674008738</ele>
      </trkpt>
      <trkpt lat="36.866686" lon="138.283226">
        <ele>827.6221805877595</ele>
      </trkpt>
      <trkpt lat="36.866687" lon="138.283202">
        <ele>827.704576773991</ele>
      </trkpt>
      <trkpt lat="36.866692" lon="138.283175">
        <ele>827.8534652722387</ele>
      </trkpt>
      <trkpt lat="36.8667" lon="138.283147">
        <ele>828.0368534518874</ele>
      </trkpt>
      <trkpt lat="36.866707" lon="138.283123">
        <ele>828.2006850960922</ele>
      </trkpt>
      <trkpt lat="36.866714" lon="138.283103">
        <ele>828.3778591658753</ele>
      </trkpt>
      <trkpt lat="36.866721" lon="138.28308">
        <ele>828.6576162647393</ele>
      </trkpt>
      <trkpt lat="36.866725" lon="138.283057">
        <ele>828.9139427449547</ele>
      </trkpt>
      <trkpt lat="36.866731" lon="138.283035">
        <ele>829.18379504861</ele>
      </trkpt>
      <trkpt lat="36.866732" lon="138.28301">
        <ele>829.4606088798168</ele>
      </trkpt>
      <trkpt lat="36.866736" lon="138.282987">
        <ele>829.7732120131923</ele>
      </trkpt>
      <trkpt lat="36.866737" lon="138.282964">
        <ele>830.0554618650515</ele>
      </trkpt>
      <trkpt lat="36.866735" lon="138.282942">
        <ele>830.2851766917132</ele>
      </trkpt>
      <trkpt lat="36.866731" lon="138.282916">
        <ele>830.5694812900474</ele>
      </trkpt>
      <trkpt lat="36.866726" lon="138.282893">
        <ele>830.7984531363826</ele>
      </trkpt>
      <trkpt lat="36.866729" lon="138.282848">
        <ele>831.4562985482705</ele>
      </trkpt>
      <trkpt lat="36.86673" lon="138.282832">
        <ele>831.7170586004769</ele>
      </trkpt>
      <trkpt lat="36.866728" lon="138.282812">
        <ele>831.9804062261383</ele>
      </trkpt>
      <trkpt lat="36.866726" lon="138.282791">
        <ele>832.2532404995922</ele>
      </trkpt>
      <trkpt lat="36.866724" lon="138.282772">
        <ele>832.4908130949743</ele>
      </trkpt>
      <trkpt lat="36.866723" lon="138.282754">
        <ele>832.7569666664049</ele>
      </trkpt>
      <trkpt lat="36.866721" lon="138.282737">
        <ele>832.9918815911087</ele>
      </trkpt>
      <trkpt lat="36.866719" lon="138.282721">
        <ele>833.2079478040401</ele>
      </trkpt>
      <trkpt lat="36.866717" lon="138.282692">
        <ele>833.6359954286561</ele>
      </trkpt>
      <trkpt lat="36.866718" lon="138.282677">
        <ele>833.9138631560173</ele>
      </trkpt>
      <trkpt lat="36.866713" lon="138.282663">
        <ele>834.0271251388027</ele>
      </trkpt>
      <trkpt lat="36.866712" lon="138.282649">
        <ele>834.2456182073583</ele>
      </trkpt>
      <trkpt lat="36.86671" lon="138.282636">
        <ele>834.426002019983</ele>
      </trkpt>
      <trkpt lat="36.866708" lon="138.282622">
        <ele>834.6219542600527</ele>
      </trkpt>
      <trkpt lat="36.866706" lon="138.282601">
        <ele>834.9368621111471</ele>
      </trkpt>
      <trkpt lat="36.866705" lon="138.282586">
        <ele>835.1899515029</ele>
      </trkpt>
      <trkpt lat="36.866707" lon="138.282564">
        <ele>835.6702432015712</ele>
      </trkpt>
      <trkpt lat="36.866705" lon="138.282543">
        <ele>836.025821273282</ele>
      </trkpt>
      <trkpt lat="36.866695" lon="138.282518">
        <ele>836.2251905581501</ele>
      </trkpt>
      <trkpt lat="36.866687" lon="138.282463">
        <ele>837.087693359937</ele>
      </trkpt>
      <trkpt lat="36.866683" lon="138.282436">
        <ele>837.5044235904747</ele>
      </trkpt>
      <trkpt lat="36.866674" lon="138.28241">
        <ele>837.7534726883728</ele>
      </trkpt>
      <trkpt lat="36.866663" lon="138.282386">
        <ele>837.8928694657699</ele>
      </trkpt>
      <trkpt lat="36.866655" lon="138.282362">
        <ele>838.1108237445276</ele>
      </trkpt>
      <trkpt lat="36.866647" lon="138.282338">
        <ele>838.309232010686</ele>
      </trkpt>
      <trkpt lat="36.866639" lon="138.282314">
        <ele>838.5602338757868</ele>
      </trkpt>
      <trkpt lat="36.86663" lon="138.282291">
        <ele>838.7457076175991</ele>
      </trkpt>
      <trkpt lat="36.86662" lon="138.282266">
        <ele>838.9074258199605</ele>
      </trkpt>
      <trkpt lat="36.866614" lon="138.282236">
        <ele>839.3055329811481</ele>
      </trkpt>
      <trkpt lat="36.866608" lon="138.282211">
        <ele>839.5984767266959</ele>
      </trkpt>
      <trkpt lat="36.866604" lon="138.282186">
        <ele>839.9614032167756</ele>
      </trkpt>
      <trkpt lat="36.866602" lon="138.282158">
        <ele>840.4685076066874</ele>
      </trkpt>
      <trkpt lat="36.866595" lon="138.282133">
        <ele>840.7087849387267</ele>
      </trkpt>
      <trkpt lat="36.866568" lon="138.282095">
        <ele>840.3196479449276</ele>
      </trkpt>
      <trkpt lat="36.866551" lon="138.282079">
        <ele>839.9402734623839</ele>
      </trkpt>
      <trkpt lat="36.866534" lon="138.282067">
        <ele>839.4786150932875</ele>
      </trkpt>
      <trkpt lat="36.866499" lon="138.282038">
        <ele>838.5346216124287</ele>
      </trkpt>
      <trkpt lat="36.866482" lon="138.28201">
        <ele>838.3084536636877</ele>
      </trkpt>
      <trkpt lat="36.866466" lon="138.28198">
        <ele>838.1638415635877</ele>
      </trkpt>
      <trkpt lat="36.866438" lon="138.281938">
        <ele>837.6965334844158</ele>
      </trkpt>
      <trkpt lat="36.866415" lon="138.281894">
        <ele>837.5476752174583</ele>
      </trkpt>
      <trkpt lat="36.866407" lon="138.281864">
        <ele>837.7807470414789</ele>
      </trkpt>
      <trkpt lat="36.866397" lon="138.281837">
        <ele>837.8556627262205</ele>
      </trkpt>
      <trkpt lat="36.866383" lon="138.281811">
        <ele>837.7701047776984</ele>
      </trkpt>
      <trkpt lat="36.866372" lon="138.281782">
        <ele>837.9303750822053</ele>
      </trkpt>
      <trkpt lat="36.866363" lon="138.281754">
        <ele>838.1751679958104</ele>
      </trkpt>
      <trkpt lat="36.866354" lon="138.281729">
        <ele>838.3869599021068</ele>
      </trkpt>
      <trkpt lat="36.866341" lon="138.281703">
        <ele>838.5257370332154</ele>
      </trkpt>
      <trkpt lat="36.866329" lon="138.281681">
        <ele>838.5825916671829</ele>
      </trkpt>
      <trkpt lat="36.866316" lon="138.281661">
        <ele>838.5281228516039</ele>
      </trkpt>
      <trkpt lat="36.866299" lon="138.281645">
        <ele>838.2186033448661</ele>
      </trkpt>
      <trkpt lat="36.86627" lon="138.281602">
        <ele>838.3831754822183</ele>
      </trkpt>
      <trkpt lat="36.866254" lon="138.281572">
        <ele>838.5876670433496</ele>
      </trkpt>
      <trkpt lat="36.86624" lon="138.281548">
        <ele>838.7044197012979</ele>
      </trkpt>
      <trkpt lat="36.866227" lon="138.281523">
        <ele>838.8977354066378</ele>
      </trkpt>
      <trkpt lat="36.866216" lon="138.281497">
        <ele>839.1963562586781</ele>
      </trkpt>
      <trkpt lat="36.866205" lon="138.281444">
        <ele>840.2249906608617</ele>
      </trkpt>
      <trkpt lat="36.866198" lon="138.281422">
        <ele>840.5405523696775</ele>
      </trkpt>
      <trkpt lat="36.866194" lon="138.281401">
        <ele>840.9432253178891</ele>
      </trkpt>
      <trkpt lat="36.866188" lon="138.281379">
        <ele>841.2531923087479</ele>
      </trkpt>
      <trkpt lat="36.866181" lon="138.281359">
        <ele>841.4456675209944</ele>
      </trkpt>
      <trkpt lat="36.866177" lon="138.281337">
        <ele>841.8151011796463</ele>
      </trkpt>
      <trkpt lat="36.866167" lon="138.281316">
        <ele>841.8759332412093</ele>
      </trkpt>
      <trkpt lat="36.866162" lon="138.281284">
        <ele>842.4289627237453</ele>
      </trkpt>
      <trkpt lat="36.86615" lon="138.281243">
        <ele>842.8804619120749</ele>
      </trkpt>
      <trkpt lat="36.866142" lon="138.281225">
        <ele>842.9411675794995</ele>
      </trkpt>
      <trkpt lat="36.866133" lon="138.281202">
        <ele>843.0750354270939</ele>
      </trkpt>
      <trkpt lat="36.866122" lon="138.281182">
        <ele>843.0225870804969</ele>
      </trkpt>
      <trkpt lat="36.866114" lon="138.281159">
        <ele>843.1660460094688</ele>
      </trkpt>
      <trkpt lat="36.866107" lon="138.281135">
        <ele>843.3655686034533</ele>
      </trkpt>
      <trkpt lat="36.866096" lon="138.281124">
        <ele>843.0742633132546</ele>
      </trkpt>
      <trkpt lat="36.866078" lon="138.281114">
        <ele>842.4600921207755</ele>
      </trkpt>
      <trkpt lat="36.866052" lon="138.281107">
        <ele>841.3906842815674</ele>
      </trkpt>
      <trkpt lat="36.866035" lon="138.281099">
        <ele>840.7616514751021</ele>
      </trkpt>
      <trkpt lat="36.866019" lon="138.281086">
        <ele>840.3151704153971</ele>
      </trkpt>
      <trkpt lat="36.866003" lon="138.281066">
        <ele>840.0610837993003</ele>
      </trkpt>
      <trkpt lat="36.86598" lon="138.281018">
        <ele>840.1619970686154</ele>
      </trkpt>
      <trkpt lat="36.86597" lon="138.280993">
        <ele>840.3078383059177</ele>
      </trkpt>
      <trkpt lat="36.865961" lon="138.280972">
        <ele>840.396784645181</ele>
      </trkpt>
      <trkpt lat="36.865954" lon="138.280944">
        <ele>840.819118959256</ele>
      </trkpt>
      <trkpt lat="36.865941" lon="138.280891">
        <ele>841.7095367166185</ele>
      </trkpt>
      <trkpt lat="36.865924" lon="138.280878">
        <ele>841.3611457701784</ele>
      </trkpt>
      <trkpt lat="36.865911" lon="138.280864">
        <ele>841.189905972873</ele>
      </trkpt>
      <trkpt lat="36.865898" lon="138.280847">
        <ele>841.0955618397343</ele>
      </trkpt>
      <trkpt lat="36.865884" lon="138.280826">
        <ele>841.0898953055288</ele>
      </trkpt>
      <trkpt lat="36.865872" lon="138.280805">
        <ele>841.2098551942543</ele>
      </trkpt>
      <trkpt lat="36.865861" lon="138.280792">
        <ele>841.1553770004776</ele>
      </trkpt>
      <trkpt lat="36.865853" lon="138.280778">
        <ele>841.250928712078</ele>
      </trkpt>
      <trkpt lat="36.865822" lon="138.280736">
        <ele>841.292929333728</ele>
      </trkpt>
      <trkpt lat="36.865809" lon="138.28071">
        <ele>841.5672760243084</ele>
      </trkpt>
      <trkpt lat="36.865796" lon="138.280697">
        <ele>841.4868969419509</ele>
      </trkpt>
      <trkpt lat="36.865786" lon="138.280688">
        <ele>841.3972026615875</ele>
      </trkpt>
      <trkpt lat="36.865775" lon="138.280682">
        <ele>841.1985747556207</ele>
      </trkpt>
      <trkpt lat="36.865761" lon="138.280677">
        <ele>840.8782007787847</ele>
      </trkpt>
      <trkpt lat="36.865744" lon="138.280668">
        <ele>840.5953145952116</ele>
      </trkpt>
      <trkpt lat="36.865726" lon="138.280658">
        <ele>840.3479012558439</ele>
      </trkpt>
      <trkpt lat="36.865712" lon="138.280644">
        <ele>840.2983025718461</ele>
      </trkpt>
      <trkpt lat="36.865701" lon="138.280632">
        <ele>840.2739399791094</ele>
      </trkpt>
      <trkpt lat="36.865691" lon="138.280618">
        <ele>840.3165800160104</ele>
      </trkpt>
      <trkpt lat="36.865665" lon="138.280587">
        <ele>840.2867378074905</ele>
      </trkpt>
      <trkpt lat="36.865652" lon="138.280566">
        <ele>840.3800388297323</ele>
      </trkpt>
      <trkpt lat="36.865639" lon="138.280542">
        <ele>840.5203190214613</ele>
      </trkpt>
      <trkpt lat="36.865627" lon="138.280526">
        <ele>840.4971496022198</ele>
      </trkpt>
      <trkpt lat="36.865614" lon="138.280508">
        <ele>840.475287337679</ele>
      </trkpt>
      <trkpt lat="36.865606" lon="138.280486">
        <ele>840.7060206211165</ele>
      </trkpt>
      <trkpt lat="36.8656" lon="138.28046">
        <ele>841.0612030589266</ele>
      </trkpt>
      <trkpt lat="36.865581" lon="138.280426">
        <ele>841.1335497143351</ele>
      </trkpt>
      <trkpt lat="36.865575" lon="138.280403">
        <ele>841.3708662123206</ele>
      </trkpt>
      <trkpt lat="36.86557" lon="138.280387">
        <ele>841.5034334140526</ele>
      </trkpt>
      <trkpt lat="36.86556" lon="138.280373">
        <ele>841.4284635725592</ele>
      </trkpt>
      <trkpt lat="36.865553" lon="138.280361">
        <ele>841.406959580451</ele>
      </trkpt>
      <trkpt lat="36.865545" lon="138.280338">
        <ele>841.513701001131</ele>
      </trkpt>
      <trkpt lat="36.865539" lon="138.280316">
        <ele>841.6620945699324</ele>
      </trkpt>
      <trkpt lat="36.865531" lon="138.280293">
        <ele>841.7456933194031</ele>
      </trkpt>
      <trkpt lat="36.86552" lon="138.280247">
        <ele>842.1106052001803</ele>
      </trkpt>
      <trkpt lat="36.865513" lon="138.280227">
        <ele>842.1908763392942</ele>
      </trkpt>
      <trkpt lat="36.865506" lon="138.280202">
        <ele>842.3504808921376</ele>
      </trkpt>
      <trkpt lat="36.8655" lon="138.280176">
        <ele>842.5769372191019</ele>
      </trkpt>
      <trkpt lat="36.865493" lon="138.280153">
        <ele>842.7185749037362</ele>
      </trkpt>
      <trkpt lat="36.865475" lon="138.280116">
        <ele>842.6731323151814</ele>
      </trkpt>
      <trkpt lat="36.865468" lon="138.280094">
        <ele>842.8056497882599</ele>
      </trkpt>
      <trkpt lat="36.865458" lon="138.28007">
        <ele>842.8744117485835</ele>
      </trkpt>
      <trkpt lat="36.865449" lon="138.280045">
        <ele>842.9996781490751</ele>
      </trkpt>
      <trkpt lat="36.865441" lon="138.280022">
        <ele>843.1255249226474</ele>
      </trkpt>
      <trkpt lat="36.865431" lon="138.280002">
        <ele>843.1681780147405</ele>
      </trkpt>
      <trkpt lat="36.865424" lon="138.279983">
        <ele>843.3047958099885</ele>
      </trkpt>
      <trkpt lat="36.865417" lon="138.279967">
        <ele>843.3735038756919</ele>
      </trkpt>
      <trkpt lat="36.865406" lon="138.27995">
        <ele>843.3054662974228</ele>
      </trkpt>
      <trkpt lat="36.865391" lon="138.279938">
        <ele>842.9899037907314</ele>
      </trkpt>
      <trkpt lat="36.865371" lon="138.279928">
        <ele>842.4513588121067</ele>
      </trkpt>
      <trkpt lat="36.865355" lon="138.279912">
        <ele>842.2025080220767</ele>
      </trkpt>
      <trkpt lat="36.865324" lon="138.279877">
        <ele>841.8624579526255</ele>
      </trkpt>
      <trkpt lat="36.865309" lon="138.279858">
        <ele>841.7806408976442</ele>
      </trkpt>
      <trkpt lat="36.865278" lon="138.279829">
        <ele>841.4313167497976</ele>
      </trkpt>
      <trkpt lat="36.865259" lon="138.279816">
        <ele>841.13696928815</ele>
      </trkpt>
      <trkpt lat="36.865243" lon="138.279798">
        <ele>841.07104706362</ele>
      </trkpt>
      <trkpt lat="36.865226" lon="138.279784">
        <ele>840.868747215268</ele>
      </trkpt>
      <trkpt lat="36.865213" lon="138.279772">
        <ele>840.739005204941</ele>
      </trkpt>
      <trkpt lat="36.865202" lon="138.27976">
        <ele>840.6734072894166</ele>
      </trkpt>
      <trkpt lat="36.865192" lon="138.279745">
        <ele>840.7790961840196</ele>
      </trkpt>
      <trkpt lat="36.865176" lon="138.279729">
        <ele>840.7465011325207</ele>
      </trkpt>
      <trkpt lat="36.86516" lon="138.279713">
        <ele>840.7139061759701</ele>
      </trkpt>
      <trkpt lat="36.865149" lon="138.279696">
        <ele>840.8452883424716</ele>
      </trkpt>
      <trkpt lat="36.865121" lon="138.279649">
        <ele>841.356450637664</ele>
      </trkpt>
      <trkpt lat="36.865105" lon="138.279624">
        <ele>841.6360971700873</ele>
      </trkpt>
      <trkpt lat="36.865089" lon="138.279602">
        <ele>841.8318577114031</ele>
      </trkpt>
      <trkpt lat="36.865073" lon="138.279582">
        <ele>841.9917493260933</ele>
      </trkpt>
      <trkpt lat="36.865058" lon="138.279564">
        <ele>842.1618351954038</ele>
      </trkpt>
      <trkpt lat="36.865042" lon="138.279552">
        <ele>842.15253817495</ele>
      </trkpt>
      <trkpt lat="36.865024" lon="138.27954">
        <ele>842.0966408276935</ele>
      </trkpt>
      <trkpt lat="36.865008" lon="138.27953">
        <ele>842.0267595821065</ele>
      </trkpt>
      <trkpt lat="36.864993" lon="138.279522">
        <ele>841.9218011182573</ele>
      </trkpt>
      <trkpt lat="36.864974" lon="138.279512">
        <ele>841.7877245002786</ele>
      </trkpt>
      <trkpt lat="36.864956" lon="138.279504">
        <ele>841.6018426946839</ele>
      </trkpt>
      <trkpt lat="36.864936" lon="138.279494">
        <ele>841.4271102306445</ele>
      </trkpt>
      <trkpt lat="36.864912" lon="138.279482">
        <ele>841.2650867759266</ele>
      </trkpt>
      <trkpt lat="36.864897" lon="138.279471">
        <ele>841.2674126952775</ele>
      </trkpt>
      <trkpt lat="36.864869" lon="138.279447">
        <ele>841.3175797498334</ele>
      </trkpt>
      <trkpt lat="36.864851" lon="138.279434">
        <ele>841.2609654019199</ele>
      </trkpt>
      <trkpt lat="36.864819" lon="138.279413">
        <ele>841.0916330384847</ele>
      </trkpt>
      <trkpt lat="36.864804" lon="138.279403">
        <ele>840.9998278340727</ele>
      </trkpt>
      <trkpt lat="36.864789" lon="138.279392">
        <ele>840.9177474181325</ele>
      </trkpt>
      <trkpt lat="36.864777" lon="138.279379">
        <ele>840.9770023790348</ele>
      </trkpt>
      <trkpt lat="36.864764" lon="138.279363">
        <ele>841.0722503809519</ele>
      </trkpt>
      <trkpt lat="36.864745" lon="138.27935">
        <ele>840.959772136929</ele>
      </trkpt>
      <trkpt lat="36.864729" lon="138.279335">
        <ele>840.938163765994</ele>
      </trkpt>
      <trkpt lat="36.864709" lon="138.279318">
        <ele>840.8664583862842</ele>
      </trkpt>
      <trkpt lat="36.864695" lon="138.279298">
        <ele>840.9633858369043</ele>
      </trkpt>
      <trkpt lat="36.864684" lon="138.279277">
        <ele>841.1204844845525</ele>
      </trkpt>
      <trkpt lat="36.864671" lon="138.279259">
        <ele>841.1501381644412</ele>
      </trkpt>
      <trkpt lat="36.864662" lon="138.279237">
        <ele>841.3384484469518</ele>
      </trkpt>
      <trkpt lat="36.864653" lon="138.279217">
        <ele>841.4858897705947</ele>
      </trkpt>
      <trkpt lat="36.864645" lon="138.2792">
        <ele>841.6179619082698</ele>
      </trkpt>
      <trkpt lat="36.864632" lon="138.279184">
        <ele>841.6034696035166</ele>
      </trkpt>
      <trkpt lat="36.864618" lon="138.279161">
        <ele>841.6609006854717</ele>
      </trkpt>
      <trkpt lat="36.864593" lon="138.279132">
        <ele>841.4564035345367</ele>
      </trkpt>
      <trkpt lat="36.864574" lon="138.279121">
        <ele>841.151486146</ele>
      </trkpt>
      <trkpt lat="36.864558" lon="138.279108">
        <ele>840.9671317600612</ele>
      </trkpt>
      <trkpt lat="36.864545" lon="138.279091">
        <ele>840.8979442454556</ele>
      </trkpt>
      <trkpt lat="36.864526" lon="138.27908">
        <ele>840.60325970596</ele>
      </trkpt>
      <trkpt lat="36.864505" lon="138.279074">
        <ele>840.2508518061613</ele>
      </trkpt>
      <trkpt lat="36.864489" lon="138.279071">
        <ele>840.0131943453115</ele>
      </trkpt>
      <trkpt lat="36.864474" lon="138.279067">
        <ele>839.8069929810251</ele>
      </trkpt>
      <trkpt lat="36.864461" lon="138.279061">
        <ele>839.6637037411341</ele>
      </trkpt>
      <trkpt lat="36.864445" lon="138.279049">
        <ele>839.5581282099982</ele>
      </trkpt>
      <trkpt lat="36.864431" lon="138.279034">
        <ele>839.5945604139448</ele>
      </trkpt>
      <trkpt lat="36.864419" lon="138.279014">
        <ele>839.7166887904017</ele>
      </trkpt>
      <trkpt lat="36.864402" lon="138.27897">
        <ele>840.1127202392993</ele>
      </trkpt>
      <trkpt lat="36.864401" lon="138.278951">
        <ele>840.380148195234</ele>
      </trkpt>
      <trkpt lat="36.864401" lon="138.278929">
        <ele>840.7045884633657</ele>
      </trkpt>
      <trkpt lat="36.8644" lon="138.278905">
        <ele>841.046855670169</ele>
      </trkpt>
      <trkpt lat="36.864402" lon="138.278889">
        <ele>841.3407381075929</ele>
      </trkpt>
      <trkpt lat="36.864404" lon="138.278844">
        <ele>842.1297253780812</ele>
      </trkpt>
      <trkpt lat="36.864401" lon="138.27882">
        <ele>842.5076862541721</ele>
      </trkpt>
      <trkpt lat="36.864401" lon="138.278796">
        <ele>842.9433290388712</ele>
      </trkpt>
      <trkpt lat="36.864409" lon="138.27875">
        <ele>843.854788330689</ele>
      </trkpt>
      <trkpt lat="36.86441" lon="138.278737">
        <ele>844.0989940582447</ele>
      </trkpt>
      <trkpt lat="36.864413" lon="138.278714">
        <ele>844.5837102682367</ele>
      </trkpt>
      <trkpt lat="36.864412" lon="138.278693">
        <ele>845.0028917682034</ele>
      </trkpt>
      <trkpt lat="36.864411" lon="138.278672">
        <ele>845.4213606720948</ele>
      </trkpt>
      <trkpt lat="36.864406" lon="138.278657">
        <ele>845.6769089626948</ele>
      </trkpt>
      <trkpt lat="36.864396" lon="138.278636">
        <ele>846.0171074853881</ele>
      </trkpt>
      <trkpt lat="36.864386" lon="138.278619">
        <ele>846.2908151190861</ele>
      </trkpt>
      <trkpt lat="36.864378" lon="138.2786">
        <ele>846.6334259654122</ele>
      </trkpt>
      <trkpt lat="36.864348" lon="138.278559">
        <ele>847.40741657652</ele>
      </trkpt>
      <trkpt lat="36.864334" lon="138.278542">
        <ele>847.7225763681815</ele>
      </trkpt>
      <trkpt lat="36.864323" lon="138.278523">
        <ele>848.0951156218541</ele>
      </trkpt>
      <trkpt lat="36.864311" lon="138.278511">
        <ele>848.3083299044524</ele>
      </trkpt>
      <trkpt lat="36.864305" lon="138.278502">
        <ele>848.4793063008929</ele>
      </trkpt>
      <trkpt lat="36.864298" lon="138.278489">
        <ele>848.7279911424376</ele>
      </trkpt>
      <trkpt lat="36.864285" lon="138.278475">
        <ele>848.9571211074292</ele>
      </trkpt>
      <trkpt lat="36.864274" lon="138.278469">
        <ele>849.0087458361724</ele>
      </trkpt>
      <trkpt lat="36.864263" lon="138.278466">
        <ele>849.0006738571003</ele>
      </trkpt>
      <trkpt lat="36.864254" lon="138.278471">
        <ele>848.8525227352884</ele>
      </trkpt>
      <trkpt lat="36.864244" lon="138.278485">
        <ele>848.5191948156165</ele>
      </trkpt>
      <trkpt lat="36.864237" lon="138.278497">
        <ele>848.2466669456107</ele>
      </trkpt>
      <trkpt lat="36.864204" lon="138.278507">
        <ele>847.9044341032168</ele>
      </trkpt>
      <trkpt lat="36.864193" lon="138.278508">
        <ele>847.8365715190778</ele>
      </trkpt>
      <trkpt lat="36.864184" lon="138.278506">
        <ele>847.8368657285358</ele>
      </trkpt>
      <trkpt lat="36.864171" lon="138.278504">
        <ele>847.8166317935496</ele>
      </trkpt>
      <trkpt lat="36.864156" lon="138.278498">
        <ele>847.7724267831754</ele>
      </trkpt>
      <trkpt lat="36.864144" lon="138.278493">
        <ele>847.7364398368497</ele>
      </trkpt>
      <trkpt lat="36.864119" lon="138.278466">
        <ele>847.9165255357956</ele>
      </trkpt>
      <trkpt lat="36.864109" lon="138.278453">
        <ele>847.9815184605392</ele>
      </trkpt>
      <trkpt lat="36.864101" lon="138.278439">
        <ele>848.0719824210785</ele>
      </trkpt>
      <trkpt lat="36.864095" lon="138.278429">
        <ele>848.1144754032881</ele>
      </trkpt>
      <trkpt lat="36.864093" lon="138.278416">
        <ele>848.2596649394193</ele>
      </trkpt>
      <trkpt lat="36.864087" lon="138.278407">
        <ele>848.2813162028759</ele>
      </trkpt>
      <trkpt lat="36.864072" lon="138.278388">
        <ele>848.2740206748255</ele>
      </trkpt>
      <trkpt lat="36.86406" lon="138.278364">
        <ele>848.3719037746087</ele>
      </trkpt>
      <trkpt lat="36.864053" lon="138.278349">
        <ele>848.4418181942783</ele>
      </trkpt>
      <trkpt lat="36.864044" lon="138.278338">
        <ele>848.4255190526608</ele>
      </trkpt>
      <trkpt lat="36.864035" lon="138.27833">
        <ele>848.3707721429882</ele>
      </trkpt>
      <trkpt lat="36.864028" lon="138.278316">
        <ele>848.4126515819015</ele>
      </trkpt>
      <trkpt lat="36.864005" lon="138.278294">
        <ele>848.1971755842737</ele>
      </trkpt>
      <trkpt lat="36.863995" lon="138.278281">
        <ele>848.1194304463861</ele>
      </trkpt>
      <trkpt lat="36.863982" lon="138.278272">
        <ele>847.9359188100411</ele>
      </trkpt>
      <trkpt lat="36.86397" lon="138.278263">
        <ele>847.7695056073935</ele>
      </trkpt>
      <trkpt lat="36.863964" lon="138.27825">
        <ele>847.7652685235726</ele>
      </trkpt>
      <trkpt lat="36.863955" lon="138.278232">
        <ele>847.7495541453833</ele>
      </trkpt>
      <trkpt lat="36.863945" lon="138.278207">
        <ele>847.8027343901812</ele>
      </trkpt>
      <trkpt lat="36.863932" lon="138.278163">
        <ele>848.0503355070023</ele>
      </trkpt>
      <trkpt lat="36.863922" lon="138.278137">
        <ele>848.1493836176588</ele>
      </trkpt>
      <trkpt lat="36.863898" lon="138.278088">
        <ele>848.3829689165582</ele>
      </trkpt>
      <trkpt lat="36.863881" lon="138.278072">
        <ele>848.3176908136711</ele>
      </trkpt>
      <trkpt lat="36.86386" lon="138.278067">
        <ele>848.020184147482</ele>
      </trkpt>
      <trkpt lat="36.863837" lon="138.27807">
        <ele>847.5614497685825</ele>
      </trkpt>
      <trkpt lat="36.863817" lon="138.278068">
        <ele>847.2571300766442</ele>
      </trkpt>
      <trkpt lat="36.86378" lon="138.278053">
        <ele>846.9091084145019</ele>
      </trkpt>
      <trkpt lat="36.863762" lon="138.278037">
        <ele>846.9317949212578</ele>
      </trkpt>
      <trkpt lat="36.863747" lon="138.278018">
        <ele>847.1487902335829</ele>
      </trkpt>
      <trkpt lat="36.863733" lon="138.278005">
        <ele>847.2530800808927</ele>
      </trkpt>
      <trkpt lat="36.8637" lon="138.277978">
        <ele>847.4182657923557</ele>
      </trkpt>
      <trkpt lat="36.863678" lon="138.277952">
        <ele>847.7696923153484</ele>
      </trkpt>
      <trkpt lat="36.863669" lon="138.27794">
        <ele>848.0003875771547</ele>
      </trkpt>
      <trkpt lat="36.863659" lon="138.277927">
        <ele>848.2473949845889</ele>
      </trkpt>
      <trkpt lat="36.86365" lon="138.277912">
        <ele>848.5619763538252</ele>
      </trkpt>
      <trkpt lat="36.863636" lon="138.277896">
        <ele>848.846270309576</ele>
      </trkpt>
      <trkpt lat="36.863617" lon="138.277881">
        <ele>849.0368884583714</ele>
      </trkpt>
      <trkpt lat="36.863596" lon="138.277866">
        <ele>849.2241095125516</ele>
      </trkpt>
      <trkpt lat="36.863573" lon="138.277836">
        <ele>849.9081686390452</ele>
      </trkpt>
      <trkpt lat="36.863562" lon="138.277822">
        <ele>850.2156534150574</ele>
      </trkpt>
      <trkpt lat="36.863549" lon="138.277804">
        <ele>850.626136478107</ele>
      </trkpt>
      <trkpt lat="36.863534" lon="138.277789">
        <ele>850.9179595826132</ele>
      </trkpt>
      <trkpt lat="36.863517" lon="138.277778">
        <ele>851.0822280843848</ele>
      </trkpt>
      <trkpt lat="36.863501" lon="138.277769">
        <ele>851.1757693075579</ele>
      </trkpt>
      <trkpt lat="36.863487" lon="138.277763">
        <ele>851.1820301875898</ele>
      </trkpt>
      <trkpt lat="36.863476" lon="138.277758">
        <ele>851.2077657071303</ele>
      </trkpt>
      <trkpt lat="36.863462" lon="138.277753">
        <ele>851.1954102231061</ele>
      </trkpt>
      <trkpt lat="36.863446" lon="138.277749">
        <ele>851.1198074904148</ele>
      </trkpt>
      <trkpt lat="36.863412" lon="138.27774">
        <ele>850.9809960797413</ele>
      </trkpt>
      <trkpt lat="36.863396" lon="138.277727">
        <ele>851.2442095434587</ele>
      </trkpt>
      <trkpt lat="36.863378" lon="138.277718">
        <ele>851.3489805762212</ele>
      </trkpt>
      <trkpt lat="36.863358" lon="138.277712">
        <ele>851.3320541175603</ele>
      </trkpt>
      <trkpt lat="36.863337" lon="138.277708">
        <ele>851.3130880873778</ele>
      </trkpt>
      <trkpt lat="36.863316" lon="138.277705">
        <ele>851.3366507638959</ele>
      </trkpt>
      <trkpt lat="36.863297" lon="138.277699">
        <ele>851.4521808864016</ele>
      </trkpt>
      <trkpt lat="36.863278" lon="138.277695">
        <ele>851.5156085559092</ele>
      </trkpt>
      <trkpt lat="36.863263" lon="138.27769">
        <ele>851.698523037215</ele>
      </trkpt>
      <trkpt lat="36.863248" lon="138.27769">
        <ele>851.7359332872069</ele>
      </trkpt>
      <trkpt lat="36.863235" lon="138.277693">
        <ele>851.6854302682001</ele>
      </trkpt>
      <trkpt lat="36.863221" lon="138.277688">
        <ele>851.8576050917068</ele>
      </trkpt>
      <trkpt lat="36.863201" lon="138.277677">
        <ele>852.2240101577194</ele>
      </trkpt>
      <trkpt lat="36.86318" lon="138.277662">
        <ele>852.7149142128137</ele>
      </trkpt>
      <trkpt lat="36.863166" lon="138.27765">
        <ele>853.0809079626866</ele>
      </trkpt>
      <trkpt lat="36.863149" lon="138.277641">
        <ele>853.3722556602995</ele>
      </trkpt>
      <trkpt lat="36.863132" lon="138.277634">
        <ele>853.6158625257513</ele>
      </trkpt>
      <trkpt lat="36.863114" lon="138.27763">
        <ele>853.7958482203969</ele>
      </trkpt>
      <trkpt lat="36.86308" lon="138.277622">
        <ele>854.1395661700803</ele>
      </trkpt>
      <trkpt lat="36.863067" lon="138.277622">
        <ele>854.1723982434881</ele>
      </trkpt>
      <trkpt lat="36.863054" lon="138.277629">
        <ele>854.0127276029037</ele>
      </trkpt>
      <trkpt lat="36.863036" lon="138.277633">
        <ele>853.9258328662121</ele>
      </trkpt>
      <trkpt lat="36.863018" lon="138.277637">
        <ele>853.8413812680961</ele>
      </trkpt>
      <trkpt lat="36.863008" lon="138.277636">
        <ele>853.8670621186112</ele>
      </trkpt>
      <trkpt lat="36.862986" lon="138.277636">
        <ele>853.8420097309642</ele>
      </trkpt>
      <trkpt lat="36.86297" lon="138.277637">
        <ele>853.7965735478336</ele>
      </trkpt>
      <trkpt lat="36.862955" lon="138.277641">
        <ele>853.6861837792685</ele>
      </trkpt>
      <trkpt lat="36.862938" lon="138.27764">
        <ele>853.683564591688</ele>
      </trkpt>
      <trkpt lat="36.86292" lon="138.277637">
        <ele>853.6671205106436</ele>
      </trkpt>
      <trkpt lat="36.862894" lon="138.27763">
        <ele>853.6788762939336</ele>
      </trkpt>
      <trkpt lat="36.86288" lon="138.277622">
        <ele>853.7657890183165</ele>
      </trkpt>
      <trkpt lat="36.862865" lon="138.277613">
        <ele>853.8631209365865</ele>
      </trkpt>
      <trkpt lat="36.862848" lon="138.277606">
        <ele>853.9076619782643</ele>
      </trkpt>
      <trkpt lat="36.862829" lon="138.2776">
        <ele>853.91559042566</ele>
      </trkpt>
      <trkpt lat="36.862795" lon="138.277586">
        <ele>853.9785074785864</ele>
      </trkpt>
      <trkpt lat="36.862778" lon="138.27758">
        <ele>853.95188497207</ele>
      </trkpt>
      <trkpt lat="36.86276" lon="138.27758">
        <ele>853.7985311065501</ele>
      </trkpt>
      <trkpt lat="36.862744" lon="138.277578">
        <ele>853.6981593980784</ele>
      </trkpt>
      <trkpt lat="36.862705" lon="138.27757">
        <ele>853.4964304960885</ele>
      </trkpt>
      <trkpt lat="36.862684" lon="138.277561">
        <ele>853.4538112012834</ele>
      </trkpt>
      <trkpt lat="36.862664" lon="138.277545">
        <ele>853.5146330021064</ele>
      </trkpt>
      <trkpt lat="36.862642" lon="138.277536">
        <ele>853.4316656381474</ele>
      </trkpt>
      <trkpt lat="36.862621" lon="138.27753">
        <ele>853.3060765978275</ele>
      </trkpt>
      <trkpt lat="36.862596" lon="138.277522">
        <ele>853.1731565890361</ele>
      </trkpt>
      <trkpt lat="36.862546" lon="138.277507">
        <ele>852.9190190312718</ele>
      </trkpt>
      <trkpt lat="36.862521" lon="138.2775">
        <ele>852.7753785094534</ele>
      </trkpt>
      <trkpt lat="36.862503" lon="138.277492">
        <ele>852.736654835684</ele>
      </trkpt>
      <trkpt lat="36.862483" lon="138.27748">
        <ele>852.7099114576286</ele>
      </trkpt>
      <trkpt lat="36.862459" lon="138.277465">
        <ele>852.6512932529521</ele>
      </trkpt>
      <trkpt lat="36.862435" lon="138.277452">
        <ele>852.5968384044849</ele>
      </trkpt>
      <trkpt lat="36.862412" lon="138.277439">
        <ele>852.5374594036234</ele>
      </trkpt>
      <trkpt lat="36.86239" lon="138.277425">
        <ele>852.4714172618764</ele>
      </trkpt>
      <trkpt lat="36.86235" lon="138.277383">
        <ele>852.4466392467693</ele>
      </trkpt>
      <trkpt lat="36.862326" lon="138.277364">
        <ele>852.3505857402004</ele>
      </trkpt>
      <trkpt lat="36.862308" lon="138.277344">
        <ele>852.3167399133542</ele>
      </trkpt>
      <trkpt lat="36.862289" lon="138.277324">
        <ele>852.2804398710911</ele>
      </trkpt>
      <trkpt lat="36.86227" lon="138.277306">
        <ele>852.2212025401861</ele>
      </trkpt>
      <trkpt lat="36.862254" lon="138.277287">
        <ele>852.1805679137652</ele>
      </trkpt>
      <trkpt lat="36.862239" lon="138.277266">
        <ele>852.148616739177</ele>
      </trkpt>
      <trkpt lat="36.862229" lon="138.277238">
        <ele>852.1917336277668</ele>
      </trkpt>
      <trkpt lat="36.862226" lon="138.277205">
        <ele>852.3193130059171</ele>
      </trkpt>
      <trkpt lat="36.862225" lon="138.277174">
        <ele>852.5118805476341</ele>
      </trkpt>
      <trkpt lat="36.862222" lon="138.277145">
        <ele>852.742147440625</ele>
      </trkpt>
      <trkpt lat="36.862216" lon="138.277088">
        <ele>853.2165554702574</ele>
      </trkpt>
      <trkpt lat="36.862206" lon="138.277058">
        <ele>853.4401144729651</ele>
      </trkpt>
      <trkpt lat="36.862198" lon="138.277035">
        <ele>853.6008418449436</ele>
      </trkpt>
      <trkpt lat="36.86219" lon="138.277018">
        <ele>853.6913970783067</ele>
      </trkpt>
      <trkpt lat="36.862172" lon="138.276997">
        <ele>853.8336510970994</ele>
      </trkpt>
      <trkpt lat="36.862154" lon="138.276984">
        <ele>853.9142539246882</ele>
      </trkpt>
      <trkpt lat="36.862137" lon="138.276968">
        <ele>854.0367473711755</ele>
      </trkpt>
      <trkpt lat="36.8621" lon="138.276945">
        <ele>854.1609991719171</ele>
      </trkpt>
      <trkpt lat="36.862092" lon="138.276933">
        <ele>854.3016973229358</ele>
      </trkpt>
      <trkpt lat="36.862071" lon="138.27691">
        <ele>854.6022365455726</ele>
      </trkpt>
      <trkpt lat="36.862056" lon="138.276894">
        <ele>854.7980053386136</ele>
      </trkpt>
      <trkpt lat="36.862045" lon="138.276876">
        <ele>855.0266232515376</ele>
      </trkpt>
      <trkpt lat="36.862033" lon="138.276855">
        <ele>855.3956544734467</ele>
      </trkpt>
      <trkpt lat="36.862025" lon="138.276833">
        <ele>855.7858112987669</ele>
      </trkpt>
      <trkpt lat="36.86202" lon="138.276809">
        <ele>856.2038368687561</ele>
      </trkpt>
      <trkpt lat="36.86201" lon="138.276788">
        <ele>856.5763133525288</ele>
      </trkpt>
      <trkpt lat="36.861998" lon="138.276771">
        <ele>856.8704159844144</ele>
      </trkpt>
      <trkpt lat="36.861994" lon="138.276757">
        <ele>857.0906126828969</ele>
      </trkpt>
      <trkpt lat="36.861985" lon="138.27674">
        <ele>857.373136468691</ele>
      </trkpt>
      <trkpt lat="36.861979" lon="138.276722">
        <ele>857.6531742813687</ele>
      </trkpt>
      <trkpt lat="36.861971" lon="138.276702">
        <ele>857.9909021263752</ele>
      </trkpt>
      <trkpt lat="36.861965" lon="138.276683">
        <ele>858.3489002628545</ele>
      </trkpt>
      <trkpt lat="36.861962" lon="138.276663">
        <ele>858.7031528857386</ele>
      </trkpt>
      <trkpt lat="36.861955" lon="138.276642">
        <ele>859.1288299310465</ele>
      </trkpt>
      <trkpt lat="36.861945" lon="138.27662">
        <ele>859.5595289710591</ele>
      </trkpt>
      <trkpt lat="36.861923" lon="138.276576">
        <ele>860.3175897936596</ele>
      </trkpt>
      <trkpt lat="36.861916" lon="138.276561">
        <ele>860.5695451176432</ele>
      </trkpt>
      <trkpt lat="36.861906" lon="138.276551">
        <ele>860.7374645342455</ele>
      </trkpt>
      <trkpt lat="36.861896" lon="138.276546">
        <ele>860.9251232238878</ele>
      </trkpt>
      <trkpt lat="36.861883" lon="138.276529">
        <ele>861.2985248028638</ele>
      </trkpt>
      <trkpt lat="36.861877" lon="138.27652">
        <ele>861.469834716961</ele>
      </trkpt>
      <trkpt lat="36.861862" lon="138.276509">
        <ele>861.7265806451667</ele>
      </trkpt>
      <trkpt lat="36.861854" lon="138.276497">
        <ele>861.92137429197</ele>
      </trkpt>
      <trkpt lat="36.861845" lon="138.276493">
        <ele>862.0335042521443</ele>
      </trkpt>
      <trkpt lat="36.861845" lon="138.276481">
        <ele>862.1800899377051</ele>
      </trkpt>
      <trkpt lat="36.861848" lon="138.27647">
        <ele>862.2988677741778</ele>
      </trkpt>
      <trkpt lat="36.861851" lon="138.27645">
        <ele>862.5357285466553</ele>
      </trkpt>
      <trkpt lat="36.861859" lon="138.27641">
        <ele>863.0429806211085</ele>
      </trkpt>
      <trkpt lat="36.861859" lon="138.276389">
        <ele>863.368391116121</ele>
      </trkpt>
      <trkpt lat="36.861853" lon="138.276374">
        <ele>863.5929223062897</ele>
      </trkpt>
      <trkpt lat="36.861852" lon="138.276362">
        <ele>863.7718531096943</ele>
      </trkpt>
      <trkpt lat="36.861849" lon="138.276346">
        <ele>864.0025311448388</ele>
      </trkpt>
      <trkpt lat="36.861844" lon="138.27633">
        <ele>864.218087255799</ele>
      </trkpt>
      <trkpt lat="36.86184" lon="138.276314">
        <ele>864.4807449071022</ele>
      </trkpt>
      <trkpt lat="36.861835" lon="138.27629">
        <ele>864.8840580708028</ele>
      </trkpt>
      <trkpt lat="36.86182" lon="138.276279">
        <ele>865.0765844516629</ele>
      </trkpt>
      <trkpt lat="36.861811" lon="138.276269">
        <ele>865.2306758695441</ele>
      </trkpt>
      <trkpt lat="36.8618" lon="138.276251">
        <ele>865.4812697240206</ele>
      </trkpt>
      <trkpt lat="36.861785" lon="138.276233">
        <ele>865.7277949239565</ele>
      </trkpt>
      <trkpt lat="36.861774" lon="138.276217">
        <ele>865.9556218284516</ele>
      </trkpt>
      <trkpt lat="36.861765" lon="138.276207">
        <ele>866.0926786218965</ele>
      </trkpt>
      <trkpt lat="36.861745" lon="138.276184">
        <ele>866.4276185986283</ele>
      </trkpt>
      <trkpt lat="36.861733" lon="138.276174">
        <ele>866.5351890739709</ele>
      </trkpt>
      <trkpt lat="36.86172" lon="138.276168">
        <ele>866.5689373267285</ele>
      </trkpt>
      <trkpt lat="36.861707" lon="138.27616">
        <ele>866.6070070743061</ele>
      </trkpt>
      <trkpt lat="36.861697" lon="138.276144">
        <ele>866.7994600684451</ele>
      </trkpt>
      <trkpt lat="36.861684" lon="138.276133">
        <ele>866.931189100779</ele>
      </trkpt>
      <trkpt lat="36.86166" lon="138.276113">
        <ele>867.0944652100342</ele>
      </trkpt>
      <trkpt lat="36.861658" lon="138.2761">
        <ele>867.227627180651</ele>
      </trkpt>
      <trkpt lat="36.861655" lon="138.276087">
        <ele>867.3483314860209</ele>
      </trkpt>
      <trkpt lat="36.861654" lon="138.276073">
        <ele>867.4886020618792</ele>
      </trkpt>
      <trkpt lat="36.861647" lon="138.276065">
        <ele>867.5280976177906</ele>
      </trkpt>
      <trkpt lat="36.86163" lon="138.276063">
        <ele>867.3962129425613</ele>
      </trkpt>
      <trkpt lat="36.861618" lon="138.276053">
        <ele>867.4408532082222</ele>
      </trkpt>
      <trkpt lat="36.861609" lon="138.276038">
        <ele>867.5345707505128</ele>
      </trkpt>
      <trkpt lat="36.861586" lon="138.276008">
        <ele>867.6044969179193</ele>
      </trkpt>
      <trkpt lat="36.86157" lon="138.275996">
        <ele>867.5264033337717</ele>
      </trkpt>
      <trkpt lat="36.861543" lon="138.275966">
        <ele>867.5367057224264</ele>
      </trkpt>
      <trkpt lat="36.861532" lon="138.275948">
        <ele>867.5811632315252</ele>
      </trkpt>
      <trkpt lat="36.861522" lon="138.275926">
        <ele>867.6324086584079</ele>
      </trkpt>
      <trkpt lat="36.861504" lon="138.275883">
        <ele>867.7024218987715</ele>
      </trkpt>
      <trkpt lat="36.861493" lon="138.275858">
        <ele>867.738372060748</ele>
      </trkpt>
      <trkpt lat="36.861482" lon="138.275835">
        <ele>867.7969218858916</ele>
      </trkpt>
      <trkpt lat="36.86147" lon="138.275814">
        <ele>867.7949174798018</ele>
      </trkpt>
      <trkpt lat="36.861456" lon="138.275798">
        <ele>867.7589208213578</ele>
      </trkpt>
      <trkpt lat="36.861444" lon="138.275788">
        <ele>867.6832363008554</ele>
      </trkpt>
      <trkpt lat="36.861433" lon="138.275778">
        <ele>867.6137373829663</ele>
      </trkpt>
      <trkpt lat="36.861417" lon="138.275763">
        <ele>867.5519719171317</ele>
      </trkpt>
      <trkpt lat="36.861403" lon="138.275748">
        <ele>867.5398502531312</ele>
      </trkpt>
      <trkpt lat="36.861395" lon="138.275739">
        <ele>867.5261742850587</ele>
      </trkpt>
      <trkpt lat="36.861394" lon="138.275723">
        <ele>867.6274945575085</ele>
      </trkpt>
      <trkpt lat="36.861387" lon="138.27571">
        <ele>867.6532396201687</ele>
      </trkpt>
      <trkpt lat="36.861378" lon="138.275699">
        <ele>867.6397223219849</ele>
      </trkpt>
      <trkpt lat="36.861374" lon="138.275688">
        <ele>867.6772248696238</ele>
      </trkpt>
      <trkpt lat="36.861373" lon="138.275675">
        <ele>867.760980414677</ele>
      </trkpt>
      <trkpt lat="36.86137" lon="138.275664">
        <ele>867.8072041140662</ele>
      </trkpt>
      <trkpt lat="36.861373" lon="138.275644">
        <ele>867.9866398145452</ele>
      </trkpt>
      <trkpt lat="36.861371" lon="138.27562">
        <ele>868.1690853878346</ele>
      </trkpt>
      <trkpt lat="36.861368" lon="138.275607">
        <ele>868.243183717982</ele>
      </trkpt>
      <trkpt lat="36.861364" lon="138.27558">
        <ele>868.4193337826166</ele>
      </trkpt>
      <trkpt lat="36.86136" lon="138.275561">
        <ele>868.5218175031426</ele>
      </trkpt>
      <trkpt lat="36.861359" lon="138.275547">
        <ele>868.6002437243221</ele>
      </trkpt>
      <trkpt lat="36.86136" lon="138.275532">
        <ele>868.7033733388322</ele>
      </trkpt>
      <trkpt lat="36.861346" lon="138.275517">
        <ele>868.6578447809443</ele>
      </trkpt>
      <trkpt lat="36.861332" lon="138.275496">
        <ele>868.678245177609</ele>
      </trkpt>
      <trkpt lat="36.861321" lon="138.275482">
        <ele>868.6797105178701</ele>
      </trkpt>
      <trkpt lat="36.861318" lon="138.275468">
        <ele>868.742608472798</ele>
      </trkpt>
      <trkpt lat="36.861317" lon="138.275455">
        <ele>868.8262040993432</ele>
      </trkpt>
      <trkpt lat="36.861311" lon="138.275431">
        <ele>868.9502905006523</ele>
      </trkpt>
      <trkpt lat="36.861304" lon="138.275413">
        <ele>869.0251529066827</ele>
      </trkpt>
      <trkpt lat="36.861298" lon="138.275391">
        <ele>869.1352583019532</ele>
      </trkpt>
      <trkpt lat="36.861293" lon="138.275375">
        <ele>869.2107016185303</ele>
      </trkpt>
      <trkpt lat="36.861291" lon="138.27536">
        <ele>869.3009973032404</ele>
      </trkpt>
      <trkpt lat="36.861287" lon="138.275348">
        <ele>869.357718294353</ele>
      </trkpt>
      <trkpt lat="36.861287" lon="138.275331">
        <ele>869.4766444835974</ele>
      </trkpt>
      <trkpt lat="36.861295" lon="138.275309">
        <ele>869.6866369741975</ele>
      </trkpt>
      <trkpt lat="36.861303" lon="138.275288">
        <ele>869.9244885159978</ele>
      </trkpt>
      <trkpt lat="36.861309" lon="138.275266">
        <ele>870.180410495344</ele>
      </trkpt>
      <trkpt lat="36.861312" lon="138.275244">
        <ele>870.4111377138056</ele>
      </trkpt>
      <trkpt lat="36.861313" lon="138.275227">
        <ele>870.5799852247757</ele>
      </trkpt>
      <trkpt lat="36.861318" lon="138.275198">
        <ele>870.9116766002037</ele>
      </trkpt>
      <trkpt lat="36.861316" lon="138.275176">
        <ele>871.1592580261881</ele>
      </trkpt>
      <trkpt lat="36.861317" lon="138.275158">
        <ele>871.3733418018332</ele>
      </trkpt>
      <trkpt lat="36.861319" lon="138.275144">
        <ele>871.5451907757679</ele>
      </trkpt>
      <trkpt lat="36.861323" lon="138.275123">
        <ele>871.8174073465858</ele>
      </trkpt>
      <trkpt lat="36.861326" lon="138.275108">
        <ele>872.0375600197331</ele>
      </trkpt>
      <trkpt lat="36.861329" lon="138.275094">
        <ele>872.2409275693246</ele>
      </trkpt>
      <trkpt lat="36.861325" lon="138.275058">
        <ele>872.7271998458015</ele>
      </trkpt>
      <trkpt lat="36.861323" lon="138.275042">
        <ele>872.9461308948178</ele>
      </trkpt>
      <trkpt lat="36.861323" lon="138.275028">
        <ele>873.165892220904</ele>
      </trkpt>
      <trkpt lat="36.861325" lon="138.275012">
        <ele>873.4218357905434</ele>
      </trkpt>
      <trkpt lat="36.861325" lon="138.274989">
        <ele>873.7849057194861</ele>
      </trkpt>
      <trkpt lat="36.861325" lon="138.274965">
        <ele>874.163761297568</ele>
      </trkpt>
      <trkpt lat="36.861322" lon="138.274946">
        <ele>874.471434173641</ele>
      </trkpt>
      <trkpt lat="36.86132" lon="138.274931">
        <ele>874.727753405274</ele>
      </trkpt>
      <trkpt lat="36.861323" lon="138.274907">
        <ele>875.1559209576819</ele>
      </trkpt>
      <trkpt lat="36.861319" lon="138.274892">
        <ele>875.4064154217031</ele>
      </trkpt>
      <trkpt lat="36.861319" lon="138.274878">
        <ele>875.6510831543256</ele>
      </trkpt>
      <trkpt lat="36.861313" lon="138.274862">
        <ele>875.9270383067985</ele>
      </trkpt>
      <trkpt lat="36.86131" lon="138.274851">
        <ele>876.1258706781473</ele>
      </trkpt>
      <trkpt lat="36.861298" lon="138.274847">
        <ele>876.1483239494562</ele>
      </trkpt>
      <trkpt lat="36.861288" lon="138.274832">
        <ele>876.3664994757444</ele>
      </trkpt>
      <trkpt lat="36.861278" lon="138.274812">
        <ele>876.6939204936492</ele>
      </trkpt>
      <trkpt lat="36.861254" lon="138.274778">
        <ele>877.2134847741054</ele>
      </trkpt>
      <trkpt lat="36.861244" lon="138.274767">
        <ele>877.3694755781896</ele>
      </trkpt>
      <trkpt lat="36.861236" lon="138.274753">
        <ele>877.5672525149561</ele>
      </trkpt>
      <trkpt lat="36.861226" lon="138.27474">
        <ele>877.7167821823557</ele>
      </trkpt>
      <trkpt lat="36.861214" lon="138.274726">
        <ele>877.8661158722449</ele>
      </trkpt>
      <trkpt lat="36.861204" lon="138.274711">
        <ele>878.052571442851</ele>
      </trkpt>
      <trkpt lat="36.861183" lon="138.274679">
        <ele>878.4002467137736</ele>
      </trkpt>
      <trkpt lat="36.861176" lon="138.274661">
        <ele>878.5867380083955</ele>
      </trkpt>
      <trkpt lat="36.861165" lon="138.274653">
        <ele>878.5980115072422</ele>
      </trkpt>
      <trkpt lat="36.861154" lon="138.274641">
        <ele>878.6376693258953</ele>
      </trkpt>
      <trkpt lat="36.86113" lon="138.274605">
        <ele>878.8713803364583</ele>
      </trkpt>
      <trkpt lat="36.861124" lon="138.274593">
        <ele>878.9721000075479</ele>
      </trkpt>
      <trkpt lat="36.861116" lon="138.27458">
        <ele>879.0617293608791</ele>
      </trkpt>
      <trkpt lat="36.861104" lon="138.274559">
        <ele>879.1920384928982</ele>
      </trkpt>
      <trkpt lat="36.861097" lon="138.274549">
        <ele>879.233434758188</ele>
      </trkpt>
      <trkpt lat="36.861086" lon="138.274548">
        <ele>879.1434122173805</ele>
      </trkpt>
      <trkpt lat="36.861068" lon="138.27454">
        <ele>879.1260878189269</ele>
      </trkpt>
      <trkpt lat="36.861057" lon="138.274534">
        <ele>879.1340454560332</ele>
      </trkpt>
      <trkpt lat="36.861048" lon="138.274514">
        <ele>879.2430874688938</ele>
      </trkpt>
      <trkpt lat="36.861041" lon="138.274504">
        <ele>879.2774017621038</ele>
      </trkpt>
      <trkpt lat="36.86104" lon="138.274483">
        <ele>879.4141146235099</ele>
      </trkpt>
      <trkpt lat="36.86104" lon="138.27447">
        <ele>879.5019253788033</ele>
      </trkpt>
      <trkpt lat="36.861043" lon="138.274455">
        <ele>879.623639271489</ele>
      </trkpt>
      <trkpt lat="36.861041" lon="138.274435">
        <ele>879.7631904209177</ele>
      </trkpt>
      <trkpt lat="36.861033" lon="138.274414">
        <ele>879.9071577908257</ele>
      </trkpt>
      <trkpt lat="36.861026" lon="138.274385">
        <ele>880.1298982069214</ele>
      </trkpt>
      <trkpt lat="36.861018" lon="138.274355">
        <ele>880.3464435216083</ele>
      </trkpt>
      <trkpt lat="36.860988" lon="138.274311">
        <ele>880.8814108424522</ele>
      </trkpt>
      <trkpt lat="36.86098" lon="138.274304">
        <ele>880.9809586959943</ele>
      </trkpt>
      <trkpt lat="36.86097" lon="138.274291">
        <ele>881.1656059872906</ele>
      </trkpt>
      <trkpt lat="36.860973" lon="138.274276">
        <ele>881.3646720553351</ele>
      </trkpt>
      <trkpt lat="36.860979" lon="138.274261">
        <ele>881.6046394173875</ele>
      </trkpt>
      <trkpt lat="36.860985" lon="138.274241">
        <ele>881.9772742475513</ele>
      </trkpt>
      <trkpt lat="36.860997" lon="138.274224">
        <ele>882.2754846697609</ele>
      </trkpt>
      <trkpt lat="36.861005" lon="138.274214">
        <ele>882.4454186648765</ele>
      </trkpt>
      <trkpt lat="36.861012" lon="138.274194">
        <ele>882.8017165365881</ele>
      </trkpt>
      <trkpt lat="36.86102" lon="138.274178">
        <ele>883.1814764500466</ele>
      </trkpt>
      <trkpt lat="36.861026" lon="138.274159">
        <ele>883.6803271775673</ele>
      </trkpt>
      <trkpt lat="36.861024" lon="138.274135">
        <ele>884.245342844996</ele>
      </trkpt>
      <trkpt lat="36.861016" lon="138.274126">
        <ele>884.4193662440459</ele>
      </trkpt>
      <trkpt lat="36.861006" lon="138.274116">
        <ele>884.687869906058</ele>
      </trkpt>
      <trkpt lat="36.860995" lon="138.274113">
        <ele>884.8336602325667</ele>
      </trkpt>
      <trkpt lat="36.860984" lon="138.274106">
        <ele>885.0865023801655</ele>
      </trkpt>
      <trkpt lat="36.860974" lon="138.274098">
        <ele>885.3664131765995</ele>
      </trkpt>
      <trkpt lat="36.860955" lon="138.274091">
        <ele>885.7260308097927</ele>
      </trkpt>
      <trkpt lat="36.86094" lon="138.274093">
        <ele>885.8032146343654</ele>
      </trkpt>
      <trkpt lat="36.860922" lon="138.274094">
        <ele>886.0356588699856</ele>
      </trkpt>
      <trkpt lat="36.860908" lon="138.274095">
        <ele>886.2075260793905</ele>
      </trkpt>
      <trkpt lat="36.860903" lon="138.274083">
        <ele>886.6974309891316</ele>
      </trkpt>
      <trkpt lat="36.8609" lon="138.27407">
        <ele>887.1964870424507</ele>
      </trkpt>
      <trkpt lat="36.860902" lon="138.274027">
        <ele>888.6591239109738</ele>
      </trkpt>
      <trkpt lat="36.86091" lon="138.273998">
        <ele>889.5022549946232</ele>
      </trkpt>
      <trkpt lat="36.86092" lon="138.273979">
        <ele>889.9435922394498</ele>
      </trkpt>
      <trkpt lat="36.860935" lon="138.273968">
        <ele>890.0052210049764</ele>
      </trkpt>
      <trkpt lat="36.860947" lon="138.273956">
        <ele>890.1727905649564</ele>
      </trkpt>
      <trkpt lat="36.860961" lon="138.27394">
        <ele>890.4959764682538</ele>
      </trkpt>
      <trkpt lat="36.860973" lon="138.273933">
        <ele>890.5484783318285</ele>
      </trkpt>
      <trkpt lat="36.860985" lon="138.273932">
        <ele>890.407904568879</ele>
      </trkpt>
      <trkpt lat="36.861005" lon="138.273932">
        <ele>890.1208876351812</ele>
      </trkpt>
      <trkpt lat="36.861018" lon="138.273924">
        <ele>890.2301033398683</ele>
      </trkpt>
      <trkpt lat="36.861025" lon="138.273914">
        <ele>890.4978195249934</ele>
      </trkpt>
      <trkpt lat="36.861034" lon="138.273907">
        <ele>890.6618704152291</ele>
      </trkpt>
      <trkpt lat="36.861035" lon="138.273885">
        <ele>891.3065818287303</ele>
      </trkpt>
      <trkpt lat="36.861046" lon="138.273867">
        <ele>891.7681745428259</ele>
      </trkpt>
      <trkpt lat="36.861046" lon="138.273851">
        <ele>892.2347242161001</ele>
      </trkpt>
      <trkpt lat="36.861049" lon="138.273839">
        <ele>892.5594405657855</ele>
      </trkpt>
      <trkpt lat="36.861046" lon="138.273819">
        <ele>893.0939205248615</ele>
      </trkpt>
      <trkpt lat="36.861048" lon="138.2738">
        <ele>893.5663639543584</ele>
      </trkpt>
      <trkpt lat="36.861045" lon="138.273775">
        <ele>894.229003201309</ele>
      </trkpt>
      <trkpt lat="36.861043" lon="138.27376">
        <ele>894.6280429361854</ele>
      </trkpt>
      <trkpt lat="36.861039" lon="138.273749">
        <ele>894.9271869377699</ele>
      </trkpt>
      <trkpt lat="36.861028" lon="138.273734">
        <ele>895.3568025345448</ele>
      </trkpt>
      <trkpt lat="36.861025" lon="138.273719">
        <ele>895.7281706650974</ele>
      </trkpt>
      <trkpt lat="36.861008" lon="138.273717">
        <ele>895.9493947617773</ele>
      </trkpt>
      <trkpt lat="36.860992" lon="138.273716">
        <ele>896.2651571088279</ele>
      </trkpt>
      <trkpt lat="36.860981" lon="138.273711">
        <ele>896.58010425549</ele>
      </trkpt>
      <trkpt lat="36.860966" lon="138.273711">
        <ele>896.8530869801825</ele>
      </trkpt>
      <trkpt lat="36.860965" lon="138.273686">
        <ele>897.4336328204579</ele>
      </trkpt>
      <trkpt lat="36.860965" lon="138.273665">
        <ele>897.8933326186617</ele>
      </trkpt>
      <trkpt lat="36.860967" lon="138.273646">
        <ele>898.2125698414637</ele>
      </trkpt>
      <trkpt lat="36.86097" lon="138.273628">
        <ele>898.49569148738</ele>
      </trkpt>
      <trkpt lat="36.860988" lon="138.273609">
        <ele>898.5353410763671</ele>
      </trkpt>
      <trkpt lat="36.860993" lon="138.273599">
        <ele>898.6343834396457</ele>
      </trkpt>
      <trkpt lat="36.860997" lon="138.273586">
        <ele>898.8068240821366</ele>
      </trkpt>
      <trkpt lat="36.861" lon="138.273572">
        <ele>898.9865338705326</ele>
      </trkpt>
      <trkpt lat="36.86101" lon="138.27356">
        <ele>899.0100101016867</ele>
      </trkpt>
      <trkpt lat="36.86101" lon="138.273546">
        <ele>899.2371248960397</ele>
      </trkpt>
      <trkpt lat="36.861015" lon="138.273536">
        <ele>899.3457757632425</ele>
      </trkpt>
      <trkpt lat="36.861016" lon="138.273525">
        <ele>899.5207941380684</ele>
      </trkpt>
      <trkpt lat="36.861014" lon="138.273507">
        <ele>899.8245185153042</ele>
      </trkpt>
      <trkpt lat="36.861009" lon="138.273492">
        <ele>900.1170441156354</ele>
      </trkpt>
      <trkpt lat="36.861004" lon="138.273482">
        <ele>900.3278095491855</ele>
      </trkpt>
      <trkpt lat="36.860995" lon="138.273471">
        <ele>900.607136692122</ele>
      </trkpt>
      <trkpt lat="36.860992" lon="138.27346">
        <ele>900.7994619653141</ele>
      </trkpt>
      <trkpt lat="36.860992" lon="138.273448">
        <ele>900.9630373320056</ele>
      </trkpt>
      <trkpt lat="36.860988" lon="138.273436">
        <ele>901.1807457342996</ele>
      </trkpt>
      <trkpt lat="36.860977" lon="138.273419">
        <ele>901.5570170602532</ele>
      </trkpt>
      <trkpt lat="36.86097" lon="138.273394">
        <ele>901.9886078291297</ele>
      </trkpt>
      <trkpt lat="36.860959" lon="138.273374">
        <ele>902.3930384944085</ele>
      </trkpt>
      <trkpt lat="36.86095" lon="138.273357">
        <ele>902.7211178312637</ele>
      </trkpt>
      <trkpt lat="36.86094" lon="138.273351">
        <ele>902.9329711743924</ele>
      </trkpt>
      <trkpt lat="36.860928" lon="138.273341">
        <ele>903.2585379867945</ele>
      </trkpt>
      <trkpt lat="36.860914" lon="138.273328">
        <ele>903.6438066161785</ele>
      </trkpt>
      <trkpt lat="36.860898" lon="138.273352">
        <ele>903.6315724151523</ele>
      </trkpt>
      <trkpt lat="36.860895" lon="138.273367">
        <ele>903.5150493061301</ele>
      </trkpt>
      <trkpt lat="36.86089" lon="138.273388">
        <ele>903.3715728796204</ele>
      </trkpt>
      <trkpt lat="36.860887" lon="138.27341">
        <ele>903.186599432376</ele>
      </trkpt>
      <trkpt lat="36.860889" lon="138.273431">
        <ele>902.918807447837</ele>
      </trkpt>
      <trkpt lat="36.860892" lon="138.273447">
        <ele>902.6831041226201</ele>
      </trkpt>
      <trkpt lat="36.860893" lon="138.273459">
        <ele>902.52989642629</ele>
      </trkpt>
      <trkpt lat="36.860899" lon="138.273469">
        <ele>902.2935905215229</ele>
      </trkpt>
      <trkpt lat="36.860886" lon="138.273476">
        <ele>902.4894102779498</ele>
      </trkpt>
      <trkpt lat="36.860874" lon="138.273478">
        <ele>902.7189445133906</ele>
      </trkpt>
      <trkpt lat="36.860857" lon="138.273479">
        <ele>903.0252126352618</ele>
      </trkpt>
      <trkpt lat="36.860844" lon="138.273476">
        <ele>903.2972854664366</ele>
      </trkpt>
      <trkpt lat="36.860836" lon="138.27347">
        <ele>903.5048459681784</ele>
      </trkpt>
      <trkpt lat="36.860828" lon="138.273461">
        <ele>903.7398291677487</ele>
      </trkpt>
      <trkpt lat="36.860813" lon="138.273443">
        <ele>904.1844457791614</ele>
      </trkpt>
      <trkpt lat="36.860806" lon="138.273427">
        <ele>904.4588543422112</ele>
      </trkpt>
      <trkpt lat="36.860801" lon="138.273412">
        <ele>904.6786551749054</ele>
      </trkpt>
      <trkpt lat="36.860799" lon="138.2734">
        <ele>904.7971517700706</ele>
      </trkpt>
      <trkpt lat="36.860789" lon="138.273389">
        <ele>905.0342273685621</ele>
      </trkpt>
      <trkpt lat="36.860787" lon="138.273376">
        <ele>905.157139957301</ele>
      </trkpt>
      <trkpt lat="36.860779" lon="138.273356">
        <ele>905.4250940928478</ele>
      </trkpt>
      <trkpt lat="36.860777" lon="138.273343">
        <ele>905.5480066774887</ele>
      </trkpt>
      <trkpt lat="36.860775" lon="138.273326">
        <ele>905.6988812886653</ele>
      </trkpt>
      <trkpt lat="36.860778" lon="138.273307">
        <ele>905.7993622593524</ele>
      </trkpt>
      <trkpt lat="36.860777" lon="138.273289">
        <ele>905.9551234905696</ele>
      </trkpt>
      <trkpt lat="36.860773" lon="138.273272">
        <ele>906.141255463378</ele>
      </trkpt>
      <trkpt lat="36.860771" lon="138.273253">
        <ele>906.3105694729838</ele>
      </trkpt>
      <trkpt lat="36.860768" lon="138.273207">
        <ele>906.6906667064886</ele>
      </trkpt>
      <trkpt lat="36.860768" lon="138.273186">
        <ele>906.8481830719599</ele>
      </trkpt>
      <trkpt lat="36.860768" lon="138.273167">
        <ele>906.9906978782153</ele>
      </trkpt>
      <trkpt lat="36.860765" lon="138.273156">
        <ele>907.1039234278065</ele>
      </trkpt>
      <trkpt lat="36.860756" lon="138.273137">
        <ele>907.3067284285039</ele>
      </trkpt>
      <trkpt lat="36.860748" lon="138.273128">
        <ele>907.428194422263</ele>
      </trkpt>
      <trkpt lat="36.860736" lon="138.273115">
        <ele>907.5953189861042</ele>
      </trkpt>
      <trkpt lat="36.860742" lon="138.273095">
        <ele>907.6422646046212</ele>
      </trkpt>
      <trkpt lat="36.860742" lon="138.273075">
        <ele>907.7396211602228</ele>
      </trkpt>
      <trkpt lat="36.86074" lon="138.273052">
        <ele>907.8780488134372</ele>
      </trkpt>
      <trkpt lat="36.860736" lon="138.273032">
        <ele>908.0211425176134</ele>
      </trkpt>
      <trkpt lat="36.860729" lon="138.273017">
        <ele>908.1567158277932</ele>
      </trkpt>
      <trkpt lat="36.860718" lon="138.273">
        <ele>908.3215240808893</ele>
      </trkpt>
      <trkpt lat="36.860708" lon="138.27298">
        <ele>908.4792058522266</ele>
      </trkpt>
      <trkpt lat="36.860704" lon="138.272963">
        <ele>908.5520284119644</ele>
      </trkpt>
      <trkpt lat="36.860694" lon="138.272943">
        <ele>908.6621138145398</ele>
      </trkpt>
      <trkpt lat="36.860688" lon="138.272925">
        <ele>908.7407972357356</ele>
      </trkpt>
      <trkpt lat="36.86068" lon="138.272906">
        <ele>908.8274452695089</ele>
      </trkpt>
      <trkpt lat="36.860676" lon="138.272893">
        <ele>908.8773915665107</ele>
      </trkpt>
      <trkpt lat="36.860666" lon="138.272874">
        <ele>908.9898978330415</ele>
      </trkpt>
      <trkpt lat="36.860658" lon="138.272856">
        <ele>909.1314326707785</ele>
      </trkpt>
      <trkpt lat="36.860652" lon="138.272837">
        <ele>909.2552159154503</ele>
      </trkpt>
      <trkpt lat="36.860648" lon="138.272824">
        <ele>909.3407839666023</ele>
      </trkpt>
      <trkpt lat="36.860642" lon="138.272811">
        <ele>909.4542931422386</ele>
      </trkpt>
      <trkpt lat="36.86064" lon="138.272794">
        <ele>909.557829203876</ele>
      </trkpt>
      <trkpt lat="36.860638" lon="138.272774">
        <ele>909.6772471828623</ele>
      </trkpt>
      <trkpt lat="36.860631" lon="138.272735">
        <ele>909.9507396335954</ele>
      </trkpt>
      <trkpt lat="36.860624" lon="138.272716">
        <ele>910.1437618952148</ele>
      </trkpt>
      <trkpt lat="36.860622" lon="138.272694">
        <ele>910.3058515999503</ele>
      </trkpt>
      <trkpt lat="36.860618" lon="138.272678">
        <ele>910.4541639322053</ele>
      </trkpt>
      <trkpt lat="36.860612" lon="138.272657">
        <ele>910.6545030242416</ele>
      </trkpt>
      <trkpt lat="36.860602" lon="138.272634">
        <ele>910.9086017956971</ele>
      </trkpt>
      <trkpt lat="36.860592" lon="138.272613">
        <ele>911.2150038590295</ele>
      </trkpt>
      <trkpt lat="36.860584" lon="138.272599">
        <ele>911.444903273355</ele>
      </trkpt>
      <trkpt lat="36.860578" lon="138.272587">
        <ele>911.6199289023002</ele>
      </trkpt>
      <trkpt lat="36.86057" lon="138.272573">
        <ele>911.8361200005155</ele>
      </trkpt>
      <trkpt lat="36.860556" lon="138.27256">
        <ele>912.146567708443</ele>
      </trkpt>
      <trkpt lat="36.86054" lon="138.272554">
        <ele>912.4528504530595</ele>
      </trkpt>
      <trkpt lat="36.86054" lon="138.272541">
        <ele>912.5018596364697</ele>
      </trkpt>
      <trkpt lat="36.860526" lon="138.272525">
        <ele>912.8425934863094</ele>
      </trkpt>
      <trkpt lat="36.860512" lon="138.272515">
        <ele>913.2147832392573</ele>
      </trkpt>
      <trkpt lat="36.860502" lon="138.272514">
        <ele>913.4597867865616</ele>
      </trkpt>
      <trkpt lat="36.860492" lon="138.272508">
        <ele>913.7110934605874</ele>
      </trkpt>
      <trkpt lat="36.860482" lon="138.272504">
        <ele>913.954381958233</ele>
      </trkpt>
      <trkpt lat="36.86047" lon="138.272494">
        <ele>914.2427447086156</ele>
      </trkpt>
      <trkpt lat="36.860451" lon="138.272488">
        <ele>914.7517050135473</ele>
      </trkpt>
      <trkpt lat="36.860442" lon="138.272483">
        <ele>915.0050833423575</ele>
      </trkpt>
      <trkpt lat="36.860434" lon="138.272467">
        <ele>915.2092704991969</ele>
      </trkpt>
      <trkpt lat="36.860429" lon="138.272455">
        <ele>915.2860331957654</ele>
      </trkpt>
      <trkpt lat="36.86041" lon="138.272423">
        <ele>915.6018901980774</ele>
      </trkpt>
      <trkpt lat="36.860396" lon="138.272404">
        <ele>915.8266968908539</ele>
      </trkpt>
      <trkpt lat="36.860384" lon="138.27239">
        <ele>916.0919200077224</ele>
      </trkpt>
      <trkpt lat="36.860372" lon="138.272374">
        <ele>916.326302297311</ele>
      </trkpt>
      <trkpt lat="36.860356" lon="138.272357">
        <ele>916.6380077413774</ele>
      </trkpt>
      <trkpt lat="36.860344" lon="138.272335">
        <ele>916.7543744620978</ele>
      </trkpt>
      <trkpt lat="36.860331" lon="138.272313">
        <ele>916.8709948943886</ele>
      </trkpt>
      <trkpt lat="36.860308" lon="138.272274">
        <ele>917.110796197005</ele>
      </trkpt>
      <trkpt lat="36.860295" lon="138.272251">
        <ele>917.2013762839272</ele>
      </trkpt>
      <trkpt lat="36.860288" lon="138.272229">
        <ele>917.0957723460059</ele>
      </trkpt>
      <trkpt lat="36.860272" lon="138.272208">
        <ele>917.2514617065801</ele>
      </trkpt>
      <trkpt lat="36.860257" lon="138.272186">
        <ele>917.3295914519863</ele>
      </trkpt>
      <trkpt lat="36.860243" lon="138.272164">
        <ele>917.447983363894</ele>
      </trkpt>
      <trkpt lat="36.860232" lon="138.272143">
        <ele>917.4536601176521</ele>
      </trkpt>
      <trkpt lat="36.860208" lon="138.272104">
        <ele>917.5127159879626</ele>
      </trkpt>
      <trkpt lat="36.860196" lon="138.272087">
        <ele>917.5550809870547</ele>
      </trkpt>
      <trkpt lat="36.860187" lon="138.272066">
        <ele>917.4203837704465</ele>
      </trkpt>
      <trkpt lat="36.860178" lon="138.272042">
        <ele>917.2597405818233</ele>
      </trkpt>
      <trkpt lat="36.860167" lon="138.272019">
        <ele>917.1874843702111</ele>
      </trkpt>
      <trkpt lat="36.860151" lon="138.271995">
        <ele>917.2383358387143</ele>
      </trkpt>
      <trkpt lat="36.860141" lon="138.271972">
        <ele>917.081780657101</ele>
      </trkpt>
      <trkpt lat="36.860134" lon="138.271957">
        <ele>916.9818204861831</ele>
      </trkpt>
      <trkpt lat="36.860132" lon="138.271939">
        <ele>916.6587887921053</ele>
      </trkpt>
      <trkpt lat="36.860128" lon="138.27192">
        <ele>916.367558910608</ele>
      </trkpt>
      <trkpt lat="36.860119" lon="138.271894">
        <ele>916.0547611766308</ele>
      </trkpt>
      <trkpt lat="36.860104" lon="138.271871">
        <ele>916.0727623951714</ele>
      </trkpt>
      <trkpt lat="36.860089" lon="138.271848">
        <ele>916.1294626619089</ele>
      </trkpt>
      <trkpt lat="36.860071" lon="138.271822">
        <ele>916.1961268552509</ele>
      </trkpt>
      <trkpt lat="36.860055" lon="138.271797">
        <ele>916.160733550676</ele>
      </trkpt>
      <trkpt lat="36.860044" lon="138.271772">
        <ele>916.0188457737963</ele>
      </trkpt>
      <trkpt lat="36.860036" lon="138.271749">
        <ele>915.8870774155882</ele>
      </trkpt>
      <trkpt lat="36.860017" lon="138.271709">
        <ele>915.7801031637341</ele>
      </trkpt>
      <trkpt lat="36.860005" lon="138.271687">
        <ele>915.7735964515931</ele>
      </trkpt>
      <trkpt lat="36.859989" lon="138.271661">
        <ele>915.8657119786865</ele>
      </trkpt>
      <trkpt lat="36.859974" lon="138.27164">
        <ele>916.040054821404</ele>
      </trkpt>
      <trkpt lat="36.859969" lon="138.271613">
        <ele>915.7711494538751</ele>
      </trkpt>
      <trkpt lat="36.859963" lon="138.271589">
        <ele>915.6756024627041</ele>
      </trkpt>
      <trkpt lat="36.859956" lon="138.271568">
        <ele>915.6514985175432</ele>
      </trkpt>
      <trkpt lat="36.859947" lon="138.271547">
        <ele>915.66485464281</ele>
      </trkpt>
      <trkpt lat="36.859935" lon="138.271529">
        <ele>915.7779509458214</ele>
      </trkpt>
      <trkpt lat="36.859923" lon="138.271506">
        <ele>915.8729759132236</ele>
      </trkpt>
      <trkpt lat="36.859911" lon="138.271484">
        <ele>916.0027886028181</ele>
      </trkpt>
      <trkpt lat="36.8599" lon="138.271466">
        <ele>916.2054580008787</ele>
      </trkpt>
      <trkpt lat="36.859889" lon="138.27144">
        <ele>916.2737887543867</ele>
      </trkpt>
      <trkpt lat="36.859861" lon="138.271399">
        <ele>916.7036562780065</ele>
      </trkpt>
      <trkpt lat="36.859848" lon="138.271379">
        <ele>916.8153092555613</ele>
      </trkpt>
      <trkpt lat="36.859836" lon="138.271362">
        <ele>917.0099265021411</ele>
      </trkpt>
      <trkpt lat="36.859829" lon="138.271341">
        <ele>917.0156231901623</ele>
      </trkpt>
      <trkpt lat="36.859821" lon="138.271319">
        <ele>917.0769203562511</ele>
      </trkpt>
      <trkpt lat="36.859811" lon="138.271295">
        <ele>917.1438733633568</ele>
      </trkpt>
      <trkpt lat="36.8598" lon="138.27127">
        <ele>917.1789427820416</ele>
      </trkpt>
      <trkpt lat="36.859762" lon="138.271222">
        <ele>917.8474631593233</ele>
      </trkpt>
      <trkpt lat="36.859725" lon="138.271179">
        <ele>918.5977858523557</ele>
      </trkpt>
      <trkpt lat="36.859711" lon="138.27116">
        <ele>918.8715474880794</ele>
      </trkpt>
      <trkpt lat="36.859697" lon="138.27114">
        <ele>919.1945735203573</ele>
      </trkpt>
      <trkpt lat="36.859676" lon="138.271122">
        <ele>919.8311867726889</ele>
      </trkpt>
      <trkpt lat="36.859665" lon="138.271098">
        <ele>919.9477648430138</ele>
      </trkpt>
      <trkpt lat="36.85966" lon="138.271077">
        <ele>919.9433933753883</ele>
      </trkpt>
      <trkpt lat="36.85966" lon="138.271052">
        <ele>919.7343066024396</ele>
      </trkpt>
      <trkpt lat="36.859662" lon="138.271028">
        <ele>919.4682587519324</ele>
      </trkpt>
      <trkpt lat="36.859666" lon="138.271008">
        <ele>919.1825553923238</ele>
      </trkpt>
      <trkpt lat="36.859681" lon="138.270971">
        <ele>918.8759308880783</ele>
      </trkpt>
      <trkpt lat="36.859688" lon="138.270955">
        <ele>918.7674702119012</ele>
      </trkpt>
      <trkpt lat="36.859696" lon="138.270935">
        <ele>918.6813558003158</ele>
      </trkpt>
      <trkpt lat="36.859699" lon="138.270914">
        <ele>918.8283467112528</ele>
      </trkpt>
      <trkpt lat="36.859699" lon="138.270896">
        <ele>919.1450269442406</ele>
      </trkpt>
      <trkpt lat="36.859698" lon="138.270883">
        <ele>919.3909860577498</ele>
      </trkpt>
      <trkpt lat="36.859699" lon="138.270866">
        <ele>919.6728273316158</ele>
      </trkpt>
      <trkpt lat="36.859686" lon="138.270855">
        <ele>920.0473189718807</ele>
      </trkpt>
      <trkpt lat="36.859681" lon="138.270841">
        <ele>920.3333005178886</ele>
      </trkpt>
      <trkpt lat="36.859681" lon="138.270821">
        <ele>920.7810730722364</ele>
      </trkpt>
      <trkpt lat="36.859668" lon="138.270817">
        <ele>921.0024766275034</ele>
      </trkpt>
      <trkpt lat="36.859652" lon="138.270807">
        <ele>921.366321031604</ele>
      </trkpt>
      <trkpt lat="36.859643" lon="138.270802">
        <ele>921.5416183686682</ele>
      </trkpt>
      <trkpt lat="36.859635" lon="138.270789">
        <ele>921.8773226472124</ele>
      </trkpt>
      <trkpt lat="36.859628" lon="138.270775">
        <ele>922.213183704034</ele>
      </trkpt>
      <trkpt lat="36.859611" lon="138.270764">
        <ele>922.5475656898761</ele>
      </trkpt>
      <trkpt lat="36.859602" lon="138.270748">
        <ele>922.8596065132642</ele>
      </trkpt>
      <trkpt lat="36.85959" lon="138.270734">
        <ele>923.1958433684881</ele>
      </trkpt>
      <trkpt lat="36.859578" lon="138.270723">
        <ele>923.428397060967</ele>
      </trkpt>
      <trkpt lat="36.859574" lon="138.270704">
        <ele>923.7553098551213</ele>
      </trkpt>
      <trkpt lat="36.859569" lon="138.270691">
        <ele>923.9633659671109</ele>
      </trkpt>
      <trkpt lat="36.859556" lon="138.270671">
        <ele>924.2427515971884</ele>
      </trkpt>
      <trkpt lat="36.859549" lon="138.270661">
        <ele>924.3642311274591</ele>
      </trkpt>
      <trkpt lat="36.859545" lon="138.270646">
        <ele>924.6077167815075</ele>
      </trkpt>
      <trkpt lat="36.859548" lon="138.270631">
        <ele>924.8970514463192</ele>
      </trkpt>
      <trkpt lat="36.859553" lon="138.270621">
        <ele>925.1274287867599</ele>
      </trkpt>
      <trkpt lat="36.859558" lon="138.270607">
        <ele>925.4484908155233</ele>
      </trkpt>
      <trkpt lat="36.859561" lon="138.270589">
        <ele>925.8392270569972</ele>
      </trkpt>
      <trkpt lat="36.859564" lon="138.270577">
        <ele>926.1259841520512</ele>
      </trkpt>
      <trkpt lat="36.859563" lon="138.270562">
        <ele>926.4304577784493</ele>
      </trkpt>
      <trkpt lat="36.859557" lon="138.270547">
        <ele>926.6358153617538</ele>
      </trkpt>
      <trkpt lat="36.859555" lon="138.270535">
        <ele>926.8441241810793</ele>
      </trkpt>
      <trkpt lat="36.859552" lon="138.270521">
        <ele>927.0664029942204</ele>
      </trkpt>
      <trkpt lat="36.859547" lon="138.270512">
        <ele>927.1348288851436</ele>
      </trkpt>
      <trkpt lat="36.859532" lon="138.270504">
        <ele>926.9389602162438</ele>
      </trkpt>
      <trkpt lat="36.859525" lon="138.270487">
        <ele>927.0972543952902</ele>
      </trkpt>
      <trkpt lat="36.859518" lon="138.270475">
        <ele>927.1835434754006</ele>
      </trkpt>
      <trkpt lat="36.859513" lon="138.270457">
        <ele>927.4430480509996</ele>
      </trkpt>
      <trkpt lat="36.859515" lon="138.270442">
        <ele>927.8208243167516</ele>
      </trkpt>
      <trkpt lat="36.859505" lon="138.270426">
        <ele>927.8856950675008</ele>
      </trkpt>
      <trkpt lat="36.859498" lon="138.270414">
        <ele>927.933906771135</ele>
      </trkpt>
      <trkpt lat="36.859494" lon="138.270397">
        <ele>928.1727547173657</ele>
      </trkpt>
      <trkpt lat="36.859489" lon="138.27038">
        <ele>928.3826282724716</ele>
      </trkpt>
      <trkpt lat="36.859482" lon="138.270365">
        <ele>928.475982788399</ele>
      </trkpt>
      <trkpt lat="36.859471" lon="138.270349">
        <ele>928.4453527544265</ele>
      </trkpt>
      <trkpt lat="36.859458" lon="138.270333">
        <ele>928.328144207472</ele>
      </trkpt>
      <trkpt lat="36.859444" lon="138.270306">
        <ele>928.4150638518906</ele>
      </trkpt>
      <trkpt lat="36.859431" lon="138.270257">
        <ele>929.0345349027947</ele>
      </trkpt>
      <trkpt lat="36.859428" lon="138.27023">
        <ele>929.5351017843522</ele>
      </trkpt>
      <trkpt lat="36.859429" lon="138.270204">
        <ele>930.237654557275</ele>
      </trkpt>
      <trkpt lat="36.859415" lon="138.270176">
        <ele>930.4093161547722</ele>
      </trkpt>
      <trkpt lat="36.859399" lon="138.270174">
        <ele>929.8376289839341</ele>
      </trkpt>
      <trkpt lat="36.859388" lon="138.270175">
        <ele>929.384907018408</ele>
      </trkpt>
      <trkpt lat="36.859361" lon="138.270167">
        <ele>928.529397531669</ele>
      </trkpt>
      <trkpt lat="36.859352" lon="138.270153">
        <ele>928.5180867770925</ele>
      </trkpt>
      <trkpt lat="36.859338" lon="138.270133">
        <ele>928.5442631617535</ele>
      </trkpt>
      <trkpt lat="36.859322" lon="138.270117">
        <ele>928.3839494831889</ele>
      </trkpt>
      <trkpt lat="36.859308" lon="138.2701">
        <ele>928.3245528644723</ele>
      </trkpt>
      <trkpt lat="36.859279" lon="138.270066">
        <ele>928.1645011436207</ele>
      </trkpt>
      <trkpt lat="36.85927" lon="138.270056">
        <ele>928.1277928673674</ele>
      </trkpt>
      <trkpt lat="36.85926" lon="138.27004">
        <ele>928.2565894120847</ele>
      </trkpt>
      <trkpt lat="36.859255" lon="138.270025">
        <ele>928.549344255031</ele>
      </trkpt>
      <trkpt lat="36.859245" lon="138.269997">
        <ele>929.0696092508269</ele>
      </trkpt>
      <trkpt lat="36.859239" lon="138.269966">
        <ele>929.8942552986547</ele>
      </trkpt>
      <trkpt lat="36.859232" lon="138.269953">
        <ele>930.1043073715255</ele>
      </trkpt>
      <trkpt lat="36.859219" lon="138.269942">
        <ele>930.0309972731633</ele>
      </trkpt>
      <trkpt lat="36.85921" lon="138.269932">
        <ele>930.0761901063615</ele>
      </trkpt>
      <trkpt lat="36.859199" lon="138.269917">
        <ele>930.2349889061186</ele>
      </trkpt>
      <trkpt lat="36.859191" lon="138.269904">
        <ele>930.4284337210242</ele>
      </trkpt>
      <trkpt lat="36.859185" lon="138.269891">
        <ele>930.6957418086702</ele>
      </trkpt>
      <trkpt lat="36.859172" lon="138.26988">
        <ele>930.6534964381485</ele>
      </trkpt>
      <trkpt lat="36.859152" lon="138.26987">
        <ele>930.345688442421</ele>
      </trkpt>
      <trkpt lat="36.859148" lon="138.269856">
        <ele>930.7663027716108</ele>
      </trkpt>
      <trkpt lat="36.859151" lon="138.269844">
        <ele>931.3421316240454</ele>
      </trkpt>
      <trkpt lat="36.859153" lon="138.269833">
        <ele>931.8448561409494</ele>
      </trkpt>
      <trkpt lat="36.859151" lon="138.269817">
        <ele>932.4116791454613</ele>
      </trkpt>
      <trkpt lat="36.859144" lon="138.269803">
        <ele>932.7298549949533</ele>
      </trkpt>
      <trkpt lat="36.859137" lon="138.269795">
        <ele>932.8095057067077</ele>
      </trkpt>
      <trkpt lat="36.859136" lon="138.269784">
        <ele>933.2076828918784</ele>
      </trkpt>
      <trkpt lat="36.859129" lon="138.269775">
        <ele>933.3334644589656</ele>
      </trkpt>
      <trkpt lat="36.859126" lon="138.269761">
        <ele>933.7898120047673</ele>
      </trkpt>
      <trkpt lat="36.859118" lon="138.269734">
        <ele>934.6092027005833</ele>
      </trkpt>
      <trkpt lat="36.859105" lon="138.269707">
        <ele>935.2502466788918</ele>
      </trkpt>
      <trkpt lat="36.859102" lon="138.269683">
        <ele>936.0489754488999</ele>
      </trkpt>
      <trkpt lat="36.859102" lon="138.269671">
        <ele>936.4938757554103</ele>
      </trkpt>
      <trkpt lat="36.859095" lon="138.269662">
        <ele>936.6203941203883</ele>
      </trkpt>
      <trkpt lat="36.859088" lon="138.26965">
        <ele>936.8609877640117</ele>
      </trkpt>
      <trkpt lat="36.859083" lon="138.269635">
        <ele>937.2749970374983</ele>
      </trkpt>
      <trkpt lat="36.85908" lon="138.269624">
        <ele>937.5756438056085</ele>
      </trkpt>
      <trkpt lat="36.859075" lon="138.269614">
        <ele>937.7829272945997</ele>
      </trkpt>
      <trkpt lat="36.859065" lon="138.269602">
        <ele>937.9196033086256</ele>
      </trkpt>
      <trkpt lat="36.859056" lon="138.269594">
        <ele>937.9466223074395</ele>
      </trkpt>
      <trkpt lat="36.859047" lon="138.26958">
        <ele>938.1901520625354</ele>
      </trkpt>
      <trkpt lat="36.859034" lon="138.269573">
        <ele>938.0748070495242</ele>
      </trkpt>
      <trkpt lat="36.859" lon="138.269568">
        <ele>937.3567304614315</ele>
      </trkpt>
      <trkpt lat="36.858985" lon="138.269576">
        <ele>936.6767094570273</ele>
      </trkpt>
      <trkpt lat="36.858971" lon="138.269585">
        <ele>935.9766900304667</ele>
      </trkpt>
      <trkpt lat="36.858963" lon="138.269599">
        <ele>935.2354849657047</ele>
      </trkpt>
      <trkpt lat="36.858955" lon="138.269626">
        <ele>933.9880006046257</ele>
      </trkpt>
      <trkpt lat="36.858941" lon="138.269629">
        <ele>933.4870625367876</ele>
      </trkpt>
      <trkpt lat="36.858922" lon="138.269629">
        <ele>932.9630848988883</ele>
      </trkpt>
      <trkpt lat="36.858902" lon="138.269628">
        <ele>932.4508326427467</ele>
      </trkpt>
      <trkpt lat="36.858881" lon="138.26962">
        <ele>932.1899915363149</ele>
      </trkpt>
      <trkpt lat="36.858857" lon="138.26962">
        <ele>931.5375909459005</ele>
      </trkpt>
      <trkpt lat="36.858838" lon="138.269622">
        <ele>930.9387778644577</ele>
      </trkpt>
      <trkpt lat="36.858823" lon="138.269624">
        <ele>930.4466624353474</ele>
      </trkpt>
      <trkpt lat="36.858811" lon="138.269622">
        <ele>930.2029953735906</ele>
      </trkpt>
      <trkpt lat="36.858769" lon="138.269621">
        <ele>929.1019512747887</ele>
      </trkpt>
      <trkpt lat="36.858745" lon="138.269619">
        <ele>928.5393970612347</ele>
      </trkpt>
      <trkpt lat="36.858724" lon="138.269614">
        <ele>928.2250031046874</ele>
      </trkpt>
      <trkpt lat="36.858681" lon="138.269625">
        <ele>926.6160794703713</ele>
      </trkpt>
      <trkpt lat="36.858656" lon="138.269632">
        <ele>925.6996831063459</ele>
      </trkpt>
      <trkpt lat="36.858629" lon="138.269635">
        <ele>924.9308699272574</ele>
      </trkpt>
      <trkpt lat="36.858605" lon="138.269616">
        <ele>925.2964447551606</ele>
      </trkpt>
      <trkpt lat="36.858565" lon="138.269567">
        <ele>926.9288973357607</ele>
      </trkpt>
      <trkpt lat="36.858546" lon="138.269544">
        <ele>927.6888756159707</ele>
      </trkpt>
      <trkpt lat="36.858528" lon="138.269526">
        <ele>928.1729991211139</ele>
      </trkpt>
      <trkpt lat="36.858501" lon="138.269508">
        <ele>928.5387605312651</ele>
      </trkpt>
      <trkpt lat="36.85845" lon="138.269469">
        <ele>929.5317819164375</ele>
      </trkpt>
      <trkpt lat="36.858428" lon="138.269446">
        <ele>930.1651333170716</ele>
      </trkpt>
      <trkpt lat="36.85839" lon="138.269418">
        <ele>930.7436726240445</ele>
      </trkpt>
      <trkpt lat="36.858376" lon="138.269399">
        <ele>931.2907074217688</ele>
      </trkpt>
      <trkpt lat="36.858358" lon="138.269381">
        <ele>931.746873580851</ele>
      </trkpt>
      <trkpt lat="36.858335" lon="138.269365">
        <ele>931.8962746719369</ele>
      </trkpt>
      <trkpt lat="36.858323" lon="138.269344">
        <ele>932.2465138097551</ele>
      </trkpt>
      <trkpt lat="36.858312" lon="138.269325">
        <ele>932.553912093785</ele>
      </trkpt>
      <trkpt lat="36.858306" lon="138.269307">
        <ele>932.9017608372819</ele>
      </trkpt>
      <trkpt lat="36.858301" lon="138.269294">
        <ele>933.141033165629</ele>
      </trkpt>
      <trkpt lat="36.858297" lon="138.269282">
        <ele>933.2914709744981</ele>
      </trkpt>
      <trkpt lat="36.858288" lon="138.269262">
        <ele>933.4633408351806</ele>
      </trkpt>
      <trkpt lat="36.858286" lon="138.269245">
        <ele>933.6917018113661</ele>
      </trkpt>
      <trkpt lat="36.858282" lon="138.269231">
        <ele>933.8455018120819</ele>
      </trkpt>
      <trkpt lat="36.85827" lon="138.269215">
        <ele>933.9131032882258</ele>
      </trkpt>
      <trkpt lat="36.858255" lon="138.269185">
        <ele>933.9313417632889</ele>
      </trkpt>
      <trkpt lat="36.858246" lon="138.269173">
        <ele>933.8307180806146</ele>
      </trkpt>
      <trkpt lat="36.858243" lon="138.269153">
        <ele>933.8950927825352</ele>
      </trkpt>
      <trkpt lat="36.858239" lon="138.269141">
        <ele>933.8853334341296</ele>
      </trkpt>
      <trkpt lat="36.858227" lon="138.26913">
        <ele>933.6945452614686</ele>
      </trkpt>
      <trkpt lat="36.858219" lon="138.269118">
        <ele>933.5802546184123</ele>
      </trkpt>
      <trkpt lat="36.858193" lon="138.269082">
        <ele>932.9586271121777</ele>
      </trkpt>
      <trkpt lat="36.858187" lon="138.269055">
        <ele>932.7706447671599</ele>
      </trkpt>
      <trkpt lat="36.858187" lon="138.26903">
        <ele>932.7124706788712</ele>
      </trkpt>
      <trkpt lat="36.858194" lon="138.269007">
        <ele>932.7328865126747</ele>
      </trkpt>
      <trkpt lat="36.858203" lon="138.268989">
        <ele>932.8472801155281</ele>
      </trkpt>
      <trkpt lat="36.858212" lon="138.268974">
        <ele>932.9864195327622</ele>
      </trkpt>
      <trkpt lat="36.858223" lon="138.268963">
        <ele>933.2137113678064</ele>
      </trkpt>
      <trkpt lat="36.858235" lon="138.268952">
        <ele>933.4767316766215</ele>
      </trkpt>
      <trkpt lat="36.858245" lon="138.268934">
        <ele>933.603090419078</ele>
      </trkpt>
      <trkpt lat="36.858256" lon="138.268925">
        <ele>933.8372104128392</ele>
      </trkpt>
      <trkpt lat="36.858272" lon="138.268916">
        <ele>934.2025332059693</ele>
      </trkpt>
      <trkpt lat="36.858289" lon="138.268897">
        <ele>934.4850361848769</ele>
      </trkpt>
      <trkpt lat="36.858301" lon="138.268887">
        <ele>934.7168281919471</ele>
      </trkpt>
      <trkpt lat="36.858314" lon="138.268877">
        <ele>934.9786439521708</ele>
      </trkpt>
      <trkpt lat="36.858331" lon="138.268866">
        <ele>935.3423104385357</ele>
      </trkpt>
      <trkpt lat="36.85834" lon="138.268859">
        <ele>935.5116350731078</ele>
      </trkpt>
      <trkpt lat="36.858346" lon="138.26884">
        <ele>935.4690136221593</ele>
      </trkpt>
      <trkpt lat="36.858341" lon="138.268822">
        <ele>935.1568737079435</ele>
      </trkpt>
      <trkpt lat="36.858348" lon="138.268796">
        <ele>935.0790224462323</ele>
      </trkpt>
      <trkpt lat="36.858353" lon="138.268776">
        <ele>935.0169009684571</ele>
      </trkpt>
      <trkpt lat="36.858361" lon="138.268758">
        <ele>935.0111672733793</ele>
      </trkpt>
      <trkpt lat="36.85837" lon="138.268748">
        <ele>935.1467242578977</ele>
      </trkpt>
      <trkpt lat="36.858392" lon="138.268726">
        <ele>935.5436555021369</ele>
      </trkpt>
      <trkpt lat="36.858401" lon="138.268723">
        <ele>935.7837657058096</ele>
      </trkpt>
      <trkpt lat="36.858414" lon="138.268727">
        <ele>936.161047488624</ele>
      </trkpt>
      <trkpt lat="36.858428" lon="138.268735">
        <ele>936.5875734337992</ele>
      </trkpt>
      <trkpt lat="36.858442" lon="138.268741">
        <ele>936.9881731900908</ele>
      </trkpt>
      <trkpt lat="36.858469" lon="138.268754">
        <ele>937.7564421665081</ele>
      </trkpt>
      <trkpt lat="36.858479" lon="138.268756">
        <ele>938.0126835234801</ele>
      </trkpt>
      <trkpt lat="36.858487" lon="138.268762">
        <ele>938.250298032111</ele>
      </trkpt>
      <trkpt lat="36.858516" lon="138.268761">
        <ele>938.9330108518905</ele>
      </trkpt>
      <trkpt lat="36.858529" lon="138.268755">
        <ele>939.2052118822129</ele>
      </trkpt>
      <trkpt lat="36.858536" lon="138.268738">
        <ele>939.2717242960525</ele>
      </trkpt>
      <trkpt lat="36.858539" lon="138.268726">
        <ele>939.2750210192279</ele>
      </trkpt>
      <trkpt lat="36.858538" lon="138.268713">
        <ele>939.1732556363745</ele>
      </trkpt>
      <trkpt lat="36.858529" lon="138.268707">
        <ele>938.9070855852988</ele>
      </trkpt>
      <trkpt lat="36.858523" lon="138.268684">
        <ele>938.5790550427768</ele>
      </trkpt>
      <trkpt lat="36.85852" lon="138.26867">
        <ele>938.348475558744</ele>
      </trkpt>
      <trkpt lat="36.858519" lon="138.26865">
        <ele>938.1049602317084</ele>
      </trkpt>
      <trkpt lat="36.85853" lon="138.26863">
        <ele>938.1875294935654</ele>
      </trkpt>
      <trkpt lat="36.858541" lon="138.268617">
        <ele>938.3498226150521</ele>
      </trkpt>
      <trkpt lat="36.858558" lon="138.268619">
        <ele>938.8078379096775</ele>
      </trkpt>
      <trkpt lat="36.85857" lon="138.268633">
        <ele>939.2490921061424</ele>
      </trkpt>
      <trkpt lat="36.858583" lon="138.268648">
        <ele>939.7127457105165</ele>
      </trkpt>
      <trkpt lat="36.858596" lon="138.268658">
        <ele>940.1201766762447</ele>
      </trkpt>
      <trkpt lat="36.858605" lon="138.268661">
        <ele>940.3645439778063</ele>
      </trkpt>
      <trkpt lat="36.858615" lon="138.268664">
        <ele>940.6373044183517</ele>
      </trkpt>
      <trkpt lat="36.858625" lon="138.268666">
        <ele>940.9050473926451</ele>
      </trkpt>
      <trkpt lat="36.858641" lon="138.268665">
        <ele>941.3000486915894</ele>
      </trkpt>
      <trkpt lat="36.858656" lon="138.268651">
        <ele>941.5747304509586</ele>
      </trkpt>
      <trkpt lat="36.858659" lon="138.26864">
        <ele>941.5705965682848</ele>
      </trkpt>
      <trkpt lat="36.858661" lon="138.268622">
        <ele>941.4908730321217</ele>
      </trkpt>
      <trkpt lat="36.858658" lon="138.268603">
        <ele>941.2695008081655</ele>
      </trkpt>
      <trkpt lat="36.858668" lon="138.268586">
        <ele>941.3507641961074</ele>
      </trkpt>
      <trkpt lat="36.858674" lon="138.268574">
        <ele>941.383303252781</ele>
      </trkpt>
      <trkpt lat="36.85867" lon="138.268563">
        <ele>941.1596237422212</ele>
      </trkpt>
      <trkpt lat="36.858676" lon="138.268546">
        <ele>941.1423371467259</ele>
      </trkpt>
      <trkpt lat="36.858684" lon="138.268535">
        <ele>941.2383709736182</ele>
      </trkpt>
      <trkpt lat="36.858693" lon="138.268521">
        <ele>941.3274653262472</ele>
      </trkpt>
      <trkpt lat="36.858703" lon="138.268505">
        <ele>941.3492285492023</ele>
      </trkpt>
      <trkpt lat="36.858718" lon="138.2685">
        <ele>941.6676707570973</ele>
      </trkpt>
      <trkpt lat="36.858741" lon="138.268507">
        <ele>942.3843746247379</ele>
      </trkpt>
      <trkpt lat="36.858755" lon="138.268513">
        <ele>942.8675337570194</ele>
      </trkpt>
      <trkpt lat="36.858766" lon="138.268518">
        <ele>943.2642628262358</ele>
      </trkpt>
      <trkpt lat="36.858776" lon="138.268522">
        <ele>943.5978862662058</ele>
      </trkpt>
      <trkpt lat="36.858789" lon="138.268521">
        <ele>943.9659374034553</ele>
      </trkpt>
      <trkpt lat="36.858799" lon="138.268519">
        <ele>944.237546896214</ele>
      </trkpt>
      <trkpt lat="36.858807" lon="138.268504">
        <ele>944.2315473150549</ele>
      </trkpt>
      <trkpt lat="36.858815" lon="138.268489">
        <ele>944.2179173468486</ele>
      </trkpt>
      <trkpt lat="36.858822" lon="138.268478">
        <ele>944.2470854121401</ele>
      </trkpt>
      <trkpt lat="36.858833" lon="138.268466">
        <ele>944.3829033922657</ele>
      </trkpt>
      <trkpt lat="36.858845" lon="138.268465">
        <ele>944.7272524191354</ele>
      </trkpt>
      <trkpt lat="36.858857" lon="138.268469">
        <ele>945.1500070603473</ele>
      </trkpt>
      <trkpt lat="36.858877" lon="138.268485">
        <ele>945.9934091189597</ele>
      </trkpt>
      <trkpt lat="36.858886" lon="138.268506">
        <ele>946.5839998290418</ele>
      </trkpt>
      <trkpt lat="36.858893" lon="138.268521">
        <ele>947.0201694209634</ele>
      </trkpt>
      <trkpt lat="36.858902" lon="138.268535">
        <ele>947.4342480581154</ele>
      </trkpt>
      <trkpt lat="36.858914" lon="138.268547">
        <ele>947.920987668937</ele>
      </trkpt>
      <trkpt lat="36.85892" lon="138.268558">
        <ele>948.206052442005</ele>
      </trkpt>
      <trkpt lat="36.858933" lon="138.268566">
        <ele>948.6816662595891</ele>
      </trkpt>
      <trkpt lat="36.858943" lon="138.268575">
        <ele>949.0687882869373</ele>
      </trkpt>
      <trkpt lat="36.858956" lon="138.26858">
        <ele>949.5222232836306</ele>
      </trkpt>
      <trkpt lat="36.858969" lon="138.268583">
        <ele>949.9820780546878</ele>
      </trkpt>
      <trkpt lat="36.85898" lon="138.268584">
        <ele>950.3586389322775</ele>
      </trkpt>
      <trkpt lat="36.858982" lon="138.268568">
        <ele>950.2951322592338</ele>
      </trkpt>
      <trkpt lat="36.858987" lon="138.268552">
        <ele>950.3320997714541</ele>
      </trkpt>
      <trkpt lat="36.858985" lon="138.268537">
        <ele>950.1427831153862</ele>
      </trkpt>
      <trkpt lat="36.858991" lon="138.268527">
        <ele>950.2621755778799</ele>
      </trkpt>
      <trkpt lat="36.858991" lon="138.268512">
        <ele>950.0989891526542</ele>
      </trkpt>
      <trkpt lat="36.858984" lon="138.268494">
        <ele>949.6008006835884</ele>
      </trkpt>
      <trkpt lat="36.858986" lon="138.268477">
        <ele>949.4208170234771</ele>
      </trkpt>
      <trkpt lat="36.858989" lon="138.268462">
        <ele>949.3055206707597</ele>
      </trkpt>
      <trkpt lat="36.858989" lon="138.268449">
        <ele>949.116691274565</ele>
      </trkpt>
      <trkpt lat="36.859" lon="138.268447">
        <ele>949.4693795022365</ele>
      </trkpt>
      <trkpt lat="36.859009" lon="138.268441">
        <ele>949.6965951874593</ele>
      </trkpt>
      <trkpt lat="36.859031" lon="138.268429">
        <ele>950.2947487673451</ele>
      </trkpt>
      <trkpt lat="36.859052" lon="138.268418">
        <ele>950.8682881956868</ele>
      </trkpt>
      <trkpt lat="36.859061" lon="138.268411">
        <ele>951.0793765280251</ele>
      </trkpt>
      <trkpt lat="36.859075" lon="138.268397">
        <ele>951.3639301265301</ele>
      </trkpt>
      <trkpt lat="36.859104" lon="138.268381">
        <ele>952.2304416638405</ele>
      </trkpt>
      <trkpt lat="36.859119" lon="138.268383">
        <ele>952.8649481727542</ele>
      </trkpt>
      <trkpt lat="36.85913" lon="138.26839">
        <ele>953.4160836357826</ele>
      </trkpt>
      <trkpt lat="36.859143" lon="138.268401">
        <ele>954.1060788432991</ele>
      </trkpt>
      <trkpt lat="36.859153" lon="138.268419">
        <ele>954.7788923861698</ele>
      </trkpt>
      <trkpt lat="36.859157" lon="138.268436">
        <ele>955.1832361766197</ele>
      </trkpt>
      <trkpt lat="36.859164" lon="138.268457">
        <ele>955.7087554481584</ele>
      </trkpt>
      <trkpt lat="36.859168" lon="138.268469">
        <ele>956.0080521509999</ele>
      </trkpt>
      <trkpt lat="36.859173" lon="138.268494">
        <ele>956.4939198147306</ele>
      </trkpt>
      <trkpt lat="36.859175" lon="138.268506">
        <ele>956.7098188652287</ele>
      </trkpt>
      <trkpt lat="36.859183" lon="138.268526">
        <ele>957.2123750426929</ele>
      </trkpt>
      <trkpt lat="36.859188" lon="138.268538">
        <ele>957.4795215468127</ele>
      </trkpt>
      <trkpt lat="36.859194" lon="138.268554">
        <ele>957.8039766377657</ele>
      </trkpt>
      <trkpt lat="36.859198" lon="138.268569">
        <ele>958.0411352869287</ele>
      </trkpt>
      <trkpt lat="36.859213" lon="138.268575">
        <ele>958.635981687255</ele>
      </trkpt>
      <trkpt lat="36.859225" lon="138.268583">
        <ele>959.1226033335672</ele>
      </trkpt>
      <trkpt lat="36.85924" lon="138.268588">
        <ele>959.7310312961936</ele>
      </trkpt>
      <trkpt lat="36.859254" lon="138.268591">
        <ele>960.2954379806768</ele>
      </trkpt>
      <trkpt lat="36.859263" lon="138.268579">
        <ele>960.5933590549051</ele>
      </trkpt>
      <trkpt lat="36.859273" lon="138.268576">
        <ele>960.9725393431731</ele>
      </trkpt>
      <trkpt lat="36.859262" lon="138.268564">
        <ele>960.4841378602672</ele>
      </trkpt>
      <trkpt lat="36.859268" lon="138.26855">
        <ele>960.654789903877</ele>
      </trkpt>
      <trkpt lat="36.859271" lon="138.268533">
        <ele>960.6935125541881</ele>
      </trkpt>
      <trkpt lat="36.859279" lon="138.268527">
        <ele>960.9800795977942</ele>
      </trkpt>
      <trkpt lat="36.859286" lon="138.268516">
        <ele>961.1971062506766</ele>
      </trkpt>
      <trkpt lat="36.859292" lon="138.268506">
        <ele>961.3619210130114</ele>
      </trkpt>
      <trkpt lat="36.8593" lon="138.268491">
        <ele>961.5943819107192</ele>
      </trkpt>
      <trkpt lat="36.859307" lon="138.268482">
        <ele>961.8422322378242</ele>
      </trkpt>
      <trkpt lat="36.859317" lon="138.268457">
        <ele>962.1194988505873</ele>
      </trkpt>
      <trkpt lat="36.859322" lon="138.26844">
        <ele>962.2318575662267</ele>
      </trkpt>
      <trkpt lat="36.85934" lon="138.268443">
        <ele>963.0608580004545</ele>
      </trkpt>
      <trkpt lat="36.85935" lon="138.268456">
        <ele>963.5894230129543</ele>
      </trkpt>
      <trkpt lat="36.859359" lon="138.268468">
        <ele>964.0631355509995</ele>
      </trkpt>
      <trkpt lat="36.859367" lon="138.268489">
        <ele>964.5458636271699</ele>
      </trkpt>
      <trkpt lat="36.859369" lon="138.268508">
        <ele>964.7458967635081</ele>
      </trkpt>
      <trkpt lat="36.859375" lon="138.268521">
        <ele>965.0785106509178</ele>
      </trkpt>
      <trkpt lat="36.859386" lon="138.268531">
        <ele>965.5825789684891</ele>
      </trkpt>
      <trkpt lat="36.859392" lon="138.268542">
        <ele>965.8598216885075</ele>
      </trkpt>
      <trkpt lat="36.859403" lon="138.268551">
        <ele>966.3565758172492</ele>
      </trkpt>
      <trkpt lat="36.859415" lon="138.268538">
        <ele>966.8876401459228</ele>
      </trkpt>
      <trkpt lat="36.859418" lon="138.268527">
        <ele>967.019244067578</ele>
      </trkpt>
      <trkpt lat="36.859415" lon="138.268513">
        <ele>966.859233514387</ele>
      </trkpt>
      <trkpt lat="36.859409" lon="138.268504">
        <ele>966.5484535946543</ele>
      </trkpt>
      <trkpt lat="36.859411" lon="138.268486">
        <ele>966.5632855163462</ele>
      </trkpt>
      <trkpt lat="36.859417" lon="138.268477">
        <ele>966.804353570621</ele>
      </trkpt>
      <trkpt lat="36.85943" lon="138.268485">
        <ele>967.4382786132484</ele>
      </trkpt>
      <trkpt lat="36.859445" lon="138.268506">
        <ele>968.2319279580088</ele>
      </trkpt>
      <trkpt lat="36.859453" lon="138.268515">
        <ele>968.6451214089197</ele>
      </trkpt>
      <trkpt lat="36.859455" lon="138.268529">
        <ele>968.7431236410764</ele>
      </trkpt>
      <trkpt lat="36.859457" lon="138.268543">
        <ele>968.8271745447321</ele>
      </trkpt>
      <trkpt lat="36.859469" lon="138.268551">
        <ele>969.3840786889464</ele>
      </trkpt>
      <trkpt lat="36.859481" lon="138.268558">
        <ele>969.9360924829065</ele>
      </trkpt>
      <trkpt lat="36.85947" lon="138.26855">
        <ele>969.4322783961666</ele>
      </trkpt>
      <trkpt lat="36.859466" lon="138.268534">
        <ele>969.2621933698052</ele>
      </trkpt>
      <trkpt lat="36.859467" lon="138.26852">
        <ele>969.3258085141812</ele>
      </trkpt>
      <trkpt lat="36.859467" lon="138.268503">
        <ele>969.2913517301738</ele>
      </trkpt>
      <trkpt lat="36.859475" lon="138.268488">
        <ele>969.6488522603771</ele>
      </trkpt>
      <trkpt lat="36.859485" lon="138.268481">
        <ele>970.127568673812</ele>
      </trkpt>
      <trkpt lat="36.859497" lon="138.268472">
        <ele>970.707502050464</ele>
      </trkpt>
      <trkpt lat="36.859504" lon="138.268461">
        <ele>971.0429105273527</ele>
      </trkpt>
      <trkpt lat="36.859503" lon="138.26845">
        <ele>970.9805388127854</ele>
      </trkpt>
      <trkpt lat="36.859516" lon="138.26844">
        <ele>971.6285891516995</ele>
      </trkpt>
      <trkpt lat="36.859528" lon="138.268435">
        <ele>972.2357883386297</ele>
      </trkpt>
      <trkpt lat="36.859537" lon="138.268439">
        <ele>972.6936337567506</ele>
      </trkpt>
      <trkpt lat="36.859544" lon="138.268452">
        <ele>973.0454095086233</ele>
      </trkpt>
      <trkpt lat="36.859551" lon="138.268475">
        <ele>973.3859677911126</ele>
      </trkpt>
      <trkpt lat="36.859547" lon="138.268486">
        <ele>973.1838046673793</ele>
      </trkpt>
      <trkpt lat="36.859545" lon="138.26849">
        <ele>973.0842937621965</ele>
      </trkpt>
      <trkpt lat="36.859554" lon="138.268482">
        <ele>973.530308155627</ele>
      </trkpt>
      <trkpt lat="36.859562" lon="138.268494">
        <ele>973.9140983184661</ele>
      </trkpt>
      <trkpt lat="36.859571" lon="138.268504">
        <ele>974.3429764239576</ele>
      </trkpt>
      <trkpt lat="36.859585" lon="138.268508">
        <ele>975.0363398347558</ele>
      </trkpt>
      <trkpt lat="36.859593" lon="138.268524">
        <ele>975.3849761630161</ele>
      </trkpt>
      <trkpt lat="36.859601" lon="138.26854">
        <ele>975.6884082315415</ele>
      </trkpt>
      <trkpt lat="36.859604" lon="138.268552">
        <ele>975.7651690159068</ele>
      </trkpt>
      <trkpt lat="36.859609" lon="138.26857">
        <ele>975.8996096268601</ele>
      </trkpt>
      <trkpt lat="36.859619" lon="138.268589">
        <ele>976.2573831878599</ele>
      </trkpt>
      <trkpt lat="36.85962" lon="138.268602">
        <ele>976.2220696556801</ele>
      </trkpt>
      <trkpt lat="36.859623" lon="138.268614">
        <ele>976.28211929606</ele>
      </trkpt>
      <trkpt lat="36.85964" lon="138.268624">
        <ele>977.0011332854407</ele>
      </trkpt>
      <trkpt lat="36.859657" lon="138.268632">
        <ele>977.7211394441566</ele>
      </trkpt>
      <trkpt lat="36.859672" lon="138.268654">
        <ele>978.2276748714426</ele>
      </trkpt>
      <trkpt lat="36.859688" lon="138.26867">
        <ele>978.8078675655884</ele>
      </trkpt>
      <trkpt lat="36.859694" lon="138.268688">
        <ele>978.9147418842908</ele>
      </trkpt>
      <trkpt lat="36.859702" lon="138.268712">
        <ele>979.0181724102048</ele>
      </trkpt>
      <trkpt lat="36.859708" lon="138.268726">
        <ele>979.1312108334052</ele>
      </trkpt>
      <trkpt lat="36.859714" lon="138.268736">
        <ele>979.2837611817502</ele>
      </trkpt>
      <trkpt lat="36.859723" lon="138.268742">
        <ele>979.6054584570172</ele>
      </trkpt>
      <trkpt lat="36.859733" lon="138.268744">
        <ele>980.0116777001157</ele>
      </trkpt>
      <trkpt lat="36.859743" lon="138.268746">
        <ele>980.4172183793753</ele>
      </trkpt>
      <trkpt lat="36.859759" lon="138.26874">
        <ele>981.1691286288486</ele>
      </trkpt>
      <trkpt lat="36.859753" lon="138.26873">
        <ele>981.0246197821546</ele>
      </trkpt>
      <trkpt lat="36.859753" lon="138.268716">
        <ele>981.1821503405874</ele>
      </trkpt>
      <trkpt lat="36.859756" lon="138.268696">
        <ele>981.5379487781082</ele>
      </trkpt>
      <trkpt lat="36.859756" lon="138.26868">
        <ele>981.6987574265339</ele>
      </trkpt>
      <trkpt lat="36.859758" lon="138.268664">
        <ele>981.93525797301</ele>
      </trkpt>
      <trkpt lat="36.859756" lon="138.268644">
        <ele>982.0343017463578</ele>
      </trkpt>
      <trkpt lat="36.859752" lon="138.26863">
        <ele>981.9900517366833</ele>
      </trkpt>
      <trkpt lat="36.859752" lon="138.268614">
        <ele>982.1391825452456</ele>
      </trkpt>
      <trkpt lat="36.859754" lon="138.268602">
        <ele>982.3348759458991</ele>
      </trkpt>
      <trkpt lat="36.859756" lon="138.268582">
        <ele>982.5784795136283</ele>
      </trkpt>
      <trkpt lat="36.859757" lon="138.268568">
        <ele>982.7320894308676</ele>
      </trkpt>
      <trkpt lat="36.85977" lon="138.268548">
        <ele>983.4689009376075</ele>
      </trkpt>
      <trkpt lat="36.859783" lon="138.268548">
        <ele>984.0146065643061</ele>
      </trkpt>
      <trkpt lat="36.859798" lon="138.26855">
        <ele>984.5880413666139</ele>
      </trkpt>
      <trkpt lat="36.859803" lon="138.26856">
        <ele>984.703067476233</ele>
      </trkpt>
      <trkpt lat="36.859826" lon="138.26858">
        <ele>985.4442331136207</ele>
      </trkpt>
      <trkpt lat="36.859836" lon="138.268584">
        <ele>985.8047749475113</ele>
      </trkpt>
      <trkpt lat="36.859845" lon="138.268592">
        <ele>986.0933780411027</ele>
      </trkpt>
      <trkpt lat="36.859861" lon="138.268602">
        <ele>986.5947885840899</ele>
      </trkpt>
      <trkpt lat="36.859873" lon="138.268602">
        <ele>987.0316378988093</ele>
      </trkpt>
      <trkpt lat="36.859884" lon="138.268604">
        <ele>987.4157719822368</ele>
      </trkpt>
      <trkpt lat="36.859897" lon="138.268604">
        <ele>987.8890255514532</ele>
      </trkpt>
      <trkpt lat="36.859911" lon="138.268594">
        <ele>988.480239243107</ele>
      </trkpt>
      <trkpt lat="36.859918" lon="138.268585">
        <ele>988.7876020134755</ele>
      </trkpt>
      <trkpt lat="36.859926" lon="138.268576">
        <ele>989.1083425669414</ele>
      </trkpt>
      <trkpt lat="36.859937" lon="138.26857">
        <ele>989.4943994906039</ele>
      </trkpt>
      <trkpt lat="36.859946" lon="138.268566">
        <ele>989.8005105421978</ele>
      </trkpt>
      <trkpt lat="36.859956" lon="138.268562">
        <ele>990.1347796783896</ele>
      </trkpt>
      <trkpt lat="36.859968" lon="138.268562">
        <ele>990.5019928393341</ele>
      </trkpt>
      <trkpt lat="36.859978" lon="138.268558">
        <ele>990.831918879277</ele>
      </trkpt>
      <trkpt lat="36.859995" lon="138.268548">
        <ele>991.3731600896695</ele>
      </trkpt>
      <trkpt lat="36.860007" lon="138.268544">
        <ele>991.7284678404226</ele>
      </trkpt>
      <trkpt lat="36.860022" lon="138.268554">
        <ele>992.0852212677248</ele>
      </trkpt>
      <trkpt lat="36.860043" lon="138.268562">
        <ele>992.6196287367497</ele>
      </trkpt>
      <trkpt lat="36.860051" lon="138.268566">
        <ele>992.8176645552744</ele>
      </trkpt>
      <trkpt lat="36.860058" lon="138.268574">
        <ele>992.9314956583548</ele>
      </trkpt>
      <trkpt lat="36.860069" lon="138.268589">
        <ele>993.09928102111</ele>
      </trkpt>
      <trkpt lat="36.860084" lon="138.268608">
        <ele>993.3360940793129</ele>
      </trkpt>
      <trkpt lat="36.860095" lon="138.268624">
        <ele>993.4744763375276</ele>
      </trkpt>
      <trkpt lat="36.860107" lon="138.268632">
        <ele>993.700405523413</ele>
      </trkpt>
      <trkpt lat="36.860115" lon="138.268638">
        <ele>993.8481192970883</ele>
      </trkpt>
      <trkpt lat="36.860127" lon="138.268642">
        <ele>994.0967025662562</ele>
      </trkpt>
      <trkpt lat="36.860142" lon="138.268648">
        <ele>994.3942502833845</ele>
      </trkpt>
      <trkpt lat="36.860156" lon="138.268654">
        <ele>994.6721657723176</ele>
      </trkpt>
      <trkpt lat="36.860167" lon="138.268654">
        <ele>994.9217129206304</ele>
      </trkpt>
      <trkpt lat="36.860181" lon="138.268652">
        <ele>995.2512250899297</ele>
      </trkpt>
      <trkpt lat="36.860193" lon="138.268654">
        <ele>995.4985601600747</ele>
      </trkpt>
      <trkpt lat="36.860201" lon="138.268662">
        <ele>995.6118382238933</ele>
      </trkpt>
      <trkpt lat="36.860213" lon="138.26866">
        <ele>995.8615730936889</ele>
      </trkpt>
      <trkpt lat="36.860224" lon="138.268662">
        <ele>996.0697567830721</ele>
      </trkpt>
      <trkpt lat="36.860239" lon="138.268668">
        <ele>996.3385834642652</ele>
      </trkpt>
      <trkpt lat="36.860245" lon="138.268678">
        <ele>996.4099760066251</ele>
      </trkpt>
      <trkpt lat="36.860256" lon="138.26869">
        <ele>996.5757957194709</ele>
      </trkpt>
      <trkpt lat="36.860273" lon="138.2687">
        <ele>996.8438375636588</ele>
      </trkpt>
      <trkpt lat="36.860287" lon="138.268704">
        <ele>997.100995664155</ele>
      </trkpt>
      <trkpt lat="36.860297" lon="138.268706">
        <ele>997.2922553289516</ele>
      </trkpt>
      <trkpt lat="36.860315" lon="138.2687">
        <ele>997.7071147239968</ele>
      </trkpt>
      <trkpt lat="36.860328" lon="138.268692">
        <ele>998.0239343525022</ele>
      </trkpt>
      <trkpt lat="36.860339" lon="138.268682">
        <ele>998.2462546824063</ele>
      </trkpt>
      <trkpt lat="36.860353" lon="138.268672">
        <ele>998.5076672748447</ele>
      </trkpt>
      <trkpt lat="36.860361" lon="138.268666">
        <ele>998.6554086453212</ele>
      </trkpt>
      <trkpt lat="36.860371" lon="138.268658">
        <ele>998.838577401615</ele>
      </trkpt>
      <trkpt lat="36.860381" lon="138.268652">
        <ele>999.0162414423921</ele>
      </trkpt>
      <trkpt lat="36.860391" lon="138.26865">
        <ele>999.1869677877592</ele>
      </trkpt>
      <trkpt lat="36.8604" lon="138.268642">
        <ele>999.3422512125683</ele>
      </trkpt>
      <trkpt lat="36.860415" lon="138.268632">
        <ele>999.5845913203284</ele>
      </trkpt>
      <trkpt lat="36.860427" lon="138.26862">
        <ele>999.7713914991443</ele>
      </trkpt>
      <trkpt lat="36.860437" lon="138.268608">
        <ele>999.9190434288889</ele>
      </trkpt>
      <trkpt lat="36.860452" lon="138.2686">
        <ele>1000.1223069480795</ele>
      </trkpt>
      <trkpt lat="36.860468" lon="138.268592">
        <ele>1000.3116375494097</ele>
      </trkpt>
      <trkpt lat="36.860486" lon="138.268586">
        <ele>1000.4942880433634</ele>
      </trkpt>
      <trkpt lat="36.8605" lon="138.26858">
        <ele>1000.6283239606744</ele>
      </trkpt>
      <trkpt lat="36.860512" lon="138.26857">
        <ele>1000.719947676517</ele>
      </trkpt>
      <trkpt lat="36.860527" lon="138.268534">
        <ele>1000.7211889766745</ele>
      </trkpt>
      <trkpt lat="36.860531" lon="138.268508">
        <ele>1000.6179023271735</ele>
      </trkpt>
      <trkpt lat="36.860538" lon="138.268482">
        <ele>1000.4858207740403</ele>
      </trkpt>
      <trkpt lat="36.860548" lon="138.268454">
        <ele>1000.3490659256001</ele>
      </trkpt>
      <trkpt lat="36.860563" lon="138.26843">
        <ele>1000.2597762203778</ele>
      </trkpt>
      <trkpt lat="36.860574" lon="138.26841">
        <ele>1000.160736219306</ele>
      </trkpt>
      <trkpt lat="36.860589" lon="138.268385">
        <ele>1000.0442171210896</ele>
      </trkpt>
      <trkpt lat="36.860605" lon="138.268366">
        <ele>999.9581390094205</ele>
      </trkpt>
      <trkpt lat="36.860622" lon="138.268348">
        <ele>999.8103378588444</ele>
      </trkpt>
      <trkpt lat="36.860647" lon="138.26831">
        <ele>999.4999843556908</ele>
      </trkpt>
      <trkpt lat="36.860657" lon="138.268286">
        <ele>999.3042501688009</ele>
      </trkpt>
      <trkpt lat="36.860666" lon="138.268261">
        <ele>999.1003603911031</ele>
      </trkpt>
      <trkpt lat="36.860672" lon="138.268235">
        <ele>998.8763038943064</ele>
      </trkpt>
      <trkpt lat="36.860677" lon="138.268211">
        <ele>998.6587270112252</ele>
      </trkpt>
      <trkpt lat="36.860681" lon="138.268184">
        <ele>998.4210518926859</ele>
      </trkpt>
      <trkpt lat="36.860684" lon="138.268158">
        <ele>998.1959009045747</ele>
      </trkpt>
      <trkpt lat="36.860686" lon="138.26813">
        <ele>997.9588072739784</ele>
      </trkpt>
      <trkpt lat="36.860694" lon="138.268075">
        <ele>997.4979577898472</ele>
      </trkpt>
      <trkpt lat="36.860701" lon="138.268047">
        <ele>997.2884237017066</ele>
      </trkpt>
      <trkpt lat="36.860708" lon="138.268021">
        <ele>997.0982063653917</ele>
      </trkpt>
      <trkpt lat="36.860712" lon="138.267989">
        <ele>996.8848794694944</ele>
      </trkpt>
      <trkpt lat="36.860719" lon="138.267959">
        <ele>996.6818165332343</ele>
      </trkpt>
      <trkpt lat="36.860731" lon="138.267936">
        <ele>996.5192342309427</ele>
      </trkpt>
      <trkpt lat="36.86075" lon="138.267924">
        <ele>996.3817237403144</ele>
      </trkpt>
      <trkpt lat="36.860765" lon="138.267917">
        <ele>996.2800834106287</ele>
      </trkpt>
      <trkpt lat="36.860781" lon="138.267914">
        <ele>996.204429584393</ele>
      </trkpt>
      <trkpt lat="36.860799" lon="138.267913">
        <ele>996.1265918774261</ele>
      </trkpt>
      <trkpt lat="36.860817" lon="138.267917">
        <ele>996.0391095219433</ele>
      </trkpt>
      <trkpt lat="36.860833" lon="138.267923">
        <ele>995.9601548871947</ele>
      </trkpt>
      <trkpt lat="36.860856" lon="138.26793">
        <ele>995.8347298828496</ele>
      </trkpt>
      <trkpt lat="36.860884" lon="138.267942">
        <ele>995.6721992582634</ele>
      </trkpt>
      <trkpt lat="36.860904" lon="138.267958">
        <ele>995.523133404602</ele>
      </trkpt>
      <trkpt lat="36.86092" lon="138.267974">
        <ele>995.3563774262888</ele>
      </trkpt>
      <trkpt lat="36.860942" lon="138.267987">
        <ele>995.0966317893752</ele>
      </trkpt>
      <trkpt lat="36.860964" lon="138.268001">
        <ele>994.838743190779</ele>
      </trkpt>
      <trkpt lat="36.860986" lon="138.268016">
        <ele>994.587802856554</ele>
      </trkpt>
      <trkpt lat="36.861003" lon="138.268062">
        <ele>994.1907391096019</ele>
      </trkpt>
      <trkpt lat="36.861004" lon="138.268078">
        <ele>994.0955211240143</ele>
      </trkpt>
      <trkpt lat="36.861013" lon="138.268092">
        <ele>993.8959944105666</ele>
      </trkpt>
      <trkpt lat="36.861027" lon="138.268104">
        <ele>993.7390022621561</ele>
      </trkpt>
      <trkpt lat="36.861047" lon="138.26811">
        <ele>993.5011755160788</ele>
      </trkpt>
      <trkpt lat="36.861065" lon="138.268112">
        <ele>993.2852931418357</ele>
      </trkpt>
      <trkpt lat="36.861083" lon="138.268105">
        <ele>993.1138742583892</ele>
      </trkpt>
      <trkpt lat="36.861098" lon="138.268092">
        <ele>993.0649339631307</ele>
      </trkpt>
      <trkpt lat="36.861115" lon="138.268082">
        <ele>993.0265411889682</ele>
      </trkpt>
      <trkpt lat="36.861132" lon="138.268078">
        <ele>992.9520238595776</ele>
      </trkpt>
      <trkpt lat="36.86115" lon="138.26808">
        <ele>992.8082944751958</ele>
      </trkpt>
      <trkpt lat="36.861173" lon="138.268089">
        <ele>992.7035454973106</ele>
      </trkpt>
      <trkpt lat="36.861188" lon="138.268101">
        <ele>992.6167006273147</ele>
      </trkpt>
      <trkpt lat="36.861206" lon="138.268115">
        <ele>992.5013733685853</ele>
      </trkpt>
      <trkpt lat="36.86122" lon="138.268124">
        <ele>992.4249278217558</ele>
      </trkpt>
      <trkpt lat="36.861234" lon="138.268142">
        <ele>992.3596738385972</ele>
      </trkpt>
      <trkpt lat="36.861225" lon="138.268159">
        <ele>992.1686059372037</ele>
      </trkpt>
      <trkpt lat="36.861212" lon="138.268181">
        <ele>992.0062844269607</ele>
      </trkpt>
      <trkpt lat="36.861203" lon="138.268202">
        <ele>991.9900285183551</ele>
      </trkpt>
      <trkpt lat="36.861213" lon="138.26822">
        <ele>991.9161218521297</ele>
      </trkpt>
      <trkpt lat="36.861228" lon="138.268235">
        <ele>991.8960178075679</ele>
      </trkpt>
      <trkpt lat="36.861239" lon="138.26826">
        <ele>991.862209151011</ele>
      </trkpt>
      <trkpt lat="36.861251" lon="138.268289">
        <ele>992.0095645131373</ele>
      </trkpt>
      <trkpt lat="36.861252" lon="138.268316">
        <ele>992.122544766124</ele>
      </trkpt>
      <trkpt lat="36.861248" lon="138.268337">
        <ele>992.2020342642545</ele>
      </trkpt>
      <trkpt lat="36.86126" lon="138.268358">
        <ele>992.4091465372239</ele>
      </trkpt>
      <trkpt lat="36.861284" lon="138.268351">
        <ele>992.3494253591401</ele>
      </trkpt>
      <trkpt lat="36.861303" lon="138.268344">
        <ele>992.4281439723488</ele>
      </trkpt>
      <trkpt lat="36.86132" lon="138.26834">
        <ele>992.5657171025246</ele>
      </trkpt>
      <trkpt lat="36.861336" lon="138.268321">
        <ele>992.6566413059845</ele>
      </trkpt>
      <trkpt lat="36.861341" lon="138.2683">
        <ele>992.6482453209493</ele>
      </trkpt>
      <trkpt lat="36.861362" lon="138.268286">
        <ele>992.8460797212097</ele>
      </trkpt>
      <trkpt lat="36.861379" lon="138.268285">
        <ele>993.0913023676733</ele>
      </trkpt>
      <trkpt lat="36.86139" lon="138.268276">
        <ele>993.2305121103775</ele>
      </trkpt>
      <trkpt lat="36.861403" lon="138.268269">
        <ele>993.4035060868607</ele>
      </trkpt>
      <trkpt lat="36.861419" lon="138.268271">
        <ele>993.6411574329724</ele>
      </trkpt>
      <trkpt lat="36.861439" lon="138.268274">
        <ele>994.0020842501435</ele>
      </trkpt>
      <trkpt lat="36.861456" lon="138.268276">
        <ele>994.3285635719778</ele>
      </trkpt>
      <trkpt lat="36.861479" lon="138.268276">
        <ele>994.7639658411501</ele>
      </trkpt>
      <trkpt lat="36.861496" lon="138.268276">
        <ele>995.0896872624756</ele>
      </trkpt>
      <trkpt lat="36.861508" lon="138.268276">
        <ele>995.3343281123791</ele>
      </trkpt>
      <trkpt lat="36.861524" lon="138.268273">
        <ele>995.6535254662863</ele>
      </trkpt>
      <trkpt lat="36.861527" lon="138.268261">
        <ele>995.686723671016</ele>
      </trkpt>
      <trkpt lat="36.861543" lon="138.268254">
        <ele>996.05919196836</ele>
      </trkpt>
      <trkpt lat="36.861574" lon="138.268257">
        <ele>996.6549655237249</ele>
      </trkpt>
      <trkpt lat="36.86159" lon="138.268253">
        <ele>996.9858165395922</ele>
      </trkpt>
      <trkpt lat="36.861608" lon="138.268249">
        <ele>997.3545287541123</ele>
      </trkpt>
      <trkpt lat="36.861623" lon="138.268244">
        <ele>997.6734398391573</ele>
      </trkpt>
      <trkpt lat="36.861642" lon="138.26824">
        <ele>998.0155919998576</ele>
      </trkpt>
      <trkpt lat="36.861656" lon="138.268245">
        <ele>998.1873355058574</ele>
      </trkpt>
      <trkpt lat="36.861673" lon="138.268244">
        <ele>998.4472000364428</ele>
      </trkpt>
      <trkpt lat="36.861691" lon="138.268248">
        <ele>998.6824373019333</ele>
      </trkpt>
      <trkpt lat="36.861712" lon="138.26825">
        <ele>998.902350539463</ele>
      </trkpt>
      <trkpt lat="36.861729" lon="138.268249">
        <ele>999.0627016618946</ele>
      </trkpt>
      <trkpt lat="36.86175" lon="138.268239">
        <ele>999.3405940466328</ele>
      </trkpt>
      <trkpt lat="36.861795" lon="138.26823">
        <ele>999.7599272667344</ele>
      </trkpt>
      <trkpt lat="36.861822" lon="138.268224">
        <ele>999.992797493515</ele>
      </trkpt>
      <trkpt lat="36.861853" lon="138.268217">
        <ele>1000.2327820060864</ele>
      </trkpt>
      <trkpt lat="36.861881" lon="138.268206">
        <ele>1000.4879774413439</ele>
      </trkpt>
      <trkpt lat="36.861909" lon="138.268198">
        <ele>1000.7252558628787</ele>
      </trkpt>
      <trkpt lat="36.861934" lon="138.268195">
        <ele>1000.8928355214646</ele>
      </trkpt>
      <trkpt lat="36.861956" lon="138.268195">
        <ele>1001.0061447905192</ele>
      </trkpt>
      <trkpt lat="36.861984" lon="138.26821">
        <ele>1000.9180872968168</ele>
      </trkpt>
      <trkpt lat="36.862001" lon="138.268215">
        <ele>1000.9166845103935</ele>
      </trkpt>
      <trkpt lat="36.862012" lon="138.268217">
        <ele>1000.9330047027933</ele>
      </trkpt>
      <trkpt lat="36.862024" lon="138.268222">
        <ele>1000.901642237648</ele>
      </trkpt>
      <trkpt lat="36.862039" lon="138.268232">
        <ele>1000.7916473169992</ele>
      </trkpt>
      <trkpt lat="36.862071" lon="138.268258">
        <ele>1000.4795682300709</ele>
      </trkpt>
      <trkpt lat="36.862082" lon="138.26827">
        <ele>1000.3903913976146</ele>
      </trkpt>
      <trkpt lat="36.8621" lon="138.268276">
        <ele>1000.4012972759167</ele>
      </trkpt>
      <trkpt lat="36.862127" lon="138.268298">
        <ele>1000.2503833030883</ele>
      </trkpt>
      <trkpt lat="36.862138" lon="138.268304">
        <ele>1000.2066497847256</ele>
      </trkpt>
      <trkpt lat="36.862154" lon="138.268309">
        <ele>1000.1782152572575</ele>
      </trkpt>
      <trkpt lat="36.86217" lon="138.268311">
        <ele>1000.1820472944567</ele>
      </trkpt>
      <trkpt lat="36.862188" lon="138.268319">
        <ele>1000.095990249086</ele>
      </trkpt>
      <trkpt lat="36.862205" lon="138.268328">
        <ele>999.9785665966724</ele>
      </trkpt>
      <trkpt lat="36.862242" lon="138.268344">
        <ele>999.7448166842772</ele>
      </trkpt>
      <trkpt lat="36.862262" lon="138.268355">
        <ele>999.6386647115359</ele>
      </trkpt>
      <trkpt lat="36.862278" lon="138.268371">
        <ele>999.5204385561586</ele>
      </trkpt>
      <trkpt lat="36.862295" lon="138.268383">
        <ele>999.4069426631057</ele>
      </trkpt>
      <trkpt lat="36.862314" lon="138.268392">
        <ele>999.2940453783183</ele>
      </trkpt>
      <trkpt lat="36.862329" lon="138.268399">
        <ele>999.1872032130458</ele>
      </trkpt>
      <trkpt lat="36.862345" lon="138.268409">
        <ele>999.0374199483754</ele>
      </trkpt>
      <trkpt lat="36.862358" lon="138.268412">
        <ele>998.9501500798065</ele>
      </trkpt>
      <trkpt lat="36.862373" lon="138.268414">
        <ele>998.858875223408</ele>
      </trkpt>
      <trkpt lat="36.86239" lon="138.268415">
        <ele>998.7583464968786</ele>
      </trkpt>
      <trkpt lat="36.86241" lon="138.26842">
        <ele>998.568189255346</ele>
      </trkpt>
      <trkpt lat="36.862431" lon="138.268438">
        <ele>998.2604188280919</ele>
      </trkpt>
      <trkpt lat="36.862446" lon="138.268454">
        <ele>998.0982734286692</ele>
      </trkpt>
      <trkpt lat="36.86246" lon="138.268472">
        <ele>997.9127205050672</ele>
      </trkpt>
      <trkpt lat="36.862475" lon="138.268493">
        <ele>997.6910140912553</ele>
      </trkpt>
      <trkpt lat="36.86251" lon="138.268531">
        <ele>997.306447890769</ele>
      </trkpt>
      <trkpt lat="36.862548" lon="138.268544">
        <ele>996.8501107017353</ele>
      </trkpt>
      <trkpt lat="36.86257" lon="138.26854">
        <ele>996.5047272778379</ele>
      </trkpt>
      <trkpt lat="36.86259" lon="138.268542">
        <ele>996.2132315423648</ele>
      </trkpt>
      <trkpt lat="36.862613" lon="138.268548">
        <ele>995.9279285684269</ele>
      </trkpt>
      <trkpt lat="36.86266" lon="138.268556">
        <ele>995.3099956147594</ele>
      </trkpt>
      <trkpt lat="36.862684" lon="138.268562">
        <ele>995.0284903225972</ele>
      </trkpt>
      <trkpt lat="36.862702" lon="138.268571">
        <ele>994.8058046368925</ele>
      </trkpt>
      <trkpt lat="36.862718" lon="138.268572">
        <ele>994.6122336190691</ele>
      </trkpt>
      <trkpt lat="36.862738" lon="138.26858">
        <ele>994.3831478919928</ele>
      </trkpt>
      <trkpt lat="36.862755" lon="138.268583">
        <ele>994.2256671252312</ele>
      </trkpt>
      <trkpt lat="36.862773" lon="138.268583">
        <ele>994.0681766181062</ele>
      </trkpt>
      <trkpt lat="36.862793" lon="138.268589">
        <ele>993.8533122208071</ele>
      </trkpt>
      <trkpt lat="36.862817" lon="138.268602">
        <ele>993.634732085746</ele>
      </trkpt>
      <trkpt lat="36.862844" lon="138.268625">
        <ele>993.4589525929753</ele>
      </trkpt>
      <trkpt lat="36.862868" lon="138.268645">
        <ele>993.2550773677619</ele>
      </trkpt>
      <trkpt lat="36.862889" lon="138.268661">
        <ele>993.1375073929821</ele>
      </trkpt>
      <trkpt lat="36.862911" lon="138.268671">
        <ele>993.0165172075917</ele>
      </trkpt>
      <trkpt lat="36.862931" lon="138.268683">
        <ele>992.8674106420964</ele>
      </trkpt>
      <trkpt lat="36.862954" lon="138.268698">
        <ele>992.7016536179739</ele>
      </trkpt>
      <trkpt lat="36.862979" lon="138.268717">
        <ele>992.4881109538401</ele>
      </trkpt>
      <trkpt lat="36.863004" lon="138.268732">
        <ele>992.2588182016137</ele>
      </trkpt>
      <trkpt lat="36.86303" lon="138.268756">
        <ele>992.0222249542064</ele>
      </trkpt>
      <trkpt lat="36.863052" lon="138.268773">
        <ele>991.7940047727185</ele>
      </trkpt>
      <trkpt lat="36.863079" lon="138.268788">
        <ele>991.6440831013698</ele>
      </trkpt>
      <trkpt lat="36.863106" lon="138.268813">
        <ele>991.5182160386322</ele>
      </trkpt>
      <trkpt lat="36.863128" lon="138.268832">
        <ele>991.3766889917183</ele>
      </trkpt>
      <trkpt lat="36.863155" lon="138.268847">
        <ele>991.3037422190569</ele>
      </trkpt>
      <trkpt lat="36.863176" lon="138.268866">
        <ele>991.2410907499609</ele>
      </trkpt>
      <trkpt lat="36.863212" lon="138.268897">
        <ele>991.2445988537357</ele>
      </trkpt>
      <trkpt lat="36.86323" lon="138.26891">
        <ele>991.2585684850844</ele>
      </trkpt>
      <trkpt lat="36.863242" lon="138.268921">
        <ele>991.2456595551826</ele>
      </trkpt>
      <trkpt lat="36.863265" lon="138.268941">
        <ele>991.202944745552</ele>
      </trkpt>
      <trkpt lat="36.863278" lon="138.268953">
        <ele>991.198029145462</ele>
      </trkpt>
      <trkpt lat="36.863296" lon="138.26896">
        <ele>991.2680074181613</ele>
      </trkpt>
      <trkpt lat="36.863318" lon="138.268969">
        <ele>991.3428834169748</ele>
      </trkpt>
      <trkpt lat="36.863339" lon="138.268972">
        <ele>991.4132466759472</ele>
      </trkpt>
      <trkpt lat="36.86336" lon="138.26896">
        <ele>991.5180364076788</ele>
      </trkpt>
      <trkpt lat="36.86337" lon="138.268945">
        <ele>991.6247748633084</ele>
      </trkpt>
      <trkpt lat="36.863377" lon="138.268931">
        <ele>991.8005035893314</ele>
      </trkpt>
      <trkpt lat="36.863373" lon="138.268934">
        <ele>991.7502119888215</ele>
      </trkpt>
      <trkpt lat="36.863361" lon="138.268929">
        <ele>991.7411525651786</ele>
      </trkpt>
      <trkpt lat="36.863352" lon="138.268919">
        <ele>991.7909061473265</ele>
      </trkpt>
      <trkpt lat="36.863344" lon="138.268912">
        <ele>991.8126190172936</ele>
      </trkpt>
      <trkpt lat="36.863333" lon="138.268908">
        <ele>991.7865970357639</ele>
      </trkpt>
      <trkpt lat="36.863323" lon="138.268908">
        <ele>991.7294723584223</ele>
      </trkpt>
      <trkpt lat="36.863308" lon="138.268898">
        <ele>991.7236075422586</ele>
      </trkpt>
      <trkpt lat="36.86329" lon="138.268897">
        <ele>991.6220467232108</ele>
      </trkpt>
      <trkpt lat="36.863279" lon="138.268896">
        <ele>991.5621019412755</ele>
      </trkpt>
      <trkpt lat="36.863266" lon="138.268888">
        <ele>991.5536048039329</ele>
      </trkpt>
      <trkpt lat="36.863256" lon="138.268871">
        <ele>991.6099572406188</ele>
      </trkpt>
      <trkpt lat="36.86325" lon="138.268861">
        <ele>991.6418935388042</ele>
      </trkpt>
      <trkpt lat="36.863242" lon="138.26885">
        <ele>991.7293017192403</ele>
      </trkpt>
      <trkpt lat="36.863236" lon="138.268837">
        <ele>991.8503267532749</ele>
      </trkpt>
      <trkpt lat="36.86321" lon="138.268811">
        <ele>991.9908899707967</ele>
      </trkpt>
      <trkpt lat="36.863192" lon="138.268801">
        <ele>991.9916091072101</ele>
      </trkpt>
      <trkpt lat="36.863173" lon="138.268785">
        <ele>992.0356933916892</ele>
      </trkpt>
      <trkpt lat="36.863155" lon="138.268772">
        <ele>992.0547747732924</ele>
      </trkpt>
      <trkpt lat="36.863138" lon="138.268759">
        <ele>992.1258525742029</ele>
      </trkpt>
      <trkpt lat="36.863119" lon="138.268747">
        <ele>992.2282601392943</ele>
      </trkpt>
      <trkpt lat="36.863103" lon="138.268736">
        <ele>992.3204233032315</ele>
      </trkpt>
      <trkpt lat="36.863088" lon="138.268723">
        <ele>992.4365399767662</ele>
      </trkpt>
      <trkpt lat="36.863077" lon="138.268711">
        <ele>992.5492768143708</ele>
      </trkpt>
      <trkpt lat="36.863053" lon="138.268683">
        <ele>992.8311712839757</ele>
      </trkpt>
      <trkpt lat="36.863044" lon="138.268672">
        <ele>992.9394810217478</ele>
      </trkpt>
      <trkpt lat="36.863038" lon="138.268659">
        <ele>993.0791027054702</ele>
      </trkpt>
      <trkpt lat="36.863038" lon="138.268638">
        <ele>993.3358517069984</ele>
      </trkpt>
      <trkpt lat="36.863042" lon="138.268618">
        <ele>993.5969180589101</ele>
      </trkpt>
      <trkpt lat="36.863047" lon="138.268603">
        <ele>993.8057004379789</ele>
      </trkpt>
      <trkpt lat="36.863039" lon="138.268567">
        <ele>994.2744204631967</ele>
      </trkpt>
      <trkpt lat="36.86303" lon="138.26855">
        <ele>994.4565339227872</ele>
      </trkpt>
      <trkpt lat="36.863011" lon="138.268529">
        <ele>994.6125921192854</ele>
      </trkpt>
      <trkpt lat="36.863002" lon="138.268517">
        <ele>994.7094184317168</ele>
      </trkpt>
      <trkpt lat="36.862993" lon="138.268504">
        <ele>994.83670745832</ele>
      </trkpt>
      <trkpt lat="36.862984" lon="138.268488">
        <ele>995.0024442761679</ele>
      </trkpt>
      <trkpt lat="36.862972" lon="138.268476">
        <ele>995.1038113708848</ele>
      </trkpt>
      <trkpt lat="36.862958" lon="138.268459">
        <ele>995.2605207785971</ele>
      </trkpt>
      <trkpt lat="36.862951" lon="138.268444">
        <ele>995.4221790244342</ele>
      </trkpt>
      <trkpt lat="36.862945" lon="138.268428">
        <ele>995.6156593148355</ele>
      </trkpt>
      <trkpt lat="36.862938" lon="138.268413">
        <ele>995.8295302973164</ele>
      </trkpt>
      <trkpt lat="36.862931" lon="138.268394">
        <ele>996.1170166241942</ele>
      </trkpt>
      <trkpt lat="36.862918" lon="138.268374">
        <ele>996.4053784795116</ele>
      </trkpt>
      <trkpt lat="36.862912" lon="138.268356">
        <ele>996.6815050894872</ele>
      </trkpt>
      <trkpt lat="36.862909" lon="138.26834">
        <ele>996.9398309211833</ele>
      </trkpt>
      <trkpt lat="36.862898" lon="138.268309">
        <ele>997.4553369493367</ele>
      </trkpt>
      <trkpt lat="36.86289" lon="138.268293">
        <ele>997.7279336361019</ele>
      </trkpt>
      <trkpt lat="36.862893" lon="138.268281">
        <ele>997.9442031341404</ele>
      </trkpt>
      <trkpt lat="36.8629" lon="138.268272">
        <ele>998.1065820417105</ele>
      </trkpt>
      <trkpt lat="36.862912" lon="138.268233">
        <ele>998.8433512689774</ele>
      </trkpt>
      <trkpt lat="36.862911" lon="138.268215">
        <ele>999.1947600368258</ele>
      </trkpt>
      <trkpt lat="36.862923" lon="138.268208">
        <ele>999.3094870574389</ele>
      </trkpt>
      <trkpt lat="36.862932" lon="138.268184">
        <ele>999.7434930342697</ele>
      </trkpt>
      <trkpt lat="36.862944" lon="138.268169">
        <ele>999.9481520058731</ele>
      </trkpt>
      <trkpt lat="36.862961" lon="138.268159">
        <ele>1000.0000277149848</ele>
      </trkpt>
      <trkpt lat="36.862958" lon="138.268135">
        <ele>1000.3922242429071</ele>
      </trkpt>
      <trkpt lat="36.862951" lon="138.268116">
        <ele>1000.7423975986716</ele>
      </trkpt>
      <trkpt lat="36.862943" lon="138.268102">
        <ele>1001.029802844692</ele>
      </trkpt>
      <trkpt lat="36.862932" lon="138.268098">
        <ele>1001.1858696377063</ele>
      </trkpt>
      <trkpt lat="36.862919" lon="138.268088">
        <ele>1001.465669732909</ele>
      </trkpt>
      <trkpt lat="36.862902" lon="138.268082">
        <ele>1001.7233979999455</ele>
      </trkpt>
      <trkpt lat="36.862888" lon="138.268089">
        <ele>1001.7198446653913</ele>
      </trkpt>
      <trkpt lat="36.862876" lon="138.268092">
        <ele>1001.7641380008881</ele>
      </trkpt>
      <trkpt lat="36.862865" lon="138.268089">
        <ele>1001.921156690096</ele>
      </trkpt>
      <trkpt lat="36.862853" lon="138.268088">
        <ele>1002.0469839858358</ele>
      </trkpt>
      <trkpt lat="36.862838" lon="138.268087">
        <ele>1002.2011191332249</ele>
      </trkpt>
      <trkpt lat="36.86282" lon="138.268081">
        <ele>1002.4990684688701</ele>
      </trkpt>
      <trkpt lat="36.862806" lon="138.268078">
        <ele>1002.7010592550176</ele>
      </trkpt>
      <trkpt lat="36.862798" lon="138.268072">
        <ele>1002.9241296981813</ele>
      </trkpt>
      <trkpt lat="36.862785" lon="138.268061">
        <ele>1003.3634772692822</ele>
      </trkpt>
      <trkpt lat="36.862772" lon="138.268058">
        <ele>1003.6110285195633</ele>
      </trkpt>
      <trkpt lat="36.862761" lon="138.268045">
        <ele>1004.0992996912353</ele>
      </trkpt>
      <trkpt lat="36.862753" lon="138.26804">
        <ele>1004.3443400854251</ele>
      </trkpt>
      <trkpt lat="36.862737" lon="138.268036">
        <ele>1004.6811828312893</ele>
      </trkpt>
      <trkpt lat="36.862724" lon="138.268031">
        <ele>1005.0169553587773</ele>
      </trkpt>
      <trkpt lat="36.862711" lon="138.268031">
        <ele>1005.2259052616507</ele>
      </trkpt>
      <trkpt lat="36.862699" lon="138.268035">
        <ele>1005.3007430448439</ele>
      </trkpt>
      <trkpt lat="36.86269" lon="138.268038">
        <ele>1005.353664755598</ele>
      </trkpt>
      <trkpt lat="36.862681" lon="138.268036">
        <ele>1005.5559675694906</ele>
      </trkpt>
      <trkpt lat="36.862679" lon="138.26802">
        <ele>1006.0760483042845</ele>
      </trkpt>
      <trkpt lat="36.862681" lon="138.268007">
        <ele>1006.4383194747267</ele>
      </trkpt>
      <trkpt lat="36.862684" lon="138.267994">
        <ele>1006.7579354917568</ele>
      </trkpt>
      <trkpt lat="36.862688" lon="138.267978">
        <ele>1007.129941768534</ele>
      </trkpt>
      <trkpt lat="36.862692" lon="138.267965">
        <ele>1007.4128254068851</ele>
      </trkpt>
      <trkpt lat="36.862704" lon="138.267926">
        <ele>1008.2297156236668</ele>
      </trkpt>
      <trkpt lat="36.862712" lon="138.267914">
        <ele>1008.3681255436111</ele>
      </trkpt>
      <trkpt lat="36.862724" lon="138.267902">
        <ele>1008.3867106108503</ele>
      </trkpt>
      <trkpt lat="36.86275" lon="138.267877">
        <ele>1008.3844230719765</ele>
      </trkpt>
      <trkpt lat="36.862754" lon="138.267865">
        <ele>1008.5592020973666</ele>
      </trkpt>
      <trkpt lat="36.862754" lon="138.267853">
        <ele>1008.8238020633593</ele>
      </trkpt>
      <trkpt lat="36.862753" lon="138.267842">
        <ele>1009.0905887150928</ele>
      </trkpt>
      <trkpt lat="36.862743" lon="138.267846">
        <ele>1009.2425160217884</ele>
      </trkpt>
      <trkpt lat="36.862731" lon="138.267842">
        <ele>1009.623795701094</ele>
      </trkpt>
      <trkpt lat="36.862714" lon="138.267839">
        <ele>1010.1305145638958</ele>
      </trkpt>
      <trkpt lat="36.862701" lon="138.26784">
        <ele>1010.4417595400247</ele>
      </trkpt>
      <trkpt lat="36.862691" lon="138.267843">
        <ele>1010.6239365446031</ele>
      </trkpt>
      <trkpt lat="36.862675" lon="138.267845">
        <ele>1010.9820662953334</ele>
      </trkpt>
      <trkpt lat="36.862654" lon="138.267843">
        <ele>1011.5445376993481</ele>
      </trkpt>
      <trkpt lat="36.862641" lon="138.26785">
        <ele>1011.6312939136086</ele>
      </trkpt>
      <trkpt lat="36.862627" lon="138.267862">
        <ele>1011.5931540399908</ele>
      </trkpt>
      <trkpt lat="36.862616" lon="138.267866">
        <ele>1011.708898492472</ele>
      </trkpt>
      <trkpt lat="36.862596" lon="138.267877">
        <ele>1011.8036255417037</ele>
      </trkpt>
      <trkpt lat="36.862586" lon="138.267881">
        <ele>1011.8666595611045</ele>
      </trkpt>
      <trkpt lat="36.86257" lon="138.26788">
        <ele>1012.1597374105627</ele>
      </trkpt>
      <trkpt lat="36.862555" lon="138.267875">
        <ele>1012.5619702854336</ele>
      </trkpt>
      <trkpt lat="36.86255" lon="138.267859">
        <ele>1013.1459221107043</ele>
      </trkpt>
      <trkpt lat="36.862565" lon="138.267842">
        <ele>1013.4013051842361</ele>
      </trkpt>
      <trkpt lat="36.862578" lon="138.267831">
        <ele>1013.4874213125433</ele>
      </trkpt>
      <trkpt lat="36.862582" lon="138.267821">
        <ele>1013.6729767315021</ele>
      </trkpt>
      <trkpt lat="36.862592" lon="138.267809">
        <ele>1013.7857929879492</ele>
      </trkpt>
      <trkpt lat="36.862599" lon="138.26779">
        <ele>1014.105257863541</ele>
      </trkpt>
      <trkpt lat="36.862611" lon="138.267782">
        <ele>1014.0149519391423</ele>
      </trkpt>
      <trkpt lat="36.862623" lon="138.267764">
        <ele>1014.1554471109116</ele>
      </trkpt>
      <trkpt lat="36.862631" lon="138.267747">
        <ele>1014.3551457841853</ele>
      </trkpt>
      <trkpt lat="36.862636" lon="138.267736">
        <ele>1014.446846926541</ele>
      </trkpt>
      <trkpt lat="36.86264" lon="138.267718">
        <ele>1014.6945121851301</ele>
      </trkpt>
      <trkpt lat="36.862642" lon="138.267694">
        <ele>1015.1095218966366</ele>
      </trkpt>
      <trkpt lat="36.862631" lon="138.267685">
        <ele>1015.6083452790599</ele>
      </trkpt>
      <trkpt lat="36.862616" lon="138.267686">
        <ele>1016.0271559216512</ele>
      </trkpt>
      <trkpt lat="36.862603" lon="138.267682">
        <ele>1016.4939129976839</ele>
      </trkpt>
      <trkpt lat="36.862588" lon="138.267676">
        <ele>1017.0581517186126</ele>
      </trkpt>
      <trkpt lat="36.862576" lon="138.267673">
        <ele>1017.4493456226809</ele>
      </trkpt>
      <trkpt lat="36.862559" lon="138.267663">
        <ele>1018.1467729019932</ele>
      </trkpt>
      <trkpt lat="36.862549" lon="138.267664">
        <ele>1018.3976700758966</ele>
      </trkpt>
      <trkpt lat="36.862539" lon="138.267667">
        <ele>1018.5978740854184</ele>
      </trkpt>
      <trkpt lat="36.862524" lon="138.267664">
        <ele>1019.0844618847377</ele>
      </trkpt>
      <trkpt lat="36.862511" lon="138.26767">
        <ele>1019.177793031197</ele>
      </trkpt>
      <trkpt lat="36.862495" lon="138.267679">
        <ele>1019.2359748241373</ele>
      </trkpt>
      <trkpt lat="36.862486" lon="138.267688">
        <ele>1019.1584858016861</ele>
      </trkpt>
      <trkpt lat="36.862475" lon="138.267694">
        <ele>1019.1926818966485</ele>
      </trkpt>
      <trkpt lat="36.862451" lon="138.267686">
        <ele>1019.8300416060121</ele>
      </trkpt>
      <trkpt lat="36.862441" lon="138.267679">
        <ele>1020.174929633981</ele>
      </trkpt>
      <trkpt lat="36.86243" lon="138.267672">
        <ele>1020.5445322059247</ele>
      </trkpt>
      <trkpt lat="36.862415" lon="138.26767">
        <ele>1020.8340509876798</ele>
      </trkpt>
      <trkpt lat="36.862405" lon="138.267662">
        <ele>1021.2382355939708</ele>
      </trkpt>
      <trkpt lat="36.862395" lon="138.267651">
        <ele>1021.708111458318</ele>
      </trkpt>
      <trkpt lat="36.862393" lon="138.267637">
        <ele>1022.1275963109617</ele>
      </trkpt>
      <trkpt lat="36.862404" lon="138.267621">
        <ele>1022.371214729123</ele>
      </trkpt>
      <trkpt lat="36.862413" lon="138.267616">
        <ele>1022.3420719474547</ele>
      </trkpt>
      <trkpt lat="36.862419" lon="138.267607">
        <ele>1022.469047103014</ele>
      </trkpt>
      <trkpt lat="36.862427" lon="138.267593">
        <ele>1022.6815520971104</ele>
      </trkpt>
      <trkpt lat="36.86244" lon="138.267574">
        <ele>1022.9059036535255</ele>
      </trkpt>
      <trkpt lat="36.862444" lon="138.267556">
        <ele>1023.1519438381134</ele>
      </trkpt>
      <trkpt lat="36.862449" lon="138.267545">
        <ele>1023.2403074785036</ele>
      </trkpt>
      <trkpt lat="36.862455" lon="138.267531">
        <ele>1023.3490492302134</ele>
      </trkpt>
      <trkpt lat="36.862453" lon="138.267512">
        <ele>1023.7313799378475</ele>
      </trkpt>
      <trkpt lat="36.862448" lon="138.267501">
        <ele>1024.051716361066</ele>
      </trkpt>
      <trkpt lat="36.862447" lon="138.267489">
        <ele>1024.2930836440416</ele>
      </trkpt>
      <trkpt lat="36.862445" lon="138.267463">
        <ele>1024.5794895439099</ele>
      </trkpt>
      <trkpt lat="36.862449" lon="138.267453">
        <ele>1024.5531657549893</ele>
      </trkpt>
      <trkpt lat="36.862452" lon="138.267438">
        <ele>1024.5924132446096</ele>
      </trkpt>
      <trkpt lat="36.862456" lon="138.267424">
        <ele>1024.5798561038494</ele>
      </trkpt>
      <trkpt lat="36.862459" lon="138.267412">
        <ele>1024.5652190025498</ele>
      </trkpt>
      <trkpt lat="36.862447" lon="138.267397">
        <ele>1025.064304010331</ele>
      </trkpt>
      <trkpt lat="36.862428" lon="138.267387">
        <ele>1025.7280775337724</ele>
      </trkpt>
      <trkpt lat="36.862412" lon="138.267387">
        <ele>1026.26190463419</ele>
      </trkpt>
      <trkpt lat="36.862392" lon="138.267386">
        <ele>1026.9368394031274</ele>
      </trkpt>
      <trkpt lat="36.862384" lon="138.267386">
        <ele>1027.1918970279694</ele>
      </trkpt>
      <trkpt lat="36.862364" lon="138.267385">
        <ele>1027.7483829544922</ele>
      </trkpt>
      <trkpt lat="36.862354" lon="138.267394">
        <ele>1027.92950117365</ele>
      </trkpt>
      <trkpt lat="36.862348" lon="138.267403">
        <ele>1027.991789056031</ele>
      </trkpt>
      <trkpt lat="36.862336" lon="138.267399">
        <ele>1028.354117080742</ele>
      </trkpt>
      <trkpt lat="36.862312" lon="138.267404">
        <ele>1028.8918595977134</ele>
      </trkpt>
      <trkpt lat="36.8623" lon="138.2674">
        <ele>1029.2167297786025</ele>
      </trkpt>
      <trkpt lat="36.862292" lon="138.267392">
        <ele>1029.509220368593</ele>
      </trkpt>
      <trkpt lat="36.862282" lon="138.267381">
        <ele>1029.902266198648</ele>
      </trkpt>
      <trkpt lat="36.862272" lon="138.26737">
        <ele>1030.310242149538</ele>
      </trkpt>
      <trkpt lat="36.862268" lon="138.267359">
        <ele>1030.5843160854731</ele>
      </trkpt>
      <trkpt lat="36.862266" lon="138.267347">
        <ele>1030.8295612201034</ele>
      </trkpt>
      <trkpt lat="36.862264" lon="138.267335">
        <ele>1031.0780638388737</ele>
      </trkpt>
      <trkpt lat="36.862258" lon="138.267323">
        <ele>1031.4388178181039</ele>
      </trkpt>
      <trkpt lat="36.862248" lon="138.267312">
        <ele>1031.8707779609213</ele>
      </trkpt>
      <trkpt lat="36.862241" lon="138.267303">
        <ele>1032.1235924503126</ele>
      </trkpt>
      <trkpt lat="36.862236" lon="138.267292">
        <ele>1032.364318905616</ele>
      </trkpt>
      <trkpt lat="36.862232" lon="138.26728">
        <ele>1032.6009354761018</ele>
      </trkpt>
      <trkpt lat="36.86223" lon="138.267268">
        <ele>1032.7966948852952</ele>
      </trkpt>
      <trkpt lat="36.862212" lon="138.267248">
        <ele>1033.478771289589</ele>
      </trkpt>
      <trkpt lat="36.862206" lon="138.267239">
        <ele>1033.7465313871562</ele>
      </trkpt>
      <trkpt lat="36.86219" lon="138.267227">
        <ele>1034.2892085787814</ele>
      </trkpt>
      <trkpt lat="36.86218" lon="138.26721">
        <ele>1034.696312580633</ele>
      </trkpt>
      <trkpt lat="36.862178" lon="138.267196">
        <ele>1034.8641435834509</ele>
      </trkpt>
      <trkpt lat="36.862172" lon="138.267175">
        <ele>1035.1775757857579</ele>
      </trkpt>
      <trkpt lat="36.862164" lon="138.267157">
        <ele>1035.510137912138</ele>
      </trkpt>
      <trkpt lat="36.862156" lon="138.267149">
        <ele>1035.751109050572</ele>
      </trkpt>
      <trkpt lat="36.862144" lon="138.267135">
        <ele>1036.0882519190436</ele>
      </trkpt>
      <trkpt lat="36.86214" lon="138.267115">
        <ele>1036.2772813948754</ele>
      </trkpt>
      <trkpt lat="36.862148" lon="138.267103">
        <ele>1036.1725397741627</ele>
      </trkpt>
      <trkpt lat="36.862147" lon="138.267086">
        <ele>1036.2823966316762</ele>
      </trkpt>
      <trkpt lat="36.862147" lon="138.267066">
        <ele>1036.3868139399012</ele>
      </trkpt>
      <trkpt lat="36.862148" lon="138.26705">
        <ele>1036.409952678165</ele>
      </trkpt>
      <trkpt lat="36.862143" lon="138.267032">
        <ele>1036.543372652596</ele>
      </trkpt>
      <trkpt lat="36.862129" lon="138.267">
        <ele>1036.9175761902418</ele>
      </trkpt>
      <trkpt lat="36.86213" lon="138.266988">
        <ele>1036.9140948277122</ele>
      </trkpt>
      <trkpt lat="36.862135" lon="138.266978">
        <ele>1036.808060433961</ele>
      </trkpt>
      <trkpt lat="36.862139" lon="138.266966">
        <ele>1036.6949424611066</ele>
      </trkpt>
      <trkpt lat="36.862146" lon="138.266948">
        <ele>1036.4682438849736</ele>
      </trkpt>
      <trkpt lat="36.862146" lon="138.266934">
        <ele>1036.4273952499736</ele>
      </trkpt>
      <trkpt lat="36.862136" lon="138.26692">
        <ele>1036.643177996667</ele>
      </trkpt>
      <trkpt lat="36.862134" lon="138.266904">
        <ele>1036.6510775965132</ele>
      </trkpt>
      <trkpt lat="36.862138" lon="138.26686">
        <ele>1036.3801973469385</ele>
      </trkpt>
      <trkpt lat="36.86214" lon="138.26684">
        <ele>1036.23655957676</ele>
      </trkpt>
      <trkpt lat="36.862137" lon="138.266818">
        <ele>1036.2240158794168</ele>
      </trkpt>
      <trkpt lat="36.862133" lon="138.266792">
        <ele>1036.20544093106</ele>
      </trkpt>
      <trkpt lat="36.862125" lon="138.266772">
        <ele>1036.3153430693733</ele>
      </trkpt>
      <trkpt lat="36.862121" lon="138.266752">
        <ele>1036.3128429667756</ele>
      </trkpt>
      <trkpt lat="36.862125" lon="138.266728">
        <ele>1036.0386697628037</ele>
      </trkpt>
      <trkpt lat="36.862137" lon="138.26668">
        <ele>1035.2957984719144</ele>
      </trkpt>
      <trkpt lat="36.862131" lon="138.266658">
        <ele>1035.3269003534451</ele>
      </trkpt>
      <trkpt lat="36.862123" lon="138.26663">
        <ele>1035.391950039739</ele>
      </trkpt>
      <trkpt lat="36.862114" lon="138.266598">
        <ele>1035.4427053030472</ele>
      </trkpt>
      <trkpt lat="36.862105" lon="138.266566">
        <ele>1035.4457676843278</ele>
      </trkpt>
      <trkpt lat="36.862095" lon="138.26654">
        <ele>1035.524890143466</ele>
      </trkpt>
      <trkpt lat="36.862087" lon="138.266484">
        <ele>1035.402245328544</ele>
      </trkpt>
      <trkpt lat="36.862086" lon="138.266446">
        <ele>1035.1660685188033</ele>
      </trkpt>
      <trkpt lat="36.862081" lon="138.266424">
        <ele>1035.1378666370006</ele>
      </trkpt>
      <trkpt lat="36.862073" lon="138.266404">
        <ele>1035.2436052223043</ele>
      </trkpt>
      <trkpt lat="36.862067" lon="138.26638">
        <ele>1035.2698869281007</ele>
      </trkpt>
      <trkpt lat="36.862066" lon="138.266358">
        <ele>1035.1373466102218</ele>
      </trkpt>
      <trkpt lat="36.862063" lon="138.266346">
        <ele>1035.155902584494</ele>
      </trkpt>
      <trkpt lat="36.862059" lon="138.266321">
        <ele>1035.116550375016</ele>
      </trkpt>
      <trkpt lat="36.862051" lon="138.266302">
        <ele>1035.2836467626826</ele>
      </trkpt>
      <trkpt lat="36.862044" lon="138.266286">
        <ele>1035.4417055117244</ele>
      </trkpt>
      <trkpt lat="36.86204" lon="138.266274">
        <ele>1035.4787926187587</ele>
      </trkpt>
      <trkpt lat="36.862034" lon="138.26626">
        <ele>1035.5548430119118</ele>
      </trkpt>
      <trkpt lat="36.862032" lon="138.266242">
        <ele>1035.4775574718376</ele>
      </trkpt>
      <trkpt lat="36.862028" lon="138.266224">
        <ele>1035.4681409289478</ele>
      </trkpt>
      <trkpt lat="36.862018" lon="138.266206">
        <ele>1035.6635529085092</ele>
      </trkpt>
      <trkpt lat="36.861986" lon="138.266174">
        <ele>1036.556483285422</ele>
      </trkpt>
      <trkpt lat="36.861969" lon="138.266152">
        <ele>1036.9781436793414</ele>
      </trkpt>
      <trkpt lat="36.861963" lon="138.266128">
        <ele>1036.9980952849098</ele>
      </trkpt>
      <trkpt lat="36.861964" lon="138.266102">
        <ele>1036.8619651270374</ele>
      </trkpt>
      <trkpt lat="36.861965" lon="138.26608">
        <ele>1036.743883157989</ele>
      </trkpt>
      <trkpt lat="36.86196" lon="138.266046">
        <ele>1036.7167957900094</ele>
      </trkpt>
      <trkpt lat="36.861959" lon="138.26603">
        <ele>1036.6745775723552</ele>
      </trkpt>
      <trkpt lat="36.861949" lon="138.266015">
        <ele>1036.881473955935</ele>
      </trkpt>
      <trkpt lat="36.86193" lon="138.266009">
        <ele>1037.3490757752706</ele>
      </trkpt>
      <trkpt lat="36.861916" lon="138.265997">
        <ele>1037.687006394482</ele>
      </trkpt>
      <trkpt lat="36.861901" lon="138.265989">
        <ele>1038.0193295418437</ele>
      </trkpt>
      <trkpt lat="36.861892" lon="138.265969">
        <ele>1038.1377790493866</ele>
      </trkpt>
      <trkpt lat="36.861885" lon="138.265955">
        <ele>1038.2354043197552</ele>
      </trkpt>
      <trkpt lat="36.861881" lon="138.265936">
        <ele>1038.2844119295482</ele>
      </trkpt>
      <trkpt lat="36.86188" lon="138.26591">
        <ele>1038.2814487269334</ele>
      </trkpt>
      <trkpt lat="36.861876" lon="138.265885">
        <ele>1038.3311193622908</ele>
      </trkpt>
      <trkpt lat="36.86187" lon="138.265864">
        <ele>1038.421315120719</ele>
      </trkpt>
      <trkpt lat="36.861859" lon="138.265845">
        <ele>1038.6251317034903</ele>
      </trkpt>
      <trkpt lat="36.861848" lon="138.26582">
        <ele>1038.8683089774026</ele>
      </trkpt>
      <trkpt lat="36.861835" lon="138.265801">
        <ele>1039.1443444383801</ele>
      </trkpt>
      <trkpt lat="36.861824" lon="138.265778">
        <ele>1039.2780294207396</ele>
      </trkpt>
      <trkpt lat="36.861814" lon="138.265732">
        <ele>1039.3958129188463</ele>
      </trkpt>
      <trkpt lat="36.861812" lon="138.265711">
        <ele>1039.430666625689</ele>
      </trkpt>
      <trkpt lat="36.861805" lon="138.265693">
        <ele>1039.5154400983126</ele>
      </trkpt>
      <trkpt lat="36.861798" lon="138.265668">
        <ele>1039.5942809132173</ele>
      </trkpt>
      <trkpt lat="36.861795" lon="138.265642">
        <ele>1039.6248611372907</ele>
      </trkpt>
      <trkpt lat="36.861794" lon="138.265616">
        <ele>1039.6350545451523</ele>
      </trkpt>
      <trkpt lat="36.861789" lon="138.265595">
        <ele>1039.661767004222</ele>
      </trkpt>
      <trkpt lat="36.861781" lon="138.265578">
        <ele>1039.664088514099</ele>
      </trkpt>
      <trkpt lat="36.861773" lon="138.265559">
        <ele>1039.6570893399426</ele>
      </trkpt>
      <trkpt lat="36.861768" lon="138.26554">
        <ele>1039.6194351713457</ele>
      </trkpt>
      <trkpt lat="36.861769" lon="138.265524">
        <ele>1039.5347511362054</ele>
      </trkpt>
      <trkpt lat="36.86178" lon="138.265489">
        <ele>1039.2247868827553</ele>
      </trkpt>
      <trkpt lat="36.861783" lon="138.265471">
        <ele>1039.0834792707428</ele>
      </trkpt>
      <trkpt lat="36.861781" lon="138.265451">
        <ele>1038.9844210097465</ele>
      </trkpt>
      <trkpt lat="36.861774" lon="138.265428">
        <ele>1038.9250801577416</ele>
      </trkpt>
      <trkpt lat="36.861748" lon="138.265393">
        <ele>1038.697850261955</ele>
      </trkpt>
      <trkpt lat="36.861739" lon="138.265372">
        <ele>1038.5152218767214</ele>
      </trkpt>
      <trkpt lat="36.861726" lon="138.265347">
        <ele>1038.3011355866454</ele>
      </trkpt>
      <trkpt lat="36.861717" lon="138.26532">
        <ele>1038.0293147766574</ele>
      </trkpt>
      <trkpt lat="36.861714" lon="138.265297">
        <ele>1037.787944870677</ele>
      </trkpt>
      <trkpt lat="36.861715" lon="138.265277">
        <ele>1037.5706829126743</ele>
      </trkpt>
      <trkpt lat="36.86171" lon="138.265235">
        <ele>1037.0414792203649</ele>
      </trkpt>
      <trkpt lat="36.861711" lon="138.265207">
        <ele>1036.6203881466263</ele>
      </trkpt>
      <trkpt lat="36.861717" lon="138.265184">
        <ele>1036.26652393711</ele>
      </trkpt>
      <trkpt lat="36.861725" lon="138.265162">
        <ele>1035.9294816695678</ele>
      </trkpt>
      <trkpt lat="36.861732" lon="138.265145">
        <ele>1035.6723004379255</ele>
      </trkpt>
      <trkpt lat="36.861735" lon="138.265123">
        <ele>1035.3493551548072</ele>
      </trkpt>
      <trkpt lat="36.861739" lon="138.265096">
        <ele>1034.9560158379975</ele>
      </trkpt>
      <trkpt lat="36.861739" lon="138.265066">
        <ele>1034.4546409535878</ele>
      </trkpt>
      <trkpt lat="36.861744" lon="138.265037">
        <ele>1033.93764735558</ele>
      </trkpt>
      <trkpt lat="36.861765" lon="138.264993">
        <ele>1033.183626223784</ele>
      </trkpt>
      <trkpt lat="36.861778" lon="138.264984">
        <ele>1032.963513470883</ele>
      </trkpt>
      <trkpt lat="36.861788" lon="138.264971">
        <ele>1032.6775526737708</ele>
      </trkpt>
      <trkpt lat="36.86181" lon="138.264957">
        <ele>1032.3138438715368</ele>
      </trkpt>
      <trkpt lat="36.861823" lon="138.264955">
        <ele>1032.2066689268247</ele>
      </trkpt>
      <trkpt lat="36.861834" lon="138.264953">
        <ele>1032.1126722662077</ele>
      </trkpt>
      <trkpt lat="36.861842" lon="138.264948">
        <ele>1031.9224657991447</ele>
      </trkpt>
      <trkpt lat="36.861845" lon="138.264934">
        <ele>1031.658443605987</ele>
      </trkpt>
      <trkpt lat="36.861833" lon="138.264889">
        <ele>1031.085344117357</ele>
      </trkpt>
      <trkpt lat="36.861828" lon="138.264877">
        <ele>1030.893621438006</ele>
      </trkpt>
      <trkpt lat="36.86183" lon="138.264865">
        <ele>1030.6750495552424</ele>
      </trkpt>
      <trkpt lat="36.861833" lon="138.26485">
        <ele>1030.4013347732746</ele>
      </trkpt>
      <trkpt lat="36.861829" lon="138.264831">
        <ele>1030.0799710986266</ele>
      </trkpt>
      <trkpt lat="36.861829" lon="138.264811">
        <ele>1029.7234804651114</ele>
      </trkpt>
      <trkpt lat="36.861835" lon="138.264788">
        <ele>1029.3071938461082</ele>
      </trkpt>
      <trkpt lat="36.861833" lon="138.264766">
        <ele>1028.9203759388092</ele>
      </trkpt>
      <trkpt lat="36.861823" lon="138.264746">
        <ele>1028.5546305657003</ele>
      </trkpt>
      <trkpt lat="36.861819" lon="138.264725">
        <ele>1028.1592606063004</ele>
      </trkpt>
      <trkpt lat="36.861825" lon="138.264708">
        <ele>1027.8510948478483</ele>
      </trkpt>
      <trkpt lat="36.861835" lon="138.264697">
        <ele>1027.6606020029176</ele>
      </trkpt>
      <trkpt lat="36.861855" lon="138.264695">
        <ele>1027.4681752652466</ele>
      </trkpt>
      <trkpt lat="36.861885" lon="138.264695">
        <ele>1027.2101125635786</ele>
      </trkpt>
      <trkpt lat="36.861899" lon="138.264706">
        <ele>1027.271477072785</ele>
      </trkpt>
      <trkpt lat="36.861916" lon="138.264717">
        <ele>1027.2013085470135</ele>
      </trkpt>
      <trkpt lat="36.861925" lon="138.264718">
        <ele>1027.0541806372314</ele>
      </trkpt>
      <trkpt lat="36.861926" lon="138.264695">
        <ele>1026.677018334985</ele>
      </trkpt>
      <trkpt lat="36.861925" lon="138.264656">
        <ele>1026.084223026617</ele>
      </trkpt>
      <trkpt lat="36.861925" lon="138.264634">
        <ele>1025.7400445191402</ele>
      </trkpt>
      <trkpt lat="36.861921" lon="138.264613">
        <ele>1025.4697380625566</ele>
      </trkpt>
      <trkpt lat="36.861914" lon="138.26459">
        <ele>1025.2032285268858</ele>
      </trkpt>
      <trkpt lat="36.86189" lon="138.264549">
        <ele>1024.6880183179453</ele>
      </trkpt>
      <trkpt lat="36.861876" lon="138.264532">
        <ele>1024.439152914547</ele>
      </trkpt>
      <trkpt lat="36.861866" lon="138.264513">
        <ele>1024.1240430086802</ele>
      </trkpt>
      <trkpt lat="36.861859" lon="138.264494">
        <ele>1023.788891860441</ele>
      </trkpt>
      <trkpt lat="36.861851" lon="138.264475">
        <ele>1023.4534367902636</ele>
      </trkpt>
      <trkpt lat="36.861845" lon="138.264454">
        <ele>1023.0657201424742</ele>
      </trkpt>
      <trkpt lat="36.861846" lon="138.264433">
        <ele>1022.649252838519</ele>
      </trkpt>
      <trkpt lat="36.861858" lon="138.264412">
        <ele>1022.1989561740857</ele>
      </trkpt>
      <trkpt lat="36.861865" lon="138.264397">
        <ele>1021.8870855641856</ele>
      </trkpt>
      <trkpt lat="36.861866" lon="138.264353">
        <ele>1021.0346042074636</ele>
      </trkpt>
      <trkpt lat="36.861867" lon="138.264322">
        <ele>1020.4344122023499</ele>
      </trkpt>
      <trkpt lat="36.86187" lon="138.264269">
        <ele>1019.511723912939</ele>
      </trkpt>
      <trkpt lat="36.86187" lon="138.264241">
        <ele>1019.0382170424347</ele>
      </trkpt>
      <trkpt lat="36.861872" lon="138.264209">
        <ele>1018.5292792953139</ele>
      </trkpt>
      <trkpt lat="36.86187" lon="138.264175">
        <ele>1018.0119242980892</ele>
      </trkpt>
      <trkpt lat="36.861867" lon="138.264138">
        <ele>1017.4559790439914</ele>
      </trkpt>
      <trkpt lat="36.861866" lon="138.26411">
        <ele>1017.1594653586399</ele>
      </trkpt>
      <trkpt lat="36.861859" lon="138.264084">
        <ele>1016.8664487650158</ele>
      </trkpt>
      <trkpt lat="36.861853" lon="138.264062">
        <ele>1016.618287617434</ele>
      </trkpt>
      <trkpt lat="36.861847" lon="138.264041">
        <ele>1016.4329222309352</ele>
      </trkpt>
      <trkpt lat="36.861843" lon="138.264018">
        <ele>1016.261989942791</ele>
      </trkpt>
      <trkpt lat="36.861842" lon="138.263987">
        <ele>1016.0445378549896</ele>
      </trkpt>
      <trkpt lat="36.861843" lon="138.263955">
        <ele>1015.9444118159602</ele>
      </trkpt>
      <trkpt lat="36.861854" lon="138.263891">
        <ele>1016.0670318910159</ele>
      </trkpt>
      <trkpt lat="36.861865" lon="138.263862">
        <ele>1016.295396621462</ele>
      </trkpt>
      <trkpt lat="36.861873" lon="138.263839">
        <ele>1016.525333485094</ele>
      </trkpt>
      <trkpt lat="36.861879" lon="138.263824">
        <ele>1016.6870210647457</ele>
      </trkpt>
      <trkpt lat="36.861871" lon="138.263816">
        <ele>1016.7011363790668</ele>
      </trkpt>
      <trkpt lat="36.86187" lon="138.263795">
        <ele>1016.8828465723159</ele>
      </trkpt>
      <trkpt lat="36.861863" lon="138.263772">
        <ele>1017.1702969817593</ele>
      </trkpt>
      <trkpt lat="36.861856" lon="138.263759">
        <ele>1017.3150272967418</ele>
      </trkpt>
      <trkpt lat="36.861851" lon="138.263739">
        <ele>1017.5799731404641</ele>
      </trkpt>
      <trkpt lat="36.861851" lon="138.263712">
        <ele>1017.9823580427454</ele>
      </trkpt>
      <trkpt lat="36.861845" lon="138.263687">
        <ele>1018.4457424787876</ele>
      </trkpt>
      <trkpt lat="36.861842" lon="138.26367">
        <ele>1018.7652430170778</ele>
      </trkpt>
      <trkpt lat="36.861841" lon="138.263658">
        <ele>1018.9972635843044</ele>
      </trkpt>
      <trkpt lat="36.861839" lon="138.263644">
        <ele>1019.2616251985941</ele>
      </trkpt>
      <trkpt lat="36.861843" lon="138.263622">
        <ele>1019.7467359346526</ele>
      </trkpt>
      <trkpt lat="36.861841" lon="138.263606">
        <ele>1020.1246759077378</ele>
      </trkpt>
      <trkpt lat="36.861831" lon="138.263581">
        <ele>1020.6372484629981</ele>
      </trkpt>
      <trkpt lat="36.861825" lon="138.263561">
        <ele>1021.0566862451851</ele>
      </trkpt>
      <trkpt lat="36.86182" lon="138.263544">
        <ele>1021.4143733260697</ele>
      </trkpt>
      <trkpt lat="36.861815" lon="138.263532">
        <ele>1021.6720333829519</ele>
      </trkpt>
      <trkpt lat="36.861812" lon="138.26352">
        <ele>1021.9640933167102</ele>
      </trkpt>
      <trkpt lat="36.861808" lon="138.263505">
        <ele>1022.3281232244374</ele>
      </trkpt>
      <trkpt lat="36.861807" lon="138.26349">
        <ele>1022.7265793514374</ele>
      </trkpt>
      <trkpt lat="36.861808" lon="138.263468">
        <ele>1023.337613691991</ele>
      </trkpt>
      <trkpt lat="36.861806" lon="138.263446">
        <ele>1023.9482877513457</ele>
      </trkpt>
      <trkpt lat="36.861803" lon="138.263418">
        <ele>1024.7820823389895</ele>
      </trkpt>
      <trkpt lat="36.861805" lon="138.263375">
        <ele>1026.1332568653506</ele>
      </trkpt>
      <trkpt lat="36.861805" lon="138.263361">
        <ele>1026.5661340396218</ele>
      </trkpt>
      <trkpt lat="36.861804" lon="138.263344">
        <ele>1027.0797035239573</ele>
      </trkpt>
      <trkpt lat="36.861801" lon="138.263322">
        <ele>1027.7222448249956</ele>
      </trkpt>
      <trkpt lat="36.861811" lon="138.263304">
        <ele>1028.4050368812786</ele>
      </trkpt>
      <trkpt lat="36.861821" lon="138.263284">
        <ele>1029.1563192149308</ele>
      </trkpt>
      <trkpt lat="36.861825" lon="138.263268">
        <ele>1029.7432355778292</ele>
      </trkpt>
      <trkpt lat="36.86183" lon="138.263252">
        <ele>1030.3488039551094</ele>
      </trkpt>
      <trkpt lat="36.861849" lon="138.263248">
        <ele>1030.7185117513884</ele>
      </trkpt>
      <trkpt lat="36.861864" lon="138.263253">
        <ele>1030.7243187828467</ele>
      </trkpt>
      <trkpt lat="36.861879" lon="138.263252">
        <ele>1030.9328505401509</ele>
      </trkpt>
      <trkpt lat="36.861892" lon="138.263247">
        <ele>1031.2532328808686</ele>
      </trkpt>
      <trkpt lat="36.861913" lon="138.263225">
        <ele>1032.2411988883284</ele>
      </trkpt>
      <trkpt lat="36.861917" lon="138.263206">
        <ele>1032.9297589279718</ele>
      </trkpt>
      <trkpt lat="36.86192" lon="138.263195">
        <ele>1033.3341034363962</ele>
      </trkpt>
      <trkpt lat="36.861916" lon="138.263177">
        <ele>1033.8747074859225</ele>
      </trkpt>
      <trkpt lat="36.861915" lon="138.26316">
        <ele>1034.4176380543047</ele>
      </trkpt>
      <trkpt lat="36.861909" lon="138.263149">
        <ele>1034.7065863031905</ele>
      </trkpt>
      <trkpt lat="36.861899" lon="138.263152">
        <ele>1034.48737949601</ele>
      </trkpt>
      <trkpt lat="36.86189" lon="138.263147">
        <ele>1034.53747955333</ele>
      </trkpt>
      <trkpt lat="36.86188" lon="138.26314">
        <ele>1034.637855358017</ele>
      </trkpt>
      <trkpt lat="36.861868" lon="138.263135">
        <ele>1034.6464096017783</ele>
      </trkpt>
      <trkpt lat="36.861853" lon="138.263115">
        <ele>1035.0905842028083</ele>
      </trkpt>
      <trkpt lat="36.861846" lon="138.2631">
        <ele>1035.4847278370526</ele>
      </trkpt>
      <trkpt lat="36.861838" lon="138.263083">
        <ele>1035.9344614878767</ele>
      </trkpt>
      <trkpt lat="36.86184" lon="138.263071">
        <ele>1036.3521414960974</ele>
      </trkpt>
      <trkpt lat="36.861835" lon="138.263058">
        <ele>1036.7052289679848</ele>
      </trkpt>
      <trkpt lat="36.861829" lon="138.263035">
        <ele>1037.3513638392</ele>
      </trkpt>
      <trkpt lat="36.861816" lon="138.263022">
        <ele>1037.5357989818338</ele>
      </trkpt>
      <trkpt lat="36.861808" lon="138.263013">
        <ele>1037.6589834840072</ele>
      </trkpt>
      <trkpt lat="36.861799" lon="138.263007">
        <ele>1037.6720442634057</ele>
      </trkpt>
      <trkpt lat="36.861784" lon="138.263">
        <ele>1037.6001546193252</ele>
      </trkpt>
      <trkpt lat="36.861776" lon="138.262986">
        <ele>1037.848760787107</ele>
      </trkpt>
      <trkpt lat="36.861756" lon="138.262979">
        <ele>1037.6130362730314</ele>
      </trkpt>
      <trkpt lat="36.861747" lon="138.262963">
        <ele>1037.8383016150253</ele>
      </trkpt>
      <trkpt lat="36.861743" lon="138.262952">
        <ele>1038.040723936615</ele>
      </trkpt>
      <trkpt lat="36.861742" lon="138.262938">
        <ele>1038.3944557359828</ele>
      </trkpt>
      <trkpt lat="36.861745" lon="138.262912">
        <ele>1039.1553671588467</ele>
      </trkpt>
      <trkpt lat="36.861745" lon="138.262898">
        <ele>1039.5250593741434</ele>
      </trkpt>
      <trkpt lat="36.861745" lon="138.262886">
        <ele>1039.8419384137155</ele>
      </trkpt>
      <trkpt lat="36.861746" lon="138.262874">
        <ele>1040.1846833334707</ele>
      </trkpt>
      <trkpt lat="36.861749" lon="138.262862">
        <ele>1040.579974377391</ele>
      </trkpt>
      <trkpt lat="36.861753" lon="138.262849">
        <ele>1041.0215628208364</ele>
      </trkpt>
      <trkpt lat="36.86176" lon="138.262831">
        <ele>1041.6607276493442</ele>
      </trkpt>
      <trkpt lat="36.861763" lon="138.262817">
        <ele>1042.0980941257155</ele>
      </trkpt>
      <trkpt lat="36.861765" lon="138.262805">
        <ele>1042.4599903453643</ele>
      </trkpt>
      <trkpt lat="36.861768" lon="138.262794">
        <ele>1042.8279953858141</ele>
      </trkpt>
      <trkpt lat="36.861773" lon="138.262776">
        <ele>1043.4124873238432</ele>
      </trkpt>
      <trkpt lat="36.861771" lon="138.262763">
        <ele>1043.6862066927974</ele>
      </trkpt>
      <trkpt lat="36.861771" lon="138.262751">
        <ele>1043.967045189427</ele>
      </trkpt>
      <trkpt lat="36.861773" lon="138.262737">
        <ele>1044.3462905730726</ele>
      </trkpt>
      <trkpt lat="36.861781" lon="138.262727">
        <ele>1044.790117743077</ele>
      </trkpt>
      <trkpt lat="36.861791" lon="138.262723">
        <ele>1045.1478407240563</ele>
      </trkpt>
      <trkpt lat="36.861805" lon="138.262735">
        <ele>1045.2210120713007</ele>
      </trkpt>
      <trkpt lat="36.861811" lon="138.262753">
        <ele>1044.930531994861</ele>
      </trkpt>
      <trkpt lat="36.861819" lon="138.26276">
        <ele>1044.9573671117914</ele>
      </trkpt>
      <trkpt lat="36.86183" lon="138.26277">
        <ele>1044.9757101126095</ele>
      </trkpt>
      <trkpt lat="36.86184" lon="138.262777">
        <ele>1045.0107437853233</ele>
      </trkpt>
      <trkpt lat="36.861845" lon="138.262782">
        <ele>1044.9626442745557</ele>
      </trkpt>
      <trkpt lat="36.861855" lon="138.262784">
        <ele>1045.0807624459148</ele>
      </trkpt>
      <trkpt lat="36.861868" lon="138.262786">
        <ele>1045.2496985267207</ele>
      </trkpt>
      <trkpt lat="36.861882" lon="138.262778">
        <ele>1045.7105424061774</ele>
      </trkpt>
      <trkpt lat="36.861892" lon="138.262778">
        <ele>1045.8835548197292</ele>
      </trkpt>
      <trkpt lat="36.861902" lon="138.262764">
        <ele>1046.442821801913</ele>
      </trkpt>
      <trkpt lat="36.861922" lon="138.262752">
        <ele>1047.045820237981</ele>
      </trkpt>
      <trkpt lat="36.861934" lon="138.262738">
        <ele>1047.5882671452223</ele>
      </trkpt>
      <trkpt lat="36.861943" lon="138.262732">
        <ele>1047.8753827759358</ele>
      </trkpt>
      <trkpt lat="36.861958" lon="138.262728">
        <ele>1048.1918396643746</ele>
      </trkpt>
      <trkpt lat="36.861969" lon="138.262728">
        <ele>1048.3434300724487</ele>
      </trkpt>
      <trkpt lat="36.861977" lon="138.262722">
        <ele>1048.6021024375</ele>
      </trkpt>
      <trkpt lat="36.861995" lon="138.262714">
        <ele>1048.956857078663</ele>
      </trkpt>
      <trkpt lat="36.862004" lon="138.262714">
        <ele>1049.0223863045228</ele>
      </trkpt>
      <trkpt lat="36.862019" lon="138.262712">
        <ele>1049.1875257514425</ele>
      </trkpt>
      <trkpt lat="36.862031" lon="138.262704">
        <ele>1049.498594294536</ele>
      </trkpt>
      <trkpt lat="36.862041" lon="138.262694">
        <ele>1049.8510248464772</ele>
      </trkpt>
      <trkpt lat="36.862052" lon="138.262686">
        <ele>1050.1541747685628</ele>
      </trkpt>
      <trkpt lat="36.862063" lon="138.262682">
        <ele>1050.3467384135172</ele>
      </trkpt>
      <trkpt lat="36.862072" lon="138.262682">
        <ele>1050.4122617515998</ele>
      </trkpt>
      <trkpt lat="36.862082" lon="138.262672">
        <ele>1050.7647117045017</ele>
      </trkpt>
      <trkpt lat="36.862091" lon="138.262666">
        <ele>1050.9980131653376</ele>
      </trkpt>
      <trkpt lat="36.862106" lon="138.262659">
        <ele>1051.3029628681957</ele>
      </trkpt>
      <trkpt lat="36.86212" lon="138.262648">
        <ele>1051.730025983015</ele>
      </trkpt>
      <trkpt lat="36.862135" lon="138.26263">
        <ele>1052.380261263902</ele>
      </trkpt>
      <trkpt lat="36.862143" lon="138.262616">
        <ele>1052.856193893282</ele>
      </trkpt>
      <trkpt lat="36.862155" lon="138.262607">
        <ele>1053.2327908508043</ele>
      </trkpt>
      <trkpt lat="36.862162" lon="138.262598">
        <ele>1053.5622438101393</ele>
      </trkpt>
      <trkpt lat="36.862172" lon="138.262592">
        <ele>1053.8426178230582</ele>
      </trkpt>
      <trkpt lat="36.862171" lon="138.262604">
        <ele>1053.4798568327299</ele>
      </trkpt>
      <trkpt lat="36.862156" lon="138.26261">
        <ele>1053.1566420591387</ele>
      </trkpt>
      <trkpt lat="36.862145" lon="138.262616">
        <ele>1052.875906583824</ele>
      </trkpt>
      <trkpt lat="36.86213" lon="138.262622">
        <ele>1052.558392452979</ele>
      </trkpt>
      <trkpt lat="36.862116" lon="138.262618">
        <ele>1052.5339913491543</ele>
      </trkpt>
      <trkpt lat="36.862079" lon="138.262614">
        <ele>1052.3646661527926</ele>
      </trkpt>
      <trkpt lat="36.862064" lon="138.262608">
        <ele>1052.4232228340352</ele>
      </trkpt>
      <trkpt lat="36.862055" lon="138.2626">
        <ele>1052.5813897696794</ele>
      </trkpt>
      <trkpt lat="36.862038" lon="138.262596">
        <ele>1052.5556240679493</ele>
      </trkpt>
      <trkpt lat="36.862028" lon="138.262584">
        <ele>1052.772239054133</ele>
      </trkpt>
      <trkpt lat="36.862018" lon="138.262578">
        <ele>1052.8265144189331</ele>
      </trkpt>
      <trkpt lat="36.862008" lon="138.262571">
        <ele>1052.9049621773477</ele>
      </trkpt>
      <trkpt lat="36.861996" lon="138.262561">
        <ele>1053.0375717276038</ele>
      </trkpt>
      <trkpt lat="36.86199" lon="138.262546">
        <ele>1053.3613787316062</ele>
      </trkpt>
      <trkpt lat="36.86198" lon="138.262535">
        <ele>1053.5340050891507</ele>
      </trkpt>
      <trkpt lat="36.861962" lon="138.262516">
        <ele>1053.7286041507894</ele>
      </trkpt>
      <trkpt lat="36.861943" lon="138.262498">
        <ele>1053.7798876253526</ele>
      </trkpt>
      <trkpt lat="36.861926" lon="138.262477">
        <ele>1053.8854292907545</ele>
      </trkpt>
      <trkpt lat="36.861914" lon="138.262458">
        <ele>1054.022608571884</ele>
      </trkpt>
      <trkpt lat="36.861876" lon="138.262443">
        <ele>1053.3058092224248</ele>
      </trkpt>
      <trkpt lat="36.861858" lon="138.26244">
        <ele>1052.8507427372892</ele>
      </trkpt>
      <trkpt lat="36.861842" lon="138.262442">
        <ele>1052.3642420656251</ele>
      </trkpt>
      <trkpt lat="36.861822" lon="138.262434">
        <ele>1051.8362373512246</ele>
      </trkpt>
      <trkpt lat="36.861812" lon="138.262421">
        <ele>1051.6841949419515</ele>
      </trkpt>
      <trkpt lat="36.861804" lon="138.262396">
        <ele>1051.7259285867779</ele>
      </trkpt>
      <trkpt lat="36.861807" lon="138.262384">
        <ele>1051.9941539117854</ele>
      </trkpt>
      <trkpt lat="36.861818" lon="138.262363">
        <ele>1052.70024774484</ele>
      </trkpt>
      <trkpt lat="36.86182" lon="138.262345">
        <ele>1053.030742795511</ele>
      </trkpt>
      <trkpt lat="36.86183" lon="138.262336">
        <ele>1053.5577733532473</ele>
      </trkpt>
      <trkpt lat="36.861843" lon="138.262329">
        <ele>1054.11993276056</ele>
      </trkpt>
      <trkpt lat="36.861852" lon="138.262324">
        <ele>1054.4803715332696</ele>
      </trkpt>
      <trkpt lat="36.861868" lon="138.262318">
        <ele>1055.098669346161</ele>
      </trkpt>
      <trkpt lat="36.86189" lon="138.262302">
        <ele>1056.1007715461121</ele>
      </trkpt>
      <trkpt lat="36.861898" lon="138.262293">
        <ele>1056.5336010526926</ele>
      </trkpt>
      <trkpt lat="36.861912" lon="138.262275">
        <ele>1057.320140344052</ele>
      </trkpt>
      <trkpt lat="36.861916" lon="138.262263">
        <ele>1057.659325115032</ele>
      </trkpt>
      <trkpt lat="36.861908" lon="138.26225">
        <ele>1057.6279959816043</ele>
      </trkpt>
      <trkpt lat="36.861896" lon="138.262239">
        <ele>1057.334872281435</ele>
      </trkpt>
      <trkpt lat="36.861888" lon="138.262233">
        <ele>1057.100287774379</ele>
      </trkpt>
      <trkpt lat="36.861898" lon="138.262217">
        <ele>1057.7398948002017</ele>
      </trkpt>
      <trkpt lat="36.861912" lon="138.262221">
        <ele>1058.2126865641872</ele>
      </trkpt>
      <trkpt lat="36.861922" lon="138.262214">
        <ele>1058.6759423094393</ele>
      </trkpt>
      <trkpt lat="36.861932" lon="138.262212">
        <ele>1059.0640409537718</ele>
      </trkpt>
      <trkpt lat="36.861943" lon="138.262209">
        <ele>1059.5095405017469</ele>
      </trkpt>
      <trkpt lat="36.861952" lon="138.262201">
        <ele>1059.9841408732173</ele>
      </trkpt>
      <trkpt lat="36.86196" lon="138.262195">
        <ele>1060.3942830112435</ele>
      </trkpt>
      <trkpt lat="36.861972" lon="138.262194">
        <ele>1060.8583667179234</ele>
      </trkpt>
      <trkpt lat="36.86198" lon="138.262189">
        <ele>1061.2229112889809</ele>
      </trkpt>
      <trkpt lat="36.86199" lon="138.262181">
        <ele>1061.7063445819504</ele>
      </trkpt>
      <trkpt lat="36.862" lon="138.26218">
        <ele>1062.0418658729052</ele>
      </trkpt>
      <trkpt lat="36.862012" lon="138.262176">
        <ele>1062.5099676511745</ele>
      </trkpt>
      <trkpt lat="36.862022" lon="138.262171">
        <ele>1062.942807426008</ele>
      </trkpt>
      <trkpt lat="36.862046" lon="138.262164">
        <ele>1063.8826829068826</ele>
      </trkpt>
      <trkpt lat="36.862056" lon="138.262166">
        <ele>1064.1519453214437</ele>
      </trkpt>
      <trkpt lat="36.86207" lon="138.262162">
        <ele>1064.709239476021</ele>
      </trkpt>
      <trkpt lat="36.86208" lon="138.26216">
        <ele>1065.08719927222</ele>
      </trkpt>
      <trkpt lat="36.862088" lon="138.26215">
        <ele>1065.625710456506</ele>
      </trkpt>
      <trkpt lat="36.862096" lon="138.262134">
        <ele>1066.3424352236257</ele>
      </trkpt>
      <trkpt lat="36.862114" lon="138.262129">
        <ele>1067.0934732965814</ele>
      </trkpt>
      <trkpt lat="36.862122" lon="138.262126">
        <ele>1067.448280503505</ele>
      </trkpt>
      <trkpt lat="36.862142" lon="138.262125">
        <ele>1068.146711010359</ele>
      </trkpt>
      <trkpt lat="36.86215" lon="138.262131">
        <ele>1068.2236501828418</ele>
      </trkpt>
      <trkpt lat="36.862164" lon="138.262135">
        <ele>1068.555160863191</ele>
      </trkpt>
      <trkpt lat="36.86218" lon="138.262135">
        <ele>1069.079168285611</ele>
      </trkpt>
      <trkpt lat="36.86219" lon="138.26214">
        <ele>1069.239743072821</ele>
      </trkpt>
      <trkpt lat="36.862204" lon="138.262135">
        <ele>1069.8740733801633</ele>
      </trkpt>
      <trkpt lat="36.86222" lon="138.262128">
        <ele>1070.6500237651335</ele>
      </trkpt>
      <trkpt lat="36.86223" lon="138.262125">
        <ele>1071.0900637978991</ele>
      </trkpt>
      <trkpt lat="36.862238" lon="138.262115">
        <ele>1071.7152937701567</ele>
      </trkpt>
      <trkpt lat="36.862226" lon="138.262111">
        <ele>1071.4510783385892</ele>
      </trkpt>
      <trkpt lat="36.86222" lon="138.262096">
        <ele>1071.7746137871814</ele>
      </trkpt>
      <trkpt lat="36.862224" lon="138.262083">
        <ele>1072.3710229656958</ele>
      </trkpt>
      <trkpt lat="36.862216" lon="138.262074">
        <ele>1072.3947115901153</ele>
      </trkpt>
      <trkpt lat="36.862216" lon="138.262059">
        <ele>1072.8940266581783</ele>
      </trkpt>
      <trkpt lat="36.862222" lon="138.262046">
        <ele>1073.5471937911198</ele>
      </trkpt>
      <trkpt lat="36.862218" lon="138.262035">
        <ele>1073.7675263276599</ele>
      </trkpt>
      <trkpt lat="36.862212" lon="138.262022">
        <ele>1073.973832670709</ele>
      </trkpt>
      <trkpt lat="36.8622" lon="138.262001">
        <ele>1074.2002585545483</ele>
      </trkpt>
      <trkpt lat="36.862192" lon="138.261987">
        <ele>1074.314205854681</ele>
      </trkpt>
      <trkpt lat="36.862184" lon="138.261977">
        <ele>1074.2904794121107</ele>
      </trkpt>
      <trkpt lat="36.862186" lon="138.261965">
        <ele>1074.7204752746186</ele>
      </trkpt>
      <trkpt lat="36.862197" lon="138.261953">
        <ele>1075.511605577561</ele>
      </trkpt>
      <trkpt lat="36.862212" lon="138.261947">
        <ele>1076.290155381122</ele>
      </trkpt>
      <trkpt lat="36.862221" lon="138.261938">
        <ele>1076.919790374559</ele>
      </trkpt>
      <trkpt lat="36.862237" lon="138.261941">
        <ele>1077.4741509583516</ele>
      </trkpt>
      <trkpt lat="36.862248" lon="138.26194">
        <ele>1077.947062116497</ele>
      </trkpt>
      <trkpt lat="36.862263" lon="138.261936">
        <ele>1078.6106137400252</ele>
      </trkpt>
      <trkpt lat="36.862272" lon="138.261929">
        <ele>1079.149023689095</ele>
      </trkpt>
      <trkpt lat="36.862282" lon="138.261929">
        <ele>1079.5097653113396</ele>
      </trkpt>
      <trkpt lat="36.862291" lon="138.26194">
        <ele>1079.4933261434167</ele>
      </trkpt>
      <trkpt lat="36.862305" lon="138.261937">
        <ele>1080.0894934441294</ele>
      </trkpt>
      <trkpt lat="36.862314" lon="138.261925">
        <ele>1080.7897384903267</ele>
      </trkpt>
      <trkpt lat="36.862305" lon="138.261915">
        <ele>1080.7769323350283</ele>
      </trkpt>
      <trkpt lat="36.862287" lon="138.261898">
        <ele>1080.6151102909832</ele>
      </trkpt>
      <trkpt lat="36.862277" lon="138.261891">
        <ele>1080.4467918767375</ele>
      </trkpt>
      <trkpt lat="36.86226" lon="138.261876">
        <ele>1080.2473329665152</ele>
      </trkpt>
      <trkpt lat="36.862245" lon="138.261863">
        <ele>1080.0456289135834</ele>
      </trkpt>
      <trkpt lat="36.862234" lon="138.261856">
        <ele>1079.782428271753</ele>
      </trkpt>
      <trkpt lat="36.86222" lon="138.261846">
        <ele>1079.4736395847156</ele>
      </trkpt>
      <trkpt lat="36.862195" lon="138.26185">
        <ele>1078.3191629500043</ele>
      </trkpt>
      <trkpt lat="36.862181" lon="138.261849">
        <ele>1077.7610133026765</ele>
      </trkpt>
      <trkpt lat="36.862154" lon="138.26183">
        <ele>1077.022213443857</ele>
      </trkpt>
      <trkpt lat="36.862141" lon="138.261823">
        <ele>1076.5941587290151</ele>
      </trkpt>
      <trkpt lat="36.86213" lon="138.26182">
        <ele>1076.141819273214</ele>
      </trkpt>
      <trkpt lat="36.862122" lon="138.261813">
        <ele>1075.9084420844715</ele>
      </trkpt>
      <trkpt lat="36.862118" lon="138.261797">
        <ele>1076.0400281428404</ele>
      </trkpt>
      <trkpt lat="36.862119" lon="138.261778">
        <ele>1076.4658619098757</ele>
      </trkpt>
      <trkpt lat="36.86212" lon="138.261764">
        <ele>1076.7925758409124</ele>
      </trkpt>
      <trkpt lat="36.86213" lon="138.261755">
        <ele>1077.4497862929495</ele>
      </trkpt>
      <trkpt lat="36.86214" lon="138.261754">
        <ele>1077.9477128548008</ele>
      </trkpt>
      <trkpt lat="36.862152" lon="138.261756">
        <ele>1078.4800860840537</ele>
      </trkpt>
      <trkpt lat="36.86217" lon="138.261759">
        <ele>1079.2771191507566</ele>
      </trkpt>
      <trkpt lat="36.862179" lon="138.261757">
        <ele>1079.7482873059403</ele>
      </trkpt>
      <trkpt lat="36.862194" lon="138.261755">
        <ele>1080.4456531524343</ele>
      </trkpt>
      <trkpt lat="36.862203" lon="138.261757">
        <ele>1080.793484587439</ele>
      </trkpt>
      <trkpt lat="36.862213" lon="138.261757">
        <ele>1081.2270937849037</ele>
      </trkpt>
      <trkpt lat="36.862206" lon="138.261737">
        <ele>1081.3485661210034</ele>
      </trkpt>
      <trkpt lat="36.862193" lon="138.261729">
        <ele>1080.9204548111193</ele>
      </trkpt>
      <trkpt lat="36.862186" lon="138.261718">
        <ele>1080.8068899305545</ele>
      </trkpt>
      <trkpt lat="36.862176" lon="138.261697">
        <ele>1080.7165907719857</ele>
      </trkpt>
      <trkpt lat="36.862175" lon="138.261685">
        <ele>1080.8765327440312</ele>
      </trkpt>
      <trkpt lat="36.862168" lon="138.261668">
        <ele>1080.8274996288505</ele>
      </trkpt>
      <trkpt lat="36.862164" lon="138.261654">
        <ele>1080.8713998976111</ele>
      </trkpt>
      <trkpt lat="36.86216" lon="138.261638">
        <ele>1080.8709157361657</ele>
      </trkpt>
      <trkpt lat="36.862158" lon="138.261624">
        <ele>1080.9350054102028</ele>
      </trkpt>
      <trkpt lat="36.86215" lon="138.261613">
        <ele>1080.6670761339842</ele>
      </trkpt>
      <trkpt lat="36.862145" lon="138.261603">
        <ele>1080.536029245845</ele>
      </trkpt>
      <trkpt lat="36.862145" lon="138.261589">
        <ele>1080.6991410685246</ele>
      </trkpt>
      <trkpt lat="36.862143" lon="138.261574">
        <ele>1080.7748816068295</ele>
      </trkpt>
      <trkpt lat="36.862144" lon="138.261562">
        <ele>1080.9496551772124</ele>
      </trkpt>
      <trkpt lat="36.862141" lon="138.261542">
        <ele>1080.964233809757</ele>
      </trkpt>
      <trkpt lat="36.86214" lon="138.261531">
        <ele>1081.0044342496908</ele>
      </trkpt>
      <trkpt lat="36.862138" lon="138.261513">
        <ele>1081.052212767397</ele>
      </trkpt>
      <trkpt lat="36.862137" lon="138.2615">
        <ele>1081.108724392299</ele>
      </trkpt>
      <trkpt lat="36.862132" lon="138.261477">
        <ele>1081.0293407646943</ele>
      </trkpt>
      <trkpt lat="36.862141" lon="138.261466">
        <ele>1081.5005721562547</ele>
      </trkpt>
      <trkpt lat="36.86215" lon="138.261469">
        <ele>1081.9391812365043</ele>
      </trkpt>
      <trkpt lat="36.862158" lon="138.261476">
        <ele>1082.318958619238</ele>
      </trkpt>
      <trkpt lat="36.862174" lon="138.261475">
        <ele>1083.113466044796</ele>
      </trkpt>
      <trkpt lat="36.862183" lon="138.261477">
        <ele>1083.5371534023448</ele>
      </trkpt>
      <trkpt lat="36.862192" lon="138.261479">
        <ele>1083.9256693864254</ele>
      </trkpt>
      <trkpt lat="36.8622" lon="138.261487">
        <ele>1084.2176708489208</ele>
      </trkpt>
      <trkpt lat="36.862214" lon="138.26151">
        <ele>1084.6417000217375</ele>
      </trkpt>
      <trkpt lat="36.862247" lon="138.261535">
        <ele>1085.879457568751</ele>
      </trkpt>
      <trkpt lat="36.86226" lon="138.261549">
        <ele>1086.2477080181711</ele>
      </trkpt>
      <trkpt lat="36.862272" lon="138.261559">
        <ele>1086.6034725116197</ele>
      </trkpt>
      <trkpt lat="36.862286" lon="138.261563">
        <ele>1087.081353270825</ele>
      </trkpt>
      <trkpt lat="36.862301" lon="138.261566">
        <ele>1087.604822238294</ele>
      </trkpt>
      <trkpt lat="36.862317" lon="138.261566">
        <ele>1088.1872625985316</ele>
      </trkpt>
      <trkpt lat="36.862327" lon="138.261566">
        <ele>1088.4952853628906</ele>
      </trkpt>
      <trkpt lat="36.862343" lon="138.261565">
        <ele>1088.9915629037664</ele>
      </trkpt>
      <trkpt lat="36.862357" lon="138.261566">
        <ele>1089.4126986359722</ele>
      </trkpt>
      <trkpt lat="36.862349" lon="138.261548">
        <ele>1089.2938841812556</ele>
      </trkpt>
      <trkpt lat="36.862339" lon="138.261531">
        <ele>1089.1069183619702</ele>
      </trkpt>
      <trkpt lat="36.862338" lon="138.261521">
        <ele>1089.1462429881572</ele>
      </trkpt>
      <trkpt lat="36.862342" lon="138.261503">
        <ele>1089.3943938740774</ele>
      </trkpt>
      <trkpt lat="36.862338" lon="138.261485">
        <ele>1089.3979012277455</ele>
      </trkpt>
      <trkpt lat="36.862344" lon="138.261464">
        <ele>1089.6520745825733</ele>
      </trkpt>
      <trkpt lat="36.862352" lon="138.261441">
        <ele>1089.9503120251472</ele>
      </trkpt>
      <trkpt lat="36.862366" lon="138.261439">
        <ele>1090.3830986526802</ele>
      </trkpt>
      <trkpt lat="36.86238" lon="138.261443">
        <ele>1090.8019043444897</ele>
      </trkpt>
      <trkpt lat="36.86239" lon="138.261445">
        <ele>1091.080054236507</ele>
      </trkpt>
      <trkpt lat="36.862408" lon="138.261444">
        <ele>1091.5279854706032</ele>
      </trkpt>
      <trkpt lat="36.86242" lon="138.261445">
        <ele>1091.822722736165</ele>
      </trkpt>
      <trkpt lat="36.862427" lon="138.261439">
        <ele>1092.0099931081068</ele>
      </trkpt>
      <trkpt lat="36.862436" lon="138.261432">
        <ele>1092.2491049175856</ele>
      </trkpt>
      <trkpt lat="36.862444" lon="138.261421">
        <ele>1092.472781799688</ele>
      </trkpt>
      <trkpt lat="36.862452" lon="138.261406">
        <ele>1092.7057793774652</ele>
      </trkpt>
      <trkpt lat="36.86246" lon="138.261383">
        <ele>1092.9028828714745</ele>
      </trkpt>
      <trkpt lat="36.862476" lon="138.26137">
        <ele>1093.2450427915546</ele>
      </trkpt>
      <trkpt lat="36.86249" lon="138.261358">
        <ele>1093.549868358617</ele>
      </trkpt>
      <trkpt lat="36.862502" lon="138.261342">
        <ele>1093.8136104734297</ele>
      </trkpt>
      <trkpt lat="36.862512" lon="138.261333">
        <ele>1094.0392100814001</ele>
      </trkpt>
      <trkpt lat="36.862524" lon="138.26133">
        <ele>1094.3112370227773</ele>
      </trkpt>
      <trkpt lat="36.862544" lon="138.261337">
        <ele>1094.6801681077784</ele>
      </trkpt>
      <trkpt lat="36.862558" lon="138.261344">
        <ele>1094.9343604228031</ele>
      </trkpt>
      <trkpt lat="36.86257" lon="138.261345">
        <ele>1095.1535464167698</ele>
      </trkpt>
      <trkpt lat="36.86259" lon="138.261333">
        <ele>1095.5333953997092</ele>
      </trkpt>
      <trkpt lat="36.862602" lon="138.261328">
        <ele>1095.7188816750988</ele>
      </trkpt>
      <trkpt lat="36.862614" lon="138.261325">
        <ele>1095.8943038691818</ele>
      </trkpt>
      <trkpt lat="36.862622" lon="138.261321">
        <ele>1096.0152765580854</ele>
      </trkpt>
      <trkpt lat="36.862634" lon="138.261307">
        <ele>1096.209134839945</ele>
      </trkpt>
      <trkpt lat="36.862642" lon="138.261294">
        <ele>1096.3178202570828</ele>
      </trkpt>
      <trkpt lat="36.862646" lon="138.261276">
        <ele>1096.3690589619112</ele>
      </trkpt>
      <trkpt lat="36.862656" lon="138.261258">
        <ele>1096.5228730879473</ele>
      </trkpt>
      <trkpt lat="36.862666" lon="138.261244">
        <ele>1096.6517582263507</ele>
      </trkpt>
      <trkpt lat="36.862684" lon="138.261229">
        <ele>1096.8346996482965</ele>
      </trkpt>
      <trkpt lat="36.8627" lon="138.261222">
        <ele>1096.9993900061677</ele>
      </trkpt>
      <trkpt lat="36.862714" lon="138.261221">
        <ele>1097.1419753241669</ele>
      </trkpt>
      <trkpt lat="36.862742" lon="138.261206">
        <ele>1097.362204671494</ele>
      </trkpt>
      <trkpt lat="36.862754" lon="138.26119">
        <ele>1097.4348367352807</ele>
      </trkpt>
      <trkpt lat="36.862758" lon="138.261169">
        <ele>1097.4771426416712</ele>
      </trkpt>
      <trkpt lat="36.862758" lon="138.261151">
        <ele>1097.4946060738982</ele>
      </trkpt>
      <trkpt lat="36.862756" lon="138.261134">
        <ele>1097.4844594859665</ele>
      </trkpt>
      <trkpt lat="36.86275" lon="138.261121">
        <ele>1097.3995700938226</ele>
      </trkpt>
      <trkpt lat="36.862746" lon="138.261109">
        <ele>1097.3307942577062</ele>
      </trkpt>
      <trkpt lat="36.862738" lon="138.261072">
        <ele>1097.1448130676606</ele>
      </trkpt>
      <trkpt lat="36.86274" lon="138.26105">
        <ele>1097.0847334255313</ele>
      </trkpt>
      <trkpt lat="36.862746" lon="138.261029">
        <ele>1097.0024195528913</ele>
      </trkpt>
      <trkpt lat="36.862752" lon="138.26101">
        <ele>1096.941104461703</ele>
      </trkpt>
      <trkpt lat="36.862758" lon="138.260991">
        <ele>1096.887525955514</ele>
      </trkpt>
      <trkpt lat="36.862758" lon="138.260975">
        <ele>1096.7912008999178</ele>
      </trkpt>
      <trkpt lat="36.86276" lon="138.260964">
        <ele>1096.7438303941872</ele>
      </trkpt>
      <trkpt lat="36.862762" lon="138.260948">
        <ele>1096.6179990980784</ele>
      </trkpt>
      <trkpt lat="36.862766" lon="138.260931">
        <ele>1096.5061466399588</ele>
      </trkpt>
      <trkpt lat="36.862784" lon="138.260895">
        <ele>1096.380297970773</ele>
      </trkpt>
      <trkpt lat="36.862792" lon="138.260874">
        <ele>1096.258479946667</ele>
      </trkpt>
      <trkpt lat="36.862804" lon="138.260857">
        <ele>1096.1395573049435</ele>
      </trkpt>
      <trkpt lat="36.862812" lon="138.26084">
        <ele>1095.963707123296</ele>
      </trkpt>
      <trkpt lat="36.862822" lon="138.260817">
        <ele>1095.7286663296063</ele>
      </trkpt>
      <trkpt lat="36.86284" lon="138.260798">
        <ele>1095.5964051955573</ele>
      </trkpt>
      <trkpt lat="36.862856" lon="138.260782">
        <ele>1095.4446402599224</ele>
      </trkpt>
      <trkpt lat="36.862878" lon="138.260749">
        <ele>1094.9796491484651</ele>
      </trkpt>
      <trkpt lat="36.862894" lon="138.260732">
        <ele>1094.722349071328</ele>
      </trkpt>
      <trkpt lat="36.862912" lon="138.260713">
        <ele>1094.4458617044613</ele>
      </trkpt>
      <trkpt lat="36.86293" lon="138.260696">
        <ele>1094.197643036177</ele>
      </trkpt>
      <trkpt lat="36.862942" lon="138.260682">
        <ele>1093.9399476306521</ele>
      </trkpt>
      <trkpt lat="36.862954" lon="138.260666">
        <ele>1093.6090700059203</ele>
      </trkpt>
      <trkpt lat="36.862964" lon="138.260649">
        <ele>1093.2735309765676</ele>
      </trkpt>
      <trkpt lat="36.862974" lon="138.260629">
        <ele>1092.8890583927746</ele>
      </trkpt>
      <trkpt lat="36.86298" lon="138.260611">
        <ele>1092.5514953289476</ele>
      </trkpt>
      <trkpt lat="36.862984" lon="138.260593">
        <ele>1092.2238191981137</ele>
      </trkpt>
      <trkpt lat="36.862986" lon="138.260575">
        <ele>1091.909487815284</ele>
      </trkpt>
      <trkpt lat="36.862984" lon="138.260555">
        <ele>1091.5780874995755</ele>
      </trkpt>
      <trkpt lat="36.862984" lon="138.260531">
        <ele>1091.1780786952243</ele>
      </trkpt>
      <trkpt lat="36.86298" lon="138.260511">
        <ele>1090.878279178659</ele>
      </trkpt>
      <trkpt lat="36.862978" lon="138.260473">
        <ele>1090.2908757789398</ele>
      </trkpt>
      <trkpt lat="36.862972" lon="138.260429">
        <ele>1089.6231640315855</ele>
      </trkpt>
      <trkpt lat="36.862976" lon="138.260409">
        <ele>1089.3144171820495</ele>
      </trkpt>
      <trkpt lat="36.862984" lon="138.260383">
        <ele>1088.9089688497136</ele>
      </trkpt>
      <trkpt lat="36.862984" lon="138.26036">
        <ele>1088.5711700233169</ele>
      </trkpt>
      <trkpt lat="36.862982" lon="138.260334">
        <ele>1088.2408683198041</ele>
      </trkpt>
      <trkpt lat="36.862973" lon="138.260311">
        <ele>1087.9592079684376</ele>
      </trkpt>
      <trkpt lat="36.862969" lon="138.260291">
        <ele>1087.708714284585</ele>
      </trkpt>
      <trkpt lat="36.862968" lon="138.260266">
        <ele>1087.4115917951567</ele>
      </trkpt>
      <trkpt lat="36.862966" lon="138.260241">
        <ele>1087.1357724685045</ele>
      </trkpt>
      <trkpt lat="36.86297" lon="138.260217">
        <ele>1086.866966221589</ele>
      </trkpt>
      <trkpt lat="36.862976" lon="138.260199">
        <ele>1086.667187328928</ele>
      </trkpt>
      <trkpt lat="36.862978" lon="138.260168">
        <ele>1086.350217516991</ele>
      </trkpt>
      <trkpt lat="36.862968" lon="138.260154">
        <ele>1086.2162093021946</ele>
      </trkpt>
      <trkpt lat="36.86296" lon="138.260147">
        <ele>1086.1533214276294</ele>
      </trkpt>
      <trkpt lat="36.862952" lon="138.260136">
        <ele>1086.053925922897</ele>
      </trkpt>
      <trkpt lat="36.862946" lon="138.260118">
        <ele>1085.8887122891524</ele>
      </trkpt>
      <trkpt lat="36.862936" lon="138.260105">
        <ele>1085.7754041710823</ele>
      </trkpt>
      <trkpt lat="36.86292" lon="138.260071">
        <ele>1085.2997036848217</ele>
      </trkpt>
      <trkpt lat="36.862916" lon="138.260048">
        <ele>1085.0184590282881</ele>
      </trkpt>
      <trkpt lat="36.86292" lon="138.260028">
        <ele>1084.8099675866931</ele>
      </trkpt>
      <trkpt lat="36.862926" lon="138.260009">
        <ele>1084.6146385639029</ele>
      </trkpt>
      <trkpt lat="36.862926" lon="138.259994">
        <ele>1084.4374783643912</ele>
      </trkpt>
      <trkpt lat="36.862924" lon="138.259963">
        <ele>1084.0606347513421</ele>
      </trkpt>
      <trkpt lat="36.862929" lon="138.259943">
        <ele>1083.8522204614671</ele>
      </trkpt>
      <trkpt lat="36.862944" lon="138.259903">
        <ele>1083.3567343319917</ele>
      </trkpt>
      <trkpt lat="36.862948" lon="138.259881">
        <ele>1083.062937382937</ele>
      </trkpt>
      <trkpt lat="36.862954" lon="138.259863">
        <ele>1082.8336983055826</ele>
      </trkpt>
      <trkpt lat="36.862967" lon="138.259856">
        <ele>1082.7752601134464</ele>
      </trkpt>
      <trkpt lat="36.862984" lon="138.259862">
        <ele>1082.8950456736075</ele>
      </trkpt>
      <trkpt lat="36.863002" lon="138.259869">
        <ele>1083.0219171728716</ele>
      </trkpt>
      <trkpt lat="36.863021" lon="138.259874">
        <ele>1083.0778679846444</ele>
      </trkpt>
      <trkpt lat="36.863048" lon="138.259881">
        <ele>1083.1430081399396</ele>
      </trkpt>
      <trkpt lat="36.863067" lon="138.259893">
        <ele>1083.2598717163185</ele>
      </trkpt>
      <trkpt lat="36.863082" lon="138.25991">
        <ele>1083.3785536247915</ele>
      </trkpt>
      <trkpt lat="36.863096" lon="138.259927">
        <ele>1083.4528533029847</ele>
      </trkpt>
      <trkpt lat="36.863114" lon="138.259935">
        <ele>1083.3965641282268</ele>
      </trkpt>
      <trkpt lat="36.863129" lon="138.259947">
        <ele>1083.3766651425524</ele>
      </trkpt>
      <trkpt lat="36.863166" lon="138.259963">
        <ele>1083.1438952044791</ele>
      </trkpt>
      <trkpt lat="36.863196" lon="138.25996">
        <ele>1082.826958661902</ele>
      </trkpt>
      <trkpt lat="36.863211" lon="138.259962">
        <ele>1082.6830991545407</ele>
      </trkpt>
      <trkpt lat="36.863225" lon="138.259959">
        <ele>1082.518772998133</ele>
      </trkpt>
      <trkpt lat="36.863244" lon="138.259956">
        <ele>1082.3028305313028</ele>
      </trkpt>
      <trkpt lat="36.863264" lon="138.259957">
        <ele>1082.0866304281487</ele>
      </trkpt>
      <trkpt lat="36.863278" lon="138.259952">
        <ele>1081.9276920264813</ele>
      </trkpt>
      <trkpt lat="36.863291" lon="138.259935">
        <ele>1081.8117373235054</ele>
      </trkpt>
      <trkpt lat="36.863285" lon="138.259918">
        <ele>1081.8822592119686</ele>
      </trkpt>
      <trkpt lat="36.863268" lon="138.259892">
        <ele>1082.028648812374</ele>
      </trkpt>
      <trkpt lat="36.863255" lon="138.25988">
        <ele>1082.117514443076</ele>
      </trkpt>
      <trkpt lat="36.863242" lon="138.259866">
        <ele>1082.1825449304392</ele>
      </trkpt>
      <trkpt lat="36.863231" lon="138.259851">
        <ele>1082.211725234031</ele>
      </trkpt>
      <trkpt lat="36.863227" lon="138.259833">
        <ele>1082.245160373851</ele>
      </trkpt>
      <trkpt lat="36.863229" lon="138.259805">
        <ele>1082.2745766192638</ele>
      </trkpt>
      <trkpt lat="36.863235" lon="138.259792">
        <ele>1082.2884690137837</ele>
      </trkpt>
      <trkpt lat="36.863244" lon="138.259781">
        <ele>1082.3096048658824</ele>
      </trkpt>
      <trkpt lat="36.863254" lon="138.259771">
        <ele>1082.3422288593686</ele>
      </trkpt>
      <trkpt lat="36.863276" lon="138.259745">
        <ele>1082.5224013706456</ele>
      </trkpt>
      <trkpt lat="36.863289" lon="138.259739">
        <ele>1082.6303280375307</ele>
      </trkpt>
      <trkpt lat="36.863301" lon="138.259732">
        <ele>1082.7547020018226</ele>
      </trkpt>
      <trkpt lat="36.863313" lon="138.259725">
        <ele>1082.8876269965176</ele>
      </trkpt>
      <trkpt lat="36.863326" lon="138.259715">
        <ele>1083.063981459518</ele>
      </trkpt>
      <trkpt lat="36.863337" lon="138.259704">
        <ele>1083.2488090896095</ele>
      </trkpt>
      <trkpt lat="36.863346" lon="138.259695">
        <ele>1083.4091935143542</ele>
      </trkpt>
      <trkpt lat="36.86336" lon="138.259687">
        <ele>1083.6448882434538</ele>
      </trkpt>
      <trkpt lat="36.863371" lon="138.259683">
        <ele>1083.8146731232268</ele>
      </trkpt>
      <trkpt lat="36.86338" lon="138.259681">
        <ele>1083.9414651354343</ele>
      </trkpt>
      <trkpt lat="36.863392" lon="138.259676">
        <ele>1084.1504973319645</ele>
      </trkpt>
      <trkpt lat="36.863409" lon="138.259674">
        <ele>1084.3841030247954</ele>
      </trkpt>
      <trkpt lat="36.863421" lon="138.259672">
        <ele>1084.5749956256648</ele>
      </trkpt>
      <trkpt lat="36.863437" lon="138.259665">
        <ele>1084.9384836169604</ele>
      </trkpt>
      <trkpt lat="36.863458" lon="138.259666">
        <ele>1085.234577999927</ele>
      </trkpt>
      <trkpt lat="36.86346" lon="138.259654">
        <ele>1085.4920942157673</ele>
      </trkpt>
      <trkpt lat="36.863453" lon="138.259645">
        <ele>1085.5530349548276</ele>
      </trkpt>
      <trkpt lat="36.863451" lon="138.259631">
        <ele>1085.782918549425</ele>
      </trkpt>
      <trkpt lat="36.863438" lon="138.25962">
        <ele>1085.7733330483818</ele>
      </trkpt>
      <trkpt lat="36.863432" lon="138.259607">
        <ele>1085.9083723035656</ele>
      </trkpt>
      <trkpt lat="36.863426" lon="138.259589">
        <ele>1086.1337855919815</ele>
      </trkpt>
      <trkpt lat="36.863422" lon="138.259572">
        <ele>1086.402085847761</ele>
      </trkpt>
      <trkpt lat="36.863416" lon="138.25956">
        <ele>1086.5331215451115</ele>
      </trkpt>
      <trkpt lat="36.863418" lon="138.259546">
        <ele>1086.8466244479655</ele>
      </trkpt>
      <trkpt lat="36.86341" lon="138.259538">
        <ele>1086.8703977564733</ele>
      </trkpt>
      <trkpt lat="36.8634" lon="138.259528">
        <ele>1086.8990279687332</ele>
      </trkpt>
      <trkpt lat="36.863403" lon="138.259509">
        <ele>1087.317102516097</ele>
      </trkpt>
      <trkpt lat="36.863402" lon="138.259492">
        <ele>1087.664843745086</ele>
      </trkpt>
      <trkpt lat="36.863402" lon="138.259476">
        <ele>1088.0151977534442</ele>
      </trkpt>
      <trkpt lat="36.863398" lon="138.259464">
        <ele>1088.205198484017</ele>
      </trkpt>
      <trkpt lat="36.86339" lon="138.259453">
        <ele>1088.298297772471</ele>
      </trkpt>
      <trkpt lat="36.863388" lon="138.259433">
        <ele>1088.6947340688898</ele>
      </trkpt>
      <trkpt lat="36.863386" lon="138.259401">
        <ele>1089.394514419012</ele>
      </trkpt>
      <trkpt lat="36.863388" lon="138.259387">
        <ele>1089.768891278675</ele>
      </trkpt>
      <trkpt lat="36.86339" lon="138.259375">
        <ele>1090.096170856801</ele>
      </trkpt>
      <trkpt lat="36.863394" lon="138.259354">
        <ele>1090.6808984757902</ele>
      </trkpt>
      <trkpt lat="36.863388" lon="138.259329">
        <ele>1091.169434638741</ele>
      </trkpt>
      <trkpt lat="36.863388" lon="138.259309">
        <ele>1091.6820717947098</ele>
      </trkpt>
      <trkpt lat="36.863386" lon="138.259293">
        <ele>1092.0514070373501</ele>
      </trkpt>
      <trkpt lat="36.863388" lon="138.259275">
        <ele>1092.5535549595497</ele>
      </trkpt>
      <trkpt lat="36.863394" lon="138.259245">
        <ele>1093.4550820368106</ele>
      </trkpt>
      <trkpt lat="36.863412" lon="138.259205">
        <ele>1094.983832023571</ele>
      </trkpt>
      <trkpt lat="36.863426" lon="138.259198">
        <ele>1095.485136106002</ele>
      </trkpt>
      <trkpt lat="36.863451" lon="138.259193">
        <ele>1096.1523804188148</ele>
      </trkpt>
      <trkpt lat="36.863464" lon="138.259186">
        <ele>1096.6222558334705</ele>
      </trkpt>
      <trkpt lat="36.863474" lon="138.259179">
        <ele>1097.0270622985076</ele>
      </trkpt>
      <trkpt lat="36.863486" lon="138.259171">
        <ele>1097.4999532852228</ele>
      </trkpt>
      <trkpt lat="36.863494" lon="138.259165">
        <ele>1097.8423124603237</ele>
      </trkpt>
      <trkpt lat="36.863508" lon="138.259162">
        <ele>1098.2344392252626</ele>
      </trkpt>
      <trkpt lat="36.86352" lon="138.259145">
        <ele>1099.0115286468535</ele>
      </trkpt>
      <trkpt lat="36.863525" lon="138.25913">
        <ele>1099.5751291348608</ele>
      </trkpt>
      <trkpt lat="36.863535" lon="138.259111">
        <ele>1100.3691159770135</ele>
      </trkpt>
      <trkpt lat="36.863544" lon="138.259098">
        <ele>1100.9595061582058</ele>
      </trkpt>
      <trkpt lat="36.863548" lon="138.259076">
        <ele>1101.7132092916527</ele>
      </trkpt>
      <trkpt lat="36.863543" lon="138.259063">
        <ele>1101.9953931839095</ele>
      </trkpt>
      <trkpt lat="36.863534" lon="138.259044">
        <ele>1102.3659327693063</ele>
      </trkpt>
      <trkpt lat="36.863523" lon="138.259035">
        <ele>1102.387461157562</ele>
      </trkpt>
      <trkpt lat="36.863523" lon="138.259023">
        <ele>1102.744766861409</ele>
      </trkpt>
      <trkpt lat="36.863525" lon="138.259011">
        <ele>1103.1480015944148</ele>
      </trkpt>
      <trkpt lat="36.863523" lon="138.258995">
        <ele>1103.5784801680056</ele>
      </trkpt>
      <trkpt lat="36.86352" lon="138.258978">
        <ele>1103.9907513149096</ele>
      </trkpt>
      <trkpt lat="36.86352" lon="138.258961">
        <ele>1104.4661057695757</ele>
      </trkpt>
      <trkpt lat="36.863529" lon="138.258948">
        <ele>1105.0393098227692</ele>
      </trkpt>
      <trkpt lat="36.863519" lon="138.258935">
        <ele>1105.169818719105</ele>
      </trkpt>
      <trkpt lat="36.863516" lon="138.258924">
        <ele>1105.407501781733</ele>
      </trkpt>
      <trkpt lat="36.863507" lon="138.258921">
        <ele>1105.281690191106</ele>
      </trkpt>
      <trkpt lat="36.863494" lon="138.258922">
        <ele>1104.9508315701046</ele>
      </trkpt>
      <trkpt lat="36.863481" lon="138.258917">
        <ele>1104.782977179337</ele>
      </trkpt>
      <trkpt lat="36.86347" lon="138.258914">
        <ele>1104.595958000325</ele>
      </trkpt>
      <trkpt lat="36.863459" lon="138.258914">
        <ele>1104.3252454479739</ele>
      </trkpt>
      <trkpt lat="36.863445" lon="138.258925">
        <ele>1103.6805450837246</ele>
      </trkpt>
      <trkpt lat="36.863427" lon="138.258926">
        <ele>1103.213938786079</ele>
      </trkpt>
      <trkpt lat="36.863415" lon="138.25892">
        <ele>1103.0830751235133</ele>
      </trkpt>
      <trkpt lat="36.863407" lon="138.258913">
        <ele>1103.0842560334136</ele>
      </trkpt>
      <trkpt lat="36.863398" lon="138.258905">
        <ele>1103.0872459720395</ele>
      </trkpt>
      <trkpt lat="36.86339" lon="138.258895">
        <ele>1103.12489221272</ele>
      </trkpt>
      <trkpt lat="36.863385" lon="138.258883">
        <ele>1103.2735778810284</ele>
      </trkpt>
      <trkpt lat="36.863386" lon="138.258871">
        <ele>1103.5649957427665</ele>
      </trkpt>
      <trkpt lat="36.863389" lon="138.258855">
        <ele>1103.9965035031605</ele>
      </trkpt>
      <trkpt lat="36.8634" lon="138.258831">
        <ele>1104.817733325185</ele>
      </trkpt>
      <trkpt lat="36.8634" lon="138.258811">
        <ele>1105.229885739675</ele>
      </trkpt>
      <trkpt lat="36.863403" lon="138.258795">
        <ele>1105.591266004984</ele>
      </trkpt>
      <trkpt lat="36.863408" lon="138.258779">
        <ele>1106.0020648604857</ele>
      </trkpt>
      <trkpt lat="36.863425" lon="138.258755">
        <ele>1106.8551082370545</ele>
      </trkpt>
      <trkpt lat="36.863431" lon="138.258738">
        <ele>1107.3137378328836</ele>
      </trkpt>
      <trkpt lat="36.863434" lon="138.258722">
        <ele>1107.6295092109046</ele>
      </trkpt>
      <trkpt lat="36.863438" lon="138.258703">
        <ele>1107.9921449487092</ele>
      </trkpt>
      <trkpt lat="36.863445" lon="138.258676">
        <ele>1108.5362336876424</ele>
      </trkpt>
      <trkpt lat="36.863449" lon="138.258654">
        <ele>1108.9324708922877</ele>
      </trkpt>
      <trkpt lat="36.863449" lon="138.258638">
        <ele>1109.1120836435562</ele>
      </trkpt>
      <trkpt lat="36.863456" lon="138.258623">
        <ele>1109.4365140050854</ele>
      </trkpt>
      <trkpt lat="36.863473" lon="138.258618">
        <ele>1109.9159816033352</ele>
      </trkpt>
      <trkpt lat="36.863486" lon="138.258608">
        <ele>1110.349595296403</ele>
      </trkpt>
      <trkpt lat="36.863495" lon="138.258613">
        <ele>1110.5278473718413</ele>
      </trkpt>
      <trkpt lat="36.863525" lon="138.258627">
        <ele>1111.1591918504646</ele>
      </trkpt>
      <trkpt lat="36.863539" lon="138.258644">
        <ele>1111.3585731952646</ele>
      </trkpt>
      <trkpt lat="36.863553" lon="138.258656">
        <ele>1111.5657830363039</ele>
      </trkpt>
      <trkpt lat="36.86356" lon="138.258675">
        <ele>1111.454844580035</ele>
      </trkpt>
      <trkpt lat="36.863572" lon="138.258688">
        <ele>1111.5646210859147</ele>
      </trkpt>
      <trkpt lat="36.863581" lon="138.258693">
        <ele>1111.7201515134066</ele>
      </trkpt>
      <trkpt lat="36.863603" lon="138.2587">
        <ele>1112.1814720311431</ele>
      </trkpt>
      <trkpt lat="36.863622" lon="138.25871">
        <ele>1112.5287936905931</ele>
      </trkpt>
      <trkpt lat="36.863635" lon="138.258721">
        <ele>1112.7157110915061</ele>
      </trkpt>
      <trkpt lat="36.863647" lon="138.258739">
        <ele>1112.7502287596371</ele>
      </trkpt>
      <trkpt lat="36.863657" lon="138.258745">
        <ele>1112.8979536906581</ele>
      </trkpt>
      <trkpt lat="36.863673" lon="138.258755">
        <ele>1113.1309711486201</ele>
      </trkpt>
      <trkpt lat="36.863679" lon="138.258767">
        <ele>1113.0643101858961</ele>
      </trkpt>
      <trkpt lat="36.863693" lon="138.258787">
        <ele>1113.0683191380472</ele>
      </trkpt>
      <trkpt lat="36.863701" lon="138.258797">
        <ele>1113.1032537068018</ele>
      </trkpt>
      <trkpt lat="36.863714" lon="138.258807">
        <ele>1113.2765308752669</ele>
      </trkpt>
      <trkpt lat="36.863727" lon="138.258813">
        <ele>1113.5243735082458</ele>
      </trkpt>
      <trkpt lat="36.863743" lon="138.258822">
        <ele>1113.790163434895</ele>
      </trkpt>
      <trkpt lat="36.863759" lon="138.258829">
        <ele>1114.0785052423996</ele>
      </trkpt>
      <trkpt lat="36.863756" lon="138.258844">
        <ele>1113.6620890148122</ele>
      </trkpt>
      <trkpt lat="36.863769" lon="138.258853">
        <ele>1113.815508770235</ele>
      </trkpt>
      <trkpt lat="36.863783" lon="138.258864">
        <ele>1113.9513086958489</ele>
      </trkpt>
      <trkpt lat="36.863795" lon="138.258872">
        <ele>1114.1026303405965</ele>
      </trkpt>
      <trkpt lat="36.863805" lon="138.258879">
        <ele>1114.2240988049164</ele>
      </trkpt>
      <trkpt lat="36.863817" lon="138.258871">
        <ele>1114.720027943427</ele>
      </trkpt>
      <trkpt lat="36.863798" lon="138.258849">
        <ele>1114.6780402940083</ele>
      </trkpt>
      <trkpt lat="36.863791" lon="138.258839">
        <ele>1114.707075963014</ele>
      </trkpt>
      <trkpt lat="36.863783" lon="138.258829">
        <ele>1114.7121148228387</ele>
      </trkpt>
      <trkpt lat="36.863775" lon="138.258818">
        <ele>1114.7366350450097</ele>
      </trkpt>
      <trkpt lat="36.863771" lon="138.258806">
        <ele>1114.8554820637228</ele>
      </trkpt>
      <trkpt lat="36.863765" lon="138.258796">
        <ele>1114.884621793126</ele>
      </trkpt>
      <trkpt lat="36.863756" lon="138.25878">
        <ele>1114.9419253510903</ele>
      </trkpt>
      <trkpt lat="36.86375" lon="138.258766">
        <ele>1115.0368930854384</ele>
      </trkpt>
      <trkpt lat="36.863745" lon="138.258733">
        <ele>1115.5095334482467</ele>
      </trkpt>
      <trkpt lat="36.863737" lon="138.258719">
        <ele>1115.4730463164285</ele>
      </trkpt>
      <trkpt lat="36.863733" lon="138.258706">
        <ele>1115.535817715245</ele>
      </trkpt>
      <trkpt lat="36.863729" lon="138.258694">
        <ele>1115.587020795783</ele>
      </trkpt>
      <trkpt lat="36.863725" lon="138.258676">
        <ele>1115.7202568211985</ele>
      </trkpt>
      <trkpt lat="36.863725" lon="138.258656">
        <ele>1115.9882707017746</ele>
      </trkpt>
      <trkpt lat="36.863726" lon="138.258644">
        <ele>1116.1638685569637</ele>
      </trkpt>
      <trkpt lat="36.863723" lon="138.258619">
        <ele>1116.3473757105419</ele>
      </trkpt>
      <trkpt lat="36.863719" lon="138.258601">
        <ele>1116.4312702669768</ele>
      </trkpt>
      <trkpt lat="36.863718" lon="138.258579">
        <ele>1116.6357447073337</ele>
      </trkpt>
      <trkpt lat="36.863713" lon="138.258563">
        <ele>1116.6724554726395</ele>
      </trkpt>
      <trkpt lat="36.863708" lon="138.258547">
        <ele>1116.6344469628896</ele>
      </trkpt>
      <trkpt lat="36.863698" lon="138.258521">
        <ele>1116.5231671957104</ele>
      </trkpt>
      <trkpt lat="36.863699" lon="138.258506">
        <ele>1116.6339757919795</ele>
      </trkpt>
      <trkpt lat="36.863704" lon="138.258494">
        <ele>1116.8274958730299</ele>
      </trkpt>
      <trkpt lat="36.863708" lon="138.258483">
        <ele>1116.9885929915572</ele>
      </trkpt>
      <trkpt lat="36.863706" lon="138.258463">
        <ele>1116.9918376268126</ele>
      </trkpt>
      <trkpt lat="36.863708" lon="138.258443">
        <ele>1117.0646513927968</ele>
      </trkpt>
      <trkpt lat="36.863708" lon="138.258408">
        <ele>1117.105429348327</ele>
      </trkpt>
      <trkpt lat="36.863704" lon="138.258392">
        <ele>1117.025046546921</ele>
      </trkpt>
      <trkpt lat="36.863702" lon="138.258369">
        <ele>1116.8984030196507</ele>
      </trkpt>
      <trkpt lat="36.863705" lon="138.258347">
        <ele>1116.8893831506837</ele>
      </trkpt>
      <trkpt lat="36.863725" lon="138.25832">
        <ele>1117.259727638005</ele>
      </trkpt>
      <trkpt lat="36.863736" lon="138.258305">
        <ele>1117.4549673457834</ele>
      </trkpt>
      <trkpt lat="36.863745" lon="138.258287">
        <ele>1117.544257601904</ele>
      </trkpt>
      <trkpt lat="36.863757" lon="138.258272">
        <ele>1117.7160428963982</ele>
      </trkpt>
      <trkpt lat="36.863768" lon="138.258263">
        <ele>1117.8771849142984</ele>
      </trkpt>
      <trkpt lat="36.863778" lon="138.258262">
        <ele>1118.0666960476544</ele>
      </trkpt>
      <trkpt lat="36.863804" lon="138.25827">
        <ele>1118.6399455902078</ele>
      </trkpt>
      <trkpt lat="36.863813" lon="138.258279">
        <ele>1118.8892381127325</ele>
      </trkpt>
      <trkpt lat="36.863822" lon="138.258287">
        <ele>1119.1332277339009</ele>
      </trkpt>
      <trkpt lat="36.863835" lon="138.258293">
        <ele>1119.435369574955</ele>
      </trkpt>
      <trkpt lat="36.863846" lon="138.258304">
        <ele>1119.7333234115517</ele>
      </trkpt>
      <trkpt lat="36.863855" lon="138.258314">
        <ele>1119.9676326265676</ele>
      </trkpt>
      <trkpt lat="36.863865" lon="138.258327">
        <ele>1120.2424007432724</ele>
      </trkpt>
      <trkpt lat="36.863886" lon="138.258366">
        <ele>1120.913416406841</ele>
      </trkpt>
      <trkpt lat="36.863891" lon="138.258381">
        <ele>1121.1166610880507</ele>
      </trkpt>
      <trkpt lat="36.863897" lon="138.2584">
        <ele>1121.3145741624419</ele>
      </trkpt>
      <trkpt lat="36.863903" lon="138.258413">
        <ele>1121.4369103403733</ele>
      </trkpt>
      <trkpt lat="36.863912" lon="138.258422">
        <ele>1121.6104371587433</ele>
      </trkpt>
      <trkpt lat="36.863928" lon="138.258442">
        <ele>1121.9324932417312</ele>
      </trkpt>
      <trkpt lat="36.863938" lon="138.258446">
        <ele>1122.1234484287834</ele>
      </trkpt>
      <trkpt lat="36.863945" lon="138.258456">
        <ele>1122.2722005786318</ele>
      </trkpt>
      <trkpt lat="36.863957" lon="138.258474">
        <ele>1122.5346045310687</ele>
      </trkpt>
      <trkpt lat="36.863963" lon="138.258482">
        <ele>1122.6461948187587</ele>
      </trkpt>
      <trkpt lat="36.863974" lon="138.258488">
        <ele>1122.836973456524</ele>
      </trkpt>
      <trkpt lat="36.863985" lon="138.258497">
        <ele>1123.023884567445</ele>
      </trkpt>
      <trkpt lat="36.863995" lon="138.258504">
        <ele>1123.1975038543544</ele>
      </trkpt>
      <trkpt lat="36.864008" lon="138.25852">
        <ele>1123.423699185199</ele>
      </trkpt>
      <trkpt lat="36.864016" lon="138.25853">
        <ele>1123.5663571099417</ele>
      </trkpt>
      <trkpt lat="36.864031" lon="138.258542">
        <ele>1123.841517821535</ele>
      </trkpt>
      <trkpt lat="36.864058" lon="138.258558">
        <ele>1124.2837668268266</ele>
      </trkpt>
      <trkpt lat="36.864061" lon="138.25854">
        <ele>1124.3402321334172</ele>
      </trkpt>
      <trkpt lat="36.864057" lon="138.258522">
        <ele>1124.2816379445937</ele>
      </trkpt>
      <trkpt lat="36.864052" lon="138.258497">
        <ele>1124.2057168079396</ele>
      </trkpt>
      <trkpt lat="36.864045" lon="138.258478">
        <ele>1124.0893547973174</ele>
      </trkpt>
      <trkpt lat="36.864044" lon="138.258456">
        <ele>1124.0216109782996</ele>
      </trkpt>
      <trkpt lat="36.864042" lon="138.25844">
        <ele>1123.9479336928114</ele>
      </trkpt>
      <trkpt lat="36.86405" lon="138.25842">
        <ele>1124.0308286847794</ele>
      </trkpt>
      <trkpt lat="36.864055" lon="138.258394">
        <ele>1124.043647138513</ele>
      </trkpt>
      <trkpt lat="36.864056" lon="138.25838">
        <ele>1123.9771874825478</ele>
      </trkpt>
      <trkpt lat="36.864057" lon="138.258366">
        <ele>1123.8953390753836</ele>
      </trkpt>
      <trkpt lat="36.864066" lon="138.258344">
        <ele>1123.885716115847</ele>
      </trkpt>
      <trkpt lat="36.864072" lon="138.258332">
        <ele>1123.8979421697563</ele>
      </trkpt>
      <trkpt lat="36.864081" lon="138.258326">
        <ele>1124.0001673456288</ele>
      </trkpt>
      <trkpt lat="36.864093" lon="138.258324">
        <ele>1124.1784106455982</ele>
      </trkpt>
      <trkpt lat="36.864105" lon="138.258326">
        <ele>1124.3901847128677</ele>
      </trkpt>
      <trkpt lat="36.864115" lon="138.258326">
        <ele>1124.575865077968</ele>
      </trkpt>
      <trkpt lat="36.864125" lon="138.258328">
        <ele>1124.7747736986935</ele>
      </trkpt>
      <trkpt lat="36.864137" lon="138.258326">
        <ele>1124.9843619668666</ele>
      </trkpt>
      <trkpt lat="36.864144" lon="138.258316">
        <ele>1125.051420750214</ele>
      </trkpt>
      <trkpt lat="36.864164" lon="138.258313">
        <ele>1125.4083177260047</ele>
      </trkpt>
      <trkpt lat="36.864184" lon="138.25832">
        <ele>1125.8233817048756</ele>
      </trkpt>
      <trkpt lat="36.864197" lon="138.258324">
        <ele>1126.0876599323844</ele>
      </trkpt>
      <trkpt lat="36.864214" lon="138.258322">
        <ele>1126.3936856146645</ele>
      </trkpt>
      <trkpt lat="36.864228" lon="138.258332">
        <ele>1126.7032542887785</ele>
      </trkpt>
      <trkpt lat="36.864241" lon="138.258336">
        <ele>1126.9639105550464</ele>
      </trkpt>
      <trkpt lat="36.864271" lon="138.258336">
        <ele>1127.5872531165448</ele>
      </trkpt>
      <trkpt lat="36.864289" lon="138.25835">
        <ele>1128.0032990765496</ele>
      </trkpt>
      <trkpt lat="36.864303" lon="138.258356">
        <ele>1128.3027084426465</ele>
      </trkpt>
      <trkpt lat="36.864316" lon="138.25836">
        <ele>1128.582797025007</ele>
      </trkpt>
      <trkpt lat="36.864331" lon="138.258367">
        <ele>1128.9151402487837</ele>
      </trkpt>
      <trkpt lat="36.86436" lon="138.258377">
        <ele>1129.5353671468813</ele>
      </trkpt>
      <trkpt lat="36.864374" lon="138.258382">
        <ele>1129.8277635138961</ele>
      </trkpt>
      <trkpt lat="36.864384" lon="138.258383">
        <ele>1130.0429315777264</ele>
      </trkpt>
      <trkpt lat="36.864396" lon="138.258383">
        <ele>1130.3065687336473</ele>
      </trkpt>
      <trkpt lat="36.864413" lon="138.258388">
        <ele>1130.6770427179108</ele>
      </trkpt>
      <trkpt lat="36.864426" lon="138.258383">
        <ele>1130.9656618045244</ele>
      </trkpt>
      <trkpt lat="36.864447" lon="138.258372">
        <ele>1131.4402606009376</ele>
      </trkpt>
      <trkpt lat="36.864457" lon="138.258367">
        <ele>1131.6726150760417</ele>
      </trkpt>
      <trkpt lat="36.864469" lon="138.258365">
        <ele>1131.9481596857302</ele>
      </trkpt>
      <trkpt lat="36.864482" lon="138.258364">
        <ele>1132.245726460546</ele>
      </trkpt>
      <trkpt lat="36.864498" lon="138.258364">
        <ele>1132.6095748763087</ele>
      </trkpt>
      <trkpt lat="36.86452" lon="138.258358">
        <ele>1133.1262047028647</ele>
      </trkpt>
      <trkpt lat="36.864539" lon="138.258354">
        <ele>1133.555217887509</ele>
      </trkpt>
      <trkpt lat="36.86455" lon="138.258353">
        <ele>1133.7989949713938</ele>
      </trkpt>
      <trkpt lat="36.864567" lon="138.25835">
        <ele>1134.1808254465238</ele>
      </trkpt>
      <trkpt lat="36.864575" lon="138.258345">
        <ele>1134.373052195903</ele>
      </trkpt>
      <trkpt lat="36.864587" lon="138.258335">
        <ele>1134.6632328963865</ele>
      </trkpt>
      <trkpt lat="36.864588" lon="138.258324">
        <ele>1134.7223917839183</ele>
      </trkpt>
      <trkpt lat="36.864588" lon="138.258309">
        <ele>1134.7759652114607</ele>
      </trkpt>
      <trkpt lat="36.864594" lon="138.258276">
        <ele>1135.0139700083066</ele>
      </trkpt>
      <trkpt lat="36.864612" lon="138.258263">
        <ele>1135.4263844692618</ele>
      </trkpt>
      <trkpt lat="36.864621" lon="138.258258">
        <ele>1135.627348852298</ele>
      </trkpt>
      <trkpt lat="36.864616" lon="138.258245">
        <ele>1135.570849300642</ele>
      </trkpt>
      <trkpt lat="36.864627" lon="138.258237">
        <ele>1135.8230745948392</ele>
      </trkpt>
      <trkpt lat="36.864629" lon="138.258225">
        <ele>1135.9057927778929</ele>
      </trkpt>
      <trkpt lat="36.864643" lon="138.258238">
        <ele>1136.1457805162772</ele>
      </trkpt>
      <trkpt lat="36.864646" lon="138.258215">
        <ele>1136.2829472261958</ele>
      </trkpt>
      <trkpt lat="36.864643" lon="138.258189">
        <ele>1136.282368889778</ele>
      </trkpt>
      <trkpt lat="36.864651" lon="138.258174">
        <ele>1136.4804220358385</ele>
      </trkpt>
      <trkpt lat="36.864656" lon="138.258162">
        <ele>1136.6047470029916</ele>
      </trkpt>
      <trkpt lat="36.864661" lon="138.258147">
        <ele>1136.7343561563414</ele>
      </trkpt>
      <trkpt lat="36.864663" lon="138.258117">
        <ele>1136.8049936327157</ele>
      </trkpt>
      <trkpt lat="36.864672" lon="138.258108">
        <ele>1136.9753755685183</ele>
      </trkpt>
      <trkpt lat="36.86468" lon="138.2581">
        <ele>1137.126826195373</ele>
      </trkpt>
      <trkpt lat="36.864692" lon="138.258088">
        <ele>1137.3540021648641</ele>
      </trkpt>
      <trkpt lat="36.8647" lon="138.25808">
        <ele>1137.5054528310675</ele>
      </trkpt>
      <trkpt lat="36.864705" lon="138.258069">
        <ele>1137.6001095056545</ele>
      </trkpt>
      <trkpt lat="36.864713" lon="138.258064">
        <ele>1137.7515601975854</ele>
      </trkpt>
      <trkpt lat="36.86473" lon="138.258073">
        <ele>1138.0293550023603</ele>
      </trkpt>
      <trkpt lat="36.864721" lon="138.25807">
        <ele>1137.9022542973967</ele>
      </trkpt>
      <trkpt lat="36.864732" lon="138.258073">
        <ele>1138.057601404148</ele>
      </trkpt>
      <trkpt lat="36.864744" lon="138.258074">
        <ele>1138.226686901019</ele>
      </trkpt>
      <trkpt lat="36.864732" lon="138.258064">
        <ele>1138.0593053857615</ele>
      </trkpt>
      <trkpt lat="36.864745" lon="138.258068">
        <ele>1138.2432525224467</ele>
      </trkpt>
      <trkpt lat="36.864763" lon="138.258057">
        <ele>1138.506865478469</ele>
      </trkpt>
      <trkpt lat="36.864771" lon="138.25805">
        <ele>1138.6279800776017</ele>
      </trkpt>
      <trkpt lat="36.86478" lon="138.258038">
        <ele>1138.7388254352518</ele>
      </trkpt>
      <trkpt lat="36.864783" lon="138.258024">
        <ele>1138.7488078285155</ele>
      </trkpt>
      <trkpt lat="36.864791" lon="138.258001">
        <ele>1138.8142665343369</ele>
      </trkpt>
      <trkpt lat="36.864797" lon="138.257975">
        <ele>1138.841057639756</ele>
      </trkpt>
      <trkpt lat="36.864801" lon="138.257953">
        <ele>1138.8111011968065</ele>
      </trkpt>
      <trkpt lat="36.864807" lon="138.257936">
        <ele>1138.785524954822</ele>
      </trkpt>
      <trkpt lat="36.864816" lon="138.25792">
        <ele>1138.8157904399482</ele>
      </trkpt>
      <trkpt lat="36.864823" lon="138.257906">
        <ele>1138.832718281605</ele>
      </trkpt>
      <trkpt lat="36.86483" lon="138.257887">
        <ele>1138.821453948186</ele>
      </trkpt>
      <trkpt lat="36.864839" lon="138.257869">
        <ele>1138.8177099597879</ele>
      </trkpt>
      <trkpt lat="36.864865" lon="138.257844">
        <ele>1138.9131306410773</ele>
      </trkpt>
      <trkpt lat="36.864874" lon="138.257827">
        <ele>1138.8199169844395</ele>
      </trkpt>
      <trkpt lat="36.864883" lon="138.257809">
        <ele>1138.715052496456</ele>
      </trkpt>
      <trkpt lat="36.864894" lon="138.257801">
        <ele>1138.7499966273087</ele>
      </trkpt>
      <trkpt lat="36.864903" lon="138.257798">
        <ele>1138.819894833118</ele>
      </trkpt>
      <trkpt lat="36.864916" lon="138.257795">
        <ele>1138.9363933889194</ele>
      </trkpt>
      <trkpt lat="36.864929" lon="138.257792">
        <ele>1139.049758518697</ele>
      </trkpt>
      <trkpt lat="36.864934" lon="138.257791">
        <ele>1139.0890768055574</ele>
      </trkpt>
      <trkpt lat="36.864944" lon="138.257788">
        <ele>1139.1504288387255</ele>
      </trkpt>
      <trkpt lat="36.864953" lon="138.257782">
        <ele>1139.1512967084539</ele>
      </trkpt>
      <trkpt lat="36.864973" lon="138.257764">
        <ele>1139.0825435581858</ele>
      </trkpt>
      <trkpt lat="36.864989" lon="138.257758">
        <ele>1139.1547682971236</ele>
      </trkpt>
      <trkpt lat="36.865002" lon="138.257749">
        <ele>1139.1276252740495</ele>
      </trkpt>
      <trkpt lat="36.865013" lon="138.257741">
        <ele>1139.0765984021223</ele>
      </trkpt>
      <trkpt lat="36.86503" lon="138.257735">
        <ele>1139.091972504827</ele>
      </trkpt>
      <trkpt lat="36.86505" lon="138.257725">
        <ele>1139.0583622702634</ele>
      </trkpt>
      <trkpt lat="36.865071" lon="138.257714">
        <ele>1138.9964499373464</ele>
      </trkpt>
      <trkpt lat="36.865083" lon="138.257704">
        <ele>1138.8857636066862</ele>
      </trkpt>
      <trkpt lat="36.865097" lon="138.257699">
        <ele>1138.8404272549415</ele>
      </trkpt>
      <trkpt lat="36.865111" lon="138.25769">
        <ele>1138.7045625083442</ele>
      </trkpt>
      <trkpt lat="36.865131" lon="138.257683">
        <ele>1138.6325260595356</ele>
      </trkpt>
      <trkpt lat="36.865172" lon="138.257672">
        <ele>1138.4745869308294</ele>
      </trkpt>
      <trkpt lat="36.865195" lon="138.257665">
        <ele>1138.3729076786383</ele>
      </trkpt>
      <trkpt lat="36.865213" lon="138.257662">
        <ele>1138.3490755377495</ele>
      </trkpt>
      <trkpt lat="36.865229" lon="138.257658">
        <ele>1138.298583033909</ele>
      </trkpt>
      <trkpt lat="36.865245" lon="138.257656">
        <ele>1138.2893371311393</ele>
      </trkpt>
      <trkpt lat="36.865289" lon="138.257647">
        <ele>1138.1704472221904</ele>
      </trkpt>
      <trkpt lat="36.865313" lon="138.257636">
        <ele>1137.961895004893</ele>
      </trkpt>
      <trkpt lat="36.86533" lon="138.25763">
        <ele>1137.8538319394231</ele>
      </trkpt>
      <trkpt lat="36.865347" lon="138.257628">
        <ele>1137.8461674483497</ele>
      </trkpt>
      <trkpt lat="36.865342" lon="138.257648">
        <ele>1138.27433684906</ele>
      </trkpt>
      <trkpt lat="36.865346" lon="138.257661">
        <ele>1138.5737628576815</ele>
      </trkpt>
      <trkpt lat="36.865357" lon="138.257663">
        <ele>1138.6500739824962</ele>
      </trkpt>
      <trkpt lat="36.865363" lon="138.257674">
        <ele>1138.91105185994</ele>
      </trkpt>
      <trkpt lat="36.865396" lon="138.257686">
        <ele>1139.2728048956494</ele>
      </trkpt>
      <trkpt lat="36.865415" lon="138.257693">
        <ele>1139.473587346273</ele>
      </trkpt>
      <trkpt lat="36.865453" lon="138.257711">
        <ele>1139.9007862808658</ele>
      </trkpt>
      <trkpt lat="36.86547" lon="138.257723">
        <ele>1140.1492391017744</ele>
      </trkpt>
      <trkpt lat="36.865483" lon="138.257742">
        <ele>1140.5179458303726</ele>
      </trkpt>
      <trkpt lat="36.865487" lon="138.257763">
        <ele>1140.9087968667295</ele>
      </trkpt>
      <trkpt lat="36.865495" lon="138.257782">
        <ele>1141.2605336407023</ele>
      </trkpt>
      <trkpt lat="36.865504" lon="138.257806">
        <ele>1141.6482170313611</ele>
      </trkpt>
      <trkpt lat="36.865513" lon="138.257828">
        <ele>1141.9814311821956</ele>
      </trkpt>
      <trkpt lat="36.86552" lon="138.257851">
        <ele>1142.3297914308505</ele>
      </trkpt>
      <trkpt lat="36.86553" lon="138.25787">
        <ele>1142.6175672888296</ele>
      </trkpt>
      <trkpt lat="36.86556" lon="138.257903">
        <ele>1142.900809918112</ele>
      </trkpt>
      <trkpt lat="36.865571" lon="138.257918">
        <ele>1142.9940203070648</ele>
      </trkpt>
      <trkpt lat="36.865581" lon="138.257933">
        <ele>1143.093055780093</ele>
      </trkpt>
      <trkpt lat="36.865599" lon="138.257954">
        <ele>1143.2084050522192</ele>
      </trkpt>
      <trkpt lat="36.865609" lon="138.257962">
        <ele>1143.2315557385273</ele>
      </trkpt>
      <trkpt lat="36.865624" lon="138.257968">
        <ele>1143.1555877263663</ele>
      </trkpt>
      <trkpt lat="36.865638" lon="138.257975">
        <ele>1143.0821942381103</ele>
      </trkpt>
      <trkpt lat="36.865651" lon="138.257975">
        <ele>1142.9686048283247</ele>
      </trkpt>
      <trkpt lat="36.865684" lon="138.257975">
        <ele>1142.677228224804</ele>
      </trkpt>
      <trkpt lat="36.865697" lon="138.257973">
        <ele>1142.528200538026</ele>
      </trkpt>
      <trkpt lat="36.865709" lon="138.257979">
        <ele>1142.4427009404758</ele>
      </trkpt>
      <trkpt lat="36.865723" lon="138.257979">
        <ele>1142.295775156001</ele>
      </trkpt>
      <trkpt lat="36.865737" lon="138.257977">
        <ele>1142.1367277700137</ele>
      </trkpt>
      <trkpt lat="36.865749" lon="138.257977">
        <ele>1142.0111985432666</ele>
      </trkpt>
      <trkpt lat="36.865764" lon="138.25798">
        <ele>1141.871095029886</ele>
      </trkpt>
      <trkpt lat="36.865788" lon="138.257991">
        <ele>1141.6759651116479</ele>
      </trkpt>
      <trkpt lat="36.865815" lon="138.258002">
        <ele>1141.4392217609557</ele>
      </trkpt>
      <trkpt lat="36.86584" lon="138.258013">
        <ele>1141.2443381595117</ele>
      </trkpt>
      <trkpt lat="36.865866" lon="138.258022">
        <ele>1141.029188583192</ele>
      </trkpt>
      <trkpt lat="36.86588" lon="138.258026">
        <ele>1140.9069744439219</ele>
      </trkpt>
      <trkpt lat="36.865889" lon="138.258023">
        <ele>1140.809158641767</ele>
      </trkpt>
      <trkpt lat="36.865914" lon="138.25803">
        <ele>1140.6223444925004</ele>
      </trkpt>
      <trkpt lat="36.86593" lon="138.258035">
        <ele>1140.5011157373694</ele>
      </trkpt>
      <trkpt lat="36.865951" lon="138.258032">
        <ele>1140.3146474813998</ele>
      </trkpt>
      <trkpt lat="36.865969" lon="138.258035">
        <ele>1140.1683553943901</ele>
      </trkpt>
      <trkpt lat="36.866005" lon="138.258043">
        <ele>1139.8733011639038</ele>
      </trkpt>
      <trkpt lat="36.866025" lon="138.258038">
        <ele>1139.694068352073</ele>
      </trkpt>
      <trkpt lat="36.866043" lon="138.25803">
        <ele>1139.5479076920333</ele>
      </trkpt>
      <trkpt lat="36.866062" lon="138.258024">
        <ele>1139.3933453618308</ele>
      </trkpt>
      <trkpt lat="36.866085" lon="138.258029">
        <ele>1139.2277261048253</ele>
      </trkpt>
      <trkpt lat="36.866103" lon="138.258032">
        <ele>1139.0797314505576</ele>
      </trkpt>
      <trkpt lat="36.866123" lon="138.258037">
        <ele>1138.8928689544746</ele>
      </trkpt>
      <trkpt lat="36.866137" lon="138.258042">
        <ele>1138.7593443912929</ele>
      </trkpt>
      <trkpt lat="36.866179" lon="138.258044">
        <ele>1138.3583046965273</ele>
      </trkpt>
      <trkpt lat="36.866193" lon="138.258038">
        <ele>1138.2321732823957</ele>
      </trkpt>
      <trkpt lat="36.866212" lon="138.258025">
        <ele>1138.0523876643128</ele>
      </trkpt>
      <trkpt lat="36.866232" lon="138.258021">
        <ele>1137.8638691123583</ele>
      </trkpt>
      <trkpt lat="36.866242" lon="138.25801">
        <ele>1137.726367130519</ele>
      </trkpt>
      <trkpt lat="36.866264" lon="138.257991">
        <ele>1137.4401972297</ele>
      </trkpt>
      <trkpt lat="36.866281" lon="138.257985">
        <ele>1137.231611662649</ele>
      </trkpt>
      <trkpt lat="36.866299" lon="138.257977">
        <ele>1137.0144949714293</ele>
      </trkpt>
      <trkpt lat="36.866311" lon="138.257962">
        <ele>1136.8430915510419</ele>
      </trkpt>
      <trkpt lat="36.866319" lon="138.257942">
        <ele>1136.6203235117164</ele>
      </trkpt>
      <trkpt lat="36.866333" lon="138.257925">
        <ele>1136.3314452784343</ele>
      </trkpt>
      <trkpt lat="36.866347" lon="138.257915">
        <ele>1136.0858648032668</ele>
      </trkpt>
      <trkpt lat="36.866359" lon="138.257908">
        <ele>1135.886735359095</ele>
      </trkpt>
      <trkpt lat="36.866372" lon="138.257902">
        <ele>1135.673852231866</ele>
      </trkpt>
      <trkpt lat="36.866383" lon="138.25789">
        <ele>1135.4417172756748</ele>
      </trkpt>
      <trkpt lat="36.866417" lon="138.257852">
        <ele>1134.6107224062787</ele>
      </trkpt>
      <trkpt lat="36.866432" lon="138.257839">
        <ele>1134.249265881279</ele>
      </trkpt>
      <trkpt lat="36.866449" lon="138.257832">
        <ele>1133.9034614058846</ele>
      </trkpt>
      <trkpt lat="36.866463" lon="138.257823">
        <ele>1133.589123888539</ele>
      </trkpt>
      <trkpt lat="36.866497" lon="138.2578">
        <ele>1132.8340339700617</ele>
      </trkpt>
      <trkpt lat="36.866512" lon="138.2578">
        <ele>1132.575284493389</ele>
      </trkpt>
      <trkpt lat="36.866539" lon="138.257804">
        <ele>1132.096748620063</ele>
      </trkpt>
      <trkpt lat="36.866568" lon="138.257815">
        <ele>1131.6374381102162</ele>
      </trkpt>
      <trkpt lat="36.866614" lon="138.257844">
        <ele>1131.023953591818</ele>
      </trkpt>
      <trkpt lat="36.866633" lon="138.25786">
        <ele>1130.7890987826513</ele>
      </trkpt>
      <trkpt lat="36.866652" lon="138.257878">
        <ele>1130.5307911499413</ele>
      </trkpt>
      <trkpt lat="36.866673" lon="138.257897">
        <ele>1130.1247773516002</ele>
      </trkpt>
      <trkpt lat="36.866705" lon="138.257916">
        <ele>1129.4944940683445</ele>
      </trkpt>
      <trkpt lat="36.866721" lon="138.257934">
        <ele>1129.1845961060058</ele>
      </trkpt>
      <trkpt lat="36.866741" lon="138.257954">
        <ele>1128.7699878894073</ele>
      </trkpt>
      <trkpt lat="36.866757" lon="138.257966">
        <ele>1128.3962284163115</ele>
      </trkpt>
      <trkpt lat="36.866778" lon="138.257967">
        <ele>1127.9300346104549</ele>
      </trkpt>
      <trkpt lat="36.866796" lon="138.25796">
        <ele>1127.5934039908939</ele>
      </trkpt>
      <trkpt lat="36.866807" lon="138.257957">
        <ele>1127.3726295774811</ele>
      </trkpt>
      <trkpt lat="36.866826" lon="138.25795">
        <ele>1126.993410213758</ele>
      </trkpt>
      <trkpt lat="36.866841" lon="138.257943">
        <ele>1126.695743404329</ele>
      </trkpt>
      <trkpt lat="36.866869" lon="138.25792">
        <ele>1126.1369722822374</ele>
      </trkpt>
      <trkpt lat="36.866883" lon="138.257913">
        <ele>1125.8530813737593</ele>
      </trkpt>
      <trkpt lat="36.866897" lon="138.257911">
        <ele>1125.5626656573422</ele>
      </trkpt>
      <trkpt lat="36.866908" lon="138.257907">
        <ele>1125.3403861054358</ele>
      </trkpt>
      <trkpt lat="36.866919" lon="138.257893">
        <ele>1125.142133935099</ele>
      </trkpt>
      <trkpt lat="36.86692" lon="138.257882">
        <ele>1125.1459213110159</ele>
      </trkpt>
      <trkpt lat="36.866925" lon="138.257846">
        <ele>1124.8804639467744</ele>
      </trkpt>
      <trkpt lat="36.86693" lon="138.257821">
        <ele>1124.6256059709012</ele>
      </trkpt>
      <trkpt lat="36.866935" lon="138.257797">
        <ele>1124.376573410165</ele>
      </trkpt>
      <trkpt lat="36.866939" lon="138.257779">
        <ele>1124.1311424330847</ele>
      </trkpt>
      <trkpt lat="36.866948" lon="138.257763">
        <ele>1123.7570659685082</ele>
      </trkpt>
      <trkpt lat="36.866963" lon="138.25775">
        <ele>1123.276434436842</ele>
      </trkpt>
      <trkpt lat="36.866984" lon="138.257746">
        <ele>1122.757178760169</ele>
      </trkpt>
      <trkpt lat="36.867008" lon="138.257751">
        <ele>1122.2582846568903</ele>
      </trkpt>
      <trkpt lat="36.867026" lon="138.257769">
        <ele>1122.0485852714633</ele>
      </trkpt>
      <trkpt lat="36.86705" lon="138.257791">
        <ele>1121.737597492617</ele>
      </trkpt>
      <trkpt lat="36.867063" lon="138.257811">
        <ele>1121.5268196522002</ele>
      </trkpt>
      <trkpt lat="36.867079" lon="138.257829">
        <ele>1121.1992967026133</ele>
      </trkpt>
      <trkpt lat="36.867092" lon="138.257849">
        <ele>1120.9539762598333</ele>
      </trkpt>
      <trkpt lat="36.867129" lon="138.257893">
        <ele>1119.9911874950767</ele>
      </trkpt>
      <trkpt lat="36.86714" lon="138.257912">
        <ele>1119.5800094157455</ele>
      </trkpt>
      <trkpt lat="36.867154" lon="138.257927">
        <ele>1119.083165734361</ele>
      </trkpt>
      <trkpt lat="36.867183" lon="138.257963">
        <ele>1117.9988291506197</ele>
      </trkpt>
      <trkpt lat="36.86719" lon="138.25798">
        <ele>1117.5963004334371</ele>
      </trkpt>
      <trkpt lat="36.867201" lon="138.257985">
        <ele>1117.1494962377838</ele>
      </trkpt>
      <trkpt lat="36.867214" lon="138.257992">
        <ele>1116.5873160967622</ele>
      </trkpt>
      <trkpt lat="36.867243" lon="138.258007">
        <ele>1115.3184650762635</ele>
      </trkpt>
      <trkpt lat="36.867258" lon="138.258024">
        <ele>1114.533257492111</ele>
      </trkpt>
      <trkpt lat="36.867272" lon="138.25804">
        <ele>1113.7374118182552</ele>
      </trkpt>
      <trkpt lat="36.867281" lon="138.258059">
        <ele>1112.9972458803995</ele>
      </trkpt>
      <trkpt lat="36.867289" lon="138.258075">
        <ele>1112.3031239498725</ele>
      </trkpt>
      <trkpt lat="36.867301" lon="138.25808">
        <ele>1111.66497039016</ele>
      </trkpt>
      <trkpt lat="36.867314" lon="138.258071">
        <ele>1111.2865065969297</ele>
      </trkpt>
      <trkpt lat="36.867321" lon="138.258057">
        <ele>1111.2855649866935</ele>
      </trkpt>
      <trkpt lat="36.867321" lon="138.258035">
        <ele>1111.6826193401666</ele>
      </trkpt>
      <trkpt lat="36.867326" lon="138.258012">
        <ele>1111.8112888470826</ele>
      </trkpt>
      <trkpt lat="36.867327" lon="138.257999">
        <ele>1111.9642669523141</ele>
      </trkpt>
      <trkpt lat="36.867341" lon="138.257972">
        <ele>1111.7452563312168</ele>
      </trkpt>
      <trkpt lat="36.867353" lon="138.257964">
        <ele>1111.327400606102</ele>
      </trkpt>
      <trkpt lat="36.867382" lon="138.257946">
        <ele>1110.2140374239514</ele>
      </trkpt>
      <trkpt lat="36.867394" lon="138.25793">
        <ele>1109.843625923498</ele>
      </trkpt>
      <trkpt lat="36.867398" lon="138.257914">
        <ele>1109.834576026386</ele>
      </trkpt>
      <trkpt lat="36.86741" lon="138.257894">
        <ele>1109.5223386088896</ele>
      </trkpt>
      <trkpt lat="36.867421" lon="138.257879">
        <ele>1109.223714139167</ele>
      </trkpt>
      <trkpt lat="36.867448" lon="138.257846">
        <ele>1108.2780377361737</ele>
      </trkpt>
      <trkpt lat="36.867452" lon="138.257821">
        <ele>1108.2455376494459</ele>
      </trkpt>
      <trkpt lat="36.867453" lon="138.257799">
        <ele>1108.3224417741144</ele>
      </trkpt>
      <trkpt lat="36.867464" lon="138.257777">
        <ele>1107.9090585001857</ele>
      </trkpt>
      <trkpt lat="36.86747" lon="138.257756">
        <ele>1107.6235642264303</ele>
      </trkpt>
      <trkpt lat="36.867479" lon="138.257735">
        <ele>1107.216849722175</ele>
      </trkpt>
      <trkpt lat="36.867493" lon="138.257719">
        <ele>1106.628572643529</ele>
      </trkpt>
      <trkpt lat="36.867516" lon="138.257688">
        <ele>1105.5190020051264</ele>
      </trkpt>
      <trkpt lat="36.867524" lon="138.257674">
        <ele>1105.0561139832857</ele>
      </trkpt>
      <trkpt lat="36.867536" lon="138.257652">
        <ele>1104.3655409331673</ele>
      </trkpt>
      <trkpt lat="36.867546" lon="138.257629">
        <ele>1103.731562456489</ele>
      </trkpt>
      <trkpt lat="36.867566" lon="138.257597">
        <ele>1102.4249216441258</ele>
      </trkpt>
      <trkpt lat="36.867578" lon="138.257582">
        <ele>1101.6708776728499</ele>
      </trkpt>
      <trkpt lat="36.867594" lon="138.257568">
        <ele>1100.7879443213383</ele>
      </trkpt>
      <trkpt lat="36.867612" lon="138.25756">
        <ele>1099.9195782816978</ele>
      </trkpt>
      <trkpt lat="36.867626" lon="138.257564">
        <ele>1099.4028809655233</ele>
      </trkpt>
      <trkpt lat="36.867638" lon="138.257574">
        <ele>1099.0824977739026</ele>
      </trkpt>
      <trkpt lat="36.867646" lon="138.257598">
        <ele>1099.1920256867086</ele>
      </trkpt>
      <trkpt lat="36.867654" lon="138.257618">
        <ele>1099.2265426711713</ele>
      </trkpt>
      <trkpt lat="36.867668" lon="138.257635">
        <ele>1098.7953229842162</ele>
      </trkpt>
      <trkpt lat="36.867681" lon="138.257652">
        <ele>1098.3814651249454</ele>
      </trkpt>
      <trkpt lat="36.867695" lon="138.257662">
        <ele>1097.842631851161</ele>
      </trkpt>
      <trkpt lat="36.867714" lon="138.257668">
        <ele>1097.0407871058917</ele>
      </trkpt>
      <trkpt lat="36.867743" lon="138.257666">
        <ele>1095.7082767104025</ele>
      </trkpt>
      <trkpt lat="36.86776" lon="138.257658">
        <ele>1094.769067404315</ele>
      </trkpt>
      <trkpt lat="36.867774" lon="138.25765">
        <ele>1093.9908950246954</ele>
      </trkpt>
      <trkpt lat="36.867787" lon="138.257645">
        <ele>1093.294058579823</ele>
      </trkpt>
      <trkpt lat="36.8678" lon="138.25764">
        <ele>1092.601633522838</ele>
      </trkpt>
      <trkpt lat="36.86781" lon="138.257631">
        <ele>1092.0358165844482</ele>
      </trkpt>
      <trkpt lat="36.867813" lon="138.257611">
        <ele>1091.6849895851087</ele>
      </trkpt>
      <trkpt lat="36.867818" lon="138.257589">
        <ele>1091.099366668572</ele>
      </trkpt>
      <trkpt lat="36.867822" lon="138.257574">
        <ele>1090.6768410386055</ele>
      </trkpt>
      <trkpt lat="36.867816" lon="138.257554">
        <ele>1090.6802598510044</ele>
      </trkpt>
      <trkpt lat="36.86779" lon="138.257512">
        <ele>1091.1444190511027</ele>
      </trkpt>
      <trkpt lat="36.867784" lon="138.257495">
        <ele>1091.036836630059</ele>
      </trkpt>
      <trkpt lat="36.867787" lon="138.257476">
        <ele>1090.4604399081584</ele>
      </trkpt>
      <trkpt lat="36.867794" lon="138.257459">
        <ele>1089.7512944287912</ele>
      </trkpt>
      <trkpt lat="36.867811" lon="138.257439">
        <ele>1088.499841317399</ele>
      </trkpt>
      <trkpt lat="36.867821" lon="138.257443">
        <ele>1088.1561219435973</ele>
      </trkpt>
      <trkpt lat="36.867837" lon="138.25745">
        <ele>1087.6002217801838</ele>
      </trkpt>
      <trkpt lat="36.867852" lon="138.257447">
        <ele>1086.858920784403</ele>
      </trkpt>
      <trkpt lat="36.867868" lon="138.257447">
        <ele>1086.1362016880817</ele>
      </trkpt>
      <trkpt lat="36.867883" lon="138.257435">
        <ele>1085.1465905313366</ele>
      </trkpt>
      <trkpt lat="36.867893" lon="138.257425">
        <ele>1084.4180793135138</ele>
      </trkpt>
      <trkpt lat="36.867908" lon="138.257426">
        <ele>1083.7327054375578</ele>
      </trkpt>
      <trkpt lat="36.867927" lon="138.257432">
        <ele>1082.9768075072236</ele>
      </trkpt>
      <trkpt lat="36.867955" lon="138.25745">
        <ele>1082.0246579657771</ele>
      </trkpt>
      <trkpt lat="36.867969" lon="138.257448">
        <ele>1081.2986513960898</ele>
      </trkpt>
      <trkpt lat="36.868007" lon="138.257464">
        <ele>1079.6610068303307</ele>
      </trkpt>
      <trkpt lat="36.868032" lon="138.257479">
        <ele>1078.6221977364125</ele>
      </trkpt>
      <trkpt lat="36.868056" lon="138.25749">
        <ele>1077.5385885284331</ele>
      </trkpt>
      <trkpt lat="36.868066" lon="138.257487">
        <ele>1076.9832506234713</ele>
      </trkpt>
      <trkpt lat="36.868077" lon="138.25748">
        <ele>1076.331186474831</ele>
      </trkpt>
      <trkpt lat="36.868087" lon="138.257468">
        <ele>1075.6810110694666</ele>
      </trkpt>
      <trkpt lat="36.868082" lon="138.257457">
        <ele>1075.802897376339</ele>
      </trkpt>
      <trkpt lat="36.86808" lon="138.257444">
        <ele>1075.7347599725674</ele>
      </trkpt>
      <trkpt lat="36.868094" lon="138.257434">
        <ele>1074.8707408189327</ele>
      </trkpt>
      <trkpt lat="36.868105" lon="138.257438">
        <ele>1074.3979299562698</ele>
      </trkpt>
      <trkpt lat="36.868118" lon="138.257448">
        <ele>1073.9126209533633</ele>
      </trkpt>
      <trkpt lat="36.868128" lon="138.257458">
        <ele>1073.5264883891243</ele>
      </trkpt>
      <trkpt lat="36.868139" lon="138.257464">
        <ele>1073.044102673974</ele>
      </trkpt>
      <trkpt lat="36.86815" lon="138.257468">
        <ele>1072.538362324265</ele>
      </trkpt>
      <trkpt lat="36.86817" lon="138.257463">
        <ele>1071.5081069172122</ele>
      </trkpt>
      <trkpt lat="36.868172" lon="138.257447">
        <ele>1071.2527348979265</ele>
      </trkpt>
      <trkpt lat="36.868175" lon="138.257421">
        <ele>1070.7274172373204</ele>
      </trkpt>
      <trkpt lat="36.868176" lon="138.2574">
        <ele>1070.3694787459158</ele>
      </trkpt>
      <trkpt lat="36.86818" lon="138.257378">
        <ele>1069.8567933415252</ele>
      </trkpt>
      <trkpt lat="36.868197" lon="138.257381">
        <ele>1069.1027547391252</ele>
      </trkpt>
      <trkpt lat="36.868215" lon="138.25739">
        <ele>1068.3846728182239</ele>
      </trkpt>
      <trkpt lat="36.868236" lon="138.257393">
        <ele>1067.455865179075</ele>
      </trkpt>
      <trkpt lat="36.868269" lon="138.257418">
        <ele>1066.2777908659573</ele>
      </trkpt>
      <trkpt lat="36.868267" lon="138.257404">
        <ele>1066.18477949562</ele>
      </trkpt>
      <trkpt lat="36.868264" lon="138.257391">
        <ele>1066.149748734976</ele>
      </trkpt>
      <trkpt lat="36.868267" lon="138.257375">
        <ele>1065.8010346065078</ele>
      </trkpt>
      <trkpt lat="36.868294" lon="138.257378">
        <ele>1064.6137523844081</ele>
      </trkpt>
      <trkpt lat="36.868308" lon="138.257391">
        <ele>1064.1405203166728</ele>
      </trkpt>
      <trkpt lat="36.868319" lon="138.257397">
        <ele>1063.7123146915544</ele>
      </trkpt>
      <trkpt lat="36.868327" lon="138.257383">
        <ele>1063.1751822973015</ele>
      </trkpt>
      <trkpt lat="36.868326" lon="138.257371">
        <ele>1063.073932805853</ele>
      </trkpt>
      <trkpt lat="36.868319" lon="138.257364">
        <ele>1063.3047555580147</ele>
      </trkpt>
      <trkpt lat="36.868319" lon="138.257351">
        <ele>1063.082487445925</ele>
      </trkpt>
      <trkpt lat="36.868329" lon="138.257347">
        <ele>1062.5600930761216</ele>
      </trkpt>
      <trkpt lat="36.86835" lon="138.257348">
        <ele>1061.6394389635816</ele>
      </trkpt>
      <trkpt lat="36.868374" lon="138.257348">
        <ele>1060.6003841666516</ele>
      </trkpt>
      <trkpt lat="36.868409" lon="138.257345">
        <ele>1059.0697836202107</ele>
      </trkpt>
      <trkpt lat="36.868426" lon="138.257343">
        <ele>1058.3168617085555</ele>
      </trkpt>
      <trkpt lat="36.86845" lon="138.25735">
        <ele>1057.3753385057196</ele>
      </trkpt>
      <trkpt lat="36.868476" lon="138.257349">
        <ele>1056.2003010711737</ele>
      </trkpt>
      <trkpt lat="36.86848" lon="138.257338">
        <ele>1055.8584293894226</ele>
      </trkpt>
      <trkpt lat="36.86847" lon="138.257318">
        <ele>1055.9907880108494</ele>
      </trkpt>
      <trkpt lat="36.86846" lon="138.257306">
        <ele>1056.2299263585048</ele>
      </trkpt>
      <trkpt lat="36.868448" lon="138.257292">
        <ele>1056.5073678048082</ele>
      </trkpt>
      <trkpt lat="36.86846" lon="138.257283">
        <ele>1055.8643967636501</ele>
      </trkpt>
      <trkpt lat="36.86847" lon="138.25729">
        <ele>1055.5600481215545</ele>
      </trkpt>
      <trkpt lat="36.868486" lon="138.257299">
        <ele>1055.0262153272208</ele>
      </trkpt>
      <trkpt lat="36.868504" lon="138.257311">
        <ele>1054.428319747102</ele>
      </trkpt>
      <trkpt lat="36.868515" lon="138.257327">
        <ele>1054.1643972051456</ele>
      </trkpt>
      <trkpt lat="36.868532" lon="138.257343">
        <ele>1053.621206909106</ele>
      </trkpt>
      <trkpt lat="36.86856" lon="138.257363">
        <ele>1052.5875178859212</ele>
      </trkpt>
      <trkpt lat="36.868597" lon="138.257392">
        <ele>1050.8329246547896</ele>
      </trkpt>
      <trkpt lat="36.868597" lon="138.257374">
        <ele>1050.8003824041753</ele>
      </trkpt>
      <trkpt lat="36.868591" lon="138.257355">
        <ele>1051.013987325557</ele>
      </trkpt>
      <trkpt lat="36.86856" lon="138.25731">
        <ele>1051.9822583333794</ele>
      </trkpt>
      <trkpt lat="36.868549" lon="138.257292">
        <ele>1052.239798098979</ele>
      </trkpt>
      <trkpt lat="36.868542" lon="138.257277">
        <ele>1052.3524687223016</ele>
      </trkpt>
      <trkpt lat="36.86853" lon="138.257263">
        <ele>1052.598634705702</ele>
      </trkpt>
      <trkpt lat="36.868523" lon="138.257246">
        <ele>1052.5496713945572</ele>
      </trkpt>
      <trkpt lat="36.868518" lon="138.257236">
        <ele>1052.5532049515136</ele>
      </trkpt>
      <trkpt lat="36.86855" lon="138.257242">
        <ele>1051.358828190299</ele>
      </trkpt>
      <trkpt lat="36.868577" lon="138.257243">
        <ele>1050.2195925966842</ele>
      </trkpt>
      <trkpt lat="36.86863" lon="138.257256">
        <ele>1048.0207400382385</ele>
      </trkpt>
      <trkpt lat="36.868645" lon="138.257254">
        <ele>1047.2880567655466</ele>
      </trkpt>
      <trkpt lat="36.868654" lon="138.257242">
        <ele>1046.6809178769706</ele>
      </trkpt>
      <trkpt lat="36.868654" lon="138.257221">
        <ele>1046.3588157476943</ele>
      </trkpt>
      <trkpt lat="36.868643" lon="138.257201">
        <ele>1046.5394740856896</ele>
      </trkpt>
      <trkpt lat="36.868634" lon="138.257173">
        <ele>1046.3701074566352</ele>
      </trkpt>
      <trkpt lat="36.86862" lon="138.257153">
        <ele>1046.4981251999543</ele>
      </trkpt>
      <trkpt lat="36.868605" lon="138.257139">
        <ele>1046.7948307810905</ele>
      </trkpt>
      <trkpt lat="36.868588" lon="138.257098">
        <ele>1046.4650848281556</ele>
      </trkpt>
      <trkpt lat="36.868572" lon="138.257061">
        <ele>1046.0012709751998</ele>
      </trkpt>
      <trkpt lat="36.8686" lon="138.257073">
        <ele>1045.2491336260396</ele>
      </trkpt>
      <trkpt lat="36.868622" lon="138.257082">
        <ele>1044.629999242703</ele>
      </trkpt>
      <trkpt lat="36.868635" lon="138.257088">
        <ele>1044.2768928209325</ele>
      </trkpt>
      <trkpt lat="36.868643" lon="138.257078">
        <ele>1043.6778710579079</ele>
      </trkpt>
      <trkpt lat="36.868632" lon="138.257068">
        <ele>1043.8365022333496</ele>
      </trkpt>
      <trkpt lat="36.86863" lon="138.257055">
        <ele>1043.5500221083716</ele>
      </trkpt>
      <trkpt lat="36.868644" lon="138.257044">
        <ele>1042.6977485393604</ele>
      </trkpt>
      <trkpt lat="36.868657" lon="138.25704">
        <ele>1042.0848107873567</ele>
      </trkpt>
      <trkpt lat="36.868673" lon="138.257045">
        <ele>1041.5999052324312</ele>
      </trkpt>
      <trkpt lat="36.868688" lon="138.257029">
        <ele>1040.599198673383</ele>
      </trkpt>
      <trkpt lat="36.868685" lon="138.257014">
        <ele>1040.3064536188251</ele>
      </trkpt>
      <trkpt lat="36.868675" lon="138.256999">
        <ele>1040.2229184817681</ele>
      </trkpt>
      <trkpt lat="36.868671" lon="138.256983">
        <ele>1039.879634103108</ele>
      </trkpt>
      <trkpt lat="36.868664" lon="138.256972">
        <ele>1039.8000361321367</ele>
      </trkpt>
      <trkpt lat="36.868657" lon="138.256961">
        <ele>1039.7178251420955</ele>
      </trkpt>
      <trkpt lat="36.868644" lon="138.256945">
        <ele>1039.6968410106754</ele>
      </trkpt>
      <trkpt lat="36.868618" lon="138.256915">
        <ele>1039.6100102063876</ele>
      </trkpt>
      <trkpt lat="36.868608" lon="138.256901">
        <ele>1039.462789066002</ele>
      </trkpt>
      <trkpt lat="36.868601" lon="138.256886">
        <ele>1039.1782229927346</ele>
      </trkpt>
      <trkpt lat="36.868605" lon="138.256871">
        <ele>1038.5328974839067</ele>
      </trkpt>
      <trkpt lat="36.868608" lon="138.256854">
        <ele>1037.8533386940242</ele>
      </trkpt>
      <trkpt lat="36.868618" lon="138.256844">
        <ele>1037.1886197620001</ele>
      </trkpt>
      <trkpt lat="36.868635" lon="138.256831">
        <ele>1036.1904699973716</ele>
      </trkpt>
      <trkpt lat="36.868649" lon="138.256815">
        <ele>1035.1972196042893</ele>
      </trkpt>
      <trkpt lat="36.868659" lon="138.256804">
        <ele>1034.5116918155722</ele>
      </trkpt>
      <trkpt lat="36.868679" lon="138.256804">
        <ele>1033.8990542442978</ele>
      </trkpt>
      <trkpt lat="36.868703" lon="138.256812">
        <ele>1033.4250174354686</ele>
      </trkpt>
      <trkpt lat="36.868726" lon="138.256815">
        <ele>1032.7233493526878</ele>
      </trkpt>
      <trkpt lat="36.868749" lon="138.256822">
        <ele>1032.133797853759</ele>
      </trkpt>
      <trkpt lat="36.868769" lon="138.256802">
        <ele>1030.843712075254</ele>
      </trkpt>
      <trkpt lat="36.868763" lon="138.256765">
        <ele>1029.9538229579055</ele>
      </trkpt>
      <trkpt lat="36.868752" lon="138.256749">
        <ele>1029.8304070070294</ele>
      </trkpt>
      <trkpt lat="36.868739" lon="138.256733">
        <ele>1029.75815389732</ele>
      </trkpt>
      <trkpt lat="36.868727" lon="138.256718">
        <ele>1029.6718530624737</ele>
      </trkpt>
      <trkpt lat="36.868727" lon="138.256697">
        <ele>1029.0279608019373</ele>
      </trkpt>
      <trkpt lat="36.868745" lon="138.256685">
        <ele>1028.1289088954152</ele>
      </trkpt>
      <trkpt lat="36.868755" lon="138.256684">
        <ele>1027.8041344466062</ele>
      </trkpt>
      <trkpt lat="36.868768" lon="138.256689">
        <ele>1027.5673445228979</ele>
      </trkpt>
      <trkpt lat="36.868777" lon="138.256696">
        <ele>1027.494552406715</ele>
      </trkpt>
      <trkpt lat="36.868787" lon="138.256703">
        <ele>1027.3760505511991</ele>
      </trkpt>
      <trkpt lat="36.868796" lon="138.256707">
        <ele>1027.1990979232155</ele>
      </trkpt>
      <trkpt lat="36.868787" lon="138.256677">
        <ele>1026.6383110697116</ele>
      </trkpt>
      <trkpt lat="36.868783" lon="138.25666">
        <ele>1026.2890284277537</ele>
      </trkpt>
      <trkpt lat="36.868771" lon="138.256638">
        <ele>1026.0318159898707</ele>
      </trkpt>
      <trkpt lat="36.86876" lon="138.256628">
        <ele>1026.0463180272477</ele>
      </trkpt>
      <trkpt lat="36.868748" lon="138.256617">
        <ele>1026.046712405284</ele>
      </trkpt>
      <trkpt lat="36.868724" lon="138.2566">
        <ele>1026.1592680550748</ele>
      </trkpt>
      <trkpt lat="36.868718" lon="138.256585">
        <ele>1025.85614438394</ele>
      </trkpt>
      <trkpt lat="36.86872" lon="138.256574">
        <ele>1025.489402128257</ele>
      </trkpt>
      <trkpt lat="36.868732" lon="138.256563">
        <ele>1024.8800686465336</ele>
      </trkpt>
      <trkpt lat="36.868747" lon="138.256554">
        <ele>1024.2595528915808</ele>
      </trkpt>
      <trkpt lat="36.868765" lon="138.256546">
        <ele>1023.5996176395997</ele>
      </trkpt>
      <trkpt lat="36.868782" lon="138.256539">
        <ele>1022.9840407926963</ele>
      </trkpt>
      <trkpt lat="36.8688" lon="138.256541">
        <ele>1022.5839497073359</ele>
      </trkpt>
      <trkpt lat="36.868819" lon="138.256538">
        <ele>1022.0269097323486</ele>
      </trkpt>
      <trkpt lat="36.868835" lon="138.25654">
        <ele>1021.6744237886295</ele>
      </trkpt>
      <trkpt lat="36.868881" lon="138.256555">
        <ele>1020.7110062302775</ele>
      </trkpt>
      <trkpt lat="36.868904" lon="138.256561">
        <ele>1020.1672877480264</ele>
      </trkpt>
      <trkpt lat="36.868913" lon="138.256549">
        <ele>1019.6255308915715</ele>
      </trkpt>
      <trkpt lat="36.868907" lon="138.256538">
        <ele>1019.5671551836671</ele>
      </trkpt>
      <trkpt lat="36.868902" lon="138.256525">
        <ele>1019.4204842711259</ele>
      </trkpt>
      <trkpt lat="36.868904" lon="138.256507">
        <ele>1018.9617452457406</ele>
      </trkpt>
      <trkpt lat="36.868907" lon="138.256489">
        <ele>1018.4929795618132</ele>
      </trkpt>
      <trkpt lat="36.868913" lon="138.256467">
        <ele>1017.8663795741747</ele>
      </trkpt>
      <trkpt lat="36.868924" lon="138.25644">
        <ele>1017.006118012027</ele>
      </trkpt>
      <trkpt lat="36.868928" lon="138.256413">
        <ele>1016.3458942058392</ele>
      </trkpt>
      <trkpt lat="36.868937" lon="138.256388">
        <ele>1015.5930088857313</ele>
      </trkpt>
      <trkpt lat="36.868947" lon="138.256373">
        <ele>1015.0418315899763</ele>
      </trkpt>
      <trkpt lat="36.868956" lon="138.256361">
        <ele>1014.5884866115822</ele>
      </trkpt>
      <trkpt lat="36.868976" lon="138.256315">
        <ele>1013.2223277680448</ele>
      </trkpt>
      <trkpt lat="36.86899" lon="138.256293">
        <ele>1012.402618764944</ele>
      </trkpt>
      <trkpt lat="36.868995" lon="138.25627">
        <ele>1011.8013852517512</ele>
      </trkpt>
      <trkpt lat="36.869005" lon="138.256242">
        <ele>1010.9815686960617</ele>
      </trkpt>
      <trkpt lat="36.869015" lon="138.256213">
        <ele>1010.1476875689569</ele>
      </trkpt>
      <trkpt lat="36.86902" lon="138.256186">
        <ele>1009.4916992053338</ele>
      </trkpt>
      <trkpt lat="36.869025" lon="138.256159">
        <ele>1008.8494545717738</ele>
      </trkpt>
      <trkpt lat="36.869031" lon="138.256135">
        <ele>1008.204754403769</ele>
      </trkpt>
      <trkpt lat="36.86903" lon="138.256117">
        <ele>1007.8309781058031</ele>
      </trkpt>
      <trkpt lat="36.868999" lon="138.256074">
        <ele>1007.3904517801775</ele>
      </trkpt>
      <trkpt lat="36.868986" lon="138.256058">
        <ele>1007.2122632648548</ele>
      </trkpt>
      <trkpt lat="36.868989" lon="138.25604">
        <ele>1006.7319181426885</ele>
      </trkpt>
      <trkpt lat="36.869003" lon="138.256015">
        <ele>1005.9326786024989</ele>
      </trkpt>
      <trkpt lat="36.869021" lon="138.256002">
        <ele>1005.3805583946062</ele>
      </trkpt>
      <trkpt lat="36.869054" lon="138.255966">
        <ele>1004.1600457252182</ele>
      </trkpt>
      <trkpt lat="36.869071" lon="138.255946">
        <ele>1003.5359119120296</ele>
      </trkpt>
      <trkpt lat="36.869088" lon="138.255929">
        <ele>1003.0030268685925</ele>
      </trkpt>
      <trkpt lat="36.8691" lon="138.255911">
        <ele>1002.534981985615</ele>
      </trkpt>
      <trkpt lat="36.869116" lon="138.255865">
        <ele>1001.6434552526665</ele>
      </trkpt>
      <trkpt lat="36.869127" lon="138.255841">
        <ele>1001.149520929278</ele>
      </trkpt>
      <trkpt lat="36.869139" lon="138.255816">
        <ele>1000.6675722708756</ele>
      </trkpt>
      <trkpt lat="36.869146" lon="138.255791">
        <ele>1000.3387687152265</ele>
      </trkpt>
      <trkpt lat="36.869153" lon="138.255769">
        <ele>1000.0699208343989</ele>
      </trkpt>
      <trkpt lat="36.869165" lon="138.255747">
        <ele>999.8052906771507</ele>
      </trkpt>
      <trkpt lat="36.869197" lon="138.255715">
        <ele>999.4666499958139</ele>
      </trkpt>
      <trkpt lat="36.869218" lon="138.255675">
        <ele>999.2423937374847</ele>
      </trkpt>
      <trkpt lat="36.869233" lon="138.255648">
        <ele>999.137988484656</ele>
      </trkpt>
      <trkpt lat="36.869246" lon="138.255623">
        <ele>999.1294341668784</ele>
      </trkpt>
      <trkpt lat="36.869263" lon="138.255602">
        <ele>999.1113331620069</ele>
      </trkpt>
      <trkpt lat="36.869281" lon="138.255586">
        <ele>999.086365121553</ele>
      </trkpt>
      <trkpt lat="36.869293" lon="138.255571">
        <ele>999.0999083509313</ele>
      </trkpt>
      <trkpt lat="36.869307" lon="138.255552">
        <ele>999.1492007776401</ele>
      </trkpt>
      <trkpt lat="36.869319" lon="138.255534">
        <ele>999.2156107245715</ele>
      </trkpt>
      <trkpt lat="36.869335" lon="138.255514">
        <ele>999.2468102935702</ele>
      </trkpt>
      <trkpt lat="36.86935" lon="138.255505">
        <ele>999.2324694846753</ele>
      </trkpt>
      <trkpt lat="36.869367" lon="138.255494">
        <ele>999.2322554902196</ele>
      </trkpt>
      <trkpt lat="36.869387" lon="138.255472">
        <ele>999.3104099250081</ele>
      </trkpt>
      <trkpt lat="36.869409" lon="138.255447">
        <ele>999.2631211881978</ele>
      </trkpt>
      <trkpt lat="36.869429" lon="138.255422">
        <ele>999.2298711452693</ele>
      </trkpt>
      <trkpt lat="36.869451" lon="138.255406">
        <ele>999.1340383527754</ele>
      </trkpt>
      <trkpt lat="36.869466" lon="138.255391">
        <ele>999.0642233495901</ele>
      </trkpt>
      <trkpt lat="36.869479" lon="138.255372">
        <ele>998.9569897281477</ele>
      </trkpt>
      <trkpt lat="36.869491" lon="138.255357">
        <ele>998.8346568054524</ele>
      </trkpt>
      <trkpt lat="36.869504" lon="138.25534">
        <ele>998.7047508816238</ele>
      </trkpt>
      <trkpt lat="36.869515" lon="138.255323">
        <ele>998.6039718910588</ele>
      </trkpt>
      <trkpt lat="36.86953" lon="138.255314">
        <ele>998.4067668046038</ele>
      </trkpt>
      <trkpt lat="36.869566" lon="138.255326">
        <ele>997.6993175878349</ele>
      </trkpt>
      <trkpt lat="36.869594" lon="138.255342">
        <ele>997.1434312733466</ele>
      </trkpt>
      <trkpt lat="36.869617" lon="138.255357">
        <ele>996.6243500361827</ele>
      </trkpt>
      <trkpt lat="36.869644" lon="138.255361">
        <ele>996.0354103461965</ele>
      </trkpt>
      <trkpt lat="36.869663" lon="138.25536">
        <ele>995.6319872909208</ele>
      </trkpt>
      <trkpt lat="36.869696" lon="138.255356">
        <ele>994.8805622015157</ele>
      </trkpt>
      <trkpt lat="36.869738" lon="138.255355">
        <ele>993.8947431297646</ele>
      </trkpt>
      <trkpt lat="36.86976" lon="138.255346">
        <ele>993.3652308024006</ele>
      </trkpt>
      <trkpt lat="36.869779" lon="138.255327">
        <ele>992.9612364548824</ele>
      </trkpt>
      <trkpt lat="36.869789" lon="138.255312">
        <ele>992.7757108569848</ele>
      </trkpt>
      <trkpt lat="36.869792" lon="138.255301">
        <ele>992.750213785603</ele>
      </trkpt>
      <trkpt lat="36.869799" lon="138.255274">
        <ele>992.5172529553533</ele>
      </trkpt>
      <trkpt lat="36.8698" lon="138.255253">
        <ele>992.4435613962828</ele>
      </trkpt>
      <trkpt lat="36.8698" lon="138.255235">
        <ele>992.4016183562586</ele>
      </trkpt>
      <trkpt lat="36.869796" lon="138.25521">
        <ele>992.4255064261679</ele>
      </trkpt>
      <trkpt lat="36.869799" lon="138.255184">
        <ele>992.1986015609303</ele>
      </trkpt>
      <trkpt lat="36.869797" lon="138.255136">
        <ele>991.9632263161925</ele>
      </trkpt>
      <trkpt lat="36.869799" lon="138.255111">
        <ele>991.7059961541731</ele>
      </trkpt>
      <trkpt lat="36.869794" lon="138.25509">
        <ele>991.6179010037823</ele>
      </trkpt>
      <trkpt lat="36.869797" lon="138.255075">
        <ele>991.4094987198648</ele>
      </trkpt>
      <trkpt lat="36.869824" lon="138.255053">
        <ele>990.5774124621439</ele>
      </trkpt>
      <trkpt lat="36.869855" lon="138.255056">
        <ele>989.8671579122475</ele>
      </trkpt>
      <trkpt lat="36.869885" lon="138.255045">
        <ele>989.0219705150085</ele>
      </trkpt>
      <trkpt lat="36.869897" lon="138.255044">
        <ele>988.6829733862019</ele>
      </trkpt>
      <trkpt lat="36.869902" lon="138.255033">
        <ele>988.4659829103559</ele>
      </trkpt>
      <trkpt lat="36.869902" lon="138.255015">
        <ele>988.3362567221745</ele>
      </trkpt>
      <trkpt lat="36.869913" lon="138.255008">
        <ele>988.0075819084915</ele>
      </trkpt>
      <trkpt lat="36.869934" lon="138.255022">
        <ele>987.5469154550779</ele>
      </trkpt>
      <trkpt lat="36.869942" lon="138.25504">
        <ele>987.3994017930268</ele>
      </trkpt>
      <trkpt lat="36.869952" lon="138.255056">
        <ele>987.1311874610869</ele>
      </trkpt>
      <trkpt lat="36.869965" lon="138.255076">
        <ele>986.7587915351639</ele>
      </trkpt>
      <trkpt lat="36.869977" lon="138.255097">
        <ele>986.4014923888069</ele>
      </trkpt>
      <trkpt lat="36.869983" lon="138.255118">
        <ele>986.2511507369015</ele>
      </trkpt>
      <trkpt lat="36.869992" lon="138.255142">
        <ele>985.9707128427885</ele>
      </trkpt>
      <trkpt lat="36.87001" lon="138.25519">
        <ele>985.3621183847356</ele>
      </trkpt>
      <trkpt lat="36.870013" lon="138.255214">
        <ele>985.281194662693</ele>
      </trkpt>
      <trkpt lat="36.870021" lon="138.255241">
        <ele>984.9215155487417</ele>
      </trkpt>
      <trkpt lat="36.870025" lon="138.255269">
        <ele>984.7409271634187</ele>
      </trkpt>
      <trkpt lat="36.870023" lon="138.255292">
        <ele>984.8312213568021</ele>
      </trkpt>
      <trkpt lat="36.870019" lon="138.25531">
        <ele>984.9565955155066</ele>
      </trkpt>
      <trkpt lat="36.870019" lon="138.255331">
        <ele>984.8342616487298</ele>
      </trkpt>
      <trkpt lat="36.870015" lon="138.255358">
        <ele>984.85756361892</ele>
      </trkpt>
      <trkpt lat="36.870013" lon="138.255381">
        <ele>984.8138730904554</ele>
      </trkpt>
      <trkpt lat="36.870004" lon="138.255408">
        <ele>984.9498314140365</ele>
      </trkpt>
      <trkpt lat="36.869996" lon="138.255438">
        <ele>984.9731335562191</ele>
      </trkpt>
      <trkpt lat="36.869985" lon="138.255503">
        <ele>984.5644922905738</ele>
      </trkpt>
      <trkpt lat="36.869983" lon="138.255525">
        <ele>984.2796672445681</ele>
      </trkpt>
      <trkpt lat="36.869977" lon="138.255549">
        <ele>984.1235278517613</ele>
      </trkpt>
      <trkpt lat="36.869968" lon="138.255566">
        <ele>984.1658064358317</ele>
      </trkpt>
      <trkpt lat="36.869943" lon="138.255609">
        <ele>984.2325319115739</ele>
      </trkpt>
      <trkpt lat="36.869934" lon="138.255635">
        <ele>983.9888041595932</ele>
      </trkpt>
      <trkpt lat="36.869921" lon="138.255696">
        <ele>982.7446531794695</ele>
      </trkpt>
      <trkpt lat="36.86991" lon="138.255719">
        <ele>982.4804634501761</ele>
      </trkpt>
      <trkpt lat="36.869892" lon="138.255738">
        <ele>982.5713443188855</ele>
      </trkpt>
      <trkpt lat="36.869875" lon="138.255762">
        <ele>982.4346061929696</ele>
      </trkpt>
      <trkpt lat="36.869864" lon="138.255792">
        <ele>981.893630338322</ele>
      </trkpt>
      <trkpt lat="36.869866" lon="138.255815">
        <ele>981.0997692937617</ele>
      </trkpt>
      <trkpt lat="36.869884" lon="138.255854">
        <ele>979.2383084831076</ele>
      </trkpt>
      <trkpt lat="36.869892" lon="138.255865">
        <ele>978.6218295557869</ele>
      </trkpt>
      <trkpt lat="36.869892" lon="138.25588">
        <ele>978.1553514353257</ele>
      </trkpt>
      <trkpt lat="36.869878" lon="138.255898">
        <ele>978.065316721101</ele>
      </trkpt>
      <trkpt lat="36.869866" lon="138.255921">
        <ele>977.7812160060515</ele>
      </trkpt>
      <trkpt lat="36.869846" lon="138.255947">
        <ele>977.721796302335</ele>
      </trkpt>
      <trkpt lat="36.869814" lon="138.255991">
        <ele>977.5681869859611</ele>
      </trkpt>
      <trkpt lat="36.869802" lon="138.25601">
        <ele>977.4958204743257</ele>
      </trkpt>
      <trkpt lat="36.869794" lon="138.256035">
        <ele>977.1470440939031</ele>
      </trkpt>
      <trkpt lat="36.869786" lon="138.256081">
        <ele>976.301828036365</ele>
      </trkpt>
      <trkpt lat="36.86978" lon="138.256102">
        <ele>976.1305602556569</ele>
      </trkpt>
      <trkpt lat="36.869774" lon="138.256127">
        <ele>975.8800667137381</ele>
      </trkpt>
      <trkpt lat="36.869754" lon="138.256161">
        <ele>976.0434645401285</ele>
      </trkpt>
      <trkpt lat="36.869746" lon="138.256199">
        <ele>976.000008585446</ele>
      </trkpt>
      <trkpt lat="36.869736" lon="138.256224">
        <ele>976.1863058288227</ele>
      </trkpt>
      <trkpt lat="36.86973" lon="138.256245">
        <ele>976.2680055071313</ele>
      </trkpt>
      <trkpt lat="36.869721" lon="138.256265">
        <ele>976.6116389477875</ele>
      </trkpt>
      <trkpt lat="36.869724" lon="138.256287">
        <ele>976.3674540951358</ele>
      </trkpt>
      <trkpt lat="36.869734" lon="138.256306">
        <ele>975.7935265594169</ele>
      </trkpt>
      <trkpt lat="36.869734" lon="138.256348">
        <ele>975.6179126268653</ele>
      </trkpt>
      <trkpt lat="36.869741" lon="138.256365">
        <ele>975.2441894471015</ele>
      </trkpt>
      <trkpt lat="36.86975" lon="138.256386">
        <ele>974.7552955024223</ele>
      </trkpt>
      <trkpt lat="36.869758" lon="138.256408">
        <ele>974.2955351762096</ele>
      </trkpt>
      <trkpt lat="36.869766" lon="138.256428">
        <ele>973.8666733051311</ele>
      </trkpt>
      <trkpt lat="36.869782" lon="138.256443">
        <ele>973.0880366763893</ele>
      </trkpt>
      <trkpt lat="36.8698" lon="138.256459">
        <ele>972.2043413739018</ele>
      </trkpt>
      <trkpt lat="36.869816" lon="138.256469">
        <ele>971.4694392012289</ele>
      </trkpt>
      <trkpt lat="36.869836" lon="138.256486">
        <ele>970.5298836298177</ele>
      </trkpt>
      <trkpt lat="36.869866" lon="138.256513">
        <ele>969.0822840712673</ele>
      </trkpt>
      <trkpt lat="36.869886" lon="138.256523">
        <ele>968.2430471065824</ele>
      </trkpt>
      <trkpt lat="36.8699" lon="138.25653">
        <ele>967.6716391355116</ele>
      </trkpt>
      <trkpt lat="36.869916" lon="138.25654">
        <ele>967.0004024352725</ele>
      </trkpt>
      <trkpt lat="36.86993" lon="138.256545">
        <ele>966.4247956871899</ele>
      </trkpt>
      <trkpt lat="36.869946" lon="138.256542">
        <ele>965.8842397012161</ele>
      </trkpt>
      <trkpt lat="36.869966" lon="138.256538">
        <ele>965.3424001161546</ele>
      </trkpt>
      <trkpt lat="36.869986" lon="138.256551">
        <ele>964.6908364163668</ele>
      </trkpt>
      <trkpt lat="36.870002" lon="138.25656">
        <ele>964.1728723541681</ele>
      </trkpt>
      <trkpt lat="36.870022" lon="138.256586">
        <ele>963.5125638130789</ele>
      </trkpt>
      <trkpt lat="36.870034" lon="138.256612">
        <ele>963.1416302847119</ele>
      </trkpt>
      <trkpt lat="36.870037" lon="138.256635">
        <ele>962.9832360787283</ele>
      </trkpt>
      <trkpt lat="36.870024" lon="138.256697">
        <ele>963.1398726370334</ele>
      </trkpt>
      <trkpt lat="36.870018" lon="138.256725">
        <ele>963.3054002978153</ele>
      </trkpt>
      <trkpt lat="36.870002" lon="138.256748">
        <ele>963.7924421877896</ele>
      </trkpt>
      <trkpt lat="36.869992" lon="138.256771">
        <ele>964.1881241954893</ele>
      </trkpt>
      <trkpt lat="36.86997" lon="138.256785">
        <ele>965.0005954032559</ele>
      </trkpt>
      <trkpt lat="36.869964" lon="138.256798">
        <ele>965.2716673657346</ele>
      </trkpt>
      <trkpt lat="36.869955" lon="138.256808">
        <ele>965.6378497808571</ele>
      </trkpt>
      <trkpt lat="36.869944" lon="138.256816">
        <ele>966.0697467453563</ele>
      </trkpt>
      <trkpt lat="36.869944" lon="138.256832">
        <ele>966.1605221893695</ele>
      </trkpt>
      <trkpt lat="36.869947" lon="138.256849">
        <ele>966.1519405757967</ele>
      </trkpt>
      <trkpt lat="36.869951" lon="138.256865">
        <ele>966.1147976848777</ele>
      </trkpt>
      <trkpt lat="36.869948" lon="138.256884">
        <ele>966.3551048358349</ele>
      </trkpt>
      <trkpt lat="36.869949" lon="138.256899">
        <ele>966.4204875654555</ele>
      </trkpt>
      <trkpt lat="36.869944" lon="138.256914">
        <ele>966.7107911156812</ele>
      </trkpt>
      <trkpt lat="36.869942" lon="138.256929">
        <ele>966.8901613533103</ele>
      </trkpt>
      <trkpt lat="36.86994" lon="138.256947">
        <ele>967.1097829328427</ele>
      </trkpt>
      <trkpt lat="36.869937" lon="138.256968">
        <ele>967.4147098280598</ele>
      </trkpt>
      <trkpt lat="36.86994" lon="138.256989">
        <ele>967.4519772501094</ele>
      </trkpt>
      <trkpt lat="36.869947" lon="138.257011">
        <ele>967.3566992822559</ele>
      </trkpt>
      <trkpt lat="36.869945" lon="138.257031">
        <ele>967.5963872135376</ele>
      </trkpt>
      <trkpt lat="36.869945" lon="138.257054">
        <ele>967.7818280446197</ele>
      </trkpt>
      <trkpt lat="36.869939" lon="138.257076">
        <ele>968.2054527958062</ele>
      </trkpt>
      <trkpt lat="36.869943" lon="138.257115">
        <ele>968.368923859966</ele>
      </trkpt>
      <trkpt lat="36.869943" lon="138.257135">
        <ele>968.5529769427637</ele>
      </trkpt>
      <trkpt lat="36.869949" lon="138.257153">
        <ele>968.4637692993347</ele>
      </trkpt>
      <trkpt lat="36.869967" lon="138.257177">
        <ele>967.9005197365015</ele>
      </trkpt>
      <trkpt lat="36.869992" lon="138.257193">
        <ele>966.9328461060718</ele>
      </trkpt>
      <trkpt lat="36.870019" lon="138.257202">
        <ele>965.8832112423152</ele>
      </trkpt>
      <trkpt lat="36.870047" lon="138.257212">
        <ele>964.9220147696797</ele>
      </trkpt>
      <trkpt lat="36.870073" lon="138.257227">
        <ele>964.062762979698</ele>
      </trkpt>
      <trkpt lat="36.870093" lon="138.257248">
        <ele>963.5834363552888</ele>
      </trkpt>
      <trkpt lat="36.870103" lon="138.257271">
        <ele>963.4520862421729</ele>
      </trkpt>
      <trkpt lat="36.870105" lon="138.257293">
        <ele>963.5797086853617</ele>
      </trkpt>
      <trkpt lat="36.870111" lon="138.257315">
        <ele>963.6077246392101</ele>
      </trkpt>
      <trkpt lat="36.870116" lon="138.25734">
        <ele>963.6932921856358</ele>
      </trkpt>
      <trkpt lat="36.870122" lon="138.257366">
        <ele>963.7636747897209</ele>
      </trkpt>
      <trkpt lat="36.870127" lon="138.257381">
        <ele>963.7639278187579</ele>
      </trkpt>
      <trkpt lat="36.870144" lon="138.257419">
        <ele>963.6823636311897</ele>
      </trkpt>
      <trkpt lat="36.870154" lon="138.257453">
        <ele>963.7836721075572</ele>
      </trkpt>
      <trkpt lat="36.870165" lon="138.257473">
        <ele>963.7382339656558</ele>
      </trkpt>
      <trkpt lat="36.870169" lon="138.257492">
        <ele>963.8304021202777</ele>
      </trkpt>
      <trkpt lat="36.870168" lon="138.257507">
        <ele>963.983019224991</ele>
      </trkpt>
      <trkpt lat="36.870159" lon="138.257519">
        <ele>964.2513366481534</ele>
      </trkpt>
      <trkpt lat="36.870162" lon="138.257539">
        <ele>964.3619315621826</ele>
      </trkpt>
      <trkpt lat="36.870162" lon="138.257555">
        <ele>964.47825498066</ele>
      </trkpt>
      <trkpt lat="36.870162" lon="138.257573">
        <ele>964.6091188264835</ele>
      </trkpt>
      <trkpt lat="36.870165" lon="138.257592">
        <ele>964.6978720172181</ele>
      </trkpt>
      <trkpt lat="36.870167" lon="138.257612">
        <ele>964.812052493137</ele>
      </trkpt>
      <trkpt lat="36.870163" lon="138.257628">
        <ele>964.9492782349807</ele>
      </trkpt>
      <trkpt lat="36.870154" lon="138.257647">
        <ele>965.1401324351523</ele>
      </trkpt>
      <trkpt lat="36.870155" lon="138.257668">
        <ele>965.180790984039</ele>
      </trkpt>
      <trkpt lat="36.870156" lon="138.257683">
        <ele>965.2067590171462</ele>
      </trkpt>
      <trkpt lat="36.870156" lon="138.257718">
        <ele>965.2294441071351</ele>
      </trkpt>
      <trkpt lat="36.870158" lon="138.257736">
        <ele>965.1612865782818</ele>
      </trkpt>
      <trkpt lat="36.870167" lon="138.257774">
        <ele>964.9547749512838</ele>
      </trkpt>
      <trkpt lat="36.870171" lon="138.257792">
        <ele>964.8457736967655</ele>
      </trkpt>
      <trkpt lat="36.870172" lon="138.25782">
        <ele>964.5969341555535</ele>
      </trkpt>
      <trkpt lat="36.870171" lon="138.257846">
        <ele>964.3891583034231</ele>
      </trkpt>
      <trkpt lat="36.870165" lon="138.257872">
        <ele>964.2311745394752</ele>
      </trkpt>
      <trkpt lat="36.870132" lon="138.257924">
        <ele>963.78253233887</ele>
      </trkpt>
      <trkpt lat="36.870112" lon="138.257938">
        <ele>963.7965679981172</ele>
      </trkpt>
      <trkpt lat="36.870083" lon="138.257955">
        <ele>963.8439916658946</ele>
      </trkpt>
      <trkpt lat="36.870059" lon="138.257972">
        <ele>963.9400112438725</ele>
      </trkpt>
      <trkpt lat="36.870044" lon="138.257986">
        <ele>963.9414682603218</ele>
      </trkpt>
      <trkpt lat="36.870029" lon="138.257998">
        <ele>963.9895285882067</ele>
      </trkpt>
      <trkpt lat="36.870015" lon="138.25801">
        <ele>964.0157434852572</ele>
      </trkpt>
      <trkpt lat="36.87" lon="138.258028">
        <ele>964.0167216256709</ele>
      </trkpt>
      <trkpt lat="36.869979" lon="138.258051">
        <ele>964.1570114185375</ele>
      </trkpt>
      <trkpt lat="36.869931" lon="138.258082">
        <ele>964.9501751693836</ele>
      </trkpt>
      <trkpt lat="36.869913" lon="138.258094">
        <ele>965.4576463773643</ele>
      </trkpt>
      <trkpt lat="36.869897" lon="138.25811">
        <ele>965.7671767172908</ele>
      </trkpt>
      <trkpt lat="36.869889" lon="138.258132">
        <ele>965.5283696906156</ele>
      </trkpt>
      <trkpt lat="36.869876" lon="138.258154">
        <ele>965.505414687078</ele>
      </trkpt>
      <trkpt lat="36.86987" lon="138.258174">
        <ele>965.2071946845026</ele>
      </trkpt>
      <trkpt lat="36.869865" lon="138.258195">
        <ele>964.8734718908835</ele>
      </trkpt>
      <trkpt lat="36.869871" lon="138.25822">
        <ele>963.7553378955962</ele>
      </trkpt>
      <trkpt lat="36.869867" lon="138.258242">
        <ele>963.3336498420717</ele>
      </trkpt>
      <trkpt lat="36.869871" lon="138.258266">
        <ele>962.3617857904485</ele>
      </trkpt>
      <trkpt lat="36.869872" lon="138.258288">
        <ele>961.6431571619407</ele>
      </trkpt>
      <trkpt lat="36.869877" lon="138.258338">
        <ele>959.943918866572</ele>
      </trkpt>
      <trkpt lat="36.869873" lon="138.25836">
        <ele>959.5384694170216</ele>
      </trkpt>
      <trkpt lat="36.86985" lon="138.258406">
        <ele>959.6656003314631</ele>
      </trkpt>
      <trkpt lat="36.869842" lon="138.258428">
        <ele>959.5652620885284</ele>
      </trkpt>
      <trkpt lat="36.869839" lon="138.258448">
        <ele>959.2106782621483</ele>
      </trkpt>
      <trkpt lat="36.869833" lon="138.258474">
        <ele>958.8661258759508</ele>
      </trkpt>
      <trkpt lat="36.869838" lon="138.258504">
        <ele>957.8212430101718</ele>
      </trkpt>
      <trkpt lat="36.869839" lon="138.258532">
        <ele>957.0665472871672</ele>
      </trkpt>
      <trkpt lat="36.869848" lon="138.258572">
        <ele>955.6161446042761</ele>
      </trkpt>
      <trkpt lat="36.869856" lon="138.258594">
        <ele>954.728318290554</ele>
      </trkpt>
      <trkpt lat="36.86986" lon="138.258624">
        <ele>953.9017797148153</ele>
      </trkpt>
      <trkpt lat="36.869856" lon="138.258648">
        <ele>953.5908187035812</ele>
      </trkpt>
      <trkpt lat="36.869843" lon="138.258698">
        <ele>953.1699865560231</ele>
      </trkpt>
      <trkpt lat="36.869831" lon="138.258716">
        <ele>953.3042002478701</ele>
      </trkpt>
      <trkpt lat="36.869808" lon="138.25876">
        <ele>953.267039808595</ele>
      </trkpt>
      <trkpt lat="36.869796" lon="138.25877">
        <ele>953.4978116041218</ele>
      </trkpt>
      <trkpt lat="36.869786" lon="138.258772">
        <ele>953.8400485914699</ele>
      </trkpt>
      <trkpt lat="36.869772" lon="138.258772">
        <ele>954.3858961643896</ele>
      </trkpt>
      <trkpt lat="36.869758" lon="138.25878">
        <ele>954.7153358743179</ele>
      </trkpt>
      <trkpt lat="36.86975" lon="138.258786">
        <ele>954.8554409167053</ele>
      </trkpt>
      <trkpt lat="36.869736" lon="138.258792">
        <ele>955.2111553193934</ele>
      </trkpt>
      <trkpt lat="36.86972" lon="138.258796">
        <ele>955.7064350421879</ele>
      </trkpt>
      <trkpt lat="36.8697" lon="138.258796">
        <ele>956.4746210729124</ele>
      </trkpt>
      <trkpt lat="36.869681" lon="138.258794">
        <ele>957.2715647092022</ele>
      </trkpt>
      <trkpt lat="36.869664" lon="138.2588">
        <ele>957.7169652766496</ele>
      </trkpt>
      <trkpt lat="36.869649" lon="138.25881">
        <ele>957.9227385124482</ele>
      </trkpt>
      <trkpt lat="36.869607" lon="138.258828">
        <ele>958.8088087559969</ele>
      </trkpt>
      <trkpt lat="36.869584" lon="138.258846">
        <ele>958.9735145648597</ele>
      </trkpt>
      <trkpt lat="36.869559" lon="138.258858">
        <ele>959.393977646199</ele>
      </trkpt>
      <trkpt lat="36.869538" lon="138.258866">
        <ele>959.8048503185862</ele>
      </trkpt>
      <trkpt lat="36.869522" lon="138.25888">
        <ele>959.782999677975</ele>
      </trkpt>
      <trkpt lat="36.869498" lon="138.258908">
        <ele>959.4278306897269</ele>
      </trkpt>
      <trkpt lat="36.869475" lon="138.258936">
        <ele>959.3156875261112</ele>
      </trkpt>
      <trkpt lat="36.86946" lon="138.258949">
        <ele>959.3957844978206</ele>
      </trkpt>
      <trkpt lat="36.869446" lon="138.258968">
        <ele>959.2619435083926</ele>
      </trkpt>
      <trkpt lat="36.869432" lon="138.258982">
        <ele>959.2602175908846</ele>
      </trkpt>
      <trkpt lat="36.869417" lon="138.258994">
        <ele>959.3616673165008</ele>
      </trkpt>
      <trkpt lat="36.869403" lon="138.259007">
        <ele>959.4968145092959</ele>
      </trkpt>
      <trkpt lat="36.869387" lon="138.259022">
        <ele>959.6432557395171</ele>
      </trkpt>
      <trkpt lat="36.86937" lon="138.25904">
        <ele>959.715796894708</ele>
      </trkpt>
      <trkpt lat="36.869354" lon="138.259059">
        <ele>959.7086422219724</ele>
      </trkpt>
      <trkpt lat="36.869343" lon="138.259079">
        <ele>959.5356836207368</ele>
      </trkpt>
      <trkpt lat="36.869339" lon="138.259092">
        <ele>959.4112442856036</ele>
      </trkpt>
      <trkpt lat="36.869339" lon="138.259105">
        <ele>959.1879043405103</ele>
      </trkpt>
      <trkpt lat="36.869331" lon="138.259111">
        <ele>959.2782818548203</ele>
      </trkpt>
      <trkpt lat="36.869316" lon="138.259118">
        <ele>959.5264632176264</ele>
      </trkpt>
      <trkpt lat="36.869294" lon="138.25912">
        <ele>960.0516253017959</ele>
      </trkpt>
      <trkpt lat="36.869281" lon="138.259121">
        <ele>960.3633954415048</ele>
      </trkpt>
      <trkpt lat="36.869272" lon="138.259129">
        <ele>960.4323221183897</ele>
      </trkpt>
      <trkpt lat="36.869276" lon="138.259148">
        <ele>959.9561206855483</ele>
      </trkpt>
      <trkpt lat="36.869267" lon="138.259168">
        <ele>959.7913667799984</ele>
      </trkpt>
      <trkpt lat="36.869257" lon="138.259187">
        <ele>959.7158651688794</ele>
      </trkpt>
      <trkpt lat="36.869239" lon="138.25924">
        <ele>959.2335515408893</ele>
      </trkpt>
      <trkpt lat="36.869227" lon="138.259265">
        <ele>959.0407898890774</ele>
      </trkpt>
      <trkpt lat="36.869209" lon="138.25929">
        <ele>958.9292717002842</ele>
      </trkpt>
      <trkpt lat="36.869195" lon="138.259313">
        <ele>958.7423925805804</ele>
      </trkpt>
      <trkpt lat="36.869156" lon="138.259362">
        <ele>958.4963579625628</ele>
      </trkpt>
      <trkpt lat="36.869145" lon="138.259396">
        <ele>958.0153283720495</ele>
      </trkpt>
      <trkpt lat="36.869133" lon="138.259429">
        <ele>957.5375112549331</ele>
      </trkpt>
      <trkpt lat="36.869121" lon="138.25946">
        <ele>957.0468673686207</ele>
      </trkpt>
      <trkpt lat="36.869105" lon="138.259484">
        <ele>956.742122943331</ele>
      </trkpt>
      <trkpt lat="36.869086" lon="138.259497">
        <ele>956.7053267466531</ele>
      </trkpt>
      <trkpt lat="36.869065" lon="138.259513">
        <ele>956.6108716616833</ele>
      </trkpt>
      <trkpt lat="36.869051" lon="138.259522">
        <ele>956.5817157860662</ele>
      </trkpt>
      <trkpt lat="36.86904" lon="138.25953">
        <ele>956.5807066941784</ele>
      </trkpt>
      <trkpt lat="36.869029" lon="138.259541">
        <ele>956.5331159291002</ele>
      </trkpt>
      <trkpt lat="36.869013" lon="138.25955">
        <ele>956.620392437791</ele>
      </trkpt>
      <trkpt lat="36.868979" lon="138.259569">
        <ele>956.7766049665503</ele>
      </trkpt>
      <trkpt lat="36.86897" lon="138.259579">
        <ele>956.7554100708297</ele>
      </trkpt>
      <trkpt lat="36.868974" lon="138.259617">
        <ele>955.7256417724988</ele>
      </trkpt>
      <trkpt lat="36.868974" lon="138.259634">
        <ele>955.3270826160257</ele>
      </trkpt>
      <trkpt lat="36.868962" lon="138.259647">
        <ele>955.314496788136</ele>
      </trkpt>
      <trkpt lat="36.868953" lon="138.259663">
        <ele>955.1471260817418</ele>
      </trkpt>
      <trkpt lat="36.868941" lon="138.259681">
        <ele>955.006813025219</ele>
      </trkpt>
      <trkpt lat="36.868931" lon="138.259704">
        <ele>954.7810130999604</ele>
      </trkpt>
      <trkpt lat="36.868922" lon="138.259732">
        <ele>954.4093082234101</ele>
      </trkpt>
      <trkpt lat="36.868913" lon="138.259758">
        <ele>954.0535399443311</ele>
      </trkpt>
      <trkpt lat="36.868896" lon="138.25978">
        <ele>954.1572426856933</ele>
      </trkpt>
      <trkpt lat="36.868863" lon="138.259833">
        <ele>954.1971213473537</ele>
      </trkpt>
      <trkpt lat="36.868848" lon="138.259856">
        <ele>954.2068854103975</ele>
      </trkpt>
      <trkpt lat="36.868816" lon="138.259895">
        <ele>954.804880157627</ele>
      </trkpt>
      <trkpt lat="36.868805" lon="138.259914">
        <ele>954.9215220984602</ele>
      </trkpt>
      <trkpt lat="36.868791" lon="138.259929">
        <ele>955.2015849821597</ele>
      </trkpt>
      <trkpt lat="36.868777" lon="138.259938">
        <ele>955.5765504309902</ele>
      </trkpt>
      <trkpt lat="36.868768" lon="138.259949">
        <ele>955.777545570029</ele>
      </trkpt>
      <trkpt lat="36.868758" lon="138.259955">
        <ele>956.1489932971376</ele>
      </trkpt>
      <trkpt lat="36.868742" lon="138.259966">
        <ele>956.7056152583423</ele>
      </trkpt>
      <trkpt lat="36.868734" lon="138.259976">
        <ele>956.895052784927</ele>
      </trkpt>
      <trkpt lat="36.868724" lon="138.259978">
        <ele>957.317434606108</ele>
      </trkpt>
      <trkpt lat="36.868714" lon="138.259994">
        <ele>957.4679365260378</ele>
      </trkpt>
      <trkpt lat="36.868706" lon="138.260001">
        <ele>957.690764360003</ele>
      </trkpt>
      <trkpt lat="36.868699" lon="138.26002">
        <ele>957.6362335990419</ele>
      </trkpt>
      <trkpt lat="36.868691" lon="138.260031">
        <ele>957.809640302582</ele>
      </trkpt>
      <trkpt lat="36.868679" lon="138.260043">
        <ele>958.145172317765</ele>
      </trkpt>
      <trkpt lat="36.868666" lon="138.260053">
        <ele>958.553888034382</ele>
      </trkpt>
      <trkpt lat="36.868655" lon="138.260057">
        <ele>958.9781546810293</ele>
      </trkpt>
      <trkpt lat="36.868647" lon="138.260063">
        <ele>959.2248873345434</ele>
      </trkpt>
      <trkpt lat="36.868639" lon="138.260071">
        <ele>959.4290285863641</ele>
      </trkpt>
      <trkpt lat="36.868626" lon="138.26008">
        <ele>959.8796087473556</ele>
      </trkpt>
      <trkpt lat="36.868607" lon="138.260078">
        <ele>960.869675164738</ele>
      </trkpt>
      <trkpt lat="36.868598" lon="138.260083">
        <ele>961.217585660265</ele>
      </trkpt>
      <trkpt lat="36.868584" lon="138.260092">
        <ele>961.7304812397228</ele>
      </trkpt>
      <trkpt lat="36.868575" lon="138.260105">
        <ele>961.9077221306245</ele>
      </trkpt>
      <trkpt lat="36.868574" lon="138.260117">
        <ele>961.7098275220186</ele>
      </trkpt>
      <trkpt lat="36.86857" lon="138.260128">
        <ele>961.677290606429</ele>
      </trkpt>
      <trkpt lat="36.868563" lon="138.260143">
        <ele>961.7006023077766</ele>
      </trkpt>
      <trkpt lat="36.868557" lon="138.260155">
        <ele>961.7372974192496</ele>
      </trkpt>
      <trkpt lat="36.868547" lon="138.260168">
        <ele>961.9452565268152</ele>
      </trkpt>
      <trkpt lat="36.868539" lon="138.260185">
        <ele>961.973211735371</ele>
      </trkpt>
      <trkpt lat="36.868535" lon="138.260196">
        <ele>961.9460274124691</ele>
      </trkpt>
      <trkpt lat="36.868525" lon="138.260216">
        <ele>962.0713550208303</ele>
      </trkpt>
      <trkpt lat="36.868518" lon="138.260228">
        <ele>962.1869028164026</ele>
      </trkpt>
      <trkpt lat="36.8685" lon="138.260225">
        <ele>963.0861795679009</ele>
      </trkpt>
      <trkpt lat="36.868479" lon="138.260234">
        <ele>963.9390487503397</ele>
      </trkpt>
      <trkpt lat="36.868467" lon="138.260233">
        <ele>964.5440162728377</ele>
      </trkpt>
      <trkpt lat="36.868456" lon="138.260229">
        <ele>965.1585789272604</ele>
      </trkpt>
      <trkpt lat="36.868445" lon="138.260231">
        <ele>965.6574363061596</ele>
      </trkpt>
      <trkpt lat="36.868437" lon="138.260237">
        <ele>965.9303690928145</ele>
      </trkpt>
      <trkpt lat="36.868424" lon="138.260248">
        <ele>966.355213754954</ele>
      </trkpt>
      <trkpt lat="36.868416" lon="138.260261">
        <ele>966.4965004607311</ele>
      </trkpt>
      <trkpt lat="36.86841" lon="138.260273">
        <ele>966.551826709861</ele>
      </trkpt>
      <trkpt lat="36.868405" lon="138.260256">
        <ele>967.1508599784406</ele>
      </trkpt>
      <trkpt lat="36.8684" lon="138.260277">
        <ele>966.9657658362546</ele>
      </trkpt>
      <trkpt lat="36.868391" lon="138.260294">
        <ele>967.1068260619721</ele>
      </trkpt>
      <trkpt lat="36.868382" lon="138.260315">
        <ele>967.1718410435792</ele>
      </trkpt>
      <trkpt lat="36.868384" lon="138.260333">
        <ele>966.7542542793005</ele>
      </trkpt>
      <trkpt lat="36.868381" lon="138.260348">
        <ele>966.6282279710983</ele>
      </trkpt>
      <trkpt lat="36.868372" lon="138.260353">
        <ele>966.9614909217951</ele>
      </trkpt>
      <trkpt lat="36.86836" lon="138.260358">
        <ele>967.4328434532274</ele>
      </trkpt>
      <trkpt lat="36.868344" lon="138.260364">
        <ele>968.1136025816515</ele>
      </trkpt>
      <trkpt lat="36.868328" lon="138.26037">
        <ele>968.8066879444383</ele>
      </trkpt>
      <trkpt lat="36.868315" lon="138.260376">
        <ele>969.3478875912893</ele>
      </trkpt>
      <trkpt lat="36.868306" lon="138.260383">
        <ele>969.6711179884362</ele>
      </trkpt>
      <trkpt lat="36.868303" lon="138.260397">
        <ele>969.5785522007025</ele>
      </trkpt>
      <trkpt lat="36.868296" lon="138.260425">
        <ele>969.4323321276072</ele>
      </trkpt>
      <trkpt lat="36.868288" lon="138.260448">
        <ele>969.4024135338444</ele>
      </trkpt>
      <trkpt lat="36.868282" lon="138.260465">
        <ele>969.4002363693118</ele>
      </trkpt>
      <trkpt lat="36.868276" lon="138.260478">
        <ele>969.4545278757375</ele>
      </trkpt>
      <trkpt lat="36.86827" lon="138.260497">
        <ele>969.3985770798771</ele>
      </trkpt>
      <trkpt lat="36.868264" lon="138.260519">
        <ele>969.2761030233278</ele>
      </trkpt>
      <trkpt lat="36.868263" lon="138.260541">
        <ele>968.9631368288409</ele>
      </trkpt>
      <trkpt lat="36.868254" lon="138.260594">
        <ele>968.6232499115468</ele>
      </trkpt>
      <trkpt lat="36.868254" lon="138.260619">
        <ele>968.2973829313416</ele>
      </trkpt>
      <trkpt lat="36.868256" lon="138.260642">
        <ele>967.979852053441</ele>
      </trkpt>
      <trkpt lat="36.868255" lon="138.260665">
        <ele>967.7673490483887</ele>
      </trkpt>
      <trkpt lat="36.86824" lon="138.260717">
        <ele>967.6492947908013</ele>
      </trkpt>
      <trkpt lat="36.868232" lon="138.260737">
        <ele>967.6897929000022</ele>
      </trkpt>
      <trkpt lat="36.868229" lon="138.260768">
        <ele>967.4890530794889</ele>
      </trkpt>
      <trkpt lat="36.868225" lon="138.260797">
        <ele>967.3241638691696</ele>
      </trkpt>
      <trkpt lat="36.868224" lon="138.260857">
        <ele>966.8613507430618</ele>
      </trkpt>
      <trkpt lat="36.868224" lon="138.260919">
        <ele>966.4512099315632</ele>
      </trkpt>
      <trkpt lat="36.868221" lon="138.26095">
        <ele>966.3156540475039</ele>
      </trkpt>
      <trkpt lat="36.868214" lon="138.260983">
        <ele>966.2056986670267</ele>
      </trkpt>
      <trkpt lat="36.868206" lon="138.261015">
        <ele>966.0894402054048</ele>
      </trkpt>
      <trkpt lat="36.868196" lon="138.261037">
        <ele>966.0369628883889</ele>
      </trkpt>
      <trkpt lat="36.868196" lon="138.261054">
        <ele>965.9172368466824</ele>
      </trkpt>
      <trkpt lat="36.868192" lon="138.26108">
        <ele>965.786908865042</ele>
      </trkpt>
      <trkpt lat="36.868187" lon="138.261137">
        <ele>965.4613935311631</ele>
      </trkpt>
      <trkpt lat="36.868183" lon="138.261166">
        <ele>965.2823330189262</ele>
      </trkpt>
      <trkpt lat="36.868179" lon="138.261193">
        <ele>965.1100240034114</ele>
      </trkpt>
      <trkpt lat="36.868175" lon="138.261214">
        <ele>964.975088445435</ele>
      </trkpt>
      <trkpt lat="36.86817" lon="138.261234">
        <ele>964.85604401613</ele>
      </trkpt>
      <trkpt lat="36.86816" lon="138.261248">
        <ele>964.8013449821456</ele>
      </trkpt>
      <trkpt lat="36.86815" lon="138.261265">
        <ele>964.7238383785465</ele>
      </trkpt>
      <trkpt lat="36.868142" lon="138.261283">
        <ele>964.6256991471788</ele>
      </trkpt>
      <trkpt lat="36.868131" lon="138.261304">
        <ele>964.5039696536815</ele>
      </trkpt>
      <trkpt lat="36.868124" lon="138.261325">
        <ele>964.3548512770338</ele>
      </trkpt>
      <trkpt lat="36.868095" lon="138.26136">
        <ele>964.1538722332111</ele>
      </trkpt>
      <trkpt lat="36.868078" lon="138.261378">
        <ele>964.0718251464598</ele>
      </trkpt>
      <trkpt lat="36.868055" lon="138.261398">
        <ele>964.0049674513062</ele>
      </trkpt>
      <trkpt lat="36.868011" lon="138.261436">
        <ele>963.9133126361035</ele>
      </trkpt>
      <trkpt lat="36.867998" lon="138.261455">
        <ele>963.8603934716047</ele>
      </trkpt>
      <trkpt lat="36.868005" lon="138.261518">
        <ele>963.2354934621605</ele>
      </trkpt>
      <trkpt lat="36.868007" lon="138.261544">
        <ele>962.9785927029565</ele>
      </trkpt>
      <trkpt lat="36.868006" lon="138.261564">
        <ele>962.7994607890497</ele>
      </trkpt>
      <trkpt lat="36.868007" lon="138.261591">
        <ele>962.5652905299328</ele>
      </trkpt>
      <trkpt lat="36.868009" lon="138.261617">
        <ele>962.3360434302388</ele>
      </trkpt>
      <trkpt lat="36.868001" lon="138.26164">
        <ele>962.193615244694</ele>
      </trkpt>
      <trkpt lat="36.867979" lon="138.261678">
        <ele>961.9950451243626</ele>
      </trkpt>
      <trkpt lat="36.867986" lon="138.261696">
        <ele>961.7928418029359</ele>
      </trkpt>
      <trkpt lat="36.868005" lon="138.261711">
        <ele>961.5311909188742</ele>
      </trkpt>
      <trkpt lat="36.868022" lon="138.261726">
        <ele>961.2953240387149</ele>
      </trkpt>
      <trkpt lat="36.868041" lon="138.261741">
        <ele>961.1025752829452</ele>
      </trkpt>
      <trkpt lat="36.868059" lon="138.261756">
        <ele>960.916126720002</ele>
      </trkpt>
      <trkpt lat="36.868082" lon="138.261773">
        <ele>960.68461735</ele>
      </trkpt>
      <trkpt lat="36.868106" lon="138.261792">
        <ele>960.4464768331777</ele>
      </trkpt>
      <trkpt lat="36.868121" lon="138.261807">
        <ele>960.2620129721811</ele>
      </trkpt>
      <trkpt lat="36.86814" lon="138.261827">
        <ele>959.9993570569034</ele>
      </trkpt>
      <trkpt lat="36.868159" lon="138.261877">
        <ele>959.3007223757901</ele>
      </trkpt>
      <trkpt lat="36.868156" lon="138.261906">
        <ele>958.9371124526972</ele>
      </trkpt>
      <trkpt lat="36.868142" lon="138.261934">
        <ele>958.6157444076855</ele>
      </trkpt>
      <trkpt lat="36.868129" lon="138.261957">
        <ele>958.3662287634818</ele>
      </trkpt>
      <trkpt lat="36.868111" lon="138.261978">
        <ele>958.1811819384837</ele>
      </trkpt>
      <trkpt lat="36.868093" lon="138.262004">
        <ele>957.9341332966483</ele>
      </trkpt>
      <trkpt lat="36.868072" lon="138.262043">
        <ele>957.5320459215912</ele>
      </trkpt>
      <trkpt lat="36.868074" lon="138.262066">
        <ele>957.1959194068344</ele>
      </trkpt>
      <trkpt lat="36.868075" lon="138.262125">
        <ele>956.2694272582693</ele>
      </trkpt>
      <trkpt lat="36.868065" lon="138.262151">
        <ele>955.9346625072758</ele>
      </trkpt>
      <trkpt lat="36.868056" lon="138.262178">
        <ele>955.5215753348</ele>
      </trkpt>
      <trkpt lat="36.868039" lon="138.262206">
        <ele>955.0576189060603</ele>
      </trkpt>
      <trkpt lat="36.868023" lon="138.262227">
        <ele>954.7241395351931</ele>
      </trkpt>
      <trkpt lat="36.868008" lon="138.262245">
        <ele>954.4364014923864</ele>
      </trkpt>
      <trkpt lat="36.867992" lon="138.262266">
        <ele>954.0529040467927</ele>
      </trkpt>
      <trkpt lat="36.867979" lon="138.26228">
        <ele>953.7931191576864</ele>
      </trkpt>
      <trkpt lat="36.867972" lon="138.262289">
        <ele>953.6138044536007</ele>
      </trkpt>
      <trkpt lat="36.867961" lon="138.26231">
        <ele>953.153429783014</ele>
      </trkpt>
      <trkpt lat="36.867938" lon="138.26232">
        <ele>953.0340662107672</ele>
      </trkpt>
      <trkpt lat="36.867916" lon="138.262328">
        <ele>952.9545842266537</ele>
      </trkpt>
      <trkpt lat="36.867884" lon="138.262345">
        <ele>952.6893117060954</ele>
      </trkpt>
      <trkpt lat="36.867865" lon="138.262348">
        <ele>952.6084309329215</ele>
      </trkpt>
      <trkpt lat="36.867842" lon="138.262351">
        <ele>952.4931195322764</ele>
      </trkpt>
      <trkpt lat="36.867822" lon="138.262343">
        <ele>952.6933920140368</ele>
      </trkpt>
      <trkpt lat="36.867791" lon="138.262342">
        <ele>952.6202250328784</ele>
      </trkpt>
      <trkpt lat="36.867774" lon="138.26234">
        <ele>952.6015947323359</ele>
      </trkpt>
      <trkpt lat="36.867751" lon="138.26234">
        <ele>952.5016404057214</ele>
      </trkpt>
      <trkpt lat="36.867715" lon="138.26235">
        <ele>951.878342454322</ele>
      </trkpt>
      <trkpt lat="36.867698" lon="138.26236">
        <ele>951.4123143564916</ele>
      </trkpt>
      <trkpt lat="36.867683" lon="138.26237">
        <ele>950.9695873158062</ele>
      </trkpt>
      <trkpt lat="36.867665" lon="138.262376">
        <ele>950.5920572226847</ele>
      </trkpt>
      <trkpt lat="36.867653" lon="138.262378">
        <ele>950.3894863420145</ele>
      </trkpt>
      <trkpt lat="36.867635" lon="138.262378">
        <ele>950.1655851914716</ele>
      </trkpt>
      <trkpt lat="36.867622" lon="138.262366">
        <ele>950.3149442244109</ele>
      </trkpt>
      <trkpt lat="36.86759" lon="138.262354">
        <ele>950.2149324623916</ele>
      </trkpt>
      <trkpt lat="36.867574" lon="138.26235">
        <ele>950.1098247004298</ele>
      </trkpt>
      <trkpt lat="36.867553" lon="138.262363">
        <ele>949.5168623496908</ele>
      </trkpt>
      <trkpt lat="36.867536" lon="138.262374">
        <ele>949.0329707872492</ele>
      </trkpt>
      <trkpt lat="36.867515" lon="138.26239">
        <ele>948.4763695772363</ele>
      </trkpt>
      <trkpt lat="36.867489" lon="138.262406">
        <ele>947.8931958184623</ele>
      </trkpt>
      <trkpt lat="36.867448" lon="138.262426">
        <ele>947.2386399267913</ele>
      </trkpt>
      <trkpt lat="36.867433" lon="138.26244">
        <ele>946.9240808595098</ele>
      </trkpt>
      <trkpt lat="36.867423" lon="138.262456">
        <ele>946.5847962241485</ele>
      </trkpt>
      <trkpt lat="36.867409" lon="138.262472">
        <ele>946.2569971312181</ele>
      </trkpt>
      <trkpt lat="36.867389" lon="138.262484">
        <ele>946.0841098219671</ele>
      </trkpt>
      <trkpt lat="36.86737" lon="138.262496">
        <ele>945.9795905785136</ele>
      </trkpt>
      <trkpt lat="36.867352" lon="138.26251">
        <ele>945.8469116007112</ele>
      </trkpt>
      <trkpt lat="36.867332" lon="138.26253">
        <ele>945.6645621908604</ele>
      </trkpt>
      <trkpt lat="36.867308" lon="138.262548">
        <ele>945.6724424459661</ele>
      </trkpt>
      <trkpt lat="36.867298" lon="138.262566">
        <ele>945.5278233648202</ele>
      </trkpt>
      <trkpt lat="36.867279" lon="138.262602">
        <ele>945.2639459379487</ele>
      </trkpt>
      <trkpt lat="36.867278" lon="138.262616">
        <ele>945.0827748076996</ele>
      </trkpt>
      <trkpt lat="36.867275" lon="138.262634">
        <ele>944.8748057357045</ele>
      </trkpt>
      <trkpt lat="36.867252" lon="138.262666">
        <ele>944.7989495042793</ele>
      </trkpt>
      <trkpt lat="36.867241" lon="138.262686">
        <ele>944.7407609133023</ele>
      </trkpt>
      <trkpt lat="36.867238" lon="138.262704">
        <ele>944.5804408033922</ele>
      </trkpt>
      <trkpt lat="36.867243" lon="138.262728">
        <ele>944.2004728572989</ele>
      </trkpt>
      <trkpt lat="36.867251" lon="138.262766">
        <ele>943.6057261505364</ele>
      </trkpt>
      <trkpt lat="36.867267" lon="138.262786">
        <ele>943.1023819287547</ele>
      </trkpt>
      <trkpt lat="36.86727" lon="138.262812">
        <ele>942.756052335987</ele>
      </trkpt>
      <trkpt lat="36.86727" lon="138.262832">
        <ele>942.5258997651309</ele>
      </trkpt>
      <trkpt lat="36.867273" lon="138.262852">
        <ele>942.2519754449169</ele>
      </trkpt>
      <trkpt lat="36.867291" lon="138.262872">
        <ele>941.7785498875669</ele>
      </trkpt>
      <trkpt lat="36.867306" lon="138.262886">
        <ele>941.4133033460946</ele>
      </trkpt>
      <trkpt lat="36.867325" lon="138.262898">
        <ele>941.0107760230553</ele>
      </trkpt>
      <trkpt lat="36.867352" lon="138.26292">
        <ele>940.4114091119984</ele>
      </trkpt>
      <trkpt lat="36.867364" lon="138.262936">
        <ele>940.0915637683274</ele>
      </trkpt>
      <trkpt lat="36.867365" lon="138.262968">
        <ele>939.7613079146682</ele>
      </trkpt>
      <trkpt lat="36.867367" lon="138.26299">
        <ele>939.5153439043013</ele>
      </trkpt>
      <trkpt lat="36.867383" lon="138.263004">
        <ele>939.1488879862568</ele>
      </trkpt>
      <trkpt lat="36.867396" lon="138.263002">
        <ele>938.9851359800118</ele>
      </trkpt>
      <trkpt lat="36.867411" lon="138.263006">
        <ele>938.7435212160701</ele>
      </trkpt>
      <trkpt lat="36.867424" lon="138.263018">
        <ele>938.4473040272956</ele>
      </trkpt>
      <trkpt lat="36.867439" lon="138.26304">
        <ele>937.9928556148232</ele>
      </trkpt>
      <trkpt lat="36.86745" lon="138.263072">
        <ele>937.4453587750343</ele>
      </trkpt>
      <trkpt lat="36.867444" lon="138.263102">
        <ele>937.1562697489635</ele>
      </trkpt>
      <trkpt lat="36.867433" lon="138.263132">
        <ele>936.9112959285271</ele>
      </trkpt>
      <trkpt lat="36.867417" lon="138.263163">
        <ele>936.710893862555</ele>
      </trkpt>
      <trkpt lat="36.867425" lon="138.263211">
        <ele>935.9006997421138</ele>
      </trkpt>
      <trkpt lat="36.867443" lon="138.263224">
        <ele>935.4276435823941</ele>
      </trkpt>
      <trkpt lat="36.867454" lon="138.263242">
        <ele>934.9729401087233</ele>
      </trkpt>
      <trkpt lat="36.86747" lon="138.263264">
        <ele>934.3643886558061</ele>
      </trkpt>
      <trkpt lat="36.86749" lon="138.263317">
        <ele>933.0966995102439</ele>
      </trkpt>
      <trkpt lat="36.867489" lon="138.263347">
        <ele>932.5795544494749</ele>
      </trkpt>
      <trkpt lat="36.867483" lon="138.263377">
        <ele>932.1338602413389</ele>
      </trkpt>
      <trkpt lat="36.867477" lon="138.2634">
        <ele>931.767936972123</ele>
      </trkpt>
      <trkpt lat="36.86746" lon="138.263421">
        <ele>931.6290527280673</ele>
      </trkpt>
      <trkpt lat="36.867444" lon="138.263449">
        <ele>931.3235768943464</ele>
      </trkpt>
      <trkpt lat="36.867431" lon="138.263479">
        <ele>930.9524066225631</ele>
      </trkpt>
      <trkpt lat="36.867432" lon="138.263508">
        <ele>930.3605442888111</ele>
      </trkpt>
      <trkpt lat="36.867442" lon="138.263529">
        <ele>929.7698521046906</ele>
      </trkpt>
      <trkpt lat="36.867459" lon="138.263542">
        <ele>929.2172994165686</ele>
      </trkpt>
      <trkpt lat="36.867478" lon="138.263552">
        <ele>928.68364312721</ele>
      </trkpt>
      <trkpt lat="36.867504" lon="138.263588">
        <ele>927.5203218154614</ele>
      </trkpt>
      <trkpt lat="36.867519" lon="138.263609">
        <ele>926.8448729790288</ele>
      </trkpt>
      <trkpt lat="36.867538" lon="138.263632">
        <ele>926.0605283694888</ele>
      </trkpt>
      <trkpt lat="36.867561" lon="138.263656">
        <ele>925.1597747594633</ele>
      </trkpt>
      <trkpt lat="36.867576" lon="138.263674">
        <ele>924.5196191873199</ele>
      </trkpt>
      <trkpt lat="36.867594" lon="138.263691">
        <ele>923.8242381758304</ele>
      </trkpt>
      <trkpt lat="36.867607" lon="138.263708">
        <ele>923.2242948097712</ele>
      </trkpt>
      <trkpt lat="36.867612" lon="138.263731">
        <ele>922.6788983106619</ele>
      </trkpt>
      <trkpt lat="36.867616" lon="138.263754">
        <ele>922.1569432660942</ele>
      </trkpt>
      <trkpt lat="36.867618" lon="138.263798">
        <ele>921.29085391441</ele>
      </trkpt>
      <trkpt lat="36.867619" lon="138.263823">
        <ele>920.8769245331932</ele>
      </trkpt>
      <trkpt lat="36.86762" lon="138.263851">
        <ele>920.4143221930544</ele>
      </trkpt>
      <trkpt lat="36.867626" lon="138.263876">
        <ele>919.8671173890509</ele>
      </trkpt>
      <trkpt lat="36.867637" lon="138.263904">
        <ele>919.1492399389396</ele>
      </trkpt>
      <trkpt lat="36.867643" lon="138.263956">
        <ele>918.20436110287</ele>
      </trkpt>
      <trkpt lat="36.867638" lon="138.263984">
        <ele>917.9541051354101</ele>
      </trkpt>
      <trkpt lat="36.867634" lon="138.264001">
        <ele>917.8534890074924</ele>
      </trkpt>
      <trkpt lat="36.867626" lon="138.264023">
        <ele>917.8032870365552</ele>
      </trkpt>
      <trkpt lat="36.867616" lon="138.264052">
        <ele>917.7311743911648</ele>
      </trkpt>
      <trkpt lat="36.867603" lon="138.264118">
        <ele>917.3896490892698</ele>
      </trkpt>
      <trkpt lat="36.867595" lon="138.264152">
        <ele>917.2540566767694</ele>
      </trkpt>
      <trkpt lat="36.867589" lon="138.264185">
        <ele>917.1234556972477</ele>
      </trkpt>
      <trkpt lat="36.867581" lon="138.264213">
        <ele>917.0758450667425</ele>
      </trkpt>
      <trkpt lat="36.867577" lon="138.264241">
        <ele>916.9514639472599</ele>
      </trkpt>
      <trkpt lat="36.867572" lon="138.264271">
        <ele>916.8582536488782</ele>
      </trkpt>
      <trkpt lat="36.867566" lon="138.264301">
        <ele>916.7883443208423</ele>
      </trkpt>
      <trkpt lat="36.86754" lon="138.264353">
        <ele>917.0827197001349</ele>
      </trkpt>
      <trkpt lat="36.867536" lon="138.264378">
        <ele>917.0248033375028</ele>
      </trkpt>
      <trkpt lat="36.867532" lon="138.264396">
        <ele>917.0073243672741</ele>
      </trkpt>
      <trkpt lat="36.867539" lon="138.264443">
        <ele>916.7420239667235</ele>
      </trkpt>
      <trkpt lat="36.867547" lon="138.264459">
        <ele>916.5505894187372</ele>
      </trkpt>
      <trkpt lat="36.867565" lon="138.264466">
        <ele>916.1891598279082</ele>
      </trkpt>
      <trkpt lat="36.867585" lon="138.264475">
        <ele>915.7907495340697</ele>
      </trkpt>
      <trkpt lat="36.867606" lon="138.264489">
        <ele>915.3807418969153</ele>
      </trkpt>
      <trkpt lat="36.867625" lon="138.264507">
        <ele>915.0563247817499</ele>
      </trkpt>
      <trkpt lat="36.867634" lon="138.264534">
        <ele>914.9158277058916</ele>
      </trkpt>
      <trkpt lat="36.867648" lon="138.264563">
        <ele>914.7041587589539</ele>
      </trkpt>
      <trkpt lat="36.867648" lon="138.264588">
        <ele>914.7354364881696</ele>
      </trkpt>
      <trkpt lat="36.867652" lon="138.264613">
        <ele>914.713733747925</ele>
      </trkpt>
      <trkpt lat="36.86768" lon="138.264658">
        <ele>914.4347683362104</ele>
      </trkpt>
      <trkpt lat="36.86769" lon="138.264672">
        <ele>914.3412929342683</ele>
      </trkpt>
      <trkpt lat="36.867706" lon="138.264678">
        <ele>914.193441831174</ele>
      </trkpt>
      <trkpt lat="36.867718" lon="138.264685">
        <ele>914.0905993982451</ele>
      </trkpt>
      <trkpt lat="36.86774" lon="138.264698">
        <ele>913.9172374519657</ele>
      </trkpt>
      <trkpt lat="36.867754" lon="138.264711">
        <ele>913.8827366285923</ele>
      </trkpt>
      <trkpt lat="36.867792" lon="138.26473">
        <ele>913.7648653456374</ele>
      </trkpt>
      <trkpt lat="36.867814" lon="138.264742">
        <ele>913.6998752757466</ele>
      </trkpt>
      <trkpt lat="36.867838" lon="138.264757">
        <ele>913.6754582149886</ele>
      </trkpt>
      <trkpt lat="36.867852" lon="138.264776">
        <ele>913.6364819944732</ele>
      </trkpt>
      <trkpt lat="36.867867" lon="138.264805">
        <ele>913.5664073949918</ele>
      </trkpt>
      <trkpt lat="36.867886" lon="138.264863">
        <ele>913.2812924742981</ele>
      </trkpt>
      <trkpt lat="36.867902" lon="138.264889">
        <ele>913.0870550997926</ele>
      </trkpt>
      <trkpt lat="36.86792" lon="138.264905">
        <ele>912.937942702414</ele>
      </trkpt>
      <trkpt lat="36.867938" lon="138.264913">
        <ele>912.8335931863078</ele>
      </trkpt>
      <trkpt lat="36.867947" lon="138.264917">
        <ele>912.7635495427228</ele>
      </trkpt>
      <trkpt lat="36.86796" lon="138.264922">
        <ele>912.6656731088394</ele>
      </trkpt>
      <trkpt lat="36.867968" lon="138.26494">
        <ele>912.4254716175329</ele>
      </trkpt>
      <trkpt lat="36.867984" lon="138.264966">
        <ele>912.052987292077</ele>
      </trkpt>
      <trkpt lat="36.868" lon="138.26499">
        <ele>911.6914447660137</ele>
      </trkpt>
      <trkpt lat="36.868016" lon="138.265002">
        <ele>911.4643983446003</ele>
      </trkpt>
      <trkpt lat="36.868024" lon="138.265007">
        <ele>911.3424067442663</ele>
      </trkpt>
      <trkpt lat="36.868033" lon="138.265015">
        <ele>911.1654617648526</ele>
      </trkpt>
      <trkpt lat="36.868047" lon="138.265027">
        <ele>910.8923162194317</ele>
      </trkpt>
      <trkpt lat="36.86806" lon="138.265046">
        <ele>910.508824258888</ele>
      </trkpt>
      <trkpt lat="36.86807" lon="138.265056">
        <ele>910.282190820119</ele>
      </trkpt>
      <trkpt lat="36.868084" lon="138.265057">
        <ele>910.1709047010967</ele>
      </trkpt>
      <trkpt lat="36.868094" lon="138.26506">
        <ele>910.0499010330072</ele>
      </trkpt>
      <trkpt lat="36.868122" lon="138.265066">
        <ele>909.7481489384554</ele>
      </trkpt>
      <trkpt lat="36.86813" lon="138.265078">
        <ele>909.494161880506</ele>
      </trkpt>
      <trkpt lat="36.86813" lon="138.265097">
        <ele>909.1430765114031</ele>
      </trkpt>
      <trkpt lat="36.868134" lon="138.265114">
        <ele>908.7772406688431</ele>
      </trkpt>
      <trkpt lat="36.868138" lon="138.265126">
        <ele>908.510437002825</ele>
      </trkpt>
      <trkpt lat="36.868146" lon="138.265134">
        <ele>908.2937326351183</ele>
      </trkpt>
      <trkpt lat="36.868168" lon="138.26514">
        <ele>907.9946362458641</ele>
      </trkpt>
      <trkpt lat="36.86819" lon="138.265149">
        <ele>907.6241437173455</ele>
      </trkpt>
      <trkpt lat="36.868238" lon="138.265162">
        <ele>906.949559365014</ele>
      </trkpt>
      <trkpt lat="36.868258" lon="138.265167">
        <ele>906.6758611217266</ele>
      </trkpt>
      <trkpt lat="36.868272" lon="138.265174">
        <ele>906.4124715268158</ele>
      </trkpt>
      <trkpt lat="36.868295" lon="138.265181">
        <ele>906.0722722980646</ele>
      </trkpt>
      <trkpt lat="36.868316" lon="138.265192">
        <ele>905.6627973053405</ele>
      </trkpt>
      <trkpt lat="36.86834" lon="138.265195">
        <ele>905.3826704001824</ele>
      </trkpt>
      <trkpt lat="36.868374" lon="138.265194">
        <ele>905.0635686730118</ele>
      </trkpt>
      <trkpt lat="36.868416" lon="138.265192">
        <ele>904.6306472369262</ele>
      </trkpt>
      <trkpt lat="36.868436" lon="138.265196">
        <ele>904.3126326784969</ele>
      </trkpt>
      <trkpt lat="36.86846" lon="138.265201">
        <ele>903.8990336701515</ele>
      </trkpt>
      <trkpt lat="36.868484" lon="138.265195">
        <ele>903.7033053524564</ele>
      </trkpt>
      <trkpt lat="36.868524" lon="138.265188">
        <ele>903.1788253687785</ele>
      </trkpt>
      <trkpt lat="36.868547" lon="138.26519">
        <ele>902.7203545934377</ele>
      </trkpt>
      <trkpt lat="36.868578" lon="138.265181">
        <ele>902.2364627143681</ele>
      </trkpt>
      <trkpt lat="36.868595" lon="138.26518">
        <ele>901.8354408716006</ele>
      </trkpt>
      <trkpt lat="36.868607" lon="138.265178">
        <ele>901.5737401314625</ele>
      </trkpt>
      <trkpt lat="36.868627" lon="138.265183">
        <ele>900.9987207955536</ele>
      </trkpt>
      <trkpt lat="36.868654" lon="138.265195">
        <ele>900.0959890953081</ele>
      </trkpt>
      <trkpt lat="36.868699" lon="138.26522">
        <ele>898.5340106291897</ele>
      </trkpt>
      <trkpt lat="36.868707" lon="138.265246">
        <ele>897.9460184915534</ele>
      </trkpt>
      <trkpt lat="36.868712" lon="138.265277">
        <ele>897.3455418620381</ele>
      </trkpt>
      <trkpt lat="36.868714" lon="138.265305">
        <ele>896.8772259990874</ele>
      </trkpt>
      <trkpt lat="36.868703" lon="138.265335">
        <ele>896.7297229010873</ele>
      </trkpt>
      <trkpt lat="36.868702" lon="138.265357">
        <ele>896.4522785105579</ele>
      </trkpt>
      <trkpt lat="36.8687" lon="138.265378">
        <ele>896.2262464158808</ele>
      </trkpt>
      <trkpt lat="36.868689" lon="138.265403">
        <ele>896.1366457291898</ele>
      </trkpt>
      <trkpt lat="36.868682" lon="138.26542">
        <ele>896.0551305097244</ele>
      </trkpt>
      <trkpt lat="36.868693" lon="138.265445">
        <ele>895.4850355612117</ele>
      </trkpt>
      <trkpt lat="36.868672" lon="138.265498">
        <ele>895.172203577916</ele>
      </trkpt>
      <trkpt lat="36.868662" lon="138.265518">
        <ele>895.1065878214406</ele>
      </trkpt>
      <trkpt lat="36.868651" lon="138.265538">
        <ele>895.1026377585017</ele>
      </trkpt>
      <trkpt lat="36.868644" lon="138.265555">
        <ele>895.047116878156</ele>
      </trkpt>
      <trkpt lat="36.868633" lon="138.265566">
        <ele>895.1314584109008</ele>
      </trkpt>
      <trkpt lat="36.868622" lon="138.265579">
        <ele>895.1722331709236</ele>
      </trkpt>
      <trkpt lat="36.868614" lon="138.265598">
        <ele>895.0906749178665</ele>
      </trkpt>
      <trkpt lat="36.868592" lon="138.265606">
        <ele>895.3954440827493</ele>
      </trkpt>
      <trkpt lat="36.868558" lon="138.265628">
        <ele>895.7606311439549</ele>
      </trkpt>
      <trkpt lat="36.868542" lon="138.265637">
        <ele>895.9097578421711</ele>
      </trkpt>
      <trkpt lat="36.868527" lon="138.265647">
        <ele>896.0350005217836</ele>
      </trkpt>
      <trkpt lat="36.868519" lon="138.26566">
        <ele>896.0303380880977</ele>
      </trkpt>
      <trkpt lat="36.868513" lon="138.26567">
        <ele>896.0245110851718</ele>
      </trkpt>
      <trkpt lat="36.868505" lon="138.265689">
        <ele>895.9777417498178</ele>
      </trkpt>
      <trkpt lat="36.868509" lon="138.265703">
        <ele>895.854243858904</ele>
      </trkpt>
      <trkpt lat="36.868495" lon="138.265711">
        <ele>896.0230107432834</ele>
      </trkpt>
      <trkpt lat="36.868459" lon="138.265733">
        <ele>896.5040430771584</ele>
      </trkpt>
      <trkpt lat="36.868445" lon="138.265742">
        <ele>896.7043490984366</ele>
      </trkpt>
      <trkpt lat="36.868436" lon="138.265748">
        <ele>896.8370819594062</ele>
      </trkpt>
      <trkpt lat="36.868426" lon="138.265755">
        <ele>896.9889437097626</ele>
      </trkpt>
      <trkpt lat="36.868419" lon="138.265765">
        <ele>897.0876480682458</ele>
      </trkpt>
      <trkpt lat="36.868414" lon="138.265779">
        <ele>897.1786069875217</ele>
      </trkpt>
      <trkpt lat="36.868407" lon="138.26579">
        <ele>897.331502880715</ele>
      </trkpt>
      <trkpt lat="36.8684" lon="138.2658">
        <ele>897.4841914236831</ele>
      </trkpt>
      <trkpt lat="36.868403" lon="138.265812">
        <ele>897.4635646145371</ele>
      </trkpt>
      <trkpt lat="36.868397" lon="138.265829">
        <ele>897.6213168459293</ele>
      </trkpt>
      <trkpt lat="36.868391" lon="138.265844">
        <ele>897.7765843647112</ele>
      </trkpt>
      <trkpt lat="36.868389" lon="138.265866">
        <ele>897.942237236119</ele>
      </trkpt>
      <trkpt lat="36.868388" lon="138.265883">
        <ele>898.1394274043628</ele>
      </trkpt>
      <trkpt lat="36.868394" lon="138.265901">
        <ele>898.2145775915596</ele>
      </trkpt>
      <trkpt lat="36.868398" lon="138.265928">
        <ele>898.4219641109934</ele>
      </trkpt>
      <trkpt lat="36.868407" lon="138.265957">
        <ele>898.6391490668318</ele>
      </trkpt>
      <trkpt lat="36.868415" lon="138.265986">
        <ele>898.9657201873265</ele>
      </trkpt>
      <trkpt lat="36.868422" lon="138.266015">
        <ele>899.3045633650709</ele>
      </trkpt>
      <trkpt lat="36.868437" lon="138.266039">
        <ele>899.4691907751956</ele>
      </trkpt>
      <trkpt lat="36.868453" lon="138.266056">
        <ele>899.5493358178937</ele>
      </trkpt>
      <trkpt lat="36.868472" lon="138.266067">
        <ele>899.4144515909378</ele>
      </trkpt>
      <trkpt lat="36.868505" lon="138.26609">
        <ele>899.2535838987919</ele>
      </trkpt>
      <trkpt lat="36.868519" lon="138.2661">
        <ele>899.1831162068703</ele>
      </trkpt>
      <trkpt lat="36.868531" lon="138.266112">
        <ele>899.1968797618965</ele>
      </trkpt>
      <trkpt lat="36.868542" lon="138.266124">
        <ele>899.2893472592954</ele>
      </trkpt>
      <trkpt lat="36.868567" lon="138.266144">
        <ele>899.3191166295202</ele>
      </trkpt>
      <trkpt lat="36.868585" lon="138.266152">
        <ele>899.0916311550881</ele>
      </trkpt>
      <trkpt lat="36.868595" lon="138.266161">
        <ele>899.102276590947</ele>
      </trkpt>
      <trkpt lat="36.868611" lon="138.266182">
        <ele>899.3229155272086</ele>
      </trkpt>
      <trkpt lat="36.868626" lon="138.266191">
        <ele>899.2179833442367</ele>
      </trkpt>
      <trkpt lat="36.868633" lon="138.266199">
        <ele>899.2855715475805</ele>
      </trkpt>
      <trkpt lat="36.86864" lon="138.266211">
        <ele>899.5073259492881</ele>
      </trkpt>
      <trkpt lat="36.86867" lon="138.266235">
        <ele>899.5160775847746</ele>
      </trkpt>
      <trkpt lat="36.86868" lon="138.266246">
        <ele>899.6238523252787</ele>
      </trkpt>
      <trkpt lat="36.868688" lon="138.266253">
        <ele>899.6471575301853</ele>
      </trkpt>
      <trkpt lat="36.8687" lon="138.266259">
        <ele>899.5248288942283</ele>
      </trkpt>
      <trkpt lat="36.868715" lon="138.266271">
        <ele>899.4989362327942</ele>
      </trkpt>
      <trkpt lat="36.868723" lon="138.266282">
        <ele>899.6372715957324</ele>
      </trkpt>
      <trkpt lat="36.868733" lon="138.266293">
        <ele>899.7358148715472</ele>
      </trkpt>
      <trkpt lat="36.868763" lon="138.26631">
        <ele>899.4719370523478</ele>
      </trkpt>
      <trkpt lat="36.868771" lon="138.26632">
        <ele>899.6117508061473</ele>
      </trkpt>
      <trkpt lat="36.868785" lon="138.266332">
        <ele>899.6537857680474</ele>
      </trkpt>
      <trkpt lat="36.868797" lon="138.266337">
        <ele>899.4852088503583</ele>
      </trkpt>
      <trkpt lat="36.868811" lon="138.266347">
        <ele>899.4434194985422</ele>
      </trkpt>
      <trkpt lat="36.868821" lon="138.266356">
        <ele>899.4805270069794</ele>
      </trkpt>
      <trkpt lat="36.868843" lon="138.266378">
        <ele>899.6612299420639</ele>
      </trkpt>
      <trkpt lat="36.86886" lon="138.266393">
        <ele>899.7888213207091</ele>
      </trkpt>
      <trkpt lat="36.868875" lon="138.266406">
        <ele>899.8844828633736</ele>
      </trkpt>
      <trkpt lat="36.868893" lon="138.266418">
        <ele>899.8427302894264</ele>
      </trkpt>
      <trkpt lat="36.868907" lon="138.266433">
        <ele>900.0365083641076</ele>
      </trkpt>
      <trkpt lat="36.868924" lon="138.266444">
        <ele>900.0083516437328</ele>
      </trkpt>
      <trkpt lat="36.868941" lon="138.266457">
        <ele>900.0680681622123</ele>
      </trkpt>
      <trkpt lat="36.868963" lon="138.26647">
        <ele>900.0117143297581</ele>
      </trkpt>
      <trkpt lat="36.868979" lon="138.266485">
        <ele>900.1880904246127</ele>
      </trkpt>
      <trkpt lat="36.868997" lon="138.266499">
        <ele>900.251011229307</ele>
      </trkpt>
      <trkpt lat="36.869018" lon="138.266507">
        <ele>899.9748933418659</ele>
      </trkpt>
      <trkpt lat="36.869038" lon="138.266518">
        <ele>899.853731190507</ele>
      </trkpt>
      <trkpt lat="36.869066" lon="138.266538">
        <ele>899.8553672337732</ele>
      </trkpt>
      <trkpt lat="36.869084" lon="138.266548">
        <ele>899.7200859632261</ele>
      </trkpt>
      <trkpt lat="36.869099" lon="138.266557">
        <ele>899.6404215081565</ele>
      </trkpt>
      <trkpt lat="36.869114" lon="138.266568">
        <ele>899.640114172482</ele>
      </trkpt>
      <trkpt lat="36.869124" lon="138.266578">
        <ele>899.7386051611933</ele>
      </trkpt>
      <trkpt lat="36.86914" lon="138.26659">
        <ele>899.710239728895</ele>
      </trkpt>
      <trkpt lat="36.869165" lon="138.266613">
        <ele>899.7943456499436</ele>
      </trkpt>
      <trkpt lat="36.869171" lon="138.266622">
        <ele>899.9419586708093</ele>
      </trkpt>
      <trkpt lat="36.869176" lon="138.266634">
        <ele>900.2485095993216</ele>
      </trkpt>
      <trkpt lat="36.869184" lon="138.266647">
        <ele>900.5132045656879</ele>
      </trkpt>
      <trkpt lat="36.869213" lon="138.266667">
        <ele>900.3262894209881</ele>
      </trkpt>
      <trkpt lat="36.869227" lon="138.266678">
        <ele>900.2685158130896</ele>
      </trkpt>
      <trkpt lat="36.869235" lon="138.266689">
        <ele>900.4140062212133</ele>
      </trkpt>
      <trkpt lat="36.869248" lon="138.2667">
        <ele>900.3652861892878</ele>
      </trkpt>
      <trkpt lat="36.86926" lon="138.266709">
        <ele>900.2426921047614</ele>
      </trkpt>
      <trkpt lat="36.86927" lon="138.266719">
        <ele>900.2133703225727</ele>
      </trkpt>
      <trkpt lat="36.869283" lon="138.266727">
        <ele>899.9718422141423</ele>
      </trkpt>
      <trkpt lat="36.869288" lon="138.266737">
        <ele>900.124859995553</ele>
      </trkpt>
      <trkpt lat="36.869297" lon="138.266746">
        <ele>900.0641122226931</ele>
      </trkpt>
      <trkpt lat="36.869303" lon="138.266759">
        <ele>900.26282527799</ele>
      </trkpt>
      <trkpt lat="36.869315" lon="138.266774">
        <ele>900.2519440454141</ele>
      </trkpt>
      <trkpt lat="36.869329" lon="138.266791">
        <ele>900.201221669388</ele>
      </trkpt>
      <trkpt lat="36.869344" lon="138.26681">
        <ele>900.1335040280658</ele>
      </trkpt>
      <trkpt lat="36.869356" lon="138.266824">
        <ele>900.002599270498</ele>
      </trkpt>
      <trkpt lat="36.869376" lon="138.266842">
        <ele>899.5934299640109</ele>
      </trkpt>
      <trkpt lat="36.869394" lon="138.266858">
        <ele>899.189994614713</ele>
      </trkpt>
      <trkpt lat="36.86942" lon="138.266893">
        <ele>898.9020806441042</ele>
      </trkpt>
      <trkpt lat="36.869438" lon="138.266905">
        <ele>898.3332317618052</ele>
      </trkpt>
      <trkpt lat="36.869461" lon="138.266916">
        <ele>897.5001705414159</ele>
      </trkpt>
      <trkpt lat="36.869474" lon="138.266927">
        <ele>897.2013295803692</ele>
      </trkpt>
      <trkpt lat="36.869484" lon="138.266938">
        <ele>897.033559814748</ele>
      </trkpt>
      <trkpt lat="36.869497" lon="138.266951">
        <ele>896.7836522283967</ele>
      </trkpt>
      <trkpt lat="36.86951" lon="138.266965">
        <ele>896.558211318357</ele>
      </trkpt>
      <trkpt lat="36.869525" lon="138.266971">
        <ele>896.0496552202851</ele>
      </trkpt>
      <trkpt lat="36.869536" lon="138.266979">
        <ele>895.8036578587346</ele>
      </trkpt>
      <trkpt lat="36.869541" lon="138.26699">
        <ele>895.8667762275934</ele>
      </trkpt>
      <trkpt lat="36.869547" lon="138.267002">
        <ele>895.922156401436</ele>
      </trkpt>
      <trkpt lat="36.869556" lon="138.267021">
        <ele>896.042556073817</ele>
      </trkpt>
      <trkpt lat="36.869556" lon="138.267033">
        <ele>896.3255834110637</ele>
      </trkpt>
      <trkpt lat="36.869549" lon="138.267042">
        <ele>896.7784997893662</ele>
      </trkpt>
      <trkpt lat="36.869551" lon="138.267061">
        <ele>897.1478014334364</ele>
      </trkpt>
      <trkpt lat="36.86955" lon="138.26708">
        <ele>897.5648340597804</ele>
      </trkpt>
      <trkpt lat="36.869551" lon="138.2671">
        <ele>897.9357808111158</ele>
      </trkpt>
      <trkpt lat="36.869549" lon="138.267146">
        <ele>898.9229810126245</ele>
      </trkpt>
      <trkpt lat="36.869544" lon="138.26717">
        <ele>899.3827011413723</ele>
      </trkpt>
      <trkpt lat="36.869537" lon="138.267193">
        <ele>899.8771786393211</ele>
      </trkpt>
      <trkpt lat="36.869533" lon="138.267216">
        <ele>900.269964721838</ele>
      </trkpt>
      <trkpt lat="36.869524" lon="138.267237">
        <ele>900.7696169075601</ele>
      </trkpt>
      <trkpt lat="36.869513" lon="138.267257">
        <ele>901.2917597530229</ele>
      </trkpt>
      <trkpt lat="36.869506" lon="138.267278">
        <ele>901.661133449026</ele>
      </trkpt>
      <trkpt lat="36.869501" lon="138.2673">
        <ele>901.9552881539528</ele>
      </trkpt>
      <trkpt lat="36.869493" lon="138.267322">
        <ele>902.3003850027523</ele>
      </trkpt>
      <trkpt lat="36.869487" lon="138.267343">
        <ele>902.4626815769982</ele>
      </trkpt>
      <trkpt lat="36.869472" lon="138.267363">
        <ele>902.8922576330324</ele>
      </trkpt>
      <trkpt lat="36.869455" lon="138.267381">
        <ele>903.3997911919229</ele>
      </trkpt>
      <trkpt lat="36.869445" lon="138.267398">
        <ele>903.7381740966101</ele>
      </trkpt>
      <trkpt lat="36.869416" lon="138.267434">
        <ele>904.6178010051904</ele>
      </trkpt>
      <trkpt lat="36.8694" lon="138.267449">
        <ele>905.11276536176</ele>
      </trkpt>
      <trkpt lat="36.869385" lon="138.267465">
        <ele>905.6163141794044</ele>
      </trkpt>
      <trkpt lat="36.869369" lon="138.267479">
        <ele>906.2887349058101</ele>
      </trkpt>
      <trkpt lat="36.869356" lon="138.267495">
        <ele>906.7906799525621</ele>
      </trkpt>
      <trkpt lat="36.869339" lon="138.267512">
        <ele>907.455549648671</ele>
      </trkpt>
      <trkpt lat="36.869324" lon="138.267528">
        <ele>908.0166731260282</ele>
      </trkpt>
      <trkpt lat="36.869307" lon="138.267546">
        <ele>908.7612733128653</ele>
      </trkpt>
      <trkpt lat="36.869292" lon="138.267563">
        <ele>909.4084625182511</ele>
      </trkpt>
      <trkpt lat="36.869272" lon="138.267607">
        <ele>909.9610593801548</ele>
      </trkpt>
      <trkpt lat="36.869259" lon="138.267626">
        <ele>910.4128222279476</ele>
      </trkpt>
      <trkpt lat="36.869252" lon="138.267649">
        <ele>910.4952975865423</ele>
      </trkpt>
      <trkpt lat="36.869242" lon="138.267674">
        <ele>910.6883779891789</ele>
      </trkpt>
      <trkpt lat="36.869236" lon="138.267696">
        <ele>910.6288188677909</ele>
      </trkpt>
      <trkpt lat="36.869214" lon="138.267747">
        <ele>910.942151193428</ele>
      </trkpt>
      <trkpt lat="36.869206" lon="138.267769">
        <ele>910.9195280028048</ele>
      </trkpt>
      <trkpt lat="36.869198" lon="138.267787">
        <ele>910.9693856717965</ele>
      </trkpt>
      <trkpt lat="36.869184" lon="138.267804">
        <ele>911.3611155239719</ele>
      </trkpt>
      <trkpt lat="36.869177" lon="138.267826">
        <ele>911.2880597143269</ele>
      </trkpt>
      <trkpt lat="36.869162" lon="138.26785">
        <ele>911.5613607334147</ele>
      </trkpt>
      <trkpt lat="36.869146" lon="138.267872">
        <ele>911.8905494370723</ele>
      </trkpt>
      <trkpt lat="36.86912" lon="138.267914">
        <ele>912.1538598519965</ele>
      </trkpt>
      <trkpt lat="36.869108" lon="138.267931">
        <ele>912.399898365083</ele>
      </trkpt>
      <trkpt lat="36.869082" lon="138.267971">
        <ele>912.8527427566196</ele>
      </trkpt>
      <trkpt lat="36.869068" lon="138.267991">
        <ele>913.1012612868475</ele>
      </trkpt>
      <trkpt lat="36.869054" lon="138.268012">
        <ele>913.3277645864349</ele>
      </trkpt>
      <trkpt lat="36.869042" lon="138.268033">
        <ele>913.47936857334</ele>
      </trkpt>
      <trkpt lat="36.869032" lon="138.268058">
        <ele>913.387138704609</ele>
      </trkpt>
      <trkpt lat="36.869022" lon="138.268088">
        <ele>913.1233153836273</ele>
      </trkpt>
      <trkpt lat="36.869012" lon="138.268116">
        <ele>913.0598007652967</ele>
      </trkpt>
      <trkpt lat="36.869004" lon="138.268141">
        <ele>912.9404376049968</ele>
      </trkpt>
      <trkpt lat="36.869004" lon="138.268167">
        <ele>912.3270537580075</ele>
      </trkpt>
      <trkpt lat="36.869002" lon="138.268193">
        <ele>911.9862602348878</ele>
      </trkpt>
      <trkpt lat="36.868998" lon="138.268246">
        <ele>911.4152801408557</ele>
      </trkpt>
      <trkpt lat="36.869" lon="138.268277">
        <ele>911.0019413642423</ele>
      </trkpt>
      <trkpt lat="36.869002" lon="138.268304">
        <ele>910.7541531583486</ele>
      </trkpt>
      <trkpt lat="36.869028" lon="138.268352">
        <ele>909.2540560083678</ele>
      </trkpt>
      <trkpt lat="36.869044" lon="138.268378">
        <ele>908.5834130542218</ele>
      </trkpt>
      <trkpt lat="36.869076" lon="138.268421">
        <ele>907.3677872832117</ele>
      </trkpt>
      <trkpt lat="36.869092" lon="138.268441">
        <ele>906.8391271340873</ele>
      </trkpt>
      <trkpt lat="36.869108" lon="138.268459">
        <ele>906.3916856866268</ele>
      </trkpt>
      <trkpt lat="36.869118" lon="138.268476">
        <ele>906.208177464853</ele>
      </trkpt>
      <trkpt lat="36.869138" lon="138.268489">
        <ele>905.5940551970714</ele>
      </trkpt>
      <trkpt lat="36.86916" lon="138.268502">
        <ele>904.9095552723645</ele>
      </trkpt>
      <trkpt lat="36.8692" lon="138.268525">
        <ele>903.7913492871756</ele>
      </trkpt>
      <trkpt lat="36.869214" lon="138.268539">
        <ele>903.6032974739051</ele>
      </trkpt>
      <trkpt lat="36.869232" lon="138.26855">
        <ele>903.2024631780142</ele>
      </trkpt>
      <trkpt lat="36.869258" lon="138.268563">
        <ele>902.5551596472978</ele>
      </trkpt>
      <trkpt lat="36.869288" lon="138.268577">
        <ele>901.800193500706</ele>
      </trkpt>
      <trkpt lat="36.869308" lon="138.268588">
        <ele>901.3318350414754</ele>
      </trkpt>
      <trkpt lat="36.869322" lon="138.268597">
        <ele>901.0320321038911</ele>
      </trkpt>
      <trkpt lat="36.869334" lon="138.268606">
        <ele>900.8243636849378</ele>
      </trkpt>
      <trkpt lat="36.869346" lon="138.268617">
        <ele>900.6866309999294</ele>
      </trkpt>
      <trkpt lat="36.869374" lon="138.268637">
        <ele>900.2142334352902</ele>
      </trkpt>
      <trkpt lat="36.869395" lon="138.268648">
        <ele>899.7615670246951</ele>
      </trkpt>
      <trkpt lat="36.869419" lon="138.268663">
        <ele>899.3170081648937</ele>
      </trkpt>
      <trkpt lat="36.86944" lon="138.268673">
        <ele>898.8478200293574</ele>
      </trkpt>
      <trkpt lat="36.869458" lon="138.268687">
        <ele>898.5602367556952</ele>
      </trkpt>
      <trkpt lat="36.869471" lon="138.268701">
        <ele>898.4678391934059</ele>
      </trkpt>
      <trkpt lat="36.86948" lon="138.268718">
        <ele>898.5611534504978</ele>
      </trkpt>
      <trkpt lat="36.869489" lon="138.268734">
        <ele>898.627650212218</ele>
      </trkpt>
      <trkpt lat="36.869493" lon="138.268753">
        <ele>898.9119302602735</ele>
      </trkpt>
      <trkpt lat="36.869499" lon="138.268772">
        <ele>899.1296856065737</ele>
      </trkpt>
      <trkpt lat="36.869502" lon="138.268787">
        <ele>899.3806105936035</ele>
      </trkpt>
      <trkpt lat="36.869503" lon="138.268805">
        <ele>899.7753068078886</ele>
      </trkpt>
      <trkpt lat="36.869506" lon="138.268818">
        <ele>899.9853805140312</ele>
      </trkpt>
      <trkpt lat="36.86951" lon="138.268843">
        <ele>900.4443472407718</ele>
      </trkpt>
      <trkpt lat="36.869516" lon="138.268861">
        <ele>900.6682352464867</ele>
      </trkpt>
      <trkpt lat="36.869524" lon="138.268881">
        <ele>900.8239501958366</ele>
      </trkpt>
      <trkpt lat="36.869535" lon="138.268901">
        <ele>900.8893948705208</ele>
      </trkpt>
      <trkpt lat="36.869545" lon="138.268925">
        <ele>901.0731092126556</ele>
      </trkpt>
      <trkpt lat="36.869556" lon="138.26895">
        <ele>901.2359455575818</ele>
      </trkpt>
      <trkpt lat="36.86958" lon="138.269005">
        <ele>901.5205481553323</ele>
      </trkpt>
      <trkpt lat="36.86959" lon="138.269034">
        <ele>901.7260488891246</ele>
      </trkpt>
      <trkpt lat="36.869598" lon="138.269057">
        <ele>901.83051930172</ele>
      </trkpt>
      <trkpt lat="36.869607" lon="138.269082">
        <ele>901.9597942292667</ele>
      </trkpt>
      <trkpt lat="36.869613" lon="138.269109">
        <ele>902.2001509362555</ele>
      </trkpt>
      <trkpt lat="36.869617" lon="138.269136">
        <ele>902.4947279371798</ele>
      </trkpt>
      <trkpt lat="36.86962" lon="138.269159">
        <ele>902.7534849098959</ele>
      </trkpt>
      <trkpt lat="36.869622" lon="138.269179">
        <ele>902.9954206842991</ele>
      </trkpt>
      <trkpt lat="36.869624" lon="138.269193">
        <ele>903.1424351905705</ele>
      </trkpt>
      <trkpt lat="36.869622" lon="138.269212">
        <ele>903.5067953475947</ele>
      </trkpt>
      <trkpt lat="36.869618" lon="138.269229">
        <ele>903.9204222844826</ele>
      </trkpt>
      <trkpt lat="36.869607" lon="138.269232">
        <ele>904.3729764500634</ele>
      </trkpt>
      <trkpt lat="36.869602" lon="138.269244">
        <ele>904.7618597737448</ele>
      </trkpt>
      <trkpt lat="36.869611" lon="138.269258">
        <ele>904.6541263635439</ele>
      </trkpt>
      <trkpt lat="36.869618" lon="138.269275">
        <ele>904.6562661025084</ele>
      </trkpt>
      <trkpt lat="36.869622" lon="138.26929">
        <ele>904.7333548152576</ele>
      </trkpt>
      <trkpt lat="36.869627" lon="138.269314">
        <ele>904.9769286824918</ele>
      </trkpt>
      <trkpt lat="36.869633" lon="138.26933">
        <ele>905.0244844306557</ele>
      </trkpt>
      <trkpt lat="36.869637" lon="138.269344">
        <ele>905.1139745776104</ele>
      </trkpt>
      <trkpt lat="36.869637" lon="138.269365">
        <ele>905.5008330395792</ele>
      </trkpt>
      <trkpt lat="36.869638" lon="138.269392">
        <ele>906.032011588407</ele>
      </trkpt>
      <trkpt lat="36.869636" lon="138.269417">
        <ele>906.7110910570948</ele>
      </trkpt>
      <trkpt lat="36.869637" lon="138.269437">
        <ele>907.1364509668742</ele>
      </trkpt>
      <trkpt lat="36.869643" lon="138.269462">
        <ele>907.4371461396797</ele>
      </trkpt>
      <trkpt lat="36.869644" lon="138.269481">
        <ele>907.9390606540036</ele>
      </trkpt>
      <trkpt lat="36.869655" lon="138.269516">
        <ele>908.4298541928889</ele>
      </trkpt>
      <trkpt lat="36.869666" lon="138.269538">
        <ele>908.5508723883465</ele>
      </trkpt>
      <trkpt lat="36.869681" lon="138.269556">
        <ele>908.4961572572516</ele>
      </trkpt>
      <trkpt lat="36.869695" lon="138.269573">
        <ele>908.4891596741973</ele>
      </trkpt>
      <trkpt lat="36.869724" lon="138.269601">
        <ele>908.2124581397532</ele>
      </trkpt>
      <trkpt lat="36.869738" lon="138.269619">
        <ele>908.237920917792</ele>
      </trkpt>
      <trkpt lat="36.86975" lon="138.269636">
        <ele>908.3406821877469</ele>
      </trkpt>
      <trkpt lat="36.869766" lon="138.269651">
        <ele>908.2765988978372</ele>
      </trkpt>
      <trkpt lat="36.869784" lon="138.269665">
        <ele>908.0827710285753</ele>
      </trkpt>
      <trkpt lat="36.869793" lon="138.269676">
        <ele>908.1205012389036</ele>
      </trkpt>
      <trkpt lat="36.86982" lon="138.269704">
        <ele>908.1399411335113</ele>
      </trkpt>
      <trkpt lat="36.869836" lon="138.269719">
        <ele>908.0837909457068</ele>
      </trkpt>
      <trkpt lat="36.869855" lon="138.269733">
        <ele>907.8897348458211</ele>
      </trkpt>
      <trkpt lat="36.869869" lon="138.269747">
        <ele>907.846598957632</ele>
      </trkpt>
      <trkpt lat="36.869891" lon="138.26976">
        <ele>907.5631458137723</ele>
      </trkpt>
      <trkpt lat="36.869907" lon="138.269779">
        <ele>907.6052975749458</ele>
      </trkpt>
      <trkpt lat="36.869916" lon="138.269796">
        <ele>907.7787241745204</ele>
      </trkpt>
      <trkpt lat="36.86993" lon="138.269816">
        <ele>907.837032319182</ele>
      </trkpt>
      <trkpt lat="36.869943" lon="138.269835">
        <ele>907.9119964946824</ele>
      </trkpt>
      <trkpt lat="36.869992" lon="138.269881">
        <ele>907.5228583427545</ele>
      </trkpt>
      <trkpt lat="36.870012" lon="138.269904">
        <ele>907.3230460163261</ele>
      </trkpt>
      <trkpt lat="36.870026" lon="138.269922">
        <ele>907.2331159689415</ele>
      </trkpt>
      <trkpt lat="36.870038" lon="138.269944">
        <ele>907.2076178708064</ele>
      </trkpt>
      <trkpt lat="36.870043" lon="138.269966">
        <ele>907.3646502211406</ele>
      </trkpt>
      <trkpt lat="36.870048" lon="138.269992">
        <ele>907.5441380317766</ele>
      </trkpt>
      <trkpt lat="36.870072" lon="138.270045">
        <ele>907.2169847032145</ele>
      </trkpt>
      <trkpt lat="36.870081" lon="138.270071">
        <ele>907.090004177314</ele>
      </trkpt>
      <trkpt lat="36.870089" lon="138.270097">
        <ele>906.9118457909055</ele>
      </trkpt>
      <trkpt lat="36.870093" lon="138.270123">
        <ele>906.8612422929525</ele>
      </trkpt>
      <trkpt lat="36.870104" lon="138.270151">
        <ele>906.4776594169241</ele>
      </trkpt>
      <trkpt lat="36.870114" lon="138.270179">
        <ele>906.0489799790614</ele>
      </trkpt>
      <trkpt lat="36.870116" lon="138.270206">
        <ele>905.9708414338725</ele>
      </trkpt>
      <trkpt lat="36.870118" lon="138.270232">
        <ele>905.881236641661</ele>
      </trkpt>
      <trkpt lat="36.870117" lon="138.270258">
        <ele>905.9965852361678</ele>
      </trkpt>
      <trkpt lat="36.870125" lon="138.270287">
        <ele>905.6202339723213</ele>
      </trkpt>
      <trkpt lat="36.870136" lon="138.270314">
        <ele>905.0429484465068</ele>
      </trkpt>
      <trkpt lat="36.870148" lon="138.27034">
        <ele>904.441344057384</ele>
      </trkpt>
      <trkpt lat="36.87016" lon="138.270398">
        <ele>903.9954377182287</ele>
      </trkpt>
      <trkpt lat="36.870159" lon="138.270431">
        <ele>904.2264250267558</ele>
      </trkpt>
      <trkpt lat="36.870158" lon="138.270466">
        <ele>904.503971138377</ele>
      </trkpt>
      <trkpt lat="36.870164" lon="138.2705">
        <ele>904.3989379492876</ele>
      </trkpt>
      <trkpt lat="36.870165" lon="138.270563">
        <ele>904.9803315974207</ele>
      </trkpt>
      <trkpt lat="36.870171" lon="138.270595">
        <ele>905.0084046221137</ele>
      </trkpt>
      <trkpt lat="36.870172" lon="138.270624">
        <ele>905.3479883522324</ele>
      </trkpt>
      <trkpt lat="36.870174" lon="138.270655">
        <ele>905.6485029593055</ele>
      </trkpt>
      <trkpt lat="36.870183" lon="138.270688">
        <ele>905.6262500707912</ele>
      </trkpt>
      <trkpt lat="36.870187" lon="138.270713">
        <ele>905.8167524213375</ele>
      </trkpt>
      <trkpt lat="36.870204" lon="138.270769">
        <ele>905.7711895206158</ele>
      </trkpt>
      <trkpt lat="36.870218" lon="138.270792">
        <ele>905.3601413183378</ele>
      </trkpt>
      <trkpt lat="36.870227" lon="138.270817">
        <ele>905.3614011898774</ele>
      </trkpt>
      <trkpt lat="36.870241" lon="138.270839">
        <ele>905.0184586759005</ele>
      </trkpt>
      <trkpt lat="36.870264" lon="138.270855">
        <ele>904.0778674733282</ele>
      </trkpt>
      <trkpt lat="36.870289" lon="138.270869">
        <ele>903.0111081752278</ele>
      </trkpt>
      <trkpt lat="36.870304" lon="138.270885">
        <ele>902.6675026950975</ele>
      </trkpt>
      <trkpt lat="36.870331" lon="138.270914">
        <ele>902.0332180745181</ele>
      </trkpt>
      <trkpt lat="36.87034" lon="138.27093">
        <ele>901.9953039453012</ele>
      </trkpt>
      <trkpt lat="36.870353" lon="138.270943">
        <ele>901.7135549095503</ele>
      </trkpt>
      <trkpt lat="36.870361" lon="138.270961">
        <ele>901.8871867220548</ele>
      </trkpt>
      <trkpt lat="36.870373" lon="138.270978">
        <ele>901.874149017415</ele>
      </trkpt>
      <trkpt lat="36.870381" lon="138.270996">
        <ele>902.0369213087271</ele>
      </trkpt>
      <trkpt lat="36.870388" lon="138.271014">
        <ele>902.2678818222778</ele>
      </trkpt>
      <trkpt lat="36.870396" lon="138.271033">
        <ele>902.5426901030053</ele>
      </trkpt>
      <trkpt lat="36.870398" lon="138.271078">
        <ele>903.8593265238505</ele>
      </trkpt>
      <trkpt lat="36.87041" lon="138.271103">
        <ele>904.1774874891632</ele>
      </trkpt>
      <trkpt lat="36.870415" lon="138.271128">
        <ele>904.8692549544395</ele>
      </trkpt>
      <trkpt lat="36.870424" lon="138.271152">
        <ele>905.4002880423486</ele>
      </trkpt>
      <trkpt lat="36.870429" lon="138.271174">
        <ele>906.0317121105659</ele>
      </trkpt>
      <trkpt lat="36.870428" lon="138.271199">
        <ele>907.0104954235259</ele>
      </trkpt>
      <trkpt lat="36.870437" lon="138.271217">
        <ele>907.4141951644333</ele>
      </trkpt>
      <trkpt lat="36.870441" lon="138.271229">
        <ele>907.7474084072753</ele>
      </trkpt>
      <trkpt lat="36.870452" lon="138.271242">
        <ele>907.8947890574585</ele>
      </trkpt>
      <trkpt lat="36.870461" lon="138.271245">
        <ele>907.7217719065964</ele>
      </trkpt>
      <trkpt lat="36.870452" lon="138.271259">
        <ele>908.5484014310882</ele>
      </trkpt>
      <trkpt lat="36.87045" lon="138.271274">
        <ele>909.2160111999631</ele>
      </trkpt>
      <trkpt lat="36.870456" lon="138.271291">
        <ele>909.7255546680128</ele>
      </trkpt>
      <trkpt lat="36.870461" lon="138.271307">
        <ele>910.2231555633613</ele>
      </trkpt>
      <trkpt lat="36.870481" lon="138.271349">
        <ele>911.2863701252712</ele>
      </trkpt>
      <trkpt lat="36.870498" lon="138.27137">
        <ele>911.711532954127</ele>
      </trkpt>
      <trkpt lat="36.870516" lon="138.271386">
        <ele>911.9818292000803</ele>
      </trkpt>
      <trkpt lat="36.870535" lon="138.271402">
        <ele>912.2288234635262</ele>
      </trkpt>
      <trkpt lat="36.870558" lon="138.271424">
        <ele>912.6457328115844</ele>
      </trkpt>
      <trkpt lat="36.870568" lon="138.271427">
        <ele>912.6310393345148</ele>
      </trkpt>
      <trkpt lat="36.870587" lon="138.271422">
        <ele>912.144415813967</ele>
      </trkpt>
      <trkpt lat="36.870598" lon="138.271421">
        <ele>911.9445364038024</ele>
      </trkpt>
      <trkpt lat="36.8706" lon="138.271403">
        <ele>911.1529756505929</ele>
      </trkpt>
      <trkpt lat="36.870607" lon="138.271393">
        <ele>910.6323493433398</ele>
      </trkpt>
      <trkpt lat="36.870617" lon="138.271395">
        <ele>910.5783230091356</ele>
      </trkpt>
      <trkpt lat="36.870632" lon="138.271388">
        <ele>910.1345301875749</ele>
      </trkpt>
      <trkpt lat="36.87065" lon="138.271381">
        <ele>909.7806657841641</ele>
      </trkpt>
      <trkpt lat="36.87067" lon="138.271378">
        <ele>909.5937226026766</ele>
      </trkpt>
      <trkpt lat="36.870694" lon="138.271372">
        <ele>909.2905282725976</ele>
      </trkpt>
      <trkpt lat="36.870702" lon="138.271367">
        <ele>909.1271633071445</ele>
      </trkpt>
      <trkpt lat="36.870719" lon="138.271363">
        <ele>909.0432627078943</ele>
      </trkpt>
      <trkpt lat="36.870741" lon="138.271357">
        <ele>908.9161942371921</ele>
      </trkpt>
      <trkpt lat="36.870759" lon="138.271351">
        <ele>908.7851163394924</ele>
      </trkpt>
      <trkpt lat="36.870787" lon="138.271334">
        <ele>908.5002585431339</ele>
      </trkpt>
      <trkpt lat="36.870799" lon="138.271327">
        <ele>908.4067028719642</ele>
      </trkpt>
      <trkpt lat="36.870811" lon="138.271326">
        <ele>908.4819516531104</ele>
      </trkpt>
      <trkpt lat="36.870822" lon="138.271324">
        <ele>908.5236750545597</ele>
      </trkpt>
      <trkpt lat="36.870831" lon="138.271323">
        <ele>908.5758269568763</ele>
      </trkpt>
      <trkpt lat="36.87085" lon="138.271321">
        <ele>908.7357520795056</ele>
      </trkpt>
      <trkpt lat="36.870871" lon="138.271327">
        <ele>909.1064738148514</ele>
      </trkpt>
      <trkpt lat="36.870881" lon="138.271333">
        <ele>909.343027022427</ele>
      </trkpt>
      <trkpt lat="36.870897" lon="138.271341">
        <ele>909.6681273831047</ele>
      </trkpt>
      <trkpt lat="36.870912" lon="138.271349">
        <ele>909.9619066797103</ele>
      </trkpt>
      <trkpt lat="36.870928" lon="138.271358">
        <ele>910.2957261744552</ele>
      </trkpt>
      <trkpt lat="36.870945" lon="138.27137">
        <ele>910.6826012605187</ele>
      </trkpt>
      <trkpt lat="36.870962" lon="138.271382">
        <ele>911.0348616430648</ele>
      </trkpt>
      <trkpt lat="36.871011" lon="138.271405">
        <ele>911.6589973261807</ele>
      </trkpt>
      <trkpt lat="36.871034" lon="138.271417">
        <ele>911.9131152715368</ele>
      </trkpt>
      <trkpt lat="36.871082" lon="138.27144">
        <ele>912.3041332315145</ele>
      </trkpt>
      <trkpt lat="36.871101" lon="138.271448">
        <ele>912.4145783711738</ele>
      </trkpt>
      <trkpt lat="36.871118" lon="138.271458">
        <ele>912.4950033814586</ele>
      </trkpt>
      <trkpt lat="36.871137" lon="138.271478">
        <ele>912.6257021277559</ele>
      </trkpt>
      <trkpt lat="36.871144" lon="138.271487">
        <ele>912.6781216947214</ele>
      </trkpt>
      <trkpt lat="36.871152" lon="138.271493">
        <ele>912.6950956914061</ele>
      </trkpt>
      <trkpt lat="36.871161" lon="138.271501">
        <ele>912.7180092625435</ele>
      </trkpt>
      <trkpt lat="36.871168" lon="138.271509">
        <ele>912.7438670191442</ele>
      </trkpt>
      <trkpt lat="36.871176" lon="138.271516">
        <ele>912.7498650547626</ele>
      </trkpt>
      <trkpt lat="36.871173" lon="138.271528">
        <ele>912.8597752861494</ele>
      </trkpt>
      <trkpt lat="36.871177" lon="138.271546">
        <ele>912.9769212865251</ele>
      </trkpt>
      <trkpt lat="36.871177" lon="138.271558">
        <ele>913.0741667088453</ele>
      </trkpt>
      <trkpt lat="36.871178" lon="138.271572">
        <ele>913.1772023306316</ele>
      </trkpt>
      <trkpt lat="36.871178" lon="138.271592">
        <ele>913.3385993126764</ele>
      </trkpt>
      <trkpt lat="36.871184" lon="138.271646">
        <ele>913.8338330760487</ele>
      </trkpt>
      <trkpt lat="36.871188" lon="138.271673">
        <ele>914.0935076107709</ele>
      </trkpt>
      <trkpt lat="36.871191" lon="138.271703">
        <ele>914.4230561596555</ele>
      </trkpt>
      <trkpt lat="36.871196" lon="138.271734">
        <ele>914.7924125247173</ele>
      </trkpt>
      <trkpt lat="36.871204" lon="138.271759">
        <ele>915.0136878681622</ele>
      </trkpt>
      <trkpt lat="36.871209" lon="138.27178">
        <ele>915.2138821105822</ele>
      </trkpt>
      <trkpt lat="36.871224" lon="138.271819">
        <ele>915.4327832771695</ele>
      </trkpt>
      <trkpt lat="36.871228" lon="138.271836">
        <ele>915.5649587712012</ele>
      </trkpt>
      <trkpt lat="36.871232" lon="138.271848">
        <ele>915.6322053430283</ele>
      </trkpt>
      <trkpt lat="36.871229" lon="138.271862">
        <ele>915.8618600070204</ele>
      </trkpt>
      <trkpt lat="36.871231" lon="138.271876">
        <ele>916.0002635624155</ele>
      </trkpt>
      <trkpt lat="36.871229" lon="138.271892">
        <ele>916.2505511993444</ele>
      </trkpt>
      <trkpt lat="36.871226" lon="138.271909">
        <ele>916.5361530916355</ele>
      </trkpt>
      <trkpt lat="36.871226" lon="138.271952">
        <ele>917.0984803982319</ele>
      </trkpt>
      <trkpt lat="36.871231" lon="138.271977">
        <ele>917.164014495165</ele>
      </trkpt>
      <trkpt lat="36.871226" lon="138.272006">
        <ele>917.4759677584525</ele>
      </trkpt>
      <trkpt lat="36.871224" lon="138.272033">
        <ele>917.7084028641937</ele>
      </trkpt>
      <trkpt lat="36.871223" lon="138.272059">
        <ele>917.8869595452688</ele>
      </trkpt>
      <trkpt lat="36.871221" lon="138.272081">
        <ele>918.0588102587044</ele>
      </trkpt>
      <trkpt lat="36.871217" lon="138.272096">
        <ele>918.2335744364664</ele>
      </trkpt>
      <trkpt lat="36.871218" lon="138.272112">
        <ele>918.3049354814702</ele>
      </trkpt>
      <trkpt lat="36.87122" lon="138.272126">
        <ele>918.3324006534174</ele>
      </trkpt>
      <trkpt lat="36.871216" lon="138.272144">
        <ele>918.4529520907513</ele>
      </trkpt>
      <trkpt lat="36.871215" lon="138.272157">
        <ele>918.498312244136</ele>
      </trkpt>
      <trkpt lat="36.871217" lon="138.272173">
        <ele>918.4856785794188</ele>
      </trkpt>
      <trkpt lat="36.871212" lon="138.272183">
        <ele>918.6085423814607</ele>
      </trkpt>
      <trkpt lat="36.871205" lon="138.272192">
        <ele>918.7693705922516</ele>
      </trkpt>
      <trkpt lat="36.871193" lon="138.272208">
        <ele>919.040937701051</ele>
      </trkpt>
      <trkpt lat="36.87118" lon="138.272222">
        <ele>919.3077062963522</ele>
      </trkpt>
      <trkpt lat="36.871168" lon="138.272234">
        <ele>919.5678484190848</ele>
      </trkpt>
      <trkpt lat="36.871154" lon="138.272247">
        <ele>919.8728059731499</ele>
      </trkpt>
      <trkpt lat="36.871138" lon="138.272263">
        <ele>920.2047496432413</ele>
      </trkpt>
      <trkpt lat="36.871123" lon="138.272281">
        <ele>920.4948242542106</ele>
      </trkpt>
      <trkpt lat="36.871111" lon="138.272293">
        <ele>920.7189406905961</ele>
      </trkpt>
      <trkpt lat="36.871096" lon="138.272306">
        <ele>921.0507845033804</ele>
      </trkpt>
      <trkpt lat="36.87108" lon="138.272321">
        <ele>921.4098219867586</ele>
      </trkpt>
      <trkpt lat="36.871063" lon="138.272337">
        <ele>921.7732852347237</ele>
      </trkpt>
      <trkpt lat="36.871049" lon="138.272352">
        <ele>922.0530439142929</ele>
      </trkpt>
      <trkpt lat="36.871018" lon="138.272371">
        <ele>922.762490598858</ele>
      </trkpt>
      <trkpt lat="36.871005" lon="138.272379">
        <ele>923.0753207411622</ele>
      </trkpt>
      <trkpt lat="36.870991" lon="138.272381">
        <ele>923.4354620895962</ele>
      </trkpt>
      <trkpt lat="36.870976" lon="138.272384">
        <ele>923.8187742889196</ele>
      </trkpt>
      <trkpt lat="36.870967" lon="138.272389">
        <ele>924.0365295995495</ele>
      </trkpt>
      <trkpt lat="36.870954" lon="138.272399">
        <ele>924.3423690078783</ele>
      </trkpt>
      <trkpt lat="36.870944" lon="138.272415">
        <ele>924.5485925621356</ele>
      </trkpt>
      <trkpt lat="36.870936" lon="138.272425">
        <ele>924.7233580900361</ele>
      </trkpt>
      <trkpt lat="36.870928" lon="138.272431">
        <ele>924.912104609516</ele>
      </trkpt>
      <trkpt lat="36.870922" lon="138.272441">
        <ele>925.0344405915592</ele>
      </trkpt>
      <trkpt lat="36.870916" lon="138.27245">
        <ele>925.1602718145124</ele>
      </trkpt>
      <trkpt lat="36.870907" lon="138.272454">
        <ele>925.3822235324423</ele>
      </trkpt>
      <trkpt lat="36.870899" lon="138.272462">
        <ele>925.5641233074134</ele>
      </trkpt>
      <trkpt lat="36.870876" lon="138.272481">
        <ele>926.1111772500474</ele>
      </trkpt>
      <trkpt lat="36.870865" lon="138.272491">
        <ele>926.3674831979451</ele>
      </trkpt>
      <trkpt lat="36.870851" lon="138.272505">
        <ele>926.6842502559242</ele>
      </trkpt>
      <trkpt lat="36.870836" lon="138.272516">
        <ele>927.0299824760248</ele>
      </trkpt>
      <trkpt lat="36.870824" lon="138.272524">
        <ele>927.30544351618</ele>
      </trkpt>
      <trkpt lat="36.870812" lon="138.272529">
        <ele>927.589158419078</ele>
      </trkpt>
      <trkpt lat="36.870798" lon="138.272535">
        <ele>927.9169064682417</ele>
      </trkpt>
      <trkpt lat="36.870781" lon="138.272549">
        <ele>928.2817576378881</ele>
      </trkpt>
      <trkpt lat="36.870766" lon="138.27257">
        <ele>928.5978482153264</ele>
      </trkpt>
      <trkpt lat="36.87075" lon="138.272585">
        <ele>928.9237495250554</ele>
      </trkpt>
      <trkpt lat="36.870713" lon="138.272603">
        <ele>929.6723153816399</ele>
      </trkpt>
      <trkpt lat="36.870699" lon="138.272616">
        <ele>929.9158012667301</ele>
      </trkpt>
      <trkpt lat="36.870685" lon="138.272637">
        <ele>930.1067632432334</ele>
      </trkpt>
      <trkpt lat="36.870662" lon="138.272666">
        <ele>930.4417569811873</ele>
      </trkpt>
      <trkpt lat="36.870653" lon="138.272678">
        <ele>930.5578290557596</ele>
      </trkpt>
      <trkpt lat="36.870646" lon="138.272693">
        <ele>930.6138433204335</ele>
      </trkpt>
      <trkpt lat="36.870639" lon="138.272703">
        <ele>930.6896801865605</ele>
      </trkpt>
      <trkpt lat="36.87063" lon="138.272715">
        <ele>930.7850852617047</ele>
      </trkpt>
      <trkpt lat="36.870629" lon="138.27273">
        <ele>930.730562175474</ele>
      </trkpt>
      <trkpt lat="36.870619" lon="138.272745">
        <ele>930.8472661338916</ele>
      </trkpt>
      <trkpt lat="36.870612" lon="138.272759">
        <ele>930.9089855888592</ele>
      </trkpt>
      <trkpt lat="36.870605" lon="138.272774">
        <ele>930.9598401239234</ele>
      </trkpt>
      <trkpt lat="36.870595" lon="138.272792">
        <ele>931.0357368268238</ele>
      </trkpt>
      <trkpt lat="36.870588" lon="138.272808">
        <ele>931.0653081227642</ele>
      </trkpt>
      <trkpt lat="36.870581" lon="138.272829">
        <ele>931.0621380763698</ele>
      </trkpt>
      <trkpt lat="36.870575" lon="138.272853">
        <ele>931.0200905656271</ele>
      </trkpt>
      <trkpt lat="36.870554" lon="138.272894">
        <ele>931.0566564288371</ele>
      </trkpt>
      <trkpt lat="36.870531" lon="138.27293">
        <ele>931.2124831661025</ele>
      </trkpt>
      <trkpt lat="36.870519" lon="138.272951">
        <ele>931.2756908827397</ele>
      </trkpt>
      <trkpt lat="36.87051" lon="138.272972">
        <ele>931.2949030374789</ele>
      </trkpt>
      <trkpt lat="36.870502" lon="138.272996">
        <ele>931.3131781628358</ele>
      </trkpt>
      <trkpt lat="36.870493" lon="138.273017">
        <ele>931.3691030394291</ele>
      </trkpt>
      <trkpt lat="36.870487" lon="138.273041">
        <ele>931.3830845949249</ele>
      </trkpt>
      <trkpt lat="36.870483" lon="138.273067">
        <ele>931.3691039399253</ele>
      </trkpt>
      <trkpt lat="36.870478" lon="138.273089">
        <ele>931.4302111659554</ele>
      </trkpt>
      <trkpt lat="36.870475" lon="138.27311">
        <ele>931.4711899387273</ele>
      </trkpt>
      <trkpt lat="36.870473" lon="138.273162">
        <ele>931.5223745777492</ele>
      </trkpt>
      <trkpt lat="36.870485" lon="138.27319">
        <ele>931.3978137873054</ele>
      </trkpt>
      <trkpt lat="36.870492" lon="138.273219">
        <ele>931.3315462908881</ele>
      </trkpt>
      <trkpt lat="36.8705" lon="138.273247">
        <ele>931.2695969214897</ele>
      </trkpt>
      <trkpt lat="36.870505" lon="138.273271">
        <ele>931.286878081886</ele>
      </trkpt>
      <trkpt lat="36.870519" lon="138.273295">
        <ele>931.135275995628</ele>
      </trkpt>
      <trkpt lat="36.870551" lon="138.273336">
        <ele>930.674489118159</ele>
      </trkpt>
      <trkpt lat="36.870566" lon="138.273354">
        <ele>930.490766204074</ele>
      </trkpt>
      <trkpt lat="36.870581" lon="138.273374">
        <ele>930.3129433503501</ele>
      </trkpt>
      <trkpt lat="36.8706" lon="138.273395">
        <ele>930.0445259265285</ele>
      </trkpt>
      <trkpt lat="36.870614" lon="138.273415">
        <ele>929.84988990943</ele>
      </trkpt>
      <trkpt lat="36.870623" lon="138.273427">
        <ele>929.7354187549096</ele>
      </trkpt>
      <trkpt lat="36.870635" lon="138.273438">
        <ele>929.5513320633384</ele>
      </trkpt>
      <trkpt lat="36.87065" lon="138.273445">
        <ele>929.280452809941</ele>
      </trkpt>
      <trkpt lat="36.87067" lon="138.27346">
        <ele>928.9261734776469</ele>
      </trkpt>
      <trkpt lat="36.870688" lon="138.273474">
        <ele>928.5911938197363</ele>
      </trkpt>
      <trkpt lat="36.870701" lon="138.273487">
        <ele>928.3617223974184</ele>
      </trkpt>
      <trkpt lat="36.870742" lon="138.273529">
        <ele>927.6682295860089</ele>
      </trkpt>
      <trkpt lat="36.870759" lon="138.273547">
        <ele>927.351410936167</ele>
      </trkpt>
      <trkpt lat="36.870782" lon="138.273568">
        <ele>926.9057891635235</ele>
      </trkpt>
      <trkpt lat="36.870803" lon="138.273587">
        <ele>926.5072901922454</ele>
      </trkpt>
      <trkpt lat="36.870812" lon="138.273604">
        <ele>926.3685205463121</ele>
      </trkpt>
      <trkpt lat="36.870836" lon="138.273635">
        <ele>925.9496459899012</ele>
      </trkpt>
      <trkpt lat="36.87085" lon="138.273654">
        <ele>925.7288592073375</ele>
      </trkpt>
      <trkpt lat="36.870862" lon="138.273669">
        <ele>925.5366174236412</ele>
      </trkpt>
      <trkpt lat="36.870877" lon="138.273684">
        <ele>925.2875770109712</ele>
      </trkpt>
      <trkpt lat="36.87089" lon="138.273702">
        <ele>925.0833927856066</ele>
      </trkpt>
      <trkpt lat="36.870902" lon="138.273724">
        <ele>924.9074620654345</ele>
      </trkpt>
      <trkpt lat="36.870911" lon="138.273744">
        <ele>924.7836695929525</ele>
      </trkpt>
      <trkpt lat="36.870927" lon="138.273764">
        <ele>924.5273469651121</ele>
      </trkpt>
      <trkpt lat="36.870929" lon="138.273785">
        <ele>924.5384147568611</ele>
      </trkpt>
      <trkpt lat="36.870934" lon="138.273808">
        <ele>924.4973442490453</ele>
      </trkpt>
      <trkpt lat="36.870935" lon="138.273841">
        <ele>924.5546929094681</ele>
      </trkpt>
      <trkpt lat="36.870935" lon="138.273865">
        <ele>924.5965743991967</ele>
      </trkpt>
      <trkpt lat="36.870923" lon="138.273911">
        <ele>924.8895749850662</ele>
      </trkpt>
      <trkpt lat="36.870914" lon="138.273933">
        <ele>925.0764439689634</ele>
      </trkpt>
      <trkpt lat="36.870905" lon="138.273954">
        <ele>925.2578119241755</ele>
      </trkpt>
      <trkpt lat="36.870886" lon="138.273974">
        <ele>925.6367512785841</ele>
      </trkpt>
      <trkpt lat="36.870876" lon="138.273994">
        <ele>925.8493816267711</ele>
      </trkpt>
      <trkpt lat="36.870849" lon="138.27404">
        <ele>926.3149393008796</ele>
      </trkpt>
      <trkpt lat="36.870836" lon="138.27407">
        <ele>926.4911613676234</ele>
      </trkpt>
      <trkpt lat="36.87082" lon="138.274096">
        <ele>926.7338001723252</ele>
      </trkpt>
      <trkpt lat="36.870804" lon="138.274121">
        <ele>926.9120269202641</ele>
      </trkpt>
      <trkpt lat="36.870777" lon="138.274164">
        <ele>927.1717838884495</ele>
      </trkpt>
      <trkpt lat="36.870769" lon="138.274182">
        <ele>927.211036556646</ele>
      </trkpt>
      <trkpt lat="36.870752" lon="138.274198">
        <ele>927.3067798154507</ele>
      </trkpt>
      <trkpt lat="36.870729" lon="138.27421">
        <ele>927.5098909663715</ele>
      </trkpt>
      <trkpt lat="36.870704" lon="138.274224">
        <ele>927.696341585691</ele>
      </trkpt>
      <trkpt lat="36.870668" lon="138.274252">
        <ele>927.6969193771342</ele>
      </trkpt>
      <trkpt lat="36.870654" lon="138.274261">
        <ele>927.6869098136217</ele>
      </trkpt>
      <trkpt lat="36.870638" lon="138.274266">
        <ele>927.7489528054914</ele>
      </trkpt>
      <trkpt lat="36.870618" lon="138.274273">
        <ele>927.7449953519016</ele>
      </trkpt>
      <trkpt lat="36.87059" lon="138.274283">
        <ele>927.6045257075998</ele>
      </trkpt>
      <trkpt lat="36.870545" lon="138.274295">
        <ele>927.3855942564188</ele>
      </trkpt>
      <trkpt lat="36.870525" lon="138.274298">
        <ele>927.2948043736949</ele>
      </trkpt>
      <trkpt lat="36.870503" lon="138.274296">
        <ele>927.3235333738196</ele>
      </trkpt>
      <trkpt lat="36.870483" lon="138.27429">
        <ele>927.4283281725376</ele>
      </trkpt>
      <trkpt lat="36.870463" lon="138.274296">
        <ele>927.1483061525021</ele>
      </trkpt>
      <trkpt lat="36.870443" lon="138.274302">
        <ele>926.8642118688417</ele>
      </trkpt>
      <trkpt lat="36.87042" lon="138.274306">
        <ele>926.6104396084688</ele>
      </trkpt>
      <trkpt lat="36.870398" lon="138.274305">
        <ele>926.5277196222947</ele>
      </trkpt>
      <trkpt lat="36.870378" lon="138.274302">
        <ele>926.5106936978302</ele>
      </trkpt>
      <trkpt lat="36.870362" lon="138.274302">
        <ele>926.431857395534</ele>
      </trkpt>
      <trkpt lat="36.870348" lon="138.274293">
        <ele>926.6216012070433</ele>
      </trkpt>
      <trkpt lat="36.870336" lon="138.274283">
        <ele>926.8662687367769</ele>
      </trkpt>
      <trkpt lat="36.870318" lon="138.274271">
        <ele>927.1493839629933</ele>
      </trkpt>
      <trkpt lat="36.870299" lon="138.274264">
        <ele>927.2897763414778</ele>
      </trkpt>
      <trkpt lat="36.870274" lon="138.274256">
        <ele>927.4792945565893</ele>
      </trkpt>
      <trkpt lat="36.870252" lon="138.274249">
        <ele>927.707068719273</ele>
      </trkpt>
      <trkpt lat="36.870226" lon="138.274249">
        <ele>927.7449341329053</ele>
      </trkpt>
      <trkpt lat="36.870205" lon="138.27425">
        <ele>927.7950805348918</ele>
      </trkpt>
      <trkpt lat="36.870184" lon="138.274253">
        <ele>927.8535704400343</ele>
      </trkpt>
      <trkpt lat="36.870162" lon="138.274251">
        <ele>928.0541296699203</ele>
      </trkpt>
      <trkpt lat="36.870142" lon="138.274256">
        <ele>928.0803945511336</ele>
      </trkpt>
      <trkpt lat="36.870101" lon="138.274284">
        <ele>927.9354167957683</ele>
      </trkpt>
      <trkpt lat="36.870089" lon="138.274299">
        <ele>927.7604773097784</ele>
      </trkpt>
      <trkpt lat="36.870075" lon="138.27431">
        <ele>927.7310321471621</ele>
      </trkpt>
      <trkpt lat="36.870064" lon="138.274317">
        <ele>927.7934946843856</ele>
      </trkpt>
      <trkpt lat="36.870056" lon="138.274339">
        <ele>927.4722357487292</ele>
      </trkpt>
      <trkpt lat="36.870058" lon="138.274356">
        <ele>927.0626957615553</ele>
      </trkpt>
      <trkpt lat="36.870062" lon="138.274373">
        <ele>926.6330469073165</ele>
      </trkpt>
      <trkpt lat="36.87007" lon="138.274398">
        <ele>925.9465546697381</ele>
      </trkpt>
      <trkpt lat="36.87008" lon="138.274411">
        <ele>925.4661984464324</ele>
      </trkpt>
      <trkpt lat="36.870078" lon="138.27443">
        <ele>925.1042243996176</ele>
      </trkpt>
      <trkpt lat="36.870076" lon="138.274446">
        <ele>924.8162284078035</ele>
      </trkpt>
      <trkpt lat="36.87008" lon="138.274466">
        <ele>924.339226655684</ele>
      </trkpt>
      <trkpt lat="36.870078" lon="138.274486">
        <ele>923.9814297426465</ele>
      </trkpt>
      <trkpt lat="36.87008" lon="138.274504">
        <ele>923.5845517619306</ele>
      </trkpt>
      <trkpt lat="36.870078" lon="138.274526">
        <ele>923.1883925433419</ele>
      </trkpt>
      <trkpt lat="36.870074" lon="138.274551">
        <ele>922.7884133658191</ele>
      </trkpt>
      <trkpt lat="36.870072" lon="138.274574">
        <ele>922.3851028996036</ele>
      </trkpt>
      <trkpt lat="36.870064" lon="138.274599">
        <ele>922.0998929079187</ele>
      </trkpt>
      <trkpt lat="36.87005" lon="138.274647">
        <ele>921.5593948840636</ele>
      </trkpt>
      <trkpt lat="36.870048" lon="138.274672">
        <ele>921.1457900101327</ele>
      </trkpt>
      <trkpt lat="36.870037" lon="138.2747">
        <ele>920.9081306810967</ele>
      </trkpt>
      <trkpt lat="36.870026" lon="138.274731">
        <ele>920.5463724663491</ele>
      </trkpt>
      <trkpt lat="36.87001" lon="138.274757">
        <ele>920.4205440073285</ele>
      </trkpt>
      <trkpt lat="36.87" lon="138.274783">
        <ele>920.1970424703103</ele>
      </trkpt>
      <trkpt lat="36.869986" lon="138.274809">
        <ele>920.1010838924024</ele>
      </trkpt>
      <trkpt lat="36.86997" lon="138.274832">
        <ele>920.1495472879069</ele>
      </trkpt>
      <trkpt lat="36.86994" lon="138.274879">
        <ele>920.1611122464775</ele>
      </trkpt>
      <trkpt lat="36.869928" lon="138.274903">
        <ele>920.0940227712517</ele>
      </trkpt>
      <trkpt lat="36.869912" lon="138.274926">
        <ele>920.2303378561523</ele>
      </trkpt>
      <trkpt lat="36.869896" lon="138.274949">
        <ele>920.3666527950681</ele>
      </trkpt>
      <trkpt lat="36.869884" lon="138.274972">
        <ele>920.2903385732797</ele>
      </trkpt>
      <trkpt lat="36.869874" lon="138.274993">
        <ele>920.1645093457314</ele>
      </trkpt>
      <trkpt lat="36.869864" lon="138.275013">
        <ele>920.1154128435303</ele>
      </trkpt>
      <trkpt lat="36.869854" lon="138.275035">
        <ele>920.0356043007923</ele>
      </trkpt>
      <trkpt lat="36.869842" lon="138.275059">
        <ele>919.9144348726223</ele>
      </trkpt>
      <trkpt lat="36.869816" lon="138.275108">
        <ele>919.6450158109462</ele>
      </trkpt>
      <trkpt lat="36.8698" lon="138.275135">
        <ele>919.5579968465448</ele>
      </trkpt>
      <trkpt lat="36.869789" lon="138.275161">
        <ele>919.2417657309761</ele>
      </trkpt>
      <trkpt lat="36.869774" lon="138.275181">
        <ele>919.3162147167757</ele>
      </trkpt>
      <trkpt lat="36.869762" lon="138.275208">
        <ele>918.974448050983</ele>
      </trkpt>
      <trkpt lat="36.869748" lon="138.275235">
        <ele>918.708246316459</ele>
      </trkpt>
      <trkpt lat="36.869732" lon="138.275263">
        <ele>918.4755875156488</ele>
      </trkpt>
      <trkpt lat="36.869718" lon="138.275289">
        <ele>918.1754598982405</ele>
      </trkpt>
      <trkpt lat="36.869702" lon="138.275309">
        <ele>918.1657873752498</ele>
      </trkpt>
      <trkpt lat="36.869692" lon="138.275327">
        <ele>917.9593746690289</ele>
      </trkpt>
      <trkpt lat="36.869678" lon="138.275348">
        <ele>917.8045876602491</ele>
      </trkpt>
      <trkpt lat="36.869656" lon="138.275395">
        <ele>917.0054857281144</ele>
      </trkpt>
      <trkpt lat="36.869642" lon="138.275419">
        <ele>916.7140960757184</ele>
      </trkpt>
      <trkpt lat="36.869628" lon="138.275443">
        <ele>916.3999017126891</ele>
      </trkpt>
      <trkpt lat="36.869612" lon="138.275461">
        <ele>916.359365158918</ele>
      </trkpt>
      <trkpt lat="36.8696" lon="138.275478">
        <ele>916.2208980834147</ele>
      </trkpt>
      <trkpt lat="36.86957" lon="138.275522">
        <ele>915.7595487294668</ele>
      </trkpt>
      <trkpt lat="36.869552" lon="138.275543">
        <ele>915.6145942042574</ele>
      </trkpt>
      <trkpt lat="36.86952" lon="138.275585">
        <ele>915.295109286809</ele>
      </trkpt>
      <trkpt lat="36.869504" lon="138.275604">
        <ele>915.1526453961088</ele>
      </trkpt>
      <trkpt lat="36.86949" lon="138.275623">
        <ele>914.9416292336527</ele>
      </trkpt>
      <trkpt lat="36.869476" lon="138.275636">
        <ele>914.8908245106112</ele>
      </trkpt>
      <trkpt lat="36.869463" lon="138.275648">
        <ele>914.8612558193746</ele>
      </trkpt>
      <trkpt lat="36.869451" lon="138.275663">
        <ele>914.7153352917287</ele>
      </trkpt>
      <trkpt lat="36.869438" lon="138.27568">
        <ele>914.5045868622879</ele>
      </trkpt>
      <trkpt lat="36.869423" lon="138.275697">
        <ele>914.312997907939</ele>
      </trkpt>
      <trkpt lat="36.869408" lon="138.275713">
        <ele>914.1314599998342</ele>
      </trkpt>
      <trkpt lat="36.869395" lon="138.275724">
        <ele>914.0406424105045</ele>
      </trkpt>
      <trkpt lat="36.86938" lon="138.275731">
        <ele>914.0435824829876</ele>
      </trkpt>
      <trkpt lat="36.869364" lon="138.275734">
        <ele>914.1454298071171</ele>
      </trkpt>
      <trkpt lat="36.869348" lon="138.275739">
        <ele>914.1875610007486</ele>
      </trkpt>
      <trkpt lat="36.869331" lon="138.275748">
        <ele>914.1201537540392</ele>
      </trkpt>
      <trkpt lat="36.869309" lon="138.275761">
        <ele>913.9522889905261</ele>
      </trkpt>
      <trkpt lat="36.869287" lon="138.275767">
        <ele>913.9545517252948</ele>
      </trkpt>
      <trkpt lat="36.869268" lon="138.275773">
        <ele>913.9196302517214</ele>
      </trkpt>
      <trkpt lat="36.869247" lon="138.275786">
        <ele>913.6437258624403</ele>
      </trkpt>
      <trkpt lat="36.869232" lon="138.275797">
        <ele>913.3536600449584</ele>
      </trkpt>
      <trkpt lat="36.869189" lon="138.275809">
        <ele>913.149498854093</ele>
      </trkpt>
      <trkpt lat="36.869167" lon="138.275812">
        <ele>913.1208051204226</ele>
      </trkpt>
      <trkpt lat="36.869147" lon="138.275817">
        <ele>913.0139212937122</ele>
      </trkpt>
      <trkpt lat="36.869125" lon="138.275831">
        <ele>912.622434723654</ele>
      </trkpt>
      <trkpt lat="36.869106" lon="138.275839">
        <ele>912.3921010678658</ele>
      </trkpt>
      <trkpt lat="36.869076" lon="138.275849">
        <ele>912.0707544619767</ele>
      </trkpt>
      <trkpt lat="36.869029" lon="138.275876">
        <ele>911.1349141329538</ele>
      </trkpt>
      <trkpt lat="36.86901" lon="138.27589">
        <ele>910.6455786663118</ele>
      </trkpt>
      <trkpt lat="36.868987" lon="138.275908">
        <ele>910.0188522531533</ele>
      </trkpt>
      <trkpt lat="36.868967" lon="138.275928">
        <ele>909.3010525436616</ele>
      </trkpt>
      <trkpt lat="36.868959" lon="138.275942">
        <ele>908.800066375128</ele>
      </trkpt>
      <trkpt lat="36.868931" lon="138.275965">
        <ele>907.9553806605525</ele>
      </trkpt>
      <trkpt lat="36.868914" lon="138.275979">
        <ele>907.4412874668844</ele>
      </trkpt>
      <trkpt lat="36.868897" lon="138.275995">
        <ele>906.889732943732</ele>
      </trkpt>
      <trkpt lat="36.868876" lon="138.276009">
        <ele>906.418747961871</ele>
      </trkpt>
      <trkpt lat="36.868859" lon="138.276021">
        <ele>906.0165028914817</ele>
      </trkpt>
      <trkpt lat="36.868851" lon="138.276031">
        <ele>905.6902794064263</ele>
      </trkpt>
      <trkpt lat="36.868832" lon="138.27605">
        <ele>905.0519854240131</ele>
      </trkpt>
      <trkpt lat="36.868819" lon="138.276058">
        <ele>904.7624624715663</ele>
      </trkpt>
      <trkpt lat="36.868796" lon="138.27606">
        <ele>904.6325565117887</ele>
      </trkpt>
      <trkpt lat="36.868773" lon="138.276066">
        <ele>904.3768214530319</ele>
      </trkpt>
      <trkpt lat="36.868746" lon="138.276073">
        <ele>904.1229231697746</ele>
      </trkpt>
      <trkpt lat="36.868716" lon="138.276078">
        <ele>903.9452484588145</ele>
      </trkpt>
      <trkpt lat="36.868687" lon="138.276084">
        <ele>903.7422331562502</ele>
      </trkpt>
      <trkpt lat="36.868661" lon="138.27609">
        <ele>903.543586864509</ele>
      </trkpt>
      <trkpt lat="36.868637" lon="138.276092">
        <ele>903.4550410189202</ele>
      </trkpt>
      <trkpt lat="36.868616" lon="138.276089">
        <ele>903.5104409905675</ele>
      </trkpt>
      <trkpt lat="36.868592" lon="138.276074">
        <ele>903.8736349547255</ele>
      </trkpt>
      <trkpt lat="36.868579" lon="138.276066">
        <ele>904.0749619387033</ele>
      </trkpt>
      <trkpt lat="36.868568" lon="138.276053">
        <ele>904.421805793456</ele>
      </trkpt>
      <trkpt lat="36.868543" lon="138.276016">
        <ele>905.3637319661008</ele>
      </trkpt>
      <trkpt lat="36.868532" lon="138.275997">
        <ele>905.841571758615</ele>
      </trkpt>
      <trkpt lat="36.86852" lon="138.275981">
        <ele>906.2537688472694</ele>
      </trkpt>
      <trkpt lat="36.86851" lon="138.275963">
        <ele>906.8002822896967</ele>
      </trkpt>
      <trkpt lat="36.8685" lon="138.275943">
        <ele>907.4060151918588</ele>
      </trkpt>
      <trkpt lat="36.86849" lon="138.275924">
        <ele>907.9834677483049</ele>
      </trkpt>
      <trkpt lat="36.868482" lon="138.275908">
        <ele>908.4695242340351</ele>
      </trkpt>
      <trkpt lat="36.86847" lon="138.275893">
        <ele>908.9476308230238</ele>
      </trkpt>
      <trkpt lat="36.86846" lon="138.275888">
        <ele>909.1005344338512</ele>
      </trkpt>
      <trkpt lat="36.868458" lon="138.275869">
        <ele>909.8354592217363</ele>
      </trkpt>
      <trkpt lat="36.868452" lon="138.275857">
        <ele>910.2830383935744</ele>
      </trkpt>
      <trkpt lat="36.868452" lon="138.275857">
        <ele>910.2830383935744</ele>
      </trkpt>
      <trkpt lat="36.868294" lon="138.275739">
        <ele>914.9767815659301</ele>
      </trkpt>
      <trkpt lat="36.868294" lon="138.275739">
        <ele>914.9767815659301</ele>
      </trkpt>
      <trkpt lat="36.868294" lon="138.275739">
        <ele>914.9767815659301</ele>
      </trkpt>
      <trkpt lat="36.867867953580735" lon="138.27591874652128">
        <ele>913.8647029780118</ele>
      </trkpt>
      <trkpt lat="36.867481" lon="138.276082">
        <ele>921.7575702600648</ele>
      </trkpt>
      <trkpt lat="36.867481" lon="138.276082">
        <ele>921.7575702600648</ele>
      </trkpt>
      <trkpt lat="36.867458" lon="138.276107">
        <ele>921.7765485591301</ele>
      </trkpt>
      <trkpt lat="36.867446" lon="138.276122">
        <ele>921.7097968038524</ele>
      </trkpt>
      <trkpt lat="36.867434" lon="138.276137">
        <ele>921.661369597869</ele>
      </trkpt>
      <trkpt lat="36.867424" lon="138.276152">
        <ele>921.5706496047378</ele>
      </trkpt>
      <trkpt lat="36.867412" lon="138.276169">
        <ele>921.536739465005</ele>
      </trkpt>
      <trkpt lat="36.867399" lon="138.276206">
        <ele>921.120249312923</ele>
      </trkpt>
      <trkpt lat="36.867392" lon="138.276224">
        <ele>920.9415892187588</ele>
      </trkpt>
      <trkpt lat="36.867383" lon="138.276238">
        <ele>920.9217092682424</ele>
      </trkpt>
      <trkpt lat="36.867376" lon="138.276252">
        <ele>920.8457066507702</ele>
      </trkpt>
      <trkpt lat="36.86737" lon="138.276262">
        <ele>920.8281675833693</ele>
      </trkpt>
      <trkpt lat="36.867366" lon="138.276278">
        <ele>920.6225467492943</ele>
      </trkpt>
      <trkpt lat="36.867362" lon="138.276305">
        <ele>920.1915382215818</ele>
      </trkpt>
      <trkpt lat="36.867356" lon="138.276315">
        <ele>920.1895410801066</ele>
      </trkpt>
      <trkpt lat="36.867346" lon="138.276325">
        <ele>920.330873068024</ele>
      </trkpt>
      <trkpt lat="36.867342" lon="138.276335">
        <ele>920.2762041397816</ele>
      </trkpt>
      <trkpt lat="36.867336" lon="138.276349">
        <ele>920.2241685635697</ele>
      </trkpt>
      <trkpt lat="36.867328" lon="138.276361">
        <ele>920.2755547228744</ele>
      </trkpt>
      <trkpt lat="36.86732" lon="138.276373">
        <ele>920.3081684530256</ele>
      </trkpt>
      <trkpt lat="36.867318" lon="138.276385">
        <ele>920.1485497212977</ele>
      </trkpt>
      <trkpt lat="36.86731" lon="138.276408">
        <ele>919.9761085555898</ele>
      </trkpt>
      <trkpt lat="36.867308" lon="138.276424">
        <ele>919.7347312104716</ele>
      </trkpt>
      <trkpt lat="36.867308" lon="138.276442">
        <ele>919.3850034440857</ele>
      </trkpt>
      <trkpt lat="36.867301" lon="138.276469">
        <ele>919.0911118337151</ele>
      </trkpt>
      <trkpt lat="36.867299" lon="138.276481">
        <ele>918.9257067397621</ele>
      </trkpt>
      <trkpt lat="36.867292" lon="138.276498">
        <ele>918.8321486271</ele>
      </trkpt>
      <trkpt lat="36.86728" lon="138.276522">
        <ele>918.816779070161</ele>
      </trkpt>
      <trkpt lat="36.867268" lon="138.276536">
        <ele>918.9712451825227</ele>
      </trkpt>
      <trkpt lat="36.867258" lon="138.276548">
        <ele>919.0902957825616</ele>
      </trkpt>
      <trkpt lat="36.867252" lon="138.276562">
        <ele>919.0449461336705</ele>
      </trkpt>
      <trkpt lat="36.867238" lon="138.276593">
        <ele>919.013766477933</ele>
      </trkpt>
      <trkpt lat="36.867234" lon="138.276607">
        <ele>918.9846346986953</ele>
      </trkpt>
      <trkpt lat="36.86723" lon="138.276622">
        <ele>918.943852067949</ele>
      </trkpt>
      <trkpt lat="36.867224" lon="138.27664">
        <ele>918.935106909625</ele>
      </trkpt>
      <trkpt lat="36.867217" lon="138.276653">
        <ele>919.0181109596515</ele>
      </trkpt>
      <trkpt lat="36.867208" lon="138.276666">
        <ele>919.1681049870798</ele>
      </trkpt>
      <trkpt lat="36.867198" lon="138.2767">
        <ele>919.3001209056941</ele>
      </trkpt>
      <trkpt lat="36.86718" lon="138.276728">
        <ele>919.765936470816</ele>
      </trkpt>
      <trkpt lat="36.867165" lon="138.276738">
        <ele>920.2188057778983</ele>
      </trkpt>
      <trkpt lat="36.867138" lon="138.276736">
        <ele>921.1213768841681</ele>
      </trkpt>
      <trkpt lat="36.86712" lon="138.276725">
        <ele>921.7774006199169</ele>
      </trkpt>
      <trkpt lat="36.867108" lon="138.276712">
        <ele>922.2740062308159</ele>
      </trkpt>
      <trkpt lat="36.867087" lon="138.276683">
        <ele>923.1315399481376</ele>
      </trkpt>
      <trkpt lat="36.867078" lon="138.276666">
        <ele>923.5396917026292</ele>
      </trkpt>
      <trkpt lat="36.867072" lon="138.27665">
        <ele>923.8962578706571</ele>
      </trkpt>
      <trkpt lat="36.86707" lon="138.276632">
        <ele>924.1231771262862</ele>
      </trkpt>
      <trkpt lat="36.867066" lon="138.276614">
        <ele>924.4165071581245</ele>
      </trkpt>
      <trkpt lat="36.867056" lon="138.276589">
        <ele>924.965041945354</ele>
      </trkpt>
      <trkpt lat="36.867058" lon="138.27657">
        <ele>925.1128857528693</ele>
      </trkpt>
      <trkpt lat="36.867062" lon="138.276559">
        <ele>925.1140382994082</ele>
      </trkpt>
      <trkpt lat="36.867067" lon="138.276543">
        <ele>925.1493028326897</ele>
      </trkpt>
      <trkpt lat="36.867077" lon="138.276517">
        <ele>925.1678109814712</ele>
      </trkpt>
      <trkpt lat="36.867102" lon="138.276469">
        <ele>925.1524753406026</ele>
      </trkpt>
      <trkpt lat="36.867133" lon="138.276431">
        <ele>924.9021021841974</ele>
      </trkpt>
      <trkpt lat="36.867142" lon="138.276413">
        <ele>924.9629691705136</ele>
      </trkpt>
      <trkpt lat="36.867152" lon="138.276395">
        <ele>924.98226450634</ele>
      </trkpt>
      <trkpt lat="36.867163" lon="138.276376">
        <ele>924.9979010884782</ele>
      </trkpt>
      <trkpt lat="36.867188" lon="138.276339">
        <ele>924.9594952320923</ele>
      </trkpt>
      <trkpt lat="36.867215" lon="138.276299">
        <ele>924.8573539091901</ele>
      </trkpt>
      <trkpt lat="36.867232" lon="138.276277">
        <ele>924.7443193527753</ele>
      </trkpt>
      <trkpt lat="36.867252" lon="138.276254">
        <ele>924.5776806863361</ele>
      </trkpt>
      <trkpt lat="36.86727" lon="138.276235">
        <ele>924.3999824874155</ele>
      </trkpt>
      <trkpt lat="36.867281" lon="138.276224">
        <ele>924.2821555585697</ele>
      </trkpt>
      <trkpt lat="36.867281" lon="138.27621">
        <ele>924.5360592325392</ele>
      </trkpt>
      <trkpt lat="36.867267" lon="138.276207">
        <ele>924.981030097224</ele>
      </trkpt>
      <trkpt lat="36.867257" lon="138.276207">
        <ele>925.2477617219258</ele>
      </trkpt>
      <trkpt lat="36.867249" lon="138.276199">
        <ele>925.5824510680304</ele>
      </trkpt>
      <trkpt lat="36.867233" lon="138.276193">
        <ele>926.0703882353395</ele>
      </trkpt>
      <trkpt lat="36.867216" lon="138.276182">
        <ele>926.641070517261</ele>
      </trkpt>
      <trkpt lat="36.86721" lon="138.276171">
        <ele>926.9359108955827</ele>
      </trkpt>
      <trkpt lat="36.867222" lon="138.276169">
        <ele>926.6922658053447</ele>
      </trkpt>
      <trkpt lat="36.867235" lon="138.276178">
        <ele>926.2569698766109</ele>
      </trkpt>
      <trkpt lat="36.867237" lon="138.276196">
        <ele>925.9259113952502</ele>
      </trkpt>
      <trkpt lat="36.867228" lon="138.276216">
        <ele>925.8421299968809</ele>
      </trkpt>
      <trkpt lat="36.867215" lon="138.276222">
        <ele>926.0919320612445</ele>
      </trkpt>
      <trkpt lat="36.867198" lon="138.276229">
        <ele>926.4457090285742</ele>
      </trkpt>
      <trkpt lat="36.867186" lon="138.276235">
        <ele>926.6548157054054</ele>
      </trkpt>
      <trkpt lat="36.867178" lon="138.276242">
        <ele>926.7405150367243</ele>
      </trkpt>
      <trkpt lat="36.867162" lon="138.276247">
        <ele>927.0169796367912</ele>
      </trkpt>
      <trkpt lat="36.867147" lon="138.276245">
        <ele>927.3760848356503</ele>
      </trkpt>
      <trkpt lat="36.867132" lon="138.276236">
        <ele>927.8151165854321</ele>
      </trkpt>
      <trkpt lat="36.86712" lon="138.276229">
        <ele>928.1486464646181</ele>
      </trkpt>
      <trkpt lat="36.867105" lon="138.276227">
        <ele>928.4649649579957</ele>
      </trkpt>
      <trkpt lat="36.867086" lon="138.276215">
        <ele>928.9531258110992</ele>
      </trkpt>
      <trkpt lat="36.867068" lon="138.276213">
        <ele>929.3118450701177</ele>
      </trkpt>
      <trkpt lat="36.867059" lon="138.276208">
        <ele>929.523153464557</ele>
      </trkpt>
      <trkpt lat="36.867048" lon="138.276204">
        <ele>929.7638211160905</ele>
      </trkpt>
      <trkpt lat="36.867035" lon="138.276206">
        <ele>929.9966547445905</ele>
      </trkpt>
      <trkpt lat="36.867022" lon="138.276212">
        <ele>930.203185641835</ele>
      </trkpt>
      <trkpt lat="36.867023" lon="138.276202">
        <ele>930.2543640347741</ele>
      </trkpt>
      <trkpt lat="36.86702" lon="138.276188">
        <ele>930.408618678236</ele>
      </trkpt>
      <trkpt lat="36.867009" lon="138.276178">
        <ele>930.6780371362154</ele>
      </trkpt>
      <trkpt lat="36.866998" lon="138.27617">
        <ele>930.9275852367284</ele>
      </trkpt>
      <trkpt lat="36.866986" lon="138.276168">
        <ele>931.1541827541331</ele>
      </trkpt>
      <trkpt lat="36.866956" lon="138.276164">
        <ele>931.7116812417994</ele>
      </trkpt>
      <trkpt lat="36.866928" lon="138.276176">
        <ele>932.1765006195332</ele>
      </trkpt>
      <trkpt lat="36.866916" lon="138.27618">
        <ele>932.3895672255798</ele>
      </trkpt>
      <trkpt lat="36.866907" lon="138.276186">
        <ele>932.5512541192887</ele>
      </trkpt>
      <trkpt lat="36.866897" lon="138.27619">
        <ele>932.7418755015901</ele>
      </trkpt>
      <trkpt lat="36.866878" lon="138.276194">
        <ele>933.1175751141121</ele>
      </trkpt>
      <trkpt lat="36.866867" lon="138.276202">
        <ele>933.3463163328073</ele>
      </trkpt>
      <trkpt lat="36.866859" lon="138.27621">
        <ele>933.5238617664859</ele>
      </trkpt>
      <trkpt lat="36.866844" lon="138.276208">
        <ele>933.8470147089198</ele>
      </trkpt>
      <trkpt lat="36.866831" lon="138.276216">
        <ele>934.1801921216957</ele>
      </trkpt>
      <trkpt lat="36.866815" lon="138.276212">
        <ele>934.541624722294</ele>
      </trkpt>
      <trkpt lat="36.866773" lon="138.276214">
        <ele>935.5644302960127</ele>
      </trkpt>
      <trkpt lat="36.866747" lon="138.276216">
        <ele>936.2532086184897</ele>
      </trkpt>
      <trkpt lat="36.86672" lon="138.276216">
        <ele>936.950427584713</ele>
      </trkpt>
      <trkpt lat="36.866696" lon="138.276216">
        <ele>937.5938014473708</ele>
      </trkpt>
      <trkpt lat="36.866665" lon="138.276218">
        <ele>938.4714982711505</ele>
      </trkpt>
      <trkpt lat="36.866647" lon="138.276216">
        <ele>938.9304821383104</ele>
      </trkpt>
      <trkpt lat="36.866632" lon="138.276214">
        <ele>939.3088754855837</ele>
      </trkpt>
      <trkpt lat="36.866607" lon="138.276228">
        <ele>940.2705686976376</ele>
      </trkpt>
      <trkpt lat="36.866604" lon="138.276248">
        <ele>940.7398354039617</ele>
      </trkpt>
      <trkpt lat="36.866611" lon="138.276264">
        <ele>940.8217394966089</ele>
      </trkpt>
      <trkpt lat="36.866622" lon="138.276278">
        <ele>940.7334309707808</ele>
      </trkpt>
      <trkpt lat="36.86663" lon="138.276294">
        <ele>940.7582751073518</ele>
      </trkpt>
      <trkpt lat="36.866643" lon="138.27631">
        <ele>940.6074607011143</ele>
      </trkpt>
      <trkpt lat="36.866657" lon="138.27633">
        <ele>940.4448389754123</ele>
      </trkpt>
      <trkpt lat="36.866666" lon="138.27635">
        <ele>940.4254503173363</ele>
      </trkpt>
      <trkpt lat="36.866689" lon="138.27636">
        <ele>939.721127588207</ele>
      </trkpt>
      <trkpt lat="36.8667" lon="138.27636">
        <ele>939.3135530260851</ele>
      </trkpt>
      <trkpt lat="36.866704" lon="138.276386">
        <ele>939.4827742043507</ele>
      </trkpt>
      <trkpt lat="36.866695" lon="138.27642">
        <ele>940.2664954507862</ele>
      </trkpt>
      <trkpt lat="36.866696" lon="138.27644">
        <ele>940.4749893190841</ele>
      </trkpt>
      <trkpt lat="36.8667" lon="138.276458">
        <ele>940.5276811612947</ele>
      </trkpt>
      <trkpt lat="36.866707" lon="138.276468">
        <ele>940.3460467198424</ele>
      </trkpt>
      <trkpt lat="36.866703" lon="138.27648">
        <ele>940.6654120044319</ele>
      </trkpt>
      <trkpt lat="36.86669" lon="138.276498">
        <ele>941.4686753202677</ele>
      </trkpt>
      <trkpt lat="36.866676" lon="138.276508">
        <ele>942.2337274387222</ele>
      </trkpt>
      <trkpt lat="36.866663" lon="138.276508">
        <ele>942.8254431895696</ele>
      </trkpt>
      <trkpt lat="36.866651" lon="138.276502">
        <ele>943.2830395862092</ele>
      </trkpt>
      <trkpt lat="36.866632" lon="138.276506">
        <ele>944.1513927374972</ele>
      </trkpt>
      <trkpt lat="36.866616" lon="138.2765">
        <ele>944.71195102511</ele>
      </trkpt>
      <trkpt lat="36.866586" lon="138.276492">
        <ele>945.789559594494</ele>
      </trkpt>
      <trkpt lat="36.866571" lon="138.276486">
        <ele>946.2617896985278</ele>
      </trkpt>
      <trkpt lat="36.866562" lon="138.276476">
        <ele>946.3899352718158</ele>
      </trkpt>
      <trkpt lat="36.866551" lon="138.27647">
        <ele>946.6625482173648</ele>
      </trkpt>
      <trkpt lat="36.866545" lon="138.276458">
        <ele>946.6485580090445</ele>
      </trkpt>
      <trkpt lat="36.866534" lon="138.276444">
        <ele>946.7720400612811</ele>
      </trkpt>
      <trkpt lat="36.866525" lon="138.27643">
        <ele>946.8256200779238</ele>
      </trkpt>
      <trkpt lat="36.866515" lon="138.276422">
        <ele>947.0259991502398</ele>
      </trkpt>
      <trkpt lat="36.866501" lon="138.276428">
        <ele>947.5955945713644</ele>
      </trkpt>
      <trkpt lat="36.866487" lon="138.276428">
        <ele>948.0002373726516</ele>
      </trkpt>
      <trkpt lat="36.866474" lon="138.276428">
        <ele>948.3759770498316</ele>
      </trkpt>
      <trkpt lat="36.866473" lon="138.276456">
        <ele>948.9110561824438</ele>
      </trkpt>
      <trkpt lat="36.866478" lon="138.276488">
        <ele>949.3501179868349</ele>
      </trkpt>
      <trkpt lat="36.866492" lon="138.276506">
        <ele>949.2785836969382</ele>
      </trkpt>
      <trkpt lat="36.86651" lon="138.276526">
        <ele>949.0788829887538</ele>
      </trkpt>
      <trkpt lat="36.866518" lon="138.276538">
        <ele>948.9891768434056</ele>
      </trkpt>
      <trkpt lat="36.866524" lon="138.276548">
        <ele>948.9357688683331</ele>
      </trkpt>
      <trkpt lat="36.866525" lon="138.27657">
        <ele>949.2518510569421</ele>
      </trkpt>
      <trkpt lat="36.866526" lon="138.276612">
        <ele>949.7851059023151</ele>
      </trkpt>
      <trkpt lat="36.866522" lon="138.276634">
        <ele>950.1912156793799</ele>
      </trkpt>
      <trkpt lat="36.866509" lon="138.27668">
        <ele>951.1743545555358</ele>
      </trkpt>
      <trkpt lat="36.866501" lon="138.276696">
        <ele>951.5453398766562</ele>
      </trkpt>
      <trkpt lat="36.866499" lon="138.276712">
        <ele>951.7384606669021</ele>
      </trkpt>
      <trkpt lat="36.86649" lon="138.276722">
        <ele>952.036870700776</ele>
      </trkpt>
      <trkpt lat="36.866473" lon="138.276758">
        <ele>952.7240669654764</ele>
      </trkpt>
      <trkpt lat="36.866467" lon="138.276782">
        <ele>952.9637197599579</ele>
      </trkpt>
      <trkpt lat="36.866459" lon="138.276834">
        <ele>953.3516119632241</ele>
      </trkpt>
      <trkpt lat="36.866462" lon="138.276888">
        <ele>953.4431112462673</ele>
      </trkpt>
      <trkpt lat="36.866468" lon="138.276912">
        <ele>953.40810930251</ele>
      </trkpt>
      <trkpt lat="36.866489" lon="138.276948">
        <ele>953.177140948362</ele>
      </trkpt>
      <trkpt lat="36.86649" lon="138.276962">
        <ele>953.1845658139493</ele>
      </trkpt>
      <trkpt lat="36.866501" lon="138.277">
        <ele>953.1208228665341</ele>
      </trkpt>
      <trkpt lat="36.866498" lon="138.27702">
        <ele>953.1920361475533</ele>
      </trkpt>
      <trkpt lat="36.8665" lon="138.277049">
        <ele>953.2304815160211</ele>
      </trkpt>
      <trkpt lat="36.866515" lon="138.277097">
        <ele>953.1340110460801</ele>
      </trkpt>
      <trkpt lat="36.866526" lon="138.277119">
        <ele>953.0040320640894</ele>
      </trkpt>
      <trkpt lat="36.866543" lon="138.277158">
        <ele>952.8992924426068</ele>
      </trkpt>
      <trkpt lat="36.866549" lon="138.277176">
        <ele>952.9094889302079</ele>
      </trkpt>
      <trkpt lat="36.866557" lon="138.277191">
        <ele>952.9076953643346</ele>
      </trkpt>
      <trkpt lat="36.866557" lon="138.277205">
        <ele>953.0048782803974</ele>
      </trkpt>
      <trkpt lat="36.866549" lon="138.277218">
        <ele>953.1600292332524</ele>
      </trkpt>
      <trkpt lat="36.866551" lon="138.277243">
        <ele>953.3071625192698</ele>
      </trkpt>
      <trkpt lat="36.866543" lon="138.277256">
        <ele>953.4363878477957</ele>
      </trkpt>
      <trkpt lat="36.866538" lon="138.277269">
        <ele>953.5375393024387</ele>
      </trkpt>
      <trkpt lat="36.866532" lon="138.277283">
        <ele>953.6274396428671</ele>
      </trkpt>
      <trkpt lat="36.866524" lon="138.277296">
        <ele>953.7030376497357</ele>
      </trkpt>
      <trkpt lat="36.866524" lon="138.277315">
        <ele>953.7702388432602</ele>
      </trkpt>
      <trkpt lat="36.866527" lon="138.277332">
        <ele>953.8292359960428</ele>
      </trkpt>
      <trkpt lat="36.86655" lon="138.277362">
        <ele>953.9808782190692</ele>
      </trkpt>
      <trkpt lat="36.866548" lon="138.277383">
        <ele>954.0957216788386</ele>
      </trkpt>
      <trkpt lat="36.866556" lon="138.277399">
        <ele>954.2136076811037</ele>
      </trkpt>
      <trkpt lat="36.86657" lon="138.277412">
        <ele>954.3501369363021</ele>
      </trkpt>
      <trkpt lat="36.866586" lon="138.277423">
        <ele>954.4267412290058</ele>
      </trkpt>
      <trkpt lat="36.866608" lon="138.277437">
        <ele>954.5231758012999</ele>
      </trkpt>
      <trkpt lat="36.866623" lon="138.277449">
        <ele>954.6392733115165</ele>
      </trkpt>
      <trkpt lat="36.866626" lon="138.277466">
        <ele>954.8029763401324</ele>
      </trkpt>
      <trkpt lat="36.866632" lon="138.277487">
        <ele>955.0172890256327</ele>
      </trkpt>
      <trkpt lat="36.866636" lon="138.277498">
        <ele>955.1369866215869</ele>
      </trkpt>
      <trkpt lat="36.866642" lon="138.277513">
        <ele>955.3093217513795</ele>
      </trkpt>
      <trkpt lat="36.866667" lon="138.277543">
        <ele>955.5272060988946</ele>
      </trkpt>
      <trkpt lat="36.866679" lon="138.277562">
        <ele>955.6936837426223</ele>
      </trkpt>
      <trkpt lat="36.866698" lon="138.277591">
        <ele>955.9916432369135</ele>
      </trkpt>
      <trkpt lat="36.866709" lon="138.277613">
        <ele>956.2557074342293</ele>
      </trkpt>
      <trkpt lat="36.866721" lon="138.277633">
        <ele>956.446009725663</ele>
      </trkpt>
      <trkpt lat="36.866734" lon="138.277645">
        <ele>956.5262392566541</ele>
      </trkpt>
      <trkpt lat="36.866747" lon="138.27766">
        <ele>956.6555492543589</ele>
      </trkpt>
      <trkpt lat="36.866758" lon="138.277675">
        <ele>956.8057736875946</ele>
      </trkpt>
      <trkpt lat="36.866781" lon="138.277693">
        <ele>956.9683368757912</ele>
      </trkpt>
      <trkpt lat="36.866801" lon="138.277713">
        <ele>957.0426369913399</ele>
      </trkpt>
      <trkpt lat="36.866812" lon="138.277718">
        <ele>957.0084730811792</ele>
      </trkpt>
      <trkpt lat="36.866834" lon="138.277729">
        <ele>956.9724619659037</ele>
      </trkpt>
      <trkpt lat="36.866845" lon="138.277742">
        <ele>957.0842893033059</ele>
      </trkpt>
      <trkpt lat="36.866871" lon="138.27776">
        <ele>957.0390964577911</ele>
      </trkpt>
      <trkpt lat="36.866884" lon="138.277771">
        <ele>957.0485658770215</ele>
      </trkpt>
      <trkpt lat="36.866918" lon="138.277788">
        <ele>956.8999112258565</ele>
      </trkpt>
      <trkpt lat="36.866928" lon="138.277801">
        <ele>956.8872759204038</ele>
      </trkpt>
      <trkpt lat="36.866931" lon="138.277816">
        <ele>957.0606491424752</ele>
      </trkpt>
      <trkpt lat="36.866954" lon="138.277857">
        <ele>957.2864696307555</ele>
      </trkpt>
      <trkpt lat="36.866965" lon="138.277873">
        <ele>957.3651565525714</ele>
      </trkpt>
      <trkpt lat="36.866971" lon="138.277907">
        <ele>957.7213792561553</ele>
      </trkpt>
      <trkpt lat="36.86696" lon="138.277942">
        <ele>958.3586870210597</ele>
      </trkpt>
      <trkpt lat="36.866945" lon="138.277994">
        <ele>959.0955501901478</ele>
      </trkpt>
      <trkpt lat="36.866943" lon="138.278013">
        <ele>959.2779781775965</ele>
      </trkpt>
      <trkpt lat="36.866945" lon="138.278029">
        <ele>959.387920852865</ele>
      </trkpt>
      <trkpt lat="36.866945" lon="138.278043">
        <ele>959.5048691180186</ele>
      </trkpt>
      <trkpt lat="36.866946" lon="138.278058">
        <ele>959.5716354964295</ele>
      </trkpt>
      <trkpt lat="36.866958" lon="138.27808">
        <ele>959.5609242142406</ele>
      </trkpt>
      <trkpt lat="36.866963" lon="138.27809">
        <ele>959.5659281742073</ele>
      </trkpt>
      <trkpt lat="36.866973" lon="138.278106">
        <ele>959.5647002011137</ele>
      </trkpt>
      <trkpt lat="36.866984" lon="138.278118">
        <ele>959.5438185456159</ele>
      </trkpt>
      <trkpt lat="36.866993" lon="138.278126">
        <ele>959.4862741354873</ele>
      </trkpt>
      <trkpt lat="36.867003" lon="138.278134">
        <ele>959.3931700620378</ele>
      </trkpt>
      <trkpt lat="36.867012" lon="138.27814">
        <ele>959.2880806553167</ele>
      </trkpt>
      <trkpt lat="36.867021" lon="138.278146">
        <ele>959.1866561351117</ele>
      </trkpt>
      <trkpt lat="36.867034" lon="138.278149">
        <ele>959.0309632434429</ele>
      </trkpt>
      <trkpt lat="36.867053" lon="138.278156">
        <ele>958.8170876721549</ele>
      </trkpt>
      <trkpt lat="36.86707" lon="138.278164">
        <ele>958.5010445292294</ele>
      </trkpt>
      <trkpt lat="36.867085" lon="138.278179">
        <ele>958.2512662557564</ele>
      </trkpt>
      <trkpt lat="36.867097" lon="138.278195">
        <ele>958.0903544605858</ele>
      </trkpt>
      <trkpt lat="36.867113" lon="138.278212">
        <ele>957.8783942725906</ele>
      </trkpt>
      <trkpt lat="36.867129" lon="138.278232">
        <ele>957.6056705025487</ele>
      </trkpt>
      <trkpt lat="36.867141" lon="138.278253">
        <ele>957.349467454675</ele>
      </trkpt>
      <trkpt lat="36.867162" lon="138.278302">
        <ele>957.0149415124752</ele>
      </trkpt>
      <trkpt lat="36.867166" lon="138.278324">
        <ele>956.9561755728437</ele>
      </trkpt>
      <trkpt lat="36.867183" lon="138.278364">
        <ele>956.6518703243751</ele>
      </trkpt>
      <trkpt lat="36.867195" lon="138.278386">
        <ele>956.4345302254566</ele>
      </trkpt>
      <trkpt lat="36.867212" lon="138.278432">
        <ele>956.0854928713679</ele>
      </trkpt>
      <trkpt lat="36.867213" lon="138.278456">
        <ele>956.1226652232491</ele>
      </trkpt>
      <trkpt lat="36.86722" lon="138.278475">
        <ele>955.9894540124682</ele>
      </trkpt>
      <trkpt lat="36.867226" lon="138.278495">
        <ele>955.8426348049585</ele>
      </trkpt>
      <trkpt lat="36.867236" lon="138.27854">
        <ele>955.6370904965801</ele>
      </trkpt>
      <trkpt lat="36.867247" lon="138.27856">
        <ele>955.4170259934679</ele>
      </trkpt>
      <trkpt lat="36.867256" lon="138.278577">
        <ele>955.2374153287751</ele>
      </trkpt>
      <trkpt lat="36.867262" lon="138.278596">
        <ele>955.12787126634</ele>
      </trkpt>
      <trkpt lat="36.867271" lon="138.278622">
        <ele>954.8985089082289</ele>
      </trkpt>
      <trkpt lat="36.867292" lon="138.278679">
        <ele>954.4292153896329</ele>
      </trkpt>
      <trkpt lat="36.867299" lon="138.278706">
        <ele>954.3090156685637</ele>
      </trkpt>
      <trkpt lat="36.867304" lon="138.27873">
        <ele>954.2432941615962</ele>
      </trkpt>
      <trkpt lat="36.867308" lon="138.278775">
        <ele>954.3345920847257</ele>
      </trkpt>
      <trkpt lat="36.867311" lon="138.278794">
        <ele>954.3549052861418</ele>
      </trkpt>
      <trkpt lat="36.867309" lon="138.278816">
        <ele>954.4925109263124</ele>
      </trkpt>
      <trkpt lat="36.867306" lon="138.278838">
        <ele>954.6648772266113</ele>
      </trkpt>
      <trkpt lat="36.867305" lon="138.278882">
        <ele>954.9147120232574</ele>
      </trkpt>
      <trkpt lat="36.867307" lon="138.278898">
        <ele>954.9721443875655</ele>
      </trkpt>
      <trkpt lat="36.867308" lon="138.278914">
        <ele>955.0580418577964</ele>
      </trkpt>
      <trkpt lat="36.867315" lon="138.278931">
        <ele>955.0921414215871</ele>
      </trkpt>
      <trkpt lat="36.867324" lon="138.278953">
        <ele>955.1608231125269</ele>
      </trkpt>
      <trkpt lat="36.867334" lon="138.278999">
        <ele>955.4005134736781</ele>
      </trkpt>
      <trkpt lat="36.867339" lon="138.279021">
        <ele>955.4942201149246</ele>
      </trkpt>
      <trkpt lat="36.86734" lon="138.27904">
        <ele>955.643509585366</ele>
      </trkpt>
      <trkpt lat="36.867345" lon="138.279056">
        <ele>955.705138353862</ele>
      </trkpt>
      <trkpt lat="36.867346" lon="138.279073">
        <ele>955.8460879875531</ele>
      </trkpt>
      <trkpt lat="36.867348" lon="138.279086">
        <ele>955.9414398952379</ele>
      </trkpt>
      <trkpt lat="36.867345" lon="138.2791">
        <ele>956.1142132218622</ele>
      </trkpt>
      <trkpt lat="36.86735" lon="138.279123">
        <ele>956.2779002309101</ele>
      </trkpt>
      <trkpt lat="36.867363" lon="138.279156">
        <ele>956.5017192576254</ele>
      </trkpt>
      <trkpt lat="36.867375" lon="138.279166">
        <ele>956.5177348154907</ele>
      </trkpt>
      <trkpt lat="36.867386" lon="138.279174">
        <ele>956.5263373644077</ele>
      </trkpt>
      <trkpt lat="36.867397" lon="138.279187">
        <ele>956.6073223184396</ele>
      </trkpt>
      <trkpt lat="36.867411" lon="138.279202">
        <ele>956.5941418555731</ele>
      </trkpt>
      <trkpt lat="36.867426" lon="138.279218">
        <ele>956.5891334093152</ele>
      </trkpt>
      <trkpt lat="36.867457" lon="138.279257">
        <ele>956.7597413335213</ele>
      </trkpt>
      <trkpt lat="36.867462" lon="138.279274">
        <ele>956.9542962928346</ele>
      </trkpt>
      <trkpt lat="36.86747" lon="138.279292">
        <ele>957.1259675358649</ele>
      </trkpt>
      <trkpt lat="36.867485" lon="138.279328">
        <ele>957.3878132814075</ele>
      </trkpt>
      <trkpt lat="36.86749" lon="138.279345">
        <ele>957.4992445727823</ele>
      </trkpt>
      <trkpt lat="36.867497" lon="138.279362">
        <ele>957.5647862885646</ele>
      </trkpt>
      <trkpt lat="36.867502" lon="138.279383">
        <ele>957.7297256057929</ele>
      </trkpt>
      <trkpt lat="36.86751" lon="138.279401">
        <ele>957.8434682079533</ele>
      </trkpt>
      <trkpt lat="36.867517" lon="138.279423">
        <ele>958.0366244787195</ele>
      </trkpt>
      <trkpt lat="36.867522" lon="138.27944">
        <ele>958.1649203158184</ele>
      </trkpt>
      <trkpt lat="36.867527" lon="138.279462">
        <ele>958.3619788521397</ele>
      </trkpt>
      <trkpt lat="36.867536" lon="138.279477">
        <ele>958.4775791971297</ele>
      </trkpt>
      <trkpt lat="36.867556" lon="138.279508">
        <ele>958.53622483203</ele>
      </trkpt>
      <trkpt lat="36.867566" lon="138.27953">
        <ele>958.5770574612282</ele>
      </trkpt>
      <trkpt lat="36.867571" lon="138.279551">
        <ele>958.6992265718781</ele>
      </trkpt>
      <trkpt lat="36.867577" lon="138.279568">
        <ele>958.7932132203262</ele>
      </trkpt>
      <trkpt lat="36.867583" lon="138.279584">
        <ele>958.8947129488963</ele>
      </trkpt>
      <trkpt lat="36.867598" lon="138.279621">
        <ele>959.0448834632373</ele>
      </trkpt>
      <trkpt lat="36.867607" lon="138.279638">
        <ele>959.095123444094</ele>
      </trkpt>
      <trkpt lat="36.867616" lon="138.279657">
        <ele>959.0877191334312</ele>
      </trkpt>
      <trkpt lat="36.867629" lon="138.279698">
        <ele>959.1093290871714</ele>
      </trkpt>
      <trkpt lat="36.867632" lon="138.279719">
        <ele>959.1331309544505</ele>
      </trkpt>
      <trkpt lat="36.867631" lon="138.279742">
        <ele>959.2123549478642</ele>
      </trkpt>
      <trkpt lat="36.867637" lon="138.279764">
        <ele>959.219322890678</ele>
      </trkpt>
      <trkpt lat="36.867644" lon="138.27978">
        <ele>959.1611610265278</ele>
      </trkpt>
      <trkpt lat="36.867656" lon="138.279787">
        <ele>959.0675116512288</ele>
      </trkpt>
      <trkpt lat="36.867669" lon="138.279785">
        <ele>958.9628090039507</ele>
      </trkpt>
      <trkpt lat="36.867687" lon="138.279781">
        <ele>958.6759141342261</ele>
      </trkpt>
      <trkpt lat="36.867715" lon="138.279781">
        <ele>958.1636144366385</ele>
      </trkpt>
      <trkpt lat="36.867731" lon="138.279794">
        <ele>957.911357539969</ele>
      </trkpt>
      <trkpt lat="36.867735" lon="138.279815">
        <ele>957.9081871970591</ele>
      </trkpt>
      <trkpt lat="36.867731" lon="138.279839">
        <ele>958.0515009446764</ele>
      </trkpt>
      <trkpt lat="36.867724" lon="138.279864">
        <ele>958.1178681966392</ele>
      </trkpt>
      <trkpt lat="36.86772" lon="138.279886">
        <ele>958.0794185851706</ele>
      </trkpt>
      <trkpt lat="36.867723" lon="138.279909">
        <ele>957.924172451883</ele>
      </trkpt>
      <trkpt lat="36.867743" lon="138.279965">
        <ele>957.2274432974173</ele>
      </trkpt>
      <trkpt lat="36.86775" lon="138.279994">
        <ele>956.8176297238803</ele>
      </trkpt>
      <trkpt lat="36.867754" lon="138.280052">
        <ele>956.0513246391164</ele>
      </trkpt>
      <trkpt lat="36.867756" lon="138.280074">
        <ele>955.6879920966451</ele>
      </trkpt>
      <trkpt lat="36.867756" lon="138.28009">
        <ele>955.4605566099776</ele>
      </trkpt>
      <trkpt lat="36.867762" lon="138.280099">
        <ele>955.1760131215136</ele>
      </trkpt>
      <trkpt lat="36.867782" lon="138.280103">
        <ele>954.5953528067457</ele>
      </trkpt>
      <trkpt lat="36.8678" lon="138.280103">
        <ele>954.1242978845812</ele>
      </trkpt>
      <trkpt lat="36.867817" lon="138.280115">
        <ele>953.4221003795053</ele>
      </trkpt>
      <trkpt lat="36.867807" lon="138.280169">
        <ele>952.7938843953434</ele>
      </trkpt>
      <trkpt lat="36.867779" lon="138.280214">
        <ele>952.6766057330643</ele>
      </trkpt>
      <trkpt lat="36.867758" lon="138.280267">
        <ele>952.1217420926314</ele>
      </trkpt>
      <trkpt lat="36.867764" lon="138.280305">
        <ele>951.1790241110145</ele>
      </trkpt>
      <trkpt lat="36.867772" lon="138.280324">
        <ele>950.582506396203</ele>
      </trkpt>
      <trkpt lat="36.867795" lon="138.280375">
        <ele>948.9477835248435</ele>
      </trkpt>
      <trkpt lat="36.867803" lon="138.280404">
        <ele>948.1685400616251</ele>
      </trkpt>
      <trkpt lat="36.867811" lon="138.280434">
        <ele>947.3922030679948</ele>
      </trkpt>
      <trkpt lat="36.867824" lon="138.280459">
        <ele>946.5251839518293</ele>
      </trkpt>
      <trkpt lat="36.86785" lon="138.280499">
        <ele>945.068616594079</ele>
      </trkpt>
      <trkpt lat="36.86787" lon="138.280518">
        <ele>944.2179225002169</ele>
      </trkpt>
      <trkpt lat="36.867903" lon="138.280566">
        <ele>942.4547449554968</ele>
      </trkpt>
      <trkpt lat="36.867909" lon="138.280591">
        <ele>941.9086748735493</ele>
      </trkpt>
      <trkpt lat="36.867918" lon="138.280616">
        <ele>941.2990239622668</ele>
      </trkpt>
      <trkpt lat="36.867924" lon="138.280637">
        <ele>940.8778335730818</ele>
      </trkpt>
      <trkpt lat="36.867948" lon="138.280679">
        <ele>939.7929344149453</ele>
      </trkpt>
      <trkpt lat="36.867988" lon="138.280727">
        <ele>938.2491755897611</ele>
      </trkpt>
      <trkpt lat="36.868026" lon="138.28078">
        <ele>936.9116882283053</ele>
      </trkpt>
      <trkpt lat="36.868038" lon="138.280805">
        <ele>936.4655894230668</ele>
      </trkpt>
      <trkpt lat="36.868051" lon="138.280831">
        <ele>936.0204341598749</ele>
      </trkpt>
      <trkpt lat="36.868058" lon="138.280856">
        <ele>935.7543181652452</ele>
      </trkpt>
      <trkpt lat="36.868081" lon="138.280909">
        <ele>935.0335848859877</ele>
      </trkpt>
      <trkpt lat="36.868087" lon="138.280935">
        <ele>934.8302180858897</ele>
      </trkpt>
      <trkpt lat="36.86809" lon="138.280964">
        <ele>934.6896812857109</ele>
      </trkpt>
      <trkpt lat="36.868092" lon="138.280989">
        <ele>934.5582573029503</ele>
      </trkpt>
      <trkpt lat="36.868095" lon="138.281015">
        <ele>934.4039947053682</ele>
      </trkpt>
      <trkpt lat="36.868101" lon="138.281037">
        <ele>934.2004877905168</ele>
      </trkpt>
      <trkpt lat="36.868133" lon="138.281076">
        <ele>933.3434261019361</ele>
      </trkpt>
      <trkpt lat="36.868146" lon="138.281098">
        <ele>932.9907227729982</ele>
      </trkpt>
      <trkpt lat="36.868154" lon="138.281122">
        <ele>932.7514614171356</ele>
      </trkpt>
      <trkpt lat="36.868172" lon="138.281168">
        <ele>932.1541818536892</ele>
      </trkpt>
      <trkpt lat="36.868203" lon="138.281193">
        <ele>931.3908444463862</ele>
      </trkpt>
      <trkpt lat="36.868223" lon="138.281209">
        <ele>930.9263765409967</ele>
      </trkpt>
      <trkpt lat="36.868236" lon="138.281234">
        <ele>930.5751497111755</ele>
      </trkpt>
      <trkpt lat="36.868255" lon="138.281269">
        <ele>930.0840316198414</ele>
      </trkpt>
      <trkpt lat="36.868266" lon="138.28127">
        <ele>929.8594778648431</ele>
      </trkpt>
      <trkpt lat="36.868304" lon="138.281257">
        <ele>929.0805060103562</ele>
      </trkpt>
      <trkpt lat="36.868327" lon="138.281265">
        <ele>928.5765942973264</ele>
      </trkpt>
      <trkpt lat="36.868342" lon="138.281285">
        <ele>928.2947989674899</ele>
      </trkpt>
      <trkpt lat="36.868349" lon="138.28131">
        <ele>928.2146387094782</ele>
      </trkpt>
      <trkpt lat="36.868354" lon="138.281328">
        <ele>928.1376200431995</ele>
      </trkpt>
      <trkpt lat="36.868374" lon="138.281326">
        <ele>927.7384630202306</ele>
      </trkpt>
      <trkpt lat="36.868389" lon="138.281315">
        <ele>927.3956073735627</ele>
      </trkpt>
      <trkpt lat="36.868408" lon="138.281308">
        <ele>926.9597317754699</ele>
      </trkpt>
      <trkpt lat="36.868437" lon="138.281323">
        <ele>926.4168877040647</ele>
      </trkpt>
      <trkpt lat="36.86845" lon="138.281328">
        <ele>926.1673025754261</ele>
      </trkpt>
      <trkpt lat="36.868463" lon="138.281324">
        <ele>925.862285219734</ele>
      </trkpt>
      <trkpt lat="36.86847" lon="138.281311">
        <ele>925.626564841206</ele>
      </trkpt>
      <trkpt lat="36.868471" lon="138.28128">
        <ele>925.3825954677882</ele>
      </trkpt>
      <trkpt lat="36.868503" lon="138.281248">
        <ele>924.3846465065575</ele>
      </trkpt>
      <trkpt lat="36.868522" lon="138.281253">
        <ele>923.9656827501334</ele>
      </trkpt>
      <trkpt lat="36.868527" lon="138.281263">
        <ele>923.9311286642671</ele>
      </trkpt>
      <trkpt lat="36.868536" lon="138.281283">
        <ele>923.8908229427043</ele>
      </trkpt>
      <trkpt lat="36.86855" lon="138.281303">
        <ele>923.7397610467441</ele>
      </trkpt>
      <trkpt lat="36.868567" lon="138.281321">
        <ele>923.4917400678457</ele>
      </trkpt>
      <trkpt lat="36.868587" lon="138.28133">
        <ele>923.0330120481682</ele>
      </trkpt>
      <trkpt lat="36.86861" lon="138.281347">
        <ele>922.5472180486612</ele>
      </trkpt>
      <trkpt lat="36.86866" lon="138.281378">
        <ele>921.4062673277531</ele>
      </trkpt>
      <trkpt lat="36.868698" lon="138.281403">
        <ele>920.4670620739737</ele>
      </trkpt>
      <trkpt lat="36.868719" lon="138.281384">
        <ele>919.7819130370654</ele>
      </trkpt>
      <trkpt lat="36.868731" lon="138.28137">
        <ele>919.3584510364175</ele>
      </trkpt>
      <trkpt lat="36.868754" lon="138.281349">
        <ele>918.6136230721662</ele>
      </trkpt>
      <trkpt lat="36.868774" lon="138.281343">
        <ele>918.0344555345905</ele>
      </trkpt>
      <trkpt lat="36.86879" lon="138.281336">
        <ele>917.5835175664861</ele>
      </trkpt>
      <trkpt lat="36.868806" lon="138.28133">
        <ele>917.1413646835533</ele>
      </trkpt>
      <trkpt lat="36.86884" lon="138.281322">
        <ele>916.223565295183</ele>
      </trkpt>
      <trkpt lat="36.868853" lon="138.281315">
        <ele>915.9144367720022</ele>
      </trkpt>
      <trkpt lat="36.868895" lon="138.281299">
        <ele>914.94449738801</ele>
      </trkpt>
      <trkpt lat="36.868913" lon="138.281281">
        <ele>914.5632300069708</ele>
      </trkpt>
      <trkpt lat="36.868934" lon="138.281263">
        <ele>914.1896604695623</ele>
      </trkpt>
      <trkpt lat="36.868959" lon="138.281247">
        <ele>913.7629501828474</ele>
      </trkpt>
      <trkpt lat="36.86898" lon="138.281231">
        <ele>913.4348879731459</ele>
      </trkpt>
      <trkpt lat="36.869013" lon="138.281194">
        <ele>912.9243932746447</ele>
      </trkpt>
      <trkpt lat="36.869024" lon="138.281172">
        <ele>912.7765641686453</ele>
      </trkpt>
      <trkpt lat="36.869043" lon="138.281125">
        <ele>912.5557864295839</ele>
      </trkpt>
      <trkpt lat="36.869052" lon="138.281105">
        <ele>912.4158042192305</ele>
      </trkpt>
      <trkpt lat="36.869061" lon="138.281082">
        <ele>912.2788749087828</ele>
      </trkpt>
      <trkpt lat="36.869067" lon="138.281055">
        <ele>912.2033601688988</ele>
      </trkpt>
      <trkpt lat="36.869073" lon="138.281029">
        <ele>912.1046163634198</ele>
      </trkpt>
      <trkpt lat="36.869076" lon="138.281005">
        <ele>912.0458782706894</ele>
      </trkpt>
      <trkpt lat="36.869065" lon="138.280954">
        <ele>912.1539896297036</ele>
      </trkpt>
      <trkpt lat="36.869055" lon="138.280931">
        <ele>912.2597533763549</ele>
      </trkpt>
      <trkpt lat="36.869049" lon="138.280908">
        <ele>912.3090775971477</ele>
      </trkpt>
      <trkpt lat="36.869038" lon="138.28089">
        <ele>912.3932794994006</ele>
      </trkpt>
      <trkpt lat="36.869029" lon="138.280874">
        <ele>912.4502490981465</ele>
      </trkpt>
      <trkpt lat="36.869015" lon="138.28084">
        <ele>912.513612066947</ele>
      </trkpt>
      <trkpt lat="36.86901" lon="138.280827">
        <ele>912.5307920425043</ele>
      </trkpt>
      <trkpt lat="36.869007" lon="138.280812">
        <ele>912.526780846456</ele>
      </trkpt>
      <trkpt lat="36.869011" lon="138.280797">
        <ele>912.4697049215163</ele>
      </trkpt>
      <trkpt lat="36.86902" lon="138.280763">
        <ele>912.429782418535</ele>
      </trkpt>
      <trkpt lat="36.869045" lon="138.280738">
        <ele>912.2768671468609</ele>
      </trkpt>
      <trkpt lat="36.869062" lon="138.280727">
        <ele>912.1385878261917</ele>
      </trkpt>
      <trkpt lat="36.86908" lon="138.280719">
        <ele>911.9888299062668</ele>
      </trkpt>
      <trkpt lat="36.869094" lon="138.280713">
        <ele>911.875293350067</ele>
      </trkpt>
      <trkpt lat="36.869139" lon="138.280703">
        <ele>911.3335253310541</ele>
      </trkpt>
      <trkpt lat="36.869164" lon="138.280692">
        <ele>910.9691520420399</ele>
      </trkpt>
      <trkpt lat="36.869181" lon="138.280688">
        <ele>910.7147346661216</ele>
      </trkpt>
      <trkpt lat="36.869228" lon="138.28067">
        <ele>909.8343974594964</ele>
      </trkpt>
      <trkpt lat="36.869252" lon="138.28066">
        <ele>909.3800187384713</ele>
      </trkpt>
      <trkpt lat="36.869277" lon="138.280655">
        <ele>908.7190470756558</ele>
      </trkpt>
      <trkpt lat="36.869328" lon="138.280655">
        <ele>907.2962280523905</ele>
      </trkpt>
      <trkpt lat="36.869349" lon="138.28066">
        <ele>906.6088656900787</ele>
      </trkpt>
      <trkpt lat="36.869367" lon="138.28067">
        <ele>905.9936535019884</ele>
      </trkpt>
      <trkpt lat="36.869385" lon="138.280681">
        <ele>905.3798008973442</ele>
      </trkpt>
      <trkpt lat="36.869421" lon="138.280706">
        <ele>904.0257149563877</ele>
      </trkpt>
      <trkpt lat="36.869435" lon="138.280716">
        <ele>903.4856814160364</ele>
      </trkpt>
      <trkpt lat="36.869451" lon="138.280731">
        <ele>902.8571410466864</ele>
      </trkpt>
      <trkpt lat="36.869467" lon="138.280751">
        <ele>902.2198222435787</ele>
      </trkpt>
      <trkpt lat="36.869485" lon="138.28077">
        <ele>901.5283479535028</ele>
      </trkpt>
      <trkpt lat="36.869525" lon="138.280815">
        <ele>900.0308569789994</ele>
      </trkpt>
      <trkpt lat="36.869551" lon="138.280834">
        <ele>899.1508406759244</ele>
      </trkpt>
      <trkpt lat="36.869574" lon="138.280848">
        <ele>898.3813056331134</ele>
      </trkpt>
      <trkpt lat="36.869613" lon="138.280876">
        <ele>897.1136817347306</ele>
      </trkpt>
      <trkpt lat="36.869639" lon="138.280895">
        <ele>896.3533308165152</ele>
      </trkpt>
      <trkpt lat="36.869666" lon="138.280913">
        <ele>895.5635914745743</ele>
      </trkpt>
      <trkpt lat="36.869711" lon="138.280952">
        <ele>894.1218034218542</ele>
      </trkpt>
      <trkpt lat="36.869747" lon="138.280974">
        <ele>892.9566023413104</ele>
      </trkpt>
      <trkpt lat="36.869779" lon="138.280999">
        <ele>891.9022027264357</ele>
      </trkpt>
      <trkpt lat="36.869793" lon="138.281017">
        <ele>891.4326743507297</ele>
      </trkpt>
      <trkpt lat="36.869829" lon="138.281041">
        <ele>890.2201798975932</ele>
      </trkpt>
      <trkpt lat="36.869859" lon="138.281046">
        <ele>889.2087170586168</ele>
      </trkpt>
      <trkpt lat="36.869868" lon="138.281069">
        <ele>888.7394832989712</ele>
      </trkpt>
      <trkpt lat="36.869853" lon="138.2811">
        <ele>889.0034004715561</ele>
      </trkpt>
      <trkpt lat="36.869847" lon="138.281112">
        <ele>889.1164860305605</ele>
      </trkpt>
      <trkpt lat="36.869859" lon="138.281123">
        <ele>888.6143544880285</ele>
      </trkpt>
      <trkpt lat="36.869877" lon="138.281127">
        <ele>887.9738965669077</ele>
      </trkpt>
      <trkpt lat="36.869889" lon="138.281125">
        <ele>887.6080883686727</ele>
      </trkpt>
      <trkpt lat="36.869926" lon="138.281124">
        <ele>886.438335100007</ele>
      </trkpt>
      <trkpt lat="36.869968" lon="138.281106">
        <ele>885.3603167904623</ele>
      </trkpt>
      <trkpt lat="36.869978" lon="138.281089">
        <ele>885.2436114136422</ele>
      </trkpt>
      <trkpt lat="36.869982" lon="138.281067">
        <ele>885.3511743210305</ele>
      </trkpt>
      <trkpt lat="36.86999" lon="138.281043">
        <ele>885.3382827807462</ele>
      </trkpt>
      <trkpt lat="36.869994" lon="138.280998">
        <ele>885.4689924600024</ele>
      </trkpt>
      <trkpt lat="36.869983" lon="138.280973">
        <ele>885.8783288089727</ele>
      </trkpt>
      <trkpt lat="36.869971" lon="138.280935">
        <ele>886.3862125051592</ele>
      </trkpt>
      <trkpt lat="36.86997" lon="138.280913">
        <ele>886.5352715439982</ele>
      </trkpt>
      <trkpt lat="36.86998" lon="138.280883">
        <ele>886.4859825407982</ele>
      </trkpt>
      <trkpt lat="36.869993" lon="138.280871">
        <ele>886.2885224486828</ele>
      </trkpt>
      <trkpt lat="36.870003" lon="138.280853">
        <ele>886.235915996055</ele>
      </trkpt>
      <trkpt lat="36.870017" lon="138.280841">
        <ele>886.1393084769527</ele>
      </trkpt>
      <trkpt lat="36.870035" lon="138.280834">
        <ele>886.0004318277868</ele>
      </trkpt>
      <trkpt lat="36.870055" lon="138.280831">
        <ele>885.8064716553304</ele>
      </trkpt>
      <trkpt lat="36.870075" lon="138.280823">
        <ele>885.6899328575923</ele>
      </trkpt>
      <trkpt lat="36.870096" lon="138.280804">
        <ele>885.9125987799841</ele>
      </trkpt>
      <trkpt lat="36.870105" lon="138.280797">
        <ele>886.0197475350989</ele>
      </trkpt>
      <trkpt lat="36.870117" lon="138.280787">
        <ele>886.2276497219318</ele>
      </trkpt>
      <trkpt lat="36.870138" lon="138.280798">
        <ele>885.9835369716462</ele>
      </trkpt>
      <trkpt lat="36.870161" lon="138.280823">
        <ele>885.4676099210799</ele>
      </trkpt>
      <trkpt lat="36.870175" lon="138.280827">
        <ele>885.3872657219956</ele>
      </trkpt>
      <trkpt lat="36.870191" lon="138.280834">
        <ele>885.2277076437949</ele>
      </trkpt>
      <trkpt lat="36.870225" lon="138.280862">
        <ele>884.5236268647793</ele>
      </trkpt>
      <trkpt lat="36.87024" lon="138.280879">
        <ele>884.080294665724</ele>
      </trkpt>
      <trkpt lat="36.870257" lon="138.280899">
        <ele>883.6397645386821</ele>
      </trkpt>
      <trkpt lat="36.870276" lon="138.280917">
        <ele>883.2063593331706</ele>
      </trkpt>
      <trkpt lat="36.870305" lon="138.280949">
        <ele>882.4583429800919</ele>
      </trkpt>
      <trkpt lat="36.870322" lon="138.280962">
        <ele>882.1467413813974</ele>
      </trkpt>
      <trkpt lat="36.870345" lon="138.280972">
        <ele>881.9413118843077</ele>
      </trkpt>
      <trkpt lat="36.870388" lon="138.280991">
        <ele>881.5995641217239</ele>
      </trkpt>
      <trkpt lat="36.870422" lon="138.281016">
        <ele>881.111613355718</ele>
      </trkpt>
      <trkpt lat="36.870441" lon="138.281036">
        <ele>880.7437192117254</ele>
      </trkpt>
      <trkpt lat="36.870452" lon="138.281064">
        <ele>880.2676262347107</ele>
      </trkpt>
      <trkpt lat="36.870453" lon="138.281092">
        <ele>879.8296645099825</ele>
      </trkpt>
      <trkpt lat="36.870459" lon="138.281143">
        <ele>879.0840843883499</ele>
      </trkpt>
      <trkpt lat="36.870455" lon="138.281186">
        <ele>878.5653349687549</ele>
      </trkpt>
      <trkpt lat="36.870447" lon="138.281212">
        <ele>878.207144931208</ele>
      </trkpt>
      <trkpt lat="36.870439" lon="138.281266">
        <ele>877.6875289954371</ele>
      </trkpt>
      <trkpt lat="36.870437" lon="138.281294">
        <ele>877.4510897721642</ele>
      </trkpt>
      <trkpt lat="36.870449" lon="138.281346">
        <ele>877.32808310133</ele>
      </trkpt>
      <trkpt lat="36.870452" lon="138.28137">
        <ele>877.2872552103764</ele>
      </trkpt>
      <trkpt lat="36.870451" lon="138.281394">
        <ele>877.2056698821884</ele>
      </trkpt>
      <trkpt lat="36.870446" lon="138.281422">
        <ele>877.1849460527317</ele>
      </trkpt>
      <trkpt lat="36.870437" lon="138.281434">
        <ele>877.0799669898472</ele>
      </trkpt>
      <trkpt lat="36.870427" lon="138.281466">
        <ele>876.9829358875721</ele>
      </trkpt>
      <trkpt lat="36.870421" lon="138.281482">
        <ele>876.9303069774767</ele>
      </trkpt>
      <trkpt lat="36.87042" lon="138.281496">
        <ele>876.9976133479953</ele>
      </trkpt>
      <trkpt lat="36.870416" lon="138.28152">
        <ele>877.085097971869</ele>
      </trkpt>
      <trkpt lat="36.870419" lon="138.281532">
        <ele>877.1936645569838</ele>
      </trkpt>
      <trkpt lat="36.870407" lon="138.281552">
        <ele>877.1397904299373</ele>
      </trkpt>
      <trkpt lat="36.870399" lon="138.281584">
        <ele>877.2350971611506</ele>
      </trkpt>
      <trkpt lat="36.870394" lon="138.281606">
        <ele>877.3188893604703</ele>
      </trkpt>
      <trkpt lat="36.870391" lon="138.281646">
        <ele>877.5576193507259</ele>
      </trkpt>
      <trkpt lat="36.870393" lon="138.28169">
        <ele>878.1126105821372</ele>
      </trkpt>
      <trkpt lat="36.870398" lon="138.281702">
        <ele>878.3526165234917</ele>
      </trkpt>
      <trkpt lat="36.870404" lon="138.281716">
        <ele>878.6382947664497</ele>
      </trkpt>
      <trkpt lat="36.87041" lon="138.281728">
        <ele>878.9015369683502</ele>
      </trkpt>
      <trkpt lat="36.870405" lon="138.281748">
        <ele>879.0858441866701</ele>
      </trkpt>
      <trkpt lat="36.870389" lon="138.281768">
        <ele>879.0721073319712</ele>
      </trkpt>
      <trkpt lat="36.870379" lon="138.28179">
        <ele>879.1952584388116</ele>
      </trkpt>
      <trkpt lat="36.870372" lon="138.281836">
        <ele>879.7541058006899</ele>
      </trkpt>
      <trkpt lat="36.870364" lon="138.281856">
        <ele>879.9381517375894</ele>
      </trkpt>
      <trkpt lat="36.870353" lon="138.281876">
        <ele>880.0691984940808</ele>
      </trkpt>
      <trkpt lat="36.870343" lon="138.281882">
        <ele>879.9715268576522</ele>
      </trkpt>
      <trkpt lat="36.870337" lon="138.281894">
        <ele>880.0589074829131</ele>
      </trkpt>
      <trkpt lat="36.870332" lon="138.281906">
        <ele>880.1666772104339</ele>
      </trkpt>
      <trkpt lat="36.870324" lon="138.281918">
        <ele>880.2295404942034</ele>
      </trkpt>
      <trkpt lat="36.870315" lon="138.28193">
        <ele>880.2786902019387</ele>
      </trkpt>
      <trkpt lat="36.870299" lon="138.281958">
        <ele>880.5053323917627</ele>
      </trkpt>
      <trkpt lat="36.870289" lon="138.281978">
        <ele>880.7039591239261</ele>
      </trkpt>
      <trkpt lat="36.870281" lon="138.281996">
        <ele>880.9123286053552</ele>
      </trkpt>
      <trkpt lat="36.870275" lon="138.282024">
        <ele>881.4185572307102</ele>
      </trkpt>
      <trkpt lat="36.870268" lon="138.282044">
        <ele>881.7287603168758</ele>
      </trkpt>
      <trkpt lat="36.870262" lon="138.282056">
        <ele>881.8808032894981</ele>
      </trkpt>
      <trkpt lat="36.870256" lon="138.282066">
        <ele>881.9885730630725</ele>
      </trkpt>
      <trkpt lat="36.870246" lon="138.282078">
        <ele>882.06488521935</ele>
      </trkpt>
      <trkpt lat="36.87023" lon="138.282086">
        <ele>881.9317108201798</ele>
      </trkpt>
      <trkpt lat="36.870226" lon="138.2821">
        <ele>882.1495812847049</ele>
      </trkpt>
      <trkpt lat="36.870222" lon="138.282114">
        <ele>882.3674517514887</ele>
      </trkpt>
      <trkpt lat="36.870204" lon="138.282134">
        <ele>882.440647878188</ele>
      </trkpt>
      <trkpt lat="36.870197" lon="138.282144">
        <ele>882.5170045733136</ele>
      </trkpt>
      <trkpt lat="36.87019" lon="138.282152">
        <ele>882.5529731826813</ele>
      </trkpt>
      <trkpt lat="36.870167" lon="138.28216">
        <ele>882.2864185529661</ele>
      </trkpt>
      <trkpt lat="36.870157" lon="138.282168">
        <ele>882.2697705266904</ele>
      </trkpt>
      <trkpt lat="36.870132" lon="138.28218">
        <ele>882.0312654579624</ele>
      </trkpt>
      <trkpt lat="36.870106" lon="138.282192">
        <ele>881.767239439281</ele>
      </trkpt>
      <trkpt lat="36.870068" lon="138.282206">
        <ele>881.3101173940589</ele>
      </trkpt>
      <trkpt lat="36.870053" lon="138.28221">
        <ele>881.0789145109397</ele>
      </trkpt>
      <trkpt lat="36.870032" lon="138.282214">
        <ele>880.713202803518</ele>
      </trkpt>
      <trkpt lat="36.870021" lon="138.282222">
        <ele>880.6321506959962</ele>
      </trkpt>
      <trkpt lat="36.869989" lon="138.282228">
        <ele>880.0961905658362</ele>
      </trkpt>
      <trkpt lat="36.869968" lon="138.282228">
        <ele>879.6929906331918</ele>
      </trkpt>
      <trkpt lat="36.869953" lon="138.282232">
        <ele>879.4683194029544</ele>
      </trkpt>
      <trkpt lat="36.869917" lon="138.282238">
        <ele>878.8311969444344</ele>
      </trkpt>
      <trkpt lat="36.869897" lon="138.28225">
        <ele>878.555418582429</ele>
      </trkpt>
      <trkpt lat="36.869882" lon="138.282268">
        <ele>878.3885724758609</ele>
      </trkpt>
      <trkpt lat="36.869867" lon="138.282304">
        <ele>878.3537443773118</ele>
      </trkpt>
      <trkpt lat="36.869856" lon="138.282318">
        <ele>878.2382845301685</ele>
      </trkpt>
      <trkpt lat="36.869858" lon="138.282334">
        <ele>878.3958973204287</ele>
      </trkpt>
      <trkpt lat="36.869863" lon="138.282344">
        <ele>878.5662094877038</ele>
      </trkpt>
      <trkpt lat="36.869869" lon="138.282372">
        <ele>878.8600149957848</ele>
      </trkpt>
      <trkpt lat="36.869876" lon="138.282386">
        <ele>879.1276679618124</ele>
      </trkpt>
      <trkpt lat="36.869881" lon="138.282408">
        <ele>879.4027534986794</ele>
      </trkpt>
      <trkpt lat="36.869889" lon="138.282418">
        <ele>879.6961037422751</ele>
      </trkpt>
      <trkpt lat="36.869901" lon="138.28243">
        <ele>880.0769669910517</ele>
      </trkpt>
      <trkpt lat="36.869913" lon="138.282458">
        <ele>880.4367561448621</ele>
      </trkpt>
      <trkpt lat="36.869909" lon="138.28247">
        <ele>880.3170509014906</ele>
      </trkpt>
      <trkpt lat="36.869913" lon="138.282484">
        <ele>880.4436471625165</ele>
      </trkpt>
      <trkpt lat="36.869945" lon="138.282514">
        <ele>881.4639866650294</ele>
      </trkpt>
      <trkpt lat="36.869965" lon="138.282528">
        <ele>882.0799611024905</ele>
      </trkpt>
      <trkpt lat="36.869979" lon="138.282538">
        <ele>882.5164649124848</ele>
      </trkpt>
      <trkpt lat="36.869999" lon="138.282572">
        <ele>883.1222416036642</ele>
      </trkpt>
      <trkpt lat="36.870009" lon="138.282588">
        <ele>883.4359349742479</ele>
      </trkpt>
      <trkpt lat="36.87002" lon="138.282602">
        <ele>883.7646755437609</ele>
      </trkpt>
      <trkpt lat="36.870034" lon="138.28263">
        <ele>884.08628273918</ele>
      </trkpt>
      <trkpt lat="36.870034" lon="138.282648">
        <ele>883.9762214522605</ele>
      </trkpt>
      <trkpt lat="36.870028" lon="138.282661">
        <ele>883.6735136834488</ele>
      </trkpt>
      <trkpt lat="36.870032" lon="138.282681">
        <ele>883.696599346301</ele>
      </trkpt>
      <trkpt lat="36.870048" lon="138.282733">
        <ele>883.8023833162313</ele>
      </trkpt>
      <trkpt lat="36.870052" lon="138.282778">
        <ele>883.4825247804199</ele>
      </trkpt>
      <trkpt lat="36.870042" lon="138.282823">
        <ele>882.4024465654034</ele>
      </trkpt>
      <trkpt lat="36.870037" lon="138.28285">
        <ele>881.7907234498533</ele>
      </trkpt>
      <trkpt lat="36.870024" lon="138.282899">
        <ele>880.3976612170562</ele>
      </trkpt>
      <trkpt lat="36.870022" lon="138.282945">
        <ele>879.5068136021351</ele>
      </trkpt>
      <trkpt lat="36.870024" lon="138.282966">
        <ele>879.1899574585219</ele>
      </trkpt>
      <trkpt lat="36.870026" lon="138.282989">
        <ele>878.8355182462991</ele>
      </trkpt>
      <trkpt lat="36.870022" lon="138.283017">
        <ele>878.0976257286197</ele>
      </trkpt>
      <trkpt lat="36.870018" lon="138.283043">
        <ele>877.3728825432557</ele>
      </trkpt>
      <trkpt lat="36.870014" lon="138.283078">
        <ele>876.4487916853552</ele>
      </trkpt>
      <trkpt lat="36.870014" lon="138.283093">
        <ele>876.1356984748253</ele>
      </trkpt>
      <trkpt lat="36.870016" lon="138.283114">
        <ele>875.7953979785747</ele>
      </trkpt>
      <trkpt lat="36.870014" lon="138.283137">
        <ele>875.2118990972788</ele>
      </trkpt>
      <trkpt lat="36.870006" lon="138.283186">
        <ele>873.7943985311849</ele>
      </trkpt>
      <trkpt lat="36.870012" lon="138.283234">
        <ele>872.941189462925</ele>
      </trkpt>
      <trkpt lat="36.870018" lon="138.283261">
        <ele>872.5689454256329</ele>
      </trkpt>
      <trkpt lat="36.870026" lon="138.283287">
        <ele>872.3006373294295</ele>
      </trkpt>
      <trkpt lat="36.870032" lon="138.283316">
        <ele>871.7872941910231</ele>
      </trkpt>
      <trkpt lat="36.870038" lon="138.283373">
        <ele>870.4660315354757</ele>
      </trkpt>
      <trkpt lat="36.870042" lon="138.283437">
        <ele>868.6708036546919</ele>
      </trkpt>
      <trkpt lat="36.870056" lon="138.283494">
        <ele>867.2889694720028</ele>
      </trkpt>
      <trkpt lat="36.870064" lon="138.283517">
        <ele>866.779889692985</ele>
      </trkpt>
      <trkpt lat="36.870066" lon="138.283542">
        <ele>865.9314796688036</ele>
      </trkpt>
      <trkpt lat="36.87006" lon="138.283564">
        <ele>864.8153282416988</ele>
      </trkpt>
      <trkpt lat="36.870044" lon="138.283579">
        <ele>863.5686865664093</ele>
      </trkpt>
      <trkpt lat="36.870002" lon="138.283584">
        <ele>861.658421074743</ele>
      </trkpt>
      <trkpt lat="36.869978" lon="138.283543">
        <ele>862.2637219664276</ele>
      </trkpt>
      <trkpt lat="36.869962" lon="138.283523">
        <ele>862.2898305666904</ele>
      </trkpt>
      <trkpt lat="36.869926" lon="138.283493">
        <ele>861.7572916842541</ele>
      </trkpt>
      <trkpt lat="36.869896" lon="138.283495">
        <ele>860.3789965569983</ele>
      </trkpt>
      <trkpt lat="36.869866" lon="138.283501">
        <ele>858.897807319782</ele>
      </trkpt>
      <trkpt lat="36.869865" lon="138.283557">
        <ele>856.9300521329521</ele>
      </trkpt>
      <trkpt lat="36.869864" lon="138.283609">
        <ele>855.0155271348785</ele>
      </trkpt>
      <trkpt lat="36.869865" lon="138.283634">
        <ele>854.115382214626</ele>
      </trkpt>
      <trkpt lat="36.869859" lon="138.28366">
        <ele>852.8608112043113</ele>
      </trkpt>
      <trkpt lat="36.869855" lon="138.283691">
        <ele>851.4764362828104</ele>
      </trkpt>
      <trkpt lat="36.869823" lon="138.283723">
        <ele>848.9583015498044</ele>
      </trkpt>
      <trkpt lat="36.8698" lon="138.28371">
        <ele>848.6493338197533</ele>
      </trkpt>
      <trkpt lat="36.86978" lon="138.283661">
        <ele>850.0438871626004</ele>
      </trkpt>
      <trkpt lat="36.869754" lon="138.283604">
        <ele>851.5589578474294</ele>
      </trkpt>
      <trkpt lat="36.869717" lon="138.283601">
        <ele>850.7338981022281</ele>
      </trkpt>
      <trkpt lat="36.869694" lon="138.283643">
        <ele>848.5208002385496</ele>
      </trkpt>
      <trkpt lat="36.869649" lon="138.283707">
        <ele>844.7049165506274</ele>
      </trkpt>
      <trkpt lat="36.869284" lon="138.283613">
        <ele>842.5510272031486</ele>
      </trkpt>
      <trkpt lat="36.86917" lon="138.283534">
        <ele>843.1706835329311</ele>
      </trkpt>
      <trkpt lat="36.868908" lon="138.283493">
        <ele>839.2262817996102</ele>
      </trkpt>
      <trkpt lat="36.868759" lon="138.283512">
        <ele>836.2533084171768</ele>
      </trkpt>
      <trkpt lat="36.868354" lon="138.283582">
        <ele>830.977128347572</ele>
      </trkpt>
      <trkpt lat="36.867985" lon="138.283777">
        <ele>827.8608259159411</ele>
      </trkpt>
      <trkpt lat="36.86768" lon="138.284073">
        <ele>828.9362981313601</ele>
      </trkpt>
      <trkpt lat="36.867385" lon="138.284477">
        <ele>832.5048407271406</ele>
      </trkpt>
      <trkpt lat="36.867303" lon="138.284837">
        <ele>835.7142432906212</ele>
      </trkpt>
      <trkpt lat="36.867222" lon="138.285005">
        <ele>835.3107181949313</ele>
      </trkpt>
      <trkpt lat="36.867229" lon="138.285066">
        <ele>835.1991602897184</ele>
      </trkpt>
      <trkpt lat="36.867215" lon="138.285186">
        <ele>834.8967219673096</ele>
      </trkpt>
      <trkpt lat="36.867445" lon="138.28508">
        <ele>837.5386067559025</ele>
      </trkpt>
      <trkpt lat="36.867524" lon="138.285105">
        <ele>838.9685288062793</ele>
      </trkpt>
      <trkpt lat="36.86758" lon="138.285119">
        <ele>840.1823843293286</ele>
      </trkpt>
      <trkpt lat="36.867629" lon="138.285142">
        <ele>841.3997717882979</ele>
      </trkpt>
      <trkpt lat="36.867652" lon="138.285144">
        <ele>842.0050153439869</ele>
      </trkpt>
      <trkpt lat="36.867664" lon="138.285153">
        <ele>842.3300646822438</ele>
      </trkpt>
      <trkpt lat="36.867701" lon="138.285167">
        <ele>843.3949928348318</ele>
      </trkpt>
      <trkpt lat="36.867733" lon="138.285182">
        <ele>844.3457212532875</ele>
      </trkpt>
      <trkpt lat="36.867757" lon="138.285221">
        <ele>845.1461053764596</ele>
      </trkpt>
      <trkpt lat="36.867775" lon="138.285231">
        <ele>845.755715467533</ele>
      </trkpt>
      <trkpt lat="36.867815" lon="138.285247">
        <ele>847.1341111698428</ele>
      </trkpt>
      <trkpt lat="36.867845" lon="138.285263">
        <ele>848.3310974170404</ele>
      </trkpt>
      <trkpt lat="36.867856" lon="138.285268">
        <ele>848.776144860214</ele>
      </trkpt>
      <trkpt lat="36.867885" lon="138.285273">
        <ele>849.9036786248117</ele>
      </trkpt>
      <trkpt lat="36.8679" lon="138.285271">
        <ele>850.4457018598129</ele>
      </trkpt>
      <trkpt lat="36.867901" lon="138.285286">
        <ele>850.580933301565</ele>
      </trkpt>
      <trkpt lat="36.867913" lon="138.285294">
        <ele>851.0859581493053</ele>
      </trkpt>
      <trkpt lat="36.867921" lon="138.285306">
        <ele>851.4744725017077</ele>
      </trkpt>
      <trkpt lat="36.867934" lon="138.285329">
        <ele>852.1465596418008</ele>
      </trkpt>
      <trkpt lat="36.867938" lon="138.285348">
        <ele>852.4505408058826</ele>
      </trkpt>
      <trkpt lat="36.867944" lon="138.285358">
        <ele>852.7679581575428</ele>
      </trkpt>
      <trkpt lat="36.867952" lon="138.285352">
        <ele>853.0421740142896</ele>
      </trkpt>
      <trkpt lat="36.867935" lon="138.285333">
        <ele>852.2162912686563</ele>
      </trkpt>
      <trkpt lat="36.867927" lon="138.285321">
        <ele>851.8147459478205</ele>
      </trkpt>
      <trkpt lat="36.867927" lon="138.285307">
        <ele>851.7106515301077</ele>
      </trkpt>
      <trkpt lat="36.86795" lon="138.285329">
        <ele>852.7712461805871</ele>
      </trkpt>
      <trkpt lat="36.867951" lon="138.285356">
        <ele>853.0340255937668</ele>
      </trkpt>
      <trkpt lat="36.867953" lon="138.285367">
        <ele>853.2066821745512</ele>
      </trkpt>
      <trkpt lat="36.867962" lon="138.285371">
        <ele>853.6111619197517</ele>
      </trkpt>
      <trkpt lat="36.867971" lon="138.285366">
        <ele>853.939985209387</ele>
      </trkpt>
      <trkpt lat="36.867975" lon="138.285346">
        <ele>853.9325741078784</ele>
      </trkpt>
      <trkpt lat="36.86798" lon="138.285333">
        <ele>854.0149197715832</ele>
      </trkpt>
      <trkpt lat="36.867987" lon="138.285324">
        <ele>854.2062504565096</ele>
      </trkpt>
      <trkpt lat="36.86799" lon="138.285302">
        <ele>854.0997410120673</ele>
      </trkpt>
      <trkpt lat="36.867992" lon="138.28529">
        <ele>854.0526920609377</ele>
      </trkpt>
      <trkpt lat="36.868" lon="138.285267">
        <ele>854.1098389334253</ele>
      </trkpt>
      <trkpt lat="36.86802" lon="138.285242">
        <ele>854.5402598514647</ele>
      </trkpt>
      <trkpt lat="36.86804" lon="138.285244">
        <ele>855.1892464040397</ele>
      </trkpt>
      <trkpt lat="36.868054" lon="138.285258">
        <ele>855.8220680959993</ele>
      </trkpt>
      <trkpt lat="36.868061" lon="138.285269">
        <ele>856.1915755738735</ele>
      </trkpt>
      <trkpt lat="36.86806" lon="138.285296">
        <ele>856.5131464006311</ele>
      </trkpt>
      <trkpt lat="36.868064" lon="138.285312">
        <ele>856.8588005098832</ele>
      </trkpt>
      <trkpt lat="36.868065" lon="138.285346">
        <ele>857.3333559519176</ele>
      </trkpt>
      <trkpt lat="36.868081" lon="138.285372">
        <ele>858.1940557674312</ele>
      </trkpt>
      <trkpt lat="36.868091" lon="138.285376">
        <ele>858.5887020238114</ele>
      </trkpt>
      <trkpt lat="36.868102" lon="138.285368">
        <ele>858.8606796350396</ele>
      </trkpt>
      <trkpt lat="36.868115" lon="138.285362">
        <ele>859.215983224965</ele>
      </trkpt>
      <trkpt lat="36.868124" lon="138.285362">
        <ele>859.5138350146831</ele>
      </trkpt>
      <trkpt lat="36.868137" lon="138.285354">
        <ele>859.8299105612841</ele>
      </trkpt>
      <trkpt lat="36.868148" lon="138.285342">
        <ele>860.0115209580414</ele>
      </trkpt>
      <trkpt lat="36.868157" lon="138.285334">
        <ele>860.1329962246615</ele>
      </trkpt>
      <trkpt lat="36.868161" lon="138.285316">
        <ele>859.8939194231205</ele>
      </trkpt>
      <trkpt lat="36.868174" lon="138.285308">
        <ele>860.0583791530337</ele>
      </trkpt>
      <trkpt lat="36.868196" lon="138.2853">
        <ele>860.4358260406933</ele>
      </trkpt>
      <trkpt lat="36.868211" lon="138.28529">
        <ele>860.6006397160347</ele>
      </trkpt>
      <trkpt lat="36.86822" lon="138.285282">
        <ele>860.6575698516147</ele>
      </trkpt>
      <trkpt lat="36.868229" lon="138.285284">
        <ele>860.8844505017837</ele>
      </trkpt>
      <trkpt lat="36.868247" lon="138.285298">
        <ele>861.5341152289614</ele>
      </trkpt>
      <trkpt lat="36.868259" lon="138.285304">
        <ele>861.9120379140702</ele>
      </trkpt>
      <trkpt lat="36.86828" lon="138.28532">
        <ele>862.7271730940478</ele>
      </trkpt>
      <trkpt lat="36.868289" lon="138.285326">
        <ele>863.0696557132662</ele>
      </trkpt>
      <trkpt lat="36.868298" lon="138.28533">
        <ele>863.3452011144652</ele>
      </trkpt>
      <trkpt lat="36.868314" lon="138.285336">
        <ele>863.7941446743105</ele>
      </trkpt>
      <trkpt lat="36.868322" lon="138.285346">
        <ele>864.180610785783</ele>
      </trkpt>
      <trkpt lat="36.868324" lon="138.285356">
        <ele>864.4395217454697</ele>
      </trkpt>
      <trkpt lat="36.868327" lon="138.28537">
        <ele>864.8082589973386</ele>
      </trkpt>
      <trkpt lat="36.868336" lon="138.285382">
        <ele>865.2571824302515</ele>
      </trkpt>
      <trkpt lat="36.868333" lon="138.285398">
        <ele>865.5542850895379</ele>
      </trkpt>
      <trkpt lat="36.868336" lon="138.285412">
        <ele>865.9315739302027</ele>
      </trkpt>
      <trkpt lat="36.868337" lon="138.285446">
        <ele>866.6597372965645</ele>
      </trkpt>
      <trkpt lat="36.868335" lon="138.285458">
        <ele>866.8479477187747</ele>
      </trkpt>
      <trkpt lat="36.86834" lon="138.28547">
        <ele>867.193354001966</ele>
      </trkpt>
      <trkpt lat="36.868347" lon="138.28548">
        <ele>867.5471852256189</ele>
      </trkpt>
      <trkpt lat="36.868355" lon="138.28551">
        <ele>868.3206607679332</ele>
      </trkpt>
      <trkpt lat="36.868368" lon="138.285509">
        <ele>868.5690115787129</ele>
      </trkpt>
      <trkpt lat="36.868378" lon="138.285504">
        <ele>868.657127780063</ele>
      </trkpt>
      <trkpt lat="36.868396" lon="138.28549">
        <ele>868.709393734725</ele>
      </trkpt>
      <trkpt lat="36.868414" lon="138.285476">
        <ele>868.7531081778966</ele>
      </trkpt>
      <trkpt lat="36.868433" lon="138.285463">
        <ele>868.8069099769467</ele>
      </trkpt>
      <trkpt lat="36.868452" lon="138.285458">
        <ele>868.9510844340323</ele>
      </trkpt>
      <trkpt lat="36.868462" lon="138.285452">
        <ele>868.9563248420142</ele>
      </trkpt>
      <trkpt lat="36.868478" lon="138.285448">
        <ele>869.0821500427799</ele>
      </trkpt>
      <trkpt lat="36.868492" lon="138.285443">
        <ele>869.1607898495871</ele>
      </trkpt>
      <trkpt lat="36.868502" lon="138.285447">
        <ele>869.357821922754</ele>
      </trkpt>
      <trkpt lat="36.868515" lon="138.285471">
        <ele>869.986227409149</ele>
      </trkpt>
      <trkpt lat="36.868517" lon="138.285493">
        <ele>870.473825720622</ele>
      </trkpt>
      <trkpt lat="36.868521" lon="138.285508">
        <ele>870.833790824944</ele>
      </trkpt>
      <trkpt lat="36.868523" lon="138.285526">
        <ele>871.187922497281</ele>
      </trkpt>
      <trkpt lat="36.868527" lon="138.285538">
        <ele>871.4384149200758</ele>
      </trkpt>
      <trkpt lat="36.86853" lon="138.285551">
        <ele>871.6961893051641</ele>
      </trkpt>
      <trkpt lat="36.868529" lon="138.285573">
        <ele>872.070472865995</ele>
      </trkpt>
      <trkpt lat="36.868528" lon="138.285586">
        <ele>872.2874700256866</ele>
      </trkpt>
      <trkpt lat="36.868531" lon="138.285601">
        <ele>872.5696663846242</ele>
      </trkpt>
      <trkpt lat="36.868537" lon="138.285615">
        <ele>872.8131416297858</ele>
      </trkpt>
      <trkpt lat="36.868551" lon="138.28561">
        <ele>872.896257137286</ele>
      </trkpt>
      <trkpt lat="36.868571" lon="138.28561">
        <ele>873.0850655877044</ele>
      </trkpt>
      <trkpt lat="36.868581" lon="138.285609">
        <ele>873.1293377888401</ele>
      </trkpt>
      <trkpt lat="36.868605" lon="138.285596">
        <ele>873.075950619263</ele>
      </trkpt>
      <trkpt lat="36.868615" lon="138.285586">
        <ele>872.9506969499262</ele>
      </trkpt>
      <trkpt lat="36.868631" lon="138.285579">
        <ele>872.9104114663729</ele>
      </trkpt>
      <trkpt lat="36.868648" lon="138.285571">
        <ele>872.8078869509543</ele>
      </trkpt>
      <trkpt lat="36.868665" lon="138.28557">
        <ele>872.8225200378378</ele>
      </trkpt>
      <trkpt lat="36.868673" lon="138.285577">
        <ele>872.9640363629501</ele>
      </trkpt>
      <trkpt lat="36.868671" lon="138.285596">
        <ele>873.3029283740531</ele>
      </trkpt>
      <trkpt lat="36.868667" lon="138.285606">
        <ele>873.4559595527037</ele>
      </trkpt>
      <trkpt lat="36.868662" lon="138.285616">
        <ele>873.5964600806308</ele>
      </trkpt>
      <trkpt lat="36.868655" lon="138.285632">
        <ele>873.8167869528422</ele>
      </trkpt>
      <trkpt lat="36.868654" lon="138.285656">
        <ele>874.1653145377215</ele>
      </trkpt>
      <trkpt lat="36.86865" lon="138.285682">
        <ele>874.5285609522886</ele>
      </trkpt>
      <trkpt lat="36.868652" lon="138.285694">
        <ele>874.6762253626232</ele>
      </trkpt>
      <trkpt lat="36.868665" lon="138.285707">
        <ele>874.878056421819</ele>
      </trkpt>
      <trkpt lat="36.868675" lon="138.285708">
        <ele>874.9367159604935</ele>
      </trkpt>
      <trkpt lat="36.868689" lon="138.285704">
        <ele>874.9578280974214</ele>
      </trkpt>
      <trkpt lat="36.8687" lon="138.285704">
        <ele>875.0095106324004</ele>
      </trkpt>
      <trkpt lat="36.868707" lon="138.285694">
        <ele>874.9107879408905</ele>
      </trkpt>
      <trkpt lat="36.868727" lon="138.285684">
        <ele>874.790448640288</ele>
      </trkpt>
      <trkpt lat="36.868744" lon="138.285687">
        <ele>874.8314442727117</ele>
      </trkpt>
      <trkpt lat="36.868756" lon="138.285686">
        <ele>874.8189967737752</ele>
      </trkpt>
      <trkpt lat="36.868787" lon="138.285686">
        <ele>874.7986002944748</ele>
      </trkpt>
      <trkpt lat="36.868799" lon="138.285683">
        <ele>874.7336906761052</ele>
      </trkpt>
      <trkpt lat="36.868809" lon="138.285675">
        <ele>874.5781138196751</ele>
      </trkpt>
      <trkpt lat="36.868826" lon="138.28567">
        <ele>874.4571446138818</ele>
      </trkpt>
      <trkpt lat="36.868845" lon="138.285672">
        <ele>874.4456379984247</ele>
      </trkpt>
      <trkpt lat="36.868859" lon="138.285675">
        <ele>874.436261161737</ele>
      </trkpt>
      <trkpt lat="36.868872" lon="138.285676">
        <ele>874.3949326693435</ele>
      </trkpt>
      <trkpt lat="36.868884" lon="138.285681">
        <ele>874.4395311503323</ele>
      </trkpt>
      <trkpt lat="36.868904" lon="138.285699">
        <ele>874.6888713099478</ele>
      </trkpt>
      <trkpt lat="36.868914" lon="138.285712">
        <ele>874.891318174746</ele>
      </trkpt>
      <trkpt lat="36.868922" lon="138.28572">
        <ele>875.0100808453666</ele>
      </trkpt>
      <trkpt lat="36.868926" lon="138.285732">
        <ele>875.2277361041859</ele>
      </trkpt>
      <trkpt lat="36.868913" lon="138.285751">
        <ele>875.6296145636555</ele>
      </trkpt>
      <trkpt lat="36.868909" lon="138.285768">
        <ele>875.9550249990084</ele>
      </trkpt>
      <trkpt lat="36.868903" lon="138.285778">
        <ele>876.1220147240299</ele>
      </trkpt>
      <trkpt lat="36.868896" lon="138.285789">
        <ele>876.294579130875</ele>
      </trkpt>
      <trkpt lat="36.868888" lon="138.285802">
        <ele>876.4920735337641</ele>
      </trkpt>
      <trkpt lat="36.868885" lon="138.285814">
        <ele>876.6745960458813</ele>
      </trkpt>
      <trkpt lat="36.868878" lon="138.285829">
        <ele>876.8928521137416</ele>
      </trkpt>
      <trkpt lat="36.86887" lon="138.285841">
        <ele>877.0565773448843</ele>
      </trkpt>
      <trkpt lat="36.868862" lon="138.285852">
        <ele>877.1990893907175</ele>
      </trkpt>
      <trkpt lat="36.86886" lon="138.285864">
        <ele>877.3380077584756</ele>
      </trkpt>
      <trkpt lat="36.868855" lon="138.285888">
        <ele>877.5675060593364</ele>
      </trkpt>
      <trkpt lat="36.868849" lon="138.285898">
        <ele>877.6358159235176</ele>
      </trkpt>
      <trkpt lat="36.868853" lon="138.285918">
        <ele>877.8616641663348</ele>
      </trkpt>
      <trkpt lat="36.86886" lon="138.285927">
        <ele>878.0069550993812</ele>
      </trkpt>
      <trkpt lat="36.868881" lon="138.285928">
        <ele>878.1810071594318</ele>
      </trkpt>
      <trkpt lat="36.868892" lon="138.285924">
        <ele>878.215455152418</ele>
      </trkpt>
      <trkpt lat="36.868907" lon="138.285915">
        <ele>878.2038484523885</ele>
      </trkpt>
      <trkpt lat="36.868926" lon="138.285901">
        <ele>878.1225602709251</ele>
      </trkpt>
      <trkpt lat="36.868948" lon="138.28589">
        <ele>878.0839450128841</ele>
      </trkpt>
      <trkpt lat="36.868982" lon="138.285894">
        <ele>878.331015694198</ele>
      </trkpt>
      <trkpt lat="36.868995" lon="138.2859">
        <ele>878.4879612639775</ele>
      </trkpt>
      <trkpt lat="36.868996" lon="138.285915">
        <ele>878.7551630401217</ele>
      </trkpt>
      <trkpt lat="36.869001" lon="138.285931">
        <ele>879.0681065878166</ele>
      </trkpt>
      <trkpt lat="36.869006" lon="138.285941">
        <ele>879.2827268049291</ele>
      </trkpt>
      <trkpt lat="36.869024" lon="138.285966">
        <ele>879.8050363573352</ele>
      </trkpt>
      <trkpt lat="36.869031" lon="138.285976">
        <ele>880.0194143788164</ele>
      </trkpt>
      <trkpt lat="36.86905" lon="138.285994">
        <ele>880.4642582377203</ele>
      </trkpt>
      <trkpt lat="36.869059" lon="138.286005">
        <ele>880.700469578715</ele>
      </trkpt>
      <trkpt lat="36.869063" lon="138.286016">
        <ele>880.9133820130348</ele>
      </trkpt>
      <trkpt lat="36.869082" lon="138.286026">
        <ele>881.2212068646852</ele>
      </trkpt>
      <trkpt lat="36.869107" lon="138.286047">
        <ele>881.679698059693</ele>
      </trkpt>
      <trkpt lat="36.869118" lon="138.286053">
        <ele>881.8247105373873</ele>
      </trkpt>
      <trkpt lat="36.869132" lon="138.286059">
        <ele>881.9245134862792</ele>
      </trkpt>
      <trkpt lat="36.869148" lon="138.286075">
        <ele>882.1813247650507</ele>
      </trkpt>
      <trkpt lat="36.869156" lon="138.286081">
        <ele>882.2897532002271</ele>
      </trkpt>
      <trkpt lat="36.869176" lon="138.286098">
        <ele>882.613990145424</ele>
      </trkpt>
      <trkpt lat="36.869184" lon="138.286108">
        <ele>882.8055385974549</ele>
      </trkpt>
      <trkpt lat="36.869203" lon="138.286129">
        <ele>883.0875350538479</ele>
      </trkpt>
      <trkpt lat="36.869213" lon="138.286135">
        <ele>883.1684811868222</ele>
      </trkpt>
      <trkpt lat="36.869223" lon="138.286143">
        <ele>883.2794340146924</ele>
      </trkpt>
      <trkpt lat="36.86923" lon="138.286153">
        <ele>883.418432658645</ele>
      </trkpt>
      <trkpt lat="36.869246" lon="138.286173">
        <ele>883.7147048269463</ele>
      </trkpt>
      <trkpt lat="36.869251" lon="138.286183">
        <ele>883.8639342060525</ele>
      </trkpt>
      <trkpt lat="36.869268" lon="138.286192">
        <ele>883.9682536331213</ele>
      </trkpt>
      <trkpt lat="36.869277" lon="138.286197">
        <ele>884.0268333032343</ele>
      </trkpt>
      <trkpt lat="36.869285" lon="138.286204">
        <ele>884.0965900661196</ele>
      </trkpt>
      <trkpt lat="36.869294" lon="138.28621">
        <ele>884.1470067569984</ele>
      </trkpt>
      <trkpt lat="36.869303" lon="138.286213">
        <ele>884.1707995068999</ele>
      </trkpt>
      <trkpt lat="36.869311" lon="138.286222">
        <ele>884.2646472570752</ele>
      </trkpt>
      <trkpt lat="36.869323" lon="138.286233">
        <ele>884.3847657334201</ele>
      </trkpt>
      <trkpt lat="36.869331" lon="138.286246">
        <ele>884.5145239444647</ele>
      </trkpt>
      <trkpt lat="36.86934" lon="138.286274">
        <ele>884.8331482655872</ele>
      </trkpt>
      <trkpt lat="36.869347" lon="138.286285">
        <ele>884.9579092743907</ele>
      </trkpt>
      <trkpt lat="36.869356" lon="138.286295">
        <ele>885.0561271245521</ele>
      </trkpt>
      <trkpt lat="36.869365" lon="138.286308">
        <ele>885.1973463964127</ele>
      </trkpt>
      <trkpt lat="36.869384" lon="138.28633">
        <ele>885.4665358530258</ele>
      </trkpt>
      <trkpt lat="36.869395" lon="138.286349">
        <ele>885.7166453816728</ele>
      </trkpt>
      <trkpt lat="36.869418" lon="138.28637">
        <ele>886.0229611685204</ele>
      </trkpt>
      <trkpt lat="36.869429" lon="138.286376">
        <ele>886.1127845368503</ele>
      </trkpt>
      <trkpt lat="36.86944" lon="138.286383">
        <ele>886.2158137344618</ele>
      </trkpt>
      <trkpt lat="36.869456" lon="138.286405">
        <ele>886.5253138442494</ele>
      </trkpt>
      <trkpt lat="36.86947" lon="138.28642">
        <ele>886.7434405781423</ele>
      </trkpt>
      <trkpt lat="36.869486" lon="138.286439">
        <ele>887.0309163255511</ele>
      </trkpt>
      <trkpt lat="36.869499" lon="138.286458">
        <ele>887.3290980557117</ele>
      </trkpt>
      <trkpt lat="36.869522" lon="138.286486">
        <ele>887.783032392146</ele>
      </trkpt>
      <trkpt lat="36.869535" lon="138.286502">
        <ele>888.0396676458929</ele>
      </trkpt>
      <trkpt lat="36.869563" lon="138.286509">
        <ele>888.1886595058995</ele>
      </trkpt>
      <trkpt lat="36.869575" lon="138.286518">
        <ele>888.3501361555976</ele>
      </trkpt>
      <trkpt lat="36.869587" lon="138.286531">
        <ele>888.5829389175078</ele>
      </trkpt>
      <trkpt lat="36.869614" lon="138.286551">
        <ele>888.9347280867138</ele>
      </trkpt>
      <trkpt lat="36.86963" lon="138.286554">
        <ele>889.0043207725923</ele>
      </trkpt>
      <trkpt lat="36.869646" lon="138.286552">
        <ele>889.0046415068731</ele>
      </trkpt>
      <trkpt lat="36.869669" lon="138.286553">
        <ele>889.0484846484861</ele>
      </trkpt>
      <trkpt lat="36.869689" lon="138.286552">
        <ele>889.0102525253288</ele>
      </trkpt>
      <trkpt lat="36.869702" lon="138.286552">
        <ele>888.9953378455272</ele>
      </trkpt>
      <trkpt lat="36.869709" lon="138.286568">
        <ele>889.2536090213888</ele>
      </trkpt>
      <trkpt lat="36.869712" lon="138.28658">
        <ele>889.4527443688446</ele>
      </trkpt>
      <trkpt lat="36.86972" lon="138.286595">
        <ele>889.7064252711305</ele>
      </trkpt>
      <trkpt lat="36.869724" lon="138.286614">
        <ele>890.0335784570624</ele>
      </trkpt>
      <trkpt lat="36.86973" lon="138.286628">
        <ele>890.2823101658918</ele>
      </trkpt>
      <trkpt lat="36.869746" lon="138.286653">
        <ele>890.6598112489171</ele>
      </trkpt>
      <trkpt lat="36.86976" lon="138.286665">
        <ele>890.843489263997</ele>
      </trkpt>
      <trkpt lat="36.869771" lon="138.286676">
        <ele>891.0216060500954</ele>
      </trkpt>
      <trkpt lat="36.869784" lon="138.286696">
        <ele>891.3607077154528</ele>
      </trkpt>
      <trkpt lat="36.869795" lon="138.286714">
        <ele>891.6799806453855</ele>
      </trkpt>
      <trkpt lat="36.869801" lon="138.286725">
        <ele>891.856269712845</ele>
      </trkpt>
      <trkpt lat="36.869809" lon="138.286736">
        <ele>892.0173894079189</ele>
      </trkpt>
      <trkpt lat="36.86982" lon="138.286752">
        <ele>892.2525442101096</ele>
      </trkpt>
      <trkpt lat="36.869835" lon="138.286768">
        <ele>892.4914736898318</ele>
      </trkpt>
      <trkpt lat="36.869872" lon="138.286803">
        <ele>893.038001317387</ele>
      </trkpt>
      <trkpt lat="36.869885" lon="138.286821">
        <ele>893.2965947399192</ele>
      </trkpt>
      <trkpt lat="36.869914" lon="138.286852">
        <ele>893.7567265393225</ele>
      </trkpt>
      <trkpt lat="36.869928" lon="138.286865">
        <ele>893.9581025453738</ele>
      </trkpt>
      <trkpt lat="36.869956" lon="138.286886">
        <ele>894.2484343705069</ele>
      </trkpt>
      <trkpt lat="36.86998" lon="138.286904">
        <ele>894.4844056181295</ele>
      </trkpt>
      <trkpt lat="36.869994" lon="138.286918">
        <ele>894.6891500763732</ele>
      </trkpt>
      <trkpt lat="36.870013" lon="138.286935">
        <ele>894.9425404777701</ele>
      </trkpt>
      <trkpt lat="36.870031" lon="138.286951">
        <ele>895.1908251995094</ele>
      </trkpt>
      <trkpt lat="36.870064" lon="138.286976">
        <ele>895.5907011766554</ele>
      </trkpt>
      <trkpt lat="36.870078" lon="138.286984">
        <ele>895.7214004221686</ele>
      </trkpt>
      <trkpt lat="36.870088" lon="138.287">
        <ele>896.010153560526</ele>
      </trkpt>
      <trkpt lat="36.870097" lon="138.287006">
        <ele>896.1152146102553</ele>
      </trkpt>
      <trkpt lat="36.870106" lon="138.287012">
        <ele>896.222108184742</ele>
      </trkpt>
      <trkpt lat="36.870123" lon="138.287036">
        <ele>896.6750604834267</ele>
      </trkpt>
      <trkpt lat="36.870129" lon="138.287046">
        <ele>896.8680953381561</ele>
      </trkpt>
      <trkpt lat="36.870132" lon="138.287066">
        <ele>897.2306395466237</ele>
      </trkpt>
      <trkpt lat="36.870141" lon="138.287084">
        <ele>897.5241022426192</ele>
      </trkpt>
      <trkpt lat="36.870147" lon="138.287094">
        <ele>897.6901255054322</ele>
      </trkpt>
      <trkpt lat="36.870153" lon="138.287104">
        <ele>897.8581849084769</ele>
      </trkpt>
      <trkpt lat="36.870168" lon="138.28712">
        <ele>898.1370072608004</ele>
      </trkpt>
      <trkpt lat="36.870183" lon="138.28713">
        <ele>898.3222908944731</ele>
      </trkpt>
      <trkpt lat="36.870218" lon="138.287144">
        <ele>898.6099973024805</ele>
      </trkpt>
      <trkpt lat="36.870228" lon="138.287146">
        <ele>898.6548531150917</ele>
      </trkpt>
      <trkpt lat="36.870239" lon="138.287148">
        <ele>898.7011652922729</ele>
      </trkpt>
      <trkpt lat="36.870253" lon="138.28715">
        <ele>898.7518465580425</ele>
      </trkpt>
      <trkpt lat="36.870265" lon="138.287156">
        <ele>898.8601994943344</ele>
      </trkpt>
      <trkpt lat="36.870277" lon="138.287164">
        <ele>898.998844628968</ele>
      </trkpt>
      <trkpt lat="36.8703" lon="138.287182">
        <ele>899.3022794405974</ele>
      </trkpt>
      <trkpt lat="36.87031" lon="138.287186">
        <ele>899.379544981439</ele>
      </trkpt>
      <trkpt lat="36.870327" lon="138.287187">
        <ele>899.4205885326187</ele>
      </trkpt>
      <trkpt lat="36.87034" lon="138.287194">
        <ele>899.5592878513396</ele>
      </trkpt>
      <trkpt lat="36.870358" lon="138.287218">
        <ele>899.9983594667174</ele>
      </trkpt>
      <trkpt lat="36.870362" lon="138.28723">
        <ele>900.2054653647045</ele>
      </trkpt>
      <trkpt lat="36.870369" lon="138.287242">
        <ele>900.3488919688772</ele>
      </trkpt>
      <trkpt lat="36.87038" lon="138.287256">
        <ele>900.5210980334327</ele>
      </trkpt>
      <trkpt lat="36.870406" lon="138.28728">
        <ele>900.8345830855752</ele>
      </trkpt>
      <trkpt lat="36.870422" lon="138.287292">
        <ele>901.0005090134694</ele>
      </trkpt>
      <trkpt lat="36.870435" lon="138.287304">
        <ele>901.1543001600551</ele>
      </trkpt>
      <trkpt lat="36.870444" lon="138.287318">
        <ele>901.3225240660505</ele>
      </trkpt>
      <trkpt lat="36.87047" lon="138.287334">
        <ele>901.4677019289846</ele>
      </trkpt>
      <trkpt lat="36.870489" lon="138.287342">
        <ele>901.5479837739849</ele>
      </trkpt>
      <trkpt lat="36.87051" lon="138.287352">
        <ele>901.6106068218132</ele>
      </trkpt>
      <trkpt lat="36.87053" lon="138.28736">
        <ele>901.6560448780662</ele>
      </trkpt>
      <trkpt lat="36.870548" lon="138.28737">
        <ele>901.7230370138076</ele>
      </trkpt>
      <trkpt lat="36.87058" lon="138.287392">
        <ele>901.877976031871</ele>
      </trkpt>
      <trkpt lat="36.870597" lon="138.287404">
        <ele>901.9587889165159</ele>
      </trkpt>
      <trkpt lat="36.870618" lon="138.287418">
        <ele>902.0097610767477</ele>
      </trkpt>
      <trkpt lat="36.870652" lon="138.28744">
        <ele>902.0301603695423</ele>
      </trkpt>
      <trkpt lat="36.870689" lon="138.287452">
        <ele>901.9755622504314</ele>
      </trkpt>
      <trkpt lat="36.87073" lon="138.287464">
        <ele>901.8203708712997</ele>
      </trkpt>
      <trkpt lat="36.870751" lon="138.287471">
        <ele>901.7454348330282</ele>
      </trkpt>
      <trkpt lat="36.870794" lon="138.287498">
        <ele>901.6029965504393</ele>
      </trkpt>
      <trkpt lat="36.870835" lon="138.287528">
        <ele>901.4530735458848</ele>
      </trkpt>
      <trkpt lat="36.870854" lon="138.287543">
        <ele>901.3464276514977</ele>
      </trkpt>
      <trkpt lat="36.870876" lon="138.28756">
        <ele>901.2439852240776</ele>
      </trkpt>
      <trkpt lat="36.870894" lon="138.287577">
        <ele>901.1835093380315</ele>
      </trkpt>
      <trkpt lat="36.870912" lon="138.287592">
        <ele>901.0113260923973</ele>
      </trkpt>
      <trkpt lat="36.870934" lon="138.287602">
        <ele>900.7514255301603</ele>
      </trkpt>
      <trkpt lat="36.870957" lon="138.287611">
        <ele>900.4878193971116</ele>
      </trkpt>
      <trkpt lat="36.871005" lon="138.287624">
        <ele>899.8905582995595</ele>
      </trkpt>
      <trkpt lat="36.871026" lon="138.287628">
        <ele>899.6215535508455</ele>
      </trkpt>
      <trkpt lat="36.871049" lon="138.287634">
        <ele>899.3156578296107</ele>
      </trkpt>
      <trkpt lat="36.871102" lon="138.28765">
        <ele>898.587339642435</ele>
      </trkpt>
      <trkpt lat="36.871127" lon="138.287665">
        <ele>898.3081141723221</ele>
      </trkpt>
      <trkpt lat="36.871168" lon="138.287701">
        <ele>897.8608259524307</ele>
      </trkpt>
      <trkpt lat="36.871212" lon="138.287723">
        <ele>897.2627842166553</ele>
      </trkpt>
      <trkpt lat="36.871233" lon="138.287736">
        <ele>897.0121318035634</ele>
      </trkpt>
      <trkpt lat="36.871273" lon="138.28774">
        <ele>896.3564749745119</ele>
      </trkpt>
      <trkpt lat="36.871294" lon="138.287748">
        <ele>896.0303949181375</ele>
      </trkpt>
      <trkpt lat="36.871332" lon="138.287773">
        <ele>895.369538792083</ele>
      </trkpt>
      <trkpt lat="36.871382" lon="138.287798">
        <ele>894.5379887082819</ele>
      </trkpt>
      <trkpt lat="36.871409" lon="138.287813">
        <ele>894.0495671837991</ele>
      </trkpt>
      <trkpt lat="36.87144" lon="138.287826">
        <ele>893.4818651969562</ele>
      </trkpt>
      <trkpt lat="36.8715" lon="138.287834">
        <ele>892.226309670909</ele>
      </trkpt>
      <trkpt lat="36.871525" lon="138.287834">
        <ele>891.6549623607466</ele>
      </trkpt>
      <trkpt lat="36.871543" lon="138.287828">
        <ele>891.1451722492828</ele>
      </trkpt>
      <trkpt lat="36.871554" lon="138.287812">
        <ele>890.7163197545958</ele>
      </trkpt>
      <trkpt lat="36.87157" lon="138.287768">
        <ele>889.8948180719217</ele>
      </trkpt>
      <trkpt lat="36.871577" lon="138.287759">
        <ele>889.6216173598827</ele>
      </trkpt>
      <trkpt lat="36.871606" lon="138.287765">
        <ele>888.7760361465772</ele>
      </trkpt>
      <trkpt lat="36.871615" lon="138.287741">
        <ele>888.233758620519</ele>
      </trkpt>
      <trkpt lat="36.871615" lon="138.287723">
        <ele>888.0114855714484</ele>
      </trkpt>
      <trkpt lat="36.871603" lon="138.28768">
        <ele>887.8693252460746</ele>
      </trkpt>
      <trkpt lat="36.871597" lon="138.287657">
        <ele>887.768482221617</ele>
      </trkpt>
      <trkpt lat="36.871594" lon="138.287611">
        <ele>887.1678833266262</ele>
      </trkpt>
      <trkpt lat="36.871604" lon="138.287561">
        <ele>886.0448887622757</ele>
      </trkpt>
      <trkpt lat="36.871606" lon="138.287532">
        <ele>885.435008596822</ele>
      </trkpt>
      <trkpt lat="36.871614" lon="138.287509">
        <ele>884.7708578020057</ele>
      </trkpt>
      <trkpt lat="36.871626" lon="138.287493">
        <ele>884.1398734881691</ele>
      </trkpt>
      <trkpt lat="36.871642" lon="138.287487">
        <ele>883.589964985149</ele>
      </trkpt>
      <trkpt lat="36.871671" lon="138.287506">
        <ele>883.0494085955512</ele>
      </trkpt>
      <trkpt lat="36.871685" lon="138.287521">
        <ele>882.8540397212805</ele>
      </trkpt>
      <trkpt lat="36.8717" lon="138.28753">
        <ele>882.5267297387442</ele>
      </trkpt>
      <trkpt lat="36.871713" lon="138.287528">
        <ele>882.0889647513901</ele>
      </trkpt>
      <trkpt lat="36.871721" lon="138.287494">
        <ele>881.3215823976929</ele>
      </trkpt>
      <trkpt lat="36.871717" lon="138.28747">
        <ele>881.0335397202898</ele>
      </trkpt>
      <trkpt lat="36.871715" lon="138.287446">
        <ele>880.6615972097047</ele>
      </trkpt>
      <trkpt lat="36.871712" lon="138.287421">
        <ele>880.2939149747102</ele>
      </trkpt>
      <trkpt lat="36.871727" lon="138.2874">
        <ele>879.5042062020269</ele>
      </trkpt>
      <trkpt lat="36.871741" lon="138.287412">
        <ele>879.2866931460992</ele>
      </trkpt>
      <trkpt lat="36.871756" lon="138.287424">
        <ele>879.0194327443216</ele>
      </trkpt>
      <trkpt lat="36.871778" lon="138.287442">
        <ele>878.6116193416103</ele>
      </trkpt>
      <trkpt lat="36.871793" lon="138.287455">
        <ele>878.329180673125</ele>
      </trkpt>
      <trkpt lat="36.871807" lon="138.287466">
        <ele>877.9974931445279</ele>
      </trkpt>
      <trkpt lat="36.871828" lon="138.287499">
        <ele>877.688120870162</ele>
      </trkpt>
      <trkpt lat="36.871839" lon="138.287546">
        <ele>877.8513942966428</ele>
      </trkpt>
      <trkpt lat="36.871851" lon="138.287563">
        <ele>877.6037366347908</ele>
      </trkpt>
      <trkpt lat="36.871865" lon="138.287573">
        <ele>877.1789930794123</ele>
      </trkpt>
      <trkpt lat="36.871878" lon="138.287582">
        <ele>876.711360719799</ele>
      </trkpt>
      <trkpt lat="36.871887" lon="138.2876">
        <ele>876.4900146887076</ele>
      </trkpt>
      <trkpt lat="36.871903" lon="138.287626">
        <ele>876.0311754524141</ele>
      </trkpt>
      <trkpt lat="36.871936" lon="138.287669">
        <ele>874.9598277924354</ele>
      </trkpt>
      <trkpt lat="36.871954" lon="138.287691">
        <ele>874.352214474092</ele>
      </trkpt>
      <trkpt lat="36.871994" lon="138.287726">
        <ele>872.8725081447753</ele>
      </trkpt>
      <trkpt lat="36.872019" lon="138.287742">
        <ele>871.8929322399442</ele>
      </trkpt>
      <trkpt lat="36.872058" lon="138.287785">
        <ele>870.6674867229232</ele>
      </trkpt>
      <trkpt lat="36.872072" lon="138.287812">
        <ele>870.4042284390761</ele>
      </trkpt>
      <trkpt lat="36.872084" lon="138.287837">
        <ele>870.2537774760845</ele>
      </trkpt>
      <trkpt lat="36.872092" lon="138.287864">
        <ele>870.3483445300367</ele>
      </trkpt>
      <trkpt lat="36.872099" lon="138.287887">
        <ele>870.4273097110786</ele>
      </trkpt>
      <trkpt lat="36.872118" lon="138.28793">
        <ele>870.3906603814548</ele>
      </trkpt>
      <trkpt lat="36.872147" lon="138.287982">
        <ele>870.2653309459638</ele>
      </trkpt>
      <trkpt lat="36.872159" lon="138.288008">
        <ele>870.343275965478</ele>
      </trkpt>
      <trkpt lat="36.872169" lon="138.288032">
        <ele>870.4832418118799</ele>
      </trkpt>
      <trkpt lat="36.872175" lon="138.288082">
        <ele>871.2993425663808</ele>
      </trkpt>
      <trkpt lat="36.872167" lon="138.288098">
        <ele>871.8866076989215</ele>
      </trkpt>
      <trkpt lat="36.872164" lon="138.288118">
        <ele>872.3773843593611</ele>
      </trkpt>
      <trkpt lat="36.872159" lon="138.288128">
        <ele>872.7337160946477</ele>
      </trkpt>
      <trkpt lat="36.872157" lon="138.288141">
        <ele>873.0492541266733</ele>
      </trkpt>
      <trkpt lat="36.872159" lon="138.288178">
        <ele>873.7018972430518</ele>
      </trkpt>
      <trkpt lat="36.872168" lon="138.288222">
        <ele>874.2708453692362</ele>
      </trkpt>
      <trkpt lat="36.872188" lon="138.288234">
        <ele>873.9096881173318</ele>
      </trkpt>
      <trkpt lat="36.872194" lon="138.288223">
        <ele>873.5165837249178</ele>
      </trkpt>
      <trkpt lat="36.872208" lon="138.288213">
        <ele>872.9129004164198</ele>
      </trkpt>
      <trkpt lat="36.872226" lon="138.288209">
        <ele>872.3724149874319</ele>
      </trkpt>
      <trkpt lat="36.872268" lon="138.288221">
        <ele>871.5469711932544</ele>
      </trkpt>
      <trkpt lat="36.872306" lon="138.288233">
        <ele>870.8538217577624</ele>
      </trkpt>
      <trkpt lat="36.87235" lon="138.288238">
        <ele>869.8904308639469</ele>
      </trkpt>
      <trkpt lat="36.872377" lon="138.288241">
        <ele>869.3635023847223</ele>
      </trkpt>
      <trkpt lat="36.872402" lon="138.288244">
        <ele>868.8802657963942</ele>
      </trkpt>
      <trkpt lat="36.872445" lon="138.288244">
        <ele>867.9497248319188</ele>
      </trkpt>
      <trkpt lat="36.872465" lon="138.288244">
        <ele>867.5180658368332</ele>
      </trkpt>
      <trkpt lat="36.872511" lon="138.288256">
        <ele>866.8899412257136</ele>
      </trkpt>
      <trkpt lat="36.872548" lon="138.288292">
        <ele>866.8431568052093</ele>
      </trkpt>
      <trkpt lat="36.872586" lon="138.288339">
        <ele>866.9452590126548</ele>
      </trkpt>
      <trkpt lat="36.872604" lon="138.288391">
        <ele>867.4256552293903</ele>
      </trkpt>
      <trkpt lat="36.87263" lon="138.288444">
        <ele>867.8168843250575</ele>
      </trkpt>
      <trkpt lat="36.872632" lon="138.28851">
        <ele>868.7302118664218</ele>
      </trkpt>
      <trkpt lat="36.872634" lon="138.288545">
        <ele>869.2384954798872</ele>
      </trkpt>
      <trkpt lat="36.87264" lon="138.288572">
        <ele>869.5907415133461</ele>
      </trkpt>
      <trkpt lat="36.872649" lon="138.288587">
        <ele>869.7295164549168</ele>
      </trkpt>
      <trkpt lat="36.872672" lon="138.288596">
        <ele>869.633511585866</ele>
      </trkpt>
      <trkpt lat="36.872696" lon="138.288603">
        <ele>869.5593592109724</ele>
      </trkpt>
      <trkpt lat="36.872733" lon="138.288614">
        <ele>869.5859908646732</ele>
      </trkpt>
      <trkpt lat="36.872753" lon="138.288614">
        <ele>869.5023973643354</ele>
      </trkpt>
      <trkpt lat="36.872785" lon="138.288609">
        <ele>869.4078463997703</ele>
      </trkpt>
      <trkpt lat="36.872804" lon="138.288611">
        <ele>869.4427989332016</ele>
      </trkpt>
      <trkpt lat="36.872844" lon="138.288622">
        <ele>869.6951081207961</ele>
      </trkpt>
      <trkpt lat="36.872858" lon="138.288626">
        <ele>869.8057927190797</ele>
      </trkpt>
      <trkpt lat="36.872883" lon="138.288629">
        <ele>869.9310421301985</ele>
      </trkpt>
      <trkpt lat="36.872902" lon="138.288636">
        <ele>870.1031131368088</ele>
      </trkpt>
      <trkpt lat="36.872926" lon="138.288636">
        <ele>870.1595123108655</ele>
      </trkpt>
      <trkpt lat="36.872946" lon="138.288638">
        <ele>870.2396329079533</ele>
      </trkpt>
      <trkpt lat="36.872984" lon="138.288647">
        <ele>870.3865486090309</ele>
      </trkpt>
      <trkpt lat="36.873007" lon="138.288653">
        <ele>870.4509181664561</ele>
      </trkpt>
      <trkpt lat="36.873043" lon="138.288669">
        <ele>870.6044311170568</ele>
      </trkpt>
      <trkpt lat="36.873078" lon="138.288685">
        <ele>870.6599828362667</ele>
      </trkpt>
      <trkpt lat="36.873097" lon="138.288688">
        <ele>870.5959655197446</ele>
      </trkpt>
      <trkpt lat="36.873134" lon="138.288705">
        <ele>870.2754882833448</ele>
      </trkpt>
      <trkpt lat="36.87315" lon="138.288732">
        <ele>870.3602427104573</ele>
      </trkpt>
      <trkpt lat="36.873171" lon="138.288763">
        <ele>870.3836103969074</ele>
      </trkpt>
      <trkpt lat="36.873203" lon="138.288824">
        <ele>870.2585513377105</ele>
      </trkpt>
      <trkpt lat="36.873213" lon="138.288869">
        <ele>870.3501634383989</ele>
      </trkpt>
      <trkpt lat="36.873217" lon="138.288884">
        <ele>870.3227775332608</ele>
      </trkpt>
      <trkpt lat="36.873242" lon="138.28892">
        <ele>869.9700020125622</ele>
      </trkpt>
      <trkpt lat="36.873254" lon="138.288934">
        <ele>869.7733630420114</ele>
      </trkpt>
      <trkpt lat="36.873265" lon="138.288949">
        <ele>869.5949416128844</ele>
      </trkpt>
      <trkpt lat="36.873285" lon="138.288968">
        <ele>869.1989566318014</ele>
      </trkpt>
      <trkpt lat="36.873305" lon="138.288995">
        <ele>868.8383533675124</ele>
      </trkpt>
      <trkpt lat="36.873317" lon="138.289018">
        <ele>868.6505048089547</ele>
      </trkpt>
      <trkpt lat="36.873343" lon="138.289033">
        <ele>868.2193907386309</ele>
      </trkpt>
      <trkpt lat="36.873356" lon="138.289025">
        <ele>867.9708998388014</ele>
      </trkpt>
      <trkpt lat="36.873374" lon="138.289013">
        <ele>867.6076270139245</ele>
      </trkpt>
      <trkpt lat="36.873384" lon="138.289">
        <ele>867.3614135028472</ele>
      </trkpt>
      <trkpt lat="36.8734" lon="138.288993">
        <ele>867.0101523297282</ele>
      </trkpt>
      <trkpt lat="36.873428" lon="138.288974">
        <ele>866.3408854712311</ele>
      </trkpt>
      <trkpt lat="36.873452" lon="138.288966">
        <ele>865.7622745841159</ele>
      </trkpt>
      <trkpt lat="36.873484" lon="138.288951">
        <ele>864.8823506857249</ele>
      </trkpt>
      <trkpt lat="36.873492" lon="138.288931">
        <ele>864.4605719994864</ele>
      </trkpt>
      <trkpt lat="36.873499" lon="138.288912">
        <ele>864.0472440594808</ele>
      </trkpt>
      <trkpt lat="36.873506" lon="138.288897">
        <ele>863.6756104349816</ele>
      </trkpt>
      <trkpt lat="36.87351" lon="138.288881">
        <ele>863.3648022998789</ele>
      </trkpt>
      <trkpt lat="36.873509" lon="138.288847">
        <ele>862.941697708011</ele>
      </trkpt>
      <trkpt lat="36.873507" lon="138.288813">
        <ele>862.5260455482761</ele>
      </trkpt>
      <trkpt lat="36.873517" lon="138.288782">
        <ele>861.7516646498859</ele>
      </trkpt>
      <trkpt lat="36.873524" lon="138.288757">
        <ele>861.0681253323414</ele>
      </trkpt>
      <trkpt lat="36.873529" lon="138.288729">
        <ele>860.3746287448145</ele>
      </trkpt>
      <trkpt lat="36.873539" lon="138.288699">
        <ele>859.4737670637901</ele>
      </trkpt>
      <trkpt lat="36.873584" lon="138.288664">
        <ele>857.2401364802485</ele>
      </trkpt>
      <trkpt lat="36.873594" lon="138.288651">
        <ele>856.6266976162717</ele>
      </trkpt>
      <trkpt lat="36.873583" lon="138.28864">
        <ele>856.8319622896497</ele>
      </trkpt>
      <trkpt lat="36.873575" lon="138.288625">
        <ele>856.8410451166343</ele>
      </trkpt>
      <trkpt lat="36.873582" lon="138.288614">
        <ele>856.385804435</ele>
      </trkpt>
      <trkpt lat="36.873618" lon="138.288591">
        <ele>854.6410196264749</ele>
      </trkpt>
      <trkpt lat="36.873631" lon="138.288551">
        <ele>853.4135619773592</ele>
      </trkpt>
      <trkpt lat="36.873628" lon="138.288531">
        <ele>853.140773280555</ele>
      </trkpt>
      <trkpt lat="36.87364" lon="138.288481">
        <ele>851.8176688812214</ele>
      </trkpt>
      <trkpt lat="36.873654" lon="138.288464">
        <ele>851.052172669963</ele>
      </trkpt>
      <trkpt lat="36.873668" lon="138.288448">
        <ele>850.3196047949438</ele>
      </trkpt>
      <trkpt lat="36.873694" lon="138.288425">
        <ele>849.113346980785</ele>
      </trkpt>
      <trkpt lat="36.873708" lon="138.288406">
        <ele>848.3969145701726</ele>
      </trkpt>
      <trkpt lat="36.873726" lon="138.288385">
        <ele>847.5636826494135</ele>
      </trkpt>
      <trkpt lat="36.873739" lon="138.288362">
        <ele>846.8828534383688</ele>
      </trkpt>
      <trkpt lat="36.873772" lon="138.288316">
        <ele>845.4574110585443</ele>
      </trkpt>
      <trkpt lat="36.873797" lon="138.288294">
        <ele>844.6189676072611</ele>
      </trkpt>
      <trkpt lat="36.873853" lon="138.288278">
        <ele>843.1364403699323</ele>
      </trkpt>
      <trkpt lat="36.873915" lon="138.288281">
        <ele>841.914522416849</ele>
      </trkpt>
      <trkpt lat="36.873948" lon="138.28829">
        <ele>841.3110578464936</ele>
      </trkpt>
      <trkpt lat="36.873969" lon="138.288306">
        <ele>840.9290483524626</ele>
      </trkpt>
      <trkpt lat="36.873987" lon="138.288325">
        <ele>840.575358431542</ele>
      </trkpt>
      <trkpt lat="36.873991" lon="138.288352">
        <ele>840.4921874142561</ele>
      </trkpt>
      <trkpt lat="36.873995" lon="138.288407">
        <ele>840.4015490621765</ele>
      </trkpt>
      <trkpt lat="36.873997" lon="138.288435">
        <ele>840.3635023487255</ele>
      </trkpt>
      <trkpt lat="36.874004" lon="138.288504">
        <ele>840.3931947934259</ele>
      </trkpt>
      <trkpt lat="36.874014" lon="138.288568">
        <ele>840.3502713302591</ele>
      </trkpt>
      <trkpt lat="36.874014" lon="138.2886">
        <ele>840.4740126944287</ele>
      </trkpt>
      <trkpt lat="36.874038" lon="138.28866">
        <ele>839.9254192539843</ele>
      </trkpt>
      <trkpt lat="36.874042" lon="138.288713">
        <ele>840.0490598896994</ele>
      </trkpt>
      <trkpt lat="36.874037" lon="138.288739">
        <ele>840.3983030329935</ele>
      </trkpt>
      <trkpt lat="36.874029" lon="138.288772">
        <ele>840.8969736830343</ele>
      </trkpt>
      <trkpt lat="36.874021" lon="138.288809">
        <ele>841.5666435194553</ele>
      </trkpt>
      <trkpt lat="36.874011" lon="138.288843">
        <ele>842.2918505641946</ele>
      </trkpt>
      <trkpt lat="36.873998" lon="138.288871">
        <ele>843.1024804139637</ele>
      </trkpt>
      <trkpt lat="36.874002" lon="138.288902">
        <ele>843.4254813108225</ele>
      </trkpt>
      <trkpt lat="36.874018" lon="138.288945">
        <ele>843.4861999341915</ele>
      </trkpt>
      <trkpt lat="36.874024" lon="138.288965">
        <ele>843.6140413302928</ele>
      </trkpt>
      <trkpt lat="36.874032" lon="138.288984">
        <ele>843.6548035365995</ele>
      </trkpt>
      <trkpt lat="36.874031" lon="138.289007">
        <ele>844.0931685289834</ele>
      </trkpt>
      <trkpt lat="36.874029" lon="138.289021">
        <ele>844.4106579797808</ele>
      </trkpt>
      <trkpt lat="36.874026" lon="138.289036">
        <ele>844.7889842968458</ele>
      </trkpt>
      <trkpt lat="36.87403" lon="138.289047">
        <ele>844.8535886661737</ele>
      </trkpt>
      <trkpt lat="36.874034" lon="138.289059">
        <ele>844.9357701341622</ele>
      </trkpt>
      <trkpt lat="36.874055" lon="138.289086">
        <ele>844.6667926939615</ele>
      </trkpt>
      <trkpt lat="36.874081" lon="138.289091">
        <ele>843.8509042525886</ele>
      </trkpt>
      <trkpt lat="36.87411" lon="138.289088">
        <ele>842.7970774175133</ele>
      </trkpt>
      <trkpt lat="36.874135" lon="138.289083">
        <ele>841.8921352166632</ele>
      </trkpt>
      <trkpt lat="36.874148" lon="138.289081">
        <ele>841.4890826438095</ele>
      </trkpt>
      <trkpt lat="36.874159" lon="138.289088">
        <ele>841.3038388776118</ele>
      </trkpt>
      <trkpt lat="36.874165" lon="138.2891">
        <ele>841.3520307187184</ele>
      </trkpt>
      <trkpt lat="36.874181" lon="138.289115">
        <ele>841.180086321973</ele>
      </trkpt>
      <trkpt lat="36.874195" lon="138.289127">
        <ele>840.9942183689225</ele>
      </trkpt>
      <trkpt lat="36.874202" lon="138.289136">
        <ele>840.9708923185253</ele>
      </trkpt>
      <trkpt lat="36.874203" lon="138.289148">
        <ele>841.1433235029699</ele>
      </trkpt>
      <trkpt lat="36.874202" lon="138.289167">
        <ele>841.4765389668764</ele>
      </trkpt>
      <trkpt lat="36.874203" lon="138.289182">
        <ele>841.6979036981247</ele>
      </trkpt>
      <trkpt lat="36.874203" lon="138.289218">
        <ele>842.286664515547</ele>
      </trkpt>
      <trkpt lat="36.87421" lon="138.289238">
        <ele>842.4560188528392</ele>
      </trkpt>
      <trkpt lat="36.874213" lon="138.289278">
        <ele>843.0514352603666</ele>
      </trkpt>
      <trkpt lat="36.874211" lon="138.289292">
        <ele>843.3249689791377</ele>
      </trkpt>
      <trkpt lat="36.874214" lon="138.28931">
        <ele>843.5429433106322</ele>
      </trkpt>
      <trkpt lat="36.874226" lon="138.289328">
        <ele>843.5797308808283</ele>
      </trkpt>
      <trkpt lat="36.874228" lon="138.28935">
        <ele>843.8953082766087</ele>
      </trkpt>
      <trkpt lat="36.874246" lon="138.28939">
        <ele>844.211943179805</ele>
      </trkpt>
      <trkpt lat="36.874258" lon="138.289404">
        <ele>844.2319396327299</ele>
      </trkpt>
      <trkpt lat="36.87426" lon="138.289424">
        <ele>844.5419722551032</ele>
      </trkpt>
      <trkpt lat="36.87426" lon="138.28944">
        <ele>844.8187341497886</ele>
      </trkpt>
      <trkpt lat="36.87425" lon="138.289456">
        <ele>845.2574472768129</ele>
      </trkpt>
      <trkpt lat="36.874244" lon="138.289468">
        <ele>845.5556734312337</ele>
      </trkpt>
      <trkpt lat="36.87424" lon="138.289484">
        <ele>845.8847268155464</ele>
      </trkpt>
      <trkpt lat="36.874238" lon="138.289508">
        <ele>846.3124404116588</ele>
      </trkpt>
      <trkpt lat="36.87423" lon="138.289534">
        <ele>846.8511502220131</ele>
      </trkpt>
      <trkpt lat="36.874228" lon="138.289562">
        <ele>847.314656314103</ele>
      </trkpt>
      <trkpt lat="36.874242" lon="138.28961">
        <ele>847.8833275047907</ele>
      </trkpt>
      <trkpt lat="36.87425" lon="138.289636">
        <ele>848.194175637883</ele>
      </trkpt>
      <trkpt lat="36.874246" lon="138.289666">
        <ele>848.589361838214</ele>
      </trkpt>
      <trkpt lat="36.874246" lon="138.289694">
        <ele>848.9207493827405</ele>
      </trkpt>
      <trkpt lat="36.874238" lon="138.289724">
        <ele>849.303934288932</ele>
      </trkpt>
      <trkpt lat="36.874222" lon="138.289778">
        <ele>849.8182590776136</ele>
      </trkpt>
      <trkpt lat="36.87421" lon="138.289796">
        <ele>849.9980016149642</ele>
      </trkpt>
      <trkpt lat="36.874202" lon="138.289806">
        <ele>850.0864996210137</ele>
      </trkpt>
      <trkpt lat="36.874196" lon="138.28982">
        <ele>850.1256978938238</ele>
      </trkpt>
      <trkpt lat="36.87419" lon="138.289844">
        <ele>850.2237644846207</ele>
      </trkpt>
      <trkpt lat="36.874182" lon="138.289862">
        <ele>850.3299431932593</ele>
      </trkpt>
      <trkpt lat="36.874174" lon="138.289878">
        <ele>850.425551940911</ele>
      </trkpt>
      <trkpt lat="36.87417" lon="138.28989">
        <ele>850.4711472507829</ele>
      </trkpt>
      <trkpt lat="36.87416" lon="138.289906">
        <ele>850.543899368266</ele>
      </trkpt>
      <trkpt lat="36.874152" lon="138.28992">
        <ele>850.5872734366046</ele>
      </trkpt>
      <trkpt lat="36.87415" lon="138.289938">
        <ele>850.5619354434186</ele>
      </trkpt>
      <trkpt lat="36.874152" lon="138.289952">
        <ele>850.5146146442123</ele>
      </trkpt>
      <trkpt lat="36.87416" lon="138.289984">
        <ele>850.3850916306124</ele>
      </trkpt>
      <trkpt lat="36.874164" lon="138.290006">
        <ele>850.2872521710019</ele>
      </trkpt>
      <trkpt lat="36.874164" lon="138.290024">
        <ele>850.2253925701651</ele>
      </trkpt>
      <trkpt lat="36.874168" lon="138.29004">
        <ele>850.155774962796</ele>
      </trkpt>
      <trkpt lat="36.874176" lon="138.290046">
        <ele>850.1083359983688</ele>
      </trkpt>
      <trkpt lat="36.874178" lon="138.290066">
        <ele>850.0456367176948</ele>
      </trkpt>
      <trkpt lat="36.874178" lon="138.29008">
        <ele>850.016067156</ele>
      </trkpt>
      <trkpt lat="36.874196" lon="138.290108">
        <ele>849.9466917902123</ele>
      </trkpt>
      <trkpt lat="36.874206" lon="138.290128">
        <ele>850.0504404832786</ele>
      </trkpt>
      <trkpt lat="36.874216" lon="138.290146">
        <ele>850.1828161396566</ele>
      </trkpt>
      <trkpt lat="36.87423" lon="138.290162">
        <ele>850.4271398686769</ele>
      </trkpt>
      <trkpt lat="36.87424" lon="138.290168">
        <ele>850.600267304044</ele>
      </trkpt>
      <trkpt lat="36.87424" lon="138.29018">
        <ele>850.6407581968189</ele>
      </trkpt>
      <trkpt lat="36.874244" lon="138.290192">
        <ele>850.7485106361632</ele>
      </trkpt>
      <trkpt lat="36.87425" lon="138.290204">
        <ele>850.8960026012303</ele>
      </trkpt>
      <trkpt lat="36.87426" lon="138.290237">
        <ele>851.227357632186</ele>
      </trkpt>
      <trkpt lat="36.874264" lon="138.290251">
        <ele>851.4171300597006</ele>
      </trkpt>
      <trkpt lat="36.874264" lon="138.290265">
        <ele>851.5307077584112</ele>
      </trkpt>
      <trkpt lat="36.874262" lon="138.290279">
        <ele>851.6033373441494</ele>
      </trkpt>
      <trkpt lat="36.874256" lon="138.290303">
        <ele>851.6686816413843</ele>
      </trkpt>
      <trkpt lat="36.874254" lon="138.290323">
        <ele>851.7940043858824</ele>
      </trkpt>
      <trkpt lat="36.874252" lon="138.290334">
        <ele>851.8732774401815</ele>
      </trkpt>
      <trkpt lat="36.874258" lon="138.290346">
        <ele>852.1441729898879</ele>
      </trkpt>
      <trkpt lat="36.874264" lon="138.290366">
        <ele>852.5128191167495</ele>
      </trkpt>
      <trkpt lat="36.874262" lon="138.290385">
        <ele>852.6852272334315</ele>
      </trkpt>
      <trkpt lat="36.874262" lon="138.290399">
        <ele>852.8467882295942</ele>
      </trkpt>
      <trkpt lat="36.874262" lon="138.290417">
        <ele>853.1091592521793</ele>
      </trkpt>
      <trkpt lat="36.87427" lon="138.290456">
        <ele>853.987311323758</ele>
      </trkpt>
      <trkpt lat="36.874278" lon="138.290473">
        <ele>854.5420547915644</ele>
      </trkpt>
      <trkpt lat="36.874283" lon="138.290488">
        <ele>854.9674518852727</ele>
      </trkpt>
      <trkpt lat="36.874288" lon="138.290503">
        <ele>855.4072098756918</ele>
      </trkpt>
      <trkpt lat="36.874285" lon="138.290515">
        <ele>855.5154746090495</ele>
      </trkpt>
      <trkpt lat="36.874285" lon="138.290552">
        <ele>856.1744875714683</ele>
      </trkpt>
      <trkpt lat="36.874288" lon="138.290591">
        <ele>857.0118460627532</ele>
      </trkpt>
      <trkpt lat="36.874284" lon="138.290614">
        <ele>857.3281077753859</ele>
      </trkpt>
      <trkpt lat="36.874286" lon="138.290628">
        <ele>857.6844038170443</ele>
      </trkpt>
      <trkpt lat="36.874278" lon="138.290653">
        <ele>857.8867476098902</ele>
      </trkpt>
      <trkpt lat="36.874266" lon="138.290679">
        <ele>857.9494164367677</ele>
      </trkpt>
      <trkpt lat="36.874262" lon="138.290691">
        <ele>858.0530757077904</ele>
      </trkpt>
      <trkpt lat="36.874266" lon="138.290704">
        <ele>858.4445773254622</ele>
      </trkpt>
      <trkpt lat="36.874262" lon="138.290722">
        <ele>858.6653582241655</ele>
      </trkpt>
      <trkpt lat="36.874252" lon="138.29072">
        <ele>858.2957276459462</ele>
      </trkpt>
      <trkpt lat="36.87424" lon="138.290721">
        <ele>857.9189512627775</ele>
      </trkpt>
      <trkpt lat="36.874224" lon="138.290718">
        <ele>857.3331556562916</ele>
      </trkpt>
      <trkpt lat="36.87422" lon="138.290729">
        <ele>857.4106620563931</ele>
      </trkpt>
      <trkpt lat="36.874222" lon="138.290747">
        <ele>857.8202945481864</ele>
      </trkpt>
      <trkpt lat="36.874228" lon="138.290761">
        <ele>858.3118527616147</ele>
      </trkpt>
      <trkpt lat="36.874224" lon="138.290775">
        <ele>858.4714617373427</ele>
      </trkpt>
      <trkpt lat="36.87422" lon="138.29079">
        <ele>858.6520422409295</ele>
      </trkpt>
      <trkpt lat="36.874205" lon="138.290799">
        <ele>858.3383148726315</ele>
      </trkpt>
      <trkpt lat="36.874198" lon="138.290818">
        <ele>858.502287298139</ele>
      </trkpt>
      <trkpt lat="36.87419" lon="138.290836">
        <ele>858.650259825635</ele>
      </trkpt>
      <trkpt lat="36.874193" lon="138.290847">
        <ele>858.9639634789444</ele>
      </trkpt>
      <trkpt lat="36.874191" lon="138.290863">
        <ele>859.2441631761388</ele>
      </trkpt>
      <trkpt lat="36.8742" lon="138.290877">
        <ele>859.8090568604642</ele>
      </trkpt>
      <trkpt lat="36.874206" lon="138.290892">
        <ele>860.3313442544932</ele>
      </trkpt>
      <trkpt lat="36.874213" lon="138.290899">
        <ele>860.7214175817862</ele>
      </trkpt>
      <trkpt lat="36.874215" lon="138.29092">
        <ele>861.2375626020497</ele>
      </trkpt>
      <trkpt lat="36.874219" lon="138.290936">
        <ele>861.7560635774126</ele>
      </trkpt>
      <trkpt lat="36.874229" lon="138.290966">
        <ele>862.8012855581471</ele>
      </trkpt>
      <trkpt lat="36.874225" lon="138.290981">
        <ele>863.0202229944199</ele>
      </trkpt>
      <trkpt lat="36.874224" lon="138.290995">
        <ele>863.3168479501282</ele>
      </trkpt>
      <trkpt lat="36.874221" lon="138.291007">
        <ele>863.5040147752045</ele>
      </trkpt>
      <trkpt lat="36.874213" lon="138.29102">
        <ele>863.5657497564806</ele>
      </trkpt>
      <trkpt lat="36.874196" lon="138.291042">
        <ele>863.5598221853561</ele>
      </trkpt>
      <trkpt lat="36.874188" lon="138.29105">
        <ele>863.5048319646246</ele>
      </trkpt>
      <trkpt lat="36.874176" lon="138.291062">
        <ele>863.418274186265</ele>
      </trkpt>
      <trkpt lat="36.874158" lon="138.291077">
        <ele>863.2078393529879</ele>
      </trkpt>
      <trkpt lat="36.874142" lon="138.291088">
        <ele>862.9581666060495</ele>
      </trkpt>
      <trkpt lat="36.874113" lon="138.291103">
        <ele>862.4894836428373</ele>
      </trkpt>
      <trkpt lat="36.874108" lon="138.291117">
        <ele>862.7115726485287</ele>
      </trkpt>
      <trkpt lat="36.874091" lon="138.291128">
        <ele>862.5337231263484</ele>
      </trkpt>
      <trkpt lat="36.874083" lon="138.291135">
        <ele>862.4931831074982</ele>
      </trkpt>
      <trkpt lat="36.874066" lon="138.291139">
        <ele>862.1334095210734</ele>
      </trkpt>
      <trkpt lat="36.874056" lon="138.291139">
        <ele>861.8797596982757</ele>
      </trkpt>
      <trkpt lat="36.874046" lon="138.29115">
        <ele>861.9240569824524</ele>
      </trkpt>
      <trkpt lat="36.874027" lon="138.291156">
        <ele>861.6394214170089</ele>
      </trkpt>
      <trkpt lat="36.874015" lon="138.291161">
        <ele>861.4834633721038</ele>
      </trkpt>
      <trkpt lat="36.873994" lon="138.29118">
        <ele>861.431305911605</ele>
      </trkpt>
      <trkpt lat="36.873976" lon="138.291198">
        <ele>861.5488736998554</ele>
      </trkpt>
      <trkpt lat="36.873967" lon="138.291214">
        <ele>861.7716103632947</ele>
      </trkpt>
      <trkpt lat="36.873957" lon="138.291216">
        <ele>861.6579860034235</ele>
      </trkpt>
      <trkpt lat="36.873951" lon="138.291231">
        <ele>861.8921671657782</ele>
      </trkpt>
      <trkpt lat="36.873945" lon="138.291254">
        <ele>862.2942670653737</ele>
      </trkpt>
      <trkpt lat="36.873936" lon="138.291272">
        <ele>862.53577206815</ele>
      </trkpt>
      <trkpt lat="36.873919" lon="138.291294">
        <ele>862.7487761885385</ele>
      </trkpt>
      <trkpt lat="36.873924" lon="138.291306">
        <ele>863.0776151789843</ele>
      </trkpt>
      <trkpt lat="36.873923" lon="138.291322">
        <ele>863.4134486908285</ele>
      </trkpt>
      <trkpt lat="36.873895" lon="138.291342">
        <ele>863.5678668132274</ele>
      </trkpt>
      <trkpt lat="36.873881" lon="138.29135">
        <ele>863.5935342730899</ele>
      </trkpt>
      <trkpt lat="36.873878" lon="138.291367">
        <ele>863.8813319193337</ele>
      </trkpt>
      <trkpt lat="36.873879" lon="138.29138">
        <ele>864.1366220155143</ele>
      </trkpt>
      <trkpt lat="36.873869" lon="138.291394">
        <ele>864.2749576470674</ele>
      </trkpt>
      <trkpt lat="36.873859" lon="138.291401">
        <ele>864.2746743183918</ele>
      </trkpt>
      <trkpt lat="36.873854" lon="138.291413">
        <ele>864.4207116103186</ele>
      </trkpt>
      <trkpt lat="36.873836" lon="138.291436">
        <ele>864.686831789869</ele>
      </trkpt>
      <trkpt lat="36.873827" lon="138.29145">
        <ele>864.8532332137838</ele>
      </trkpt>
      <trkpt lat="36.873827" lon="138.291488">
        <ele>865.483415472166</ele>
      </trkpt>
      <trkpt lat="36.873834" lon="138.29152">
        <ele>866.0852056078616</ele>
      </trkpt>
      <trkpt lat="36.873834" lon="138.291538">
        <ele>866.3713586786728</ele>
      </trkpt>
      <trkpt lat="36.873833" lon="138.291555">
        <ele>866.6275457854816</ele>
      </trkpt>
      <trkpt lat="36.873827" lon="138.29157">
        <ele>866.7777789213493</ele>
      </trkpt>
      <trkpt lat="36.87382" lon="138.291582">
        <ele>866.8531682771904</ele>
      </trkpt>
      <trkpt lat="36.873809" lon="138.291593">
        <ele>866.8350565062184</ele>
      </trkpt>
      <trkpt lat="36.873802" lon="138.291607">
        <ele>866.9047635712182</ele>
      </trkpt>
      <trkpt lat="36.873784" lon="138.291638">
        <ele>866.9903463090702</ele>
      </trkpt>
      <trkpt lat="36.873778" lon="138.291661">
        <ele>867.1951588147315</ele>
      </trkpt>
      <trkpt lat="36.873771" lon="138.291673">
        <ele>867.2315713880195</ele>
      </trkpt>
      <trkpt lat="36.87377" lon="138.291699">
        <ele>867.5036471112423</ele>
      </trkpt>
      <trkpt lat="36.873766" lon="138.291713">
        <ele>867.5611270879882</ele>
      </trkpt>
      <trkpt lat="36.873763" lon="138.291724">
        <ele>867.6037568361273</ele>
      </trkpt>
      <trkpt lat="36.873761" lon="138.291744">
        <ele>867.7421848015797</ele>
      </trkpt>
      <trkpt lat="36.87376" lon="138.291774">
        <ele>867.9856316873895</ele>
      </trkpt>
      <trkpt lat="36.873759" lon="138.291803">
        <ele>868.2447299955029</ele>
      </trkpt>
      <trkpt lat="36.873757" lon="138.291823">
        <ele>868.3903055163016</ele>
      </trkpt>
      <trkpt lat="36.873737" lon="138.291844">
        <ele>868.0406934170661</ele>
      </trkpt>
      <trkpt lat="36.87373" lon="138.291858">
        <ele>867.9576758563439</ele>
      </trkpt>
      <trkpt lat="36.873731" lon="138.291891">
        <ele>868.2303601119255</ele>
      </trkpt>
      <trkpt lat="36.873742" lon="138.29193">
        <ele>868.845591484284</ele>
      </trkpt>
      <trkpt lat="36.873741" lon="138.29195">
        <ele>868.9636519113886</ele>
      </trkpt>
      <trkpt lat="36.873748" lon="138.29197">
        <ele>869.3161043825539</ele>
      </trkpt>
      <trkpt lat="36.873749" lon="138.291989">
        <ele>869.4793369365316</ele>
      </trkpt>
      <trkpt lat="36.87375" lon="138.29201">
        <ele>869.6578192417509</ele>
      </trkpt>
      <trkpt lat="36.873752" lon="138.292026">
        <ele>869.8358134668727</ele>
      </trkpt>
      <trkpt lat="36.873757" lon="138.292045">
        <ele>870.1262801223206</ele>
      </trkpt>
      <trkpt lat="36.873771" lon="138.292088">
        <ele>870.8457435027465</ele>
      </trkpt>
      <trkpt lat="36.873772" lon="138.292108">
        <ele>870.9957498237958</ele>
      </trkpt>
      <trkpt lat="36.873772" lon="138.292125">
        <ele>871.0911553349348</ele>
      </trkpt>
      <trkpt lat="36.873772" lon="138.292142">
        <ele>871.1703810771932</ele>
      </trkpt>
      <trkpt lat="36.873772" lon="138.292162">
        <ele>871.2635878326379</ele>
      </trkpt>
      <trkpt lat="36.873772" lon="138.292182">
        <ele>871.3567945882687</ele>
      </trkpt>
      <trkpt lat="36.873777" lon="138.292223">
        <ele>871.6639236976282</ele>
      </trkpt>
      <trkpt lat="36.873782" lon="138.292246">
        <ele>871.8579430726438</ele>
      </trkpt>
      <trkpt lat="36.873788" lon="138.292264">
        <ele>872.0830844492657</ele>
      </trkpt>
      <trkpt lat="36.873796" lon="138.292281">
        <ele>872.3825254071043</ele>
      </trkpt>
      <trkpt lat="36.873804" lon="138.292315">
        <ele>872.7197178031251</ele>
      </trkpt>
      <trkpt lat="36.873809" lon="138.292332">
        <ele>872.9252546917947</ele>
      </trkpt>
      <trkpt lat="36.873811" lon="138.292348">
        <ele>873.0239839107408</ele>
      </trkpt>
      <trkpt lat="36.873816" lon="138.292365">
        <ele>873.2247017205636</ele>
      </trkpt>
      <trkpt lat="36.873819" lon="138.292387">
        <ele>873.3554847020894</ele>
      </trkpt>
      <trkpt lat="36.873826" lon="138.29241">
        <ele>873.5997190937168</ele>
      </trkpt>
      <trkpt lat="36.873835" lon="138.292449">
        <ele>873.9086338661755</ele>
      </trkpt>
      <trkpt lat="36.873839" lon="138.292486">
        <ele>874.0761442050501</ele>
      </trkpt>
      <trkpt lat="36.873838" lon="138.292505">
        <ele>874.0768099357279</ele>
      </trkpt>
      <trkpt lat="36.873827" lon="138.292533">
        <ele>873.7968207729202</ele>
      </trkpt>
      <trkpt lat="36.873816" lon="138.292552">
        <ele>873.5174870295705</ele>
      </trkpt>
      <trkpt lat="36.873795" lon="138.292575">
        <ele>873.0092720221006</ele>
      </trkpt>
      <trkpt lat="36.873787" lon="138.292594">
        <ele>872.8672806652851</ele>
      </trkpt>
      <trkpt lat="36.873772" lon="138.292609">
        <ele>872.5512212276143</ele>
      </trkpt>
      <trkpt lat="36.873755" lon="138.292629">
        <ele>872.2255383517526</ele>
      </trkpt>
      <trkpt lat="36.873743" lon="138.292646">
        <ele>872.0435182125314</ele>
      </trkpt>
      <trkpt lat="36.873743" lon="138.292665">
        <ele>872.1984744437509</ele>
      </trkpt>
      <trkpt lat="36.873736" lon="138.2927">
        <ele>872.3106051050829</ele>
      </trkpt>
      <trkpt lat="36.873733" lon="138.292719">
        <ele>872.3912834722317</ele>
      </trkpt>
      <trkpt lat="36.873727" lon="138.292771">
        <ele>872.8356321441477</ele>
      </trkpt>
      <trkpt lat="36.873724" lon="138.292792">
        <ele>873.006022021873</ele>
      </trkpt>
      <trkpt lat="36.873715" lon="138.292807">
        <ele>872.9608226034017</ele>
      </trkpt>
      <trkpt lat="36.873694" lon="138.292847">
        <ele>873.0881637777526</ele>
      </trkpt>
      <trkpt lat="36.873688" lon="138.292863">
        <ele>873.1879107003715</ele>
      </trkpt>
      <trkpt lat="36.873683" lon="138.292885">
        <ele>873.3949609427099</ele>
      </trkpt>
      <trkpt lat="36.873676" lon="138.292908">
        <ele>873.6041242066356</ele>
      </trkpt>
      <trkpt lat="36.873672" lon="138.292932">
        <ele>873.9206350811875</ele>
      </trkpt>
      <trkpt lat="36.873644" lon="138.292973">
        <ele>873.9202785807984</ele>
      </trkpt>
      <trkpt lat="36.873622" lon="138.292996">
        <ele>873.9133690796089</ele>
      </trkpt>
      <trkpt lat="36.873605" lon="138.293017">
        <ele>873.9485189461524</ele>
      </trkpt>
      <trkpt lat="36.873592" lon="138.293037">
        <ele>874.0178363933387</ele>
      </trkpt>
      <trkpt lat="36.873554" lon="138.293077">
        <ele>873.9112306088291</ele>
      </trkpt>
      <trkpt lat="36.873541" lon="138.2931">
        <ele>874.0156984225994</ele>
      </trkpt>
      <trkpt lat="36.873524" lon="138.293147">
        <ele>874.3550457679181</ele>
      </trkpt>
      <trkpt lat="36.873522" lon="138.293174">
        <ele>874.7287246129866</ele>
      </trkpt>
      <trkpt lat="36.873521" lon="138.293199">
        <ele>875.0969544130928</ele>
      </trkpt>
      <trkpt lat="36.873528" lon="138.293223">
        <ele>875.6623791156661</ele>
      </trkpt>
      <trkpt lat="36.873531" lon="138.293249">
        <ele>876.1647542644087</ele>
      </trkpt>
      <trkpt lat="36.873527" lon="138.293277">
        <ele>876.5000934485385</ele>
      </trkpt>
      <trkpt lat="36.873529" lon="138.293318">
        <ele>877.2200994716345</ele>
      </trkpt>
      <trkpt lat="36.873537" lon="138.293343">
        <ele>877.8872057076359</ele>
      </trkpt>
      <trkpt lat="36.873544" lon="138.293367">
        <ele>878.5234912409924</ele>
      </trkpt>
      <trkpt lat="36.873546" lon="138.293412">
        <ele>879.3545880247626</ele>
      </trkpt>
      <trkpt lat="36.873541" lon="138.293443">
        <ele>879.6702871678525</ele>
      </trkpt>
      <trkpt lat="36.873523" lon="138.29346">
        <ele>879.2264665272832</ele>
      </trkpt>
      <trkpt lat="36.873515" lon="138.293482">
        <ele>879.2227358737473</ele>
      </trkpt>
      <trkpt lat="36.873515" lon="138.293498">
        <ele>879.4483418336807</ele>
      </trkpt>
      <trkpt lat="36.873518" lon="138.29352">
        <ele>879.8663989022654</ele>
      </trkpt>
      <trkpt lat="36.873523" lon="138.293534">
        <ele>880.2725908547463</ele>
      </trkpt>
      <trkpt lat="36.873524" lon="138.29356">
        <ele>880.6685559522239</ele>
      </trkpt>
      <trkpt lat="36.873528" lon="138.293597">
        <ele>881.3077984811911</ele>
      </trkpt>
      <trkpt lat="36.873519" lon="138.293612">
        <ele>881.0275595655903</ele>
      </trkpt>
      <trkpt lat="36.873511" lon="138.293623">
        <ele>880.7411658522395</ele>
      </trkpt>
      <trkpt lat="36.873496" lon="138.293638">
        <ele>880.1384261275809</ele>
      </trkpt>
      <trkpt lat="36.873478" lon="138.293654">
        <ele>879.3703772537298</ele>
      </trkpt>
      <trkpt lat="36.87346" lon="138.293669">
        <ele>878.5618814308889</ele>
      </trkpt>
      <trkpt lat="36.873426" lon="138.293699">
        <ele>876.9950772851366</ele>
      </trkpt>
      <trkpt lat="36.873403" lon="138.293713">
        <ele>875.9406086543117</ele>
      </trkpt>
      <trkpt lat="36.873382" lon="138.293733">
        <ele>874.9526297654445</ele>
      </trkpt>
      <trkpt lat="36.873359" lon="138.293774">
        <ele>873.9276677869648</ele>
      </trkpt>
      <trkpt lat="36.873352" lon="138.293796">
        <ele>873.6114589527083</ele>
      </trkpt>
      <trkpt lat="36.873342" lon="138.293822">
        <ele>873.1410096394068</ele>
      </trkpt>
      <trkpt lat="36.873338" lon="138.293846">
        <ele>872.9258267358465</ele>
      </trkpt>
      <trkpt lat="36.873328" lon="138.293891">
        <ele>872.4035715741798</ele>
      </trkpt>
      <trkpt lat="36.873326" lon="138.293906">
        <ele>872.2859521424664</ele>
      </trkpt>
      <trkpt lat="36.873323" lon="138.293921">
        <ele>872.1183476671406</ele>
      </trkpt>
      <trkpt lat="36.87332" lon="138.293946">
        <ele>871.9433004492665</ele>
      </trkpt>
      <trkpt lat="36.873318" lon="138.293983">
        <ele>871.8040685528896</ele>
      </trkpt>
      <trkpt lat="36.873321" lon="138.293997">
        <ele>871.9319430289797</ele>
      </trkpt>
      <trkpt lat="36.873331" lon="138.294025">
        <ele>872.3589564378493</ele>
      </trkpt>
      <trkpt lat="36.873353" lon="138.294066">
        <ele>873.3522575878483</ele>
      </trkpt>
      <trkpt lat="36.873364" lon="138.294084">
        <ele>873.8755150706882</ele>
      </trkpt>
      <trkpt lat="36.873391" lon="138.294127">
        <ele>875.1147144061371</ele>
      </trkpt>
      <trkpt lat="36.873405" lon="138.294147">
        <ele>875.7517732148406</ele>
      </trkpt>
      <trkpt lat="36.873442" lon="138.294178">
        <ele>877.5701814251581</ele>
      </trkpt>
      <trkpt lat="36.87346" lon="138.294197">
        <ele>878.3657404268117</ele>
      </trkpt>
      <trkpt lat="36.873496" lon="138.294233">
        <ele>879.8743430504102</ele>
      </trkpt>
      <trkpt lat="36.873524" lon="138.294267">
        <ele>880.8249682727949</ele>
      </trkpt>
      <trkpt lat="36.873556" lon="138.294297">
        <ele>881.6813689695022</ele>
      </trkpt>
      <trkpt lat="36.87359" lon="138.294325">
        <ele>882.586512345325</ele>
      </trkpt>
      <trkpt lat="36.873602" lon="138.294344">
        <ele>882.615708193477</ele>
      </trkpt>
      <trkpt lat="36.873614" lon="138.29436">
        <ele>882.679373527847</ele>
      </trkpt>
      <trkpt lat="36.873632" lon="138.294377">
        <ele>882.9201011785743</ele>
      </trkpt>
      <trkpt lat="36.873669" lon="138.294413">
        <ele>883.2199400393074</ele>
      </trkpt>
      <trkpt lat="36.87368" lon="138.29443">
        <ele>883.0575753997314</ele>
      </trkpt>
      <trkpt lat="36.873698" lon="138.294446">
        <ele>883.1409432292833</ele>
      </trkpt>
      <trkpt lat="36.873742" lon="138.294469">
        <ele>883.815575651454</ele>
      </trkpt>
      <trkpt lat="36.873778" lon="138.294482">
        <ele>884.6129173878134</ele>
      </trkpt>
      <trkpt lat="36.87379" lon="138.294486">
        <ele>884.8808574054149</ele>
      </trkpt>
      <trkpt lat="36.873804" lon="138.294488">
        <ele>885.2831241969348</ele>
      </trkpt>
      <trkpt lat="36.87382" lon="138.294495">
        <ele>885.56259585459</ele>
      </trkpt>
      <trkpt lat="36.87383" lon="138.294495">
        <ele>885.9113571131566</ele>
      </trkpt>
      <trkpt lat="36.873839" lon="138.294487">
        <ele>886.529327210042</ele>
      </trkpt>
      <trkpt lat="36.873853" lon="138.29448">
        <ele>887.2729771667333</ele>
      </trkpt>
      <trkpt lat="36.873868" lon="138.294477">
        <ele>887.8942684870958</ele>
      </trkpt>
      <trkpt lat="36.873898" lon="138.294478">
        <ele>888.8780566696939</ele>
      </trkpt>
      <trkpt lat="36.873924" lon="138.294475">
        <ele>889.8574455137625</ele>
      </trkpt>
      <trkpt lat="36.873938" lon="138.294476">
        <ele>890.2577072395452</ele>
      </trkpt>
      <trkpt lat="36.87397" lon="138.294493">
        <ele>890.7167697571376</ele>
      </trkpt>
      <trkpt lat="36.873988" lon="138.294503">
        <ele>890.9860208442351</ele>
      </trkpt>
      <trkpt lat="36.87401" lon="138.294511">
        <ele>891.4072798986659</ele>
      </trkpt>
      <trkpt lat="36.874028" lon="138.294516">
        <ele>891.8029025453138</ele>
      </trkpt>
      <trkpt lat="36.87404" lon="138.294514">
        <ele>892.2198936946401</ele>
      </trkpt>
      <trkpt lat="36.874056" lon="138.29451">
        <ele>892.8080330083404</ele>
      </trkpt>
      <trkpt lat="36.87407" lon="138.294505">
        <ele>893.3061920442021</ele>
      </trkpt>
      <trkpt lat="36.874076" lon="138.294493">
        <ele>893.7632288552473</ele>
      </trkpt>
      <trkpt lat="36.874076" lon="138.294482">
        <ele>894.0455130964663</ele>
      </trkpt>
      <trkpt lat="36.87408" lon="138.294469">
        <ele>894.4687413577533</ele>
      </trkpt>
      <trkpt lat="36.874086" lon="138.294449">
        <ele>895.1028399000139</ele>
      </trkpt>
      <trkpt lat="36.874092" lon="138.294437">
        <ele>895.5131197383846</ele>
      </trkpt>
      <trkpt lat="36.874094" lon="138.294421">
        <ele>895.870435189209</ele>
      </trkpt>
      <trkpt lat="36.874092" lon="138.294406">
        <ele>896.1288154593431</ele>
      </trkpt>
      <trkpt lat="36.874086" lon="138.294391">
        <ele>896.3142304423284</ele>
      </trkpt>
      <trkpt lat="36.874096" lon="138.294379">
        <ele>896.7384391158369</ele>
      </trkpt>
      <trkpt lat="36.874106" lon="138.294369">
        <ele>897.1157307795226</ele>
      </trkpt>
      <trkpt lat="36.874115" lon="138.294353">
        <ele>897.5814651070325</ele>
      </trkpt>
      <trkpt lat="36.874114" lon="138.294338">
        <ele>897.8018505457052</ele>
      </trkpt>
      <trkpt lat="36.87412" lon="138.294317">
        <ele>898.2285432083933</ele>
      </trkpt>
      <trkpt lat="36.874129" lon="138.294307">
        <ele>898.5170934173273</ele>
      </trkpt>
      <trkpt lat="36.874161" lon="138.294296">
        <ele>899.0717425065238</ele>
      </trkpt>
      <trkpt lat="36.874177" lon="138.294279">
        <ele>899.5091944361264</ele>
      </trkpt>
      <trkpt lat="36.874193" lon="138.294267">
        <ele>899.8657197362186</ele>
      </trkpt>
      <trkpt lat="36.874198" lon="138.294255">
        <ele>900.0555710037254</ele>
      </trkpt>
      <trkpt lat="36.874207" lon="138.294228">
        <ele>900.4225755583509</ele>
      </trkpt>
      <trkpt lat="36.874244" lon="138.294191">
        <ele>901.0692096368422</ele>
      </trkpt>
      <trkpt lat="36.874263" lon="138.294171">
        <ele>901.4003052997415</ele>
      </trkpt>
      <trkpt lat="36.87429" lon="138.29415">
        <ele>901.7551328924255</ele>
      </trkpt>
      <trkpt lat="36.8743" lon="138.294146">
        <ele>901.8485269060586</ele>
      </trkpt>
      <trkpt lat="36.874308" lon="138.29414">
        <ele>901.9556101417246</ele>
      </trkpt>
      <trkpt lat="36.874318" lon="138.294133">
        <ele>902.0860646621034</ele>
      </trkpt>
      <trkpt lat="36.87434" lon="138.29413">
        <ele>902.2445264355963</ele>
      </trkpt>
      <trkpt lat="36.874362" lon="138.294134">
        <ele>902.3435306610241</ele>
      </trkpt>
      <trkpt lat="36.874375" lon="138.294129">
        <ele>902.4915544208277</ele>
      </trkpt>
      <trkpt lat="36.874393" lon="138.294122">
        <ele>902.7011255082873</ele>
      </trkpt>
      <trkpt lat="36.874437" lon="138.294101">
        <ele>903.3837696442768</ele>
      </trkpt>
      <trkpt lat="36.874455" lon="138.294096">
        <ele>903.6342787788219</ele>
      </trkpt>
      <trkpt lat="36.874482" lon="138.294085">
        <ele>904.0858662958035</ele>
      </trkpt>
      <trkpt lat="36.874495" lon="138.294074">
        <ele>904.4109631810376</ele>
      </trkpt>
      <trkpt lat="36.874509" lon="138.294055">
        <ele>904.8727717088785</ele>
      </trkpt>
      <trkpt lat="36.874529" lon="138.294036">
        <ele>905.4434991569614</ele>
      </trkpt>
      <trkpt lat="36.874538" lon="138.294034">
        <ele>905.6099581193906</ele>
      </trkpt>
      <trkpt lat="36.874548" lon="138.294029">
        <ele>905.8535566267274</ele>
      </trkpt>
      <trkpt lat="36.874566" lon="138.294019">
        <ele>906.3182836827084</ele>
      </trkpt>
      <trkpt lat="36.874575" lon="138.294009">
        <ele>906.6302917886877</ele>
      </trkpt>
      <trkpt lat="36.874583" lon="138.293998">
        <ele>906.9321032104689</ele>
      </trkpt>
      <trkpt lat="36.874584" lon="138.293984">
        <ele>907.1559962222857</ele>
      </trkpt>
      <trkpt lat="36.874588" lon="138.293971">
        <ele>907.4200437919502</ele>
      </trkpt>
      <trkpt lat="36.874581" lon="138.293958">
        <ele>907.4838689220383</ele>
      </trkpt>
      <trkpt lat="36.874566" lon="138.293954">
        <ele>907.2661270646846</ele>
      </trkpt>
      <trkpt lat="36.874568" lon="138.293934">
        <ele>907.5921424356103</ele>
      </trkpt>
      <trkpt lat="36.874563" lon="138.293916">
        <ele>907.7375916765093</ele>
      </trkpt>
      <trkpt lat="36.874557" lon="138.293884">
        <ele>908.0052498093128</ele>
      </trkpt>
      <trkpt lat="36.874543" lon="138.293864">
        <ele>907.9646625349144</ele>
      </trkpt>
      <trkpt lat="36.874545" lon="138.293848">
        <ele>908.1923741196741</ele>
      </trkpt>
      <trkpt lat="36.874531" lon="138.293832">
        <ele>908.0985601902798</ele>
      </trkpt>
      <trkpt lat="36.874516" lon="138.293794">
        <ele>908.1959428697063</ele>
      </trkpt>
      <trkpt lat="36.874513" lon="138.293772">
        <ele>908.3575185130142</ele>
      </trkpt>
      <trkpt lat="36.874518" lon="138.29375">
        <ele>908.6678940053766</ele>
      </trkpt>
      <trkpt lat="36.874518" lon="138.29373">
        <ele>908.7769680632869</ele>
      </trkpt>
      <trkpt lat="36.874524" lon="138.293718">
        <ele>908.9682836484612</ele>
      </trkpt>
      <trkpt lat="36.874526" lon="138.293706">
        <ele>909.0773141403827</ele>
      </trkpt>
      <trkpt lat="36.874521" lon="138.293686">
        <ele>909.0814955694573</ele>
      </trkpt>
      <trkpt lat="36.874523" lon="138.293654">
        <ele>909.2419352530271</ele>
      </trkpt>
      <trkpt lat="36.874522" lon="138.293626">
        <ele>909.2439854533944</ele>
      </trkpt>
      <trkpt lat="36.874511" lon="138.293596">
        <ele>909.0162867745128</ele>
      </trkpt>
      <trkpt lat="36.87451" lon="138.293572">
        <ele>908.9355478175235</ele>
      </trkpt>
      <trkpt lat="36.874503" lon="138.293538">
        <ele>908.5123862914493</ele>
      </trkpt>
      <trkpt lat="36.874499" lon="138.293526">
        <ele>908.3240390837805</ele>
      </trkpt>
      <trkpt lat="36.874493" lon="138.29351">
        <ele>908.0540367907769</ele>
      </trkpt>
      <trkpt lat="36.874492" lon="138.293492">
        <ele>907.8742557092179</ele>
      </trkpt>
      <trkpt lat="36.8745" lon="138.293484">
        <ele>907.9741394161354</ele>
      </trkpt>
      <trkpt lat="36.874512" lon="138.293478">
        <ele>908.2007837856778</ele>
      </trkpt>
      <trkpt lat="36.874534" lon="138.29347">
        <ele>908.6578981061676</ele>
      </trkpt>
      <trkpt lat="36.874546" lon="138.29347">
        <ele>908.9627432348941</ele>
      </trkpt>
      <trkpt lat="36.874561" lon="138.293468">
        <ele>909.3250839360282</ele>
      </trkpt>
      <trkpt lat="36.874577" lon="138.293466">
        <ele>909.7152107713234</ele>
      </trkpt>
      <trkpt lat="36.87459" lon="138.293464">
        <ele>910.0300566579465</ele>
      </trkpt>
      <trkpt lat="36.874612" lon="138.29346">
        <ele>910.5521289896227</ele>
      </trkpt>
      <trkpt lat="36.874629" lon="138.293468">
        <ele>911.0228475969293</ele>
      </trkpt>
      <trkpt lat="36.874645" lon="138.293472">
        <ele>911.4329804543415</ele>
      </trkpt>
      <trkpt lat="36.874662" lon="138.293486">
        <ele>911.9596232861293</ele>
      </trkpt>
      <trkpt lat="36.874679" lon="138.293508">
        <ele>912.4809738462803</ele>
      </trkpt>
      <trkpt lat="36.874702" lon="138.29353">
        <ele>913.0268453329347</ele>
      </trkpt>
      <trkpt lat="36.874712" lon="138.293544">
        <ele>913.2796814946931</ele>
      </trkpt>
      <trkpt lat="36.874748" lon="138.293558">
        <ele>914.0542568499669</ele>
      </trkpt>
      <trkpt lat="36.874767" lon="138.293566">
        <ele>914.3911686942506</ele>
      </trkpt>
      <trkpt lat="36.874782" lon="138.293568">
        <ele>914.641067874664</ele>
      </trkpt>
      <trkpt lat="36.8748" lon="138.293575">
        <ele>914.9514572941335</ele>
      </trkpt>
      <trkpt lat="36.874821" lon="138.29358">
        <ele>915.291743291565</ele>
      </trkpt>
      <trkpt lat="36.874858" lon="138.293584">
        <ele>915.8167252119276</ele>
      </trkpt>
      <trkpt lat="36.874868" lon="138.29359">
        <ele>915.9284584382438</ele>
      </trkpt>
      <trkpt lat="36.87488" lon="138.293588">
        <ele>916.1129436666606</ele>
      </trkpt>
      <trkpt lat="36.874876" lon="138.293578">
        <ele>916.0911576038565</ele>
      </trkpt>
      <trkpt lat="36.87488" lon="138.293555">
        <ele>916.1215712080663</ele>
      </trkpt>
      <trkpt lat="36.874885" lon="138.293535">
        <ele>916.1712960305401</ele>
      </trkpt>
      <trkpt lat="36.87488" lon="138.293522">
        <ele>916.0813274961831</ele>
      </trkpt>
      <trkpt lat="36.87486" lon="138.29352">
        <ele>915.7668933578854</ele>
      </trkpt>
      <trkpt lat="36.874843" lon="138.293513">
        <ele>915.4887660821145</ele>
      </trkpt>
      <trkpt lat="36.874833" lon="138.293504">
        <ele>915.31342737283</ele>
      </trkpt>
      <trkpt lat="36.874826" lon="138.293493">
        <ele>915.1712211026536</ele>
      </trkpt>
      <trkpt lat="36.874819" lon="138.293481">
        <ele>914.9898174296127</ele>
      </trkpt>
      <trkpt lat="36.874809" lon="138.293443">
        <ele>914.5941802228169</ele>
      </trkpt>
      <trkpt lat="36.874803" lon="138.293411">
        <ele>914.2913198462161</ele>
      </trkpt>
      <trkpt lat="36.874808" lon="138.293395">
        <ele>914.2072840971855</ele>
      </trkpt>
      <trkpt lat="36.874811" lon="138.293375">
        <ele>914.0305953187572</ele>
      </trkpt>
      <trkpt lat="36.874811" lon="138.293358">
        <ele>913.8315077396898</ele>
      </trkpt>
      <trkpt lat="36.874812" lon="138.293331">
        <ele>913.5355731278604</ele>
      </trkpt>
      <trkpt lat="36.874818" lon="138.293307">
        <ele>913.2736310448527</ele>
      </trkpt>
      <trkpt lat="36.874831" lon="138.293274">
        <ele>912.9498338281724</ele>
      </trkpt>
      <trkpt lat="36.874851" lon="138.293257">
        <ele>913.0569262573714</ele>
      </trkpt>
      <trkpt lat="36.874869" lon="138.293237">
        <ele>913.09575639247</ele>
      </trkpt>
      <trkpt lat="36.874873" lon="138.293211">
        <ele>912.6276013599578</ele>
      </trkpt>
      <trkpt lat="36.874872" lon="138.293193">
        <ele>912.2258477457933</ele>
      </trkpt>
      <trkpt lat="36.874881" lon="138.293183">
        <ele>912.2060952413588</ele>
      </trkpt>
      <trkpt lat="36.874886" lon="138.29317">
        <ele>912.0325376689128</ele>
      </trkpt>
      <trkpt lat="36.874898" lon="138.293159">
        <ele>912.0281237582685</ele>
      </trkpt>
      <trkpt lat="36.874913" lon="138.293155">
        <ele>912.2284493145197</ele>
      </trkpt>
      <trkpt lat="36.874927" lon="138.293156">
        <ele>912.5130048291813</ele>
      </trkpt>
      <trkpt lat="36.874953" lon="138.29316">
        <ele>913.0842556880946</ele>
      </trkpt>
      <trkpt lat="36.874968" lon="138.293174">
        <ele>913.6614950872637</ele>
      </trkpt>
      <trkpt lat="36.874979" lon="138.293183">
        <ele>914.0557694920435</ele>
      </trkpt>
      <trkpt lat="36.874992" lon="138.293196">
        <ele>914.5626040467153</ele>
      </trkpt>
      <trkpt lat="36.874998" lon="138.293205">
        <ele>914.8516640862537</ele>
      </trkpt>
      <trkpt lat="36.875004" lon="138.293216">
        <ele>915.1767350910301</ele>
      </trkpt>
      <trkpt lat="36.875022" lon="138.293244">
        <ele>916.0065010964554</ele>
      </trkpt>
      <trkpt lat="36.875043" lon="138.293263">
        <ele>916.6075346497868</ele>
      </trkpt>
      <trkpt lat="36.875054" lon="138.293266">
        <ele>916.8318053075744</ele>
      </trkpt>
      <trkpt lat="36.875064" lon="138.293279">
        <ele>917.15879238005</ele>
      </trkpt>
      <trkpt lat="36.875073" lon="138.293289">
        <ele>917.4290351855507</ele>
      </trkpt>
      <trkpt lat="36.87508" lon="138.293301">
        <ele>917.6869630371693</ele>
      </trkpt>
      <trkpt lat="36.875095" lon="138.293313">
        <ele>918.0801020313226</ele>
      </trkpt>
      <trkpt lat="36.875114" lon="138.293328">
        <ele>918.5683416456889</ele>
      </trkpt>
      <trkpt lat="36.875158" lon="138.293351">
        <ele>919.4949476739885</ele>
      </trkpt>
      <trkpt lat="36.875171" lon="138.293362">
        <ele>919.8094664993464</ele>
      </trkpt>
      <trkpt lat="36.87518" lon="138.293369">
        <ele>920.0202968556745</ele>
      </trkpt>
      <trkpt lat="36.875189" lon="138.293376">
        <ele>920.2289891443052</ele>
      </trkpt>
      <trkpt lat="36.875198" lon="138.293391">
        <ele>920.4860165786392</ele>
      </trkpt>
      <trkpt lat="36.875197" lon="138.293403">
        <ele>920.5441412091229</ele>
      </trkpt>
      <trkpt lat="36.875205" lon="138.293421">
        <ele>920.7512685301721</ele>
      </trkpt>
      <trkpt lat="36.875222" lon="138.29343">
        <ele>921.0693572594788</ele>
      </trkpt>
      <trkpt lat="36.875237" lon="138.293434">
        <ele>921.3779099690197</ele>
      </trkpt>
      <trkpt lat="36.875258" lon="138.293435">
        <ele>921.8203857302564</ele>
      </trkpt>
      <trkpt lat="36.87528" lon="138.293432">
        <ele>922.2803196880219</ele>
      </trkpt>
      <trkpt lat="36.875311" lon="138.293429">
        <ele>922.9689741116022</ele>
      </trkpt>
      <trkpt lat="36.875326" lon="138.29343">
        <ele>923.3185242503886</ele>
      </trkpt>
      <trkpt lat="36.875348" lon="138.293436">
        <ele>923.8311979107566</ele>
      </trkpt>
      <trkpt lat="36.875365" lon="138.29344">
        <ele>924.2301637240743</ele>
      </trkpt>
      <trkpt lat="36.875387" lon="138.293443">
        <ele>924.7942990661921</ele>
      </trkpt>
      <trkpt lat="36.875397" lon="138.293446">
        <ele>925.049062656823</ele>
      </trkpt>
      <trkpt lat="36.875406" lon="138.293465">
        <ele>925.265814347446</ele>
      </trkpt>
      <trkpt lat="36.875415" lon="138.293483">
        <ele>925.4776310371351</ele>
      </trkpt>
      <trkpt lat="36.875431" lon="138.293505">
        <ele>925.8174404136385</ele>
      </trkpt>
      <trkpt lat="36.875443" lon="138.29352">
        <ele>926.0555384179856</ele>
      </trkpt>
      <trkpt lat="36.875454" lon="138.293529">
        <ele>926.294055844061</ele>
      </trkpt>
      <trkpt lat="36.875473" lon="138.293544">
        <ele>926.7010438527087</ele>
      </trkpt>
      <trkpt lat="36.87548" lon="138.293555">
        <ele>926.8186261714691</ele>
      </trkpt>
      <trkpt lat="36.875487" lon="138.293563">
        <ele>926.9503514501031</ele>
      </trkpt>
      <trkpt lat="36.875495" lon="138.293578">
        <ele>927.0650579162372</ele>
      </trkpt>
      <trkpt lat="36.875505" lon="138.293587">
        <ele>927.2112887349612</ele>
      </trkpt>
      <trkpt lat="36.875514" lon="138.293594">
        <ele>927.3338185235013</ele>
      </trkpt>
      <trkpt lat="36.875521" lon="138.293601">
        <ele>927.4053689652078</ele>
      </trkpt>
      <trkpt lat="36.87553" lon="138.293618">
        <ele>927.3791536774414</ele>
      </trkpt>
      <trkpt lat="36.875543" lon="138.293632">
        <ele>927.4871944249621</ele>
      </trkpt>
      <trkpt lat="36.875556" lon="138.293646">
        <ele>927.5890584997004</ele>
      </trkpt>
      <trkpt lat="36.875569" lon="138.293659">
        <ele>927.6998783420754</ele>
      </trkpt>
      <trkpt lat="36.875576" lon="138.293671">
        <ele>927.6716617327654</ele>
      </trkpt>
      <trkpt lat="36.875586" lon="138.29369">
        <ele>927.5726468921644</ele>
      </trkpt>
      <trkpt lat="36.875592" lon="138.293678">
        <ele>927.9221826435073</ele>
      </trkpt>
      <trkpt lat="36.875589" lon="138.293665">
        <ele>928.0745780523762</ele>
      </trkpt>
      <trkpt lat="36.87558" lon="138.293651">
        <ele>928.0747515097972</ele>
      </trkpt>
      <trkpt lat="36.875575" lon="138.293631">
        <ele>928.2607371109575</ele>
      </trkpt>
      <trkpt lat="36.875567" lon="138.293625">
        <ele>928.1663545632779</ele>
      </trkpt>
      <trkpt lat="36.875554" lon="138.293609">
        <ele>928.0922269410443</ele>
      </trkpt>
      <trkpt lat="36.875543" lon="138.293595">
        <ele>928.030770557113</ele>
      </trkpt>
      <trkpt lat="36.87554" lon="138.293573">
        <ele>928.2086927646783</ele>
      </trkpt>
      <trkpt lat="36.875538" lon="138.293542">
        <ele>928.3397611076722</ele>
      </trkpt>
      <trkpt lat="36.875538" lon="138.293522">
        <ele>928.4562695519777</ele>
      </trkpt>
      <trkpt lat="36.875539" lon="138.2935">
        <ele>928.6091887141589</ele>
      </trkpt>
      <trkpt lat="36.875541" lon="138.293481">
        <ele>928.6963860166043</ele>
      </trkpt>
      <trkpt lat="36.875547" lon="138.293466">
        <ele>928.8580604516168</ele>
      </trkpt>
      <trkpt lat="36.875557" lon="138.293445">
        <ele>929.1305142818379</ele>
      </trkpt>
      <trkpt lat="36.875569" lon="138.293413">
        <ele>929.4746962641085</ele>
      </trkpt>
      <trkpt lat="36.875573" lon="138.29339">
        <ele>929.4806889808584</ele>
      </trkpt>
      <trkpt lat="36.875576" lon="138.293373">
        <ele>929.4697761958273</ele>
      </trkpt>
      <trkpt lat="36.875572" lon="138.293359">
        <ele>929.3151980224958</ele>
      </trkpt>
      <trkpt lat="36.875576" lon="138.293346">
        <ele>929.3467855055294</ele>
      </trkpt>
      <trkpt lat="36.875577" lon="138.293329">
        <ele>929.2925573000874</ele>
      </trkpt>
      <trkpt lat="36.875575" lon="138.29331">
        <ele>929.127768595943</ele>
      </trkpt>
      <trkpt lat="36.87557" lon="138.293295">
        <ele>928.9052967495496</ele>
      </trkpt>
      <trkpt lat="36.875573" lon="138.293274">
        <ele>928.8309966968695</ele>
      </trkpt>
      <trkpt lat="36.875569" lon="138.293255">
        <ele>928.5999343496283</ele>
      </trkpt>
      <trkpt lat="36.875573" lon="138.293235">
        <ele>928.5512383573342</ele>
      </trkpt>
      <trkpt lat="36.875579" lon="138.293217">
        <ele>928.5172181935263</ele>
      </trkpt>
      <trkpt lat="36.87558" lon="138.2932">
        <ele>928.3703043153657</ele>
      </trkpt>
      <trkpt lat="36.875578" lon="138.293185">
        <ele>928.1651121053034</ele>
      </trkpt>
      <trkpt lat="36.875574" lon="138.293171">
        <ele>927.914112951097</ele>
      </trkpt>
      <trkpt lat="36.875579" lon="138.293135">
        <ele>927.6607073976002</ele>
      </trkpt>
      <trkpt lat="36.87559" lon="138.293126">
        <ele>927.8664812436807</ele>
      </trkpt>
      <trkpt lat="36.875605" lon="138.293118">
        <ele>928.1997257625137</ele>
      </trkpt>
      <trkpt lat="36.875611" lon="138.293109">
        <ele>928.2706434663053</ele>
      </trkpt>
      <trkpt lat="36.875618" lon="138.293096">
        <ele>928.3286145350354</ele>
      </trkpt>
      <trkpt lat="36.875627" lon="138.293075">
        <ele>928.3619140991142</ele>
      </trkpt>
      <trkpt lat="36.87563" lon="138.293058">
        <ele>928.2482937810973</ele>
      </trkpt>
      <trkpt lat="36.87564" lon="138.293047">
        <ele>928.404145204364</ele>
      </trkpt>
      <trkpt lat="36.87565" lon="138.29303">
        <ele>928.5052442973551</ele>
      </trkpt>
      <trkpt lat="36.875654" lon="138.293018">
        <ele>928.4850137515771</ele>
      </trkpt>
      <trkpt lat="36.875658" lon="138.292995">
        <ele>928.334359143587</ele>
      </trkpt>
      <trkpt lat="36.875667" lon="138.292978">
        <ele>928.4273617113722</ele>
      </trkpt>
      <trkpt lat="36.875665" lon="138.292961">
        <ele>928.1378479160373</ele>
      </trkpt>
      <trkpt lat="36.875675" lon="138.292954">
        <ele>928.3901617170532</ele>
      </trkpt>
      <trkpt lat="36.875687" lon="138.292961">
        <ele>928.8891506211555</ele>
      </trkpt>
      <trkpt lat="36.875701" lon="138.292979">
        <ele>929.5807084491196</ele>
      </trkpt>
      <trkpt lat="36.87571" lon="138.292992">
        <ele>930.0153855258559</ele>
      </trkpt>
      <trkpt lat="36.875719" lon="138.292996">
        <ele>930.3430997793721</ele>
      </trkpt>
      <trkpt lat="36.875731" lon="138.293015">
        <ele>930.9159198221219</ele>
      </trkpt>
      <trkpt lat="36.875739" lon="138.293024">
        <ele>931.2570366154448</ele>
      </trkpt>
      <trkpt lat="36.875753" lon="138.293037">
        <ele>931.821416266022</ele>
      </trkpt>
      <trkpt lat="36.875763" lon="138.293053">
        <ele>932.2848010527506</ele>
      </trkpt>
      <trkpt lat="36.875777" lon="138.293067">
        <ele>932.8446611640968</ele>
      </trkpt>
      <trkpt lat="36.875783" lon="138.293089">
        <ele>933.1622805950395</ele>
      </trkpt>
      <trkpt lat="36.875785" lon="138.293102">
        <ele>933.2992826453785</ele>
      </trkpt>
      <trkpt lat="36.875799" lon="138.293124">
        <ele>933.8588201092605</ele>
      </trkpt>
      <trkpt lat="36.875801" lon="138.293135">
        <ele>933.9803097466477</ele>
      </trkpt>
      <trkpt lat="36.8758" lon="138.29315">
        <ele>934.0306550865646</ele>
      </trkpt>
      <trkpt lat="36.875805" lon="138.293175">
        <ele>934.3055077360265</ele>
      </trkpt>
      <trkpt lat="36.875813" lon="138.293186">
        <ele>934.5940962857338</ele>
      </trkpt>
      <trkpt lat="36.875825" lon="138.293205">
        <ele>935.0261672657032</ele>
      </trkpt>
      <trkpt lat="36.87583" lon="138.29322">
        <ele>935.2298592003597</ele>
      </trkpt>
      <trkpt lat="36.875836" lon="138.293235">
        <ele>935.4562244871888</ele>
      </trkpt>
      <trkpt lat="36.87585" lon="138.293256">
        <ele>935.9045729004788</ele>
      </trkpt>
      <trkpt lat="36.87586" lon="138.29327">
        <ele>936.2284890932974</ele>
      </trkpt>
      <trkpt lat="36.875871" lon="138.293305">
        <ele>936.6304682595669</ele>
      </trkpt>
      <trkpt lat="36.875886" lon="138.293329">
        <ele>937.1130781303804</ele>
      </trkpt>
      <trkpt lat="36.875897" lon="138.293337">
        <ele>937.4346637999479</ele>
      </trkpt>
      <trkpt lat="36.875912" lon="138.293358">
        <ele>937.8685653055077</ele>
      </trkpt>
      <trkpt lat="36.875917" lon="138.293374">
        <ele>938.0192463281578</ele>
      </trkpt>
      <trkpt lat="36.875933" lon="138.293381">
        <ele>938.5086204081318</ele>
      </trkpt>
      <trkpt lat="36.875948" lon="138.29339">
        <ele>938.9674087013125</ele>
      </trkpt>
      <trkpt lat="36.875959" lon="138.293412">
        <ele>939.2976728137122</ele>
      </trkpt>
      <trkpt lat="36.875974" lon="138.293426">
        <ele>939.7238388979345</ele>
      </trkpt>
      <trkpt lat="36.875985" lon="138.293428">
        <ele>940.0603419029156</ele>
      </trkpt>
      <trkpt lat="36.876003" lon="138.29344">
        <ele>940.609142705519</ele>
      </trkpt>
      <trkpt lat="36.876013" lon="138.293454">
        <ele>940.8969441941014</ele>
      </trkpt>
      <trkpt lat="36.876023" lon="138.293462">
        <ele>941.1987267378722</ele>
      </trkpt>
      <trkpt lat="36.876034" lon="138.29348">
        <ele>941.5092500311325</ele>
      </trkpt>
      <trkpt lat="36.876043" lon="138.293498">
        <ele>941.746181012244</ele>
      </trkpt>
      <trkpt lat="36.876056" lon="138.29353">
        <ele>941.9840914270842</ele>
      </trkpt>
      <trkpt lat="36.876067" lon="138.293558">
        <ele>942.1894672935365</ele>
      </trkpt>
      <trkpt lat="36.876076" lon="138.293576">
        <ele>942.3860996605832</ele>
      </trkpt>
      <trkpt lat="36.87609" lon="138.2936">
        <ele>942.6361399887484</ele>
      </trkpt>
      <trkpt lat="36.876106" lon="138.293608">
        <ele>943.0848554932</ele>
      </trkpt>
      <trkpt lat="36.876119" lon="138.29361">
        <ele>943.4934181687943</ele>
      </trkpt>
      <trkpt lat="36.876137" lon="138.293622">
        <ele>943.9444285233516</ele>
      </trkpt>
      <trkpt lat="36.876146" lon="138.293632">
        <ele>944.1279528945228</ele>
      </trkpt>
      <trkpt lat="36.876152" lon="138.293648">
        <ele>944.152435401828</ele>
      </trkpt>
      <trkpt lat="36.876162" lon="138.293658">
        <ele>944.3680022793828</ele>
      </trkpt>
      <trkpt lat="36.876179" lon="138.293678">
        <ele>944.6900059798272</ele>
      </trkpt>
      <trkpt lat="36.876191" lon="138.293692">
        <ele>944.9209076339382</ele>
      </trkpt>
      <trkpt lat="36.876187" lon="138.293674">
        <ele>944.9929490267302</ele>
      </trkpt>
      <trkpt lat="36.876182" lon="138.29366">
        <ele>944.9878798410301</ele>
      </trkpt>
      <trkpt lat="36.876182" lon="138.293647">
        <ele>945.1241947214123</ele>
      </trkpt>
      <trkpt lat="36.876176" lon="138.29363">
        <ele>945.1101978988391</ele>
      </trkpt>
      <trkpt lat="36.87619" lon="138.293596">
        <ele>945.924619088806</ele>
      </trkpt>
      <trkpt lat="36.876205" lon="138.293572">
        <ele>946.7046780172525</ele>
      </trkpt>
      <trkpt lat="36.87621" lon="138.29355">
        <ele>947.0752360089093</ele>
      </trkpt>
      <trkpt lat="36.876212" lon="138.293534">
        <ele>947.2861891297757</ele>
      </trkpt>
      <trkpt lat="36.876198" lon="138.293508">
        <ele>946.9818279988863</ele>
      </trkpt>
      <trkpt lat="36.876186" lon="138.29349">
        <ele>946.6692831574293</ele>
      </trkpt>
      <trkpt lat="36.876186" lon="138.293476">
        <ele>946.7504263309565</ele>
      </trkpt>
      <trkpt lat="36.876181" lon="138.29346">
        <ele>946.6653996122699</ele>
      </trkpt>
      <trkpt lat="36.876183" lon="138.293441">
        <ele>946.8456599561802</ele>
      </trkpt>
      <trkpt lat="36.876184" lon="138.293429">
        <ele>946.9506787568431</ele>
      </trkpt>
      <trkpt lat="36.876182" lon="138.293416">
        <ele>946.9529867947467</ele>
      </trkpt>
      <trkpt lat="36.876174" lon="138.293402">
        <ele>946.7306138920494</ele>
      </trkpt>
      <trkpt lat="36.876169" lon="138.293386">
        <ele>946.6116984568641</ele>
      </trkpt>
      <trkpt lat="36.876168" lon="138.293372">
        <ele>946.6303609967803</ele>
      </trkpt>
      <trkpt lat="36.876164" lon="138.293358">
        <ele>946.5336096850301</ele>
      </trkpt>
      <trkpt lat="36.876161" lon="138.293344">
        <ele>946.4716869485856</ele>
      </trkpt>
      <trkpt lat="36.87616" lon="138.293328">
        <ele>946.4925609461287</ele>
      </trkpt>
      <trkpt lat="36.876159" lon="138.29331">
        <ele>946.5105622054534</ele>
      </trkpt>
      <trkpt lat="36.876166" lon="138.293287">
        <ele>946.8593485094432</ele>
      </trkpt>
      <trkpt lat="36.876166" lon="138.293267">
        <ele>946.9218762843635</ele>
      </trkpt>
      <trkpt lat="36.876166" lon="138.293254">
        <ele>946.962519338018</ele>
      </trkpt>
      <trkpt lat="36.876164" lon="138.293234">
        <ele>946.9418746132071</ele>
      </trkpt>
      <trkpt lat="36.876167" lon="138.293223">
        <ele>947.0952999112474</ele>
      </trkpt>
      <trkpt lat="36.876169" lon="138.293212">
        <ele>947.2093120950458</ele>
      </trkpt>
      <trkpt lat="36.876173" lon="138.29318">
        <ele>947.4717672543879</ele>
      </trkpt>
      <trkpt lat="36.87617" lon="138.293156">
        <ele>947.4129886827747</ele>
      </trkpt>
      <trkpt lat="36.876175" lon="138.293138">
        <ele>947.6595940324951</ele>
      </trkpt>
      <trkpt lat="36.876175" lon="138.293117">
        <ele>947.6840608058039</ele>
      </trkpt>
      <trkpt lat="36.876171" lon="138.293075">
        <ele>947.5582173278566</ele>
      </trkpt>
      <trkpt lat="36.876167" lon="138.293061">
        <ele>947.3962151000715</ele>
      </trkpt>
      <trkpt lat="36.876164" lon="138.293047">
        <ele>947.2696534476007</ele>
      </trkpt>
      <trkpt lat="36.876176" lon="138.293052">
        <ele>947.7978988384752</ele>
      </trkpt>
      <trkpt lat="36.876186" lon="138.29306">
        <ele>948.2307522473968</ele>
      </trkpt>
      <trkpt lat="36.876195" lon="138.293072">
        <ele>948.6406357287836</ele>
      </trkpt>
      <trkpt lat="36.876216" lon="138.293086">
        <ele>949.6159750934729</ele>
      </trkpt>
      <trkpt lat="36.876227" lon="138.293101">
        <ele>950.0997548293478</ele>
      </trkpt>
      <trkpt lat="36.876229" lon="138.293124">
        <ele>950.1345024294292</ele>
      </trkpt>
      <trkpt lat="36.876234" lon="138.29314">
        <ele>950.3212205000711</ele>
      </trkpt>
      <trkpt lat="36.876245" lon="138.293158">
        <ele>950.7639756483267</ele>
      </trkpt>
      <trkpt lat="36.876258" lon="138.293174">
        <ele>951.2967449278026</ele>
      </trkpt>
      <trkpt lat="36.876264" lon="138.293184">
        <ele>951.5378910067046</ele>
      </trkpt>
      <trkpt lat="36.876275" lon="138.293194">
        <ele>952.006461349248</ele>
      </trkpt>
      <trkpt lat="36.87628" lon="138.293209">
        <ele>952.1774850509594</ele>
      </trkpt>
      <trkpt lat="36.876298" lon="138.293221">
        <ele>952.9485466745858</ele>
      </trkpt>
      <trkpt lat="36.876307" lon="138.293236">
        <ele>953.2921429208407</ele>
      </trkpt>
      <trkpt lat="36.876316" lon="138.293251">
        <ele>953.6001340307955</ele>
      </trkpt>
      <trkpt lat="36.876328" lon="138.293261">
        <ele>954.0731172633555</ele>
      </trkpt>
      <trkpt lat="36.876336" lon="138.293276">
        <ele>954.3351672387906</ele>
      </trkpt>
      <trkpt lat="36.876344" lon="138.293287">
        <ele>954.6223925953444</ele>
      </trkpt>
      <trkpt lat="36.876356" lon="138.293304">
        <ele>955.0438730561757</ele>
      </trkpt>
      <trkpt lat="36.876359" lon="138.293314">
        <ele>955.1046538726039</ele>
      </trkpt>
      <trkpt lat="36.876372" lon="138.293331">
        <ele>955.5585758516337</ele>
      </trkpt>
      <trkpt lat="36.876384" lon="138.293339">
        <ele>956.0351413537055</ele>
      </trkpt>
      <trkpt lat="36.876402" lon="138.293351">
        <ele>956.7741272584077</ele>
      </trkpt>
      <trkpt lat="36.876408" lon="138.293359">
        <ele>956.997265495547</ele>
      </trkpt>
      <trkpt lat="36.876414" lon="138.293375">
        <ele>957.1551590273166</ele>
      </trkpt>
      <trkpt lat="36.87643" lon="138.293387">
        <ele>957.8263133496289</ele>
      </trkpt>
      <trkpt lat="36.876422" lon="138.29337">
        <ele>957.5804476704227</ele>
      </trkpt>
      <trkpt lat="36.87642" lon="138.293355">
        <ele>957.6066538619818</ele>
      </trkpt>
      <trkpt lat="36.876416" lon="138.293343">
        <ele>957.5122656111613</ele>
      </trkpt>
      <trkpt lat="36.876411" lon="138.293322">
        <ele>957.4432138584094</ele>
      </trkpt>
      <trkpt lat="36.87641" lon="138.293306">
        <ele>957.525639485196</ele>
      </trkpt>
      <trkpt lat="36.876408" lon="138.293293">
        <ele>957.5355345090859</ele>
      </trkpt>
      <trkpt lat="36.87641" lon="138.293281">
        <ele>957.7295292632195</ele>
      </trkpt>
      <trkpt lat="36.876414" lon="138.293271">
        <ele>958.0033405026429</ele>
      </trkpt>
      <trkpt lat="36.876412" lon="138.293244">
        <ele>958.1274137977985</ele>
      </trkpt>
      <trkpt lat="36.876408" lon="138.293231">
        <ele>958.0350121212766</ele>
      </trkpt>
      <trkpt lat="36.876406" lon="138.29322">
        <ele>958.0178464863952</ele>
      </trkpt>
      <trkpt lat="36.876404" lon="138.293209">
        <ele>957.9999342084482</ele>
      </trkpt>
      <trkpt lat="36.876398" lon="138.293196">
        <ele>957.8004526996832</ele>
      </trkpt>
      <trkpt lat="36.876404" lon="138.293184">
        <ele>958.1790606133272</ele>
      </trkpt>
      <trkpt lat="36.876404" lon="138.293158">
        <ele>958.3653520738403</ele>
      </trkpt>
      <trkpt lat="36.876406" lon="138.293142">
        <ele>958.5658308668541</ele>
      </trkpt>
      <trkpt lat="36.876408" lon="138.293123">
        <ele>958.775554506482</ele>
      </trkpt>
      <trkpt lat="36.876408" lon="138.293111">
        <ele>958.8454595733448</ele>
      </trkpt>
      <trkpt lat="36.87641" lon="138.293075">
        <ele>959.1542153934031</ele>
      </trkpt>
      <trkpt lat="36.876412" lon="138.293061">
        <ele>959.3262217521757</ele>
      </trkpt>
      <trkpt lat="36.876416" lon="138.293047">
        <ele>959.5845077282152</ele>
      </trkpt>
      <trkpt lat="36.876418" lon="138.293035">
        <ele>959.7366735880044</ele>
      </trkpt>
      <trkpt lat="36.876426" lon="138.293001">
        <ele>960.2973535304685</ele>
      </trkpt>
      <trkpt lat="36.876432" lon="138.292986">
        <ele>960.6796359383706</ele>
      </trkpt>
      <trkpt lat="36.876436" lon="138.292969">
        <ele>960.9563324457044</ele>
      </trkpt>
      <trkpt lat="36.876446" lon="138.292928">
        <ele>961.6239707465755</ele>
      </trkpt>
      <trkpt lat="36.876447" lon="138.292916">
        <ele>961.7183470810768</ele>
      </trkpt>
      <trkpt lat="36.876452" lon="138.292898">
        <ele>962.0434281270025</ele>
      </trkpt>
      <trkpt lat="36.87646" lon="138.292892">
        <ele>962.4810173489664</ele>
      </trkpt>
      <trkpt lat="36.876471" lon="138.292893">
        <ele>963.0555487183858</ele>
      </trkpt>
      <trkpt lat="36.876487" lon="138.292916">
        <ele>963.8066372812061</ele>
      </trkpt>
      <trkpt lat="36.876494" lon="138.292936">
        <ele>964.0904614860684</ele>
      </trkpt>
      <trkpt lat="36.876505" lon="138.292952">
        <ele>964.5919584094454</ele>
      </trkpt>
      <trkpt lat="36.876524" lon="138.292981">
        <ele>965.4368841049273</ele>
      </trkpt>
      <trkpt lat="36.876535" lon="138.292993">
        <ele>965.9153007349507</ele>
      </trkpt>
      <trkpt lat="36.876543" lon="138.293006">
        <ele>966.2197027384423</ele>
      </trkpt>
      <trkpt lat="36.876556" lon="138.293033">
        <ele>966.6701144771769</ele>
      </trkpt>
      <trkpt lat="36.876565" lon="138.293069">
        <ele>966.8606557589263</ele>
      </trkpt>
      <trkpt lat="36.876568" lon="138.29309">
        <ele>966.8425361881771</ele>
      </trkpt>
      <trkpt lat="36.876574" lon="138.293108">
        <ele>966.9909460095101</ele>
      </trkpt>
      <trkpt lat="36.876584" lon="138.293129">
        <ele>967.3117517318472</ele>
      </trkpt>
      <trkpt lat="36.87661" lon="138.293161">
        <ele>968.2925450711516</ele>
      </trkpt>
      <trkpt lat="36.876624" lon="138.293173">
        <ele>968.8339147074755</ele>
      </trkpt>
      <trkpt lat="36.876624" lon="138.293187">
        <ele>968.725511843331</ele>
      </trkpt>
      <trkpt lat="36.876625" lon="138.293199">
        <ele>968.6785461086671</ele>
      </trkpt>
      <trkpt lat="36.876636" lon="138.293193">
        <ele>969.2292438015077</ele>
      </trkpt>
      <trkpt lat="36.876624" lon="138.293182">
        <ele>968.764227151755</ele>
      </trkpt>
      <trkpt lat="36.876622" lon="138.293168">
        <ele>968.781780099467</ele>
      </trkpt>
      <trkpt lat="36.876623" lon="138.293155">
        <ele>968.9280854607458</ele>
      </trkpt>
      <trkpt lat="36.876631" lon="138.293139">
        <ele>969.410391652367</ele>
      </trkpt>
      <trkpt lat="36.876641" lon="138.293125">
        <ele>969.9717643727142</ele>
      </trkpt>
      <trkpt lat="36.876654" lon="138.293105">
        <ele>970.7228941406677</ele>
      </trkpt>
      <trkpt lat="36.876661" lon="138.293097">
        <ele>971.1087641807159</ele>
      </trkpt>
      <trkpt lat="36.87667" lon="138.293091">
        <ele>971.5643791924031</ele>
      </trkpt>
      <trkpt lat="36.876681" lon="138.293082">
        <ele>972.0891065115136</ele>
      </trkpt>
      <trkpt lat="36.876694" lon="138.293081">
        <ele>972.6305114985003</ele>
      </trkpt>
      <trkpt lat="36.876703" lon="138.293089">
        <ele>972.9392922562932</ele>
      </trkpt>
      <trkpt lat="36.876714" lon="138.293111">
        <ele>973.2297983199315</ele>
      </trkpt>
      <trkpt lat="36.876725" lon="138.29312">
        <ele>973.6220428224217</ele>
      </trkpt>
      <trkpt lat="36.876735" lon="138.293121">
        <ele>974.0319935089059</ele>
      </trkpt>
      <trkpt lat="36.876746" lon="138.29312">
        <ele>974.4763547476855</ele>
      </trkpt>
      <trkpt lat="36.876758" lon="138.293113">
        <ele>974.9971898386727</ele>
      </trkpt>
      <trkpt lat="36.876775" lon="138.293116">
        <ele>975.6447456331931</ele>
      </trkpt>
      <trkpt lat="36.876785" lon="138.293118">
        <ele>976.0240160499704</ele>
      </trkpt>
      <trkpt lat="36.87679" lon="138.293118">
        <ele>976.2206417845334</ele>
      </trkpt>
      <trkpt lat="36.876815" lon="138.293117">
        <ele>977.1780468328802</ele>
      </trkpt>
      <trkpt lat="36.876831" lon="138.293116">
        <ele>977.7577388880536</ele>
      </trkpt>
      <trkpt lat="36.87684" lon="138.293115">
        <ele>978.0863805320969</ele>
      </trkpt>
      <trkpt lat="36.876857" lon="138.293114">
        <ele>978.700875348856</ele>
      </trkpt>
      <trkpt lat="36.876868" lon="138.293114">
        <ele>979.0943434492002</ele>
      </trkpt>
      <trkpt lat="36.876881" lon="138.293113">
        <ele>979.5402917911302</ele>
      </trkpt>
      <trkpt lat="36.876891" lon="138.293106">
        <ele>979.9014972831594</ele>
      </trkpt>
      <trkpt lat="36.876906" lon="138.293101">
        <ele>980.4112657775644</ele>
      </trkpt>
      <trkpt lat="36.876922" lon="138.293098">
        <ele>980.9414262905725</ele>
      </trkpt>
      <trkpt lat="36.876936" lon="138.293093">
        <ele>981.4191522050659</ele>
      </trkpt>
      <trkpt lat="36.876955" lon="138.293084">
        <ele>982.0315451846968</ele>
      </trkpt>
      <trkpt lat="36.876969" lon="138.293079">
        <ele>982.4501615030238</ele>
      </trkpt>
      <trkpt lat="36.876982" lon="138.293066">
        <ele>982.8798297508861</ele>
      </trkpt>
      <trkpt lat="36.876994" lon="138.293056">
        <ele>983.2352113305833</ele>
      </trkpt>
      <trkpt lat="36.877004" lon="138.293044">
        <ele>983.5399066390944</ele>
      </trkpt>
      <trkpt lat="36.877015" lon="138.293032">
        <ele>983.8605465148744</ele>
      </trkpt>
      <trkpt lat="36.877035" lon="138.293003">
        <ele>984.4002850475345</ele>
      </trkpt>
      <trkpt lat="36.87704" lon="138.292989">
        <ele>984.5446241614778</ele>
      </trkpt>
      <trkpt lat="36.87705" lon="138.292979">
        <ele>984.7939442057169</ele>
      </trkpt>
      <trkpt lat="36.877057" lon="138.292967">
        <ele>984.9570713095372</ele>
      </trkpt>
      <trkpt lat="36.877063" lon="138.292955">
        <ele>985.0968945529314</ele>
      </trkpt>
      <trkpt lat="36.877081" lon="138.29296">
        <ele>985.5140781698067</ele>
      </trkpt>
      <trkpt lat="36.877093" lon="138.292969">
        <ele>985.756596697742</ele>
      </trkpt>
      <trkpt lat="36.877107" lon="138.292976">
        <ele>986.0425817478099</ele>
      </trkpt>
      <trkpt lat="36.877125" lon="138.292984">
        <ele>986.4099712948163</ele>
      </trkpt>
      <trkpt lat="36.877142" lon="138.29299">
        <ele>986.7570064608951</ele>
      </trkpt>
      <trkpt lat="36.877159" lon="138.292997">
        <ele>987.0901802042513</ele>
      </trkpt>
      <trkpt lat="36.877184" lon="138.293011">
        <ele>987.5635408343992</ele>
      </trkpt>
      <trkpt lat="36.877194" lon="138.293014">
        <ele>987.7528851298625</ele>
      </trkpt>
      <trkpt lat="36.877219" lon="138.293013">
        <ele>988.2201892131015</ele>
      </trkpt>
      <trkpt lat="36.877233" lon="138.293027">
        <ele>988.4240985529506</ele>
      </trkpt>
      <trkpt lat="36.877244" lon="138.293027">
        <ele>988.5843130609029</ele>
      </trkpt>
      <trkpt lat="36.877255" lon="138.293025">
        <ele>988.7445275916724</ele>
      </trkpt>
      <trkpt lat="36.877271" lon="138.29303">
        <ele>988.9775669503033</ele>
      </trkpt>
      <trkpt lat="36.877288" lon="138.29304">
        <ele>989.2244081009414</ele>
      </trkpt>
      <trkpt lat="36.877304" lon="138.293048">
        <ele>989.4527882543257</ele>
      </trkpt>
      <trkpt lat="36.877315" lon="138.293051">
        <ele>989.6111008434978</ele>
      </trkpt>
      <trkpt lat="36.877331" lon="138.293061">
        <ele>989.8476511127761</ele>
      </trkpt>
      <trkpt lat="36.87734" lon="138.293066">
        <ele>989.9825271507078</ele>
      </trkpt>
      <trkpt lat="36.877352" lon="138.293068">
        <ele>990.152726857132</ele>
      </trkpt>
      <trkpt lat="36.877362" lon="138.293071">
        <ele>990.2713872071062</ele>
      </trkpt>
      <trkpt lat="36.877374" lon="138.293073">
        <ele>990.4082110218842</ele>
      </trkpt>
      <trkpt lat="36.877387" lon="138.293079">
        <ele>990.5505098686242</ele>
      </trkpt>
      <trkpt lat="36.877412" lon="138.293083">
        <ele>990.8418672719212</ele>
      </trkpt>
      <trkpt lat="36.877443" lon="138.293089">
        <ele>991.2201322657064</ele>
      </trkpt>
      <trkpt lat="36.877486" lon="138.293095">
        <ele>991.7536878510883</ele>
      </trkpt>
      <trkpt lat="36.877505" lon="138.2931">
        <ele>991.9508732041588</ele>
      </trkpt>
      <trkpt lat="36.877536" lon="138.293099">
        <ele>992.2692640688514</ele>
      </trkpt>
      <trkpt lat="36.877556" lon="138.293093">
        <ele>992.4871552766076</ele>
      </trkpt>
      <trkpt lat="36.877574" lon="138.293095">
        <ele>992.6786503083807</ele>
      </trkpt>
      <trkpt lat="36.877585" lon="138.293103">
        <ele>992.7795011805671</ele>
      </trkpt>
      <trkpt lat="36.877603" lon="138.293126">
        <ele>992.90791912024</ele>
      </trkpt>
      <trkpt lat="36.877633" lon="138.293154">
        <ele>993.1349541039269</ele>
      </trkpt>
      <trkpt lat="36.877645" lon="138.293161">
        <ele>993.256196530194</ele>
      </trkpt>
      <trkpt lat="36.877654" lon="138.293175">
        <ele>993.321239657764</ele>
      </trkpt>
      <trkpt lat="36.877675" lon="138.293187">
        <ele>993.520469460375</ele>
      </trkpt>
      <trkpt lat="36.877686" lon="138.293192">
        <ele>993.6256419833097</ele>
      </trkpt>
      <trkpt lat="36.8777" lon="138.293196">
        <ele>993.7678008618036</ele>
      </trkpt>
      <trkpt lat="36.877712" lon="138.293199">
        <ele>993.9068304733507</ele>
      </trkpt>
      <trkpt lat="36.877722" lon="138.293202">
        <ele>994.0220759805596</ele>
      </trkpt>
      <trkpt lat="36.877737" lon="138.293213">
        <ele>994.1784119052413</ele>
      </trkpt>
      <trkpt lat="36.877752" lon="138.293219">
        <ele>994.3532608138174</ele>
      </trkpt>
      <trkpt lat="36.877763" lon="138.29322">
        <ele>994.4915708682146</ele>
      </trkpt>
      <trkpt lat="36.877778" lon="138.293223">
        <ele>994.6990205184403</ele>
      </trkpt>
      <trkpt lat="36.877806" lon="138.293241">
        <ele>995.0604660268644</ele>
      </trkpt>
      <trkpt lat="36.877831" lon="138.293251">
        <ele>995.4019275994565</ele>
      </trkpt>
      <trkpt lat="36.877842" lon="138.293258">
        <ele>995.5656945433471</ele>
      </trkpt>
      <trkpt lat="36.877853" lon="138.293261">
        <ele>995.7509629789744</ele>
      </trkpt>
      <trkpt lat="36.877865" lon="138.293264">
        <ele>995.9537095317621</ele>
      </trkpt>
      <trkpt lat="36.877877" lon="138.293266">
        <ele>996.158786286414</ele>
      </trkpt>
      <trkpt lat="36.877895" lon="138.293281">
        <ele>996.4384394535799</ele>
      </trkpt>
      <trkpt lat="36.87791" lon="138.293293">
        <ele>996.6865636445684</ele>
      </trkpt>
      <trkpt lat="36.877927" lon="138.293321">
        <ele>996.97000225319</ele>
      </trkpt>
      <trkpt lat="36.877928" lon="138.293334">
        <ele>996.9812673055002</ele>
      </trkpt>
      <trkpt lat="36.877935" lon="138.29334">
        <ele>997.119622956885</ele>
      </trkpt>
      <trkpt lat="36.877947" lon="138.293348">
        <ele>997.3551482444948</ele>
      </trkpt>
      <trkpt lat="36.877958" lon="138.293354">
        <ele>997.5694017569934</ele>
      </trkpt>
      <trkpt lat="36.877968" lon="138.293361">
        <ele>997.7605604703027</ele>
      </trkpt>
      <trkpt lat="36.877982" lon="138.293364">
        <ele>998.0457449379007</ele>
      </trkpt>
      <trkpt lat="36.877994" lon="138.293361">
        <ele>998.3011007895539</ele>
      </trkpt>
      <trkpt lat="36.87801" lon="138.293359">
        <ele>998.6386054728752</ele>
      </trkpt>
      <trkpt lat="36.878018" lon="138.29337">
        <ele>998.8021641204584</ele>
      </trkpt>
      <trkpt lat="36.878024" lon="138.293383">
        <ele>998.9253821005303</ele>
      </trkpt>
      <trkpt lat="36.87803" lon="138.293394">
        <ele>999.051637815875</ele>
      </trkpt>
      <trkpt lat="36.878043" lon="138.293408">
        <ele>999.3283062172831</ele>
      </trkpt>
      <trkpt lat="36.878057" lon="138.293413">
        <ele>999.5976466502073</ele>
      </trkpt>
      <trkpt lat="36.878066" lon="138.293412">
        <ele>999.7668933784831</ele>
      </trkpt>
      <trkpt lat="36.878076" lon="138.293423">
        <ele>999.9690557899893</ele>
      </trkpt>
      <trkpt lat="36.878088" lon="138.293435">
        <ele>1000.2102526142968</ele>
      </trkpt>
      <trkpt lat="36.878095" lon="138.293444">
        <ele>1000.3532809476841</ele>
      </trkpt>
      <trkpt lat="36.878106" lon="138.293454">
        <ele>1000.5732130027616</ele>
      </trkpt>
      <trkpt lat="36.878116" lon="138.293463">
        <ele>1000.7730453440926</ele>
      </trkpt>
      <trkpt lat="36.878124" lon="138.293478">
        <ele>1000.9419988936751</ele>
      </trkpt>
      <trkpt lat="36.878141" lon="138.293489">
        <ele>1001.2767041011019</ele>
      </trkpt>
      <trkpt lat="36.878168" lon="138.29351">
        <ele>1001.8151282270895</ele>
      </trkpt>
      <trkpt lat="36.878181" lon="138.29352">
        <ele>1002.0629378688885</ele>
      </trkpt>
      <trkpt lat="36.878192" lon="138.293521">
        <ele>1002.2354840538758</ele>
      </trkpt>
      <trkpt lat="36.878202" lon="138.293518">
        <ele>1002.3890035605649</ele>
      </trkpt>
      <trkpt lat="36.878227" lon="138.293539">
        <ele>1002.7871600644969</ele>
      </trkpt>
      <trkpt lat="36.878237" lon="138.293552">
        <ele>1002.9422514284461</ele>
      </trkpt>
      <trkpt lat="36.878249" lon="138.293569">
        <ele>1003.121879970726</ele>
      </trkpt>
      <trkpt lat="36.878266" lon="138.293584">
        <ele>1003.3653729063308</ele>
      </trkpt>
      <trkpt lat="36.878277" lon="138.293592">
        <ele>1003.5117025439173</ele>
      </trkpt>
      <trkpt lat="36.878294" lon="138.293602">
        <ele>1003.7365937098195</ele>
      </trkpt>
      <trkpt lat="36.878301" lon="138.293595">
        <ele>1003.8505698459323</ele>
      </trkpt>
      <trkpt lat="36.87831" lon="138.293577">
        <ele>1004.006411365528</ele>
      </trkpt>
      <trkpt lat="36.878318" lon="138.293564">
        <ele>1004.1030095537616</ele>
      </trkpt>
      <trkpt lat="36.878339" lon="138.293537">
        <ele>1004.3493236712513</ele>
      </trkpt>
      <trkpt lat="36.878352" lon="138.293523">
        <ele>1004.5209494077476</ele>
      </trkpt>
      <trkpt lat="36.87836" lon="138.293512">
        <ele>1004.633477596645</ele>
      </trkpt>
      <trkpt lat="36.878363" lon="138.293499">
        <ele>1004.680992263536</ele>
      </trkpt>
      <trkpt lat="36.878369" lon="138.29348">
        <ele>1004.7563927929045</ele>
      </trkpt>
      <trkpt lat="36.878386" lon="138.293459">
        <ele>1004.9726859100736</ele>
      </trkpt>
      <trkpt lat="36.878412" lon="138.293456">
        <ele>1005.2894937766198</ele>
      </trkpt>
      <trkpt lat="36.878421" lon="138.293456">
        <ele>1005.4003466437615</ele>
      </trkpt>
      <trkpt lat="36.878436" lon="138.293454">
        <ele>1005.5845093001508</ele>
      </trkpt>
      <trkpt lat="36.878452" lon="138.293454">
        <ele>1005.7821241640831</ele>
      </trkpt>
      <trkpt lat="36.878469" lon="138.293454">
        <ele>1005.9585693283714</ele>
      </trkpt>
      <trkpt lat="36.878492" lon="138.293452">
        <ele>1006.1930689212172</ele>
      </trkpt>
      <trkpt lat="36.878535" lon="138.293444">
        <ele>1006.6314813930776</ele>
      </trkpt>
      <trkpt lat="36.878552" lon="138.293434">
        <ele>1006.8048073222631</ele>
      </trkpt>
      <trkpt lat="36.878566" lon="138.293434">
        <ele>1006.947546351492</ele>
      </trkpt>
      <trkpt lat="36.878576" lon="138.293436">
        <ele>1007.0495028170762</ele>
      </trkpt>
      <trkpt lat="36.878589" lon="138.293434">
        <ele>1007.1820462422685</ele>
      </trkpt>
      <trkpt lat="36.878615" lon="138.293432">
        <ele>1007.3412189488305</ele>
      </trkpt>
      <trkpt lat="36.87864" lon="138.293445">
        <ele>1007.4868711503227</ele>
      </trkpt>
      <trkpt lat="36.878651" lon="138.293456">
        <ele>1007.5509581339551</ele>
      </trkpt>
      <trkpt lat="36.878664" lon="138.293458">
        <ele>1007.6229140174685</ele>
      </trkpt>
      <trkpt lat="36.878703" lon="138.293458">
        <ele>1007.8179324808384</ele>
      </trkpt>
      <trkpt lat="36.878724" lon="138.293462">
        <ele>1007.9185586834055</ele>
      </trkpt>
      <trkpt lat="36.878738" lon="138.29347">
        <ele>1007.9829220519737</ele>
      </trkpt>
      <trkpt lat="36.878753" lon="138.293476">
        <ele>1008.0594518819</ele>
      </trkpt>
      <trkpt lat="36.878759" lon="138.293464">
        <ele>1008.100139168188</ele>
      </trkpt>
      <trkpt lat="36.878767" lon="138.293472">
        <ele>1008.138479063854</ele>
      </trkpt>
      <trkpt lat="36.878777" lon="138.293476">
        <ele>1008.191467459328</ele>
      </trkpt>
      <trkpt lat="36.878791" lon="138.293484">
        <ele>1008.2676985558271</ele>
      </trkpt>
      <trkpt lat="36.878813" lon="138.2935">
        <ele>1008.3904991253703</ele>
      </trkpt>
      <trkpt lat="36.878828" lon="138.29351">
        <ele>1008.4727734847886</ele>
      </trkpt>
      <trkpt lat="36.878857" lon="138.29354">
        <ele>1008.6447546985826</ele>
      </trkpt>
      <trkpt lat="36.87887" lon="138.293554">
        <ele>1008.7403104609352</ele>
      </trkpt>
      <trkpt lat="36.878899" lon="138.293574">
        <ele>1008.9937461442789</ele>
      </trkpt>
      <trkpt lat="36.87893" lon="138.293584">
        <ele>1009.2642497421735</ele>
      </trkpt>
      <trkpt lat="36.87894" lon="138.293586">
        <ele>1009.378582368129</ele>
      </trkpt>
      <trkpt lat="36.878954" lon="138.293586">
        <ele>1009.5632906775222</ele>
      </trkpt>
      <trkpt lat="36.87897" lon="138.29359">
        <ele>1009.77682660279</ele>
      </trkpt>
      <trkpt lat="36.878998" lon="138.293612">
        <ele>1010.1720211116841</ele>
      </trkpt>
      <trkpt lat="36.879012" lon="138.293622">
        <ele>1010.3896809482458</ele>
      </trkpt>
      <trkpt lat="36.87903" lon="138.293636">
        <ele>1010.6871742353276</ele>
      </trkpt>
      <trkpt lat="36.87904" lon="138.293646">
        <ele>1010.8601396330735</ele>
      </trkpt>
      <trkpt lat="36.87906" lon="138.29365">
        <ele>1011.1820531704911</ele>
      </trkpt>
      <trkpt lat="36.879072" lon="138.29365">
        <ele>1011.371823183182</ele>
      </trkpt>
      <trkpt lat="36.879098" lon="138.293662">
        <ele>1011.8522185232987</ele>
      </trkpt>
      <trkpt lat="36.879107" lon="138.293671">
        <ele>1012.0377164871297</ele>
      </trkpt>
      <trkpt lat="36.879114" lon="138.293679">
        <ele>1012.191273297002</ele>
      </trkpt>
      <trkpt lat="36.879124" lon="138.293676">
        <ele>1012.3578336571294</ele>
      </trkpt>
      <trkpt lat="36.879146" lon="138.29369">
        <ele>1012.8149342785703</ele>
      </trkpt>
      <trkpt lat="36.879154" lon="138.293708">
        <ele>1013.0460641268021</ele>
      </trkpt>
      <trkpt lat="36.879165" lon="138.293719">
        <ele>1013.3019377283474</ele>
      </trkpt>
      <trkpt lat="36.879175" lon="138.293721">
        <ele>1013.496081271629</ele>
      </trkpt>
      <trkpt lat="36.879185" lon="138.293724">
        <ele>1013.6963273949067</ele>
      </trkpt>
      <trkpt lat="36.879203" lon="138.293737">
        <ele>1014.1028783831594</ele>
      </trkpt>
      <trkpt lat="36.879221" lon="138.293745">
        <ele>1014.4871979536517</ele>
      </trkpt>
      <trkpt lat="36.879238" lon="138.293747">
        <ele>1014.8195254026659</ele>
      </trkpt>
      <trkpt lat="36.879258" lon="138.293753">
        <ele>1015.2356149324688</ele>
      </trkpt>
      <trkpt lat="36.879268" lon="138.293756">
        <ele>1015.4389453833462</ele>
      </trkpt>
      <trkpt lat="36.87928" lon="138.293769">
        <ele>1015.7196984822283</ele>
      </trkpt>
      <trkpt lat="36.87929" lon="138.293777">
        <ele>1015.9216918305642</ele>
      </trkpt>
      <trkpt lat="36.8793" lon="138.293778">
        <ele>1016.0910844965288</ele>
      </trkpt>
      <trkpt lat="36.879318" lon="138.293788">
        <ele>1016.4407214141451</ele>
      </trkpt>
      <trkpt lat="36.879333" lon="138.293792">
        <ele>1016.7124633762363</ele>
      </trkpt>
      <trkpt lat="36.879352" lon="138.293792">
        <ele>1017.0302927587811</ele>
      </trkpt>
      <trkpt lat="36.879362" lon="138.293796">
        <ele>1017.2206172149716</ele>
      </trkpt>
      <trkpt lat="36.879382" lon="138.293802">
        <ele>1017.5867650439972</ele>
      </trkpt>
      <trkpt lat="36.879398" lon="138.293805">
        <ele>1017.8678541669085</ele>
      </trkpt>
      <trkpt lat="36.879418" lon="138.29381">
        <ele>1018.2145281551229</ele>
      </trkpt>
      <trkpt lat="36.879432" lon="138.293819">
        <ele>1018.4562669739511</ele>
      </trkpt>
      <trkpt lat="36.879437" lon="138.293831">
        <ele>1018.5879171574326</ele>
      </trkpt>
      <trkpt lat="36.879441" lon="138.293841">
        <ele>1018.6933926118122</ele>
      </trkpt>
      <trkpt lat="36.879451" lon="138.293856">
        <ele>1018.8895911556231</ele>
      </trkpt>
      <trkpt lat="36.879478" lon="138.29387">
        <ele>1019.3019582570179</ele>
      </trkpt>
      <trkpt lat="36.879499" lon="138.293871">
        <ele>1019.5674100647454</ele>
      </trkpt>
      <trkpt lat="36.879519" lon="138.293875">
        <ele>1019.8232308193881</ele>
      </trkpt>
      <trkpt lat="36.879533" lon="138.293877">
        <ele>1020.0013819714884</ele>
      </trkpt>
      <trkpt lat="36.879546" lon="138.29388">
        <ele>1020.1715381848535</ele>
      </trkpt>
      <trkpt lat="36.879564" lon="138.293894">
        <ele>1020.4643612961013</ele>
      </trkpt>
      <trkpt lat="36.879585" lon="138.2939">
        <ele>1020.7755069456566</ele>
      </trkpt>
      <trkpt lat="36.879599" lon="138.2939">
        <ele>1020.9705924205193</ele>
      </trkpt>
      <trkpt lat="36.879621" lon="138.293901">
        <ele>1021.6728166399996</ele>
      </trkpt>
      <trkpt lat="36.879651" lon="138.293899">
        <ele>1021.6704864711506</ele>
      </trkpt>
      <trkpt lat="36.879662" lon="138.293902">
        <ele>1021.6739817244473</ele>
      </trkpt>
      <trkpt lat="36.879677" lon="138.29391">
        <ele>1021.6833023999825</ele>
      </trkpt>
      <trkpt lat="36.879687" lon="138.293914">
        <ele>1021.6879627377733</ele>
      </trkpt>
      <trkpt lat="36.879707" lon="138.293923">
        <ele>1021.8538767012624</ele>
      </trkpt>
      <trkpt lat="36.879716" lon="138.293929">
        <ele>1021.9282416289216</ele>
      </trkpt>
      <trkpt lat="36.879729" lon="138.293935">
        <ele>1022.0348614681988</ele>
      </trkpt>
      <trkpt lat="36.879741" lon="138.293946">
        <ele>1022.1269166453751</ele>
      </trkpt>
      <trkpt lat="36.879755" lon="138.293956">
        <ele>1022.237615445164</ele>
      </trkpt>
      <trkpt lat="36.879763" lon="138.293963">
        <ele>1022.3067782503097</ele>
      </trkpt>
      <trkpt lat="36.879775" lon="138.293975">
        <ele>1022.4151469149401</ele>
      </trkpt>
      <trkpt lat="36.879788" lon="138.293981">
        <ele>1022.5407019143934</ele>
      </trkpt>
      <trkpt lat="36.879796" lon="138.293987">
        <ele>1022.6152778844125</ele>
      </trkpt>
      <trkpt lat="36.879805" lon="138.29399">
        <ele>1022.7035449274593</ele>
      </trkpt>
      <trkpt lat="36.879827" lon="138.293997">
        <ele>1022.9189785197452</ele>
      </trkpt>
      <trkpt lat="36.879836" lon="138.294005">
        <ele>1022.9875809083294</ele>
      </trkpt>
      <trkpt lat="36.879845" lon="138.294009">
        <ele>1023.0620364423839</ele>
      </trkpt>
      <trkpt lat="36.879855" lon="138.29401">
        <ele>1023.1485492459856</ele>
      </trkpt>
      <trkpt lat="36.879871" lon="138.294021">
        <ele>1023.2882667884703</ele>
      </trkpt>
      <trkpt lat="36.879883" lon="138.294024">
        <ele>1023.3931380892641</ele>
      </trkpt>
      <trkpt lat="36.879894" lon="138.294025">
        <ele>1023.4892701296136</ele>
      </trkpt>
      <trkpt lat="36.879905" lon="138.294029">
        <ele>1023.588526117233</ele>
      </trkpt>
      <trkpt lat="36.879914" lon="138.294034">
        <ele>1023.671649522132</ele>
      </trkpt>
      <trkpt lat="36.879931" lon="138.294039">
        <ele>1023.8301294819638</ele>
      </trkpt>
      <trkpt lat="36.879941" lon="138.294043">
        <ele>1023.9255230677809</ele>
      </trkpt>
      <trkpt lat="36.879952" lon="138.294048">
        <ele>1024.032602109252</ele>
      </trkpt>
      <trkpt lat="36.879964" lon="138.294064">
        <ele>1024.1635752388747</ele>
      </trkpt>
      <trkpt lat="36.879972" lon="138.294073">
        <ele>1024.2323229020935</ele>
      </trkpt>
      <trkpt lat="36.879989" lon="138.294083">
        <ele>1024.3677803111268</ele>
      </trkpt>
      <trkpt lat="36.88" lon="138.294091">
        <ele>1024.4572111315101</ele>
      </trkpt>
      <trkpt lat="36.880035" lon="138.294116">
        <ele>1024.838058304508</ele>
      </trkpt>
      <trkpt lat="36.880076" lon="138.294134">
        <ele>1025.3012270201473</ele>
      </trkpt>
      <trkpt lat="36.880093" lon="138.294139">
        <ele>1025.478922210914</ele>
      </trkpt>
      <trkpt lat="36.88011" lon="138.294146">
        <ele>1025.6500888559012</ele>
      </trkpt>
      <trkpt lat="36.880133" lon="138.294152">
        <ele>1025.8418007775147</ele>
      </trkpt>
      <trkpt lat="36.880143" lon="138.294147">
        <ele>1025.8768928743145</ele>
      </trkpt>
      <trkpt lat="36.880153" lon="138.294142">
        <ele>1025.910287974955</ele>
      </trkpt>
      <trkpt lat="36.880166" lon="138.294151">
        <ele>1026.058504883722</ele>
      </trkpt>
      <trkpt lat="36.880179" lon="138.294157">
        <ele>1026.1664539106198</ele>
      </trkpt>
      <trkpt lat="36.88021" lon="138.294175">
        <ele>1026.4277423572266</ele>
      </trkpt>
      <trkpt lat="36.880238" lon="138.294186">
        <ele>1026.631854044111</ele>
      </trkpt>
      <trkpt lat="36.880251" lon="138.294189">
        <ele>1026.6934048070611</ele>
      </trkpt>
      <trkpt lat="36.880262" lon="138.294191">
        <ele>1026.7396231277753</ele>
      </trkpt>
      <trkpt lat="36.880274" lon="138.294198">
        <ele>1026.825584390431</ele>
      </trkpt>
      <trkpt lat="36.880283" lon="138.294202">
        <ele>1026.8789337591243</ele>
      </trkpt>
      <trkpt lat="36.880294" lon="138.294209">
        <ele>1026.9577084547025</ele>
      </trkpt>
      <trkpt lat="36.880317" lon="138.294221">
        <ele>1027.073861973175</ele>
      </trkpt>
      <trkpt lat="36.880335" lon="138.294231">
        <ele>1027.1437670400378</ele>
      </trkpt>
      <trkpt lat="36.880363" lon="138.294257">
        <ele>1027.325520213322</ele>
      </trkpt>
      <trkpt lat="36.880378" lon="138.294268">
        <ele>1027.3952459875975</ele>
      </trkpt>
      <trkpt lat="36.880394" lon="138.294271">
        <ele>1027.3626172234317</ele>
      </trkpt>
      <trkpt lat="36.880407" lon="138.294275">
        <ele>1027.34338812288</ele>
      </trkpt>
      <trkpt lat="36.880419" lon="138.294283">
        <ele>1027.3457134793057</ele>
      </trkpt>
      <trkpt lat="36.880422" lon="138.294298">
        <ele>1027.4068792087035</ele>
      </trkpt>
      <trkpt lat="36.880435" lon="138.294316">
        <ele>1027.452894823347</ele>
      </trkpt>
      <trkpt lat="36.880447" lon="138.294328">
        <ele>1027.4712709351093</ele>
      </trkpt>
      <trkpt lat="36.880465" lon="138.294344">
        <ele>1027.4693927425337</ele>
      </trkpt>
      <trkpt lat="36.880498" lon="138.294366">
        <ele>1027.4244164650338</ele>
      </trkpt>
      <trkpt lat="36.880516" lon="138.294375">
        <ele>1027.3939804408544</ele>
      </trkpt>
      <trkpt lat="36.880543" lon="138.294387">
        <ele>1027.378694003694</ele>
      </trkpt>
      <trkpt lat="36.880554" lon="138.294397">
        <ele>1027.382889717518</ele>
      </trkpt>
      <trkpt lat="36.880569" lon="138.29441">
        <ele>1027.374818897241</ele>
      </trkpt>
      <trkpt lat="36.880591" lon="138.294428">
        <ele>1027.358432822472</ele>
      </trkpt>
      <trkpt lat="36.880604" lon="138.294436">
        <ele>1027.3586590683974</ele>
      </trkpt>
      <trkpt lat="36.880636" lon="138.29445">
        <ele>1027.3609870953583</ele>
      </trkpt>
      <trkpt lat="36.880669" lon="138.294469">
        <ele>1027.3496724179022</ele>
      </trkpt>
      <trkpt lat="36.880701" lon="138.294498">
        <ele>1027.35781484414</ele>
      </trkpt>
      <trkpt lat="36.880718" lon="138.294514">
        <ele>1027.3642157988636</ele>
      </trkpt>
      <trkpt lat="36.880735" lon="138.294554">
        <ele>1027.3745385162542</ele>
      </trkpt>
      <trkpt lat="36.880743" lon="138.294571">
        <ele>1027.3675413941971</ele>
      </trkpt>
      <trkpt lat="36.880767" lon="138.294601">
        <ele>1027.2976164519791</ele>
      </trkpt>
      <trkpt lat="36.880782" lon="138.294617">
        <ele>1027.2416626272852</ele>
      </trkpt>
      <trkpt lat="36.880815" lon="138.29465">
        <ele>1027.0072720894132</ele>
      </trkpt>
      <trkpt lat="36.880834" lon="138.294668">
        <ele>1026.86219532271</ele>
      </trkpt>
      <trkpt lat="36.88085" lon="138.294683">
        <ele>1026.7398414212287</ele>
      </trkpt>
      <trkpt lat="36.880865" lon="138.294699">
        <ele>1026.6123109258717</ele>
      </trkpt>
      <trkpt lat="36.880897" lon="138.294734">
        <ele>1026.2860403669536</ele>
      </trkpt>
      <trkpt lat="36.880926" lon="138.294769">
        <ele>1025.9878214548755</ele>
      </trkpt>
      <trkpt lat="36.880957" lon="138.294811">
        <ele>1025.530509123893</ele>
      </trkpt>
      <trkpt lat="36.880996" lon="138.294848">
        <ele>1024.9971512017773</ele>
      </trkpt>
      <trkpt lat="36.881039" lon="138.294883">
        <ele>1024.4664823507069</ele>
      </trkpt>
      <trkpt lat="36.881059" lon="138.294903">
        <ele>1024.2372216833483</ele>
      </trkpt>
      <trkpt lat="36.881076" lon="138.294923">
        <ele>1024.0609619064494</ele>
      </trkpt>
      <trkpt lat="36.881092" lon="138.294947">
        <ele>1023.8978261934598</ele>
      </trkpt>
      <trkpt lat="36.881106" lon="138.294972">
        <ele>1023.7681897391237</ele>
      </trkpt>
      <trkpt lat="36.88113" lon="138.29502">
        <ele>1023.5857899391985</ele>
      </trkpt>
      <trkpt lat="36.881141" lon="138.295043">
        <ele>1023.5311311874099</ele>
      </trkpt>
      <trkpt lat="36.881154" lon="138.295064">
        <ele>1023.4697441836744</ele>
      </trkpt>
      <trkpt lat="36.881178" lon="138.29512">
        <ele>1023.4145708667421</ele>
      </trkpt>
      <trkpt lat="36.881189" lon="138.295141">
        <ele>1023.3999465160002</ele>
      </trkpt>
      <trkpt lat="36.881204" lon="138.295161">
        <ele>1023.3564319339588</ele>
      </trkpt>
      <trkpt lat="36.881218" lon="138.295179">
        <ele>1023.31680698162</ele>
      </trkpt>
      <trkpt lat="36.881254" lon="138.295217">
        <ele>1023.2029410488783</ele>
      </trkpt>
      <trkpt lat="36.881296" lon="138.29525">
        <ele>1023.0946787728005</ele>
      </trkpt>
      <trkpt lat="36.881333" lon="138.295274">
        <ele>1022.9665537449864</ele>
      </trkpt>
      <trkpt lat="36.881351" lon="138.295289">
        <ele>1022.9002802816435</ele>
      </trkpt>
      <trkpt lat="36.881372" lon="138.2953">
        <ele>1022.8070480713623</ele>
      </trkpt>
      <trkpt lat="36.88139" lon="138.295314">
        <ele>1022.7674194338734</ele>
      </trkpt>
      <trkpt lat="36.881408" lon="138.295327">
        <ele>1022.7276614650275</ele>
      </trkpt>
      <trkpt lat="36.881441" lon="138.295363">
        <ele>1022.7231848958858</ele>
      </trkpt>
      <trkpt lat="36.88146" lon="138.295379">
        <ele>1022.6707175367242</ele>
      </trkpt>
      <trkpt lat="36.881495" lon="138.295422">
        <ele>1022.6755928461082</ele>
      </trkpt>
      <trkpt lat="36.881521" lon="138.295463">
        <ele>1022.7035453039426</ele>
      </trkpt>
      <trkpt lat="36.881533" lon="138.295483">
        <ele>1022.7378352385949</ele>
      </trkpt>
      <trkpt lat="36.881543" lon="138.295504">
        <ele>1022.8021527675916</ele>
      </trkpt>
      <trkpt lat="36.881555" lon="138.295554">
        <ele>1023.0759449462178</ele>
      </trkpt>
      <trkpt lat="36.881549" lon="138.295582">
        <ele>1023.3076801374856</ele>
      </trkpt>
      <trkpt lat="36.881537" lon="138.295606">
        <ele>1023.549628167833</ele>
      </trkpt>
      <trkpt lat="36.881527" lon="138.295633">
        <ele>1023.8280922247106</ele>
      </trkpt>
      <trkpt lat="36.88151" lon="138.295679">
        <ele>1024.302296662052</ele>
      </trkpt>
      <trkpt lat="36.881503" lon="138.295703">
        <ele>1024.538815002517</ele>
      </trkpt>
      <trkpt lat="36.881489" lon="138.295751">
        <ele>1024.9836288104773</ele>
      </trkpt>
      <trkpt lat="36.881485" lon="138.295775">
        <ele>1025.1747061955748</ele>
      </trkpt>
      <trkpt lat="36.881478" lon="138.295833">
        <ele>1025.4783810026943</ele>
      </trkpt>
      <trkpt lat="36.881474" lon="138.295892">
        <ele>1025.5016862241553</ele>
      </trkpt>
      <trkpt lat="36.881472" lon="138.295924">
        <ele>1025.8411349883181</ele>
      </trkpt>
      <trkpt lat="36.881477" lon="138.295963">
        <ele>1025.8633762455793</ele>
      </trkpt>
      <trkpt lat="36.881489" lon="138.295971">
        <ele>1025.8202601679147</ele>
      </trkpt>
      <trkpt lat="36.881509" lon="138.29598">
        <ele>1025.7433513208766</ele>
      </trkpt>
      <trkpt lat="36.881515" lon="138.295994">
        <ele>1025.6788607111546</ele>
      </trkpt>
      <trkpt lat="36.881516" lon="138.296012">
        <ele>1025.5954460382588</ele>
      </trkpt>
      <trkpt lat="36.881534" lon="138.296056">
        <ele>1025.3665858009556</ele>
      </trkpt>
      <trkpt lat="36.881547" lon="138.29607">
        <ele>1025.2944370349646</ele>
      </trkpt>
      <trkpt lat="36.881551" lon="138.29609">
        <ele>1025.1286806075739</ele>
      </trkpt>
      <trkpt lat="36.881554" lon="138.296125">
        <ele>1024.8464455036992</ele>
      </trkpt>
      <trkpt lat="36.881559" lon="138.296142">
        <ele>1024.7098082546681</ele>
      </trkpt>
      <trkpt lat="36.881562" lon="138.296166">
        <ele>1024.4624618502708</ele>
      </trkpt>
      <trkpt lat="36.881558" lon="138.296214">
        <ele>1023.8029542748417</ele>
      </trkpt>
      <trkpt lat="36.881565" lon="138.296254">
        <ele>1023.2222872182678</ele>
      </trkpt>
      <trkpt lat="36.881584" lon="138.296296">
        <ele>1022.5998645097286</ele>
      </trkpt>
      <trkpt lat="36.881587" lon="138.296318">
        <ele>1022.2709637263451</ele>
      </trkpt>
      <trkpt lat="36.881594" lon="138.296342">
        <ele>1021.9282037558426</ele>
      </trkpt>
      <trkpt lat="36.881605" lon="138.296382">
        <ele>1021.3522908185469</ele>
      </trkpt>
      <trkpt lat="36.881609" lon="138.296402">
        <ele>1021.0608222104881</ele>
      </trkpt>
      <trkpt lat="36.881617" lon="138.296418">
        <ele>1020.8520384448159</ele>
      </trkpt>
      <trkpt lat="36.881627" lon="138.296432">
        <ele>1020.6547046206408</ele>
      </trkpt>
      <trkpt lat="36.881632" lon="138.296448">
        <ele>1020.3770900751891</ele>
      </trkpt>
      <trkpt lat="36.881642" lon="138.296464">
        <ele>1020.1571867789695</ele>
      </trkpt>
      <trkpt lat="36.881647" lon="138.296478">
        <ele>1019.9326884169055</ele>
      </trkpt>
      <trkpt lat="36.881652" lon="138.296524">
        <ele>1018.9297036466667</ele>
      </trkpt>
      <trkpt lat="36.881662" lon="138.29656">
        <ele>1018.144574008439</ele>
      </trkpt>
      <trkpt lat="36.881665" lon="138.296574">
        <ele>1017.835404650277</ele>
      </trkpt>
      <trkpt lat="36.881689" lon="138.296594">
        <ele>1017.653248892865</ele>
      </trkpt>
      <trkpt lat="36.881702" lon="138.296598">
        <ele>1017.7413810727264</ele>
      </trkpt>
      <trkpt lat="36.881718" lon="138.2966">
        <ele>1017.9468601113101</ele>
      </trkpt>
      <trkpt lat="36.881729" lon="138.29659">
        <ele>1018.4328655235079</ele>
      </trkpt>
      <trkpt lat="36.881745" lon="138.296592">
        <ele>1018.6345772266685</ele>
      </trkpt>
      <trkpt lat="36.881769" lon="138.296598">
        <ele>1018.854537156077</ele>
      </trkpt>
      <trkpt lat="36.881811" lon="138.2966">
        <ele>1019.4918524125156</ele>
      </trkpt>
      <trkpt lat="36.88186" lon="138.296598">
        <ele>1020.2381388130166</ele>
      </trkpt>
      <trkpt lat="36.881884" lon="138.296592">
        <ele>1020.7090300205497</ele>
      </trkpt>
      <trkpt lat="36.88192" lon="138.296586">
        <ele>1021.2247034975169</ele>
      </trkpt>
      <trkpt lat="36.881938" lon="138.296604">
        <ele>1021.0371007899773</ele>
      </trkpt>
      <trkpt lat="36.881953" lon="138.296624">
        <ele>1020.8064589387129</ele>
      </trkpt>
      <trkpt lat="36.881969" lon="138.296646">
        <ele>1020.5607997241042</ele>
      </trkpt>
      <trkpt lat="36.881978" lon="138.296666">
        <ele>1020.2947936926573</ele>
      </trkpt>
      <trkpt lat="36.881993" lon="138.296708">
        <ele>1019.3916797850777</ele>
      </trkpt>
      <trkpt lat="36.882007" lon="138.296724">
        <ele>1019.1780761663947</ele>
      </trkpt>
      <trkpt lat="36.882036" lon="138.296744">
        <ele>1019.1131178858268</ele>
      </trkpt>
      <trkpt lat="36.882051" lon="138.296744">
        <ele>1019.3372339032359</ele>
      </trkpt>
      <trkpt lat="36.882065" lon="138.296739">
        <ele>1019.6569700556246</ele>
      </trkpt>
      <trkpt lat="36.882077" lon="138.296731">
        <ele>1019.9999238228352</ele>
      </trkpt>
      <trkpt lat="36.8821" lon="138.296714">
        <ele>1020.6093762365651</ele>
      </trkpt>
      <trkpt lat="36.882137" lon="138.296701">
        <ele>1021.1339298182968</ele>
      </trkpt>
      <trkpt lat="36.882148" lon="138.296691">
        <ele>1021.3845114872732</ele>
      </trkpt>
      <trkpt lat="36.882176" lon="138.296671">
        <ele>1021.7986811702634</ele>
      </trkpt>
      <trkpt lat="36.882206" lon="138.296665">
        <ele>1021.8505862321338</ele>
      </trkpt>
      <trkpt lat="36.882236" lon="138.296653">
        <ele>1021.9326382049122</ele>
      </trkpt>
      <trkpt lat="36.882245" lon="138.296645">
        <ele>1021.9750877577795</ele>
      </trkpt>
      <trkpt lat="36.882257" lon="138.296633">
        <ele>1022.0337131361119</ele>
      </trkpt>
      <trkpt lat="36.882292" lon="138.296616">
        <ele>1022.0402652536677</ele>
      </trkpt>
      <trkpt lat="36.88234" lon="138.296596">
        <ele>1021.8392567870134</ele>
      </trkpt>
      <trkpt lat="36.882368" lon="138.296573">
        <ele>1021.7281108978211</ele>
      </trkpt>
      <trkpt lat="36.88238" lon="138.296562">
        <ele>1021.6267257111153</ele>
      </trkpt>
      <trkpt lat="36.88239" lon="138.29656">
        <ele>1021.5171887230135</ele>
      </trkpt>
      <trkpt lat="36.882423" lon="138.296579">
        <ele>1021.0662380686974</ele>
      </trkpt>
      <trkpt lat="36.88246" lon="138.296608">
        <ele>1020.3906358557299</ele>
      </trkpt>
      <trkpt lat="36.882501" lon="138.296625">
        <ele>1019.614571560734</ele>
      </trkpt>
      <trkpt lat="36.88252" lon="138.296639">
        <ele>1019.1785844697645</ele>
      </trkpt>
      <trkpt lat="36.882541" lon="138.296658">
        <ele>1018.6844616278173</ele>
      </trkpt>
      <trkpt lat="36.882554" lon="138.296681">
        <ele>1018.3588094992568</ele>
      </trkpt>
      <trkpt lat="36.882577" lon="138.296726">
        <ele>1017.7703216222299</ele>
      </trkpt>
      <trkpt lat="36.882589" lon="138.296739">
        <ele>1017.4576872277914</ele>
      </trkpt>
      <trkpt lat="36.882626" lon="138.296755">
        <ele>1016.5614161774968</ele>
      </trkpt>
      <trkpt lat="36.882672" lon="138.296785">
        <ele>1015.4569734024706</ele>
      </trkpt>
      <trkpt lat="36.882688" lon="138.296809">
        <ele>1015.0874301743585</ele>
      </trkpt>
      <trkpt lat="36.882702" lon="138.296858">
        <ele>1014.7834869075385</ele>
      </trkpt>
      <trkpt lat="36.882731" lon="138.296897">
        <ele>1014.1311873452396</ele>
      </trkpt>
      <trkpt lat="36.882751" lon="138.296914">
        <ele>1013.6953606369885</ele>
      </trkpt>
      <trkpt lat="36.882768" lon="138.296931">
        <ele>1013.3360174224712</ele>
      </trkpt>
      <trkpt lat="36.882783" lon="138.296948">
        <ele>1013.038139611092</ele>
      </trkpt>
      <trkpt lat="36.882818" lon="138.296967">
        <ele>1012.3951577279978</ele>
      </trkpt>
      <trkpt lat="36.882837" lon="138.296978">
        <ele>1012.0671702427783</ele>
      </trkpt>
      <trkpt lat="36.882854" lon="138.296993">
        <ele>1011.8000383982903</ele>
      </trkpt>
      <trkpt lat="36.882874" lon="138.297007">
        <ele>1011.470255211904</ele>
      </trkpt>
      <trkpt lat="36.882894" lon="138.297031">
        <ele>1011.1761682157695</ele>
      </trkpt>
      <trkpt lat="36.882916" lon="138.297058">
        <ele>1010.9041673101376</ele>
      </trkpt>
      <trkpt lat="36.882937" lon="138.297079">
        <ele>1010.6655500852273</ele>
      </trkpt>
      <trkpt lat="36.882954" lon="138.297097">
        <ele>1010.477051146934</ele>
      </trkpt>
      <trkpt lat="36.882968" lon="138.297111">
        <ele>1010.3214401266251</ele>
      </trkpt>
      <trkpt lat="36.882983" lon="138.297122">
        <ele>1010.1525963501933</ele>
      </trkpt>
      <trkpt lat="36.883012" lon="138.297143">
        <ele>1009.8917637728621</ele>
      </trkpt>
      <trkpt lat="36.883027" lon="138.29716">
        <ele>1009.7941541691546</ele>
      </trkpt>
      <trkpt lat="36.883053" lon="138.297201">
        <ele>1009.6919058193859</ele>
      </trkpt>
      <trkpt lat="36.883066" lon="138.297223">
        <ele>1009.678846186072</ele>
      </trkpt>
      <trkpt lat="36.883075" lon="138.297244">
        <ele>1009.696019990729</ele>
      </trkpt>
      <trkpt lat="36.883099" lon="138.297272">
        <ele>1009.5687325260978</ele>
      </trkpt>
      <trkpt lat="36.883114" lon="138.297285">
        <ele>1009.4511450877948</ele>
      </trkpt>
      <trkpt lat="36.883129" lon="138.297291">
        <ele>1009.3158443373649</ele>
      </trkpt>
      <trkpt lat="36.883142" lon="138.297303">
        <ele>1009.2308865448581</ele>
      </trkpt>
      <trkpt lat="36.883156" lon="138.297312">
        <ele>1009.1174547299529</ele>
      </trkpt>
      <trkpt lat="36.883185" lon="138.297339">
        <ele>1008.8988922093599</ele>
      </trkpt>
      <trkpt lat="36.883214" lon="138.297371">
        <ele>1008.593549164595</ele>
      </trkpt>
      <trkpt lat="36.883225" lon="138.297392">
        <ele>1008.449344813871</ele>
      </trkpt>
      <trkpt lat="36.883235" lon="138.297414">
        <ele>1008.3182499317458</ele>
      </trkpt>
      <trkpt lat="36.883254" lon="138.29744">
        <ele>1008.0691696082243</ele>
      </trkpt>
      <trkpt lat="36.883268" lon="138.297461">
        <ele>1007.8423125044498</ele>
      </trkpt>
      <trkpt lat="36.883287" lon="138.297476">
        <ele>1007.5331402533211</ele>
      </trkpt>
      <trkpt lat="36.883302" lon="138.297488">
        <ele>1007.2958203252603</ele>
      </trkpt>
      <trkpt lat="36.883328" lon="138.297516">
        <ele>1006.8988433327295</ele>
      </trkpt>
      <trkpt lat="36.883336" lon="138.297537">
        <ele>1006.7536156917479</ele>
      </trkpt>
      <trkpt lat="36.883369" lon="138.297572">
        <ele>1006.1720616497221</ele>
      </trkpt>
      <trkpt lat="36.883409" lon="138.297608">
        <ele>1005.5062607511327</ele>
      </trkpt>
      <trkpt lat="36.883426" lon="138.297625">
        <ele>1005.2220067966108</ele>
      </trkpt>
      <trkpt lat="36.883447" lon="138.297645">
        <ele>1004.8828858307123</ele>
      </trkpt>
      <trkpt lat="36.883484" lon="138.297685">
        <ele>1004.3388075724546</ele>
      </trkpt>
      <trkpt lat="36.883492" lon="138.29771">
        <ele>1004.2532474042355</ele>
      </trkpt>
      <trkpt lat="36.883502" lon="138.297734">
        <ele>1004.1386743686809</ele>
      </trkpt>
      <trkpt lat="36.883527" lon="138.297779">
        <ele>1003.8721570179398</ele>
      </trkpt>
      <trkpt lat="36.883536" lon="138.297802">
        <ele>1003.7942732641607</ele>
      </trkpt>
      <trkpt lat="36.883543" lon="138.297823">
        <ele>1003.7472979455317</ele>
      </trkpt>
      <trkpt lat="36.883551" lon="138.297832">
        <ele>1003.6796414019964</ele>
      </trkpt>
      <trkpt lat="36.883576" lon="138.297845">
        <ele>1003.4604748553968</ele>
      </trkpt>
      <trkpt lat="36.883611" lon="138.29787">
        <ele>1003.2164265378718</ele>
      </trkpt>
      <trkpt lat="36.883628" lon="138.297887">
        <ele>1003.0899653009776</ele>
      </trkpt>
      <trkpt lat="36.883642" lon="138.297913">
        <ele>1003.009303326272</ele>
      </trkpt>
      <trkpt lat="36.883669" lon="138.297959">
        <ele>1002.91269263597</ele>
      </trkpt>
      <trkpt lat="36.883689" lon="138.297982">
        <ele>1002.8105145646964</ele>
      </trkpt>
      <trkpt lat="36.883708" lon="138.298">
        <ele>1002.7375365549165</ele>
      </trkpt>
      <trkpt lat="36.883742" lon="138.298034">
        <ele>1002.6688152722838</ele>
      </trkpt>
      <trkpt lat="36.883759" lon="138.298046">
        <ele>1002.6411738324683</ele>
      </trkpt>
      <trkpt lat="36.883776" lon="138.298059">
        <ele>1002.5783466378637</ele>
      </trkpt>
      <trkpt lat="36.883794" lon="138.298071">
        <ele>1002.5290438221293</ele>
      </trkpt>
      <trkpt lat="36.883822" lon="138.298094">
        <ele>1002.463809347658</ele>
      </trkpt>
      <trkpt lat="36.883839" lon="138.298106">
        <ele>1002.4306788758093</ele>
      </trkpt>
      <trkpt lat="36.883851" lon="138.298121">
        <ele>1002.4250503630942</ele>
      </trkpt>
      <trkpt lat="36.883861" lon="138.298139">
        <ele>1002.3977175281951</ele>
      </trkpt>
      <trkpt lat="36.883873" lon="138.298156">
        <ele>1002.3418838248334</ele>
      </trkpt>
      <trkpt lat="36.883907" lon="138.298178">
        <ele>1002.3803207782271</ele>
      </trkpt>
      <trkpt lat="36.88393" lon="138.2982">
        <ele>1002.439470066487</ele>
      </trkpt>
      <trkpt lat="36.883957" lon="138.298218">
        <ele>1002.5185266131476</ele>
      </trkpt>
      <trkpt lat="36.883972" lon="138.298223">
        <ele>1002.5328058372796</ele>
      </trkpt>
      <trkpt lat="36.883997" lon="138.298235">
        <ele>1002.548658821006</ele>
      </trkpt>
      <trkpt lat="36.884006" lon="138.29825">
        <ele>1002.5065155741222</ele>
      </trkpt>
      <trkpt lat="36.884014" lon="138.298267">
        <ele>1002.4596044204774</ele>
      </trkpt>
      <trkpt lat="36.884027" lon="138.298281">
        <ele>1002.4651657212885</ele>
      </trkpt>
      <trkpt lat="36.884037" lon="138.298294">
        <ele>1002.4643088152442</ele>
      </trkpt>
      <trkpt lat="36.884047" lon="138.2983">
        <ele>1002.4966199554821</ele>
      </trkpt>
      <trkpt lat="36.884063" lon="138.298304">
        <ele>1002.5652015202642</ele>
      </trkpt>
      <trkpt lat="36.884091" lon="138.298322">
        <ele>1002.5953033190714</ele>
      </trkpt>
      <trkpt lat="36.884128" lon="138.298332">
        <ele>1002.7074522440314</ele>
      </trkpt>
      <trkpt lat="36.884147" lon="138.298338">
        <ele>1002.7648145744902</ele>
      </trkpt>
      <trkpt lat="36.884162" lon="138.29835">
        <ele>1002.7587350804515</ele>
      </trkpt>
      <trkpt lat="36.884176" lon="138.298365">
        <ele>1002.7446925007716</ele>
      </trkpt>
      <trkpt lat="36.884191" lon="138.298375">
        <ele>1002.7766131013066</ele>
      </trkpt>
      <trkpt lat="36.884207" lon="138.298385">
        <ele>1002.8295054033608</ele>
      </trkpt>
      <trkpt lat="36.884244" lon="138.298392">
        <ele>1002.8584747048039</ele>
      </trkpt>
      <trkpt lat="36.884259" lon="138.298397">
        <ele>1002.8192862575072</ele>
      </trkpt>
      <trkpt lat="36.884299" lon="138.298396">
        <ele>1002.8436319163966</ele>
      </trkpt>
      <trkpt lat="36.884318" lon="138.298404">
        <ele>1002.8010307084236</ele>
      </trkpt>
      <trkpt lat="36.88434" lon="138.298415">
        <ele>1002.7554555430163</ele>
      </trkpt>
      <trkpt lat="36.884362" lon="138.298429">
        <ele>1002.6940131123843</ele>
      </trkpt>
      <trkpt lat="36.884393" lon="138.298459">
        <ele>1002.4983090503185</ele>
      </trkpt>
      <trkpt lat="36.88441" lon="138.298473">
        <ele>1002.4248647510282</ele>
      </trkpt>
      <trkpt lat="36.884435" lon="138.298485">
        <ele>1002.2707141970659</ele>
      </trkpt>
      <trkpt lat="36.884451" lon="138.298494">
        <ele>1002.1412446697968</ele>
      </trkpt>
      <trkpt lat="36.884467" lon="138.298504">
        <ele>1002.0147742229736</ele>
      </trkpt>
      <trkpt lat="36.884482" lon="138.298518">
        <ele>1001.8770873408746</ele>
      </trkpt>
      <trkpt lat="36.884502" lon="138.298531">
        <ele>1001.7234961148356</ele>
      </trkpt>
      <trkpt lat="36.884519" lon="138.298543">
        <ele>1001.5545399205299</ele>
      </trkpt>
      <trkpt lat="36.884533" lon="138.298549">
        <ele>1001.4380158536608</ele>
      </trkpt>
      <trkpt lat="36.884553" lon="138.298551">
        <ele>1001.3098342211458</ele>
      </trkpt>
      <trkpt lat="36.884585" lon="138.298558">
        <ele>1001.0817459716311</ele>
      </trkpt>
      <trkpt lat="36.884613" lon="138.298572">
        <ele>1000.7931295668715</ele>
      </trkpt>
      <trkpt lat="36.884642" lon="138.298587">
        <ele>1000.4607050855898</ele>
      </trkpt>
      <trkpt lat="36.884656" lon="138.298595">
        <ele>1000.2736056767437</ele>
      </trkpt>
      <trkpt lat="36.884665" lon="138.298598">
        <ele>1000.1741191335359</ele>
      </trkpt>
      <trkpt lat="36.88469" lon="138.298606">
        <ele>999.9053566114718</ele>
      </trkpt>
      <trkpt lat="36.884711" lon="138.298605">
        <ele>999.7318727946379</ele>
      </trkpt>
      <trkpt lat="36.884728" lon="138.298607">
        <ele>999.5563561457795</ele>
      </trkpt>
      <trkpt lat="36.884768" lon="138.298614">
        <ele>999.1318278866144</ele>
      </trkpt>
      <trkpt lat="36.884791" lon="138.298615">
        <ele>998.8497820508788</ele>
      </trkpt>
      <trkpt lat="36.884846" lon="138.298624">
        <ele>998.1408542035008</ele>
      </trkpt>
      <trkpt lat="36.884892" lon="138.298636">
        <ele>997.596443999682</ele>
      </trkpt>
      <trkpt lat="36.884936" lon="138.298648">
        <ele>997.1250054245362</ele>
      </trkpt>
      <trkpt lat="36.884957" lon="138.298656">
        <ele>996.8855444103025</ele>
      </trkpt>
      <trkpt lat="36.884975" lon="138.298654">
        <ele>996.7422079879801</ele>
      </trkpt>
      <trkpt lat="36.885012" lon="138.29865">
        <ele>996.552924779897</ele>
      </trkpt>
      <trkpt lat="36.885033" lon="138.298644">
        <ele>996.4689462041497</ele>
      </trkpt>
      <trkpt lat="36.885054" lon="138.298642">
        <ele>996.3673213424069</ele>
      </trkpt>
      <trkpt lat="36.88509" lon="138.29864">
        <ele>996.2135955505291</ele>
      </trkpt>
      <trkpt lat="36.885129" lon="138.29864">
        <ele>996.0660857048333</ele>
      </trkpt>
      <trkpt lat="36.885177" lon="138.298642">
        <ele>995.9234996525835</ele>
      </trkpt>
      <trkpt lat="36.885196" lon="138.29864">
        <ele>995.8952237070507</ele>
      </trkpt>
      <trkpt lat="36.885215" lon="138.298638">
        <ele>995.871783070965</ele>
      </trkpt>
      <trkpt lat="36.88525" lon="138.298652">
        <ele>995.7514564173307</ele>
      </trkpt>
      <trkpt lat="36.885289" lon="138.298666">
        <ele>995.6671604201736</ele>
      </trkpt>
      <trkpt lat="36.885312" lon="138.298672">
        <ele>995.6397024098128</ele>
      </trkpt>
      <trkpt lat="36.885332" lon="138.298672">
        <ele>995.6620191750128</ele>
      </trkpt>
      <trkpt lat="36.885375" lon="138.298678">
        <ele>995.6897026050385</ele>
      </trkpt>
      <trkpt lat="36.885392" lon="138.298686">
        <ele>995.6644183028063</ele>
      </trkpt>
      <trkpt lat="36.885408" lon="138.298694">
        <ele>995.6317293648676</ele>
      </trkpt>
      <trkpt lat="36.885426" lon="138.298706">
        <ele>995.5846326695032</ele>
      </trkpt>
      <trkpt lat="36.885465" lon="138.298725">
        <ele>995.5134565334812</ele>
      </trkpt>
      <trkpt lat="36.88549" lon="138.298736">
        <ele>995.3936185191474</ele>
      </trkpt>
      <trkpt lat="36.885512" lon="138.298744">
        <ele>995.2778741672353</ele>
      </trkpt>
      <trkpt lat="36.885539" lon="138.29875">
        <ele>995.1670076886056</ele>
      </trkpt>
      <trkpt lat="36.88557" lon="138.298772">
        <ele>994.8999281262456</ele>
      </trkpt>
      <trkpt lat="36.8856" lon="138.29881">
        <ele>994.5331016204543</ele>
      </trkpt>
      <trkpt lat="36.885613" lon="138.29883">
        <ele>994.2922233125639</ele>
      </trkpt>
      <trkpt lat="36.88562" lon="138.29885">
        <ele>994.0494151040323</ele>
      </trkpt>
      <trkpt lat="36.88564" lon="138.298886">
        <ele>993.6114823489672</ele>
      </trkpt>
      <trkpt lat="36.885651" lon="138.298898">
        <ele>993.4642915999415</ele>
      </trkpt>
      <trkpt lat="36.885679" lon="138.298908">
        <ele>993.3081630756749</ele>
      </trkpt>
      <trkpt lat="36.885695" lon="138.29891">
        <ele>993.2644403151768</ele>
      </trkpt>
      <trkpt lat="36.885711" lon="138.298918">
        <ele>993.1559576588548</ele>
      </trkpt>
      <trkpt lat="36.885739" lon="138.29894">
        <ele>992.8933319210221</ele>
      </trkpt>
      <trkpt lat="36.885756" lon="138.298954">
        <ele>992.7306459169827</ele>
      </trkpt>
      <trkpt lat="36.885792" lon="138.298982">
        <ele>992.4533133741218</ele>
      </trkpt>
      <trkpt lat="36.88581" lon="138.299">
        <ele>992.2685919504743</ele>
      </trkpt>
      <trkpt lat="36.885838" lon="138.299032">
        <ele>991.9718050207678</ele>
      </trkpt>
      <trkpt lat="36.88585" lon="138.299042">
        <ele>991.9019145942407</ele>
      </trkpt>
      <trkpt lat="36.885865" lon="138.299054">
        <ele>991.8353073649006</ele>
      </trkpt>
      <trkpt lat="36.885894" lon="138.299073">
        <ele>991.7071656442031</ele>
      </trkpt>
      <trkpt lat="36.885916" lon="138.299102">
        <ele>991.4308677040649</ele>
      </trkpt>
      <trkpt lat="36.885942" lon="138.299126">
        <ele>991.2138660660337</ele>
      </trkpt>
      <trkpt lat="36.885954" lon="138.299144">
        <ele>991.0444603304687</ele>
      </trkpt>
      <trkpt lat="36.885966" lon="138.299162">
        <ele>990.8777344094123</ele>
      </trkpt>
      <trkpt lat="36.885985" lon="138.299202">
        <ele>990.4451476642207</ele>
      </trkpt>
      <trkpt lat="36.885992" lon="138.299216">
        <ele>990.3001693315063</ele>
      </trkpt>
      <trkpt lat="36.886002" lon="138.29922">
        <ele>990.2675036696519</ele>
      </trkpt>
      <trkpt lat="36.886036" lon="138.299223">
        <ele>990.1500794065657</ele>
      </trkpt>
      <trkpt lat="36.886076" lon="138.299234">
        <ele>989.9169849412629</ele>
      </trkpt>
      <trkpt lat="36.886107" lon="138.29925">
        <ele>989.6504109302078</ele>
      </trkpt>
      <trkpt lat="36.886122" lon="138.299254">
        <ele>989.5554472701164</ele>
      </trkpt>
      <trkpt lat="36.886137" lon="138.299262">
        <ele>989.4092198851522</ele>
      </trkpt>
      <trkpt lat="36.886152" lon="138.299273">
        <ele>989.1829020406735</ele>
      </trkpt>
      <trkpt lat="36.886185" lon="138.299292">
        <ele>988.7376112588707</ele>
      </trkpt>
      <trkpt lat="36.886219" lon="138.299314">
        <ele>988.2971634997061</ele>
      </trkpt>
      <trkpt lat="36.886237" lon="138.299328">
        <ele>988.0093540065462</ele>
      </trkpt>
      <trkpt lat="36.886258" lon="138.299334">
        <ele>987.7681519355009</ele>
      </trkpt>
      <trkpt lat="36.886308" lon="138.299342">
        <ele>987.2632477960599</ele>
      </trkpt>
      <trkpt lat="36.886332" lon="138.299344">
        <ele>987.0408231818493</ele>
      </trkpt>
      <trkpt lat="36.886354" lon="138.299349">
        <ele>986.8065276693727</ele>
      </trkpt>
      <trkpt lat="36.886367" lon="138.299361">
        <ele>986.5912563416573</ele>
      </trkpt>
      <trkpt lat="36.88638" lon="138.299367">
        <ele>986.4291094118358</ele>
      </trkpt>
      <trkpt lat="36.886401" lon="138.299369">
        <ele>986.2274131983579</ele>
      </trkpt>
      <trkpt lat="36.886435" lon="138.299373">
        <ele>985.8645678818858</ele>
      </trkpt>
      <trkpt lat="36.886463" lon="138.299372">
        <ele>985.5629645295646</ele>
      </trkpt>
      <trkpt lat="36.886476" lon="138.299369">
        <ele>985.4348536593101</ele>
      </trkpt>
      <trkpt lat="36.886487" lon="138.299372">
        <ele>985.298845853736</ele>
      </trkpt>
      <trkpt lat="36.886502" lon="138.299369">
        <ele>985.1350706935341</ele>
      </trkpt>
      <trkpt lat="36.886512" lon="138.299366">
        <ele>985.0279637511062</ele>
      </trkpt>
      <trkpt lat="36.886521" lon="138.299358">
        <ele>984.9482075516382</ele>
      </trkpt>
      <trkpt lat="36.886538" lon="138.299362">
        <ele>984.7289680950162</ele>
      </trkpt>
      <trkpt lat="36.886557" lon="138.299361">
        <ele>984.5028266407558</ele>
      </trkpt>
      <trkpt lat="36.886589" lon="138.299358">
        <ele>984.1369087111212</ele>
      </trkpt>
      <trkpt lat="36.886612" lon="138.29935">
        <ele>983.8875220268043</ele>
      </trkpt>
      <trkpt lat="36.886631" lon="138.299346">
        <ele>983.667838691376</ele>
      </trkpt>
      <trkpt lat="36.886664" lon="138.299342">
        <ele>983.2550410782223</ele>
      </trkpt>
      <trkpt lat="36.886698" lon="138.299341">
        <ele>982.8110444740246</ele>
      </trkpt>
      <trkpt lat="36.886719" lon="138.299333">
        <ele>982.5047800192809</ele>
      </trkpt>
      <trkpt lat="36.886741" lon="138.299323">
        <ele>982.1562730548576</ele>
      </trkpt>
      <trkpt lat="36.886757" lon="138.299313">
        <ele>981.886489119526</ele>
      </trkpt>
      <trkpt lat="36.886775" lon="138.29931">
        <ele>981.6338579661223</ele>
      </trkpt>
      <trkpt lat="36.886804" lon="138.299313">
        <ele>981.2641508437</ele>
      </trkpt>
      <trkpt lat="36.886824" lon="138.299314">
        <ele>981.0054440250157</ele>
      </trkpt>
      <trkpt lat="36.88684" lon="138.299316">
        <ele>980.8185143683573</ele>
      </trkpt>
      <trkpt lat="36.886869" lon="138.299297">
        <ele>980.4141550385401</ele>
      </trkpt>
      <trkpt lat="36.886912" lon="138.299284">
        <ele>979.9090638657111</ele>
      </trkpt>
      <trkpt lat="36.886942" lon="138.299278">
        <ele>979.6258898857525</ele>
      </trkpt>
      <trkpt lat="36.886969" lon="138.299268">
        <ele>979.361492281733</ele>
      </trkpt>
      <trkpt lat="36.887025" lon="138.299251">
        <ele>978.9716101919128</ele>
      </trkpt>
      <trkpt lat="36.88705" lon="138.299247">
        <ele>978.858636572569</ele>
      </trkpt>
      <trkpt lat="36.887067" lon="138.299246">
        <ele>978.8071902849443</ele>
      </trkpt>
      <trkpt lat="36.887082" lon="138.299244">
        <ele>978.7547346231538</ele>
      </trkpt>
      <trkpt lat="36.887095" lon="138.299247">
        <ele>978.7257546296923</ele>
      </trkpt>
      <trkpt lat="36.887108" lon="138.299257">
        <ele>978.6804929277366</ele>
      </trkpt>
      <trkpt lat="36.887128" lon="138.299273">
        <ele>978.5827092490097</ele>
      </trkpt>
      <trkpt lat="36.887168" lon="138.299307">
        <ele>978.3523745268162</ele>
      </trkpt>
      <trkpt lat="36.887183" lon="138.299328">
        <ele>978.2429974298001</ele>
      </trkpt>
      <trkpt lat="36.887202" lon="138.299343">
        <ele>978.0952458776477</ele>
      </trkpt>
      <trkpt lat="36.887222" lon="138.299357">
        <ele>977.9304491616431</ele>
      </trkpt>
      <trkpt lat="36.887268" lon="138.299386">
        <ele>977.4493950528511</ele>
      </trkpt>
      <trkpt lat="36.887285" lon="138.299397">
        <ele>977.2384780083152</ele>
      </trkpt>
      <trkpt lat="36.887334" lon="138.299418">
        <ele>976.7184634395551</ele>
      </trkpt>
      <trkpt lat="36.887352" lon="138.299434">
        <ele>976.4452230733292</ele>
      </trkpt>
      <trkpt lat="36.88737" lon="138.299445">
        <ele>976.2081045687173</ele>
      </trkpt>
      <trkpt lat="36.887393" lon="138.299458">
        <ele>975.9268286657733</ele>
      </trkpt>
      <trkpt lat="36.887432" lon="138.299492">
        <ele>975.3248958137455</ele>
      </trkpt>
      <trkpt lat="36.887469" lon="138.29953">
        <ele>974.7471594877073</ele>
      </trkpt>
      <trkpt lat="36.887484" lon="138.299552">
        <ele>974.4483726084276</ele>
      </trkpt>
      <trkpt lat="36.887499" lon="138.2996">
        <ele>973.8029265603188</ele>
      </trkpt>
      <trkpt lat="36.887508" lon="138.299622">
        <ele>973.4714980275464</ele>
      </trkpt>
      <trkpt lat="36.887505" lon="138.29966">
        <ele>972.9659959265246</ele>
      </trkpt>
      <trkpt lat="36.887507" lon="138.299716">
        <ele>972.2365816269938</ele>
      </trkpt>
      <trkpt lat="36.887532" lon="138.299758">
        <ele>971.5899534722536</ele>
      </trkpt>
      <trkpt lat="36.887541" lon="138.299774">
        <ele>971.397504453053</ele>
      </trkpt>
      <trkpt lat="36.887548" lon="138.299789">
        <ele>971.2274902430372</ele>
      </trkpt>
      <trkpt lat="36.887568" lon="138.299824">
        <ele>970.802316022638</ele>
      </trkpt>
      <trkpt lat="36.887582" lon="138.299844">
        <ele>970.5375696613922</ele>
      </trkpt>
      <trkpt lat="36.887616" lon="138.299878">
        <ele>970.1446730283853</ele>
      </trkpt>
      <trkpt lat="36.887633" lon="138.29989">
        <ele>969.9890901738642</ele>
      </trkpt>
      <trkpt lat="36.887649" lon="138.299901">
        <ele>969.8393983048654</ele>
      </trkpt>
      <trkpt lat="36.887678" lon="138.299923">
        <ele>969.5709312122522</ele>
      </trkpt>
      <trkpt lat="36.887694" lon="138.299932">
        <ele>969.4458488275625</ele>
      </trkpt>
      <trkpt lat="36.887707" lon="138.299943">
        <ele>969.2819279915475</ele>
      </trkpt>
      <trkpt lat="36.88772" lon="138.299955">
        <ele>969.089209252876</ele>
      </trkpt>
      <trkpt lat="36.88773" lon="138.299966">
        <ele>968.9217525928358</ele>
      </trkpt>
      <trkpt lat="36.88774" lon="138.299982">
        <ele>968.6766643175167</ele>
      </trkpt>
      <trkpt lat="36.887756" lon="138.300023">
        <ele>968.0450112112578</ele>
      </trkpt>
      <trkpt lat="36.887769" lon="138.300042">
        <ele>967.7752436997516</ele>
      </trkpt>
      <trkpt lat="36.887778" lon="138.300063">
        <ele>967.4813547919792</ele>
      </trkpt>
      <trkpt lat="36.887792" lon="138.30008">
        <ele>967.2011600707458</ele>
      </trkpt>
      <trkpt lat="36.887817" lon="138.300122">
        <ele>966.5069004157225</ele>
      </trkpt>
      <trkpt lat="36.887842" lon="138.300147">
        <ele>966.0112806614553</ele>
      </trkpt>
      <trkpt lat="36.887857" lon="138.300161">
        <ele>965.7176752101434</ele>
      </trkpt>
      <trkpt lat="36.887875" lon="138.300179">
        <ele>965.3418393984824</ele>
      </trkpt>
      <trkpt lat="36.887892" lon="138.300196">
        <ele>964.9849868134468</ele>
      </trkpt>
      <trkpt lat="36.88791" lon="138.300236">
        <ele>964.3512897185924</ele>
      </trkpt>
      <trkpt lat="36.88794" lon="138.30027">
        <ele>963.6494292495614</ele>
      </trkpt>
      <trkpt lat="36.887954" lon="138.300287">
        <ele>963.3174677594199</ele>
      </trkpt>
      <trkpt lat="36.887963" lon="138.300306">
        <ele>963.0396220246232</ele>
      </trkpt>
      <trkpt lat="36.887996" lon="138.300345">
        <ele>962.3564281962158</ele>
      </trkpt>
      <trkpt lat="36.888011" lon="138.300366">
        <ele>962.0191972956667</ele>
      </trkpt>
      <trkpt lat="36.888024" lon="138.300389">
        <ele>961.7376887792196</ele>
      </trkpt>
      <trkpt lat="36.88803" lon="138.300408">
        <ele>961.5573884084799</ele>
      </trkpt>
      <trkpt lat="36.888056" lon="138.300436">
        <ele>961.1454337873766</ele>
      </trkpt>
      <trkpt lat="36.888075" lon="138.30045">
        <ele>960.8994946850572</ele>
      </trkpt>
      <trkpt lat="36.88809" lon="138.300465">
        <ele>960.7055466422094</ele>
      </trkpt>
      <trkpt lat="36.888123" lon="138.300497">
        <ele>960.3094168432079</ele>
      </trkpt>
      <trkpt lat="36.888144" lon="138.300529">
        <ele>960.0527750586721</ele>
      </trkpt>
      <trkpt lat="36.888159" lon="138.30055">
        <ele>959.9389112865263</ele>
      </trkpt>
      <trkpt lat="36.888187" lon="138.300589">
        <ele>959.7737048444349</ele>
      </trkpt>
      <trkpt lat="36.888197" lon="138.300605">
        <ele>959.72350621617</ele>
      </trkpt>
      <trkpt lat="36.888224" lon="138.300631">
        <ele>959.5768013695172</ele>
      </trkpt>
      <trkpt lat="36.888259" lon="138.300663">
        <ele>959.4108191268622</ele>
      </trkpt>
      <trkpt lat="36.88827" lon="138.300682">
        <ele>959.3768107015984</ele>
      </trkpt>
      <trkpt lat="36.888283" lon="138.300702">
        <ele>959.3430097409072</ele>
      </trkpt>
      <trkpt lat="36.888318" lon="138.300732">
        <ele>959.2466964657283</ele>
      </trkpt>
      <trkpt lat="36.888346" lon="138.300768">
        <ele>959.2205935469909</ele>
      </trkpt>
      <trkpt lat="36.88835" lon="138.300828">
        <ele>959.2169968976666</ele>
      </trkpt>
      <trkpt lat="36.88836" lon="138.300879">
        <ele>959.1335846846567</ele>
      </trkpt>
      <trkpt lat="36.888381" lon="138.300912">
        <ele>958.9713565315499</ele>
      </trkpt>
      <trkpt lat="36.88839" lon="138.300935">
        <ele>958.8663835783663</ele>
      </trkpt>
      <trkpt lat="36.888402" lon="138.30096">
        <ele>958.7347149853701</ele>
      </trkpt>
      <trkpt lat="36.888413" lon="138.30098">
        <ele>958.4870723865935</ele>
      </trkpt>
      <trkpt lat="36.888423" lon="138.300997">
        <ele>958.2505461151255</ele>
      </trkpt>
      <trkpt lat="36.888453" lon="138.301029">
        <ele>957.7401966953197</ele>
      </trkpt>
      <trkpt lat="36.888464" lon="138.301044">
        <ele>957.5188150749556</ele>
      </trkpt>
      <trkpt lat="36.888474" lon="138.301065">
        <ele>957.1819009249111</ele>
      </trkpt>
      <trkpt lat="36.888481" lon="138.301089">
        <ele>956.7963137818625</ele>
      </trkpt>
      <trkpt lat="36.888489" lon="138.301111">
        <ele>956.4203382065199</ele>
      </trkpt>
      <trkpt lat="36.888517" lon="138.301151">
        <ele>955.5050245545755</ele>
      </trkpt>
      <trkpt lat="36.888531" lon="138.301169">
        <ele>955.0257778698882</ele>
      </trkpt>
      <trkpt lat="36.888544" lon="138.30119">
        <ele>954.5034401476846</ele>
      </trkpt>
      <trkpt lat="36.888578" lon="138.301221">
        <ele>953.5416119626077</ele>
      </trkpt>
      <trkpt lat="36.888609" lon="138.30125">
        <ele>952.5478597226254</ele>
      </trkpt>
      <trkpt lat="36.888594" lon="138.301271">
        <ele>952.1967030207368</ele>
      </trkpt>
      <trkpt lat="36.888575" lon="138.301288">
        <ele>951.9666033997471</ele>
      </trkpt>
      <trkpt lat="36.888554" lon="138.301301">
        <ele>951.8403256829515</ele>
      </trkpt>
      <trkpt lat="36.888537" lon="138.301312">
        <ele>951.7041989407306</ele>
      </trkpt>
      <trkpt lat="36.888519" lon="138.301321">
        <ele>951.6084989428992</ele>
      </trkpt>
      <trkpt lat="36.8885" lon="138.301331">
        <ele>951.4813830291192</ele>
      </trkpt>
      <trkpt lat="36.888467" lon="138.301365">
        <ele>950.7312946644627</ele>
      </trkpt>
      <trkpt lat="36.888455" lon="138.301382">
        <ele>950.3060558375915</ele>
      </trkpt>
      <trkpt lat="36.888452" lon="138.301394">
        <ele>949.972000871046</ele>
      </trkpt>
      <trkpt lat="36.888464" lon="138.301409">
        <ele>949.4596873711548</ele>
      </trkpt>
      <trkpt lat="36.888482" lon="138.301436">
        <ele>948.575867185091</ele>
      </trkpt>
      <trkpt lat="36.888492" lon="138.301452">
        <ele>948.0515650020923</ele>
      </trkpt>
      <trkpt lat="36.888499" lon="138.301467">
        <ele>947.5738704492347</ele>
      </trkpt>
      <trkpt lat="36.888498" lon="138.301484">
        <ele>947.0739829434464</ele>
      </trkpt>
      <trkpt lat="36.888478" lon="138.301501">
        <ele>946.6520426449694</ele>
      </trkpt>
      <trkpt lat="36.88845" lon="138.301521">
        <ele>946.1072392446931</ele>
      </trkpt>
      <trkpt lat="36.888422" lon="138.301544">
        <ele>945.4652975149929</ele>
      </trkpt>
      <trkpt lat="36.888411" lon="138.301553">
        <ele>945.2142295880722</ele>
      </trkpt>
      <trkpt lat="36.888401" lon="138.30157">
        <ele>944.7156339265739</ele>
      </trkpt>
      <trkpt lat="36.888386" lon="138.30158">
        <ele>944.4509569763158</ele>
      </trkpt>
      <trkpt lat="36.888376" lon="138.301592">
        <ele>944.1072182082587</ele>
      </trkpt>
      <trkpt lat="36.888355" lon="138.301612">
        <ele>943.5343090316439</ele>
      </trkpt>
      <trkpt lat="36.888339" lon="138.301638">
        <ele>942.7489753602085</ele>
      </trkpt>
      <trkpt lat="36.888346" lon="138.301647">
        <ele>942.4560038882532</ele>
      </trkpt>
      <trkpt lat="36.888364" lon="138.30165">
        <ele>942.3367019997689</ele>
      </trkpt>
      <trkpt lat="36.88838" lon="138.301655">
        <ele>942.1619336951071</ele>
      </trkpt>
      <trkpt lat="36.888392" lon="138.301661">
        <ele>941.9627000243879</ele>
      </trkpt>
      <trkpt lat="36.888406" lon="138.30167">
        <ele>941.6696763457275</ele>
      </trkpt>
      <trkpt lat="36.888414" lon="138.301697">
        <ele>940.8449766916928</ele>
      </trkpt>
      <trkpt lat="36.888404" lon="138.301707">
        <ele>940.5517785277227</ele>
      </trkpt>
      <trkpt lat="36.888374" lon="138.30172">
        <ele>940.2016812325232</ele>
      </trkpt>
      <trkpt lat="36.888358" lon="138.301732">
        <ele>939.8614822106911</ele>
      </trkpt>
      <trkpt lat="36.888328" lon="138.301758">
        <ele>939.1771794533477</ele>
      </trkpt>
      <trkpt lat="36.888309" lon="138.301799">
        <ele>938.049913320197</ele>
      </trkpt>
      <trkpt lat="36.888302" lon="138.301815">
        <ele>937.6033951972126</ele>
      </trkpt>
      <trkpt lat="36.888295" lon="138.301834">
        <ele>937.1366781522622</ele>
      </trkpt>
      <trkpt lat="36.888288" lon="138.301847">
        <ele>936.8364723376577</ele>
      </trkpt>
      <trkpt lat="36.888289" lon="138.301861">
        <ele>936.523234180506</ele>
      </trkpt>
      <trkpt lat="36.888305" lon="138.301868">
        <ele>936.3765873971519</ele>
      </trkpt>
      <trkpt lat="36.88833" lon="138.301904">
        <ele>935.5598387224518</ele>
      </trkpt>
      <trkpt lat="36.888355" lon="138.301944">
        <ele>934.7699062360986</ele>
      </trkpt>
      <trkpt lat="36.888365" lon="138.301962">
        <ele>934.405622823105</ele>
      </trkpt>
      <trkpt lat="36.888387" lon="138.302">
        <ele>933.6430265069546</ele>
      </trkpt>
      <trkpt lat="36.888406" lon="138.30202">
        <ele>933.2579440651674</ele>
      </trkpt>
      <trkpt lat="36.888443" lon="138.302046">
        <ele>932.6923535921358</ele>
      </trkpt>
      <trkpt lat="36.888459" lon="138.302065">
        <ele>932.3048439291025</ele>
      </trkpt>
      <trkpt lat="36.888514" lon="138.302092">
        <ele>931.6432814628713</ele>
      </trkpt>
      <trkpt lat="36.888543" lon="138.302104">
        <ele>931.3222091257906</ele>
      </trkpt>
      <trkpt lat="36.888567" lon="138.30212">
        <ele>930.957594148545</ele>
      </trkpt>
      <trkpt lat="36.888606" lon="138.302142">
        <ele>930.4036584122283</ele>
      </trkpt>
      <trkpt lat="36.88864" lon="138.30219">
        <ele>929.5691050364171</ele>
      </trkpt>
      <trkpt lat="36.888645" lon="138.302217">
        <ele>929.1756850107006</ele>
      </trkpt>
      <trkpt lat="36.888648" lon="138.302272">
        <ele>928.4703949862626</ele>
      </trkpt>
      <trkpt lat="36.888642" lon="138.302292">
        <ele>928.3044241575831</ele>
      </trkpt>
      <trkpt lat="36.888644" lon="138.302342">
        <ele>927.7907186765781</ele>
      </trkpt>
      <trkpt lat="36.888663" lon="138.302396">
        <ele>927.2002270480995</ele>
      </trkpt>
      <trkpt lat="36.888666" lon="138.302432">
        <ele>926.9147487520951</ele>
      </trkpt>
      <trkpt lat="36.888668" lon="138.302502">
        <ele>926.5206392399735</ele>
      </trkpt>
      <trkpt lat="36.88868" lon="138.30252">
        <ele>926.2904981723764</ele>
      </trkpt>
      <trkpt lat="36.888688" lon="138.30254">
        <ele>926.1254048830756</ele>
      </trkpt>
      <trkpt lat="36.88871" lon="138.302598">
        <ele>925.6245556139854</ele>
      </trkpt>
      <trkpt lat="36.888724" lon="138.302654">
        <ele>925.245275401837</ele>
      </trkpt>
      <trkpt lat="36.888738" lon="138.302676">
        <ele>924.9848337691985</ele>
      </trkpt>
      <trkpt lat="36.888749" lon="138.302702">
        <ele>924.7506307585124</ele>
      </trkpt>
      <trkpt lat="36.888756" lon="138.302726">
        <ele>924.5703246862272</ele>
      </trkpt>
      <trkpt lat="36.888759" lon="138.30277">
        <ele>924.369048726041</ele>
      </trkpt>
      <trkpt lat="36.888762" lon="138.30279">
        <ele>924.2515440124358</ele>
      </trkpt>
      <trkpt lat="36.888755" lon="138.302842">
        <ele>924.1714623982823</ele>
      </trkpt>
      <trkpt lat="36.888752" lon="138.302886">
        <ele>923.9829916401773</ele>
      </trkpt>
      <trkpt lat="36.888754" lon="138.302914">
        <ele>923.7878320840427</ele>
      </trkpt>
      <trkpt lat="36.888767" lon="138.302964">
        <ele>923.2809289898516</ele>
      </trkpt>
      <trkpt lat="36.888769" lon="138.30299">
        <ele>923.0886701675603</ele>
      </trkpt>
      <trkpt lat="36.888766" lon="138.303018">
        <ele>922.9693569541604</ele>
      </trkpt>
      <trkpt lat="36.888771" lon="138.303044">
        <ele>922.6683139978643</ele>
      </trkpt>
      <trkpt lat="36.888792" lon="138.303096">
        <ele>921.903825282905</ele>
      </trkpt>
      <trkpt lat="36.888795" lon="138.303122">
        <ele>921.6186091381137</ele>
      </trkpt>
      <trkpt lat="36.888802" lon="138.303154">
        <ele>921.1810946948832</ele>
      </trkpt>
      <trkpt lat="36.888814" lon="138.303206">
        <ele>920.444695852841</ele>
      </trkpt>
      <trkpt lat="36.888814" lon="138.303235">
        <ele>920.1009845289009</ele>
      </trkpt>
      <trkpt lat="36.888809" lon="138.303292">
        <ele>919.4414999217639</ele>
      </trkpt>
      <trkpt lat="36.888802" lon="138.303318">
        <ele>919.119925424005</ele>
      </trkpt>
      <trkpt lat="36.888804" lon="138.303374">
        <ele>918.2130255653966</ele>
      </trkpt>
      <trkpt lat="36.888823" lon="138.303424">
        <ele>917.1440448969506</ele>
      </trkpt>
      <trkpt lat="36.888821" lon="138.30345">
        <ele>916.7143765665913</ele>
      </trkpt>
      <trkpt lat="36.888828" lon="138.303502">
        <ele>915.6272134335965</ele>
      </trkpt>
      <trkpt lat="36.888836" lon="138.30353">
        <ele>915.0228687639046</ele>
      </trkpt>
      <trkpt lat="36.888845" lon="138.303587">
        <ele>913.9133216145417</ele>
      </trkpt>
      <trkpt lat="36.888847" lon="138.303646">
        <ele>912.811617316014</ele>
      </trkpt>
      <trkpt lat="36.888847" lon="138.303681">
        <ele>912.1505528869291</ele>
      </trkpt>
      <trkpt lat="36.888844" lon="138.303757">
        <ele>910.7719414460871</ele>
      </trkpt>
      <trkpt lat="36.888857" lon="138.303837">
        <ele>909.2789776723589</ele>
      </trkpt>
      <trkpt lat="36.888867" lon="138.303874">
        <ele>908.5822565728121</ele>
      </trkpt>
      <trkpt lat="36.888874" lon="138.303938">
        <ele>907.2406233688823</ele>
      </trkpt>
      <trkpt lat="36.888846" lon="138.303973">
        <ele>906.586381594907</ele>
      </trkpt>
      <trkpt lat="36.888826" lon="138.303984">
        <ele>906.3990166133018</ele>
      </trkpt>
      <trkpt lat="36.888801" lon="138.303991">
        <ele>906.2581449956178</ele>
      </trkpt>
      <trkpt lat="36.888775" lon="138.304005">
        <ele>905.9482325334114</ele>
      </trkpt>
      <trkpt lat="36.888753" lon="138.30401">
        <ele>905.837549510879</ele>
      </trkpt>
      <trkpt lat="36.888732" lon="138.304021">
        <ele>905.6043071594926</ele>
      </trkpt>
      <trkpt lat="36.888692" lon="138.304035">
        <ele>905.3015936784828</ele>
      </trkpt>
      <trkpt lat="36.88867" lon="138.304044">
        <ele>905.1112502334262</ele>
      </trkpt>
      <trkpt lat="36.888619" lon="138.304059">
        <ele>904.8228850988291</ele>
      </trkpt>
      <trkpt lat="36.888571" lon="138.304065">
        <ele>904.7384505523605</ele>
      </trkpt>
      <trkpt lat="36.888527" lon="138.304072">
        <ele>904.6437221648841</ele>
      </trkpt>
      <trkpt lat="36.888502" lon="138.304075">
        <ele>904.6291192755059</ele>
      </trkpt>
      <trkpt lat="36.888447" lon="138.30409">
        <ele>904.3101438341736</ele>
      </trkpt>
      <trkpt lat="36.888393" lon="138.304116">
        <ele>903.6523569557445</ele>
      </trkpt>
      <trkpt lat="36.88834" lon="138.304132">
        <ele>903.1665189513251</ele>
      </trkpt>
      <trkpt lat="36.888305" lon="138.304169">
        <ele>901.9520959411053</ele>
      </trkpt>
      <trkpt lat="36.888265" lon="138.304206">
        <ele>900.6978309567264</ele>
      </trkpt>
      <trkpt lat="36.888244" lon="138.304219">
        <ele>900.2268869481616</ele>
      </trkpt>
      <trkpt lat="36.888209" lon="138.304245">
        <ele>899.2455538503139</ele>
      </trkpt>
      <trkpt lat="36.888191" lon="138.30426">
        <ele>898.6358305955418</ele>
      </trkpt>
      <trkpt lat="36.888144" lon="138.304283">
        <ele>897.5261097529169</ele>
      </trkpt>
      <trkpt lat="36.888094" lon="138.304293">
        <ele>896.7738079373416</ele>
      </trkpt>
      <trkpt lat="36.888072" lon="138.304293">
        <ele>896.5752336485714</ele>
      </trkpt>
      <trkpt lat="36.888046" lon="138.304298">
        <ele>896.1085193297334</ele>
      </trkpt>
      <trkpt lat="36.887996" lon="138.30432">
        <ele>894.7901835434645</ele>
      </trkpt>
      <trkpt lat="36.887943" lon="138.304337">
        <ele>893.5521064476468</ele>
      </trkpt>
      <trkpt lat="36.88791" lon="138.30434">
        <ele>892.9852488191357</ele>
      </trkpt>
      <trkpt lat="36.887846" lon="138.304342">
        <ele>891.908886623158</ele>
      </trkpt>
      <trkpt lat="36.887817" lon="138.304334">
        <ele>891.5943729227105</ele>
      </trkpt>
      <trkpt lat="36.887763" lon="138.304319">
        <ele>891.0003750223672</ele>
      </trkpt>
      <trkpt lat="36.887737" lon="138.304315">
        <ele>890.6437529524791</ele>
      </trkpt>
      <trkpt lat="36.88769" lon="138.30431">
        <ele>889.8986189975178</ele>
      </trkpt>
      <trkpt lat="36.887649" lon="138.304308">
        <ele>889.1687792819497</ele>
      </trkpt>
      <trkpt lat="36.887611" lon="138.304281">
        <ele>889.0579225227884</ele>
      </trkpt>
      <trkpt lat="36.887598" lon="138.304259">
        <ele>889.2975113271</ele>
      </trkpt>
      <trkpt lat="36.887567" lon="138.304226">
        <ele>889.4548485430312</ele>
      </trkpt>
      <trkpt lat="36.887542" lon="138.304219">
        <ele>889.1686185905105</ele>
      </trkpt>
      <trkpt lat="36.887517" lon="138.304221">
        <ele>888.6874934721383</ele>
      </trkpt>
      <trkpt lat="36.887491" lon="138.304227">
        <ele>888.1417150894504</ele>
      </trkpt>
      <trkpt lat="36.887427" lon="138.304244">
        <ele>886.7667361978909</ele>
      </trkpt>
      <trkpt lat="36.887398" lon="138.304243">
        <ele>886.3664328190499</ele>
      </trkpt>
      <trkpt lat="36.887373" lon="138.304236">
        <ele>886.157216780074</ele>
      </trkpt>
      <trkpt lat="36.887347" lon="138.304247">
        <ele>885.53497509663</ele>
      </trkpt>
      <trkpt lat="36.887351" lon="138.304258">
        <ele>885.349739983352</ele>
      </trkpt>
      <trkpt lat="36.887353" lon="138.304271">
        <ele>885.0910978937524</ele>
      </trkpt>
      <trkpt lat="36.887354" lon="138.304306">
        <ele>884.3308836235201</ele>
      </trkpt>
      <trkpt lat="36.887345" lon="138.304333">
        <ele>883.6290709115572</ele>
      </trkpt>
      <trkpt lat="36.887328" lon="138.304356">
        <ele>882.8990889668472</ele>
      </trkpt>
      <trkpt lat="36.887289" lon="138.304389">
        <ele>881.6690284464753</ele>
      </trkpt>
      <trkpt lat="36.887274" lon="138.304418">
        <ele>880.8642016082081</ele>
      </trkpt>
      <trkpt lat="36.887278" lon="138.304429">
        <ele>880.6859556201854</ele>
      </trkpt>
      <trkpt lat="36.887289" lon="138.304435">
        <ele>880.704338526284</ele>
      </trkpt>
      <trkpt lat="36.8873" lon="138.304434">
        <ele>880.8695220935398</ele>
      </trkpt>
      <trkpt lat="36.88731" lon="138.304429">
        <ele>881.1057768174484</ele>
      </trkpt>
      <trkpt lat="36.887337" lon="138.304427">
        <ele>881.526682946245</ele>
      </trkpt>
      <trkpt lat="36.887356" lon="138.304424">
        <ele>881.8586263571075</ele>
      </trkpt>
      <trkpt lat="36.887387" lon="138.304452">
        <ele>881.6879463850826</ele>
      </trkpt>
      <trkpt lat="36.887405" lon="138.304467">
        <ele>881.6421005869965</ele>
      </trkpt>
      <trkpt lat="36.88744" lon="138.304491">
        <ele>881.6804616642963</ele>
      </trkpt>
      <trkpt lat="36.887473" lon="138.30452">
        <ele>881.5650338828567</ele>
      </trkpt>
      <trkpt lat="36.88749" lon="138.304536">
        <ele>881.4832494125241</ele>
      </trkpt>
      <trkpt lat="36.887527" lon="138.304574">
        <ele>881.1940003487522</ele>
      </trkpt>
      <trkpt lat="36.887545" lon="138.304591">
        <ele>881.0338557350456</ele>
      </trkpt>
      <trkpt lat="36.887553" lon="138.304618">
        <ele>880.5095919724558</ele>
      </trkpt>
      <trkpt lat="36.887549" lon="138.30464">
        <ele>879.9445138958056</ele>
      </trkpt>
      <trkpt lat="36.887535" lon="138.304662">
        <ele>879.2528123454858</ele>
      </trkpt>
      <trkpt lat="36.887519" lon="138.30472">
        <ele>877.7572585127905</ele>
      </trkpt>
      <trkpt lat="36.887506" lon="138.304752">
        <ele>876.889234556773</ele>
      </trkpt>
      <trkpt lat="36.887469" lon="138.304817">
        <ele>875.0626207368148</ele>
      </trkpt>
      <trkpt lat="36.887425" lon="138.304845">
        <ele>874.0520571069592</ele>
      </trkpt>
      <trkpt lat="36.887366" lon="138.304837">
        <ele>873.650062486431</ele>
      </trkpt>
      <trkpt lat="36.887324" lon="138.304815">
        <ele>873.6226911852789</ele>
      </trkpt>
      <trkpt lat="36.887293" lon="138.304805">
        <ele>873.4765712531758</ele>
      </trkpt>
      <trkpt lat="36.887251" lon="138.304789">
        <ele>873.3279255664911</ele>
      </trkpt>
      <trkpt lat="36.887229" lon="138.304781">
        <ele>873.2258970000787</ele>
      </trkpt>
      <trkpt lat="36.887193" lon="138.304755">
        <ele>873.260754436628</ele>
      </trkpt>
      <trkpt lat="36.887175" lon="138.304741">
        <ele>873.29565949645</ele>
      </trkpt>
      <trkpt lat="36.887138" lon="138.30472">
        <ele>873.3426696161639</ele>
      </trkpt>
      <trkpt lat="36.887095" lon="138.304691">
        <ele>873.4626044235199</ele>
      </trkpt>
      <trkpt lat="36.887079" lon="138.304673">
        <ele>873.6373356177478</ele>
      </trkpt>
      <trkpt lat="36.887045" lon="138.304642">
        <ele>873.883818150745</ele>
      </trkpt>
      <trkpt lat="36.887027" lon="138.304628">
        <ele>873.9844899121595</ele>
      </trkpt>
      <trkpt lat="36.887009" lon="138.304607">
        <ele>874.2373709278858</ele>
      </trkpt>
      <trkpt lat="36.886994" lon="138.304583">
        <ele>874.5760328798938</ele>
      </trkpt>
      <trkpt lat="36.886982" lon="138.304562">
        <ele>874.8854427918645</ele>
      </trkpt>
      <trkpt lat="36.886967" lon="138.304547">
        <ele>875.0589740307581</ele>
      </trkpt>
      <trkpt lat="36.88695" lon="138.30453">
        <ele>875.243300562714</ele>
      </trkpt>
      <trkpt lat="36.886935" lon="138.304516">
        <ele>875.3956885283787</ele>
      </trkpt>
      <trkpt lat="36.88691" lon="138.304505">
        <ele>875.4381576913389</ele>
      </trkpt>
      <trkpt lat="36.886893" lon="138.304512">
        <ele>875.2131644998843</ele>
      </trkpt>
      <trkpt lat="36.886869" lon="138.304519">
        <ele>874.9936331038471</ele>
      </trkpt>
      <trkpt lat="36.886852" lon="138.304525">
        <ele>874.8229730423989</ele>
      </trkpt>
      <trkpt lat="36.886811" lon="138.304533">
        <ele>874.5578412571358</ele>
      </trkpt>
      <trkpt lat="36.886771" lon="138.304545">
        <ele>874.2430642962238</ele>
      </trkpt>
      <trkpt lat="36.886754" lon="138.304549">
        <ele>874.1418271288287</ele>
      </trkpt>
      <trkpt lat="36.886724" lon="138.304567">
        <ele>873.8062828093778</ele>
      </trkpt>
      <trkpt lat="36.886706" lon="138.30458">
        <ele>873.578698666488</ele>
      </trkpt>
      <trkpt lat="36.886673" lon="138.304607">
        <ele>873.1342629951205</ele>
      </trkpt>
      <trkpt lat="36.886657" lon="138.304622">
        <ele>872.8954258011433</ele>
      </trkpt>
      <trkpt lat="36.886641" lon="138.304641">
        <ele>872.5866835340405</ele>
      </trkpt>
      <trkpt lat="36.886604" lon="138.304659">
        <ele>872.3607368770531</ele>
      </trkpt>
      <trkpt lat="36.886583" lon="138.304665">
        <ele>872.32405009023</ele>
      </trkpt>
      <trkpt lat="36.886564" lon="138.304675">
        <ele>872.2162918645894</ele>
      </trkpt>
      <trkpt lat="36.886544" lon="138.30469">
        <ele>872.0233106069185</ele>
      </trkpt>
      <trkpt lat="36.886527" lon="138.304706">
        <ele>871.7937571067714</ele>
      </trkpt>
      <trkpt lat="36.886498" lon="138.304735">
        <ele>871.3513961589427</ele>
      </trkpt>
      <trkpt lat="36.88648" lon="138.30474">
        <ele>871.3006861102272</ele>
      </trkpt>
      <trkpt lat="36.886461" lon="138.304738">
        <ele>871.3895036033973</ele>
      </trkpt>
      <trkpt lat="36.886412" lon="138.304734">
        <ele>871.581530026626</ele>
      </trkpt>
      <trkpt lat="36.886366" lon="138.304742">
        <ele>871.4475434669293</ele>
      </trkpt>
      <trkpt lat="36.88634" lon="138.304744">
        <ele>871.3993673840783</ele>
      </trkpt>
      <trkpt lat="36.886317" lon="138.304748">
        <ele>871.2918628999491</ele>
      </trkpt>
      <trkpt lat="36.886295" lon="138.30475">
        <ele>871.2196841346267</ele>
      </trkpt>
      <trkpt lat="36.886242" lon="138.304742">
        <ele>871.1802317999675</ele>
      </trkpt>
      <trkpt lat="36.886215" lon="138.304734">
        <ele>871.2091247690819</ele>
      </trkpt>
      <trkpt lat="36.886183" lon="138.304724">
        <ele>871.2900081282007</ele>
      </trkpt>
      <trkpt lat="36.886152" lon="138.304714">
        <ele>871.3681571250895</ele>
      </trkpt>
      <trkpt lat="36.88612" lon="138.304706">
        <ele>871.3575130527736</ele>
      </trkpt>
      <trkpt lat="36.886097" lon="138.304698">
        <ele>871.3823857136817</ele>
      </trkpt>
      <trkpt lat="36.886049" lon="138.30468">
        <ele>871.465643589972</ele>
      </trkpt>
      <trkpt lat="36.886029" lon="138.304674">
        <ele>871.4654861464353</ele>
      </trkpt>
      <trkpt lat="36.885988" lon="138.304664">
        <ele>871.4065395804462</ele>
      </trkpt>
      <trkpt lat="36.885971" lon="138.30466">
        <ele>871.3765967658267</ele>
      </trkpt>
      <trkpt lat="36.885951" lon="138.30465">
        <ele>871.4395769057775</ele>
      </trkpt>
      <trkpt lat="36.885925" lon="138.304644">
        <ele>871.3769773437109</ele>
      </trkpt>
      <trkpt lat="36.885875" lon="138.304642">
        <ele>871.0576376428592</ele>
      </trkpt>
      <trkpt lat="36.88585" lon="138.304644">
        <ele>870.8893108107429</ele>
      </trkpt>
      <trkpt lat="36.885825" lon="138.304644">
        <ele>870.7761716364319</ele>
      </trkpt>
      <trkpt lat="36.885781" lon="138.304644">
        <ele>870.5799061803614</ele>
      </trkpt>
      <trkpt lat="36.885739" lon="138.304656">
        <ele>870.1928541167571</ele>
      </trkpt>
      <trkpt lat="36.885718" lon="138.30466">
        <ele>870.0765019594756</ele>
      </trkpt>
      <trkpt lat="36.885699" lon="138.304662">
        <ele>870.01525326158</ele>
      </trkpt>
      <trkpt lat="36.885665" lon="138.304666">
        <ele>869.895584181638</ele>
      </trkpt>
      <trkpt lat="36.885642" lon="138.30467">
        <ele>869.8019352764809</ele>
      </trkpt>
      <trkpt lat="36.885617" lon="138.30467">
        <ele>869.7726605132372</ele>
      </trkpt>
      <trkpt lat="36.885569" lon="138.304654">
        <ele>869.951812635875</ele>
      </trkpt>
      <trkpt lat="36.885525" lon="138.304648">
        <ele>869.9725952138335</ele>
      </trkpt>
      <trkpt lat="36.885509" lon="138.304646">
        <ele>870.0002120533971</ele>
      </trkpt>
      <trkpt lat="36.88547" lon="138.30464">
        <ele>870.0840981330734</ele>
      </trkpt>
      <trkpt lat="36.885422" lon="138.30463">
        <ele>870.1607808312622</ele>
      </trkpt>
      <trkpt lat="36.885382" lon="138.30462">
        <ele>870.2201815755795</ele>
      </trkpt>
      <trkpt lat="36.885341" lon="138.304604">
        <ele>870.4012124069136</ele>
      </trkpt>
      <trkpt lat="36.885323" lon="138.304596">
        <ele>870.5012937733625</ele>
      </trkpt>
      <trkpt lat="36.885287" lon="138.304572">
        <ele>870.7909680926853</ele>
      </trkpt>
      <trkpt lat="36.885269" lon="138.304562">
        <ele>870.8833857711417</ele>
      </trkpt>
      <trkpt lat="36.885255" lon="138.304552">
        <ele>870.9678502910781</ele>
      </trkpt>
      <trkpt lat="36.885224" lon="138.304534">
        <ele>871.1495641604075</ele>
      </trkpt>
      <trkpt lat="36.885207" lon="138.30452">
        <ele>871.2963647999809</ele>
      </trkpt>
      <trkpt lat="36.88519" lon="138.304506">
        <ele>871.4431654399734</ele>
      </trkpt>
      <trkpt lat="36.88518" lon="138.304492">
        <ele>871.589966079966</ele>
      </trkpt>
      <trkpt lat="36.885164" lon="138.304475">
        <ele>871.7662890827079</ele>
      </trkpt>
      <trkpt lat="36.885132" lon="138.304431">
        <ele>872.1871485565148</ele>
      </trkpt>
      <trkpt lat="36.88512" lon="138.304404">
        <ele>872.4317870186957</ele>
      </trkpt>
      <trkpt lat="36.885108" lon="138.304379">
        <ele>872.7000039104721</ele>
      </trkpt>
      <trkpt lat="36.8851" lon="138.304366">
        <ele>872.8580140480362</ele>
      </trkpt>
      <trkpt lat="36.885085" lon="138.304334">
        <ele>873.2299994674595</ele>
      </trkpt>
      <trkpt lat="36.885066" lon="138.304322">
        <ele>873.3680526996095</ele>
      </trkpt>
      <trkpt lat="36.88503" lon="138.304285">
        <ele>873.7398027966503</ele>
      </trkpt>
      <trkpt lat="36.885015" lon="138.304271">
        <ele>873.8647537762308</ele>
      </trkpt>
      <trkpt lat="36.88499" lon="138.304239">
        <ele>874.1638820059376</ele>
      </trkpt>
      <trkpt lat="36.884974" lon="138.304217">
        <ele>874.354917972303</ele>
      </trkpt>
      <trkpt lat="36.884956" lon="138.304197">
        <ele>874.4918102224366</ele>
      </trkpt>
      <trkpt lat="36.88494" lon="138.304185">
        <ele>874.5663710344825</ele>
      </trkpt>
      <trkpt lat="36.884902" lon="138.304167">
        <ele>874.6458933270633</ele>
      </trkpt>
      <trkpt lat="36.884884" lon="138.304155">
        <ele>874.6692369863879</ele>
      </trkpt>
      <trkpt lat="36.884872" lon="138.304137">
        <ele>874.7570574873137</ele>
      </trkpt>
      <trkpt lat="36.884856" lon="138.30412">
        <ele>874.825783769531</ele>
      </trkpt>
      <trkpt lat="36.884824" lon="138.304095">
        <ele>874.9001630469184</ele>
      </trkpt>
      <trkpt lat="36.88479" lon="138.304077">
        <ele>874.9082495102726</ele>
      </trkpt>
      <trkpt lat="36.884754" lon="138.304059">
        <ele>874.8852874603125</ele>
      </trkpt>
      <trkpt lat="36.884736" lon="138.304049">
        <ele>874.8707147182736</ele>
      </trkpt>
      <trkpt lat="36.88472" lon="138.304033">
        <ele>874.8796194742945</ele>
      </trkpt>
      <trkpt lat="36.8847" lon="138.304011">
        <ele>874.8878191617048</ele>
      </trkpt>
      <trkpt lat="36.884686" lon="138.303987">
        <ele>874.9225675094293</ele>
      </trkpt>
      <trkpt lat="36.884652" lon="138.303952">
        <ele>874.8872271063681</ele>
      </trkpt>
      <trkpt lat="36.884608" lon="138.303922">
        <ele>874.7120279697818</ele>
      </trkpt>
      <trkpt lat="36.8846" lon="138.303907">
        <ele>874.709396667377</ele>
      </trkpt>
      <trkpt lat="36.884584" lon="138.303873">
        <ele>874.6920085220415</ele>
      </trkpt>
      <trkpt lat="36.884564" lon="138.303835">
        <ele>874.5566982920345</ele>
      </trkpt>
      <trkpt lat="36.884552" lon="138.303815">
        <ele>874.4316049542532</ele>
      </trkpt>
      <trkpt lat="36.88453" lon="138.303795">
        <ele>874.1586792659567</ele>
      </trkpt>
      <trkpt lat="36.884512" lon="138.303774">
        <ele>873.8861268441735</ele>
      </trkpt>
      <trkpt lat="36.8845" lon="138.303752">
        <ele>873.672774586539</ele>
      </trkpt>
      <trkpt lat="36.88449" lon="138.303725">
        <ele>873.4390783575724</ele>
      </trkpt>
      <trkpt lat="36.884468" lon="138.303663">
        <ele>872.6388001732929</ele>
      </trkpt>
      <trkpt lat="36.884464" lon="138.303638">
        <ele>872.3790284671582</ele>
      </trkpt>
      <trkpt lat="36.884462" lon="138.30359">
        <ele>871.9628171194584</ele>
      </trkpt>
      <trkpt lat="36.884466" lon="138.303519">
        <ele>871.4869062722446</ele>
      </trkpt>
      <trkpt lat="36.884462" lon="138.303489">
        <ele>871.0895991494752</ele>
      </trkpt>
      <trkpt lat="36.884458" lon="138.303461">
        <ele>870.7029696562164</ele>
      </trkpt>
      <trkpt lat="36.884451" lon="138.303432">
        <ele>870.2092322374335</ele>
      </trkpt>
      <trkpt lat="36.884446" lon="138.303377">
        <ele>869.5223067848262</ele>
      </trkpt>
      <trkpt lat="36.884431" lon="138.30331">
        <ele>868.4751403380694</ele>
      </trkpt>
      <trkpt lat="36.884437" lon="138.303278">
        <ele>868.4591663137886</ele>
      </trkpt>
      <trkpt lat="36.884446" lon="138.303218">
        <ele>868.3746533419202</ele>
      </trkpt>
      <trkpt lat="36.884445" lon="138.303187">
        <ele>868.1295157010668</ele>
      </trkpt>
      <trkpt lat="36.884446" lon="138.303158">
        <ele>867.963206832158</ele>
      </trkpt>
      <trkpt lat="36.88444" lon="138.303096">
        <ele>867.3227048245926</ele>
      </trkpt>
      <trkpt lat="36.884437" lon="138.303066">
        <ele>867.033899747694</ele>
      </trkpt>
      <trkpt lat="36.884434" lon="138.303041">
        <ele>866.777924813363</ele>
      </trkpt>
      <trkpt lat="36.884429" lon="138.303015">
        <ele>866.4403199207798</ele>
      </trkpt>
      <trkpt lat="36.884416" lon="138.302962">
        <ele>865.6413933726974</ele>
      </trkpt>
      <trkpt lat="36.884407" lon="138.302932">
        <ele>865.1545411429173</ele>
      </trkpt>
      <trkpt lat="36.884398" lon="138.302896">
        <ele>864.6744353829097</ele>
      </trkpt>
      <trkpt lat="36.884386" lon="138.302861">
        <ele>864.1182272088352</ele>
      </trkpt>
      <trkpt lat="36.884361" lon="138.302823">
        <ele>863.2022202223499</ele>
      </trkpt>
      <trkpt lat="36.884345" lon="138.3028">
        <ele>862.644889909276</ele>
      </trkpt>
      <trkpt lat="36.884327" lon="138.302781">
        <ele>862.0532705232492</ele>
      </trkpt>
      <trkpt lat="36.884301" lon="138.302743">
        <ele>861.2268481484847</ele>
      </trkpt>
      <trkpt lat="36.884299" lon="138.302692">
        <ele>861.1170260330265</ele>
      </trkpt>
      <trkpt lat="36.88429" lon="138.302666">
        <ele>860.8746956132304</ele>
      </trkpt>
      <trkpt lat="36.884278" lon="138.302639">
        <ele>860.6264831492665</ele>
      </trkpt>
      <trkpt lat="36.884252" lon="138.302582">
        <ele>860.1311249336164</ele>
      </trkpt>
      <trkpt lat="36.884242" lon="138.302557">
        <ele>860.0800717950265</ele>
      </trkpt>
      <trkpt lat="36.884202" lon="138.30253">
        <ele>859.1333981037279</ele>
      </trkpt>
      <trkpt lat="36.884175" lon="138.302519">
        <ele>858.4118964715642</ele>
      </trkpt>
      <trkpt lat="36.884131" lon="138.302479">
        <ele>857.6357621178705</ele>
      </trkpt>
      <trkpt lat="36.884097" lon="138.302435">
        <ele>857.246662672087</ele>
      </trkpt>
      <trkpt lat="36.88409" lon="138.302414">
        <ele>857.3626974538245</ele>
      </trkpt>
      <trkpt lat="36.884084" lon="138.302393">
        <ele>857.5941959456577</ele>
      </trkpt>
      <trkpt lat="36.884064" lon="138.302352">
        <ele>857.8041494647258</ele>
      </trkpt>
      <trkpt lat="36.884058" lon="138.302332">
        <ele>858.0335093628105</ele>
      </trkpt>
      <trkpt lat="36.884055" lon="138.30231">
        <ele>858.5355412166775</ele>
      </trkpt>
      <trkpt lat="36.884055" lon="138.302287">
        <ele>859.156729401532</ele>
      </trkpt>
      <trkpt lat="36.884048" lon="138.302265">
        <ele>859.5199783489811</ele>
      </trkpt>
      <trkpt lat="36.884036" lon="138.302244">
        <ele>859.7143056229163</ele>
      </trkpt>
      <trkpt lat="36.884017" lon="138.302199">
        <ele>860.4934637076849</ele>
      </trkpt>
      <trkpt lat="36.884003" lon="138.302146">
        <ele>861.8210842108978</ele>
      </trkpt>
      <trkpt lat="36.883993" lon="138.302118">
        <ele>862.5506430146042</ele>
      </trkpt>
      <trkpt lat="36.883988" lon="138.302105">
        <ele>862.8707446430495</ele>
      </trkpt>
      <trkpt lat="36.883981" lon="138.30209">
        <ele>863.1920743225471</ele>
      </trkpt>
      <trkpt lat="36.88398" lon="138.302077">
        <ele>863.6479461942852</ele>
      </trkpt>
      <trkpt lat="36.883974" lon="138.302055">
        <ele>864.3561119165622</ele>
      </trkpt>
      <trkpt lat="36.88395" lon="138.302028">
        <ele>864.6030145687434</ele>
      </trkpt>
      <trkpt lat="36.883938" lon="138.302016">
        <ele>864.6554429530368</ele>
      </trkpt>
      <trkpt lat="36.883911" lon="138.301996">
        <ele>864.4444329945273</ele>
      </trkpt>
      <trkpt lat="36.883895" lon="138.301986">
        <ele>864.2342046522649</ele>
      </trkpt>
      <trkpt lat="36.883869" lon="138.301958">
        <ele>864.4022084834015</ele>
      </trkpt>
      <trkpt lat="36.883857" lon="138.301944">
        <ele>864.548221419335</ele>
      </trkpt>
      <trkpt lat="36.883824" lon="138.301917">
        <ele>864.3990609612904</ele>
      </trkpt>
      <trkpt lat="36.883814" lon="138.301904">
        <ele>864.500377979068</ele>
      </trkpt>
      <trkpt lat="36.883803" lon="138.301892">
        <ele>864.6032787572475</ele>
      </trkpt>
      <trkpt lat="36.883793" lon="138.301884">
        <ele>864.6157872228947</ele>
      </trkpt>
      <trkpt lat="36.883785" lon="138.301877">
        <ele>864.6400855864732</ele>
      </trkpt>
      <trkpt lat="36.883777" lon="138.301867">
        <ele>864.7657104955365</ele>
      </trkpt>
      <trkpt lat="36.883755" lon="138.301837">
        <ele>865.1422162787011</ele>
      </trkpt>
      <trkpt lat="36.883743" lon="138.301825">
        <ele>865.1614438643667</ele>
      </trkpt>
      <trkpt lat="36.883722" lon="138.301798">
        <ele>865.6113383790148</ele>
      </trkpt>
      <trkpt lat="36.883708" lon="138.301785">
        <ele>865.737682789869</ele>
      </trkpt>
      <trkpt lat="36.883682" lon="138.301771">
        <ele>865.5866895990837</ele>
      </trkpt>
      <trkpt lat="36.883667" lon="138.301763">
        <ele>865.547367690619</ele>
      </trkpt>
      <trkpt lat="36.883649" lon="138.301755">
        <ele>865.6415038362568</ele>
      </trkpt>
      <trkpt lat="36.88363" lon="138.301746">
        <ele>865.7419209646217</ele>
      </trkpt>
      <trkpt lat="36.883603" lon="138.30171">
        <ele>866.6476187791893</ele>
      </trkpt>
      <trkpt lat="36.88359" lon="138.301692">
        <ele>867.2320321229514</ele>
      </trkpt>
      <trkpt lat="36.883578" lon="138.301672">
        <ele>867.8569797011232</ele>
      </trkpt>
      <trkpt lat="36.883563" lon="138.301647">
        <ele>868.6021000048073</ele>
      </trkpt>
      <trkpt lat="36.883551" lon="138.301639">
        <ele>868.8275499996134</ele>
      </trkpt>
      <trkpt lat="36.883539" lon="138.30163">
        <ele>869.074101031496</ele>
      </trkpt>
      <trkpt lat="36.883528" lon="138.301619">
        <ele>869.4446246517821</ele>
      </trkpt>
      <trkpt lat="36.883497" lon="138.301612">
        <ele>869.8058422088425</ele>
      </trkpt>
      <trkpt lat="36.883457" lon="138.301601">
        <ele>870.3244065481716</ele>
      </trkpt>
      <trkpt lat="36.883422" lon="138.301588">
        <ele>870.9690993018555</ele>
      </trkpt>
      <trkpt lat="36.883403" lon="138.301579">
        <ele>871.322285877146</ele>
      </trkpt>
      <trkpt lat="36.883388" lon="138.301573">
        <ele>871.5528873687956</ele>
      </trkpt>
      <trkpt lat="36.883376" lon="138.301568">
        <ele>871.7288451089503</ele>
      </trkpt>
      <trkpt lat="36.883352" lon="138.301546">
        <ele>872.3369278636524</ele>
      </trkpt>
      <trkpt lat="36.883338" lon="138.30153">
        <ele>872.7285668002959</ele>
      </trkpt>
      <trkpt lat="36.883326" lon="138.30151">
        <ele>873.1620227037644</ele>
      </trkpt>
      <trkpt lat="36.883315" lon="138.301489">
        <ele>873.5998687698898</ele>
      </trkpt>
      <trkpt lat="36.883292" lon="138.30146">
        <ele>874.2160187126422</ele>
      </trkpt>
      <trkpt lat="36.883261" lon="138.301441">
        <ele>874.5808985563206</ele>
      </trkpt>
      <trkpt lat="36.883219" lon="138.301428">
        <ele>874.7539082358071</ele>
      </trkpt>
      <trkpt lat="36.883204" lon="138.301423">
        <ele>874.8125671551315</ele>
      </trkpt>
      <trkpt lat="36.883185" lon="138.301417">
        <ele>874.8790342900394</ele>
      </trkpt>
      <trkpt lat="36.883159" lon="138.3014">
        <ele>875.0889137644054</ele>
      </trkpt>
      <trkpt lat="36.883129" lon="138.301389">
        <ele>875.1695940058497</ele>
      </trkpt>
      <trkpt lat="36.883114" lon="138.301393">
        <ele>875.0838961962661</ele>
      </trkpt>
      <trkpt lat="36.883098" lon="138.301393">
        <ele>875.0842759158237</ele>
      </trkpt>
      <trkpt lat="36.883084" lon="138.3014">
        <ele>875.0075630333545</ele>
      </trkpt>
      <trkpt lat="36.883066" lon="138.301399">
        <ele>875.0208295014103</ele>
      </trkpt>
      <trkpt lat="36.883043" lon="138.301397">
        <ele>875.0311993960951</ele>
      </trkpt>
      <trkpt lat="36.883022" lon="138.301388">
        <ele>875.1028207017569</ele>
      </trkpt>
      <trkpt lat="36.883003" lon="138.301382">
        <ele>875.1527463478191</ele>
      </trkpt>
      <trkpt lat="36.882985" lon="138.301372">
        <ele>875.2518104722718</ele>
      </trkpt>
      <trkpt lat="36.882951" lon="138.301352">
        <ele>875.4132422364293</ele>
      </trkpt>
      <trkpt lat="36.882934" lon="138.301339">
        <ele>875.5098812405809</ele>
      </trkpt>
      <trkpt lat="36.882919" lon="138.30133">
        <ele>875.5565360092316</ele>
      </trkpt>
      <trkpt lat="36.882888" lon="138.301305">
        <ele>875.647361962375</ele>
      </trkpt>
      <trkpt lat="36.882877" lon="138.301289">
        <ele>875.7933977457867</ele>
      </trkpt>
      <trkpt lat="36.882853" lon="138.301263">
        <ele>875.9434595060046</ele>
      </trkpt>
      <trkpt lat="36.882824" lon="138.301241">
        <ele>875.8053940607103</ele>
      </trkpt>
      <trkpt lat="36.882812" lon="138.301227">
        <ele>875.7638973643792</ele>
      </trkpt>
      <trkpt lat="36.882781" lon="138.301199">
        <ele>875.5839699199656</ele>
      </trkpt>
      <trkpt lat="36.882755" lon="138.301174">
        <ele>875.330882039208</ele>
      </trkpt>
      <trkpt lat="36.882729" lon="138.301144">
        <ele>875.0513446465671</ele>
      </trkpt>
      <trkpt lat="36.88272" lon="138.301112">
        <ele>875.1748276993161</ele>
      </trkpt>
      <trkpt lat="36.88271" lon="138.301098">
        <ele>875.0769959032023</ele>
      </trkpt>
      <trkpt lat="36.882691" lon="138.301078">
        <ele>874.696982468283</ele>
      </trkpt>
      <trkpt lat="36.882677" lon="138.301062">
        <ele>874.4122945484618</ele>
      </trkpt>
      <trkpt lat="36.882646" lon="138.301035">
        <ele>873.7196305144795</ele>
      </trkpt>
      <trkpt lat="36.882629" lon="138.301021">
        <ele>873.3587943576015</ele>
      </trkpt>
      <trkpt lat="36.882601" lon="138.300982">
        <ele>872.9227324043752</ele>
      </trkpt>
      <trkpt lat="36.88259" lon="138.300974">
        <ele>872.650083495353</ele>
      </trkpt>
      <trkpt lat="36.882582" lon="138.300964">
        <ele>872.4932041260245</ele>
      </trkpt>
      <trkpt lat="36.882575" lon="138.300948">
        <ele>872.5453366254903</ele>
      </trkpt>
      <trkpt lat="36.882559" lon="138.30093">
        <ele>872.416830691621</ele>
      </trkpt>
      <trkpt lat="36.882532" lon="138.300892">
        <ele>872.3368224465328</ele>
      </trkpt>
      <trkpt lat="36.882508" lon="138.300863">
        <ele>872.2945418209779</ele>
      </trkpt>
      <trkpt lat="36.882497" lon="138.300854">
        <ele>872.2746958863806</ele>
      </trkpt>
      <trkpt lat="36.882487" lon="138.300847">
        <ele>872.2460716665453</ele>
      </trkpt>
      <trkpt lat="36.88247" lon="138.300828">
        <ele>872.3863802098285</ele>
      </trkpt>
      <trkpt lat="36.882461" lon="138.300813">
        <ele>872.5907745618208</ele>
      </trkpt>
      <trkpt lat="36.88245" lon="138.3008">
        <ele>872.6901326537769</ele>
      </trkpt>
      <trkpt lat="36.882428" lon="138.300772">
        <ele>873.189867264012</ele>
      </trkpt>
      <trkpt lat="36.882407" lon="138.300744">
        <ele>873.8791336265513</ele>
      </trkpt>
      <trkpt lat="36.882386" lon="138.300724">
        <ele>874.2475728142083</ele>
      </trkpt>
      <trkpt lat="36.882365" lon="138.300705">
        <ele>874.567112986882</ele>
      </trkpt>
      <trkpt lat="36.882344" lon="138.30067">
        <ele>875.6000842124346</ele>
      </trkpt>
      <trkpt lat="36.882325" lon="138.300634">
        <ele>876.6623850434992</ele>
      </trkpt>
      <trkpt lat="36.882315" lon="138.300622">
        <ele>876.9317532617288</ele>
      </trkpt>
      <trkpt lat="36.882306" lon="138.300607">
        <ele>877.2874406715857</ele>
      </trkpt>
      <trkpt lat="36.882296" lon="138.30059">
        <ele>877.6734187766239</ele>
      </trkpt>
      <trkpt lat="36.882279" lon="138.300561">
        <ele>878.3225537009614</ele>
      </trkpt>
      <trkpt lat="36.882268" lon="138.300547">
        <ele>878.569563850431</ele>
      </trkpt>
      <trkpt lat="36.882245" lon="138.300521">
        <ele>878.946624015718</ele>
      </trkpt>
      <trkpt lat="36.882233" lon="138.300492">
        <ele>879.628942148407</ele>
      </trkpt>
      <trkpt lat="36.882231" lon="138.300479">
        <ele>880.0072021102842</ele>
      </trkpt>
      <trkpt lat="36.882219" lon="138.300465">
        <ele>880.1836632378403</ele>
      </trkpt>
      <trkpt lat="36.882204" lon="138.300455">
        <ele>880.1603051917633</ele>
      </trkpt>
      <trkpt lat="36.88217" lon="138.300444">
        <ele>879.7146587712704</ele>
      </trkpt>
      <trkpt lat="36.882149" lon="138.300438">
        <ele>879.3846788435341</ele>
      </trkpt>
      <trkpt lat="36.882119" lon="138.300422">
        <ele>879.1240279452613</ele>
      </trkpt>
      <trkpt lat="36.882108" lon="138.300398">
        <ele>879.5769663779539</ele>
      </trkpt>
      <trkpt lat="36.882094" lon="138.300372">
        <ele>880.0288418471434</ele>
      </trkpt>
      <trkpt lat="36.882081" lon="138.300361">
        <ele>880.0418705066281</ele>
      </trkpt>
      <trkpt lat="36.882054" lon="138.300334">
        <ele>880.1775104997697</ele>
      </trkpt>
      <trkpt lat="36.882041" lon="138.300316">
        <ele>880.4016211837624</ele>
      </trkpt>
      <trkpt lat="36.882009" lon="138.300291">
        <ele>880.3875691382202</ele>
      </trkpt>
      <trkpt lat="36.881997" lon="138.300283">
        <ele>880.3317517686168</ele>
      </trkpt>
      <trkpt lat="36.881982" lon="138.300275">
        <ele>880.1939414646106</ele>
      </trkpt>
      <trkpt lat="36.881949" lon="138.300268">
        <ele>879.5892151129084</ele>
      </trkpt>
      <trkpt lat="36.881914" lon="138.300254">
        <ele>879.2016324443593</ele>
      </trkpt>
      <trkpt lat="36.881901" lon="138.300242">
        <ele>879.2373630273389</ele>
      </trkpt>
      <trkpt lat="36.881885" lon="138.300231">
        <ele>879.1722996837</ele>
      </trkpt>
      <trkpt lat="36.88187" lon="138.300222">
        <ele>879.0638920024045</ele>
      </trkpt>
      <trkpt lat="36.881866" lon="138.300211">
        <ele>879.2654370035053</ele>
      </trkpt>
      <trkpt lat="36.881859" lon="138.300199">
        <ele>879.4238629336943</ele>
      </trkpt>
      <trkpt lat="36.881849" lon="138.30017">
        <ele>879.9553081480678</ele>
      </trkpt>
      <trkpt lat="36.881847" lon="138.300157">
        <ele>880.2477288265011</ele>
      </trkpt>
      <trkpt lat="36.881845" lon="138.300143">
        <ele>880.5653645802697</ele>
      </trkpt>
      <trkpt lat="36.881844" lon="138.300128">
        <ele>880.9324706108623</ele>
      </trkpt>
      <trkpt lat="36.881842" lon="138.300115">
        <ele>881.2223626981696</ele>
      </trkpt>
      <trkpt lat="36.881834" lon="138.300093">
        <ele>881.5895636599503</ele>
      </trkpt>
      <trkpt lat="36.881832" lon="138.300073">
        <ele>882.0481538572135</ele>
      </trkpt>
      <trkpt lat="36.881828" lon="138.30006">
        <ele>882.2821309114742</ele>
      </trkpt>
      <trkpt lat="36.881809" lon="138.300025">
        <ele>882.7300298017926</ele>
      </trkpt>
      <trkpt lat="36.881804" lon="138.300006">
        <ele>883.0880267356033</ele>
      </trkpt>
      <trkpt lat="36.881793" lon="138.299982">
        <ele>883.431171626386</ele>
      </trkpt>
      <trkpt lat="36.881789" lon="138.299968">
        <ele>883.6897353021225</ele>
      </trkpt>
      <trkpt lat="36.881787" lon="138.299953">
        <ele>884.0196129284964</ele>
      </trkpt>
      <trkpt lat="36.881782" lon="138.299925">
        <ele>884.6060807662093</ele>
      </trkpt>
      <trkpt lat="36.881769" lon="138.299899">
        <ele>884.9581833715326</ele>
      </trkpt>
      <trkpt lat="36.881766" lon="138.299887">
        <ele>885.1862384644579</ele>
      </trkpt>
      <trkpt lat="36.881769" lon="138.299874">
        <ele>885.5698527046256</ele>
      </trkpt>
      <trkpt lat="36.88177" lon="138.299858">
        <ele>885.9831698071921</ele>
      </trkpt>
      <trkpt lat="36.881765" lon="138.299842">
        <ele>886.2599778623098</ele>
      </trkpt>
      <trkpt lat="36.881753" lon="138.299823">
        <ele>886.4405252368433</ele>
      </trkpt>
      <trkpt lat="36.881738" lon="138.2998">
        <ele>886.6169637545487</ele>
      </trkpt>
      <trkpt lat="36.881726" lon="138.29979">
        <ele>886.5528380728801</ele>
      </trkpt>
      <trkpt lat="36.881712" lon="138.299774">
        <ele>886.5789988211362</ele>
      </trkpt>
      <trkpt lat="36.881691" lon="138.29976">
        <ele>886.3814087759242</ele>
      </trkpt>
      <trkpt lat="36.881651" lon="138.299727">
        <ele>885.9893110713936</ele>
      </trkpt>
      <trkpt lat="36.881637" lon="138.299709">
        <ele>885.9569427585838</ele>
      </trkpt>
      <trkpt lat="36.88163" lon="138.299693">
        <ele>886.0620711642267</ele>
      </trkpt>
      <trkpt lat="36.881618" lon="138.299676">
        <ele>886.0500617593196</ele>
      </trkpt>
      <trkpt lat="36.881587" lon="138.299636">
        <ele>885.9006231457936</ele>
      </trkpt>
      <trkpt lat="36.881569" lon="138.299622">
        <ele>885.6471411030279</ele>
      </trkpt>
      <trkpt lat="36.881553" lon="138.299604">
        <ele>885.5189142024614</ele>
      </trkpt>
      <trkpt lat="36.881518" lon="138.299573">
        <ele>885.1458944129298</ele>
      </trkpt>
      <trkpt lat="36.881487" lon="138.299548">
        <ele>884.7860579699984</ele>
      </trkpt>
      <trkpt lat="36.881455" lon="138.29953">
        <ele>884.3066467287236</ele>
      </trkpt>
      <trkpt lat="36.881433" lon="138.299523">
        <ele>883.9030566999514</ele>
      </trkpt>
      <trkpt lat="36.881417" lon="138.299512">
        <ele>883.7149489610019</ele>
      </trkpt>
      <trkpt lat="36.881404" lon="138.299501">
        <ele>883.6022833940133</ele>
      </trkpt>
      <trkpt lat="36.881394" lon="138.299469">
        <ele>883.9124683172358</ele>
      </trkpt>
      <trkpt lat="36.881391" lon="138.299446">
        <ele>884.229539626485</ele>
      </trkpt>
      <trkpt lat="36.881373" lon="138.299399">
        <ele>884.6248822791263</ele>
      </trkpt>
      <trkpt lat="36.881357" lon="138.299382">
        <ele>884.5751464171688</ele>
      </trkpt>
      <trkpt lat="36.88133" lon="138.29937">
        <ele>884.2425229631367</ele>
      </trkpt>
      <trkpt lat="36.881313" lon="138.299373">
        <ele>883.8716866961684</ele>
      </trkpt>
      <trkpt lat="36.881279" lon="138.299376">
        <ele>883.1789479229375</ele>
      </trkpt>
      <trkpt lat="36.881237" lon="138.299369">
        <ele>882.5633155290299</ele>
      </trkpt>
      <trkpt lat="36.881218" lon="138.299354">
        <ele>882.4751121702217</ele>
      </trkpt>
      <trkpt lat="36.881203" lon="138.299333">
        <ele>882.5378687487292</ele>
      </trkpt>
      <trkpt lat="36.88119" lon="138.299314">
        <ele>882.6714275767465</ele>
      </trkpt>
      <trkpt lat="36.881167" lon="138.299283">
        <ele>882.8567139036273</ele>
      </trkpt>
      <trkpt lat="36.881154" lon="138.299268">
        <ele>882.9056823602111</ele>
      </trkpt>
      <trkpt lat="36.881141" lon="138.299253">
        <ele>882.9480324475614</ele>
      </trkpt>
      <trkpt lat="36.881127" lon="138.299238">
        <ele>883.0052401938091</ele>
      </trkpt>
      <trkpt lat="36.881108" lon="138.299206">
        <ele>883.3845547092864</ele>
      </trkpt>
      <trkpt lat="36.881084" lon="138.299184">
        <ele>883.4625736408365</ele>
      </trkpt>
      <trkpt lat="36.881066" lon="138.299174">
        <ele>883.3801845592685</ele>
      </trkpt>
      <trkpt lat="36.881035" lon="138.299155">
        <ele>883.2898292746863</ele>
      </trkpt>
      <trkpt lat="36.881011" lon="138.299145">
        <ele>883.1616139774679</ele>
      </trkpt>
      <trkpt lat="36.880992" lon="138.299129">
        <ele>883.269790258445</ele>
      </trkpt>
      <trkpt lat="36.88099" lon="138.299108">
        <ele>883.7789279292806</ele>
      </trkpt>
      <trkpt lat="36.880969" lon="138.299058">
        <ele>884.8232317126935</ele>
      </trkpt>
      <trkpt lat="36.880952" lon="138.299034">
        <ele>885.2809748629185</ele>
      </trkpt>
      <trkpt lat="36.880924" lon="138.299001">
        <ele>885.8159609372269</ele>
      </trkpt>
      <trkpt lat="36.880908" lon="138.298989">
        <ele>885.9324357656769</ele>
      </trkpt>
      <trkpt lat="36.880895" lon="138.298978">
        <ele>886.1131789585207</ele>
      </trkpt>
      <trkpt lat="36.880871" lon="138.298955">
        <ele>886.5168907055142</ele>
      </trkpt>
      <trkpt lat="36.880845" lon="138.298924">
        <ele>887.1329546823167</ele>
      </trkpt>
      <trkpt lat="36.880819" lon="138.298892">
        <ele>887.8026430122554</ele>
      </trkpt>
      <trkpt lat="36.880789" lon="138.298854">
        <ele>888.5474241874788</ele>
      </trkpt>
      <trkpt lat="36.880778" lon="138.298843">
        <ele>888.7060968741855</ele>
      </trkpt>
      <trkpt lat="36.880767" lon="138.298848">
        <ele>888.3632174303743</ele>
      </trkpt>
      <trkpt lat="36.880747" lon="138.298845">
        <ele>888.1165697097358</ele>
      </trkpt>
      <trkpt lat="36.88073" lon="138.298843">
        <ele>887.8885555438065</ele>
      </trkpt>
      <trkpt lat="36.880694" lon="138.298841">
        <ele>887.3558420339306</ele>
      </trkpt>
      <trkpt lat="36.880656" lon="138.298828">
        <ele>887.0907410852259</ele>
      </trkpt>
      <trkpt lat="36.880641" lon="138.298819">
        <ele>887.0870537424046</ele>
      </trkpt>
      <trkpt lat="36.880618" lon="138.298798">
        <ele>887.2821081982764</ele>
      </trkpt>
      <trkpt lat="36.880605" lon="138.298789">
        <ele>887.3033571388789</ele>
      </trkpt>
      <trkpt lat="36.880589" lon="138.298782">
        <ele>887.2131089505426</ele>
      </trkpt>
      <trkpt lat="36.880572" lon="138.298776">
        <ele>887.0935190495425</ele>
      </trkpt>
      <trkpt lat="36.880537" lon="138.29876">
        <ele>886.9575117258416</ele>
      </trkpt>
      <trkpt lat="36.880523" lon="138.298747">
        <ele>887.0603737239585</ele>
      </trkpt>
      <trkpt lat="36.880482" lon="138.298726">
        <ele>886.9565706201024</ele>
      </trkpt>
      <trkpt lat="36.880459" lon="138.298715">
        <ele>886.8770618764863</ele>
      </trkpt>
      <trkpt lat="36.880439" lon="138.298706">
        <ele>886.8073417387914</ele>
      </trkpt>
      <trkpt lat="36.880425" lon="138.298702">
        <ele>886.717022384518</ele>
      </trkpt>
      <trkpt lat="36.880413" lon="138.2987">
        <ele>886.6063176945563</ele>
      </trkpt>
      <trkpt lat="36.880391" lon="138.298696">
        <ele>886.411126389449</ele>
      </trkpt>
      <trkpt lat="36.880371" lon="138.298687">
        <ele>886.3586616074681</ele>
      </trkpt>
      <trkpt lat="36.880357" lon="138.29868">
        <ele>886.3382474821536</ele>
      </trkpt>
      <trkpt lat="36.88035" lon="138.298672">
        <ele>886.4328980330387</ele>
      </trkpt>
      <trkpt lat="36.880331" lon="138.298649">
        <ele>886.7197660259907</ele>
      </trkpt>
      <trkpt lat="36.880325" lon="138.298639">
        <ele>886.8759513605178</ele>
      </trkpt>
      <trkpt lat="36.880326" lon="138.298617">
        <ele>887.4088334023861</ele>
      </trkpt>
      <trkpt lat="36.880334" lon="138.29861">
        <ele>887.6838094341113</ele>
      </trkpt>
      <trkpt lat="36.88035" lon="138.298601">
        <ele>888.1193200480209</ele>
      </trkpt>
      <trkpt lat="36.880362" lon="138.298592">
        <ele>888.5036831244583</ele>
      </trkpt>
      <trkpt lat="36.880378" lon="138.298563">
        <ele>889.4323527300115</ele>
      </trkpt>
      <trkpt lat="36.880387" lon="138.298557">
        <ele>889.6791991467144</ele>
      </trkpt>
      <trkpt lat="36.880396" lon="138.298541">
        <ele>890.1440717358289</ele>
      </trkpt>
      <trkpt lat="36.8804" lon="138.298529">
        <ele>890.4624804619423</ele>
      </trkpt>
      <trkpt lat="36.880404" lon="138.298518">
        <ele>890.7599034160958</ele>
      </trkpt>
      <trkpt lat="36.880414" lon="138.298497">
        <ele>891.3618943775415</ele>
      </trkpt>
      <trkpt lat="36.88041" lon="138.298474">
        <ele>891.833547827439</ele>
      </trkpt>
      <trkpt lat="36.880406" lon="138.298462">
        <ele>892.0529415024582</ele>
      </trkpt>
      <trkpt lat="36.880396" lon="138.298436">
        <ele>892.5043816883201</ele>
      </trkpt>
      <trkpt lat="36.880388" lon="138.298417">
        <ele>892.8189621566135</ele>
      </trkpt>
      <trkpt lat="36.880384" lon="138.298401">
        <ele>893.1191085599237</ele>
      </trkpt>
      <trkpt lat="36.880378" lon="138.298388">
        <ele>893.3213448622109</ele>
      </trkpt>
      <trkpt lat="36.88037" lon="138.298376">
        <ele>893.4559091536888</ele>
      </trkpt>
      <trkpt lat="36.880362" lon="138.298358">
        <ele>893.7110871040911</ele>
      </trkpt>
      <trkpt lat="36.880348" lon="138.298334">
        <ele>893.9921420709651</ele>
      </trkpt>
      <trkpt lat="36.880334" lon="138.298316">
        <ele>894.1402217039216</ele>
      </trkpt>
      <trkpt lat="36.880324" lon="138.298311">
        <ele>894.0828890368136</ele>
      </trkpt>
      <trkpt lat="36.880316" lon="138.298301">
        <ele>894.1563515790426</ele>
      </trkpt>
      <trkpt lat="36.880292" lon="138.298274">
        <ele>894.3529037905323</ele>
      </trkpt>
      <trkpt lat="36.880268" lon="138.298246">
        <ele>894.5606457312044</ele>
      </trkpt>
      <trkpt lat="36.880258" lon="138.298227">
        <ele>894.7881467569815</ele>
      </trkpt>
      <trkpt lat="36.88025" lon="138.298217">
        <ele>894.8614967320043</ele>
      </trkpt>
      <trkpt lat="36.880236" lon="138.298198">
        <ele>895.0093232281126</ele>
      </trkpt>
      <trkpt lat="36.88023" lon="138.29819">
        <ele>895.0599291714011</ele>
      </trkpt>
      <trkpt lat="36.880212" lon="138.298165">
        <ele>895.2213289389823</ele>
      </trkpt>
      <trkpt lat="36.880202" lon="138.29816">
        <ele>895.1338454072552</ele>
      </trkpt>
      <trkpt lat="36.880188" lon="138.298153">
        <ele>895.0085175319075</ele>
      </trkpt>
      <trkpt lat="36.88017" lon="138.298146">
        <ele>894.805206578048</ele>
      </trkpt>
      <trkpt lat="36.880134" lon="138.298132">
        <ele>894.4889937100701</ele>
      </trkpt>
      <trkpt lat="36.880116" lon="138.298122">
        <ele>894.4057340471542</ele>
      </trkpt>
      <trkpt lat="36.880096" lon="138.298108">
        <ele>894.3788942802701</ele>
      </trkpt>
      <trkpt lat="36.88005" lon="138.298088">
        <ele>894.0613105902689</ele>
      </trkpt>
      <trkpt lat="36.879993" lon="138.29806">
        <ele>893.8398392476045</ele>
      </trkpt>
      <trkpt lat="36.879956" lon="138.298046">
        <ele>893.6683991175155</ele>
      </trkpt>
      <trkpt lat="36.879914" lon="138.298033">
        <ele>893.463205775236</ele>
      </trkpt>
      <trkpt lat="36.879892" lon="138.298029">
        <ele>893.3122408295194</ele>
      </trkpt>
      <trkpt lat="36.879876" lon="138.298031">
        <ele>893.1479681514728</ele>
      </trkpt>
      <trkpt lat="36.879843" lon="138.298006">
        <ele>893.4315008732573</ele>
      </trkpt>
      <trkpt lat="36.879806" lon="138.297981">
        <ele>893.7277070369587</ele>
      </trkpt>
      <trkpt lat="36.879788" lon="138.297964">
        <ele>894.0097858349902</ele>
      </trkpt>
      <trkpt lat="36.879774" lon="138.297951">
        <ele>894.2355273320417</ele>
      </trkpt>
      <trkpt lat="36.879738" lon="138.297937">
        <ele>894.4223537865629</ele>
      </trkpt>
      <trkpt lat="36.879706" lon="138.297938">
        <ele>894.3177243346067</ele>
      </trkpt>
      <trkpt lat="36.879694" lon="138.297941">
        <ele>894.2172524739428</ele>
      </trkpt>
      <trkpt lat="36.879684" lon="138.297931">
        <ele>894.4378609780233</ele>
      </trkpt>
      <trkpt lat="36.879668" lon="138.297929">
        <ele>894.4844643559318</ele>
      </trkpt>
      <trkpt lat="36.879656" lon="138.297928">
        <ele>894.5077660439547</ele>
      </trkpt>
      <trkpt lat="36.87964" lon="138.297921">
        <ele>894.6708778666343</ele>
      </trkpt>
      <trkpt lat="36.8796" lon="138.297912">
        <ele>894.9062580404491</ele>
      </trkpt>
      <trkpt lat="36.87956" lon="138.29792">
        <ele>894.423927002448</ele>
      </trkpt>
      <trkpt lat="36.879536" lon="138.297917">
        <ele>894.3153513144418</ele>
      </trkpt>
      <trkpt lat="36.879492" lon="138.297896">
        <ele>894.4226786440086</ele>
      </trkpt>
      <trkpt lat="36.879468" lon="138.297893">
        <ele>894.2903176544949</ele>
      </trkpt>
      <trkpt lat="36.879428" lon="138.297892">
        <ele>893.9723375417578</ele>
      </trkpt>
      <trkpt lat="36.879408" lon="138.297886">
        <ele>893.8584852581151</ele>
      </trkpt>
      <trkpt lat="36.87939" lon="138.29788">
        <ele>893.6749485860585</ele>
      </trkpt>
      <trkpt lat="36.879368" lon="138.297878">
        <ele>893.3574193234327</ele>
      </trkpt>
      <trkpt lat="36.87933" lon="138.297861">
        <ele>892.9422028694655</ele>
      </trkpt>
      <trkpt lat="36.879302" lon="138.297859">
        <ele>892.4306783345007</ele>
      </trkpt>
      <trkpt lat="36.879268" lon="138.297871">
        <ele>891.6011499836986</ele>
      </trkpt>
      <trkpt lat="36.879244" lon="138.297859">
        <ele>891.1964807584717</ele>
      </trkpt>
      <trkpt lat="36.879226" lon="138.297847">
        <ele>890.9459865775176</ele>
      </trkpt>
      <trkpt lat="36.879206" lon="138.297837">
        <ele>890.6370085257032</ele>
      </trkpt>
      <trkpt lat="36.879164" lon="138.297812">
        <ele>890.0246347190503</ele>
      </trkpt>
      <trkpt lat="36.879142" lon="138.297801">
        <ele>889.6627222840481</ele>
      </trkpt>
      <trkpt lat="36.879116" lon="138.297786">
        <ele>889.2856220270622</ele>
      </trkpt>
      <trkpt lat="36.879095" lon="138.297772">
        <ele>889.0334969070681</ele>
      </trkpt>
      <trkpt lat="36.879072" lon="138.297757">
        <ele>888.7637639245872</ele>
      </trkpt>
      <trkpt lat="36.879038" lon="138.297712">
        <ele>888.8422934877603</ele>
      </trkpt>
      <trkpt lat="36.878994" lon="138.297693">
        <ele>888.4030063551352</ele>
      </trkpt>
      <trkpt lat="36.878968" lon="138.29769">
        <ele>888.0784866266115</ele>
      </trkpt>
      <trkpt lat="36.878924" lon="138.297689">
        <ele>887.4946696395357</ele>
      </trkpt>
      <trkpt lat="36.878902" lon="138.297688">
        <ele>887.2657565294583</ele>
      </trkpt>
      <trkpt lat="36.878862" lon="138.297671">
        <ele>887.1607538664325</ele>
      </trkpt>
      <trkpt lat="36.878846" lon="138.297661">
        <ele>887.2184941253952</ele>
      </trkpt>
      <trkpt lat="36.878828" lon="138.297664">
        <ele>886.9961101515198</ele>
      </trkpt>
      <trkpt lat="36.878799" lon="138.297675">
        <ele>886.4940808708361</ele>
      </trkpt>
      <trkpt lat="36.87878" lon="138.297682">
        <ele>886.18249084437</ele>
      </trkpt>
      <trkpt lat="36.878736" lon="138.297682">
        <ele>885.8261655050064</ele>
      </trkpt>
      <trkpt lat="36.878719" lon="138.29768">
        <ele>885.7280425805483</ele>
      </trkpt>
      <trkpt lat="36.878683" lon="138.29767">
        <ele>885.6668843616062</ele>
      </trkpt>
      <trkpt lat="36.878667" lon="138.297663">
        <ele>885.7219406925255</ele>
      </trkpt>
      <trkpt lat="36.878649" lon="138.297657">
        <ele>885.7440868140783</ele>
      </trkpt>
      <trkpt lat="36.878625" lon="138.297651">
        <ele>885.731292103253</ele>
      </trkpt>
      <trkpt lat="36.878579" lon="138.297635">
        <ele>885.8537615726292</ele>
      </trkpt>
      <trkpt lat="36.878557" lon="138.297623">
        <ele>886.036697882226</ele>
      </trkpt>
      <trkpt lat="36.878509" lon="138.297601">
        <ele>886.4958884184399</ele>
      </trkpt>
      <trkpt lat="36.878479" lon="138.297594">
        <ele>886.6597642506006</ele>
      </trkpt>
      <trkpt lat="36.878434" lon="138.297604">
        <ele>886.0600883686091</ele>
      </trkpt>
      <trkpt lat="36.878378" lon="138.297636">
        <ele>884.485071403182</ele>
      </trkpt>
      <trkpt lat="36.878346" lon="138.297652">
        <ele>883.8041933567607</ele>
      </trkpt>
      <trkpt lat="36.878285" lon="138.297676">
        <ele>882.8831042479782</ele>
      </trkpt>
      <trkpt lat="36.878236" lon="138.297692">
        <ele>882.4516352277494</ele>
      </trkpt>
      <trkpt lat="36.878216" lon="138.297696">
        <ele>882.4598130524867</ele>
      </trkpt>
      <trkpt lat="36.878178" lon="138.297697">
        <ele>882.7958712860569</ele>
      </trkpt>
      <trkpt lat="36.878158" lon="138.297699">
        <ele>882.8430446051839</ele>
      </trkpt>
      <trkpt lat="36.878119" lon="138.297702">
        <ele>882.9884091569304</ele>
      </trkpt>
      <trkpt lat="36.878082" lon="138.297697">
        <ele>883.4066359511457</ele>
      </trkpt>
      <trkpt lat="36.878069" lon="138.297692">
        <ele>883.6979332957555</ele>
      </trkpt>
      <trkpt lat="36.878046" lon="138.297678">
        <ele>884.4484811055049</ele>
      </trkpt>
      <trkpt lat="36.878032" lon="138.297675">
        <ele>884.5327909042918</ele>
      </trkpt>
      <trkpt lat="36.878012" lon="138.297669">
        <ele>884.6549718755716</ele>
      </trkpt>
      <trkpt lat="36.877998" lon="138.297662">
        <ele>884.8664976492391</ele>
      </trkpt>
      <trkpt lat="36.877967" lon="138.29764">
        <ele>885.5751569794954</ele>
      </trkpt>
      <trkpt lat="36.877953" lon="138.297633">
        <ele>885.6724921098778</ele>
      </trkpt>
      <trkpt lat="36.877945" lon="138.297627">
        <ele>885.8165503374265</ele>
      </trkpt>
      <trkpt lat="36.877919" lon="138.297635">
        <ele>885.0490645554605</ele>
      </trkpt>
      <trkpt lat="36.877906" lon="138.297641">
        <ele>884.5793611391858</ele>
      </trkpt>
      <trkpt lat="36.877881" lon="138.297633">
        <ele>884.3114909409993</ele>
      </trkpt>
      <trkpt lat="36.877867" lon="138.297618">
        <ele>884.5981442738556</ele>
      </trkpt>
      <trkpt lat="36.877846" lon="138.297579">
        <ele>885.8189238863401</ele>
      </trkpt>
      <trkpt lat="36.877816" lon="138.297545">
        <ele>886.4106690789257</ele>
      </trkpt>
      <trkpt lat="36.8778" lon="138.29753">
        <ele>886.5234242509105</ele>
      </trkpt>
      <trkpt lat="36.877788" lon="138.297518">
        <ele>886.5829054386368</ele>
      </trkpt>
      <trkpt lat="36.877771" lon="138.297503">
        <ele>886.5828441217554</ele>
      </trkpt>
      <trkpt lat="36.877738" lon="138.297454">
        <ele>887.1968934389205</ele>
      </trkpt>
      <trkpt lat="36.877709" lon="138.297405">
        <ele>887.9534173331814</ele>
      </trkpt>
      <trkpt lat="36.8777" lon="138.297383">
        <ele>888.4630592821455</ele>
      </trkpt>
      <trkpt lat="36.877671" lon="138.297355">
        <ele>888.430390129884</ele>
      </trkpt>
      <trkpt lat="36.877651" lon="138.297349">
        <ele>887.8859172699199</ele>
      </trkpt>
      <trkpt lat="36.877622" lon="138.297318">
        <ele>888.014097553625</ele>
      </trkpt>
      <trkpt lat="36.877603" lon="138.2973">
        <ele>888.0290383197286</ele>
      </trkpt>
      <trkpt lat="36.877587" lon="138.29728">
        <ele>888.2890708116686</ele>
      </trkpt>
      <trkpt lat="36.877567" lon="138.297263">
        <ele>888.296473492049</ele>
      </trkpt>
      <trkpt lat="36.877532" lon="138.297234">
        <ele>888.3058977811368</ele>
      </trkpt>
      <trkpt lat="36.877511" lon="138.297218">
        <ele>888.308354701822</ele>
      </trkpt>
      <trkpt lat="36.877495" lon="138.297196">
        <ele>888.8075945295898</ele>
      </trkpt>
      <trkpt lat="36.877476" lon="138.297177">
        <ele>888.9421831961931</ele>
      </trkpt>
      <trkpt lat="36.877455" lon="138.297166">
        <ele>888.6029221837073</ele>
      </trkpt>
      <trkpt lat="36.877418" lon="138.297141">
        <ele>888.2839542715354</ele>
      </trkpt>
      <trkpt lat="36.877403" lon="138.297135">
        <ele>888.002949974585</ele>
      </trkpt>
      <trkpt lat="36.877385" lon="138.297132">
        <ele>887.4908659329938</ele>
      </trkpt>
      <trkpt lat="36.877349" lon="138.297118">
        <ele>886.833335012478</ele>
      </trkpt>
      <trkpt lat="36.877328" lon="138.297108">
        <ele>886.5878730293992</ele>
      </trkpt>
      <trkpt lat="36.877285" lon="138.297101">
        <ele>885.5223974570577</ele>
      </trkpt>
      <trkpt lat="36.877268" lon="138.297098">
        <ele>885.1902070000046</ele>
      </trkpt>
      <trkpt lat="36.877248" lon="138.297098">
        <ele>884.6388432465815</ele>
      </trkpt>
      <trkpt lat="36.877216" lon="138.297099">
        <ele>883.7217199978047</ele>
      </trkpt>
      <trkpt lat="36.8772" lon="138.297103">
        <ele>883.2289338533798</ele>
      </trkpt>
      <trkpt lat="36.877176" lon="138.297085">
        <ele>883.6706336237502</ele>
      </trkpt>
      <trkpt lat="36.877158" lon="138.297072">
        <ele>884.0014564622662</ele>
      </trkpt>
      <trkpt lat="36.87712" lon="138.297063">
        <ele>883.9570600279737</ele>
      </trkpt>
      <trkpt lat="36.8771" lon="138.297065">
        <ele>883.614201090209</ele>
      </trkpt>
      <trkpt lat="36.877078" lon="138.297065">
        <ele>883.3573245744684</ele>
      </trkpt>
      <trkpt lat="36.877033" lon="138.297063">
        <ele>883.0341005909447</ele>
      </trkpt>
      <trkpt lat="36.876973" lon="138.297056">
        <ele>882.8754012197264</ele>
      </trkpt>
      <trkpt lat="36.87694" lon="138.29705">
        <ele>882.902542532772</ele>
      </trkpt>
      <trkpt lat="36.876892" lon="138.297023">
        <ele>883.7518312830948</ele>
      </trkpt>
      <trkpt lat="36.876851" lon="138.296991">
        <ele>885.0928396511373</ele>
      </trkpt>
      <trkpt lat="36.876835" lon="138.29698">
        <ele>885.5358846062187</ele>
      </trkpt>
      <trkpt lat="36.876817" lon="138.296964">
        <ele>886.2432626483787</ele>
      </trkpt>
      <trkpt lat="36.876791" lon="138.296939">
        <ele>887.3542687212258</ele>
      </trkpt>
      <trkpt lat="36.876776" lon="138.296905">
        <ele>889.2287153060687</ele>
      </trkpt>
      <trkpt lat="36.876771" lon="138.296886">
        <ele>890.3381051659096</ele>
      </trkpt>
      <trkpt lat="36.876765" lon="138.296872">
        <ele>891.1175414640039</ele>
      </trkpt>
      <trkpt lat="36.876759" lon="138.296863">
        <ele>891.5835134838031</ele>
      </trkpt>
      <trkpt lat="36.876756" lon="138.29685">
        <ele>892.3434223787126</ele>
      </trkpt>
      <trkpt lat="36.876749" lon="138.296832">
        <ele>893.3306834948917</ele>
      </trkpt>
      <trkpt lat="36.87674" lon="138.296823">
        <ele>893.7329087815936</ele>
      </trkpt>
      <trkpt lat="36.87673" lon="138.296814">
        <ele>894.1359615958082</ele>
      </trkpt>
      <trkpt lat="36.876713" lon="138.296798">
        <ele>894.8677082872964</ele>
      </trkpt>
      <trkpt lat="36.876693" lon="138.296783">
        <ele>895.4879772624045</ele>
      </trkpt>
      <trkpt lat="36.876681" lon="138.296772">
        <ele>895.9745195292685</ele>
      </trkpt>
      <trkpt lat="36.87667" lon="138.296763">
        <ele>896.3521798915081</ele>
      </trkpt>
      <trkpt lat="36.876654" lon="138.296743">
        <ele>897.2820995277406</ele>
      </trkpt>
      <trkpt lat="36.87664" lon="138.296736">
        <ele>897.4956534974588</ele>
      </trkpt>
      <trkpt lat="36.876629" lon="138.29673">
        <ele>897.688158279427</ele>
      </trkpt>
      <trkpt lat="36.876614" lon="138.296726">
        <ele>897.7219196230963</ele>
      </trkpt>
      <trkpt lat="36.876594" lon="138.296718">
        <ele>897.9018806594431</ele>
      </trkpt>
      <trkpt lat="36.87658" lon="138.296713">
        <ele>897.9863332116981</ele>
      </trkpt>
      <trkpt lat="36.876553" lon="138.296695">
        <ele>898.5970978341069</ele>
      </trkpt>
      <trkpt lat="36.876528" lon="138.296663">
        <ele>899.8697445076579</ele>
      </trkpt>
      <trkpt lat="36.876516" lon="138.296651">
        <ele>900.1749933983064</ele>
      </trkpt>
      <trkpt lat="36.87649" lon="138.29663">
        <ele>900.6515860113241</ele>
      </trkpt>
      <trkpt lat="36.876474" lon="138.29662">
        <ele>900.8354638698822</ele>
      </trkpt>
      <trkpt lat="36.876459" lon="138.296605">
        <ele>901.2326552158491</ele>
      </trkpt>
      <trkpt lat="36.876446" lon="138.296589">
        <ele>901.6768773439711</ele>
      </trkpt>
      <trkpt lat="36.876435" lon="138.296577">
        <ele>901.9175738668275</ele>
      </trkpt>
      <trkpt lat="36.876404" lon="138.296544">
        <ele>902.5313757283329</ele>
      </trkpt>
      <trkpt lat="36.876387" lon="138.296522">
        <ele>903.0088894024608</ele>
      </trkpt>
      <trkpt lat="36.876357" lon="138.296479">
        <ele>903.7680912570393</ele>
      </trkpt>
      <trkpt lat="36.876342" lon="138.29646">
        <ele>904.0141420291992</ele>
      </trkpt>
      <trkpt lat="36.87633" lon="138.296448">
        <ele>904.1469305097112</ele>
      </trkpt>
      <trkpt lat="36.876321" lon="138.296442">
        <ele>904.1692272682976</ele>
      </trkpt>
      <trkpt lat="36.876314" lon="138.296434">
        <ele>904.2759676288517</ele>
      </trkpt>
      <trkpt lat="36.876309" lon="138.296423">
        <ele>904.5016626684233</ele>
      </trkpt>
      <trkpt lat="36.876304" lon="138.296409">
        <ele>904.780502939672</ele>
      </trkpt>
      <trkpt lat="36.876296" lon="138.296394">
        <ele>904.96759256307</ele>
      </trkpt>
      <trkpt lat="36.876282" lon="138.296376">
        <ele>905.1525248385806</ele>
      </trkpt>
      <trkpt lat="36.876267" lon="138.296352">
        <ele>905.4809519205346</ele>
      </trkpt>
      <trkpt lat="36.876253" lon="138.296335">
        <ele>905.6897621756948</ele>
      </trkpt>
      <trkpt lat="36.876223" lon="138.29632">
        <ele>905.5812674459021</ele>
      </trkpt>
      <trkpt lat="36.876211" lon="138.296316">
        <ele>905.4937733568624</ele>
      </trkpt>
      <trkpt lat="36.876194" lon="138.296306">
        <ele>905.4525381922929</ele>
      </trkpt>
      <trkpt lat="36.876177" lon="138.296298">
        <ele>905.3715356147272</ele>
      </trkpt>
      <trkpt lat="36.87616" lon="138.296297">
        <ele>905.159425011953</ele>
      </trkpt>
      <trkpt lat="36.876145" lon="138.296298">
        <ele>904.9376001683961</ele>
      </trkpt>
      <trkpt lat="36.87613" lon="138.296297">
        <ele>904.7536287660474</ele>
      </trkpt>
      <trkpt lat="36.87611" lon="138.296289">
        <ele>904.5957371293201</ele>
      </trkpt>
      <trkpt lat="36.876071" lon="138.296266">
        <ele>904.4207675997931</ele>
      </trkpt>
      <trkpt lat="36.876052" lon="138.29625">
        <ele>904.512925630949</ele>
      </trkpt>
      <trkpt lat="36.876031" lon="138.296235">
        <ele>904.4593646357853</ele>
      </trkpt>
      <trkpt lat="36.876014" lon="138.296223">
        <ele>904.3846644080986</ele>
      </trkpt>
      <trkpt lat="36.876002" lon="138.296215">
        <ele>904.3388378113457</ele>
      </trkpt>
      <trkpt lat="36.87598" lon="138.296194">
        <ele>904.4219336647611</ele>
      </trkpt>
      <trkpt lat="36.875968" lon="138.296182">
        <ele>904.458040058012</ele>
      </trkpt>
      <trkpt lat="36.875957" lon="138.296175">
        <ele>904.4130413588412</ele>
      </trkpt>
      <trkpt lat="36.875945" lon="138.296168">
        <ele>904.3601987190009</ele>
      </trkpt>
      <trkpt lat="36.875931" lon="138.29616">
        <ele>904.3086977779795</ele>
      </trkpt>
      <trkpt lat="36.875893" lon="138.29615">
        <ele>903.794932131442</ele>
      </trkpt>
      <trkpt lat="36.875869" lon="138.296114">
        <ele>904.0101840329573</ele>
      </trkpt>
      <trkpt lat="36.875856" lon="138.296082">
        <ele>904.4280893242621</ele>
      </trkpt>
      <trkpt lat="36.875837" lon="138.29604">
        <ele>904.7913067641513</ele>
      </trkpt>
      <trkpt lat="36.875813" lon="138.296">
        <ele>904.9969283720615</ele>
      </trkpt>
      <trkpt lat="36.875797" lon="138.295982">
        <ele>905.0329973764428</ele>
      </trkpt>
      <trkpt lat="36.875787" lon="138.295962">
        <ele>905.1101014626729</ele>
      </trkpt>
      <trkpt lat="36.87577" lon="138.29594">
        <ele>905.1318019364138</ele>
      </trkpt>
      <trkpt lat="36.875744" lon="138.2959">
        <ele>905.263494007343</ele>
      </trkpt>
      <trkpt lat="36.875739" lon="138.295878">
        <ele>905.8785618866334</ele>
      </trkpt>
      <trkpt lat="36.875719" lon="138.295832">
        <ele>905.7037858778615</ele>
      </trkpt>
      <trkpt lat="36.875705" lon="138.295818">
        <ele>905.5721640486738</ele>
      </trkpt>
      <trkpt lat="36.875674" lon="138.295808">
        <ele>905.2031927375228</ele>
      </trkpt>
      <trkpt lat="36.875654" lon="138.295812">
        <ele>904.9089821972743</ele>
      </trkpt>
      <trkpt lat="36.875639" lon="138.29582">
        <ele>904.7070234516875</ele>
      </trkpt>
      <trkpt lat="36.875625" lon="138.29583">
        <ele>904.4842886258855</ele>
      </trkpt>
      <trkpt lat="36.875585" lon="138.295864">
        <ele>903.8434443014911</ele>
      </trkpt>
      <trkpt lat="36.875562" lon="138.295872">
        <ele>903.4408568665856</ele>
      </trkpt>
      <trkpt lat="36.875533" lon="138.295874">
        <ele>902.8495327762334</ele>
      </trkpt>
      <trkpt lat="36.875476" lon="138.295888">
        <ele>901.6506525730256</ele>
      </trkpt>
      <trkpt lat="36.875417" lon="138.295904">
        <ele>897.9198636503899</ele>
      </trkpt>
      <trkpt lat="36.875375" lon="138.295946">
        <ele>895.1587804181854</ele>
      </trkpt>
      <trkpt lat="36.875329" lon="138.295972">
        <ele>892.494477434112</ele>
      </trkpt>
      <trkpt lat="36.875306" lon="138.295978">
        <ele>891.3585849311108</ele>
      </trkpt>
      <trkpt lat="36.875307" lon="138.295998">
        <ele>890.6441396109027</ele>
      </trkpt>
      <trkpt lat="36.875309" lon="138.296028">
        <ele>889.5523316731408</ele>
      </trkpt>
      <trkpt lat="36.875317" lon="138.296056">
        <ele>888.8020389836797</ele>
      </trkpt>
      <trkpt lat="36.875312" lon="138.296076">
        <ele>887.8052638190771</ele>
      </trkpt>
      <trkpt lat="36.875247" lon="138.296076">
        <ele>884.9128588234156</ele>
      </trkpt>
      <trkpt lat="36.875176" lon="138.296086">
        <ele>881.4782731278058</ele>
      </trkpt>
      <trkpt lat="36.875132" lon="138.296134">
        <ele>878.1445767082233</ele>
      </trkpt>
      <trkpt lat="36.8751" lon="138.296162">
        <ele>876.0912204909075</ele>
      </trkpt>
      <trkpt lat="36.875068" lon="138.29618">
        <ele>874.6114331467179</ele>
      </trkpt>
      <trkpt lat="36.875038" lon="138.296174">
        <ele>873.7534349261274</ele>
      </trkpt>
      <trkpt lat="36.874992" lon="138.29614">
        <ele>873.00937146324</ele>
      </trkpt>
      <trkpt lat="36.874936" lon="138.29611">
        <ele>871.926222848803</ele>
      </trkpt>
      <trkpt lat="36.87491" lon="138.296099">
        <ele>871.4032905408844</ele>
      </trkpt>
      <trkpt lat="36.874874" lon="138.296124">
        <ele>870.0858943707618</ele>
      </trkpt>
      <trkpt lat="36.874853" lon="138.296146">
        <ele>869.3242814719944</ele>
      </trkpt>
      <trkpt lat="36.874828" lon="138.296168">
        <ele>868.4942447696458</ele>
      </trkpt>
      <trkpt lat="36.874798" lon="138.296176">
        <ele>867.8011762807846</ele>
      </trkpt>
      <trkpt lat="36.874762" lon="138.296187">
        <ele>866.9833144883804</ele>
      </trkpt>
      <trkpt lat="36.874736" lon="138.296189">
        <ele>866.4910883779716</ele>
      </trkpt>
      <trkpt lat="36.874718" lon="138.296187">
        <ele>866.2170249311168</ele>
      </trkpt>
      <trkpt lat="36.874698" lon="138.296187">
        <ele>865.87551736158</ele>
      </trkpt>
      <trkpt lat="36.874683" lon="138.296196">
        <ele>865.4533779805363</ele>
      </trkpt>
      <trkpt lat="36.874672" lon="138.296208">
        <ele>865.0439766519021</ele>
      </trkpt>
      <trkpt lat="36.874643" lon="138.296229">
        <ele>864.1544984990783</ele>
      </trkpt>
      <trkpt lat="36.874625" lon="138.29624">
        <ele>863.6231493246346</ele>
      </trkpt>
      <trkpt lat="36.874608" lon="138.296249">
        <ele>863.1381333205187</ele>
      </trkpt>
      <trkpt lat="36.874582" lon="138.296284">
        <ele>861.9117750335569</ele>
      </trkpt>
      <trkpt lat="36.874541" lon="138.29632">
        <ele>860.2989059267634</ele>
      </trkpt>
      <trkpt lat="36.874485" lon="138.29633">
        <ele>858.9293703661575</ele>
      </trkpt>
      <trkpt lat="36.874463" lon="138.296329">
        <ele>858.4666861796985</ele>
      </trkpt>
      <trkpt lat="36.874443" lon="138.296338">
        <ele>857.7923357750008</ele>
      </trkpt>
      <trkpt lat="36.874456" lon="138.296379">
        <ele>857.2709982530661</ele>
      </trkpt>
      <trkpt lat="36.874455" lon="138.296404">
        <ele>856.737478865438</ele>
      </trkpt>
      <trkpt lat="36.874443" lon="138.296468">
        <ele>855.3814198749722</ele>
      </trkpt>
      <trkpt lat="36.874416" lon="138.296522">
        <ele>854.105110007937</ele>
      </trkpt>
      <trkpt lat="36.874379" lon="138.296574">
        <ele>852.9981890003978</ele>
      </trkpt>
      <trkpt lat="36.874358" lon="138.296603">
        <ele>852.5591901753485</ele>
      </trkpt>
      <trkpt lat="36.874315" lon="138.296631">
        <ele>852.0148127137276</ele>
      </trkpt>
      <trkpt lat="36.874295" lon="138.296636">
        <ele>851.8181459198514</ele>
      </trkpt>
      <trkpt lat="36.874277" lon="138.296639">
        <ele>851.6460938469584</ele>
      </trkpt>
      <trkpt lat="36.87426" lon="138.296628">
        <ele>851.5231648919624</ele>
      </trkpt>
      <trkpt lat="36.874235" lon="138.29661">
        <ele>851.3889688418799</ele>
      </trkpt>
      <trkpt lat="36.874213" lon="138.296593">
        <ele>851.2312429487331</ele>
      </trkpt>
      <trkpt lat="36.874176" lon="138.296544">
        <ele>851.2305135781094</ele>
      </trkpt>
      <trkpt lat="36.874145" lon="138.296504">
        <ele>851.2455633218668</ele>
      </trkpt>
      <trkpt lat="36.874108" lon="138.296475">
        <ele>851.4127908369398</ele>
      </trkpt>
      <trkpt lat="36.874074" lon="138.296464">
        <ele>851.6140082937168</ele>
      </trkpt>
      <trkpt lat="36.874059" lon="138.296467">
        <ele>851.6785397610948</ele>
      </trkpt>
      <trkpt lat="36.874043" lon="138.296477">
        <ele>851.8529773703094</ele>
      </trkpt>
      <trkpt lat="36.874017" lon="138.296507">
        <ele>852.1688126086318</ele>
      </trkpt>
      <trkpt lat="36.874005" lon="138.296525">
        <ele>852.3652362795763</ele>
      </trkpt>
      <trkpt lat="36.873991" lon="138.29654">
        <ele>852.5897196672165</ele>
      </trkpt>
      <trkpt lat="36.873977" lon="138.296553">
        <ele>852.9352361503553</ele>
      </trkpt>
      <trkpt lat="36.87395" lon="138.29657">
        <ele>853.6010469949535</ele>
      </trkpt>
      <trkpt lat="36.873933" lon="138.296579">
        <ele>854.0226170161071</ele>
      </trkpt>
      <trkpt lat="36.873916" lon="138.296585">
        <ele>854.4733123753033</ele>
      </trkpt>
      <trkpt lat="36.873898" lon="138.296591">
        <ele>855.0348010813248</ele>
      </trkpt>
      <trkpt lat="36.873879" lon="138.296595">
        <ele>855.6163703639195</ele>
      </trkpt>
      <trkpt lat="36.87386" lon="138.296606">
        <ele>856.2486563638865</ele>
      </trkpt>
      <trkpt lat="36.873846" lon="138.296617">
        <ele>856.7822071014972</ele>
      </trkpt>
      <trkpt lat="36.873842" lon="138.296633">
        <ele>857.0391066265022</ele>
      </trkpt>
      <trkpt lat="36.873842" lon="138.296657">
        <ele>857.2114803498882</ele>
      </trkpt>
      <trkpt lat="36.873846" lon="138.296709">
        <ele>857.4763850753438</ele>
      </trkpt>
      <trkpt lat="36.873853" lon="138.296724">
        <ele>857.3438435350552</ele>
      </trkpt>
      <trkpt lat="36.873855" lon="138.296736">
        <ele>857.376919159271</ele>
      </trkpt>
      <trkpt lat="36.873854" lon="138.296748">
        <ele>857.506333026793</ele>
      </trkpt>
      <trkpt lat="36.873857" lon="138.296761">
        <ele>857.5260435776788</ele>
      </trkpt>
      <trkpt lat="36.873847" lon="138.296775">
        <ele>858.0207819847626</ele>
      </trkpt>
      <trkpt lat="36.873846" lon="138.296798">
        <ele>858.2983652354452</ele>
      </trkpt>
      <trkpt lat="36.873839" lon="138.296812">
        <ele>858.7000412592898</ele>
      </trkpt>
      <trkpt lat="36.873826" lon="138.296827">
        <ele>859.3306675968925</ele>
      </trkpt>
      <trkpt lat="36.873811" lon="138.29687">
        <ele>860.3399844878971</ele>
      </trkpt>
      <trkpt lat="36.873812" lon="138.296914">
        <ele>860.7858414423399</ele>
      </trkpt>
      <trkpt lat="36.87381" lon="138.296935">
        <ele>861.0980052376174</ele>
      </trkpt>
      <trkpt lat="36.873808" lon="138.296957">
        <ele>861.4498643188743</ele>
      </trkpt>
      <trkpt lat="36.873805" lon="138.296979">
        <ele>861.836677719979</ele>
      </trkpt>
      <trkpt lat="36.873801" lon="138.296995">
        <ele>862.1815498635176</ele>
      </trkpt>
      <trkpt lat="36.873798" lon="138.297021">
        <ele>862.6226940016451</ele>
      </trkpt>
      <trkpt lat="36.873778" lon="138.297015">
        <ele>863.222309647491</ele>
      </trkpt>
      <trkpt lat="36.873768" lon="138.297009">
        <ele>863.4689573448586</ele>
      </trkpt>
      <trkpt lat="36.873741" lon="138.296988">
        <ele>864.1008400533965</ele>
      </trkpt>
      <trkpt lat="36.873726" lon="138.296985">
        <ele>864.5623396830638</ele>
      </trkpt>
      <trkpt lat="36.873715" lon="138.296987">
        <ele>864.9437687653347</ele>
      </trkpt>
      <trkpt lat="36.87371" lon="138.296997">
        <ele>865.1968623924172</ele>
      </trkpt>
      <trkpt lat="36.873695" lon="138.296996">
        <ele>865.6327913269339</ele>
      </trkpt>
      <trkpt lat="36.873667" lon="138.297003">
        <ele>866.527485176551</ele>
      </trkpt>
      <trkpt lat="36.873657" lon="138.297004">
        <ele>866.8310682214619</ele>
      </trkpt>
      <trkpt lat="36.873636" lon="138.297009">
        <ele>867.3415989405906</ele>
      </trkpt>
      <trkpt lat="36.873623" lon="138.297009">
        <ele>867.5533333136037</ele>
      </trkpt>
      <trkpt lat="36.873596" lon="138.296996">
        <ele>867.9210261283763</ele>
      </trkpt>
      <trkpt lat="36.873579" lon="138.296982">
        <ele>868.1436687490091</ele>
      </trkpt>
      <trkpt lat="36.873574" lon="138.29697">
        <ele>868.1447917817413</ele>
      </trkpt>
      <trkpt lat="36.873566" lon="138.296954">
        <ele>868.1612269695719</ele>
      </trkpt>
      <trkpt lat="36.873559" lon="138.296932">
        <ele>868.1445565527947</ele>
      </trkpt>
      <trkpt lat="36.873555" lon="138.296914">
        <ele>868.1090377305777</ele>
      </trkpt>
      <trkpt lat="36.873549" lon="138.296895">
        <ele>868.1013454459229</ele>
      </trkpt>
      <trkpt lat="36.873541" lon="138.296878">
        <ele>868.1417151367433</ele>
      </trkpt>
      <trkpt lat="36.873537" lon="138.296861">
        <ele>868.1356002208969</ele>
      </trkpt>
      <trkpt lat="36.873515" lon="138.296832">
        <ele>868.381032069012</ele>
      </trkpt>
      <trkpt lat="36.873496" lon="138.296822">
        <ele>868.5193774454485</ele>
      </trkpt>
      <trkpt lat="36.873476" lon="138.296816">
        <ele>868.6358068643748</ele>
      </trkpt>
      <trkpt lat="36.87346" lon="138.296809">
        <ele>868.7308577484557</ele>
      </trkpt>
      <trkpt lat="36.873442" lon="138.296777">
        <ele>868.8182221344373</ele>
      </trkpt>
      <trkpt lat="36.873427" lon="138.296756">
        <ele>868.8621155766822</ele>
      </trkpt>
      <trkpt lat="36.873417" lon="138.296714">
        <ele>868.8918093024234</ele>
      </trkpt>
      <trkpt lat="36.873412" lon="138.29669">
        <ele>868.9168374383102</ele>
      </trkpt>
      <trkpt lat="36.873408" lon="138.296645">
        <ele>868.942728130427</ele>
      </trkpt>
      <trkpt lat="36.873404" lon="138.296622">
        <ele>868.9718565792318</ele>
      </trkpt>
      <trkpt lat="36.873398" lon="138.2966">
        <ele>869.015549249645</ele>
      </trkpt>
      <trkpt lat="36.873371" lon="138.29656">
        <ele>869.1975667551633</ele>
      </trkpt>
      <trkpt lat="36.873354" lon="138.296543">
        <ele>869.1728075877071</ele>
      </trkpt>
      <trkpt lat="36.873343" lon="138.29652">
        <ele>869.15678695289</ele>
      </trkpt>
      <trkpt lat="36.873335" lon="138.296501">
        <ele>869.1451355835661</ele>
      </trkpt>
      <trkpt lat="36.873325" lon="138.296486">
        <ele>869.0842511603614</ele>
      </trkpt>
      <trkpt lat="36.873309" lon="138.296458">
        <ele>868.9630813350909</ele>
      </trkpt>
      <trkpt lat="36.873292" lon="138.296442">
        <ele>868.8182597878177</ele>
      </trkpt>
      <trkpt lat="36.87327" lon="138.296432">
        <ele>868.6279987012022</ele>
      </trkpt>
      <trkpt lat="36.873249" lon="138.296429">
        <ele>868.4684087967082</ele>
      </trkpt>
      <trkpt lat="36.873234" lon="138.296427">
        <ele>868.3531550189153</ele>
      </trkpt>
      <trkpt lat="36.873201" lon="138.296424">
        <ele>868.0930100297761</ele>
      </trkpt>
      <trkpt lat="36.873182" lon="138.296423">
        <ele>867.9474846967648</ele>
      </trkpt>
      <trkpt lat="36.87316" lon="138.296429">
        <ele>867.827004325973</ele>
      </trkpt>
      <trkpt lat="36.873141" lon="138.296434">
        <ele>867.7686665548885</ele>
      </trkpt>
      <trkpt lat="36.873125" lon="138.296446">
        <ele>867.7547767213323</ele>
      </trkpt>
      <trkpt lat="36.873108" lon="138.296463">
        <ele>867.7662453207816</ele>
      </trkpt>
      <trkpt lat="36.873078" lon="138.296495">
        <ele>868.0857756787398</ele>
      </trkpt>
      <trkpt lat="36.873064" lon="138.296514">
        <ele>868.2812414077121</ele>
      </trkpt>
      <trkpt lat="36.873053" lon="138.296536">
        <ele>868.444649141236</ele>
      </trkpt>
      <trkpt lat="36.873044" lon="138.296556">
        <ele>868.583006703575</ele>
      </trkpt>
      <trkpt lat="36.873042" lon="138.29657">
        <ele>868.6360188853703</ele>
      </trkpt>
      <trkpt lat="36.873036" lon="138.296585">
        <ele>868.7321408674131</ele>
      </trkpt>
      <trkpt lat="36.873033" lon="138.296596">
        <ele>868.7890312207114</ele>
      </trkpt>
      <trkpt lat="36.873021" lon="138.296604">
        <ele>869.0119111746643</ele>
      </trkpt>
      <trkpt lat="36.87301" lon="138.296612">
        <ele>869.2486810650989</ele>
      </trkpt>
      <trkpt lat="36.872986" lon="138.296628">
        <ele>869.7525845374107</ele>
      </trkpt>
      <trkpt lat="36.87295" lon="138.296654">
        <ele>870.5856250088594</ele>
      </trkpt>
      <trkpt lat="36.872926" lon="138.296671">
        <ele>871.2599391620613</ele>
      </trkpt>
      <trkpt lat="36.872905" lon="138.296686">
        <ele>871.7776791494897</ele>
      </trkpt>
      <trkpt lat="36.872867" lon="138.296714">
        <ele>872.9289040193295</ele>
      </trkpt>
      <trkpt lat="36.872845" lon="138.296729">
        <ele>873.6399364360051</ele>
      </trkpt>
      <trkpt lat="36.872835" lon="138.296738">
        <ele>873.9355231744544</ele>
      </trkpt>
      <trkpt lat="36.872824" lon="138.296742">
        <ele>874.298016294037</ele>
      </trkpt>
      <trkpt lat="36.872829" lon="138.296744">
        <ele>874.1037553591539</ele>
      </trkpt>
      <trkpt lat="36.872805" lon="138.29675">
        <ele>875.1114817572302</ele>
      </trkpt>
      <trkpt lat="36.872793" lon="138.296746">
        <ele>875.7033658949667</ele>
      </trkpt>
      <trkpt lat="36.872777" lon="138.296729">
        <ele>876.5876931733462</ele>
      </trkpt>
      <trkpt lat="36.872774" lon="138.296717">
        <ele>876.8253756668428</ele>
      </trkpt>
      <trkpt lat="36.87277" lon="138.296704">
        <ele>877.1178188771951</ele>
      </trkpt>
      <trkpt lat="36.87278" lon="138.296706">
        <ele>876.6354563630196</ele>
      </trkpt>
      <trkpt lat="36.872793" lon="138.296705">
        <ele>876.0377451308083</ele>
      </trkpt>
      <trkpt lat="36.872783" lon="138.296698">
        <ele>876.5608856803747</ele>
      </trkpt>
      <trkpt lat="36.872771" lon="138.296694">
        <ele>877.1527696571786</ele>
      </trkpt>
      <trkpt lat="36.872753" lon="138.29669">
        <ele>878.0337217797717</ele>
      </trkpt>
      <trkpt lat="36.872746" lon="138.296683">
        <ele>878.4565943706647</ele>
      </trkpt>
      <trkpt lat="36.872755" lon="138.296681">
        <ele>878.0044743561192</ele>
      </trkpt>
      <trkpt lat="36.872758" lon="138.296684">
        <ele>877.840192216449</ele>
      </trkpt>
      <trkpt lat="36.872769" lon="138.296681">
        <ele>877.3520026021645</ele>
      </trkpt>
      <trkpt lat="36.872759" lon="138.296676">
        <ele>877.8588318226864</ele>
      </trkpt>
      <trkpt lat="36.872749" lon="138.296669">
        <ele>878.4083933245271</ele>
      </trkpt>
      <trkpt lat="36.872759" lon="138.296672">
        <ele>877.8914541872222</ele>
      </trkpt>
      <trkpt lat="36.872783" lon="138.296689">
        <ele>876.6342860002545</ele>
      </trkpt>
      <trkpt lat="36.872799" lon="138.296697">
        <ele>875.8233589842927</ele>
      </trkpt>
      <trkpt lat="36.872789" lon="138.296695">
        <ele>876.305721613626</ele>
      </trkpt>
      <trkpt lat="36.872786" lon="138.296682">
        <ele>876.5515597209343</ele>
      </trkpt>
      <trkpt lat="36.872798" lon="138.296687">
        <ele>875.9515200416567</ele>
      </trkpt>
      <trkpt lat="36.8728" lon="138.296674">
        <ele>875.9643324315559</ele>
      </trkpt>
      <trkpt lat="36.872809" lon="138.296666">
        <ele>875.5884300620139</ele>
      </trkpt>
      <trkpt lat="36.872818" lon="138.296658">
        <ele>875.1969252346623</ele>
      </trkpt>
      <trkpt lat="36.87283" lon="138.296668">
        <ele>874.6494318323986</ele>
      </trkpt>
      <trkpt lat="36.872836" lon="138.296684">
        <ele>874.3053187042563</ele>
      </trkpt>
      <trkpt lat="36.872832" lon="138.296704">
        <ele>874.3056134902303</ele>
      </trkpt>
      <trkpt lat="36.87282" lon="138.296716">
        <ele>874.6896945138473</ele>
      </trkpt>
      <trkpt lat="36.872828" lon="138.296708">
        <ele>874.4244877722556</ele>
      </trkpt>
      <trkpt lat="36.872822" lon="138.296722">
        <ele>874.5475506442142</ele>
      </trkpt>
      <trkpt lat="36.87281" lon="138.296728">
        <ele>875.0578789964329</ele>
      </trkpt>
      <trkpt lat="36.872798" lon="138.296732">
        <ele>875.5845184419314</ele>
      </trkpt>
      <trkpt lat="36.872786" lon="138.296734">
        <ele>876.1274689832715</ele>
      </trkpt>
      <trkpt lat="36.872776" lon="138.296738">
        <ele>876.5608979871508</ele>
      </trkpt>
      <trkpt lat="36.872772" lon="138.296737">
        <ele>876.7554741083655</ele>
      </trkpt>
      <trkpt lat="36.87276" lon="138.29674">
        <ele>877.2902688678366</ele>
      </trkpt>
      <trkpt lat="36.872746" lon="138.296756">
        <ele>877.8504405641909</ele>
      </trkpt>
      <trkpt lat="36.872717" lon="138.296758">
        <ele>879.3093492278377</ele>
      </trkpt>
      <trkpt lat="36.872699" lon="138.29675">
        <ele>880.3014336522549</ele>
      </trkpt>
      <trkpt lat="36.872686" lon="138.296716">
        <ele>881.2825658946485</ele>
      </trkpt>
      <trkpt lat="36.872682" lon="138.296702">
        <ele>881.6211470995129</ele>
      </trkpt>
      <trkpt lat="36.872678" lon="138.296685">
        <ele>881.9830694873035</ele>
      </trkpt>
      <trkpt lat="36.872666" lon="138.296661">
        <ele>882.7534825698933</ele>
      </trkpt>
      <trkpt lat="36.872653" lon="138.296636">
        <ele>883.4873212380194</ele>
      </trkpt>
      <trkpt lat="36.87264" lon="138.296592">
        <ele>884.261692592505</ele>
      </trkpt>
      <trkpt lat="36.872622" lon="138.296552">
        <ele>885.0998708016632</ele>
      </trkpt>
      <trkpt lat="36.872618" lon="138.296532">
        <ele>885.2472610863131</ele>
      </trkpt>
      <trkpt lat="36.872615" lon="138.296511">
        <ele>885.3288478604941</ele>
      </trkpt>
      <trkpt lat="36.872616" lon="138.296448">
        <ele>885.0174882914575</ele>
      </trkpt>
      <trkpt lat="36.872617" lon="138.296394">
        <ele>884.6568619680455</ele>
      </trkpt>
      <trkpt lat="36.872614" lon="138.296365">
        <ele>884.5356613778877</ele>
      </trkpt>
      <trkpt lat="36.872597" lon="138.296316">
        <ele>884.7465973135012</ele>
      </trkpt>
      <trkpt lat="36.872588" lon="138.296288">
        <ele>884.7780609256733</ele>
      </trkpt>
      <trkpt lat="36.872583" lon="138.296257">
        <ele>884.6208858020078</ele>
      </trkpt>
      <trkpt lat="36.872579" lon="138.2962">
        <ele>884.0626363443449</ele>
      </trkpt>
      <trkpt lat="36.872598" lon="138.296143">
        <ele>882.6102070700383</ele>
      </trkpt>
      <trkpt lat="36.872606" lon="138.296117">
        <ele>881.9251271050896</ele>
      </trkpt>
      <trkpt lat="36.872601" lon="138.296095">
        <ele>881.7739638474545</ele>
      </trkpt>
      <trkpt lat="36.872591" lon="138.296079">
        <ele>881.8957280320591</ele>
      </trkpt>
      <trkpt lat="36.872567" lon="138.296031">
        <ele>881.9970058511955</ele>
      </trkpt>
      <trkpt lat="36.872545" lon="138.295988">
        <ele>882.0692566687635</ele>
      </trkpt>
      <trkpt lat="36.87252" lon="138.295957">
        <ele>882.1782629480632</ele>
      </trkpt>
      <trkpt lat="36.872509" lon="138.295936">
        <ele>882.0775167839741</ele>
      </trkpt>
      <trkpt lat="36.872495" lon="138.295906">
        <ele>881.8949819319735</ele>
      </trkpt>
      <trkpt lat="36.872464" lon="138.295863">
        <ele>880.8913990161159</ele>
      </trkpt>
      <trkpt lat="36.872449" lon="138.295852">
        <ele>881.3501663829672</ele>
      </trkpt>
      <trkpt lat="36.872434" lon="138.295844">
        <ele>881.808933660342</ele>
      </trkpt>
      <trkpt lat="36.872402" lon="138.295822">
        <ele>882.746545899613</ele>
      </trkpt>
      <trkpt lat="36.872372" lon="138.295776">
        <ele>882.7289559140778</ele>
      </trkpt>
      <trkpt lat="36.872357" lon="138.29575">
        <ele>882.582979501079</ele>
      </trkpt>
      <trkpt lat="36.872349" lon="138.29573">
        <ele>882.3860210854662</ele>
      </trkpt>
      <trkpt lat="36.872343" lon="138.295718">
        <ele>882.2879966311157</ele>
      </trkpt>
      <trkpt lat="36.87233" lon="138.295704">
        <ele>882.3131706862023</ele>
      </trkpt>
      <trkpt lat="36.872315" lon="138.295656">
        <ele>881.6447033918115</ele>
      </trkpt>
      <trkpt lat="36.872308" lon="138.295628">
        <ele>881.2103259204887</ele>
      </trkpt>
      <trkpt lat="36.872303" lon="138.2956">
        <ele>880.70351877762</ele>
      </trkpt>
      <trkpt lat="36.872293" lon="138.295574">
        <ele>880.3889551302418</ele>
      </trkpt>
      <trkpt lat="36.87228" lon="138.295554">
        <ele>880.30158563843</ele>
      </trkpt>
      <trkpt lat="36.872257" lon="138.2955">
        <ele>879.6794614820183</ele>
      </trkpt>
      <trkpt lat="36.872235" lon="138.295454">
        <ele>879.225261159894</ele>
      </trkpt>
      <trkpt lat="36.872221" lon="138.29544">
        <ele>879.2864399120688</ele>
      </trkpt>
      <trkpt lat="36.872186" lon="138.295418">
        <ele>879.7140287715955</ele>
      </trkpt>
      <trkpt lat="36.87216" lon="138.295398">
        <ele>879.9295896950654</ele>
      </trkpt>
      <trkpt lat="36.872139" lon="138.295376">
        <ele>879.9671872421866</ele>
      </trkpt>
      <trkpt lat="36.872133" lon="138.295362">
        <ele>879.7944366634302</ele>
      </trkpt>
      <trkpt lat="36.872113" lon="138.295357">
        <ele>880.18239946884</ele>
      </trkpt>
      <trkpt lat="36.872095" lon="138.295356">
        <ele>880.613543579677</ele>
      </trkpt>
      <trkpt lat="36.872086" lon="138.295352">
        <ele>880.7508030419602</ele>
      </trkpt>
      <trkpt lat="36.872064" lon="138.295334">
        <ele>880.9075021067036</ele>
      </trkpt>
      <trkpt lat="36.872043" lon="138.29532">
        <ele>881.1341043798174</ele>
      </trkpt>
      <trkpt lat="36.872029" lon="138.295306">
        <ele>881.1991453309013</ele>
      </trkpt>
      <trkpt lat="36.872011" lon="138.295296">
        <ele>881.4585563230978</ele>
      </trkpt>
      <trkpt lat="36.87199" lon="138.295288">
        <ele>881.7833180304203</ele>
      </trkpt>
      <trkpt lat="36.871973" lon="138.295278">
        <ele>881.9289423693895</ele>
      </trkpt>
      <trkpt lat="36.871958" lon="138.295266">
        <ele>881.9904412951008</ele>
      </trkpt>
      <trkpt lat="36.871936" lon="138.295254">
        <ele>882.2161515343321</ele>
      </trkpt>
      <trkpt lat="36.871922" lon="138.295242">
        <ele>882.2512408215641</ele>
      </trkpt>
      <trkpt lat="36.871908" lon="138.29523">
        <ele>882.2863638007539</ele>
      </trkpt>
      <trkpt lat="36.871891" lon="138.295213">
        <ele>882.2938597954749</ele>
      </trkpt>
      <trkpt lat="36.87186" lon="138.295182">
        <ele>882.3099930452107</ele>
      </trkpt>
      <trkpt lat="36.871849" lon="138.295162">
        <ele>882.0767940153966</ele>
      </trkpt>
      <trkpt lat="36.871846" lon="138.295136">
        <ele>881.5892349149062</ele>
      </trkpt>
      <trkpt lat="36.871839" lon="138.295112">
        <ele>881.1839398012818</ele>
      </trkpt>
      <trkpt lat="36.871834" lon="138.295088">
        <ele>880.7247124459017</ele>
      </trkpt>
      <trkpt lat="36.871824" lon="138.295034">
        <ele>879.6785802370413</ele>
      </trkpt>
      <trkpt lat="36.871814" lon="138.294972">
        <ele>878.4232065107452</ele>
      </trkpt>
      <trkpt lat="36.871801" lon="138.294948">
        <ele>878.1027562732122</ele>
      </trkpt>
      <trkpt lat="36.871786" lon="138.294928">
        <ele>877.8724206843382</ele>
      </trkpt>
      <trkpt lat="36.871774" lon="138.294916">
        <ele>877.7617492739519</ele>
      </trkpt>
      <trkpt lat="36.871757" lon="138.294902">
        <ele>877.6718547703567</ele>
      </trkpt>
      <trkpt lat="36.871743" lon="138.294899">
        <ele>877.8077468515712</ele>
      </trkpt>
      <trkpt lat="36.871727" lon="138.294898">
        <ele>878.0234640036093</ele>
      </trkpt>
      <trkpt lat="36.871719" lon="138.294906">
        <ele>878.3077431786137</ele>
      </trkpt>
      <trkpt lat="36.871708" lon="138.294915">
        <ele>878.6280988038997</ele>
      </trkpt>
      <trkpt lat="36.871694" lon="138.294939">
        <ele>879.368798462734</ele>
      </trkpt>
      <trkpt lat="36.871696" lon="138.294963">
        <ele>879.9483163515805</ele>
      </trkpt>
      <trkpt lat="36.871694" lon="138.294975">
        <ele>880.2379946266652</ele>
      </trkpt>
      <trkpt lat="36.871687" lon="138.294989">
        <ele>880.6205086441976</ele>
      </trkpt>
      <trkpt lat="36.871684" lon="138.295007">
        <ele>881.0594038412669</ele>
      </trkpt>
      <trkpt lat="36.871674" lon="138.295012">
        <ele>881.2707205779595</ele>
      </trkpt>
      <trkpt lat="36.871656" lon="138.295019">
        <ele>881.6083807435361</ele>
      </trkpt>
      <trkpt lat="36.871634" lon="138.295049">
        <ele>882.4607119493322</ele>
      </trkpt>
      <trkpt lat="36.871615" lon="138.295071">
        <ele>883.1042820792637</ele>
      </trkpt>
      <trkpt lat="36.871593" lon="138.295082">
        <ele>883.5312914711126</ele>
      </trkpt>
      <trkpt lat="36.871543" lon="138.295115">
        <ele>884.4657960071895</ele>
      </trkpt>
      <trkpt lat="36.871513" lon="138.295119">
        <ele>884.6451755948141</ele>
      </trkpt>
      <trkpt lat="36.871484" lon="138.295113">
        <ele>884.5689105831927</ele>
      </trkpt>
      <trkpt lat="36.871461" lon="138.2951">
        <ele>884.282224391096</ele>
      </trkpt>
      <trkpt lat="36.87144" lon="138.29509">
        <ele>884.0363470226529</ele>
      </trkpt>
      <trkpt lat="36.871421" lon="138.295083">
        <ele>883.8487684265714</ele>
      </trkpt>
      <trkpt lat="36.871399" lon="138.295084">
        <ele>883.8755653688688</ele>
      </trkpt>
      <trkpt lat="36.871357" lon="138.295101">
        <ele>884.3563800650644</ele>
      </trkpt>
      <trkpt lat="36.871334" lon="138.295105">
        <ele>884.4905445462225</ele>
      </trkpt>
      <trkpt lat="36.871313" lon="138.295113">
        <ele>884.7373285251872</ele>
      </trkpt>
      <trkpt lat="36.871291" lon="138.295126">
        <ele>885.1327411536133</ele>
      </trkpt>
      <trkpt lat="36.871252" lon="138.295152">
        <ele>885.8559683437934</ele>
      </trkpt>
      <trkpt lat="36.871218" lon="138.295172">
        <ele>886.4561875932394</ele>
      </trkpt>
      <trkpt lat="36.871196" lon="138.295178">
        <ele>886.6740594820594</ele>
      </trkpt>
      <trkpt lat="36.871176" lon="138.295178">
        <ele>886.7323146867575</ele>
      </trkpt>
      <trkpt lat="36.871151" lon="138.295181">
        <ele>886.9405275739972</ele>
      </trkpt>
      <trkpt lat="36.871109" lon="138.295186">
        <ele>887.2970540072736</ele>
      </trkpt>
      <trkpt lat="36.87107" lon="138.295193">
        <ele>887.7343438878347</ele>
      </trkpt>
      <trkpt lat="36.871041" lon="138.295193">
        <ele>887.921777751082</ele>
      </trkpt>
      <trkpt lat="36.871011" lon="138.2952">
        <ele>888.3541329011302</ele>
      </trkpt>
      <trkpt lat="36.870974" lon="138.295208">
        <ele>888.8718783513897</ele>
      </trkpt>
      <trkpt lat="36.870941" lon="138.295216">
        <ele>889.3892620046257</ele>
      </trkpt>
      <trkpt lat="36.870916" lon="138.295231">
        <ele>889.9803342272293</ele>
      </trkpt>
      <trkpt lat="36.870876" lon="138.295256">
        <ele>890.8582575751889</ele>
      </trkpt>
      <trkpt lat="36.870844" lon="138.295273">
        <ele>891.4334161768279</ele>
      </trkpt>
      <trkpt lat="36.870815" lon="138.29529">
        <ele>891.9261958745152</ele>
      </trkpt>
      <trkpt lat="36.870789" lon="138.295298">
        <ele>892.1945936876726</ele>
      </trkpt>
      <trkpt lat="36.870756" lon="138.29532">
        <ele>892.6389290669941</ele>
      </trkpt>
      <trkpt lat="36.870716" lon="138.295342">
        <ele>892.9721432178288</ele>
      </trkpt>
      <trkpt lat="36.870721" lon="138.295327">
        <ele>892.7449517505252</ele>
      </trkpt>
      <trkpt lat="36.870727" lon="138.295308">
        <ele>892.4571758931512</ele>
      </trkpt>
      <trkpt lat="36.870729" lon="138.295288">
        <ele>892.1375154629286</ele>
      </trkpt>
      <trkpt lat="36.870727" lon="138.29527">
        <ele>891.8363872376511</ele>
      </trkpt>
      <trkpt lat="36.870725" lon="138.295251">
        <ele>891.5222421283272</ele>
      </trkpt>
      <trkpt lat="36.870725" lon="138.295236">
        <ele>891.2720126711714</ele>
      </trkpt>
      <trkpt lat="36.870729" lon="138.295211">
        <ele>890.8382442950215</ele>
      </trkpt>
      <trkpt lat="36.870729" lon="138.295184">
        <ele>890.4136443215382</ele>
      </trkpt>
      <trkpt lat="36.87073" lon="138.295146">
        <ele>889.8105737038611</ele>
      </trkpt>
      <trkpt lat="36.870732" lon="138.295131">
        <ele>889.5629503309067</ele>
      </trkpt>
      <trkpt lat="36.870745" lon="138.295107">
        <ele>889.1324335741407</ele>
      </trkpt>
      <trkpt lat="36.870755" lon="138.295101">
        <ele>888.9785965055001</ele>
      </trkpt>
      <trkpt lat="36.870765" lon="138.295091">
        <ele>888.7533089688807</ele>
      </trkpt>
      <trkpt lat="36.870783" lon="138.295056">
        <ele>887.9951657511469</ele>
      </trkpt>
      <trkpt lat="36.87079" lon="138.295042">
        <ele>887.6825446340196</ele>
      </trkpt>
      <trkpt lat="36.870801" lon="138.29503">
        <ele>887.3720874652317</ele>
      </trkpt>
      <trkpt lat="36.870808" lon="138.295005">
        <ele>886.9398541819079</ele>
      </trkpt>
      <trkpt lat="36.870816" lon="138.294991">
        <ele>886.6383301782402</ele>
      </trkpt>
      <trkpt lat="36.870825" lon="138.294982">
        <ele>886.3881247605264</ele>
      </trkpt>
      <trkpt lat="36.870826" lon="138.294954">
        <ele>885.9861861171446</ele>
      </trkpt>
      <trkpt lat="36.870846" lon="138.294925">
        <ele>885.3230773281655</ele>
      </trkpt>
      <trkpt lat="36.87087" lon="138.294886">
        <ele>884.41026087405</ele>
      </trkpt>
      <trkpt lat="36.870861" lon="138.294875">
        <ele>884.4363755614493</ele>
      </trkpt>
      <trkpt lat="36.870838" lon="138.294877">
        <ele>884.8904322176598</ele>
      </trkpt>
      <trkpt lat="36.870829" lon="138.294884">
        <ele>885.1306686859267</ele>
      </trkpt>
      <trkpt lat="36.87081" lon="138.294904">
        <ele>885.6555418421855</ele>
      </trkpt>
      <trkpt lat="36.870797" lon="138.294921">
        <ele>886.0438891637866</ele>
      </trkpt>
      <trkpt lat="36.870783" lon="138.294929">
        <ele>886.3422259557831</ele>
      </trkpt>
      <trkpt lat="36.870769" lon="138.294951">
        <ele>886.7848709803127</ele>
      </trkpt>
      <trkpt lat="36.87075" lon="138.294959">
        <ele>887.096704434713</ele>
      </trkpt>
      <trkpt lat="36.870723" lon="138.294952">
        <ele>887.2886823610643</ele>
      </trkpt>
      <trkpt lat="36.870696" lon="138.29495">
        <ele>887.5429649665723</ele>
      </trkpt>
      <trkpt lat="36.870666" lon="138.294965">
        <ele>887.9713372822517</ele>
      </trkpt>
      <trkpt lat="36.870652" lon="138.294974">
        <ele>888.1894478098853</ele>
      </trkpt>
      <trkpt lat="36.870638" lon="138.294984">
        <ele>888.4139689831788</ele>
      </trkpt>
      <trkpt lat="36.870626" lon="138.294994">
        <ele>888.6171315596906</ele>
      </trkpt>
      <trkpt lat="36.870601" lon="138.295033">
        <ele>889.138220001711</ele>
      </trkpt>
      <trkpt lat="36.870585" lon="138.295045">
        <ele>889.3297811464045</ele>
      </trkpt>
      <trkpt lat="36.870557" lon="138.295066">
        <ele>889.6423578005711</ele>
      </trkpt>
      <trkpt lat="36.870545" lon="138.295075">
        <ele>889.7540203798785</ele>
      </trkpt>
      <trkpt lat="36.870522" lon="138.295098">
        <ele>890.0079262119905</ele>
      </trkpt>
      <trkpt lat="36.870515" lon="138.295111">
        <ele>890.1332358394566</ele>
      </trkpt>
      <trkpt lat="36.870496" lon="138.295128">
        <ele>890.3045620013564</ele>
      </trkpt>
      <trkpt lat="36.870479" lon="138.295127">
        <ele>890.278090352088</ele>
      </trkpt>
      <trkpt lat="36.870461" lon="138.295127">
        <ele>890.2247094366255</ele>
      </trkpt>
      <trkpt lat="36.870449" lon="138.295131">
        <ele>890.2089729291949</ele>
      </trkpt>
      <trkpt lat="36.870433" lon="138.295133">
        <ele>890.1665618728279</ele>
      </trkpt>
      <trkpt lat="36.870399" lon="138.295126">
        <ele>890.0384244279016</ele>
      </trkpt>
      <trkpt lat="36.870391" lon="138.295114">
        <ele>889.9711268158394</ele>
      </trkpt>
      <trkpt lat="36.870374" lon="138.2951">
        <ele>889.8852027335249</ele>
      </trkpt>
      <trkpt lat="36.870338" lon="138.295073">
        <ele>889.7661287452952</ele>
      </trkpt>
      <trkpt lat="36.870329" lon="138.295061">
        <ele>889.7495278953944</ele>
      </trkpt>
      <trkpt lat="36.870309" lon="138.295047">
        <ele>889.7580953677416</ele>
      </trkpt>
      <trkpt lat="36.870294" lon="138.295045">
        <ele>889.7760932786067</ele>
      </trkpt>
      <trkpt lat="36.870277" lon="138.295043">
        <ele>889.8009712275968</ele>
      </trkpt>
      <trkpt lat="36.870264" lon="138.295051">
        <ele>889.7916899779415</ele>
      </trkpt>
      <trkpt lat="36.870246" lon="138.295054">
        <ele>889.7953282981414</ele>
      </trkpt>
      <trkpt lat="36.870226" lon="138.295053">
        <ele>889.8155592519415</ele>
      </trkpt>
      <trkpt lat="36.870211" lon="138.295054">
        <ele>889.8254735007922</ele>
      </trkpt>
      <trkpt lat="36.87019" lon="138.29504">
        <ele>889.9712519707819</ele>
      </trkpt>
      <trkpt lat="36.87017" lon="138.295033">
        <ele>890.0832958478148</ele>
      </trkpt>
      <trkpt lat="36.870158" lon="138.295037">
        <ele>890.090162742949</ele>
      </trkpt>
      <trkpt lat="36.870144" lon="138.295044">
        <ele>890.0657492023914</ele>
      </trkpt>
      <trkpt lat="36.870135" lon="138.295045">
        <ele>890.0922772076076</ele>
      </trkpt>
      <trkpt lat="36.870124" lon="138.295042">
        <ele>890.1723534458087</ele>
      </trkpt>
      <trkpt lat="36.870101" lon="138.29504">
        <ele>890.2962022635118</ele>
      </trkpt>
      <trkpt lat="36.870083" lon="138.295035">
        <ele>890.4481672776965</ele>
      </trkpt>
      <trkpt lat="36.870069" lon="138.29503">
        <ele>890.6133084548985</ele>
      </trkpt>
      <trkpt lat="36.870051" lon="138.295032">
        <ele>890.7185221881373</ele>
      </trkpt>
      <trkpt lat="36.87004" lon="138.295033">
        <ele>890.7852603276278</ele>
      </trkpt>
      <trkpt lat="36.87003" lon="138.29503">
        <ele>890.9107061090002</ele>
      </trkpt>
      <trkpt lat="36.87002" lon="138.29503">
        <ele>890.9869618932964</ele>
      </trkpt>
      <trkpt lat="36.870007" lon="138.295033">
        <ele>891.0368576501041</ele>
      </trkpt>
      <trkpt lat="36.869988" lon="138.295036">
        <ele>891.1793956474881</ele>
      </trkpt>
      <trkpt lat="36.869976" lon="138.295024">
        <ele>891.5188395403293</ele>
      </trkpt>
      <trkpt lat="36.869973" lon="138.295">
        <ele>891.9840035043683</ele>
      </trkpt>
      <trkpt lat="36.86998" lon="138.294979">
        <ele>892.2849206917261</ele>
      </trkpt>
      <trkpt lat="36.869979" lon="138.294966">
        <ele>892.5297819449734</ele>
      </trkpt>
      <trkpt lat="36.869977" lon="138.294954">
        <ele>892.7680529577744</ele>
      </trkpt>
      <trkpt lat="36.869979" lon="138.294924">
        <ele>893.213981001813</ele>
      </trkpt>
      <trkpt lat="36.869981" lon="138.294908">
        <ele>893.4393693728846</ele>
      </trkpt>
      <trkpt lat="36.869975" lon="138.294879">
        <ele>893.9695550264506</ele>
      </trkpt>
      <trkpt lat="36.869965" lon="138.294868">
        <ele>894.2727584405025</ele>
      </trkpt>
      <trkpt lat="36.869951" lon="138.294856">
        <ele>894.633561421962</ele>
      </trkpt>
      <trkpt lat="36.869945" lon="138.294838">
        <ele>894.98402727215</ele>
      </trkpt>
      <trkpt lat="36.86994" lon="138.294815">
        <ele>895.4027205741957</ele>
      </trkpt>
      <trkpt lat="36.869939" lon="138.29477">
        <ele>896.0518127509407</ele>
      </trkpt>
      <trkpt lat="36.869931" lon="138.294719">
        <ele>896.71591091836</ele>
      </trkpt>
      <trkpt lat="36.869925" lon="138.294707">
        <ele>896.9081498729076</ele>
      </trkpt>
      <trkpt lat="36.869918" lon="138.294692">
        <ele>897.1346321157203</ele>
      </trkpt>
      <trkpt lat="36.869915" lon="138.294673">
        <ele>897.3460897492058</ele>
      </trkpt>
      <trkpt lat="36.869915" lon="138.294654">
        <ele>897.53108823941</ele>
      </trkpt>
      <trkpt lat="36.869918" lon="138.294619">
        <ele>897.8416998466771</ele>
      </trkpt>
      <trkpt lat="36.869917" lon="138.2946">
        <ele>897.9977439236059</ele>
      </trkpt>
      <trkpt lat="36.869915" lon="138.29458">
        <ele>898.1433356090577</ele>
      </trkpt>
      <trkpt lat="36.869912" lon="138.294542">
        <ele>898.4146076039842</ele>
      </trkpt>
      <trkpt lat="36.869901" lon="138.294499">
        <ele>898.7840402118567</ele>
      </trkpt>
      <trkpt lat="36.869896" lon="138.294476">
        <ele>898.9570759874227</ele>
      </trkpt>
      <trkpt lat="36.869886" lon="138.294458">
        <ele>899.1537562139677</ele>
      </trkpt>
      <trkpt lat="36.86987" lon="138.294438">
        <ele>899.4080430301674</ele>
      </trkpt>
      <trkpt lat="36.869849" lon="138.294421">
        <ele>899.5632159771542</ele>
      </trkpt>
      <trkpt lat="36.869829" lon="138.294401">
        <ele>899.7059075384418</ele>
      </trkpt>
      <trkpt lat="36.869795" lon="138.294357">
        <ele>899.8963338449872</ele>
      </trkpt>
      <trkpt lat="36.869781" lon="138.294293">
        <ele>899.9487199228191</ele>
      </trkpt>
      <trkpt lat="36.869782" lon="138.294233">
        <ele>899.9587181346026</ele>
      </trkpt>
      <trkpt lat="36.86979" lon="138.29417">
        <ele>899.9595928548223</ele>
      </trkpt>
      <trkpt lat="36.86982" lon="138.294144">
        <ele>899.9595617472708</ele>
      </trkpt>
      <trkpt lat="36.869862" lon="138.294118">
        <ele>899.8905674370574</ele>
      </trkpt>
      <trkpt lat="36.869883" lon="138.294096">
        <ele>899.8469368554199</ele>
      </trkpt>
      <trkpt lat="36.869906" lon="138.294077">
        <ele>899.8020430401871</ele>
      </trkpt>
      <trkpt lat="36.869923" lon="138.294061">
        <ele>899.7846860100776</ele>
      </trkpt>
      <trkpt lat="36.869956" lon="138.294024">
        <ele>899.6960418480679</ele>
      </trkpt>
      <trkpt lat="36.86997" lon="138.294004">
        <ele>899.6615932351303</ele>
      </trkpt>
      <trkpt lat="36.869987" lon="138.293986">
        <ele>899.6085158231217</ele>
      </trkpt>
      <trkpt lat="36.870011" lon="138.293966">
        <ele>899.5247247792579</ele>
      </trkpt>
      <trkpt lat="36.870046" lon="138.293956">
        <ele>899.2038253679159</ele>
      </trkpt>
      <trkpt lat="36.870065" lon="138.293952">
        <ele>899.0356881312275</ele>
      </trkpt>
      <trkpt lat="36.870087" lon="138.293952">
        <ele>898.7229818170616</ele>
      </trkpt>
      <trkpt lat="36.870107" lon="138.293947">
        <ele>898.4122211330887</ele>
      </trkpt>
      <trkpt lat="36.870138" lon="138.293925">
        <ele>898.1229475871498</ele>
      </trkpt>
      <trkpt lat="36.870154" lon="138.293908">
        <ele>897.9378406158737</ele>
      </trkpt>
      <trkpt lat="36.870189" lon="138.293882">
        <ele>897.3632067041962</ele>
      </trkpt>
      <trkpt lat="36.870205" lon="138.293867">
        <ele>897.139344375724</ele>
      </trkpt>
      <trkpt lat="36.870216" lon="138.293848">
        <ele>897.0552061107542</ele>
      </trkpt>
      <trkpt lat="36.870239" lon="138.2938">
        <ele>896.6651918687865</ele>
      </trkpt>
      <trkpt lat="36.87025" lon="138.293773">
        <ele>896.4860586080007</ele>
      </trkpt>
      <trkpt lat="36.870264" lon="138.293753">
        <ele>896.1743965047882</ele>
      </trkpt>
      <trkpt lat="36.87027" lon="138.293732">
        <ele>895.9838059752769</ele>
      </trkpt>
      <trkpt lat="36.870278" lon="138.293713">
        <ele>895.7416254258638</ele>
      </trkpt>
      <trkpt lat="36.870295" lon="138.293666">
        <ele>895.1341842833164</ele>
      </trkpt>
      <trkpt lat="36.870315" lon="138.293616">
        <ele>894.082481750647</ele>
      </trkpt>
      <trkpt lat="36.870334" lon="138.293569">
        <ele>893.0860354987908</ele>
      </trkpt>
      <trkpt lat="36.870359" lon="138.293503">
        <ele>891.4755191607835</ele>
      </trkpt>
      <trkpt lat="36.870394" lon="138.293437">
        <ele>889.2216508352208</ele>
      </trkpt>
      <trkpt lat="36.870411" lon="138.293396">
        <ele>887.9542375812619</ele>
      </trkpt>
      <trkpt lat="36.870422" lon="138.29332">
        <ele>886.260018727939</ele>
      </trkpt>
      <trkpt lat="36.870413" lon="138.293269">
        <ele>885.6591247994236</ele>
      </trkpt>
      <trkpt lat="36.870388" lon="138.293233">
        <ele>885.9119252018252</ele>
      </trkpt>
      <trkpt lat="36.870371" lon="138.293208">
        <ele>885.9800128332431</ele>
      </trkpt>
      <trkpt lat="36.870322" lon="138.293163">
        <ele>886.6481026037841</ele>
      </trkpt>
      <trkpt lat="36.870305" lon="138.293137">
        <ele>886.5709427231277</ele>
      </trkpt>
      <trkpt lat="36.870286" lon="138.293117">
        <ele>886.6639981144698</ele>
      </trkpt>
      <trkpt lat="36.870264" lon="138.293103">
        <ele>886.9553175115708</ele>
      </trkpt>
      <trkpt lat="36.870237" lon="138.293085">
        <ele>887.2957921670006</ele>
      </trkpt>
      <trkpt lat="36.870199" lon="138.293057">
        <ele>887.635063853767</ele>
      </trkpt>
      <trkpt lat="36.870188" lon="138.293042">
        <ele>887.4865167046436</ele>
      </trkpt>
      <trkpt lat="36.870174" lon="138.293023">
        <ele>887.300104554557</ele>
      </trkpt>
      <trkpt lat="36.870164" lon="138.293006">
        <ele>887.067088596151</ele>
      </trkpt>
      <trkpt lat="36.870152" lon="138.292986">
        <ele>886.7991202475513</ele>
      </trkpt>
      <trkpt lat="36.87014" lon="138.29297">
        <ele>886.6206723587718</ele>
      </trkpt>
      <trkpt lat="36.870131" lon="138.292953">
        <ele>886.3211646584921</ele>
      </trkpt>
      <trkpt lat="36.870121" lon="138.292926">
        <ele>885.7521385043153</ele>
      </trkpt>
      <trkpt lat="36.870114" lon="138.292908">
        <ele>885.3860536406015</ele>
      </trkpt>
      <trkpt lat="36.870092" lon="138.292885">
        <ele>885.2413037353674</ele>
      </trkpt>
      <trkpt lat="36.870087" lon="138.292871">
        <ele>884.9410035308929</ele>
      </trkpt>
      <trkpt lat="36.870076" lon="138.292859">
        <ele>884.8458997181228</ele>
      </trkpt>
      <trkpt lat="36.870067" lon="138.292847">
        <ele>884.6675997068579</ele>
      </trkpt>
      <trkpt lat="36.870058" lon="138.292832">
        <ele>884.4076723510404</ele>
      </trkpt>
      <trkpt lat="36.870044" lon="138.29282">
        <ele>884.352229876621</ele>
      </trkpt>
      <trkpt lat="36.870029" lon="138.292786">
        <ele>883.7152648378175</ele>
      </trkpt>
      <trkpt lat="36.870013" lon="138.292773">
        <ele>883.701284388128</ele>
      </trkpt>
      <trkpt lat="36.869977" lon="138.292736">
        <ele>883.4320117765379</ele>
      </trkpt>
      <trkpt lat="36.869944" lon="138.292698">
        <ele>883.1978018242646</ele>
      </trkpt>
      <trkpt lat="36.869908" lon="138.292656">
        <ele>882.80867585058</ele>
      </trkpt>
      <trkpt lat="36.869875" lon="138.292614">
        <ele>882.394666349888</ele>
      </trkpt>
      <trkpt lat="36.869831" lon="138.292583">
        <ele>882.4196553285589</ele>
      </trkpt>
      <trkpt lat="36.869813" lon="138.292568">
        <ele>882.3896671902571</ele>
      </trkpt>
      <trkpt lat="36.869768" lon="138.292545">
        <ele>882.6532752763005</ele>
      </trkpt>
      <trkpt lat="36.869741" lon="138.292534">
        <ele>882.8701878680986</ele>
      </trkpt>
      <trkpt lat="36.869715" lon="138.292526">
        <ele>883.1481890298949</ele>
      </trkpt>
      <trkpt lat="36.869672" lon="138.292504">
        <ele>883.4282672253629</ele>
      </trkpt>
      <trkpt lat="36.869634" lon="138.292489">
        <ele>883.7985000025445</ele>
      </trkpt>
      <trkpt lat="36.869613" lon="138.292477">
        <ele>883.9325275659556</ele>
      </trkpt>
      <trkpt lat="36.869571" lon="138.292455">
        <ele>884.2597954209206</ele>
      </trkpt>
      <trkpt lat="36.869559" lon="138.292452">
        <ele>884.4285209076216</ele>
      </trkpt>
      <trkpt lat="36.869532" lon="138.292456">
        <ele>885.031635014406</ele>
      </trkpt>
      <trkpt lat="36.869516" lon="138.292461">
        <ele>885.4181859619923</ele>
      </trkpt>
      <trkpt lat="36.869503" lon="138.292461">
        <ele>885.6453762742697</ele>
      </trkpt>
      <trkpt lat="36.869483" lon="138.292458">
        <ele>885.9354804493491</ele>
      </trkpt>
      <trkpt lat="36.869469" lon="138.292452">
        <ele>886.0613082188185</ele>
      </trkpt>
      <trkpt lat="36.869452" lon="138.292437">
        <ele>886.0545906842445</ele>
      </trkpt>
      <trkpt lat="36.869428" lon="138.292415">
        <ele>886.0263355247007</ele>
      </trkpt>
      <trkpt lat="36.869397" lon="138.292395">
        <ele>886.1742267039068</ele>
      </trkpt>
      <trkpt lat="36.869371" lon="138.292372">
        <ele>886.0456001295752</ele>
      </trkpt>
      <trkpt lat="36.869323" lon="138.292334">
        <ele>885.7244405193226</ele>
      </trkpt>
      <trkpt lat="36.869303" lon="138.29231">
        <ele>885.3671656711739</ele>
      </trkpt>
      <trkpt lat="36.869266" lon="138.292289">
        <ele>885.2432867926435</ele>
      </trkpt>
      <trkpt lat="36.86925" lon="138.292294">
        <ele>885.5225272795963</ele>
      </trkpt>
      <trkpt lat="36.869223" lon="138.292292">
        <ele>885.5898079007827</ele>
      </trkpt>
      <trkpt lat="36.869182" lon="138.292277">
        <ele>885.3802862603045</ele>
      </trkpt>
      <trkpt lat="36.869137" lon="138.292269">
        <ele>885.2788541842631</ele>
      </trkpt>
      <trkpt lat="36.869097" lon="138.292282">
        <ele>885.5805205774257</ele>
      </trkpt>
      <trkpt lat="36.869051" lon="138.292285">
        <ele>885.5221707048844</ele>
      </trkpt>
      <trkpt lat="36.869034" lon="138.292294">
        <ele>885.6141131663936</ele>
      </trkpt>
      <trkpt lat="36.869019" lon="138.292306">
        <ele>885.7146029451869</ele>
      </trkpt>
      <trkpt lat="36.869011" lon="138.292317">
        <ele>885.8485883292051</ele>
      </trkpt>
      <trkpt lat="36.868998" lon="138.29233">
        <ele>885.9811177913107</ele>
      </trkpt>
      <trkpt lat="36.868983" lon="138.29233">
        <ele>885.87189242167</ele>
      </trkpt>
      <trkpt lat="36.868964" lon="138.292334">
        <ele>885.7327819378687</ele>
      </trkpt>
      <trkpt lat="36.868939" lon="138.292337">
        <ele>885.4728863940738</ele>
      </trkpt>
      <trkpt lat="36.868922" lon="138.292354">
        <ele>885.5104346880407</ele>
      </trkpt>
      <trkpt lat="36.868904" lon="138.292374">
        <ele>885.536934893934</ele>
      </trkpt>
      <trkpt lat="36.868873" lon="138.292402">
        <ele>885.3763696043004</ele>
      </trkpt>
      <trkpt lat="36.868843" lon="138.29242">
        <ele>885.0627870955095</ele>
      </trkpt>
      <trkpt lat="36.868829" lon="138.292428">
        <ele>884.8652646529067</ele>
      </trkpt>
      <trkpt lat="36.8688" lon="138.292446">
        <ele>884.4321495480281</ele>
      </trkpt>
      <trkpt lat="36.868779" lon="138.29246">
        <ele>884.1044949429626</ele>
      </trkpt>
      <trkpt lat="36.868761" lon="138.292471">
        <ele>883.8230726055173</ele>
      </trkpt>
      <trkpt lat="36.868743" lon="138.292482">
        <ele>883.5441610951887</ele>
      </trkpt>
      <trkpt lat="36.868729" lon="138.292498">
        <ele>883.3764088879594</ele>
      </trkpt>
      <trkpt lat="36.868716" lon="138.292514">
        <ele>883.215498197455</ele>
      </trkpt>
      <trkpt lat="36.868704" lon="138.29253">
        <ele>883.0630578981679</ele>
      </trkpt>
      <trkpt lat="36.868677" lon="138.29255">
        <ele>882.6523246711179</ele>
      </trkpt>
      <trkpt lat="36.868664" lon="138.292559">
        <ele>882.4478397241253</ele>
      </trkpt>
      <trkpt lat="36.868651" lon="138.292573">
        <ele>882.268487849216</ele>
      </trkpt>
      <trkpt lat="36.868641" lon="138.29259">
        <ele>882.1597092244798</ele>
      </trkpt>
      <trkpt lat="36.868632" lon="138.292602">
        <ele>882.049850622512</ele>
      </trkpt>
      <trkpt lat="36.868606" lon="138.292629">
        <ele>881.7570630081631</ele>
      </trkpt>
      <trkpt lat="36.868592" lon="138.292639">
        <ele>881.5678981397307</ele>
      </trkpt>
      <trkpt lat="36.868579" lon="138.292649">
        <ele>881.4222664860549</ele>
      </trkpt>
      <trkpt lat="36.868562" lon="138.292666">
        <ele>881.296519836733</ele>
      </trkpt>
      <trkpt lat="36.868543" lon="138.292677">
        <ele>881.1927611074394</ele>
      </trkpt>
      <trkpt lat="36.868528" lon="138.29269">
        <ele>881.1304269402494</ele>
      </trkpt>
      <trkpt lat="36.868509" lon="138.292721">
        <ele>881.1227792580164</ele>
      </trkpt>
      <trkpt lat="36.868503" lon="138.292733">
        <ele>881.1373428830757</ele>
      </trkpt>
      <trkpt lat="36.8685" lon="138.292748">
        <ele>881.2074453767216</ele>
      </trkpt>
      <trkpt lat="36.868504" lon="138.292771">
        <ele>881.4232947709747</ele>
      </trkpt>
      <trkpt lat="36.868508" lon="138.292792">
        <ele>881.6306981992177</ele>
      </trkpt>
      <trkpt lat="36.868506" lon="138.292843">
        <ele>882.0893595704235</ele>
      </trkpt>
      <trkpt lat="36.868497" lon="138.292888">
        <ele>882.4293618508937</ele>
      </trkpt>
      <trkpt lat="36.868491" lon="138.292903">
        <ele>882.5600823199586</ele>
      </trkpt>
      <trkpt lat="36.868486" lon="138.292925">
        <ele>882.7904878651624</ele>
      </trkpt>
      <trkpt lat="36.868477" lon="138.292945">
        <ele>882.9463116269368</ele>
      </trkpt>
      <trkpt lat="36.868468" lon="138.292965">
        <ele>883.083810546561</ele>
      </trkpt>
      <trkpt lat="36.868458" lon="138.29298">
        <ele>883.1370766377981</ele>
      </trkpt>
      <trkpt lat="36.868442" lon="138.29302">
        <ele>883.4253917175738</ele>
      </trkpt>
      <trkpt lat="36.868437" lon="138.29304">
        <ele>883.5995312824552</ele>
      </trkpt>
      <trkpt lat="36.868434" lon="138.293059">
        <ele>883.7845492269898</ele>
      </trkpt>
      <trkpt lat="36.868422" lon="138.293097">
        <ele>884.1135227081548</ele>
      </trkpt>
      <trkpt lat="36.868413" lon="138.293112">
        <ele>884.2183099801102</ele>
      </trkpt>
      <trkpt lat="36.868401" lon="138.293136">
        <ele>884.3865915822032</ele>
      </trkpt>
      <trkpt lat="36.868372" lon="138.293178">
        <ele>884.592734662949</ele>
      </trkpt>
      <trkpt lat="36.868367" lon="138.293217">
        <ele>884.9647909130019</ele>
      </trkpt>
      <trkpt lat="36.868365" lon="138.29324">
        <ele>885.1899574865397</ele>
      </trkpt>
      <trkpt lat="36.868362" lon="138.293267">
        <ele>885.466602933961</ele>
      </trkpt>
      <trkpt lat="36.868356" lon="138.293285">
        <ele>885.6164830631288</ele>
      </trkpt>
      <trkpt lat="36.868332" lon="138.293333">
        <ele>885.9357983014113</ele>
      </trkpt>
      <trkpt lat="36.868314" lon="138.293371">
        <ele>886.2181827451437</ele>
      </trkpt>
      <trkpt lat="36.868304" lon="138.293392">
        <ele>886.35366229267</ele>
      </trkpt>
      <trkpt lat="36.868299" lon="138.293405">
        <ele>886.4458159655035</ele>
      </trkpt>
      <trkpt lat="36.868296" lon="138.293419">
        <ele>886.5848624095873</ele>
      </trkpt>
      <trkpt lat="36.868295" lon="138.29343">
        <ele>886.7146466915765</ele>
      </trkpt>
      <trkpt lat="36.868287" lon="138.293441">
        <ele>886.7651392310531</ele>
      </trkpt>
      <trkpt lat="36.868285" lon="138.293454">
        <ele>886.9096223315881</ele>
      </trkpt>
      <trkpt lat="36.868296" lon="138.293495">
        <ele>887.5817950569782</ele>
      </trkpt>
      <trkpt lat="36.868296" lon="138.29352">
        <ele>887.9908770310063</ele>
      </trkpt>
      <trkpt lat="36.868284" lon="138.293546">
        <ele>888.2148672406897</ele>
      </trkpt>
      <trkpt lat="36.868281" lon="138.293577">
        <ele>888.6530047191848</ele>
      </trkpt>
      <trkpt lat="36.86826" lon="138.29363">
        <ele>889.0380905548814</ele>
      </trkpt>
      <trkpt lat="36.86824" lon="138.293658">
        <ele>889.0304261147523</ele>
      </trkpt>
      <trkpt lat="36.868225" lon="138.293676">
        <ele>888.9930911031247</ele>
      </trkpt>
      <trkpt lat="36.868205" lon="138.293711">
        <ele>889.2069076275253</ele>
      </trkpt>
      <trkpt lat="36.868186" lon="138.293721">
        <ele>889.024656447547</ele>
      </trkpt>
      <trkpt lat="36.868175" lon="138.293734">
        <ele>889.0191428049488</ele>
      </trkpt>
      <trkpt lat="36.868163" lon="138.293748">
        <ele>888.9994628973454</ele>
      </trkpt>
      <trkpt lat="36.868154" lon="138.293771">
        <ele>889.1955082875602</ele>
      </trkpt>
      <trkpt lat="36.868141" lon="138.293792">
        <ele>889.3224562275094</ele>
      </trkpt>
      <trkpt lat="36.86811" lon="138.293833">
        <ele>889.3853990717159</ele>
      </trkpt>
      <trkpt lat="36.868096" lon="138.293851">
        <ele>889.4205581136795</ele>
      </trkpt>
      <trkpt lat="36.868082" lon="138.293872">
        <ele>889.5347611689544</ele>
      </trkpt>
      <trkpt lat="36.868074" lon="138.293897">
        <ele>889.847913182441</ele>
      </trkpt>
      <trkpt lat="36.868068" lon="138.293921">
        <ele>890.1624916753703</ele>
      </trkpt>
      <trkpt lat="36.868042" lon="138.293948">
        <ele>890.2461079003353</ele>
      </trkpt>
      <trkpt lat="36.868015" lon="138.29397">
        <ele>890.171676153103</ele>
      </trkpt>
      <trkpt lat="36.867993" lon="138.293998">
        <ele>890.3195062043748</ele>
      </trkpt>
      <trkpt lat="36.867967" lon="138.294004">
        <ele>890.0087153573621</ele>
      </trkpt>
      <trkpt lat="36.86794" lon="138.294031">
        <ele>890.0864755275743</ele>
      </trkpt>
      <trkpt lat="36.867932" lon="138.294049">
        <ele>890.315577265612</ele>
      </trkpt>
      <trkpt lat="36.867922" lon="138.294072">
        <ele>890.5965040679753</ele>
      </trkpt>
      <trkpt lat="36.867919" lon="138.294095">
        <ele>890.9431388434695</ele>
      </trkpt>
      <trkpt lat="36.867909" lon="138.294111">
        <ele>891.145242698796</ele>
      </trkpt>
      <trkpt lat="36.867902" lon="138.294126">
        <ele>891.3550963452689</ele>
      </trkpt>
      <trkpt lat="36.867893" lon="138.294135">
        <ele>891.4104244772907</ele>
      </trkpt>
      <trkpt lat="36.867883" lon="138.29415">
        <ele>891.5563113384277</ele>
      </trkpt>
      <trkpt lat="36.867867" lon="138.294185">
        <ele>892.0585417822349</ele>
      </trkpt>
      <trkpt lat="36.867861" lon="138.294207">
        <ele>892.4713664087402</ele>
      </trkpt>
      <trkpt lat="36.867852" lon="138.29422">
        <ele>892.6507309651334</ele>
      </trkpt>
      <trkpt lat="36.867842" lon="138.294231">
        <ele>892.7663920545647</ele>
      </trkpt>
      <trkpt lat="36.867828" lon="138.294255">
        <ele>893.0773087287564</ele>
      </trkpt>
      <trkpt lat="36.8678" lon="138.294287">
        <ele>893.4089883144936</ele>
      </trkpt>
      <trkpt lat="36.867765" lon="138.294312">
        <ele>893.6073990649919</ele>
      </trkpt>
      <trkpt lat="36.867758" lon="138.29433">
        <ele>893.8588751290845</ele>
      </trkpt>
      <trkpt lat="36.867726" lon="138.294355">
        <ele>894.0320497372849</ele>
      </trkpt>
      <trkpt lat="36.867709" lon="138.294375">
        <ele>894.2589989162234</ele>
      </trkpt>
      <trkpt lat="36.867672" lon="138.294416">
        <ele>894.5667871996712</ele>
      </trkpt>
      <trkpt lat="36.867636" lon="138.294446">
        <ele>894.7774536338209</ele>
      </trkpt>
      <trkpt lat="36.86762" lon="138.294463">
        <ele>894.9097491159379</ele>
      </trkpt>
      <trkpt lat="36.867607" lon="138.294468">
        <ele>894.8829643771918</ele>
      </trkpt>
      <trkpt lat="36.867597" lon="138.294473">
        <ele>894.8926989279333</ele>
      </trkpt>
      <trkpt lat="36.86758" lon="138.294482">
        <ele>894.9202531076668</ele>
      </trkpt>
      <trkpt lat="36.867565" lon="138.294482">
        <ele>894.8438555952073</ele>
      </trkpt>
      <trkpt lat="36.867529" lon="138.294488">
        <ele>894.7493041970705</ele>
      </trkpt>
      <trkpt lat="36.867511" lon="138.294492">
        <ele>894.746165313455</ele>
      </trkpt>
      <trkpt lat="36.867496" lon="138.294498">
        <ele>894.763559061226</ele>
      </trkpt>
      <trkpt lat="36.867485" lon="138.294503">
        <ele>894.7759173237433</ele>
      </trkpt>
      <trkpt lat="36.867477" lon="138.294511">
        <ele>894.8190731840823</ele>
      </trkpt>
      <trkpt lat="36.867443" lon="138.294536">
        <ele>895.0114538236741</ele>
      </trkpt>
      <trkpt lat="36.867418" lon="138.294541">
        <ele>895.0361428710892</ele>
      </trkpt>
      <trkpt lat="36.867386" lon="138.294547">
        <ele>895.0800731023786</ele>
      </trkpt>
      <trkpt lat="36.867338" lon="138.29455">
        <ele>895.1185208886409</ele>
      </trkpt>
      <trkpt lat="36.867323" lon="138.294556">
        <ele>895.2126805245771</ele>
      </trkpt>
      <trkpt lat="36.867304" lon="138.294556">
        <ele>895.2580737072273</ele>
      </trkpt>
      <trkpt lat="36.867282" lon="138.294557">
        <ele>895.3226318871489</ele>
      </trkpt>
      <trkpt lat="36.867259" lon="138.294553">
        <ele>895.3331805429447</ele>
      </trkpt>
      <trkpt lat="36.8672" lon="138.294534">
        <ele>895.2916963440912</ele>
      </trkpt>
      <trkpt lat="36.86715" lon="138.294516">
        <ele>895.3939181842397</ele>
      </trkpt>
      <trkpt lat="36.867127" lon="138.294507">
        <ele>895.4586921873693</ele>
      </trkpt>
      <trkpt lat="36.867101" lon="138.294497">
        <ele>895.5274423418605</ele>
      </trkpt>
      <trkpt lat="36.867078" lon="138.294493">
        <ele>895.6193388477666</ele>
      </trkpt>
      <trkpt lat="36.867041" lon="138.294484">
        <ele>895.7289033489834</ele>
      </trkpt>
      <trkpt lat="36.867019" lon="138.294477">
        <ele>895.7605665863451</ele>
      </trkpt>
      <trkpt lat="36.867004" lon="138.294469">
        <ele>895.7441959382172</ele>
      </trkpt>
      <trkpt lat="36.866988" lon="138.294459">
        <ele>895.7024332353612</ele>
      </trkpt>
      <trkpt lat="36.866958" lon="138.294458">
        <ele>895.8404581826899</ele>
      </trkpt>
      <trkpt lat="36.866931" lon="138.294455">
        <ele>895.9383902015201</ele>
      </trkpt>
      <trkpt lat="36.866913" lon="138.294448">
        <ele>895.9280506064002</ele>
      </trkpt>
      <trkpt lat="36.866897" lon="138.294443">
        <ele>895.9116865038262</ele>
      </trkpt>
      <trkpt lat="36.866851" lon="138.294432">
        <ele>895.936489683258</ele>
      </trkpt>
      <trkpt lat="36.866829" lon="138.294433">
        <ele>896.0338948403412</ele>
      </trkpt>
      <trkpt lat="36.866785" lon="138.294428">
        <ele>896.1649645271027</ele>
      </trkpt>
      <trkpt lat="36.866755" lon="138.294451">
        <ele>896.4444000990071</ele>
      </trkpt>
      <trkpt lat="36.866736" lon="138.294455">
        <ele>896.484128124106</ele>
      </trkpt>
      <trkpt lat="36.866694" lon="138.294461">
        <ele>896.5271585382759</ele>
      </trkpt>
      <trkpt lat="36.866682" lon="138.294465">
        <ele>896.5749277348634</ele>
      </trkpt>
      <trkpt lat="36.866661" lon="138.294475">
        <ele>896.7074573816735</ele>
      </trkpt>
      <trkpt lat="36.866647" lon="138.294478">
        <ele>896.736002815678</ele>
      </trkpt>
      <trkpt lat="36.866618" lon="138.294491">
        <ele>896.756956509687</ele>
      </trkpt>
      <trkpt lat="36.866585" lon="138.29451">
        <ele>896.8265806719662</ele>
      </trkpt>
      <trkpt lat="36.866574" lon="138.294534">
        <ele>897.1690314850157</ele>
      </trkpt>
      <trkpt lat="36.866575" lon="138.294555">
        <ele>897.5920575967463</ele>
      </trkpt>
      <trkpt lat="36.866585" lon="138.294584">
        <ele>898.2292175244891</ele>
      </trkpt>
      <trkpt lat="36.866585" lon="138.294616">
        <ele>898.857532633897</ele>
      </trkpt>
      <trkpt lat="36.866563" lon="138.294636">
        <ele>899.1263694912204</ele>
      </trkpt>
      <trkpt lat="36.866539" lon="138.294646">
        <ele>899.1846298374711</ele>
      </trkpt>
      <trkpt lat="36.866541" lon="138.294662">
        <ele>899.5131831387998</ele>
      </trkpt>
      <trkpt lat="36.866561" lon="138.294674">
        <ele>899.8673637054872</ele>
      </trkpt>
      <trkpt lat="36.866582" lon="138.294701">
        <ele>900.5092231408707</ele>
      </trkpt>
      <trkpt lat="36.866586" lon="138.294715">
        <ele>900.7876775650551</ele>
      </trkpt>
      <trkpt lat="36.86659" lon="138.294742">
        <ele>901.3084695545964</ele>
      </trkpt>
      <trkpt lat="36.866578" lon="138.294767">
        <ele>901.7220768061236</ele>
      </trkpt>
      <trkpt lat="36.866552" lon="138.294789">
        <ele>902.0037724994124</ele>
      </trkpt>
      <trkpt lat="36.866536" lon="138.294791">
        <ele>901.9664928651885</ele>
      </trkpt>
      <trkpt lat="36.866524" lon="138.294788">
        <ele>901.8651328299899</ele>
      </trkpt>
      <trkpt lat="36.866496" lon="138.294788">
        <ele>901.7446636585624</ele>
      </trkpt>
      <trkpt lat="36.866477" lon="138.294778">
        <ele>901.4781714642846</ele>
      </trkpt>
      <trkpt lat="36.866469" lon="138.294752">
        <ele>900.9112045043778</ele>
      </trkpt>
      <trkpt lat="36.86646" lon="138.294735">
        <ele>900.5171651807012</ele>
      </trkpt>
      <trkpt lat="36.86645" lon="138.294728">
        <ele>900.3200714725035</ele>
      </trkpt>
      <trkpt lat="36.866435" lon="138.294718">
        <ele>900.0351181192466</ele>
      </trkpt>
      <trkpt lat="36.866409" lon="138.294701">
        <ele>899.5672383167424</ele>
      </trkpt>
      <trkpt lat="36.866381" lon="138.294685">
        <ele>899.1053040784327</ele>
      </trkpt>
      <trkpt lat="36.866367" lon="138.294685">
        <ele>899.0523711999888</ele>
      </trkpt>
      <trkpt lat="36.86637" lon="138.294697">
        <ele>899.3093452411418</ele>
      </trkpt>
      <trkpt lat="36.866388" lon="138.29471">
        <ele>899.6823565770104</ele>
      </trkpt>
      <trkpt lat="36.866402" lon="138.294736">
        <ele>900.3138797066715</ele>
      </trkpt>
      <trkpt lat="36.866392" lon="138.294764">
        <ele>900.9139741485911</ele>
      </trkpt>
      <trkpt lat="36.866381" lon="138.294773">
        <ele>901.0970126149997</ele>
      </trkpt>
      <trkpt lat="36.866366" lon="138.294783">
        <ele>901.307212101426</ele>
      </trkpt>
      <trkpt lat="36.866344" lon="138.294791">
        <ele>901.4762013275426</ele>
      </trkpt>
      <trkpt lat="36.866303" lon="138.294786">
        <ele>901.377851174561</ele>
      </trkpt>
      <trkpt lat="36.866283" lon="138.294753">
        <ele>900.6759297271169</ele>
      </trkpt>
      <trkpt lat="36.86625" lon="138.294712">
        <ele>899.813205152767</ele>
      </trkpt>
      <trkpt lat="36.866236" lon="138.294693">
        <ele>899.4071780452506</ele>
      </trkpt>
      <trkpt lat="36.866214" lon="138.294674">
        <ele>899.098351352732</ele>
      </trkpt>
      <trkpt lat="36.866203" lon="138.294679">
        <ele>899.2512663656851</ele>
      </trkpt>
      <trkpt lat="36.866193" lon="138.294707">
        <ele>899.9111154090225</ele>
      </trkpt>
      <trkpt lat="36.866191" lon="138.294719">
        <ele>900.2048527264934</ele>
      </trkpt>
      <trkpt lat="36.866196" lon="138.294734">
        <ele>900.5428454696912</ele>
      </trkpt>
      <trkpt lat="36.866188" lon="138.294751">
        <ele>900.9761221069649</ele>
      </trkpt>
      <trkpt lat="36.86617" lon="138.294739">
        <ele>900.7571411319565</ele>
      </trkpt>
      <trkpt lat="36.866157" lon="138.294734">
        <ele>900.6923312171838</ele>
      </trkpt>
      <trkpt lat="36.866132" lon="138.294711">
        <ele>900.2656136741169</ele>
      </trkpt>
      <trkpt lat="36.86612" lon="138.294695">
        <ele>899.9520561151896</ele>
      </trkpt>
      <trkpt lat="36.866098" lon="138.29466">
        <ele>899.392575038237</ele>
      </trkpt>
      <trkpt lat="36.866072" lon="138.294627">
        <ele>898.9543881999607</ele>
      </trkpt>
      <trkpt lat="36.86606" lon="138.294609">
        <ele>898.7237692572938</ele>
      </trkpt>
      <trkpt lat="36.866026" lon="138.294573">
        <ele>898.5536317517649</ele>
      </trkpt>
      <trkpt lat="36.865994" lon="138.294539">
        <ele>898.6133699113902</ele>
      </trkpt>
      <trkpt lat="36.865955" lon="138.29452">
        <ele>899.0200695816151</ele>
      </trkpt>
      <trkpt lat="36.86593" lon="138.294515">
        <ele>899.5882060786256</ele>
      </trkpt>
      <trkpt lat="36.865908" lon="138.29451">
        <ele>900.0933824805697</ele>
      </trkpt>
      <trkpt lat="36.865871" lon="138.294503">
        <ele>901.0754672731887</ele>
      </trkpt>
      <trkpt lat="36.865829" lon="138.294492">
        <ele>902.3804380391496</ele>
      </trkpt>
      <trkpt lat="36.865814" lon="138.294488">
        <ele>902.9310118990775</ele>
      </trkpt>
      <trkpt lat="36.865781" lon="138.294474">
        <ele>904.4471515440181</ele>
      </trkpt>
      <trkpt lat="36.865765" lon="138.294468">
        <ele>905.195156017674</ele>
      </trkpt>
      <trkpt lat="36.865733" lon="138.294439">
        <ele>906.9389911848268</ele>
      </trkpt>
      <trkpt lat="36.865732" lon="138.294388">
        <ele>907.3211847252154</ele>
      </trkpt>
      <trkpt lat="36.865739" lon="138.294358">
        <ele>907.1288623371216</ele>
      </trkpt>
      <trkpt lat="36.865744" lon="138.294326">
        <ele>907.0820387691273</ele>
      </trkpt>
      <trkpt lat="36.865761" lon="138.294266">
        <ele>906.5860969188986</ele>
      </trkpt>
      <trkpt lat="36.865775" lon="138.294239">
        <ele>906.1238027997831</ele>
      </trkpt>
      <trkpt lat="36.865789" lon="138.294211">
        <ele>905.6585204515313</ele>
      </trkpt>
      <trkpt lat="36.865803" lon="138.294184">
        <ele>905.1703346347191</ele>
      </trkpt>
      <trkpt lat="36.865817" lon="138.294159">
        <ele>904.7027935960573</ele>
      </trkpt>
      <trkpt lat="36.86585" lon="138.294109">
        <ele>903.74245328675</ele>
      </trkpt>
      <trkpt lat="36.865894" lon="138.294058">
        <ele>902.3648650316343</ele>
      </trkpt>
      <trkpt lat="36.865916" lon="138.294014">
        <ele>902.0230244021556</ele>
      </trkpt>
      <trkpt lat="36.865931" lon="138.293965">
        <ele>901.9485310802214</ele>
      </trkpt>
      <trkpt lat="36.865931" lon="138.293934">
        <ele>902.28720006278</ele>
      </trkpt>
      <trkpt lat="36.865936" lon="138.293903">
        <ele>902.3383392133528</ele>
      </trkpt>
      <trkpt lat="36.86594" lon="138.29387">
        <ele>902.4080990634334</ele>
      </trkpt>
      <trkpt lat="36.865953" lon="138.293813">
        <ele>902.2442735877298</ele>
      </trkpt>
      <trkpt lat="36.865956" lon="138.293783">
        <ele>902.3246271736252</ele>
      </trkpt>
      <trkpt lat="36.865954" lon="138.293759">
        <ele>902.5736666877367</ele>
      </trkpt>
      <trkpt lat="36.865959" lon="138.293735">
        <ele>902.4538314496097</ele>
      </trkpt>
      <trkpt lat="36.865967" lon="138.293687">
        <ele>902.2747362681996</ele>
      </trkpt>
      <trkpt lat="36.865985" lon="138.293624">
        <ele>901.8716843413113</ele>
      </trkpt>
      <trkpt lat="36.865992" lon="138.29359">
        <ele>901.7581174130746</ele>
      </trkpt>
      <trkpt lat="36.865992" lon="138.293534">
        <ele>901.753813043242</ele>
      </trkpt>
      <trkpt lat="36.865983" lon="138.293507">
        <ele>901.9411827772684</ele>
      </trkpt>
      <trkpt lat="36.865975" lon="138.29348">
        <ele>902.1004270252009</ele>
      </trkpt>
      <trkpt lat="36.865964" lon="138.293453">
        <ele>902.3105474451238</ele>
      </trkpt>
      <trkpt lat="36.865933" lon="138.2934">
        <ele>903.0237214572148</ele>
      </trkpt>
      <trkpt lat="36.865888" lon="138.293357">
        <ele>903.9409142785028</ele>
      </trkpt>
      <trkpt lat="36.86586" lon="138.293319">
        <ele>904.5351327869228</ele>
      </trkpt>
      <trkpt lat="36.865836" lon="138.293299">
        <ele>905.1172235733707</ele>
      </trkpt>
      <trkpt lat="36.865805" lon="138.293255">
        <ele>905.7367662669961</ele>
      </trkpt>
      <trkpt lat="36.86579" lon="138.293215">
        <ele>905.9723389718142</ele>
      </trkpt>
      <trkpt lat="36.865772" lon="138.293175">
        <ele>906.3496313475313</ele>
      </trkpt>
      <trkpt lat="36.865766" lon="138.29316">
        <ele>906.4606847998832</ele>
      </trkpt>
      <trkpt lat="36.865764" lon="138.29314">
        <ele>906.5123127421507</ele>
      </trkpt>
      <trkpt lat="36.865766" lon="138.293121">
        <ele>906.5030679622594</ele>
      </trkpt>
      <trkpt lat="36.865772" lon="138.293102">
        <ele>906.3750169026262</ele>
      </trkpt>
      <trkpt lat="36.865777" lon="138.293085">
        <ele>906.277970714308</ele>
      </trkpt>
      <trkpt lat="36.865784" lon="138.293067">
        <ele>906.1317624324034</ele>
      </trkpt>
      <trkpt lat="36.865794" lon="138.293025">
        <ele>906.4296857664051</ele>
      </trkpt>
      <trkpt lat="36.865811" lon="138.29299">
        <ele>906.4781877772006</ele>
      </trkpt>
      <trkpt lat="36.86583" lon="138.292963">
        <ele>906.6513806723897</ele>
      </trkpt>
      <trkpt lat="36.865843" lon="138.292958">
        <ele>906.5843556337261</ele>
      </trkpt>
      <trkpt lat="36.865857" lon="138.292959">
        <ele>906.3618112956983</ele>
      </trkpt>
      <trkpt lat="36.865903" lon="138.292968">
        <ele>905.6367887076426</ele>
      </trkpt>
      <trkpt lat="36.865942" lon="138.292999">
        <ele>904.8020091872223</ele>
      </trkpt>
      <trkpt lat="36.865981" lon="138.293026">
        <ele>904.2793911494673</ele>
      </trkpt>
      <trkpt lat="36.866027" lon="138.293066">
        <ele>903.6195932229512</ele>
      </trkpt>
      <trkpt lat="36.866046" lon="138.293087">
        <ele>903.5847219744835</ele>
      </trkpt>
      <trkpt lat="36.866061" lon="138.293109">
        <ele>903.4622241371462</ele>
      </trkpt>
      <trkpt lat="36.866075" lon="138.293127">
        <ele>903.3644048636368</ele>
      </trkpt>
      <trkpt lat="36.866106" lon="138.293171">
        <ele>903.1867668885816</ele>
      </trkpt>
      <trkpt lat="36.866122" lon="138.293218">
        <ele>902.9461396786486</ele>
      </trkpt>
      <trkpt lat="36.866139" lon="138.293242">
        <ele>903.0094393329589</ele>
      </trkpt>
      <trkpt lat="36.866152" lon="138.293262">
        <ele>903.0718785355463</ele>
      </trkpt>
      <trkpt lat="36.866172" lon="138.293309">
        <ele>903.0986688101194</ele>
      </trkpt>
      <trkpt lat="36.866182" lon="138.293332">
        <ele>903.2003154567853</ele>
      </trkpt>
      <trkpt lat="36.866192" lon="138.293358">
        <ele>903.3241043193773</ele>
      </trkpt>
      <trkpt lat="36.866196" lon="138.293388">
        <ele>903.250090253259</ele>
      </trkpt>
      <trkpt lat="36.866205" lon="138.293419">
        <ele>903.3249662733384</ele>
      </trkpt>
      <trkpt lat="36.866216" lon="138.293468">
        <ele>903.3299585665658</ele>
      </trkpt>
      <trkpt lat="36.866222" lon="138.293492">
        <ele>903.3435956633906</ele>
      </trkpt>
      <trkpt lat="36.866233" lon="138.293541">
        <ele>903.2789981734522</ele>
      </trkpt>
      <trkpt lat="36.86626" lon="138.293599">
        <ele>903.6587383203064</ele>
      </trkpt>
      <trkpt lat="36.866267" lon="138.293622">
        <ele>903.5875108617738</ele>
      </trkpt>
      <trkpt lat="36.866274" lon="138.293646">
        <ele>903.4860816712558</ele>
      </trkpt>
      <trkpt lat="36.86628" lon="138.29367">
        <ele>903.3271662949761</ele>
      </trkpt>
      <trkpt lat="36.866287" lon="138.29369">
        <ele>903.1848512496847</ele>
      </trkpt>
      <trkpt lat="36.866302" lon="138.293716">
        <ele>903.133291123771</ele>
      </trkpt>
      <trkpt lat="36.866327" lon="138.293759">
        <ele>902.9012052964841</ele>
      </trkpt>
      <trkpt lat="36.86634" lon="138.293782">
        <ele>902.6024992449328</ele>
      </trkpt>
      <trkpt lat="36.866347" lon="138.2938">
        <ele>902.2675098072216</ele>
      </trkpt>
      <trkpt lat="36.866369" lon="138.293833">
        <ele>901.7612838293142</ele>
      </trkpt>
      <trkpt lat="36.866383" lon="138.293847">
        <ele>901.4775490683337</ele>
      </trkpt>
      <trkpt lat="36.866398" lon="138.293859">
        <ele>901.2407060895014</ele>
      </trkpt>
      <trkpt lat="36.866427" lon="138.29388">
        <ele>900.7837238085112</ele>
      </trkpt>
      <trkpt lat="36.866442" lon="138.293884">
        <ele>900.728280134219</ele>
      </trkpt>
      <trkpt lat="36.866468" lon="138.293884">
        <ele>900.801727670861</ele>
      </trkpt>
      <trkpt lat="36.866484" lon="138.293877">
        <ele>901.0863159458714</ele>
      </trkpt>
      <trkpt lat="36.866498" lon="138.293884">
        <ele>900.8864748595876</ele>
      </trkpt>
      <trkpt lat="36.866514" lon="138.293876">
        <ele>901.1553216288332</ele>
      </trkpt>
      <trkpt lat="36.866522" lon="138.29387">
        <ele>901.3300858422416</ele>
      </trkpt>
      <trkpt lat="36.866542" lon="138.293867">
        <ele>901.3475659571591</ele>
      </trkpt>
      <trkpt lat="36.86656" lon="138.293864">
        <ele>901.3737838023347</ele>
      </trkpt>
      <trkpt lat="36.86658" lon="138.293857">
        <ele>901.5193915355629</ele>
      </trkpt>
      <trkpt lat="36.8666" lon="138.29385">
        <ele>901.6250196489133</ele>
      </trkpt>
      <trkpt lat="36.866636" lon="138.293827">
        <ele>902.1837950575174</ele>
      </trkpt>
      <trkpt lat="36.866663" lon="138.293809">
        <ele>902.6388173382585</ele>
      </trkpt>
      <trkpt lat="36.866692" lon="138.293783">
        <ele>903.3252304865969</ele>
      </trkpt>
      <trkpt lat="36.866706" lon="138.293775">
        <ele>903.4782319340719</ele>
      </trkpt>
      <trkpt lat="36.866726" lon="138.293743">
        <ele>904.4220959868842</ele>
      </trkpt>
      <trkpt lat="36.866733" lon="138.293726">
        <ele>904.9535057794322</ele>
      </trkpt>
      <trkpt lat="36.866743" lon="138.293712">
        <ele>905.3362662216459</ele>
      </trkpt>
      <trkpt lat="36.866763" lon="138.29369">
        <ele>905.8578323317668</ele>
      </trkpt>
      <trkpt lat="36.866789" lon="138.293658">
        <ele>906.5993089043588</ele>
      </trkpt>
      <trkpt lat="36.866817" lon="138.293633">
        <ele>907.0397173412637</ele>
      </trkpt>
      <trkpt lat="36.866824" lon="138.293621">
        <ele>907.3124274100917</ele>
      </trkpt>
      <trkpt lat="36.866823" lon="138.293605">
        <ele>907.8220602833188</ele>
      </trkpt>
      <trkpt lat="36.866834" lon="138.293591">
        <ele>908.0703004509711</ele>
      </trkpt>
      <trkpt lat="36.866849" lon="138.293588">
        <ele>907.9058327826716</ele>
      </trkpt>
      <trkpt lat="36.866866" lon="138.293572">
        <ele>908.0969196867625</ele>
      </trkpt>
      <trkpt lat="36.866877" lon="138.293542">
        <ele>908.7093342957061</ele>
      </trkpt>
      <trkpt lat="36.866904" lon="138.293503">
        <ele>909.2534214090342</ele>
      </trkpt>
      <trkpt lat="36.866914" lon="138.293482">
        <ele>909.5818339017476</ele>
      </trkpt>
      <trkpt lat="36.866923" lon="138.293468">
        <ele>909.764091916521</ele>
      </trkpt>
      <trkpt lat="36.866933" lon="138.293451">
        <ele>910.0025335234918</ele>
      </trkpt>
      <trkpt lat="36.866944" lon="138.293438">
        <ele>910.1194893088574</ele>
      </trkpt>
      <trkpt lat="36.86696" lon="138.293405">
        <ele>910.5560466565195</ele>
      </trkpt>
      <trkpt lat="36.866967" lon="138.29338">
        <ele>910.9288783768197</ele>
      </trkpt>
      <trkpt lat="36.866997" lon="138.293346">
        <ele>911.0857417939199</ele>
      </trkpt>
      <trkpt lat="36.867013" lon="138.293336">
        <ele>911.0075437846947</ele>
      </trkpt>
      <trkpt lat="36.867028" lon="138.293325">
        <ele>910.9542895352439</ele>
      </trkpt>
      <trkpt lat="36.867053" lon="138.293295">
        <ele>911.0443119913969</ele>
      </trkpt>
      <trkpt lat="36.867074" lon="138.293277">
        <ele>910.9761036870627</ele>
      </trkpt>
      <trkpt lat="36.867094" lon="138.293257">
        <ele>910.9472864455244</ele>
      </trkpt>
      <trkpt lat="36.867112" lon="138.293243">
        <ele>910.843670873381</ele>
      </trkpt>
      <trkpt lat="36.867124" lon="138.29323">
        <ele>910.8296352819547</ele>
      </trkpt>
      <trkpt lat="36.867138" lon="138.293215">
        <ele>910.8039537425552</ele>
      </trkpt>
      <trkpt lat="36.867164" lon="138.293183">
        <ele>910.8020775296959</ele>
      </trkpt>
      <trkpt lat="36.867176" lon="138.29317">
        <ele>910.7643850036662</ele>
      </trkpt>
      <trkpt lat="36.867191" lon="138.293153">
        <ele>910.7212086003824</ele>
      </trkpt>
      <trkpt lat="36.867203" lon="138.293133">
        <ele>910.7615546231482</ele>
      </trkpt>
      <trkpt lat="36.867229" lon="138.293088">
        <ele>910.8392832056913</ele>
      </trkpt>
      <trkpt lat="36.86725" lon="138.293065">
        <ele>910.6822730873471</ele>
      </trkpt>
      <trkpt lat="36.867271" lon="138.293045">
        <ele>910.4598548887745</ele>
      </trkpt>
      <trkpt lat="36.867292" lon="138.293025">
        <ele>910.2396159330175</ele>
      </trkpt>
      <trkpt lat="36.867311" lon="138.293004">
        <ele>910.062861489128</ele>
      </trkpt>
      <trkpt lat="36.867319" lon="138.292985">
        <ele>910.1046707257133</ele>
      </trkpt>
      <trkpt lat="36.867329" lon="138.292975">
        <ele>909.9830339851803</ele>
      </trkpt>
      <trkpt lat="36.867332" lon="138.292945">
        <ele>910.2240615148485</ele>
      </trkpt>
      <trkpt lat="36.86735" lon="138.292896">
        <ele>910.2650453963935</ele>
      </trkpt>
      <trkpt lat="36.867382" lon="138.29285">
        <ele>909.7012598193253</ele>
      </trkpt>
      <trkpt lat="36.867415" lon="138.292805">
        <ele>909.0860091840385</ele>
      </trkpt>
      <trkpt lat="36.867429" lon="138.292782">
        <ele>908.7726133610126</ele>
      </trkpt>
      <trkpt lat="36.867462" lon="138.29273">
        <ele>908.028734708672</ele>
      </trkpt>
      <trkpt lat="36.867475" lon="138.292703">
        <ele>907.7061672151765</ele>
      </trkpt>
      <trkpt lat="36.867489" lon="138.292683">
        <ele>907.3686078850344</ele>
      </trkpt>
      <trkpt lat="36.867505" lon="138.292642">
        <ele>906.9848478336509</ele>
      </trkpt>
      <trkpt lat="36.867533" lon="138.292584">
        <ele>906.2472810969228</ele>
      </trkpt>
      <trkpt lat="36.867551" lon="138.29256">
        <ele>905.8174222642151</ele>
      </trkpt>
      <trkpt lat="36.867563" lon="138.292539">
        <ele>905.5120459194301</ele>
      </trkpt>
      <trkpt lat="36.867568" lon="138.292498">
        <ele>905.2667987557137</ele>
      </trkpt>
      <trkpt lat="36.867568" lon="138.292472">
        <ele>905.1759221690719</ele>
      </trkpt>
      <trkpt lat="36.867562" lon="138.292446">
        <ele>905.1794145471326</ele>
      </trkpt>
      <trkpt lat="36.867548" lon="138.292423">
        <ele>905.3309296401642</ele>
      </trkpt>
      <trkpt lat="36.867503" lon="138.292399">
        <ele>906.0060162861504</ele>
      </trkpt>
      <trkpt lat="36.867481" lon="138.292389">
        <ele>906.3301814328482</ele>
      </trkpt>
      <trkpt lat="36.867445" lon="138.292363">
        <ele>906.6961881734892</ele>
      </trkpt>
      <trkpt lat="36.867402" lon="138.292345">
        <ele>907.1533043595373</ele>
      </trkpt>
      <trkpt lat="36.867357" lon="138.292328">
        <ele>907.4774279112705</ele>
      </trkpt>
      <trkpt lat="36.867314" lon="138.292306">
        <ele>907.5518301249045</ele>
      </trkpt>
      <trkpt lat="36.867282" lon="138.292285">
        <ele>907.3841831878692</ele>
      </trkpt>
      <trkpt lat="36.867247" lon="138.292269">
        <ele>907.2705901478423</ele>
      </trkpt>
      <trkpt lat="36.867224" lon="138.292264">
        <ele>907.2618496799383</ele>
      </trkpt>
      <trkpt lat="36.867198" lon="138.292258">
        <ele>907.2467009187683</ele>
      </trkpt>
      <trkpt lat="36.867174" lon="138.292252">
        <ele>907.1298698222031</ele>
      </trkpt>
      <trkpt lat="36.86713" lon="138.292245">
        <ele>906.9212817613112</ele>
      </trkpt>
      <trkpt lat="36.867083" lon="138.292247">
        <ele>906.8857838205042</ele>
      </trkpt>
      <trkpt lat="36.867055" lon="138.292248">
        <ele>906.8632345195623</ele>
      </trkpt>
      <trkpt lat="36.867033" lon="138.292248">
        <ele>906.8652003754484</ele>
      </trkpt>
      <trkpt lat="36.867015" lon="138.292247">
        <ele>906.8542041023823</ele>
      </trkpt>
      <trkpt lat="36.867003" lon="138.292251">
        <ele>906.9044735537847</ele>
      </trkpt>
      <trkpt lat="36.866993" lon="138.292249">
        <ele>906.8806328039193</ele>
      </trkpt>
      <trkpt lat="36.866964" lon="138.29222">
        <ele>906.6954672434485</ele>
      </trkpt>
      <trkpt lat="36.866958" lon="138.292198">
        <ele>906.5680505307218</ele>
      </trkpt>
      <trkpt lat="36.866951" lon="138.292174">
        <ele>906.5265191615949</ele>
      </trkpt>
      <trkpt lat="36.866945" lon="138.292146">
        <ele>906.4770987875797</ele>
      </trkpt>
      <trkpt lat="36.86694" lon="138.292117">
        <ele>906.4579644458579</ele>
      </trkpt>
      <trkpt lat="36.866942" lon="138.29209">
        <ele>906.4958615741158</ele>
      </trkpt>
      <trkpt lat="36.866948" lon="138.292064">
        <ele>906.4676904175353</ele>
      </trkpt>
      <trkpt lat="36.866952" lon="138.292035">
        <ele>906.4651250373222</ele>
      </trkpt>
      <trkpt lat="36.866953" lon="138.292006">
        <ele>906.6171003175198</ele>
      </trkpt>
      <trkpt lat="36.866951" lon="138.291942">
        <ele>907.0661366168092</ele>
      </trkpt>
      <trkpt lat="36.866953" lon="138.291923">
        <ele>907.209343385714</ele>
      </trkpt>
      <trkpt lat="36.866951" lon="138.291902">
        <ele>907.4654364365022</ele>
      </trkpt>
      <trkpt lat="36.866955" lon="138.291883">
        <ele>907.554038342036</ele>
      </trkpt>
      <trkpt lat="36.86697" lon="138.291851">
        <ele>907.479140938616</ele>
      </trkpt>
      <trkpt lat="36.866979" lon="138.291832">
        <ele>907.4218083806537</ele>
      </trkpt>
      <trkpt lat="36.866985" lon="138.291796">
        <ele>907.5936438475821</ele>
      </trkpt>
      <trkpt lat="36.866999" lon="138.291767">
        <ele>907.4925572257005</ele>
      </trkpt>
      <trkpt lat="36.867031" lon="138.291731">
        <ele>906.9268927443968</ele>
      </trkpt>
      <trkpt lat="36.86706" lon="138.291696">
        <ele>906.3385061088031</ele>
      </trkpt>
      <trkpt lat="36.867073" lon="138.291682">
        <ele>906.0571055913539</ele>
      </trkpt>
      <trkpt lat="36.867086" lon="138.291671">
        <ele>905.7379150478589</ele>
      </trkpt>
      <trkpt lat="36.867118" lon="138.291638">
        <ele>904.9265747958834</ele>
      </trkpt>
      <trkpt lat="36.867165" lon="138.291599">
        <ele>903.5785632356717</ele>
      </trkpt>
      <trkpt lat="36.86718" lon="138.291583">
        <ele>903.1536809736252</ele>
      </trkpt>
      <trkpt lat="36.867215" lon="138.291545">
        <ele>902.2071133039257</ele>
      </trkpt>
      <trkpt lat="36.867258" lon="138.291505">
        <ele>900.952455562333</ele>
      </trkpt>
      <trkpt lat="36.867277" lon="138.291481">
        <ele>900.4556342965693</ele>
      </trkpt>
      <trkpt lat="36.867305" lon="138.291448">
        <ele>899.714414270623</ele>
      </trkpt>
      <trkpt lat="36.86731" lon="138.291427">
        <ele>899.6246896261819</ele>
      </trkpt>
      <trkpt lat="36.867316" lon="138.291401">
        <ele>899.5656648670692</ele>
      </trkpt>
      <trkpt lat="36.867329" lon="138.291381">
        <ele>899.2873686756001</ele>
      </trkpt>
      <trkpt lat="36.867341" lon="138.291339">
        <ele>899.1855941837002</ele>
      </trkpt>
      <trkpt lat="36.867345" lon="138.291318">
        <ele>899.1963737680848</ele>
      </trkpt>
      <trkpt lat="36.867346" lon="138.291272">
        <ele>899.4116807381373</ele>
      </trkpt>
      <trkpt lat="36.867337" lon="138.291227">
        <ele>899.7882936699816</ele>
      </trkpt>
      <trkpt lat="36.867309" lon="138.291185">
        <ele>900.5152562772588</ele>
      </trkpt>
      <trkpt lat="36.867291" lon="138.29117">
        <ele>900.8713800406642</ele>
      </trkpt>
      <trkpt lat="36.867258" lon="138.291149">
        <ele>901.4489252432792</ele>
      </trkpt>
      <trkpt lat="36.867244" lon="138.291136">
        <ele>901.7028345472216</ele>
      </trkpt>
      <trkpt lat="36.867226" lon="138.291122">
        <ele>902.0196266268264</ele>
      </trkpt>
      <trkpt lat="36.867193" lon="138.291092">
        <ele>902.4984646230446</ele>
      </trkpt>
      <trkpt lat="36.867172" lon="138.291079">
        <ele>902.9894102020207</ele>
      </trkpt>
      <trkpt lat="36.867144" lon="138.291043">
        <ele>903.4033332956687</ele>
      </trkpt>
      <trkpt lat="36.867126" lon="138.29101">
        <ele>903.5012847181799</ele>
      </trkpt>
      <trkpt lat="36.86711" lon="138.290994">
        <ele>903.7883688145708</ele>
      </trkpt>
      <trkpt lat="36.867093" lon="138.290981">
        <ele>904.1360593234383</ele>
      </trkpt>
      <trkpt lat="36.867074" lon="138.290946">
        <ele>904.2335159460611</ele>
      </trkpt>
      <trkpt lat="36.867058" lon="138.290917">
        <ele>904.2981431529656</ele>
      </trkpt>
      <trkpt lat="36.86704" lon="138.290879">
        <ele>904.432298029648</ele>
      </trkpt>
      <trkpt lat="36.867033" lon="138.290857">
        <ele>904.4023669393792</ele>
      </trkpt>
      <trkpt lat="36.867027" lon="138.290823">
        <ele>904.2308175715216</ele>
      </trkpt>
      <trkpt lat="36.867025" lon="138.290802">
        <ele>904.1046113715374</ele>
      </trkpt>
      <trkpt lat="36.867026" lon="138.290777">
        <ele>903.854456228387</ele>
      </trkpt>
      <trkpt lat="36.867023" lon="138.290754">
        <ele>903.7430874955267</ele>
      </trkpt>
      <trkpt lat="36.867036" lon="138.290712">
        <ele>903.1397290921356</ele>
      </trkpt>
      <trkpt lat="36.867051" lon="138.290671">
        <ele>902.4837773196551</ele>
      </trkpt>
      <trkpt lat="36.867071" lon="138.290621">
        <ele>901.7900362480739</ele>
      </trkpt>
      <trkpt lat="36.86708" lon="138.290598">
        <ele>901.5039143171042</ele>
      </trkpt>
      <trkpt lat="36.867089" lon="138.290575">
        <ele>901.2338921908542</ele>
      </trkpt>
      <trkpt lat="36.867098" lon="138.290521">
        <ele>901.1842343281695</ele>
      </trkpt>
      <trkpt lat="36.867111" lon="138.29047">
        <ele>901.0718411213846</ele>
      </trkpt>
      <trkpt lat="36.867128" lon="138.290419">
        <ele>900.9899824523252</ele>
      </trkpt>
      <trkpt lat="36.86713" lon="138.290392">
        <ele>901.1749431315196</ele>
      </trkpt>
      <trkpt lat="36.867126" lon="138.290367">
        <ele>901.5125177172883</ele>
      </trkpt>
      <trkpt lat="36.867125" lon="138.290349">
        <ele>901.7056777564462</ele>
      </trkpt>
      <trkpt lat="36.867134" lon="138.290305">
        <ele>901.9429062915915</ele>
      </trkpt>
      <trkpt lat="36.867151" lon="138.290287">
        <ele>901.768850193944</ele>
      </trkpt>
      <trkpt lat="36.867186" lon="138.290251">
        <ele>901.4297498716054</ele>
      </trkpt>
      <trkpt lat="36.867224" lon="138.290236">
        <ele>900.879206203307</ele>
      </trkpt>
      <trkpt lat="36.867243" lon="138.290221">
        <ele>900.7276923514443</ele>
      </trkpt>
      <trkpt lat="36.867281" lon="138.290196">
        <ele>900.3985210679441</ele>
      </trkpt>
      <trkpt lat="36.867298" lon="138.290191">
        <ele>900.1852801386395</ele>
      </trkpt>
      <trkpt lat="36.867319" lon="138.290182">
        <ele>899.9680747235805</ele>
      </trkpt>
      <trkpt lat="36.867356" lon="138.290166">
        <ele>899.5816101473678</ele>
      </trkpt>
      <trkpt lat="36.867384" lon="138.290143">
        <ele>899.4370464096958</ele>
      </trkpt>
      <trkpt lat="36.867417" lon="138.290128">
        <ele>899.1325938372643</ele>
      </trkpt>
      <trkpt lat="36.867435" lon="138.290127">
        <ele>898.8605559484338</ele>
      </trkpt>
      <trkpt lat="36.867469" lon="138.29011">
        <ele>898.5878173295907</ele>
      </trkpt>
      <trkpt lat="36.867486" lon="138.290105">
        <ele>898.3352337719285</ele>
      </trkpt>
      <trkpt lat="36.867504" lon="138.290094">
        <ele>898.1675337884717</ele>
      </trkpt>
      <trkpt lat="36.867523" lon="138.290083">
        <ele>897.9872635662622</ele>
      </trkpt>
      <trkpt lat="36.867567" lon="138.290069">
        <ele>897.3941977692077</ele>
      </trkpt>
      <trkpt lat="36.867586" lon="138.290058">
        <ele>897.2346671240301</ele>
      </trkpt>
      <trkpt lat="36.867605" lon="138.290039">
        <ele>897.2523911412347</ele>
      </trkpt>
      <trkpt lat="36.867622" lon="138.29002">
        <ele>897.2821111570585</ele>
      </trkpt>
      <trkpt lat="36.86765" lon="138.289987">
        <ele>897.3648490530908</ele>
      </trkpt>
      <trkpt lat="36.867683" lon="138.28996">
        <ele>897.2567534020716</ele>
      </trkpt>
      <trkpt lat="36.867699" lon="138.289944">
        <ele>897.2781018603143</ele>
      </trkpt>
      <trkpt lat="36.867712" lon="138.289928">
        <ele>897.3500086428105</ele>
      </trkpt>
      <trkpt lat="36.867749" lon="138.289915">
        <ele>896.8625968645098</ele>
      </trkpt>
      <trkpt lat="36.867775" lon="138.289887">
        <ele>896.8473851429267</ele>
      </trkpt>
      <trkpt lat="36.867791" lon="138.289853">
        <ele>897.1422582777578</ele>
      </trkpt>
      <trkpt lat="36.867795" lon="138.289836">
        <ele>897.3738356615651</ele>
      </trkpt>
      <trkpt lat="36.867797" lon="138.289818">
        <ele>897.6680911983348</ele>
      </trkpt>
      <trkpt lat="36.867802" lon="138.289797">
        <ele>897.9201765484646</ele>
      </trkpt>
      <trkpt lat="36.867808" lon="138.289778">
        <ele>898.0681461026899</ele>
      </trkpt>
      <trkpt lat="36.867812" lon="138.289756">
        <ele>898.3072455504798</ele>
      </trkpt>
      <trkpt lat="36.867828" lon="138.289723">
        <ele>898.4115157143057</ele>
      </trkpt>
      <trkpt lat="36.867836" lon="138.289708">
        <ele>898.3977042637468</ele>
      </trkpt>
      <trkpt lat="36.867845" lon="138.289694">
        <ele>898.3282747925672</ele>
      </trkpt>
      <trkpt lat="36.867834" lon="138.289671">
        <ele>898.8641543257689</ele>
      </trkpt>
      <trkpt lat="36.867803" lon="138.289646">
        <ele>899.9398093390784</ele>
      </trkpt>
      <trkpt lat="36.867787" lon="138.289635">
        <ele>900.4649615222374</ele>
      </trkpt>
      <trkpt lat="36.867774" lon="138.28963">
        <ele>900.8296592761772</ele>
      </trkpt>
      <trkpt lat="36.86776" lon="138.289624">
        <ele>901.2112147648592</ele>
      </trkpt>
      <trkpt lat="36.867735" lon="138.289616">
        <ele>901.8367170109775</ele>
      </trkpt>
      <trkpt lat="36.867721" lon="138.289614">
        <ele>902.1181273916171</ele>
      </trkpt>
      <trkpt lat="36.867694" lon="138.289601">
        <ele>902.7242728321394</ele>
      </trkpt>
      <trkpt lat="36.867684" lon="138.289598">
        <ele>902.9394287958339</ele>
      </trkpt>
      <trkpt lat="36.86767" lon="138.289578">
        <ele>903.3400841318775</ele>
      </trkpt>
      <trkpt lat="36.867662" lon="138.289566">
        <ele>903.5521257566757</ele>
      </trkpt>
      <trkpt lat="36.867636" lon="138.289552">
        <ele>904.066498279921</ele>
      </trkpt>
      <trkpt lat="36.867618" lon="138.289543">
        <ele>904.4030164463147</ele>
      </trkpt>
      <trkpt lat="36.867601" lon="138.289531">
        <ele>904.7001086896245</ele>
      </trkpt>
      <trkpt lat="36.867572" lon="138.28951">
        <ele>905.0917967163764</ele>
      </trkpt>
      <trkpt lat="36.867551" lon="138.289506">
        <ele>905.3336086730461</ele>
      </trkpt>
      <trkpt lat="36.86753" lon="138.289498">
        <ele>905.5646114981948</ele>
      </trkpt>
      <trkpt lat="36.867514" lon="138.289488">
        <ele>905.721482460991</ele>
      </trkpt>
      <trkpt lat="36.867479" lon="138.289467">
        <ele>906.0806781723694</ele>
      </trkpt>
      <trkpt lat="36.867463" lon="138.28946">
        <ele>906.2119573616897</ele>
      </trkpt>
      <trkpt lat="36.867449" lon="138.289456">
        <ele>906.2480736763225</ele>
      </trkpt>
      <trkpt lat="36.867434" lon="138.289449">
        <ele>906.2836073472175</ele>
      </trkpt>
      <trkpt lat="36.867388" lon="138.289417">
        <ele>906.3404206597102</ele>
      </trkpt>
      <trkpt lat="36.867368" lon="138.289401">
        <ele>906.2984153777309</ele>
      </trkpt>
      <trkpt lat="36.86735" lon="138.289385">
        <ele>906.2481347124711</ele>
      </trkpt>
      <trkpt lat="36.86734" lon="138.28937">
        <ele>906.2018717939274</ele>
      </trkpt>
      <trkpt lat="36.867304" lon="138.289342">
        <ele>905.9547999137817</ele>
      </trkpt>
      <trkpt lat="36.867283" lon="138.289332">
        <ele>905.7892885747318</ele>
      </trkpt>
      <trkpt lat="36.867263" lon="138.28933">
        <ele>905.6511471752501</ele>
      </trkpt>
      <trkpt lat="36.867233" lon="138.289348">
        <ele>905.4134247103714</ele>
      </trkpt>
      <trkpt lat="36.867201" lon="138.289378">
        <ele>905.191699399346</ele>
      </trkpt>
      <trkpt lat="36.867189" lon="138.289391">
        <ele>905.1002467962363</ele>
      </trkpt>
      <trkpt lat="36.867175" lon="138.289404">
        <ele>904.9571519875603</ele>
      </trkpt>
      <trkpt lat="36.867156" lon="138.289409">
        <ele>904.7226912243475</ele>
      </trkpt>
      <trkpt lat="36.867142" lon="138.28941">
        <ele>904.540038786013</ele>
      </trkpt>
      <trkpt lat="36.867128" lon="138.289419">
        <ele>904.4039151803291</ele>
      </trkpt>
      <trkpt lat="36.867105" lon="138.289447">
        <ele>904.284447855599</ele>
      </trkpt>
      <trkpt lat="36.867088" lon="138.289475">
        <ele>904.2842891226712</ele>
      </trkpt>
      <trkpt lat="36.867079" lon="138.289491">
        <ele>904.3158259996976</ele>
      </trkpt>
      <trkpt lat="36.867066" lon="138.289502">
        <ele>904.2808131845517</ele>
      </trkpt>
      <trkpt lat="36.867059" lon="138.289525">
        <ele>904.4241667149757</ele>
      </trkpt>
      <trkpt lat="36.867053" lon="138.289573">
        <ele>904.8274117076679</ele>
      </trkpt>
      <trkpt lat="36.867039" lon="138.289607">
        <ele>905.0895819705813</ele>
      </trkpt>
      <trkpt lat="36.867027" lon="138.289611">
        <ele>905.0819706714763</ele>
      </trkpt>
      <trkpt lat="36.867015" lon="138.289616">
        <ele>905.0906310599971</ele>
      </trkpt>
      <trkpt lat="36.866983" lon="138.289608">
        <ele>904.8813184031229</ele>
      </trkpt>
      <trkpt lat="36.866961" lon="138.289596">
        <ele>904.7014546701969</ele>
      </trkpt>
      <trkpt lat="36.866938" lon="138.289589">
        <ele>904.5645713497994</ele>
      </trkpt>
      <trkpt lat="36.866908" lon="138.289577">
        <ele>904.3650703285526</ele>
      </trkpt>
      <trkpt lat="36.866892" lon="138.289574">
        <ele>904.3728800003753</ele>
      </trkpt>
      <trkpt lat="36.866862" lon="138.289569">
        <ele>904.39085773747</ele>
      </trkpt>
      <trkpt lat="36.866848" lon="138.289561">
        <ele>904.2907695751861</ele>
      </trkpt>
      <trkpt lat="36.866839" lon="138.289553">
        <ele>904.2006916351877</ele>
      </trkpt>
      <trkpt lat="36.86683" lon="138.289543">
        <ele>904.0612055742592</ele>
      </trkpt>
      <trkpt lat="36.866824" lon="138.28953">
        <ele>903.8353290564941</ele>
      </trkpt>
      <trkpt lat="36.866802" lon="138.289514">
        <ele>903.6401316062236</ele>
      </trkpt>
      <trkpt lat="36.866777" lon="138.2895">
        <ele>903.5076616289007</ele>
      </trkpt>
      <trkpt lat="36.866735" lon="138.289475">
        <ele>903.4070876639516</ele>
      </trkpt>
      <trkpt lat="36.866693" lon="138.289437">
        <ele>903.1140040619409</ele>
      </trkpt>
      <trkpt lat="36.866681" lon="138.289419">
        <ele>902.9173239540658</ele>
      </trkpt>
      <trkpt lat="36.866672" lon="138.289402">
        <ele>902.6820160770335</ele>
      </trkpt>
      <trkpt lat="36.86666" lon="138.289389">
        <ele>902.5719746168918</ele>
      </trkpt>
      <trkpt lat="36.866639" lon="138.289369">
        <ele>902.4741192196058</ele>
      </trkpt>
      <trkpt lat="36.866626" lon="138.289352">
        <ele>902.4149328628693</ele>
      </trkpt>
      <trkpt lat="36.8666" lon="138.289325">
        <ele>902.4178796895757</ele>
      </trkpt>
      <trkpt lat="36.866581" lon="138.2893">
        <ele>902.2950109955669</ele>
      </trkpt>
      <trkpt lat="36.866564" lon="138.28928">
        <ele>902.3021992189377</ele>
      </trkpt>
      <trkpt lat="36.866537" lon="138.289243">
        <ele>902.2958902340351</ele>
      </trkpt>
      <trkpt lat="36.866517" lon="138.289222">
        <ele>902.3876314410502</ele>
      </trkpt>
      <trkpt lat="36.866493" lon="138.289211">
        <ele>902.7275485762872</ele>
      </trkpt>
      <trkpt lat="36.866468" lon="138.289199">
        <ele>903.0615312152825</ele>
      </trkpt>
      <trkpt lat="36.866427" lon="138.289177">
        <ele>903.5757678673983</ele>
      </trkpt>
      <trkpt lat="36.866387" lon="138.289145">
        <ele>903.8238025047882</ele>
      </trkpt>
      <trkpt lat="36.86637" lon="138.289133">
        <ele>903.9439960215456</ele>
      </trkpt>
      <trkpt lat="36.866348" lon="138.289111">
        <ele>903.8072863351297</ele>
      </trkpt>
      <trkpt lat="36.866336" lon="138.289079">
        <ele>903.4256980136848</ele>
      </trkpt>
      <trkpt lat="36.86633" lon="138.289051">
        <ele>903.040347238658</ele>
      </trkpt>
      <trkpt lat="36.866322" lon="138.288992">
        <ele>902.2188601437373</ele>
      </trkpt>
      <trkpt lat="36.86632" lon="138.288961">
        <ele>901.7758555480987</ele>
      </trkpt>
      <trkpt lat="36.866319" lon="138.288938">
        <ele>901.4492583015009</ele>
      </trkpt>
      <trkpt lat="36.866324" lon="138.288876">
        <ele>900.5460282898509</ele>
      </trkpt>
      <trkpt lat="36.866324" lon="138.288852">
        <ele>900.204147100859</ele>
      </trkpt>
      <trkpt lat="36.866321" lon="138.288829">
        <ele>899.8853182485465</ele>
      </trkpt>
      <trkpt lat="36.86632" lon="138.288782">
        <ele>899.195978124604</ele>
      </trkpt>
      <trkpt lat="36.866305" lon="138.288755">
        <ele>898.876931474545</ele>
      </trkpt>
      <trkpt lat="36.866288" lon="138.288718">
        <ele>898.3860539354029</ele>
      </trkpt>
      <trkpt lat="36.866279" lon="138.288687">
        <ele>897.9347229278192</ele>
      </trkpt>
      <trkpt lat="36.866267" lon="138.288638">
        <ele>897.1704258737625</ele>
      </trkpt>
      <trkpt lat="36.866263" lon="138.288569">
        <ele>896.0532957232108</ele>
      </trkpt>
      <trkpt lat="36.866258" lon="138.288517">
        <ele>895.2000283328197</ele>
      </trkpt>
      <trkpt lat="36.866251" lon="138.288495">
        <ele>894.8668117331349</ele>
      </trkpt>
      <trkpt lat="36.866244" lon="138.288439">
        <ele>894.0186302576228</ele>
      </trkpt>
      <trkpt lat="36.866234" lon="138.288418">
        <ele>893.685768535815</ele>
      </trkpt>
      <trkpt lat="36.866217" lon="138.288368">
        <ele>892.8116956601632</ele>
      </trkpt>
      <trkpt lat="36.866208" lon="138.288311">
        <ele>891.8633305458275</ele>
      </trkpt>
      <trkpt lat="36.866193" lon="138.288255">
        <ele>890.9013032180821</ele>
      </trkpt>
      <trkpt lat="36.866192" lon="138.288204">
        <ele>890.0544303893167</ele>
      </trkpt>
      <trkpt lat="36.866197" lon="138.288143">
        <ele>889.1332871280161</ele>
      </trkpt>
      <trkpt lat="36.8662" lon="138.288109">
        <ele>888.6508694554835</ele>
      </trkpt>
      <trkpt lat="36.866214" lon="138.288043">
        <ele>887.8418739540875</ele>
      </trkpt>
      <trkpt lat="36.86622" lon="138.288012">
        <ele>887.4753463473947</ele>
      </trkpt>
      <trkpt lat="36.866228" lon="138.287982">
        <ele>887.1660954871347</ele>
      </trkpt>
      <trkpt lat="36.866235" lon="138.287949">
        <ele>886.8002020975644</ele>
      </trkpt>
      <trkpt lat="36.866229" lon="138.287885">
        <ele>885.7804592185248</ele>
      </trkpt>
      <trkpt lat="36.866229" lon="138.287858">
        <ele>885.369179603955</ele>
      </trkpt>
      <trkpt lat="36.866235" lon="138.287794">
        <ele>884.5563254610852</ele>
      </trkpt>
      <trkpt lat="36.866243" lon="138.287764">
        <ele>884.2982250676397</ele>
      </trkpt>
      <trkpt lat="36.86625" lon="138.287736">
        <ele>884.0425197556782</ele>
      </trkpt>
      <trkpt lat="36.866265" lon="138.287673">
        <ele>883.3965870547487</ele>
      </trkpt>
      <trkpt lat="36.86627" lon="138.287644">
        <ele>883.073424674478</ele>
      </trkpt>
      <trkpt lat="36.866279" lon="138.287619">
        <ele>882.9044774849904</ele>
      </trkpt>
      <trkpt lat="36.866286" lon="138.287592">
        <ele>882.6586369489327</ele>
      </trkpt>
      <trkpt lat="36.866296" lon="138.287526">
        <ele>881.8306990394748</ele>
      </trkpt>
      <trkpt lat="36.866299" lon="138.287495">
        <ele>881.3984451660523</ele>
      </trkpt>
      <trkpt lat="36.866298" lon="138.287458">
        <ele>880.7007444328171</ele>
      </trkpt>
      <trkpt lat="36.866294" lon="138.287389">
        <ele>879.2941385978196</ele>
      </trkpt>
      <trkpt lat="36.866275" lon="138.287354">
        <ele>878.0839560210276</ele>
      </trkpt>
      <trkpt lat="36.866255" lon="138.287332">
        <ele>877.0910567335267</ele>
      </trkpt>
      <trkpt lat="36.866246" lon="138.287275">
        <ele>875.6532728069468</ele>
      </trkpt>
      <trkpt lat="36.866252" lon="138.287248">
        <ele>875.2530583712048</ele>
      </trkpt>
      <trkpt lat="36.866272" lon="138.287199">
        <ele>874.6930641459202</ele>
      </trkpt>
      <trkpt lat="36.866283" lon="138.28718">
        <ele>874.5548453838235</ele>
      </trkpt>
      <trkpt lat="36.866289" lon="138.287154">
        <ele>874.1151132330623</ele>
      </trkpt>
      <trkpt lat="36.866292" lon="138.287139">
        <ele>873.8406938077889</ele>
      </trkpt>
      <trkpt lat="36.866282" lon="138.287132">
        <ele>873.3729756684826</ele>
      </trkpt>
      <trkpt lat="36.866278" lon="138.287102">
        <ele>872.4996198615963</ele>
      </trkpt>
      <trkpt lat="36.866287" lon="138.287084">
        <ele>872.298045537576</ele>
      </trkpt>
      <trkpt lat="36.866315" lon="138.287065">
        <ele>872.460680309136</ele>
      </trkpt>
      <trkpt lat="36.866304" lon="138.287057">
        <ele>872.0460992877838</ele>
      </trkpt>
      <trkpt lat="36.866293" lon="138.287045">
        <ele>871.4252707802691</ele>
      </trkpt>
      <trkpt lat="36.866269" lon="138.287049">
        <ele>870.8777125287803</ele>
      </trkpt>
      <trkpt lat="36.866234" lon="138.287064">
        <ele>870.3179064962917</ele>
      </trkpt>
      <trkpt lat="36.866206" lon="138.287096">
        <ele>870.1026092427322</ele>
      </trkpt>
      <trkpt lat="36.8662" lon="138.287111">
        <ele>870.2511680745059</ele>
      </trkpt>
      <trkpt lat="36.86619" lon="138.287143">
        <ele>870.6700335761773</ele>
      </trkpt>
      <trkpt lat="36.866182" lon="138.287158">
        <ele>870.7337625077291</ele>
      </trkpt>
      <trkpt lat="36.866178" lon="138.287176">
        <ele>871.0112119558291</ele>
      </trkpt>
      <trkpt lat="36.86616" lon="138.287209">
        <ele>871.0987718117639</ele>
      </trkpt>
      <trkpt lat="36.866128" lon="138.287231">
        <ele>870.2601430755797</ele>
      </trkpt>
      <trkpt lat="36.866116" lon="138.287252">
        <ele>870.2352265889002</ele>
      </trkpt>
      <trkpt lat="36.86611" lon="138.287273">
        <ele>870.4678303043962</ele>
      </trkpt>
      <trkpt lat="36.866104" lon="138.287292">
        <ele>870.6584384507655</ele>
      </trkpt>
      <trkpt lat="36.866112" lon="138.287329">
        <ele>871.838813899858</ele>
      </trkpt>
      <trkpt lat="36.866104" lon="138.287348">
        <ele>871.9540336296345</ele>
      </trkpt>
      <trkpt lat="36.866094" lon="138.28739">
        <ele>872.5293944687364</ele>
      </trkpt>
      <trkpt lat="36.866094" lon="138.287408">
        <ele>872.9410155620723</ele>
      </trkpt>
      <trkpt lat="36.8661" lon="138.287428">
        <ele>873.6181991684236</ele>
      </trkpt>
      <trkpt lat="36.866116" lon="138.28747">
        <ele>875.154249465988</ele>
      </trkpt>
      <trkpt lat="36.866122" lon="138.287486">
        <ele>875.7298056046329</ele>
      </trkpt>
      <trkpt lat="36.866132" lon="138.287528">
        <ele>877.0066227776217</ele>
      </trkpt>
      <trkpt lat="36.866126" lon="138.287579">
        <ele>877.8868286525325</ele>
      </trkpt>
      <trkpt lat="36.866114" lon="138.287604">
        <ele>877.9948958488421</ele>
      </trkpt>
      <trkpt lat="36.8661" lon="138.287626">
        <ele>877.9978190407671</ele>
      </trkpt>
      <trkpt lat="36.866084" lon="138.287667">
        <ele>878.3364941065622</ele>
      </trkpt>
      <trkpt lat="36.86608" lon="138.28769">
        <ele>878.7031917457482</ele>
      </trkpt>
      <trkpt lat="36.866066" lon="138.287739">
        <ele>879.3545503745548</ele>
      </trkpt>
      <trkpt lat="36.866052" lon="138.287801">
        <ele>880.3763072417809</ele>
      </trkpt>
      <trkpt lat="36.866056" lon="138.287818">
        <ele>880.8708925278879</ele>
      </trkpt>
      <trkpt lat="36.86606" lon="138.287844">
        <ele>881.5550500729181</ele>
      </trkpt>
      <trkpt lat="36.866032" lon="138.28789">
        <ele>881.9366278671323</ele>
      </trkpt>
      <trkpt lat="36.865998" lon="138.287905">
        <ele>881.5970333563886</ele>
      </trkpt>
      <trkpt lat="36.865964" lon="138.287912">
        <ele>881.1199014152373</ele>
      </trkpt>
      <trkpt lat="36.865926" lon="138.287897">
        <ele>880.0039114284396</ele>
      </trkpt>
      <trkpt lat="36.865894" lon="138.287864">
        <ele>878.4307120742892</ele>
      </trkpt>
      <trkpt lat="36.865858" lon="138.287829">
        <ele>876.7274610729723</ele>
      </trkpt>
      <trkpt lat="36.865832" lon="138.287814">
        <ele>875.7565370302177</ele>
      </trkpt>
      <trkpt lat="36.865792" lon="138.287788">
        <ele>874.2592316119986</ele>
      </trkpt>
      <trkpt lat="36.865774" lon="138.287779">
        <ele>873.6951773621463</ele>
      </trkpt>
      <trkpt lat="36.865756" lon="138.287774">
        <ele>873.2685634176113</ele>
      </trkpt>
      <trkpt lat="36.865738" lon="138.287778">
        <ele>873.2128075258856</ele>
      </trkpt>
      <trkpt lat="36.865722" lon="138.287789">
        <ele>873.4654674671768</ele>
      </trkpt>
      <trkpt lat="36.865699" lon="138.287822">
        <ele>874.5206427375828</ele>
      </trkpt>
      <trkpt lat="36.865687" lon="138.28784">
        <ele>875.1224917253423</ele>
      </trkpt>
      <trkpt lat="36.865653" lon="138.287863">
        <ele>875.6853734736446</ele>
      </trkpt>
      <trkpt lat="36.865641" lon="138.287878">
        <ele>876.1740311762853</ele>
      </trkpt>
      <trkpt lat="36.865632" lon="138.287892">
        <ele>876.6621615763975</ele>
      </trkpt>
      <trkpt lat="36.865611" lon="138.287908">
        <ele>877.1235303553754</ele>
      </trkpt>
      <trkpt lat="36.865582" lon="138.287914">
        <ele>876.9951011946426</ele>
      </trkpt>
      <trkpt lat="36.86556" lon="138.287918">
        <ele>876.8702984653883</ele>
      </trkpt>
      <trkpt lat="36.865548" lon="138.287914">
        <ele>876.5494816660885</ele>
      </trkpt>
      <trkpt lat="36.86553" lon="138.287914">
        <ele>876.1625639350209</ele>
      </trkpt>
      <trkpt lat="36.865516" lon="138.28792">
        <ele>876.0785732853228</ele>
      </trkpt>
      <trkpt lat="36.865497" lon="138.28793">
        <ele>876.0319953525441</ele>
      </trkpt>
      <trkpt lat="36.865465" lon="138.287958">
        <ele>876.3549835895449</ele>
      </trkpt>
      <trkpt lat="36.865454" lon="138.287971">
        <ele>876.5689085751596</ele>
      </trkpt>
      <trkpt lat="36.865417" lon="138.287993">
        <ele>876.4140064018256</ele>
      </trkpt>
      <trkpt lat="36.865399" lon="138.288003">
        <ele>876.2769019377694</ele>
      </trkpt>
      <trkpt lat="36.865374" lon="138.288034">
        <ele>876.6861879186906</ele>
      </trkpt>
      <trkpt lat="36.865371" lon="138.288056">
        <ele>877.4250306912706</ele>
      </trkpt>
      <trkpt lat="36.865368" lon="138.288078">
        <ele>878.1616338531541</ele>
      </trkpt>
      <trkpt lat="36.865366" lon="138.288094">
        <ele>878.6961142569901</ele>
      </trkpt>
      <trkpt lat="36.865357" lon="138.288107">
        <ele>878.8893871871674</ele>
      </trkpt>
      <trkpt lat="36.86535" lon="138.288127">
        <ele>879.4092710633249</ele>
      </trkpt>
      <trkpt lat="36.865346" lon="138.288149">
        <ele>880.1013315412455</ele>
      </trkpt>
      <trkpt lat="36.86533" lon="138.288182">
        <ele>880.8567274218029</ele>
      </trkpt>
      <trkpt lat="36.865321" lon="138.288197">
        <ele>881.1552866656868</ele>
      </trkpt>
      <trkpt lat="36.86531" lon="138.288205">
        <ele>881.1481381567887</ele>
      </trkpt>
      <trkpt lat="36.865295" lon="138.28822">
        <ele>881.2940009249181</ele>
      </trkpt>
      <trkpt lat="36.865252" lon="138.288214">
        <ele>880.018452360703</ele>
      </trkpt>
      <trkpt lat="36.865209" lon="138.288206">
        <ele>878.8020123817976</ele>
      </trkpt>
      <trkpt lat="36.865195" lon="138.288205">
        <ele>878.5223191343724</ele>
      </trkpt>
      <trkpt lat="36.865181" lon="138.288209">
        <ele>878.5014543128857</ele>
      </trkpt>
      <trkpt lat="36.865145" lon="138.288209">
        <ele>878.0512006041648</ele>
      </trkpt>
      <trkpt lat="36.86512" lon="138.288214">
        <ele>878.0224862362263</ele>
      </trkpt>
      <trkpt lat="36.865103" lon="138.288228">
        <ele>878.4780404576107</ele>
      </trkpt>
      <trkpt lat="36.865093" lon="138.288229">
        <ele>878.4594027661724</ele>
      </trkpt>
      <trkpt lat="36.865078" lon="138.288215">
        <ele>877.8174467409033</ele>
      </trkpt>
      <trkpt lat="36.86507" lon="138.28821">
        <ele>877.5727819492112</ele>
      </trkpt>
      <trkpt lat="36.86505" lon="138.288197">
        <ele>877.0708806690585</ele>
      </trkpt>
      <trkpt lat="36.865034" lon="138.288187">
        <ele>876.7225625976604</ele>
      </trkpt>
      <trkpt lat="36.86501" lon="138.288157">
        <ele>875.5972528116788</ele>
      </trkpt>
      <trkpt lat="36.86499" lon="138.288142">
        <ele>875.1095178387139</ele>
      </trkpt>
      <trkpt lat="36.864948" lon="138.288137">
        <ele>875.4007573846735</ele>
      </trkpt>
      <trkpt lat="36.864879" lon="138.288106">
        <ele>875.3946916039572</ele>
      </trkpt>
      <trkpt lat="36.864854" lon="138.288092">
        <ele>875.368060461502</ele>
      </trkpt>
      <trkpt lat="36.864815" lon="138.288056">
        <ele>874.9212690293737</ele>
      </trkpt>
      <trkpt lat="36.864802" lon="138.288047">
        <ele>874.8814696262327</ele>
      </trkpt>
      <trkpt lat="36.864793" lon="138.288035">
        <ele>874.6233962372924</ele>
      </trkpt>
      <trkpt lat="36.864778" lon="138.288025">
        <ele>874.6334966287499</ele>
      </trkpt>
      <trkpt lat="36.864771" lon="138.288005">
        <ele>874.0313703595427</ele>
      </trkpt>
      <trkpt lat="36.864763" lon="138.287985">
        <ele>873.4640438150498</ele>
      </trkpt>
      <trkpt lat="36.864753" lon="138.287961">
        <ele>872.7824786268447</ele>
      </trkpt>
      <trkpt lat="36.864721" lon="138.287923">
        <ele>872.0739899626473</ele>
      </trkpt>
      <trkpt lat="36.864691" lon="138.287902">
        <ele>871.9460183610663</ele>
      </trkpt>
      <trkpt lat="36.864676" lon="138.287897">
        <ele>872.0986465475135</ele>
      </trkpt>
      <trkpt lat="36.864653" lon="138.287893">
        <ele>872.4807504837811</ele>
      </trkpt>
      <trkpt lat="36.86464" lon="138.28789">
        <ele>872.6509780814828</ele>
      </trkpt>
      <trkpt lat="36.864626" lon="138.287886">
        <ele>872.7931519007839</ele>
      </trkpt>
      <trkpt lat="36.86461" lon="138.287885">
        <ele>873.1105079767558</ele>
      </trkpt>
      <trkpt lat="36.864597" lon="138.287888">
        <ele>873.5453855223457</ele>
      </trkpt>
      <trkpt lat="36.864584" lon="138.287897">
        <ele>874.2719647558279</ele>
      </trkpt>
      <trkpt lat="36.864572" lon="138.287907">
        <ele>874.9587407137877</ele>
      </trkpt>
      <trkpt lat="36.864555" lon="138.287914">
        <ele>875.5916683713343</ele>
      </trkpt>
      <trkpt lat="36.864535" lon="138.287918">
        <ele>876.1295005032435</ele>
      </trkpt>
      <trkpt lat="36.86451" lon="138.287919">
        <ele>876.57724542739</ele>
      </trkpt>
      <trkpt lat="36.864467" lon="138.287902">
        <ele>876.1655158780125</ele>
      </trkpt>
      <trkpt lat="36.864429" lon="138.287898">
        <ele>876.1284488487918</ele>
      </trkpt>
      <trkpt lat="36.864415" lon="138.287896">
        <ele>875.9958996486225</ele>
      </trkpt>
      <trkpt lat="36.8644" lon="138.287895">
        <ele>875.912788200149</ele>
      </trkpt>
      <trkpt lat="36.864386" lon="138.287909">
        <ele>876.5711871385271</ele>
      </trkpt>
      <trkpt lat="36.864367" lon="138.287936">
        <ele>877.7247676952387</ele>
      </trkpt>
      <trkpt lat="36.864354" lon="138.287942">
        <ele>877.8772754149264</ele>
      </trkpt>
      <trkpt lat="36.86433" lon="138.287947">
        <ele>877.8715094147352</ele>
      </trkpt>
      <trkpt lat="36.86432" lon="138.287958">
        <ele>878.2648541201829</ele>
      </trkpt>
      <trkpt lat="36.864301" lon="138.287999">
        <ele>879.8302183907817</ele>
      </trkpt>
      <trkpt lat="36.864275" lon="138.288031">
        <ele>880.8093477211231</ele>
      </trkpt>
      <trkpt lat="36.864261" lon="138.288043">
        <ele>881.093335479688</ele>
      </trkpt>
      <trkpt lat="36.864228" lon="138.288069">
        <ele>881.6040536382937</ele>
      </trkpt>
      <trkpt lat="36.864205" lon="138.288099">
        <ele>882.4063079828651</ele>
      </trkpt>
      <trkpt lat="36.864162" lon="138.288144">
        <ele>883.339085355903</ele>
      </trkpt>
      <trkpt lat="36.864145" lon="138.288158">
        <ele>883.5324572237363</ele>
      </trkpt>
      <trkpt lat="36.864105" lon="138.288167">
        <ele>882.9784335924084</ele>
      </trkpt>
      <trkpt lat="36.864086" lon="138.288174">
        <ele>882.821713673698</ele>
      </trkpt>
      <trkpt lat="36.864066" lon="138.288178">
        <ele>882.5208789373161</ele>
      </trkpt>
      <trkpt lat="36.864028" lon="138.288188">
        <ele>882.0468874731121</ele>
      </trkpt>
      <trkpt lat="36.864004" lon="138.288184">
        <ele>881.3519540519472</ele>
      </trkpt>
      <trkpt lat="36.863954" lon="138.28819">
        <ele>880.4904955774273</ele>
      </trkpt>
      <trkpt lat="36.863927" lon="138.288194">
        <ele>880.0837379016896</ele>
      </trkpt>
      <trkpt lat="36.86388" lon="138.288209">
        <ele>879.7031623736162</ele>
      </trkpt>
      <trkpt lat="36.863851" lon="138.288227">
        <ele>879.804740182192</ele>
      </trkpt>
      <trkpt lat="36.863827" lon="138.288243">
        <ele>879.903848787238</ele>
      </trkpt>
      <trkpt lat="36.863817" lon="138.288249">
        <ele>879.9421489732725</ele>
      </trkpt>
      <trkpt lat="36.863793" lon="138.288259">
        <ele>879.8689108216013</ele>
      </trkpt>
      <trkpt lat="36.863754" lon="138.288267">
        <ele>879.4817085917484</ele>
      </trkpt>
      <trkpt lat="36.863736" lon="138.288274">
        <ele>879.4360457243133</ele>
      </trkpt>
      <trkpt lat="36.863706" lon="138.288286">
        <ele>879.3523731833011</ele>
      </trkpt>
      <trkpt lat="36.86369" lon="138.288295">
        <ele>879.3892130132175</ele>
      </trkpt>
      <trkpt lat="36.86367" lon="138.288297">
        <ele>879.2019159647036</ele>
      </trkpt>
      <trkpt lat="36.863632" lon="138.288293">
        <ele>878.5986758059609</ele>
      </trkpt>
      <trkpt lat="36.86362" lon="138.2883">
        <ele>878.6565111731634</ele>
      </trkpt>
      <trkpt lat="36.863603" lon="138.28834">
        <ele>879.5990814455054</ele>
      </trkpt>
      <trkpt lat="36.863601" lon="138.28837">
        <ele>880.549800221702</ele>
      </trkpt>
      <trkpt lat="36.863591" lon="138.288383">
        <ele>880.828923455882</ele>
      </trkpt>
      <trkpt lat="36.863573" lon="138.288407">
        <ele>881.3058510173946</ele>
      </trkpt>
      <trkpt lat="36.863559" lon="138.288414">
        <ele>881.2784576006529</ele>
      </trkpt>
      <trkpt lat="36.863542" lon="138.288429">
        <ele>881.4521003294091</ele>
      </trkpt>
      <trkpt lat="36.863526" lon="138.288442">
        <ele>881.6161078106742</ele>
      </trkpt>
      <trkpt lat="36.863511" lon="138.288462">
        <ele>882.0172519324869</ele>
      </trkpt>
      <trkpt lat="36.863489" lon="138.288481">
        <ele>882.2422320420008</ele>
      </trkpt>
      <trkpt lat="36.863463" lon="138.2885">
        <ele>882.3971520766735</ele>
      </trkpt>
      <trkpt lat="36.86345" lon="138.288502">
        <ele>882.2380319746711</ele>
      </trkpt>
      <trkpt lat="36.863439" lon="138.288505">
        <ele>882.14111851743</ele>
      </trkpt>
      <trkpt lat="36.863428" lon="138.288517">
        <ele>882.3077434798895</ele>
      </trkpt>
      <trkpt lat="36.863411" lon="138.288543">
        <ele>882.8337524575447</ele>
      </trkpt>
      <trkpt lat="36.863393" lon="138.288554">
        <ele>882.879193953041</ele>
      </trkpt>
      <trkpt lat="36.863382" lon="138.288566">
        <ele>883.0666260268263</ele>
      </trkpt>
      <trkpt lat="36.863369" lon="138.288575">
        <ele>883.1234982449816</ele>
      </trkpt>
      <trkpt lat="36.863357" lon="138.288582">
        <ele>883.1326470602233</ele>
      </trkpt>
      <trkpt lat="36.863315" lon="138.288604">
        <ele>883.0699514751669</ele>
      </trkpt>
      <trkpt lat="36.863291" lon="138.28861">
        <ele>882.8338459356623</ele>
      </trkpt>
      <trkpt lat="36.86325" lon="138.288629">
        <ele>882.7645571764039</ele>
      </trkpt>
      <trkpt lat="36.863235" lon="138.288644">
        <ele>882.9511466832159</ele>
      </trkpt>
      <trkpt lat="36.863219" lon="138.288657">
        <ele>883.0378075660036</ele>
      </trkpt>
      <trkpt lat="36.8632" lon="138.288672">
        <ele>883.122561222148</ele>
      </trkpt>
      <trkpt lat="36.863193" lon="138.288691">
        <ele>883.4969307181879</ele>
      </trkpt>
      <trkpt lat="36.863169" lon="138.288721">
        <ele>883.9687082817203</ele>
      </trkpt>
      <trkpt lat="36.863152" lon="138.288739">
        <ele>884.1543359117504</ele>
      </trkpt>
      <trkpt lat="36.863141" lon="138.288763">
        <ele>884.5842349871588</ele>
      </trkpt>
      <trkpt lat="36.863119" lon="138.288806">
        <ele>885.3938412353693</ele>
      </trkpt>
      <trkpt lat="36.863087" lon="138.288848">
        <ele>885.8926377112866</ele>
      </trkpt>
      <trkpt lat="36.863072" lon="138.28886">
        <ele>885.8747623948377</ele>
      </trkpt>
      <trkpt lat="36.863058" lon="138.288868">
        <ele>885.813330696499</ele>
      </trkpt>
      <trkpt lat="36.863038" lon="138.288878">
        <ele>885.6655254349572</ele>
      </trkpt>
      <trkpt lat="36.863025" lon="138.288896">
        <ele>885.8923360382678</ele>
      </trkpt>
      <trkpt lat="36.862977" lon="138.288904">
        <ele>885.1070798037995</ele>
      </trkpt>
      <trkpt lat="36.862965" lon="138.288908">
        <ele>884.9805233770055</ele>
      </trkpt>
      <trkpt lat="36.862942" lon="138.288932">
        <ele>885.1076335996117</ele>
      </trkpt>
      <trkpt lat="36.862923" lon="138.288944">
        <ele>885.0531661277579</ele>
      </trkpt>
      <trkpt lat="36.862883" lon="138.288958">
        <ele>884.7356468789708</ele>
      </trkpt>
      <trkpt lat="36.862866" lon="138.288966">
        <ele>884.6326498741913</ele>
      </trkpt>
      <trkpt lat="36.86286" lon="138.288986">
        <ele>885.0101406868496</ele>
      </trkpt>
      <trkpt lat="36.86285" lon="138.288998">
        <ele>885.1521141681354</ele>
      </trkpt>
      <trkpt lat="36.862839" lon="138.289012">
        <ele>885.3005958891363</ele>
      </trkpt>
      <trkpt lat="36.862839" lon="138.289042">
        <ele>885.9104599834257</ele>
      </trkpt>
      <trkpt lat="36.862839" lon="138.289054">
        <ele>886.1674812878217</ele>
      </trkpt>
      <trkpt lat="36.862838" lon="138.289074">
        <ele>886.5784364039819</ele>
      </trkpt>
      <trkpt lat="36.862844" lon="138.28909">
        <ele>887.0310430167084</ele>
      </trkpt>
      <trkpt lat="36.862843" lon="138.289102">
        <ele>887.2728222697107</ele>
      </trkpt>
      <trkpt lat="36.862845" lon="138.289122">
        <ele>887.7382066118694</ele>
      </trkpt>
      <trkpt lat="36.862831" lon="138.289132">
        <ele>887.6342628483985</ele>
      </trkpt>
      <trkpt lat="36.862836" lon="138.289154">
        <ele>888.1564751966293</ele>
      </trkpt>
      <trkpt lat="36.862837" lon="138.289168">
        <ele>888.4446537163251</ele>
      </trkpt>
      <trkpt lat="36.86286" lon="138.289198">
        <ele>889.6072962419922</ele>
      </trkpt>
      <trkpt lat="36.862883" lon="138.289212">
        <ele>890.5670508407431</ele>
      </trkpt>
      <trkpt lat="36.862896" lon="138.289218">
        <ele>891.0930793028926</ele>
      </trkpt>
      <trkpt lat="36.862905" lon="138.289231">
        <ele>891.6470461404409</ele>
      </trkpt>
      <trkpt lat="36.862913" lon="138.289246">
        <ele>892.2197547719409</ele>
      </trkpt>
      <trkpt lat="36.86292" lon="138.289274">
        <ele>893.0490537085657</ele>
      </trkpt>
      <trkpt lat="36.862931" lon="138.289286">
        <ele>893.6755412301761</ele>
      </trkpt>
      <trkpt lat="36.862935" lon="138.28932">
        <ele>894.4549426752384</ele>
      </trkpt>
      <trkpt lat="36.862941" lon="138.289352">
        <ele>895.2664677524976</ele>
      </trkpt>
      <trkpt lat="36.862927" lon="138.289368">
        <ele>895.0817825396082</ele>
      </trkpt>
      <trkpt lat="36.862914" lon="138.28939">
        <ele>895.0511411742087</ele>
      </trkpt>
      <trkpt lat="36.862912" lon="138.289428">
        <ele>895.6769278724813</ele>
      </trkpt>
      <trkpt lat="36.862907" lon="138.28944">
        <ele>895.7229020300413</ele>
      </trkpt>
      <trkpt lat="36.862896" lon="138.289467">
        <ele>895.8325961802756</ele>
      </trkpt>
      <trkpt lat="36.862901" lon="138.289498">
        <ele>896.584319627745</ele>
      </trkpt>
      <trkpt lat="36.862908" lon="138.289514">
        <ele>897.114716285296</ele>
      </trkpt>
      <trkpt lat="36.862905" lon="138.289535">
        <ele>897.4039286063066</ele>
      </trkpt>
      <trkpt lat="36.862913" lon="138.289558">
        <ele>898.1044372546709</ele>
      </trkpt>
      <trkpt lat="36.862933" lon="138.289575">
        <ele>899.0788389152251</ele>
      </trkpt>
      <trkpt lat="36.862942" lon="138.289579">
        <ele>899.4668363092218</ele>
      </trkpt>
      <trkpt lat="36.862931" lon="138.289594">
        <ele>899.393463714223</ele>
      </trkpt>
      <trkpt lat="36.862926" lon="138.289605">
        <ele>899.4568980967388</ele>
      </trkpt>
      <trkpt lat="36.862921" lon="138.289616">
        <ele>899.5221987751013</ele>
      </trkpt>
      <trkpt lat="36.862918" lon="138.28963">
        <ele>899.7110298084104</ele>
      </trkpt>
      <trkpt lat="36.862887" lon="138.289661">
        <ele>899.4241935618443</ele>
      </trkpt>
      <trkpt lat="36.862872" lon="138.289669">
        <ele>899.155506185547</ele>
      </trkpt>
      <trkpt lat="36.862852" lon="138.289649">
        <ele>898.1975821054328</ele>
      </trkpt>
      <trkpt lat="36.862826" lon="138.289636">
        <ele>897.2643160996073</ele>
      </trkpt>
      <trkpt lat="36.862816" lon="138.289634">
        <ele>896.971306694192</ele>
      </trkpt>
      <trkpt lat="36.862794" lon="138.289631">
        <ele>896.3807766082258</ele>
      </trkpt>
      <trkpt lat="36.862785" lon="138.289633">
        <ele>896.2572166024399</ele>
      </trkpt>
      <trkpt lat="36.862799" lon="138.289633">
        <ele>896.5275198361195</ele>
      </trkpt>
      <trkpt lat="36.862812" lon="138.289631">
        <ele>896.8035932942456</ele>
      </trkpt>
      <trkpt lat="36.862834" lon="138.289628">
        <ele>897.2833130865434</ele>
      </trkpt>
      <trkpt lat="36.862852" lon="138.289625">
        <ele>897.6674307501241</ele>
      </trkpt>
      <trkpt lat="36.862859" lon="138.289635">
        <ele>898.0571948588191</ele>
      </trkpt>
      <trkpt lat="36.862864" lon="138.289647">
        <ele>898.4469859520846</ele>
      </trkpt>
      <trkpt lat="36.862848" lon="138.289638">
        <ele>897.8526567353106</ele>
      </trkpt>
      <trkpt lat="36.862822" lon="138.289629">
        <ele>897.0067806531506</ele>
      </trkpt>
      <trkpt lat="36.862803" lon="138.289628">
        <ele>896.5108385782577</ele>
      </trkpt>
      <trkpt lat="36.862787" lon="138.289631">
        <ele>896.2480471334464</ele>
      </trkpt>
      <trkpt lat="36.862773" lon="138.289634">
        <ele>896.0542815447208</ele>
      </trkpt>
      <trkpt lat="36.862763" lon="138.289636">
        <ele>895.9143651240246</ele>
      </trkpt>
      <trkpt lat="36.86275" lon="138.289638">
        <ele>895.7195430937392</ele>
      </trkpt>
      <trkpt lat="36.862735" lon="138.289642">
        <ele>895.5399969298514</ele>
      </trkpt>
      <trkpt lat="36.862699" lon="138.289654">
        <ele>895.3558771603442</ele>
      </trkpt>
      <trkpt lat="36.862682" lon="138.289658">
        <ele>895.244935949052</ele>
      </trkpt>
      <trkpt lat="36.862648" lon="138.289663">
        <ele>894.9925594599292</ele>
      </trkpt>
      <trkpt lat="36.862604" lon="138.289686">
        <ele>895.2497477606594</ele>
      </trkpt>
      <trkpt lat="36.862585" lon="138.289703">
        <ele>895.6055186087522</ele>
      </trkpt>
      <trkpt lat="36.862576" lon="138.289713">
        <ele>895.8440264716502</ele>
      </trkpt>
      <trkpt lat="36.862568" lon="138.289731">
        <ele>896.3540621311286</ele>
      </trkpt>
      <trkpt lat="36.862543" lon="138.289752">
        <ele>896.8917727822093</ele>
      </trkpt>
      <trkpt lat="36.86252" lon="138.289784">
        <ele>897.8003428370231</ele>
      </trkpt>
      <trkpt lat="36.862507" lon="138.289796">
        <ele>898.0616445845515</ele>
      </trkpt>
      <trkpt lat="36.862492" lon="138.289806">
        <ele>898.2294390354131</ele>
      </trkpt>
      <trkpt lat="36.862473" lon="138.289816">
        <ele>898.3529392602534</ele>
      </trkpt>
      <trkpt lat="36.86244" lon="138.289846">
        <ele>898.9359392278941</ele>
      </trkpt>
      <trkpt lat="36.86242" lon="138.28986">
        <ele>899.1277839563354</ele>
      </trkpt>
      <trkpt lat="36.862399" lon="138.289872">
        <ele>899.2289406180873</ele>
      </trkpt>
      <trkpt lat="36.862387" lon="138.289888">
        <ele>899.5456650867167</ele>
      </trkpt>
      <trkpt lat="36.862352" lon="138.289916">
        <ele>899.8187643624537</ele>
      </trkpt>
      <trkpt lat="36.862334" lon="138.289932">
        <ele>899.9678055827708</ele>
      </trkpt>
      <trkpt lat="36.862307" lon="138.28997">
        <ele>900.5496245873375</ele>
      </trkpt>
      <trkpt lat="36.862292" lon="138.289988">
        <ele>900.8010025883891</ele>
      </trkpt>
      <trkpt lat="36.862266" lon="138.290004">
        <ele>900.7737753586609</ele>
      </trkpt>
      <trkpt lat="36.862253" lon="138.290032">
        <ele>901.2845878354203</ele>
      </trkpt>
      <trkpt lat="36.862254" lon="138.290046">
        <ele>901.6838335162682</ele>
      </trkpt>
      <trkpt lat="36.862232" lon="138.29006">
        <ele>901.6330610766099</ele>
      </trkpt>
      <trkpt lat="36.862225" lon="138.290068">
        <ele>901.7295396259777</ele>
      </trkpt>
      <trkpt lat="36.862217" lon="138.290078">
        <ele>901.8686139312056</ele>
      </trkpt>
      <trkpt lat="36.862225" lon="138.290106">
        <ele>902.8500713404674</ele>
      </trkpt>
      <trkpt lat="36.86223" lon="138.29012">
        <ele>903.3674011081005</ele>
      </trkpt>
      <trkpt lat="36.862232" lon="138.290136">
        <ele>903.8848052544631</ele>
      </trkpt>
      <trkpt lat="36.862228" lon="138.290166">
        <ele>904.6718910310447</ele>
      </trkpt>
      <trkpt lat="36.862214" lon="138.290184">
        <ele>904.8754477618104</ele>
      </trkpt>
      <trkpt lat="36.862212" lon="138.290196">
        <ele>905.1725840274692</ele>
      </trkpt>
      <trkpt lat="36.862212" lon="138.290238">
        <ele>906.3799889651658</ele>
      </trkpt>
      <trkpt lat="36.862199" lon="138.290252">
        <ele>906.50472434721</ele>
      </trkpt>
      <trkpt lat="36.862187" lon="138.290262">
        <ele>906.5254917249665</ele>
      </trkpt>
      <trkpt lat="36.86218" lon="138.290268">
        <ele>906.5408854455869</ele>
      </trkpt>
      <trkpt lat="36.862172" lon="138.290291">
        <ele>907.0667065276258</ele>
      </trkpt>
      <trkpt lat="36.86217" lon="138.290308">
        <ele>907.5360574846075</ele>
      </trkpt>
      <trkpt lat="36.862178" lon="138.290346">
        <ele>908.8599571186122</ele>
      </trkpt>
      <trkpt lat="36.862187" lon="138.290356">
        <ele>909.3797429337171</ele>
      </trkpt>
      <trkpt lat="36.862198" lon="138.290356">
        <ele>909.652053959552</ele>
      </trkpt>
      <trkpt lat="36.862209" lon="138.290342">
        <ele>909.5002742868156</ele>
      </trkpt>
      <trkpt lat="36.862215" lon="138.290332">
        <ele>909.3458856564023</ele>
      </trkpt>
      <trkpt lat="36.862223" lon="138.290318">
        <ele>909.1187877607005</ele>
      </trkpt>
      <trkpt lat="36.862223" lon="138.290306">
        <ele>908.7465346985628</ele>
      </trkpt>
      <trkpt lat="36.862232" lon="138.290292">
        <ele>908.530849132641</ele>
      </trkpt>
      <trkpt lat="36.86223" lon="138.29026">
        <ele>907.4857939741779</ele>
      </trkpt>
      <trkpt lat="36.862224" lon="138.290244">
        <ele>906.846702807889</ele>
      </trkpt>
      <trkpt lat="36.862224" lon="138.290236">
        <ele>906.5983983712551</ele>
      </trkpt>
      <trkpt lat="36.862224" lon="138.290255">
        <ele>907.1881214070199</ele>
      </trkpt>
      <trkpt lat="36.862223" lon="138.29028">
        <ele>907.9399863997439</ele>
      </trkpt>
      <trkpt lat="36.862216" lon="138.290293">
        <ele>908.1731120590564</ele>
      </trkpt>
      <trkpt lat="36.862207" lon="138.290321">
        <ele>908.8146270738223</ele>
      </trkpt>
      <trkpt lat="36.862196" lon="138.29034">
        <ele>909.117867730675</ele>
      </trkpt>
      <trkpt lat="36.862186" lon="138.290345">
        <ele>909.0217732355236</ele>
      </trkpt>
      <trkpt lat="36.862166" lon="138.290366">
        <ele>909.2036835351499</ele>
      </trkpt>
      <trkpt lat="36.862153" lon="138.290375">
        <ele>909.192352722027</ele>
      </trkpt>
      <trkpt lat="36.862162" lon="138.290393">
        <ele>909.9342003260979</ele>
      </trkpt>
      <trkpt lat="36.862171" lon="138.290388">
        <ele>909.9793274559088</ele>
      </trkpt>
      <trkpt lat="36.862154" lon="138.290398">
        <ele>909.9109163397231</ele>
      </trkpt>
      <trkpt lat="36.862124" lon="138.290426">
        <ele>910.1476582687003</ele>
      </trkpt>
      <trkpt lat="36.862093" lon="138.290435">
        <ele>909.822057069373</ele>
      </trkpt>
      <trkpt lat="36.86208" lon="138.290438">
        <ele>909.6738252345713</ele>
      </trkpt>
      <trkpt lat="36.862058" lon="138.290437">
        <ele>909.2247278563223</ele>
      </trkpt>
      <trkpt lat="36.862038" lon="138.290429">
        <ele>908.6025893941357</ele>
      </trkpt>
      <trkpt lat="36.86202" lon="138.290432">
        <ele>908.4289296918532</ele>
      </trkpt>
      <trkpt lat="36.862007" lon="138.290437">
        <ele>908.401649724841</ele>
      </trkpt>
      <trkpt lat="36.861994" lon="138.29044">
        <ele>908.3102315796043</ele>
      </trkpt>
      <trkpt lat="36.86198" lon="138.290438">
        <ele>908.0329733687756</ele>
      </trkpt>
      <trkpt lat="36.861967" lon="138.290447">
        <ele>908.1818839206734</ele>
      </trkpt>
      <trkpt lat="36.861956" lon="138.290467">
        <ele>908.7549038704628</ele>
      </trkpt>
      <trkpt lat="36.861947" lon="138.290471">
        <ele>908.7917139456082</ele>
      </trkpt>
      <trkpt lat="36.86194" lon="138.290481">
        <ele>909.0563070434944</ele>
      </trkpt>
      <trkpt lat="36.861931" lon="138.290492">
        <ele>909.3297158715794</ele>
      </trkpt>
      <trkpt lat="36.861909" lon="138.290502">
        <ele>909.4226648129476</ele>
      </trkpt>
      <trkpt lat="36.861894" lon="138.290502">
        <ele>909.2960877052915</ele>
      </trkpt>
      <trkpt lat="36.861865" lon="138.290504">
        <ele>909.1481132415911</ele>
      </trkpt>
      <trkpt lat="36.861854" lon="138.290507">
        <ele>909.1678593079461</ele>
      </trkpt>
      <trkpt lat="36.861844" lon="138.290512">
        <ele>909.2619105105941</ele>
      </trkpt>
      <trkpt lat="36.861838" lon="138.290525">
        <ele>909.6556253129737</ele>
      </trkpt>
      <trkpt lat="36.861831" lon="138.290536">
        <ele>909.9755610711879</ele>
      </trkpt>
      <trkpt lat="36.861821" lon="138.290538">
        <ele>909.9703258835485</ele>
      </trkpt>
      <trkpt lat="36.86181" lon="138.290535">
        <ele>909.7888724548749</ele>
      </trkpt>
      <trkpt lat="36.861796" lon="138.290528">
        <ele>909.4504262228969</ele>
      </trkpt>
      <trkpt lat="36.861786" lon="138.290526">
        <ele>909.310041272734</ele>
      </trkpt>
      <trkpt lat="36.861755" lon="138.290525">
        <ele>909.054523841936</ele>
      </trkpt>
      <trkpt lat="36.861746" lon="138.290536">
        <ele>909.3551966293907</ele>
      </trkpt>
      <trkpt lat="36.861734" lon="138.290537">
        <ele>909.2996516736969</ele>
      </trkpt>
      <trkpt lat="36.861726" lon="138.290537">
        <ele>909.2405945977797</ele>
      </trkpt>
      <trkpt lat="36.861713" lon="138.290546">
        <ele>909.4319151113966</ele>
      </trkpt>
      <trkpt lat="36.861704" lon="138.290555">
        <ele>909.6472672007881</ele>
      </trkpt>
      <trkpt lat="36.861684" lon="138.290563">
        <ele>909.6902389165012</ele>
      </trkpt>
      <trkpt lat="36.861646" lon="138.290565">
        <ele>909.3248172018946</ele>
      </trkpt>
      <trkpt lat="36.861627" lon="138.290567">
        <ele>909.1697927137956</ele>
      </trkpt>
      <trkpt lat="36.861612" lon="138.290571">
        <ele>909.1153424370191</ele>
      </trkpt>
      <trkpt lat="36.861586" lon="138.290592">
        <ele>909.3956528623926</ele>
      </trkpt>
      <trkpt lat="36.861574" lon="138.290607">
        <ele>909.6577894543676</ele>
      </trkpt>
      <trkpt lat="36.861566" lon="138.290625">
        <ele>910.0412242733305</ele>
      </trkpt>
      <trkpt lat="36.86156" lon="138.290645">
        <ele>910.4932267988877</ele>
      </trkpt>
      <trkpt lat="36.86155" lon="138.290685">
        <ele>911.3473878996178</ele>
      </trkpt>
      <trkpt lat="36.861545" lon="138.290712">
        <ele>911.9182300040296</ele>
      </trkpt>
      <trkpt lat="36.861544" lon="138.290757">
        <ele>912.9788536710718</ele>
      </trkpt>
      <trkpt lat="36.861539" lon="138.290791">
        <ele>913.6697635159935</ele>
      </trkpt>
      <trkpt lat="36.861542" lon="138.290818">
        <ele>914.3443323696843</ele>
      </trkpt>
      <trkpt lat="36.861534" lon="138.290861">
        <ele>915.0344891424063</ele>
      </trkpt>
      <trkpt lat="36.861526" lon="138.290876">
        <ele>915.1451887510957</ele>
      </trkpt>
      <trkpt lat="36.861518" lon="138.290913">
        <ele>915.6403662418722</ele>
      </trkpt>
      <trkpt lat="36.861522" lon="138.290932">
        <ele>916.0424238822619</ele>
      </trkpt>
      <trkpt lat="36.861517" lon="138.290977">
        <ele>916.7171205588076</ele>
      </trkpt>
      <trkpt lat="36.861509" lon="138.29101">
        <ele>917.1311601570643</ele>
      </trkpt>
      <trkpt lat="36.861493" lon="138.291015">
        <ele>916.9308781095979</ele>
      </trkpt>
      <trkpt lat="36.861473" lon="138.291018">
        <ele>916.7223176092549</ele>
      </trkpt>
      <trkpt lat="36.861452" lon="138.291023">
        <ele>916.5383255571411</ele>
      </trkpt>
      <trkpt lat="36.861416" lon="138.291013">
        <ele>915.9472598595332</ele>
      </trkpt>
      <trkpt lat="36.861404" lon="138.291003">
        <ele>915.6609430843412</ele>
      </trkpt>
      <trkpt lat="36.861386" lon="138.290988">
        <ele>915.2132753227036</ele>
      </trkpt>
      <trkpt lat="36.861392" lon="138.290974">
        <ele>914.9988060132421</ele>
      </trkpt>
      <trkpt lat="36.861383" lon="138.290942">
        <ele>914.2961375873186</ele>
      </trkpt>
      <trkpt lat="36.861384" lon="138.290924">
        <ele>913.9580043842053</ele>
      </trkpt>
      <trkpt lat="36.861383" lon="138.290905">
        <ele>913.5910444639629</ele>
      </trkpt>
      <trkpt lat="36.861368" lon="138.290895">
        <ele>913.2517306740865</ele>
      </trkpt>
      <trkpt lat="36.861342" lon="138.290882">
        <ele>912.8167010544115</ele>
      </trkpt>
      <trkpt lat="36.861336" lon="138.290873">
        <ele>912.6157728159551</ele>
      </trkpt>
      <trkpt lat="36.861318" lon="138.290848">
        <ele>912.0405655217662</ele>
      </trkpt>
      <trkpt lat="36.861308" lon="138.290833">
        <ele>911.6901266005618</ele>
      </trkpt>
      <trkpt lat="36.861288" lon="138.290818">
        <ele>911.2593654192918</ele>
      </trkpt>
      <trkpt lat="36.861258" lon="138.290824">
        <ele>911.3438446187392</ele>
      </trkpt>
      <trkpt lat="36.861219" lon="138.290831">
        <ele>911.4326411566437</ele>
      </trkpt>
      <trkpt lat="36.861208" lon="138.290843">
        <ele>911.6837378465019</ele>
      </trkpt>
      <trkpt lat="36.861179" lon="138.290857">
        <ele>911.9896260872504</ele>
      </trkpt>
      <trkpt lat="36.861164" lon="138.290858">
        <ele>912.0246039180485</ele>
      </trkpt>
      <trkpt lat="36.861147" lon="138.290867">
        <ele>912.2039365723723</ele>
      </trkpt>
      <trkpt lat="36.861134" lon="138.290876">
        <ele>912.3524667348954</ele>
      </trkpt>
      <trkpt lat="36.861118" lon="138.290883">
        <ele>912.4527949439862</ele>
      </trkpt>
      <trkpt lat="36.861083" lon="138.290904">
        <ele>912.738864961092</ele>
      </trkpt>
      <trkpt lat="36.86107" lon="138.290912">
        <ele>912.8700528880845</ele>
      </trkpt>
      <trkpt lat="36.861061" lon="138.290923">
        <ele>913.0524300325183</ele>
      </trkpt>
      <trkpt lat="36.86104" lon="138.290941">
        <ele>913.3817751972651</ele>
      </trkpt>
      <trkpt lat="36.861031" lon="138.290953">
        <ele>913.5926423817893</ele>
      </trkpt>
      <trkpt lat="36.861008" lon="138.290972">
        <ele>913.8974501959929</ele>
      </trkpt>
      <trkpt lat="36.860992" lon="138.290986">
        <ele>914.094006462419</ele>
      </trkpt>
      <trkpt lat="36.860978" lon="138.290996">
        <ele>914.2021035610348</ele>
      </trkpt>
      <trkpt lat="36.860968" lon="138.291012">
        <ele>914.399467088835</ele>
      </trkpt>
      <trkpt lat="36.860946" lon="138.291031">
        <ele>914.5880488055598</ele>
      </trkpt>
      <trkpt lat="36.860916" lon="138.29105">
        <ele>914.8423859153941</ele>
      </trkpt>
      <trkpt lat="36.860897" lon="138.291056">
        <ele>914.8939308729746</ele>
      </trkpt>
      <trkpt lat="36.860872" lon="138.291054">
        <ele>914.8740212520142</ele>
      </trkpt>
      <trkpt lat="36.860829" lon="138.291047">
        <ele>915.1918713126632</ele>
      </trkpt>
      <trkpt lat="36.860802" lon="138.29105">
        <ele>915.4879146519928</ele>
      </trkpt>
      <trkpt lat="36.860789" lon="138.291051">
        <ele>915.7266131183165</ele>
      </trkpt>
      <trkpt lat="36.860778" lon="138.291058">
        <ele>915.940617211501</ele>
      </trkpt>
      <trkpt lat="36.860748" lon="138.291066">
        <ele>916.4613083028315</ele>
      </trkpt>
      <trkpt lat="36.860721" lon="138.291074">
        <ele>917.0162531878334</ele>
      </trkpt>
      <trkpt lat="36.860683" lon="138.291075">
        <ele>917.8982133137142</ele>
      </trkpt>
      <trkpt lat="36.860665" lon="138.291076">
        <ele>918.3284332134386</ele>
      </trkpt>
      <trkpt lat="36.860653" lon="138.291081">
        <ele>918.6173274768241</ele>
      </trkpt>
      <trkpt lat="36.860655" lon="138.291095">
        <ele>918.459775476305</ele>
      </trkpt>
      <trkpt lat="36.860671" lon="138.291091">
        <ele>918.0680745739587</ele>
      </trkpt>
      <trkpt lat="36.860685" lon="138.291075">
        <ele>917.8516574933933</ele>
      </trkpt>
      <trkpt lat="36.860708" lon="138.291067">
        <ele>917.3458930134824</ele>
      </trkpt>
      <trkpt lat="36.860717" lon="138.291075">
        <ele>917.1067642011444</ele>
      </trkpt>
      <trkpt lat="36.860711" lon="138.291091">
        <ele>917.1912484087578</ele>
      </trkpt>
      <trkpt lat="36.860715" lon="138.291107">
        <ele>917.1065235996431</ele>
      </trkpt>
      <trkpt lat="36.860731" lon="138.291103">
        <ele>916.7705376470988</ele>
      </trkpt>
      <trkpt lat="36.860742" lon="138.291103">
        <ele>916.5702893775103</ele>
      </trkpt>
      <trkpt lat="36.860754" lon="138.291105">
        <ele>916.4142153948761</ele>
      </trkpt>
      <trkpt lat="36.860761" lon="138.291113">
        <ele>916.3543520911238</ele>
      </trkpt>
      <trkpt lat="36.860765" lon="138.291121">
        <ele>916.3402743150145</ele>
      </trkpt>
      <trkpt lat="36.860762" lon="138.291132">
        <ele>916.4246571896351</ele>
      </trkpt>
      <trkpt lat="36.860746" lon="138.291139">
        <ele>916.624352911695</ele>
      </trkpt>
      <trkpt lat="36.860733" lon="138.291148">
        <ele>916.8147959345006</ele>
      </trkpt>
      <trkpt lat="36.860723" lon="138.291152">
        <ele>916.9899071969025</ele>
      </trkpt>
      <trkpt lat="36.860702" lon="138.291167">
        <ele>917.3308181265849</ele>
      </trkpt>
      <trkpt lat="36.860699" lon="138.29119">
        <ele>917.3977094108951</ele>
      </trkpt>
      <trkpt lat="36.860702" lon="138.291203">
        <ele>917.3932567446454</ele>
      </trkpt>
      <trkpt lat="36.860706" lon="138.291241">
        <ele>917.4620388002384</ele>
      </trkpt>
      <trkpt lat="36.860699" lon="138.291255">
        <ele>917.5617438033603</ele>
      </trkpt>
      <trkpt lat="36.860699" lon="138.291271">
        <ele>917.6329548357793</ele>
      </trkpt>
      <trkpt lat="36.860695" lon="138.291283">
        <ele>917.7369576068912</ele>
      </trkpt>
      <trkpt lat="36.860694" lon="138.291295">
        <ele>917.8189995282079</ele>
      </trkpt>
      <trkpt lat="36.860681" lon="138.29131">
        <ele>917.9677975840091</ele>
      </trkpt>
      <trkpt lat="36.860669" lon="138.29132">
        <ele>918.0658636051663</ele>
      </trkpt>
      <trkpt lat="36.860663" lon="138.291328">
        <ele>918.1707423955761</ele>
      </trkpt>
      <trkpt lat="36.860653" lon="138.291346">
        <ele>918.352570720002</ele>
      </trkpt>
      <trkpt lat="36.86064" lon="138.291359">
        <ele>918.5573277092154</ele>
      </trkpt>
      <trkpt lat="36.860631" lon="138.291379">
        <ele>918.7544063531625</ele>
      </trkpt>
      <trkpt lat="36.860619" lon="138.291407">
        <ele>918.9855019265722</ele>
      </trkpt>
      <trkpt lat="36.860611" lon="138.291422">
        <ele>919.0988208492358</ele>
      </trkpt>
      <trkpt lat="36.860594" lon="138.291447">
        <ele>919.3698975732007</ele>
      </trkpt>
      <trkpt lat="36.860589" lon="138.291469">
        <ele>919.5969302036376</ele>
      </trkpt>
      <trkpt lat="36.860584" lon="138.291484">
        <ele>919.7633463072784</ele>
      </trkpt>
      <trkpt lat="36.860572" lon="138.291496">
        <ele>919.9695170657485</ele>
      </trkpt>
      <trkpt lat="36.860572" lon="138.291509">
        <ele>920.062933904866</ele>
      </trkpt>
      <trkpt lat="36.860571" lon="138.291522">
        <ele>920.1667523480095</ele>
      </trkpt>
      <trkpt lat="36.860572" lon="138.291536">
        <ele>920.2844998460597</ele>
      </trkpt>
      <trkpt lat="36.860574" lon="138.29156">
        <ele>920.4877380638449</ele>
      </trkpt>
      <trkpt lat="36.86058" lon="138.291583">
        <ele>920.6642870501962</ele>
      </trkpt>
      <trkpt lat="36.860577" lon="138.291594">
        <ele>920.7831854183631</ele>
      </trkpt>
      <trkpt lat="36.860573" lon="138.291624">
        <ele>921.1355086455774</ele>
      </trkpt>
      <trkpt lat="36.860569" lon="138.291643">
        <ele>921.3846042712619</ele>
      </trkpt>
      <trkpt lat="36.860558" lon="138.291665">
        <ele>921.6723551524109</ele>
      </trkpt>
      <trkpt lat="36.86055" lon="138.291682">
        <ele>921.8775625589903</ele>
      </trkpt>
      <trkpt lat="36.86054" lon="138.291698">
        <ele>922.0804861907123</ele>
      </trkpt>
      <trkpt lat="36.860529" lon="138.29171">
        <ele>922.2928017800391</ele>
      </trkpt>
      <trkpt lat="36.860516" lon="138.291713">
        <ele>922.4758295460335</ele>
      </trkpt>
      <trkpt lat="36.860501" lon="138.291711">
        <ele>922.6079520854548</ele>
      </trkpt>
      <trkpt lat="36.860505" lon="138.291688">
        <ele>922.2659479482804</ele>
      </trkpt>
      <trkpt lat="36.860512" lon="138.291671">
        <ele>922.0113228138432</ele>
      </trkpt>
      <trkpt lat="36.86051" lon="138.291643">
        <ele>921.7521634233298</ele>
      </trkpt>
      <trkpt lat="36.860506" lon="138.291626">
        <ele>921.6313495802632</ele>
      </trkpt>
      <trkpt lat="36.86049" lon="138.29161">
        <ele>921.6794580245457</ele>
      </trkpt>
      <trkpt lat="36.860482" lon="138.291597">
        <ele>921.7015725584824</ele>
      </trkpt>
      <trkpt lat="36.860474" lon="138.291582">
        <ele>921.733719633233</ele>
      </trkpt>
      <trkpt lat="36.860466" lon="138.291555">
        <ele>921.7169589942572</ele>
      </trkpt>
      <trkpt lat="36.860452" lon="138.291542">
        <ele>921.9468481024668</ele>
      </trkpt>
      <trkpt lat="36.86044" lon="138.291534">
        <ele>922.1727844524742</ele>
      </trkpt>
      <trkpt lat="36.860426" lon="138.291529">
        <ele>922.4551918006323</ele>
      </trkpt>
      <trkpt lat="36.860406" lon="138.29152">
        <ele>922.8463430694076</ele>
      </trkpt>
      <trkpt lat="36.860392" lon="138.291509">
        <ele>923.1280713381793</ele>
      </trkpt>
      <trkpt lat="36.860358" lon="138.291479">
        <ele>923.9383311834655</ele>
      </trkpt>
      <trkpt lat="36.86034" lon="138.291464">
        <ele>924.3571812514853</ele>
      </trkpt>
      <trkpt lat="36.860294" lon="138.29145">
        <ele>925.5125178505195</ele>
      </trkpt>
      <trkpt lat="36.86028" lon="138.291453">
        <ele>925.8992951140981</ele>
      </trkpt>
      <trkpt lat="36.860268" lon="138.291453">
        <ele>926.2174436655932</ele>
      </trkpt>
      <trkpt lat="36.86025" lon="138.291449">
        <ele>926.6742422556149</ele>
      </trkpt>
      <trkpt lat="36.86022" lon="138.291447">
        <ele>927.4661436149439</ele>
      </trkpt>
      <trkpt lat="36.860208" lon="138.29145">
        <ele>927.8128486105898</ele>
      </trkpt>
      <trkpt lat="36.860198" lon="138.291449">
        <ele>928.0736317169705</ele>
      </trkpt>
      <trkpt lat="36.860182" lon="138.291449">
        <ele>928.4836424174416</ele>
      </trkpt>
      <trkpt lat="36.860172" lon="138.291448">
        <ele>928.711416155921</ele>
      </trkpt>
      <trkpt lat="36.860162" lon="138.291441">
        <ele>928.877184157318</ele>
      </trkpt>
      <trkpt lat="36.860152" lon="138.291422">
        <ele>928.9577589404547</ele>
      </trkpt>
      <trkpt lat="36.860142" lon="138.291413">
        <ele>929.1196120645261</ele>
      </trkpt>
      <trkpt lat="36.86012" lon="138.291394">
        <ele>929.4607108503055</ele>
      </trkpt>
      <trkpt lat="36.86011" lon="138.291389">
        <ele>929.6228860707803</ele>
      </trkpt>
      <trkpt lat="36.860098" lon="138.29139">
        <ele>929.8750655633437</ele>
      </trkpt>
      <trkpt lat="36.860086" lon="138.291388">
        <ele>930.1001452708695</ele>
      </trkpt>
      <trkpt lat="36.860078" lon="138.291381">
        <ele>930.195028718387</ele>
      </trkpt>
      <trkpt lat="36.860065" lon="138.291375">
        <ele>930.3949517096593</ele>
      </trkpt>
      <trkpt lat="36.860046" lon="138.291367">
        <ele>930.6707045340712</ele>
      </trkpt>
      <trkpt lat="36.86003" lon="138.291362">
        <ele>930.8805148562299</ele>
      </trkpt>
      <trkpt lat="36.859998" lon="138.291348">
        <ele>931.2425349553076</ele>
      </trkpt>
      <trkpt lat="36.859956" lon="138.291349">
        <ele>931.8831027770111</ele>
      </trkpt>
      <trkpt lat="36.859906" lon="138.29136">
        <ele>932.7536829654174</ele>
      </trkpt>
      <trkpt lat="36.859884" lon="138.29136">
        <ele>933.0499081321234</ele>
      </trkpt>
      <trkpt lat="36.85987" lon="138.291364">
        <ele>933.3002899715137</ele>
      </trkpt>
      <trkpt lat="36.85986" lon="138.291369">
        <ele>933.5153352203588</ele>
      </trkpt>
      <trkpt lat="36.859852" lon="138.291371">
        <ele>933.6576554444418</ele>
      </trkpt>
      <trkpt lat="36.859841" lon="138.291372">
        <ele>933.8276048784586</ele>
      </trkpt>
      <trkpt lat="36.859817" lon="138.29138">
        <ele>934.2945523712826</ele>
      </trkpt>
      <trkpt lat="36.859808" lon="138.29138">
        <ele>934.4209364458776</ele>
      </trkpt>
      <trkpt lat="36.859793" lon="138.291381">
        <ele>934.6470025941226</ele>
      </trkpt>
      <trkpt lat="36.859775" lon="138.291373">
        <ele>934.7790994857451</ele>
      </trkpt>
      <trkpt lat="36.859758" lon="138.29138">
        <ele>935.1326697897642</ele>
      </trkpt>
      <trkpt lat="36.85974" lon="138.291393">
        <ele>935.5916782449942</ele>
      </trkpt>
      <trkpt lat="36.85971" lon="138.291394">
        <ele>936.0436728458862</ele>
      </trkpt>
      <trkpt lat="36.859696" lon="138.291389">
        <ele>936.1718049334373</ele>
      </trkpt>
      <trkpt lat="36.85966" lon="138.291404">
        <ele>936.9232142807926</ele>
      </trkpt>
      <trkpt lat="36.859637" lon="138.29142">
        <ele>937.4973365993945</ele>
      </trkpt>
      <trkpt lat="36.859604" lon="138.291429">
        <ele>938.0661309057853</ele>
      </trkpt>
      <trkpt lat="36.859563" lon="138.291442">
        <ele>938.8318488056543</ele>
      </trkpt>
      <trkpt lat="36.859535" lon="138.29145">
        <ele>939.3572521871424</ele>
      </trkpt>
      <trkpt lat="36.859491" lon="138.291441">
        <ele>939.7231147902554</ele>
      </trkpt>
      <trkpt lat="36.859464" lon="138.291431">
        <ele>939.8260291838557</ele>
      </trkpt>
      <trkpt lat="36.85945" lon="138.29142">
        <ele>939.8149413811047</ele>
      </trkpt>
      <trkpt lat="36.859426" lon="138.291423">
        <ele>940.0926178958161</ele>
      </trkpt>
      <trkpt lat="36.859417" lon="138.291428">
        <ele>940.2416563460777</ele>
      </trkpt>
      <trkpt lat="36.859392" lon="138.29143">
        <ele>940.4897176189029</ele>
      </trkpt>
      <trkpt lat="36.859383" lon="138.291437">
        <ele>940.6722492073028</ele>
      </trkpt>
      <trkpt lat="36.859372" lon="138.291432">
        <ele>940.692122644464</ele>
      </trkpt>
      <trkpt lat="36.859362" lon="138.291436">
        <ele>940.8364399018833</ele>
      </trkpt>
      <trkpt lat="36.85935" lon="138.291438">
        <ele>940.980251046051</ele>
      </trkpt>
      <trkpt lat="36.859324" lon="138.291436">
        <ele>941.1679542384363</ele>
      </trkpt>
      <trkpt lat="36.859313" lon="138.291436">
        <ele>941.2639188841553</ele>
      </trkpt>
      <trkpt lat="36.859301" lon="138.291451">
        <ele>941.649555899201</ele>
      </trkpt>
      <trkpt lat="36.859283" lon="138.291449">
        <ele>941.7897374640725</ele>
      </trkpt>
      <trkpt lat="36.859265" lon="138.291448">
        <ele>941.9582506582648</ele>
      </trkpt>
      <trkpt lat="36.859241" lon="138.291461">
        <ele>942.4624987047571</ele>
      </trkpt>
      <trkpt lat="36.859229" lon="138.291464">
        <ele>942.6493824714414</ele>
      </trkpt>
      <trkpt lat="36.8592" lon="138.291449">
        <ele>942.7735520938312</ele>
      </trkpt>
      <trkpt lat="36.85917" lon="138.291438">
        <ele>942.9888718604016</ele>
      </trkpt>
      <trkpt lat="36.859147" lon="138.291432">
        <ele>943.2660700630472</ele>
      </trkpt>
      <trkpt lat="36.859131" lon="138.291408">
        <ele>943.181343362217</ele>
      </trkpt>
      <trkpt lat="36.859102" lon="138.291388">
        <ele>943.36228806436</ele>
      </trkpt>
      <trkpt lat="36.859093" lon="138.29138">
        <ele>943.379300744914</ele>
      </trkpt>
      <trkpt lat="36.8591" lon="138.291367">
        <ele>943.0372377944439</ele>
      </trkpt>
      <trkpt lat="36.859091" lon="138.291352">
        <ele>942.9252556074011</ele>
      </trkpt>
      <trkpt lat="36.859079" lon="138.29135">
        <ele>943.1141716733864</ele>
      </trkpt>
      <trkpt lat="36.859037" lon="138.291345">
        <ele>943.8342931167363</ele>
      </trkpt>
      <trkpt lat="36.859019" lon="138.291339">
        <ele>944.0867393437916</ele>
      </trkpt>
      <trkpt lat="36.859007" lon="138.291333">
        <ele>944.2473097908876</ele>
      </trkpt>
      <trkpt lat="36.85899" lon="138.291318">
        <ele>944.3535054969068</ele>
      </trkpt>
      <trkpt lat="36.858979" lon="138.29131">
        <ele>944.437879924974</ele>
      </trkpt>
      <trkpt lat="36.858961" lon="138.291294">
        <ele>944.5036675543538</ele>
      </trkpt>
      <trkpt lat="36.858947" lon="138.291283">
        <ele>944.5522314602512</ele>
      </trkpt>
      <trkpt lat="36.858927" lon="138.291273">
        <ele>944.690726837866</ele>
      </trkpt>
      <trkpt lat="36.858907" lon="138.291254">
        <ele>944.6898199540021</ele>
      </trkpt>
      <trkpt lat="36.858867" lon="138.291232">
        <ele>945.0051506169309</ele>
      </trkpt>
      <trkpt lat="36.858811" lon="138.291218">
        <ele>945.7184418791227</ele>
      </trkpt>
      <trkpt lat="36.858772" lon="138.291231">
        <ele>946.5345120098947</ele>
      </trkpt>
      <trkpt lat="36.858753" lon="138.291239">
        <ele>946.9672565649045</ele>
      </trkpt>
      <trkpt lat="36.858735" lon="138.291234">
        <ele>947.1711480042185</ele>
      </trkpt>
      <trkpt lat="36.858716" lon="138.291219">
        <ele>947.2306055414304</ele>
      </trkpt>
      <trkpt lat="36.858692" lon="138.291199">
        <ele>947.3021071083961</ele>
      </trkpt>
      <trkpt lat="36.858668" lon="138.291185">
        <ele>947.4726315108337</ele>
      </trkpt>
      <trkpt lat="36.858642" lon="138.29118">
        <ele>947.8073632203611</ele>
      </trkpt>
      <trkpt lat="36.85861" lon="138.29118">
        <ele>948.3187030615853</ele>
      </trkpt>
      <trkpt lat="36.858584" lon="138.291178">
        <ele>948.7410755278577</ele>
      </trkpt>
      <trkpt lat="36.858565" lon="138.291178">
        <ele>949.0729139862508</ele>
      </trkpt>
      <trkpt lat="36.858532" lon="138.291182">
        <ele>949.6756420040559</ele>
      </trkpt>
      <trkpt lat="36.858518" lon="138.29119">
        <ele>949.9779842389112</ele>
      </trkpt>
      <trkpt lat="36.858494" lon="138.291208">
        <ele>950.5389982721291</ele>
      </trkpt>
      <trkpt lat="36.858489" lon="138.291226">
        <ele>950.8242410214464</ele>
      </trkpt>
      <trkpt lat="36.858482" lon="138.291234">
        <ele>951.0150469639968</ele>
      </trkpt>
      <trkpt lat="36.858446" lon="138.291249">
        <ele>951.6547845776707</ele>
      </trkpt>
      <trkpt lat="36.858409" lon="138.291268">
        <ele>952.2821995607156</ele>
      </trkpt>
      <trkpt lat="36.858381" lon="138.291265">
        <ele>952.6354901521252</ele>
      </trkpt>
      <trkpt lat="36.858368" lon="138.291262">
        <ele>952.7997294088354</ele>
      </trkpt>
      <trkpt lat="36.858348" lon="138.291266">
        <ele>953.1224814422005</ele>
      </trkpt>
      <trkpt lat="36.858316" lon="138.291281">
        <ele>953.6982571920321</ele>
      </trkpt>
      <trkpt lat="36.858289" lon="138.291294">
        <ele>954.1614792420769</ele>
      </trkpt>
      <trkpt lat="36.85827" lon="138.29131">
        <ele>954.5140950050709</ele>
      </trkpt>
      <trkpt lat="36.858256" lon="138.291307">
        <ele>954.679410578961</ele>
      </trkpt>
      <trkpt lat="36.858216" lon="138.291309">
        <ele>955.2112147448968</ele>
      </trkpt>
      <trkpt lat="36.8582" lon="138.291308">
        <ele>955.4159408505611</ele>
      </trkpt>
      <trkpt lat="36.858184" lon="138.291302">
        <ele>955.6338579706974</ele>
      </trkpt>
      <trkpt lat="36.858166" lon="138.291301">
        <ele>955.9074702672142</ele>
      </trkpt>
      <trkpt lat="36.85815" lon="138.291301">
        <ele>956.1535921711497</ele>
      </trkpt>
      <trkpt lat="36.858116" lon="138.291317">
        <ele>956.6993824747748</ele>
      </trkpt>
      <trkpt lat="36.858098" lon="138.291327">
        <ele>956.9680869290394</ele>
      </trkpt>
      <trkpt lat="36.858084" lon="138.291332">
        <ele>957.1663382175467</ele>
      </trkpt>
      <trkpt lat="36.858064" lon="138.291349">
        <ele>957.4427730001308</ele>
      </trkpt>
      <trkpt lat="36.85805" lon="138.291353">
        <ele>957.638263797118</ele>
      </trkpt>
      <trkpt lat="36.858028" lon="138.291367">
        <ele>957.9666570881388</ele>
      </trkpt>
      <trkpt lat="36.858012" lon="138.291376">
        <ele>958.1957489275328</ele>
      </trkpt>
      <trkpt lat="36.858002" lon="138.291387">
        <ele>958.3499812798722</ele>
      </trkpt>
      <trkpt lat="36.857986" lon="138.291397">
        <ele>958.5646940565659</ele>
      </trkpt>
      <trkpt lat="36.857978" lon="138.291403">
        <ele>958.6640889858379</ele>
      </trkpt>
      <trkpt lat="36.85796" lon="138.29141">
        <ele>958.870041043991</ele>
      </trkpt>
      <trkpt lat="36.857924" lon="138.291417">
        <ele>959.2607604212242</ele>
      </trkpt>
      <trkpt lat="36.857914" lon="138.291424">
        <ele>959.3745360136506</ele>
      </trkpt>
      <trkpt lat="36.857878" lon="138.291447">
        <ele>959.7973795840804</ele>
      </trkpt>
      <trkpt lat="36.857864" lon="138.291455">
        <ele>959.9666591237234</ele>
      </trkpt>
      <trkpt lat="36.857834" lon="138.291439">
        <ele>960.1546737826168</ele>
      </trkpt>
      <trkpt lat="36.857818" lon="138.291431">
        <ele>960.2667826814558</ele>
      </trkpt>
      <trkpt lat="36.857804" lon="138.29143">
        <ele>960.3717256546706</ele>
      </trkpt>
      <trkpt lat="36.85779" lon="138.291428">
        <ele>960.4793879000372</ele>
      </trkpt>
      <trkpt lat="36.857777" lon="138.291424">
        <ele>960.573935654013</ele>
      </trkpt>
      <trkpt lat="36.857756" lon="138.291416">
        <ele>960.722823793049</ele>
      </trkpt>
      <trkpt lat="36.857702" lon="138.29139">
        <ele>961.1411953031096</ele>
      </trkpt>
      <trkpt lat="36.85768" lon="138.291379">
        <ele>961.3077819070787</ele>
      </trkpt>
      <trkpt lat="36.857644" lon="138.291384">
        <ele>961.4978831914108</ele>
      </trkpt>
      <trkpt lat="36.857628" lon="138.291401">
        <ele>961.5166182079615</ele>
      </trkpt>
      <trkpt lat="36.857614" lon="138.29141">
        <ele>961.5493227640673</ele>
      </trkpt>
      <trkpt lat="36.857596" lon="138.291416">
        <ele>961.6094389533284</ele>
      </trkpt>
      <trkpt lat="36.857576" lon="138.291418">
        <ele>961.6930643099131</ele>
      </trkpt>
      <trkpt lat="36.85756" lon="138.29142">
        <ele>961.7536374221561</ele>
      </trkpt>
      <trkpt lat="36.857529" lon="138.291422">
        <ele>961.8797359187632</ele>
      </trkpt>
      <trkpt lat="36.85749" lon="138.29142">
        <ele>962.0646546966357</ele>
      </trkpt>
      <trkpt lat="36.857474" lon="138.291417">
        <ele>962.1545107814238</ele>
      </trkpt>
      <trkpt lat="36.857454" lon="138.291412">
        <ele>962.276139086123</ele>
      </trkpt>
      <trkpt lat="36.857436" lon="138.291402">
        <ele>962.4179292482331</ele>
      </trkpt>
      <trkpt lat="36.857423" lon="138.291391">
        <ele>962.5387974922784</ele>
      </trkpt>
      <trkpt lat="36.857392" lon="138.291362">
        <ele>962.8431536662627</ele>
      </trkpt>
      <trkpt lat="36.857374" lon="138.291359">
        <ele>962.9392602536828</ele>
      </trkpt>
      <trkpt lat="36.857354" lon="138.291356">
        <ele>963.0441035219005</ele>
      </trkpt>
      <trkpt lat="36.857333" lon="138.29136">
        <ele>963.1125371601904</ele>
      </trkpt>
      <trkpt lat="36.857299" lon="138.291378">
        <ele>963.1410391676251</ele>
      </trkpt>
      <trkpt lat="36.857277" lon="138.291388">
        <ele>963.1148194806198</ele>
      </trkpt>
      <trkpt lat="36.857261" lon="138.2914">
        <ele>963.0682122521115</ele>
      </trkpt>
      <trkpt lat="36.857246" lon="138.291405">
        <ele>963.060926859967</ele>
      </trkpt>
      <trkpt lat="36.857229" lon="138.291403">
        <ele>963.0878215111807</ele>
      </trkpt>
      <trkpt lat="36.857184" lon="138.291415">
        <ele>963.0179164443178</ele>
      </trkpt>
      <trkpt lat="36.857167" lon="138.291415">
        <ele>963.017916444318</ele>
      </trkpt>
      <trkpt lat="36.857147" lon="138.291417">
        <ele>962.9361535784849</ele>
      </trkpt>
      <trkpt lat="36.857126" lon="138.291415">
        <ele>962.870877567714</ele>
      </trkpt>
      <trkpt lat="36.857101" lon="138.291406">
        <ele>962.8132206846374</ele>
      </trkpt>
      <trkpt lat="36.857062" lon="138.291409">
        <ele>962.5809976724913</ele>
      </trkpt>
      <trkpt lat="36.857013" lon="138.291405">
        <ele>962.2686169263991</ele>
      </trkpt>
      <trkpt lat="36.856966" lon="138.291403">
        <ele>961.8808859167842</ele>
      </trkpt>
      <trkpt lat="36.856949" lon="138.2914">
        <ele>961.7377314976428</ele>
      </trkpt>
      <trkpt lat="36.85693" lon="138.291392">
        <ele>961.5810557921429</ele>
      </trkpt>
      <trkpt lat="36.856914" lon="138.29138">
        <ele>961.4552504113886</ele>
      </trkpt>
      <trkpt lat="36.85687" lon="138.291357">
        <ele>961.0359789930625</ele>
      </trkpt>
      <trkpt lat="36.856851" lon="138.291347">
        <ele>960.8431129485373</ele>
      </trkpt>
      <trkpt lat="36.856828" lon="138.291335">
        <ele>960.687037422322</ele>
      </trkpt>
      <trkpt lat="36.856802" lon="138.29133">
        <ele>960.517506430532</ele>
      </trkpt>
      <trkpt lat="36.856777" lon="138.291327">
        <ele>960.3528573107644</ele>
      </trkpt>
      <trkpt lat="36.856738" lon="138.291324">
        <ele>960.133862194978</ele>
      </trkpt>
      <trkpt lat="36.856698" lon="138.291325">
        <ele>959.9509740775925</ele>
      </trkpt>
      <trkpt lat="36.856686" lon="138.291333">
        <ele>959.8339848887745</ele>
      </trkpt>
      <trkpt lat="36.856672" lon="138.291337">
        <ele>959.8188085272664</ele>
      </trkpt>
      <trkpt lat="36.856658" lon="138.291338">
        <ele>959.8285677541185</ele>
      </trkpt>
      <trkpt lat="36.856648" lon="138.291337">
        <ele>959.8487017886512</ele>
      </trkpt>
      <trkpt lat="36.856636" lon="138.291341">
        <ele>959.834427280751</ele>
      </trkpt>
      <trkpt lat="36.85663" lon="138.29135">
        <ele>959.7824052986467</ele>
      </trkpt>
      <trkpt lat="36.85662" lon="138.291361">
        <ele>959.8097822536726</ele>
      </trkpt>
      <trkpt lat="36.85661" lon="138.291363">
        <ele>959.8717543558131</ele>
      </trkpt>
      <trkpt lat="36.856592" lon="138.291369">
        <ele>960.016533732422</ele>
      </trkpt>
      <trkpt lat="36.85658" lon="138.291367">
        <ele>960.104287053286</ele>
      </trkpt>
      <trkpt lat="36.856559" lon="138.291371">
        <ele>960.2720703821733</ele>
      </trkpt>
      <trkpt lat="36.856547" lon="138.291361">
        <ele>960.3476085872398</ele>
      </trkpt>
      <trkpt lat="36.856543" lon="138.291346">
        <ele>960.3864024510372</ele>
      </trkpt>
      <trkpt lat="36.85654" lon="138.291328">
        <ele>960.5205038834515</ele>
      </trkpt>
      <trkpt lat="36.856532" lon="138.291311">
        <ele>960.6972424872982</ele>
      </trkpt>
      <trkpt lat="36.856519" lon="138.291297">
        <ele>960.8991497496435</ele>
      </trkpt>
      <trkpt lat="36.856511" lon="138.291281">
        <ele>961.0508169775643</ele>
      </trkpt>
      <trkpt lat="36.856507" lon="138.29127">
        <ele>961.1366180177447</ele>
      </trkpt>
      <trkpt lat="36.856497" lon="138.291262">
        <ele>961.2693075844857</ele>
      </trkpt>
      <trkpt lat="36.856477" lon="138.291269">
        <ele>961.4131434471572</ele>
      </trkpt>
      <trkpt lat="36.856465" lon="138.291288">
        <ele>961.4809820316184</ele>
      </trkpt>
      <trkpt lat="36.856459" lon="138.291297">
        <ele>961.5220930759499</ele>
      </trkpt>
      <trkpt lat="36.856448" lon="138.291298">
        <ele>961.6442794173706</ele>
      </trkpt>
      <trkpt lat="36.85644" lon="138.291307">
        <ele>961.7159492551982</ele>
      </trkpt>
      <trkpt lat="36.856436" lon="138.291319">
        <ele>961.7386221923564</ele>
      </trkpt>
      <trkpt lat="36.856428" lon="138.291331">
        <ele>961.8144732156063</ele>
      </trkpt>
      <trkpt lat="36.856415" lon="138.291339">
        <ele>961.9664223401794</ele>
      </trkpt>
      <trkpt lat="36.856402" lon="138.291344">
        <ele>962.154521319608</ele>
      </trkpt>
      <trkpt lat="36.856383" lon="138.291358">
        <ele>962.4993025394548</ele>
      </trkpt>
      <trkpt lat="36.856373" lon="138.291362">
        <ele>962.6821786085741</ele>
      </trkpt>
      <trkpt lat="36.85636" lon="138.291358">
        <ele>962.8710466139895</ele>
      </trkpt>
      <trkpt lat="36.856347" lon="138.291361">
        <ele>963.0984221795877</ele>
      </trkpt>
      <trkpt lat="36.856337" lon="138.291348">
        <ele>963.1800008820674</ele>
      </trkpt>
      <trkpt lat="36.856318" lon="138.291336">
        <ele>963.4177151162162</ele>
      </trkpt>
      <trkpt lat="36.856304" lon="138.291326">
        <ele>963.5787526380259</ele>
      </trkpt>
      <trkpt lat="36.856272" lon="138.291321">
        <ele>963.999650974033</ele>
      </trkpt>
      <trkpt lat="36.856253" lon="138.291319">
        <ele>964.2828307124533</ele>
      </trkpt>
      <trkpt lat="36.856242" lon="138.291318">
        <ele>964.4454990118315</ele>
      </trkpt>
      <trkpt lat="36.856219" lon="138.291303">
        <ele>964.67240441079</ele>
      </trkpt>
      <trkpt lat="36.856206" lon="138.291295">
        <ele>964.7843812785302</ele>
      </trkpt>
      <trkpt lat="36.856191" lon="138.291289">
        <ele>964.9293131269653</ele>
      </trkpt>
      <trkpt lat="36.856176" lon="138.291286">
        <ele>965.0959745185905</ele>
      </trkpt>
      <trkpt lat="36.856164" lon="138.291284">
        <ele>965.2297579607175</ele>
      </trkpt>
      <trkpt lat="36.85615" lon="138.291287">
        <ele>965.4514768265165</ele>
      </trkpt>
      <trkpt lat="36.856139" lon="138.291287">
        <ele>965.5970946136636</ele>
      </trkpt>
      <trkpt lat="36.856128" lon="138.291287">
        <ele>965.7646129342249</ele>
      </trkpt>
      <trkpt lat="36.856098" lon="138.291296">
        <ele>966.3807579124913</ele>
      </trkpt>
      <trkpt lat="36.856086" lon="138.2913">
        <ele>966.6415357524027</ele>
      </trkpt>
      <trkpt lat="36.856078" lon="138.291305">
        <ele>966.8576961415729</ele>
      </trkpt>
      <trkpt lat="36.856074" lon="138.291312">
        <ele>967.0445794160504</ele>
      </trkpt>
      <trkpt lat="36.856059" lon="138.291324">
        <ele>967.519081690175</ele>
      </trkpt>
      <trkpt lat="36.856048" lon="138.291334">
        <ele>967.8993780409921</ele>
      </trkpt>
      <trkpt lat="36.856035" lon="138.29134">
        <ele>968.2502420041155</ele>
      </trkpt>
      <trkpt lat="36.856024" lon="138.291342">
        <ele>968.4928911016751</ele>
      </trkpt>
      <trkpt lat="36.856007" lon="138.291343">
        <ele>968.8299595734944</ele>
      </trkpt>
      <trkpt lat="36.855991" lon="138.291342">
        <ele>969.1214210119666</ele>
      </trkpt>
      <trkpt lat="36.855975" lon="138.291338">
        <ele>969.3610309793178</ele>
      </trkpt>
      <trkpt lat="36.855939" lon="138.291322">
        <ele>969.7312946598945</ele>
      </trkpt>
      <trkpt lat="36.855922" lon="138.291311">
        <ele>969.8139659021986</ele>
      </trkpt>
      <trkpt lat="36.855901" lon="138.291293">
        <ele>969.8130193243043</ele>
      </trkpt>
      <trkpt lat="36.855878" lon="138.291285">
        <ele>970.0712969802796</ele>
      </trkpt>
      <trkpt lat="36.855864" lon="138.291276">
        <ele>970.1370756030095</ele>
      </trkpt>
      <trkpt lat="36.855844" lon="138.291266">
        <ele>970.3205023393048</ele>
      </trkpt>
      <trkpt lat="36.855826" lon="138.291257">
        <ele>970.51887348937</ele>
      </trkpt>
      <trkpt lat="36.855809" lon="138.29125">
        <ele>970.7430883836013</ele>
      </trkpt>
      <trkpt lat="36.855792" lon="138.291242">
        <ele>970.9517533913731</ele>
      </trkpt>
      <trkpt lat="36.855759" lon="138.291234">
        <ele>971.5327060401451</ele>
      </trkpt>
      <trkpt lat="36.855729" lon="138.291231">
        <ele>972.1355158638453</ele>
      </trkpt>
      <trkpt lat="36.855697" lon="138.291223">
        <ele>972.7539134375411</ele>
      </trkpt>
      <trkpt lat="36.855683" lon="138.291221">
        <ele>973.0561749242858</ele>
      </trkpt>
      <trkpt lat="36.855672" lon="138.291222">
        <ele>973.3369749046141</ele>
      </trkpt>
      <trkpt lat="36.855661" lon="138.291226">
        <ele>973.6665912466037</ele>
      </trkpt>
      <trkpt lat="36.85565" lon="138.291227">
        <ele>973.9510716053198</ele>
      </trkpt>
      <trkpt lat="36.855622" lon="138.291222">
        <ele>974.5626115698374</ele>
      </trkpt>
      <trkpt lat="36.855608" lon="138.291217">
        <ele>974.8276035011054</ele>
      </trkpt>
      <trkpt lat="36.855591" lon="138.291213">
        <ele>975.1831667822094</ele>
      </trkpt>
      <trkpt lat="36.855546" lon="138.291202">
        <ele>976.2039192214703</ele>
      </trkpt>
      <trkpt lat="36.855519" lon="138.291202">
        <ele>976.9286737285321</ele>
      </trkpt>
      <trkpt lat="36.855503" lon="138.2912">
        <ele>977.3034667390474</ele>
      </trkpt>
      <trkpt lat="36.855485" lon="138.29121">
        <ele>977.9013345146951</ele>
      </trkpt>
      <trkpt lat="36.855466" lon="138.291212">
        <ele>978.4117909062873</ele>
      </trkpt>
      <trkpt lat="36.855452" lon="138.291213">
        <ele>978.7815837233468</ele>
      </trkpt>
      <trkpt lat="36.855443" lon="138.291217">
        <ele>979.0762821574237</ele>
      </trkpt>
      <trkpt lat="36.855427" lon="138.291215">
        <ele>979.4653409865227</ele>
      </trkpt>
      <trkpt lat="36.855411" lon="138.291216">
        <ele>979.8998380198618</ele>
      </trkpt>
      <trkpt lat="36.855402" lon="138.291218">
        <ele>980.1660150781747</ele>
      </trkpt>
      <trkpt lat="36.855388" lon="138.291214">
        <ele>980.4723626407803</ele>
      </trkpt>
      <trkpt lat="36.855373" lon="138.29122">
        <ele>980.9321439399434</ele>
      </trkpt>
      <trkpt lat="36.855356" lon="138.29123">
        <ele>981.487844745212</ele>
      </trkpt>
      <trkpt lat="36.855336" lon="138.29123">
        <ele>981.9601243591255</ele>
      </trkpt>
      <trkpt lat="36.855321" lon="138.291236">
        <ele>982.4174776835139</ele>
      </trkpt>
      <trkpt lat="36.855305" lon="138.291237">
        <ele>982.8010518384635</ele>
      </trkpt>
      <trkpt lat="36.855296" lon="138.291237">
        <ele>982.9976222849455</ele>
      </trkpt>
      <trkpt lat="36.855304" lon="138.291247">
        <ele>982.9976556669227</ele>
      </trkpt>
      <trkpt lat="36.855315" lon="138.291249">
        <ele>982.7865074373312</ele>
      </trkpt>
      <trkpt lat="36.855327" lon="138.291248">
        <ele>982.4784168915534</ele>
      </trkpt>
      <trkpt lat="36.85534" lon="138.291256">
        <ele>982.2958634965825</ele>
      </trkpt>
      <trkpt lat="36.855349" lon="138.291265">
        <ele>982.2224408086687</ele>
      </trkpt>
      <trkpt lat="36.855339" lon="138.291267">
        <ele>982.5042711054285</ele>
      </trkpt>
      <trkpt lat="36.855322" lon="138.291281">
        <ele>983.1684945338308</ele>
      </trkpt>
      <trkpt lat="36.855307" lon="138.29129">
        <ele>983.6886143773413</ele>
      </trkpt>
      <trkpt lat="36.855288" lon="138.291302">
        <ele>984.3403512182194</ele>
      </trkpt>
      <trkpt lat="36.855273" lon="138.291304">
        <ele>984.725160113536</ele>
      </trkpt>
      <trkpt lat="36.855262" lon="138.291306">
        <ele>985.0188830515161</ele>
      </trkpt>
      <trkpt lat="36.85524" lon="138.291299">
        <ele>985.3754222541122</ele>
      </trkpt>
      <trkpt lat="36.855231" lon="138.291295">
        <ele>985.4665574206048</ele>
      </trkpt>
      <trkpt lat="36.85522" lon="138.291291">
        <ele>985.595550539485</ele>
      </trkpt>
      <trkpt lat="36.855203" lon="138.291291">
        <ele>985.9173432658436</ele>
      </trkpt>
      <trkpt lat="36.855184" lon="138.291289">
        <ele>986.237381004357</ele>
      </trkpt>
      <trkpt lat="36.855165" lon="138.291296">
        <ele>986.7115222323613</ele>
      </trkpt>
      <trkpt lat="36.855153" lon="138.291301">
        <ele>987.0112412953574</ele>
      </trkpt>
      <trkpt lat="36.855137" lon="138.291306">
        <ele>987.3799418490753</ele>
      </trkpt>
      <trkpt lat="36.855118" lon="138.291306">
        <ele>987.6979342706629</ele>
      </trkpt>
      <trkpt lat="36.855103" lon="138.291301">
        <ele>987.8364045424391</ele>
      </trkpt>
      <trkpt lat="36.855089" lon="138.291295">
        <ele>987.9144257102631</ele>
      </trkpt>
      <trkpt lat="36.85508" lon="138.291292">
        <ele>987.9825577439744</ele>
      </trkpt>
      <trkpt lat="36.855068" lon="138.291295">
        <ele>988.2202010720973</ele>
      </trkpt>
      <trkpt lat="36.855056" lon="138.291289">
        <ele>988.2691006922166</ele>
      </trkpt>
      <trkpt lat="36.855034" lon="138.291275">
        <ele>988.285315588441</ele>
      </trkpt>
      <trkpt lat="36.855018" lon="138.291266">
        <ele>988.283015075273</ele>
      </trkpt>
      <trkpt lat="36.854993" lon="138.291251">
        <ele>988.2346078132998</ele>
      </trkpt>
      <trkpt lat="36.854982" lon="138.291244">
        <ele>988.1988036542193</ele>
      </trkpt>
      <trkpt lat="36.854969" lon="138.291247">
        <ele>988.4153268652512</ele>
      </trkpt>
      <trkpt lat="36.854943" lon="138.291247">
        <ele>988.6424739129387</ele>
      </trkpt>
      <trkpt lat="36.854926" lon="138.291246">
        <ele>988.7676914066556</ele>
      </trkpt>
      <trkpt lat="36.854909" lon="138.291248">
        <ele>988.9628139322638</ele>
      </trkpt>
      <trkpt lat="36.854897" lon="138.29125">
        <ele>989.1142543363865</ele>
      </trkpt>
      <trkpt lat="36.854879" lon="138.291258">
        <ele>989.4579233556065</ele>
      </trkpt>
      <trkpt lat="36.85487" lon="138.291272">
        <ele>989.8627747413244</ele>
      </trkpt>
      <trkpt lat="36.854849" lon="138.291288">
        <ele>990.4190664541445</ele>
      </trkpt>
      <trkpt lat="36.854842" lon="138.291298">
        <ele>990.7132382297425</ele>
      </trkpt>
      <trkpt lat="36.854827" lon="138.291304">
        <ele>990.9807786172948</ele>
      </trkpt>
      <trkpt lat="36.854814" lon="138.291302">
        <ele>991.0394396565154</ele>
      </trkpt>
      <trkpt lat="36.854802" lon="138.29131">
        <ele>991.3188196707572</ele>
      </trkpt>
      <trkpt lat="36.854786" lon="138.291318">
        <ele>991.6261953317518</ele>
      </trkpt>
      <trkpt lat="36.854768" lon="138.291328">
        <ele>991.9890205595862</ele>
      </trkpt>
      <trkpt lat="36.854757" lon="138.291334">
        <ele>992.2126487560106</ele>
      </trkpt>
      <trkpt lat="36.854738" lon="138.291338">
        <ele>992.4671867937318</ele>
      </trkpt>
      <trkpt lat="36.854724" lon="138.291342">
        <ele>992.6780427994208</ele>
      </trkpt>
      <trkpt lat="36.854708" lon="138.291344">
        <ele>992.8620983681645</ele>
      </trkpt>
      <trkpt lat="36.854689" lon="138.291351">
        <ele>993.1579801922678</ele>
      </trkpt>
      <trkpt lat="36.854671" lon="138.291352">
        <ele>993.2800116229636</ele>
      </trkpt>
      <trkpt lat="36.854661" lon="138.291364">
        <ele>993.5412431445915</ele>
      </trkpt>
      <trkpt lat="36.854647" lon="138.291374">
        <ele>993.7974141289745</ele>
      </trkpt>
      <trkpt lat="36.854634" lon="138.291376">
        <ele>993.9132266418926</ele>
      </trkpt>
      <trkpt lat="36.854609" lon="138.291378">
        <ele>994.0893352540452</ele>
      </trkpt>
      <trkpt lat="36.854593" lon="138.29138">
        <ele>994.2086030706985</ele>
      </trkpt>
      <trkpt lat="36.854579" lon="138.291382">
        <ele>994.3162423440756</ele>
      </trkpt>
      <trkpt lat="36.854555" lon="138.291388">
        <ele>994.5308218151565</ele>
      </trkpt>
      <trkpt lat="36.854543" lon="138.291394">
        <ele>994.637982083885</ele>
      </trkpt>
      <trkpt lat="36.854533" lon="138.291396">
        <ele>994.6789871470456</ele>
      </trkpt>
      <trkpt lat="36.854519" lon="138.291396">
        <ele>994.6900520798852</ele>
      </trkpt>
      <trkpt lat="36.854501" lon="138.291406">
        <ele>994.876911145195</ele>
      </trkpt>
      <trkpt lat="36.854483" lon="138.29141">
        <ele>994.9453453942498</ele>
      </trkpt>
      <trkpt lat="36.854453" lon="138.291422">
        <ele>995.0733276352933</ele>
      </trkpt>
      <trkpt lat="36.854437" lon="138.291426">
        <ele>995.0967420378192</ele>
      </trkpt>
      <trkpt lat="36.854405" lon="138.29143">
        <ele>995.0056864135032</ele>
      </trkpt>
      <trkpt lat="36.854376" lon="138.291448">
        <ele>995.0502704506191</ele>
      </trkpt>
      <trkpt lat="36.854347" lon="138.291474">
        <ele>995.151796000089</ele>
      </trkpt>
      <trkpt lat="36.854314" lon="138.291504">
        <ele>995.1924471001432</ele>
      </trkpt>
      <trkpt lat="36.854302" lon="138.29152">
        <ele>995.285041418101</ele>
      </trkpt>
      <trkpt lat="36.854291" lon="138.291534">
        <ele>995.2929939165251</ele>
      </trkpt>
      <trkpt lat="36.854276" lon="138.291551">
        <ele>995.2507566620601</ele>
      </trkpt>
      <trkpt lat="36.854238" lon="138.291584">
        <ele>994.9665893175647</ele>
      </trkpt>
      <trkpt lat="36.854198" lon="138.291618">
        <ele>994.6097412978776</ele>
      </trkpt>
      <trkpt lat="36.854178" lon="138.291629">
        <ele>994.3569778468468</ele>
      </trkpt>
      <trkpt lat="36.854154" lon="138.29164">
        <ele>994.0459722490989</ele>
      </trkpt>
      <trkpt lat="36.854127" lon="138.291646">
        <ele>993.6475243609872</ele>
      </trkpt>
      <trkpt lat="36.854102" lon="138.291654">
        <ele>993.2750713206134</ele>
      </trkpt>
      <trkpt lat="36.854076" lon="138.291661">
        <ele>992.8834489684923</ele>
      </trkpt>
      <trkpt lat="36.85402" lon="138.291678">
        <ele>992.1135888542505</ele>
      </trkpt>
      <trkpt lat="36.853972" lon="138.291696">
        <ele>991.530417320188</ele>
      </trkpt>
      <trkpt lat="36.85392" lon="138.291713">
        <ele>990.9127252846704</ele>
      </trkpt>
      <trkpt lat="36.853896" lon="138.291723">
        <ele>990.6836571997461</ele>
      </trkpt>
      <trkpt lat="36.853847" lon="138.291746">
        <ele>990.368317776052</ele>
      </trkpt>
      <trkpt lat="36.853824" lon="138.291759">
        <ele>990.3115114373234</ele>
      </trkpt>
      <trkpt lat="36.853778" lon="138.291787">
        <ele>990.3165990192513</ele>
      </trkpt>
      <trkpt lat="36.853756" lon="138.2918">
        <ele>990.3581797407999</ele>
      </trkpt>
      <trkpt lat="36.853713" lon="138.291827">
        <ele>990.5147998514993</ele>
      </trkpt>
      <trkpt lat="36.853693" lon="138.291839">
        <ele>990.6104356412186</ele>
      </trkpt>
      <trkpt lat="36.853676" lon="138.291851">
        <ele>990.7061596555276</ele>
      </trkpt>
      <trkpt lat="36.853658" lon="138.291867">
        <ele>990.833864706076</ele>
      </trkpt>
      <trkpt lat="36.853638" lon="138.291881">
        <ele>990.9609796686677</ele>
      </trkpt>
      <trkpt lat="36.8536" lon="138.291907">
        <ele>991.226617764674</ele>
      </trkpt>
      <trkpt lat="36.853582" lon="138.291925">
        <ele>991.3316609750744</ele>
      </trkpt>
      <trkpt lat="36.85354" lon="138.291955">
        <ele>991.491052476601</ele>
      </trkpt>
      <trkpt lat="36.8535" lon="138.291988">
        <ele>991.6492107267131</ele>
      </trkpt>
      <trkpt lat="36.853481" lon="138.292003">
        <ele>991.7156273443541</ele>
      </trkpt>
      <trkpt lat="36.85344" lon="138.292031">
        <ele>991.7941087288791</ele>
      </trkpt>
      <trkpt lat="36.853392" lon="138.292051">
        <ele>991.7825895822616</ele>
      </trkpt>
      <trkpt lat="36.853348" lon="138.292071">
        <ele>991.7951840846599</ele>
      </trkpt>
      <trkpt lat="36.853326" lon="138.292083">
        <ele>991.7872512858064</ele>
      </trkpt>
      <trkpt lat="36.853282" lon="138.292106">
        <ele>991.783179251591</ele>
      </trkpt>
      <trkpt lat="36.853238" lon="138.292125">
        <ele>991.7927466666335</ele>
      </trkpt>
      <trkpt lat="36.853214" lon="138.292133">
        <ele>991.7741053155632</ele>
      </trkpt>
      <trkpt lat="36.853188" lon="138.292136">
        <ele>991.7671148088772</ele>
      </trkpt>
      <trkpt lat="36.853133" lon="138.292118">
        <ele>991.8090578489016</ele>
      </trkpt>
      <trkpt lat="36.853096" lon="138.292088">
        <ele>991.8898073230237</ele>
      </trkpt>
      <trkpt lat="36.853078" lon="138.292074">
        <ele>991.9415323831624</ele>
      </trkpt>
      <trkpt lat="36.853062" lon="138.292057">
        <ele>992.0093884847391</ele>
      </trkpt>
      <trkpt lat="36.853046" lon="138.292043">
        <ele>992.075709025162</ele>
      </trkpt>
      <trkpt lat="36.853017" lon="138.292013">
        <ele>992.0845522366005</ele>
      </trkpt>
      <trkpt lat="36.853" lon="138.291993">
        <ele>992.0835693264596</ele>
      </trkpt>
      <trkpt lat="36.852982" lon="138.291974">
        <ele>992.0952678941662</ele>
      </trkpt>
      <trkpt lat="36.852947" lon="138.291936">
        <ele>992.1259908907325</ele>
      </trkpt>
      <trkpt lat="36.852926" lon="138.291915">
        <ele>992.154466412182</ele>
      </trkpt>
      <trkpt lat="36.85291" lon="138.291887">
        <ele>992.1957690842041</ele>
      </trkpt>
      <trkpt lat="36.852898" lon="138.291829">
        <ele>992.0638081500064</ele>
      </trkpt>
      <trkpt lat="36.852895" lon="138.2918">
        <ele>991.9502318117487</ele>
      </trkpt>
      <trkpt lat="36.852888" lon="138.291768">
        <ele>991.8368880790679</ele>
      </trkpt>
      <trkpt lat="36.852865" lon="138.291711">
        <ele>991.6983022779712</ele>
      </trkpt>
      <trkpt lat="36.852855" lon="138.291687">
        <ele>991.6741600390737</ele>
      </trkpt>
      <trkpt lat="36.852826" lon="138.291639">
        <ele>991.8241548854286</ele>
      </trkpt>
      <trkpt lat="36.852807" lon="138.291601">
        <ele>991.9891640600849</ele>
      </trkpt>
      <trkpt lat="36.852797" lon="138.29158">
        <ele>992.1302945415218</ele>
      </trkpt>
      <trkpt lat="36.852787" lon="138.29156">
        <ele>992.2912600333452</ele>
      </trkpt>
      <trkpt lat="36.852768" lon="138.291523">
        <ele>992.6406927545037</ele>
      </trkpt>
      <trkpt lat="36.852745" lon="138.291498">
        <ele>993.0585284472822</ele>
      </trkpt>
      <trkpt lat="36.852733" lon="138.291483">
        <ele>993.3116623339163</ele>
      </trkpt>
      <trkpt lat="36.852711" lon="138.291454">
        <ele>993.833183635375</ele>
      </trkpt>
      <trkpt lat="36.852701" lon="138.291437">
        <ele>994.113651152475</ele>
      </trkpt>
      <trkpt lat="36.852685" lon="138.291405">
        <ele>994.6238476673993</ele>
      </trkpt>
      <trkpt lat="36.852675" lon="138.291383">
        <ele>994.9798731938076</ele>
      </trkpt>
      <trkpt lat="36.852667" lon="138.291365">
        <ele>995.2791898431824</ele>
      </trkpt>
      <trkpt lat="36.852646" lon="138.291326">
        <ele>996.0649310727606</ele>
      </trkpt>
      <trkpt lat="36.852637" lon="138.291307">
        <ele>996.4435480042362</ele>
      </trkpt>
      <trkpt lat="36.852628" lon="138.291282">
        <ele>996.8654012884015</ele>
      </trkpt>
      <trkpt lat="36.852617" lon="138.291255">
        <ele>997.3341174983889</ele>
      </trkpt>
      <trkpt lat="36.852596" lon="138.291205">
        <ele>998.250102869049</ele>
      </trkpt>
      <trkpt lat="36.852577" lon="138.291176">
        <ele>998.8690502734456</ele>
      </trkpt>
      <trkpt lat="36.852575" lon="138.291162">
        <ele>999.060585143859</ele>
      </trkpt>
      <trkpt lat="36.852572" lon="138.291151">
        <ele>999.2284824596147</ele>
      </trkpt>
      <trkpt lat="36.852568" lon="138.291134">
        <ele>999.4778911328847</ele>
      </trkpt>
      <trkpt lat="36.852563" lon="138.291112">
        <ele>999.7853473345573</ele>
      </trkpt>
      <trkpt lat="36.852563" lon="138.291088">
        <ele>1000.0587493494852</ele>
      </trkpt>
      <trkpt lat="36.852566" lon="138.291071">
        <ele>1000.2130643103892</ele>
      </trkpt>
      <trkpt lat="36.852569" lon="138.291056">
        <ele>1000.3393545540673</ele>
      </trkpt>
      <trkpt lat="36.852565" lon="138.291035">
        <ele>1000.5999343768236</ele>
      </trkpt>
      <trkpt lat="36.852547" lon="138.291016">
        <ele>1000.9302060758243</ele>
      </trkpt>
      <trkpt lat="36.852517" lon="138.29099">
        <ele>1001.389279137825</ele>
      </trkpt>
      <trkpt lat="36.852505" lon="138.290979">
        <ele>1001.564617445137</ele>
      </trkpt>
      <trkpt lat="36.85249" lon="138.290969">
        <ele>1001.7319397699098</ele>
      </trkpt>
      <trkpt lat="36.852468" lon="138.290942">
        <ele>1002.0482382898692</ele>
      </trkpt>
      <trkpt lat="36.852462" lon="138.290921">
        <ele>1002.2457141235946</ele>
      </trkpt>
      <trkpt lat="36.852459" lon="138.290902">
        <ele>1002.3925029554878</ele>
      </trkpt>
      <trkpt lat="36.852464" lon="138.290882">
        <ele>1002.510472739209</ele>
      </trkpt>
      <trkpt lat="36.852482" lon="138.290833">
        <ele>1002.7714143367218</ele>
      </trkpt>
      <trkpt lat="36.852491" lon="138.290804">
        <ele>1002.8698599657923</ele>
      </trkpt>
      <trkpt lat="36.8525" lon="138.290777">
        <ele>1002.9455009837067</ele>
      </trkpt>
      <trkpt lat="36.852512" lon="138.290716">
        <ele>1003.0648971717812</ele>
      </trkpt>
      <trkpt lat="36.852526" lon="138.29069">
        <ele>1003.0235598550187</ele>
      </trkpt>
      <trkpt lat="36.852538" lon="138.290667">
        <ele>1002.9897922607149</ele>
      </trkpt>
      <trkpt lat="36.852552" lon="138.29062">
        <ele>1002.8479121892722</ele>
      </trkpt>
      <trkpt lat="36.852565" lon="138.290572">
        <ele>1002.6858475500261</ele>
      </trkpt>
      <trkpt lat="36.85257" lon="138.290546">
        <ele>1002.56097104138</ele>
      </trkpt>
      <trkpt lat="36.852576" lon="138.290519">
        <ele>1002.430910597667</ele>
      </trkpt>
      <trkpt lat="36.852578" lon="138.290492">
        <ele>1002.3297036623723</ele>
      </trkpt>
      <trkpt lat="36.852576" lon="138.290466">
        <ele>1002.1921695314359</ele>
      </trkpt>
      <trkpt lat="36.852567" lon="138.290439">
        <ele>1002.0873000457897</ele>
      </trkpt>
      <trkpt lat="36.852554" lon="138.290412">
        <ele>1002.0223624278806</ele>
      </trkpt>
      <trkpt lat="36.852535" lon="138.290385">
        <ele>1001.9929346266085</ele>
      </trkpt>
      <trkpt lat="36.852497" lon="138.290354">
        <ele>1002.0399387482801</ele>
      </trkpt>
      <trkpt lat="36.852455" lon="138.290336">
        <ele>1002.1215395196448</ele>
      </trkpt>
      <trkpt lat="36.85242" lon="138.290324">
        <ele>1002.190070783147</ele>
      </trkpt>
      <trkpt lat="36.852401" lon="138.290321">
        <ele>1002.2728579415027</ele>
      </trkpt>
      <trkpt lat="36.852377" lon="138.290322">
        <ele>1002.4234569892785</ele>
      </trkpt>
      <trkpt lat="36.852333" lon="138.290328">
        <ele>1002.7126391166829</ele>
      </trkpt>
      <trkpt lat="36.852285" lon="138.290326">
        <ele>1002.9095883597722</ele>
      </trkpt>
      <trkpt lat="36.85226" lon="138.290321">
        <ele>1002.9548867854838</ele>
      </trkpt>
      <trkpt lat="36.852238" lon="138.290316">
        <ele>1002.9719150097733</ele>
      </trkpt>
      <trkpt lat="36.852189" lon="138.290311">
        <ele>1003.0005356185609</ele>
      </trkpt>
      <trkpt lat="36.852132" lon="138.290295">
        <ele>1002.7950584708017</ele>
      </trkpt>
      <trkpt lat="36.852089" lon="138.290267">
        <ele>1002.3199398081905</ele>
      </trkpt>
      <trkpt lat="36.852039" lon="138.29024">
        <ele>1001.8190798223027</ele>
      </trkpt>
      <trkpt lat="36.851994" lon="138.290218">
        <ele>1001.4351548354614</ele>
      </trkpt>
      <trkpt lat="36.851956" lon="138.290188">
        <ele>1000.8906531102257</ele>
      </trkpt>
      <trkpt lat="36.851935" lon="138.29017">
        <ele>1000.5267971161314</ele>
      </trkpt>
      <trkpt lat="36.851919" lon="138.290155">
        <ele>1000.2052334241656</ele>
      </trkpt>
      <trkpt lat="36.851904" lon="138.290142">
        <ele>999.9157081000043</ele>
      </trkpt>
      <trkpt lat="36.851882" lon="138.290137">
        <ele>999.7788182252787</ele>
      </trkpt>
      <trkpt lat="36.851838" lon="138.290131">
        <ele>999.5773608131635</ele>
      </trkpt>
      <trkpt lat="36.851817" lon="138.290127">
        <ele>999.4527390275143</ele>
      </trkpt>
      <trkpt lat="36.851802" lon="138.290125">
        <ele>999.3664388501293</ele>
      </trkpt>
      <trkpt lat="36.85179" lon="138.290134">
        <ele>999.5275377273989</ele>
      </trkpt>
      <trkpt lat="36.85177" lon="138.290137">
        <ele>999.530420986287</ele>
      </trkpt>
      <trkpt lat="36.851744" lon="138.290139">
        <ele>999.4939456425029</ele>
      </trkpt>
      <trkpt lat="36.851694" lon="138.29013">
        <ele>999.0442620224636</ele>
      </trkpt>
      <trkpt lat="36.851668" lon="138.290123">
        <ele>998.729551687601</ele>
      </trkpt>
      <trkpt lat="36.85162" lon="138.290103">
        <ele>997.8294557236117</ele>
      </trkpt>
      <trkpt lat="36.851592" lon="138.290098">
        <ele>997.4620748264257</ele>
      </trkpt>
      <trkpt lat="36.851564" lon="138.290093">
        <ele>997.0834810272796</ele>
      </trkpt>
      <trkpt lat="36.851508" lon="138.290083">
        <ele>996.2567574430493</ele>
      </trkpt>
      <trkpt lat="36.851452" lon="138.290075">
        <ele>995.4167406413942</ele>
      </trkpt>
      <trkpt lat="36.851428" lon="138.290066">
        <ele>994.9204737544529</ele>
      </trkpt>
      <trkpt lat="36.851374" lon="138.290045">
        <ele>993.8026509997904</ele>
      </trkpt>
      <trkpt lat="36.851346" lon="138.290032">
        <ele>993.1689142947556</ele>
      </trkpt>
      <trkpt lat="36.851292" lon="138.289999">
        <ele>991.7198187263142</ele>
      </trkpt>
      <trkpt lat="36.851244" lon="138.289967">
        <ele>990.368619126749</ele>
      </trkpt>
      <trkpt lat="36.851216" lon="138.289947">
        <ele>989.5453896257732</ele>
      </trkpt>
      <trkpt lat="36.85119" lon="138.289925">
        <ele>988.7297410792695</ele>
      </trkpt>
      <trkpt lat="36.85114" lon="138.289911">
        <ele>987.8604702821058</ele>
      </trkpt>
      <trkpt lat="36.851116" lon="138.289903">
        <ele>987.4085305982128</ele>
      </trkpt>
      <trkpt lat="36.851052" lon="138.289875">
        <ele>986.0634414030079</ele>
      </trkpt>
      <trkpt lat="36.85102" lon="138.289862">
        <ele>985.3877274786322</ele>
      </trkpt>
      <trkpt lat="36.850988" lon="138.289845">
        <ele>984.6886553499705</ele>
      </trkpt>
      <trkpt lat="36.850958" lon="138.289832">
        <ele>984.1128424668824</ele>
      </trkpt>
      <trkpt lat="36.850934" lon="138.289814">
        <ele>983.544283916783</ele>
      </trkpt>
      <trkpt lat="36.850888" lon="138.289769">
        <ele>982.3406258487379</ele>
      </trkpt>
      <trkpt lat="36.850846" lon="138.289711">
        <ele>981.0850303655033</ele>
      </trkpt>
      <trkpt lat="36.850838" lon="138.289677">
        <ele>980.6120351287547</ele>
      </trkpt>
      <trkpt lat="36.850832" lon="138.289639">
        <ele>980.1262167092424</ele>
      </trkpt>
      <trkpt lat="36.850822" lon="138.289576">
        <ele>979.43706550808</ele>
      </trkpt>
      <trkpt lat="36.850816" lon="138.289544">
        <ele>979.106923057768</ele>
      </trkpt>
      <trkpt lat="36.85081" lon="138.289476">
        <ele>978.6855071290556</ele>
      </trkpt>
      <trkpt lat="36.850802" lon="138.28941">
        <ele>978.3096807504612</ele>
      </trkpt>
      <trkpt lat="36.850795" lon="138.289379">
        <ele>978.1260591527761</ele>
      </trkpt>
      <trkpt lat="36.850794" lon="138.289318">
        <ele>977.9565383719969</ele>
      </trkpt>
      <trkpt lat="36.850794" lon="138.289285">
        <ele>977.8664363810752</ele>
      </trkpt>
      <trkpt lat="36.850792" lon="138.289253">
        <ele>977.7364267723747</ele>
      </trkpt>
      <trkpt lat="36.850786" lon="138.289223">
        <ele>977.597142439352</ele>
      </trkpt>
      <trkpt lat="36.850772" lon="138.28915">
        <ele>977.3483013388044</ele>
      </trkpt>
      <trkpt lat="36.850762" lon="138.289117">
        <ele>977.2446070211018</ele>
      </trkpt>
      <trkpt lat="36.850748" lon="138.289054">
        <ele>976.9102379986095</ele>
      </trkpt>
      <trkpt lat="36.850738" lon="138.289021">
        <ele>976.7401224893994</ele>
      </trkpt>
      <trkpt lat="36.850716" lon="138.288967">
        <ele>976.4873152378028</ele>
      </trkpt>
      <trkpt lat="36.850702" lon="138.288939">
        <ele>976.3535092799007</ele>
      </trkpt>
      <trkpt lat="36.850672" lon="138.28888">
        <ele>976.034869666026</ele>
      </trkpt>
      <trkpt lat="36.850656" lon="138.288861">
        <ele>975.9230274229554</ele>
      </trkpt>
      <trkpt lat="36.850636" lon="138.288839">
        <ele>975.8029361219823</ele>
      </trkpt>
      <trkpt lat="36.8506" lon="138.288803">
        <ele>975.674051567316</ele>
      </trkpt>
      <trkpt lat="36.850564" lon="138.288765">
        <ele>975.5603599825765</ele>
      </trkpt>
      <trkpt lat="36.85054" lon="138.288745">
        <ele>975.4940840974122</ele>
      </trkpt>
      <trkpt lat="36.8505" lon="138.288716">
        <ele>975.437001975902</ele>
      </trkpt>
      <trkpt lat="36.850478" lon="138.288707">
        <ele>975.43317276806</ele>
      </trkpt>
      <trkpt lat="36.850432" lon="138.288685">
        <ele>975.3912364403731</ele>
      </trkpt>
      <trkpt lat="36.85041" lon="138.288672">
        <ele>975.3795692670169</ele>
      </trkpt>
      <trkpt lat="36.850386" lon="138.288659">
        <ele>975.3737260099507</ele>
      </trkpt>
      <trkpt lat="36.850366" lon="138.288648">
        <ele>975.3655129878786</ele>
      </trkpt>
      <trkpt lat="36.850318" lon="138.288628">
        <ele>975.3188917239436</ele>
      </trkpt>
      <trkpt lat="36.85026" lon="138.288606">
        <ele>975.1071538645127</ele>
      </trkpt>
      <trkpt lat="36.850206" lon="138.288575">
        <ele>974.667048762646</ele>
      </trkpt>
      <trkpt lat="36.85018" lon="138.288558">
        <ele>974.4148372662025</ele>
      </trkpt>
      <trkpt lat="36.850154" lon="138.288545">
        <ele>974.176768609621</ele>
      </trkpt>
      <trkpt lat="36.8501" lon="138.288508">
        <ele>973.4678117024714</ele>
      </trkpt>
      <trkpt lat="36.850074" lon="138.288491">
        <ele>973.1200830674966</ele>
      </trkpt>
      <trkpt lat="36.85003" lon="138.288449">
        <ele>972.4082996642687</ele>
      </trkpt>
      <trkpt lat="36.850008" lon="138.288428">
        <ele>972.0569700201412</ele>
      </trkpt>
      <trkpt lat="36.849963" lon="138.288398">
        <ele>971.5182797062265</ele>
      </trkpt>
      <trkpt lat="36.849922" lon="138.288373">
        <ele>971.0649786504275</ele>
      </trkpt>
      <trkpt lat="36.849906" lon="138.288363">
        <ele>970.8777007864398</ele>
      </trkpt>
      <trkpt lat="36.849882" lon="138.288355">
        <ele>970.650542371348</ele>
      </trkpt>
      <trkpt lat="36.849838" lon="138.288339">
        <ele>970.2828306842197</ele>
      </trkpt>
      <trkpt lat="36.849814" lon="138.28833">
        <ele>970.0913529360841</ele>
      </trkpt>
      <trkpt lat="36.849766" lon="138.288314">
        <ele>969.7618383968265</ele>
      </trkpt>
      <trkpt lat="36.849746" lon="138.288308">
        <ele>969.6244199368599</ele>
      </trkpt>
      <trkpt lat="36.849702" lon="138.2883">
        <ele>969.371746093341</ele>
      </trkpt>
      <trkpt lat="36.849678" lon="138.288295">
        <ele>969.2226563821557</ele>
      </trkpt>
      <trkpt lat="36.849634" lon="138.288292">
        <ele>969.0665690073286</ele>
      </trkpt>
      <trkpt lat="36.849608" lon="138.288291">
        <ele>968.9821429241571</ele>
      </trkpt>
      <trkpt lat="36.849554" lon="138.288286">
        <ele>968.7714297931147</ele>
      </trkpt>
      <trkpt lat="36.849528" lon="138.288286">
        <ele>968.7015211439627</ele>
      </trkpt>
      <trkpt lat="36.849499" lon="138.288288">
        <ele>968.6572477918884</ele>
      </trkpt>
      <trkpt lat="36.849474" lon="138.28829">
        <ele>968.623810146086</ele>
      </trkpt>
      <trkpt lat="36.849422" lon="138.288278">
        <ele>968.2612253474842</ele>
      </trkpt>
      <trkpt lat="36.849398" lon="138.288273">
        <ele>968.0885285759402</ele>
      </trkpt>
      <trkpt lat="36.849374" lon="138.28827">
        <ele>967.9424881773963</ele>
      </trkpt>
      <trkpt lat="36.849348" lon="138.288264">
        <ele>967.7284907966848</ele>
      </trkpt>
      <trkpt lat="36.849292" lon="138.288241">
        <ele>966.8226808210804</ele>
      </trkpt>
      <trkpt lat="36.849243" lon="138.288217">
        <ele>965.8469262463834</ele>
      </trkpt>
      <trkpt lat="36.849196" lon="138.288184">
        <ele>964.5826798124803</ele>
      </trkpt>
      <trkpt lat="36.849151" lon="138.288157">
        <ele>963.328196803854</ele>
      </trkpt>
      <trkpt lat="36.849124" lon="138.288149">
        <ele>962.7361839551022</ele>
      </trkpt>
      <trkpt lat="36.849069" lon="138.28813">
        <ele>961.4347331469426</ele>
      </trkpt>
      <trkpt lat="36.849011" lon="138.288122">
        <ele>960.3287390192281</ele>
      </trkpt>
      <trkpt lat="36.848957" lon="138.288126">
        <ele>959.6302128872411</ele>
      </trkpt>
      <trkpt lat="36.848931" lon="138.288127">
        <ele>959.2916970999113</ele>
      </trkpt>
      <trkpt lat="36.848903" lon="138.288127">
        <ele>958.9350829305945</ele>
      </trkpt>
      <trkpt lat="36.848876" lon="138.28813">
        <ele>958.6716325122484</ele>
      </trkpt>
      <trkpt lat="36.84883" lon="138.288141">
        <ele>958.468090579613</ele>
      </trkpt>
      <trkpt lat="36.848808" lon="138.288148">
        <ele>958.447172074673</ele>
      </trkpt>
      <trkpt lat="36.848754" lon="138.288154">
        <ele>958.2097075504855</ele>
      </trkpt>
      <trkpt lat="36.848727" lon="138.288153">
        <ele>958.0179529829492</ele>
      </trkpt>
      <trkpt lat="36.848672" lon="138.288145">
        <ele>957.6962114506644</ele>
      </trkpt>
      <trkpt lat="36.848647" lon="138.288133">
        <ele>957.3653156421063</ele>
      </trkpt>
      <trkpt lat="36.848595" lon="138.2881">
        <ele>956.6039039338857</ele>
      </trkpt>
      <trkpt lat="36.848544" lon="138.288067">
        <ele>956.0766020655014</ele>
      </trkpt>
      <trkpt lat="36.848523" lon="138.288041">
        <ele>955.590241525377</ele>
      </trkpt>
      <trkpt lat="36.848502" lon="138.288021">
        <ele>955.2495895788181</ele>
      </trkpt>
      <trkpt lat="36.848468" lon="138.287978">
        <ele>954.4605656237154</ele>
      </trkpt>
      <trkpt lat="36.848455" lon="138.287989">
        <ele>954.8098295450197</ele>
      </trkpt>
      <trkpt lat="36.848439" lon="138.28796">
        <ele>954.2121358458423</ele>
      </trkpt>
      <trkpt lat="36.84843" lon="138.287884">
        <ele>952.5148288940993</ele>
      </trkpt>
      <trkpt lat="36.84847" lon="138.287818">
        <ele>950.9546681771651</ele>
      </trkpt>
      <trkpt lat="36.848548" lon="138.287741">
        <ele>949.4405266456489</ele>
      </trkpt>
      <trkpt lat="36.848652" lon="138.287668">
        <ele>948.5663044992764</ele>
      </trkpt>
      <trkpt lat="36.849029" lon="138.287279">
        <ele>946.772542391116</ele>
      </trkpt>
      <trkpt lat="36.849422" lon="138.286926">
        <ele>939.9803787264216</ele>
      </trkpt>
      <trkpt lat="36.849664" lon="138.286768">
        <ele>937.4581268438727</ele>
      </trkpt>
      <trkpt lat="36.850032" lon="138.286556">
        <ele>930.3911457794723</ele>
      </trkpt>
      <trkpt lat="36.850252" lon="138.286429">
        <ele>925.4483925400771</ele>
      </trkpt>
      <trkpt lat="36.850355" lon="138.286335">
        <ele>923.7646288929793</ele>
      </trkpt>
      <trkpt lat="36.850466" lon="138.286146">
        <ele>921.955316364453</ele>
      </trkpt>
      <trkpt lat="36.85082" lon="138.2854">
        <ele>916.7248774868442</ele>
      </trkpt>
      <trkpt lat="36.851051" lon="138.284773">
        <ele>913.7448491976659</ele>
      </trkpt>
      <trkpt lat="36.851108" lon="138.284618">
        <ele>913.5667352999817</ele>
      </trkpt>
      <trkpt lat="36.851214" lon="138.284462">
        <ele>913.7220816188837</ele>
      </trkpt>
    </trkseg>
  </trk>
</gpx>
